make: Entering directory '/workspace/shared/lean4-pr15373-head/build/release'
[  4%] Performing update step for 'cadical'
-- Already at requested tag: rel-2.1.2
[  8%] No patch step for 'cadical'
[ 12%] No configure step for 'cadical'
[ 16%] Performing build step for 'cadical'
[ 20%] No install step for 'cadical'
[ 25%] Completed 'cadical'
[ 33%] Built target cadical
[ 37%] Performing configure step for 'stage0'
-- No build type selected, default to Release
-- 64-bit machine detected
-- Checking for one of the modules 'libuv'
-- LIBUV_LDFLAGS: -L/workspace/shared/lean-deps/lib-luv-lpthread-ldl-lrt-lm
-- LIBUV_INCLUDE_DIRS: /workspace/shared/lean-deps/include
-- Found LibUV: TRUE (found suitable version "1.51.0", minimum required is "1.0.0")
-- Found OpenSSL: /usr/lib/x86_64-linux-gnu/libcrypto.so (found suitable version "3.5.7", minimum required is "3") found components: Crypto SSL
-- stage0 sha1: 72cb61cb4312fd005171ae15ae5b6cb093ebc34a
-- Configuring done (0.2s)
-- Generating done (0.1s)
-- Build files have been written to: /workspace/shared/lean4-pr15373-head/build/release/stage0
[ 41%] Performing build step for 'stage0'
[  0%] Building CXX object runtime/CMakeFiles/mimalloc_initial-exec.dir/mimalloc.cpp.o
[  1%] Building CXX object shell/CMakeFiles/leanmain.dir/lean.cpp.o
[  1%] Built target lean-headers
[  1%] Built target copy-leantar
[  2%] Building CXX object runtime/CMakeFiles/mimalloc_local-exec.dir/mimalloc.cpp.o
[  2%] Building C object shell/CMakeFiles/leanmanifest.dir/__/temp/empty.c.o
[  3%] Linking CXX static library ../lib/temp/libleanmain.a
[  5%] Linking C static library ../lib/lean/libleanmanifest.a
[  5%] Built target leanmain
[  5%] Built target leanmanifest
[  5%] Building CXX object initialize/CMakeFiles/initialize.dir/init.cpp.o
[  6%] Building CXX object CMakeFiles/leanshell.dir/util/shell.cpp.o
[  6%] Built target initialize
[  7%] Building CXX object library/constructions/CMakeFiles/constructions.dir/cases_on.cpp.o
[  7%] Linking CXX static library lib/temp/libleanshell.a
[  7%] Built target leanshell
[  7%] Building CXX object util/CMakeFiles/util.dir/name.cpp.o
[  8%] Building CXX object util/CMakeFiles/util.dir/name_set.cpp.o
[  8%] Building CXX object library/constructions/CMakeFiles/constructions.dir/init_module.cpp.o
[  8%] Built target mimalloc_initial-exec
[  8%] Built target mimalloc_local-exec
[  8%] Building CXX object kernel/CMakeFiles/kernel.dir/level.cpp.o
[ 10%] Building CXX object library/CMakeFiles/library.dir/expr_lt.cpp.o
[ 10%] Building CXX object util/CMakeFiles/util.dir/escaped.cpp.o
[ 11%] Building CXX object util/CMakeFiles/util.dir/ascii.cpp.o
[ 12%] Building CXX object util/CMakeFiles/util.dir/lbool.cpp.o
[ 14%] Building CXX object library/constructions/CMakeFiles/constructions.dir/util.cpp.o
[ 14%] Building CXX object util/CMakeFiles/util.dir/init_module.cpp.o
[ 15%] Building CXX object library/CMakeFiles/library.dir/bin_app.cpp.o
[ 16%] Building CXX object util/CMakeFiles/util.dir/list_fn.cpp.o
[ 16%] Built target constructions
[ 17%] Building CXX object kernel/CMakeFiles/kernel.dir/expr.cpp.o
[    ] Building /workspace/shared/lean4-pr15373-head/stage0/src/../stdlib//Init/Ext.c
[    ] Building /workspace/shared/lean4-pr15373-head/stage0/src/../stdlib//Init/TacticsExtra.c
[ 17%] Building CXX object library/CMakeFiles/library.dir/constants.cpp.o
[ 17%] Building CXX object util/CMakeFiles/util.dir/timeit.cpp.o
[    ] Building /workspace/shared/lean4-pr15373-head/stage0/src/../stdlib//Init/NotationExtra.c
[ 19%] Building CXX object library/CMakeFiles/library.dir/module.cpp.o
[ 19%] Building CXX object kernel/CMakeFiles/kernel.dir/expr_eq_fn.cpp.o
[ 20%] Building CXX object util/CMakeFiles/util.dir/timer.cpp.o
[ 21%] Building CXX object util/CMakeFiles/util.dir/name_generator.cpp.o
[ 23%] Building CXX object kernel/CMakeFiles/kernel.dir/for_each_fn.cpp.o
[    ] Building /workspace/shared/lean4-pr15373-head/stage0/src/../stdlib//Init/GrindInstances/Ring.c
[    ] Building /workspace/shared/lean4-pr15373-head/stage0/src/../stdlib//Init/GrindInstances/Nat.c
[    ] Building /workspace/shared/lean4-pr15373-head/stage0/src/../stdlib//Init/GrindInstances/Ring/BitVec.c
[    ] Building /workspace/shared/lean4-pr15373-head/stage0/src/../stdlib//Init/GrindInstances/Ring/Nat.c
[    ] Building /workspace/shared/lean4-pr15373-head/stage0/src/../stdlib//Init/GrindInstances/Ring/Fin.c
[    ] Building /workspace/shared/lean4-pr15373-head/stage0/src/../stdlib//Init/GrindInstances/Ring/Rat.c
[    ] Building /workspace/shared/lean4-pr15373-head/stage0/src/../stdlib//Init/GrindInstances/Ring/Int.c
[ 23%] Building CXX object library/CMakeFiles/library.dir/dynlib.cpp.o
[    ] Building /workspace/shared/lean4-pr15373-head/stage0/src/../stdlib//Init/GrindInstances/Ring/SInt.c
[    ] Building /workspace/shared/lean4-pr15373-head/stage0/src/../stdlib//Init/GrindInstances/Ring/UInt.c
[    ] Building /workspace/shared/lean4-pr15373-head/stage0/src/../stdlib//Init/WFTactics.c
[ 24%] Building CXX object library/CMakeFiles/library.dir/num.cpp.o
[ 24%] Building CXX object util/CMakeFiles/util.dir/kvmap.cpp.o
[    ] Building /workspace/shared/lean4-pr15373-head/stage0/src/../stdlib//Init/ShareCommon.c
[    ] Building /workspace/shared/lean4-pr15373-head/stage0/src/../stdlib//Init/SizeOf.c
[    ] Building /workspace/shared/lean4-pr15373-head/stage0/src/../stdlib//Init/Sym.c
[    ] Building /workspace/shared/lean4-pr15373-head/stage0/src/../stdlib//Init/While.c
[    ] Building /workspace/shared/lean4-pr15373-head/stage0/src/../stdlib//Init/Simproc.c
[ 25%] Building CXX object util/CMakeFiles/util.dir/map_foreach.cpp.o
[ 25%] Building CXX object kernel/CMakeFiles/kernel.dir/replace_fn.cpp.o
[ 25%] Building CXX object util/CMakeFiles/util.dir/options.cpp.o
[ 26%] Building CXX object library/CMakeFiles/library.dir/util.cpp.o
[    ] Building /workspace/shared/lean4-pr15373-head/stage0/src/../stdlib//Init/Omega.c
[    ] Building /workspace/shared/lean4-pr15373-head/stage0/src/../stdlib//Init/LetFun.c
[    ] Building /workspace/shared/lean4-pr15373-head/stage0/src/../stdlib//Init/ByCases.c
[    ] Building /workspace/shared/lean4-pr15373-head/stage0/src/../stdlib//Init/Internal.c
[    ] Building /workspace/shared/lean4-pr15373-head/stage0/src/../stdlib//Init/PropLemmas.c
[    ] Building /workspace/shared/lean4-pr15373-head/stage0/src/../stdlib//Init/GetElem.c
[ 28%] Building CXX object util/CMakeFiles/util.dir/option_declarations.cpp.o
[    ] Building /workspace/shared/lean4-pr15373-head/stage0/src/../stdlib//Init/MacroTrace.c
[    ] Building /workspace/shared/lean4-pr15373-head/stage0/src/../stdlib//Init/Try.c
[ 29%] Building CXX object kernel/CMakeFiles/kernel.dir/abstract.cpp.o
[    ] Building /workspace/shared/lean4-pr15373-head/stage0/src/../stdlib//Init/Syntax.c
[    ] Building /workspace/shared/lean4-pr15373-head/stage0/src/../stdlib//Init/Sym/Lemmas.c
[    ] Building /workspace/shared/lean4-pr15373-head/stage0/src/../stdlib//Init/Sym/Simp/SimprocDSL.c
[    ] Building /workspace/shared/lean4-pr15373-head/stage0/src/../stdlib//Init/Sym/DSimp/DSimprocDSL.c
[    ] Building /workspace/shared/lean4-pr15373-head/stage0/src/../stdlib//Init/SimpLemmas.c
[    ] Building /workspace/shared/lean4-pr15373-head/stage0/src/../stdlib//Init/CbvSimproc.c
[    ] Building /workspace/shared/lean4-pr15373-head/stage0/src/../stdlib//Init/Notation.c
[ 29%] Building CXX object library/CMakeFiles/library.dir/print.cpp.o
[ 30%] Building CXX object kernel/CMakeFiles/kernel.dir/instantiate.cpp.o
[ 32%] Building CXX object util/CMakeFiles/util.dir/ffi.cpp.o
[ 32%] Built target util
[ 32%] Building CXX object kernel/CMakeFiles/kernel.dir/local_ctx.cpp.o
[ 33%] Building CXX object library/CMakeFiles/library.dir/init_module.cpp.o
[ 33%] Building CXX object library/CMakeFiles/library.dir/profiling.cpp.o
[ 34%] Building CXX object kernel/CMakeFiles/kernel.dir/declaration.cpp.o
[ 35%] Building CXX object library/CMakeFiles/library.dir/time_task.cpp.o
[    ] Building /workspace/shared/lean4-pr15373-head/stage0/src/../stdlib//Init/Dynamic.c
[    ] Building /workspace/shared/lean4-pr15373-head/stage0/src/../stdlib//Init/Hints.c
[    ] Building /workspace/shared/lean4-pr15373-head/stage0/src/../stdlib//Init/Coe.c
[ 37%] Building CXX object library/CMakeFiles/library.dir/formatter.cpp.o
[    ] Building /workspace/shared/lean4-pr15373-head/stage0/src/../stdlib//Init/LawfulBEqTactics.c
[    ] Building /workspace/shared/lean4-pr15373-head/stage0/src/../stdlib//Init/BinderPredicates.c
[ 37%] Building CXX object kernel/CMakeFiles/kernel.dir/environment.cpp.o
[    ] Building /workspace/shared/lean4-pr15373-head/stage0/src/../stdlib//Init/Data.c
[    ] Building /workspace/shared/lean4-pr15373-head/stage0/src/../stdlib//Init/Grind/Annotated.c
[    ] Building /workspace/shared/lean4-pr15373-head/stage0/src/../stdlib//Init/Grind/ToInt.c
[    ] Building /workspace/shared/lean4-pr15373-head/stage0/src/../stdlib//Init/Grind/Ext.c
[    ] Building /workspace/shared/lean4-pr15373-head/stage0/src/../stdlib//Init/Grind/Ring.c
[    ] Building /workspace/shared/lean4-pr15373-head/stage0/src/../stdlib//Init/Grind/Propagator.c
[ 37%] Building CXX object library/CMakeFiles/library.dir/elab_environment.cpp.o
[    ] Building /workspace/shared/lean4-pr15373-head/stage0/src/../stdlib//Init/Grind/Lemmas.c
[ 38%] Building CXX object library/CMakeFiles/library.dir/init_attribute.cpp.o
[    ] Building /workspace/shared/lean4-pr15373-head/stage0/src/../stdlib//Init/Grind/Norm.c
[    ] Building /workspace/shared/lean4-pr15373-head/stage0/src/../stdlib//Init/Grind/Ordered/Ring.c
[    ] Building /workspace/shared/lean4-pr15373-head/stage0/src/../stdlib//Init/Grind/Ordered/Linarith.c
[ 38%] Building CXX object library/CMakeFiles/library.dir/llvm.cpp.o
[    ] Building /workspace/shared/lean4-pr15373-head/stage0/src/../stdlib//Init/Grind/Ordered/Order.c
[ 39%] Building CXX object library/CMakeFiles/library.dir/ir_interpreter.cpp.o
[ 41%] Building CXX object kernel/CMakeFiles/kernel.dir/type_checker.cpp.o
[    ] Building /workspace/shared/lean4-pr15373-head/stage0/src/../stdlib//Init/Grind/Ordered/Field.c
[    ] Building /workspace/shared/lean4-pr15373-head/stage0/src/../stdlib//Init/Grind/Ordered/Rat.c
[    ] Building /workspace/shared/lean4-pr15373-head/stage0/src/../stdlib//Init/Grind/Ordered/Module.c
[    ] Building /workspace/shared/lean4-pr15373-head/stage0/src/../stdlib//Init/Grind/Ordered/Int.c
[ 42%] Building CXX object library/CMakeFiles/library.dir/instantiate_mvars.cpp.o
[    ] Building /workspace/shared/lean4-pr15373-head/stage0/src/../stdlib//Init/Grind/Config.c
[    ] Building /workspace/shared/lean4-pr15373-head/stage0/src/../stdlib//Init/Grind/Injective.c
[    ] Building /workspace/shared/lean4-pr15373-head/stage0/src/../stdlib//Init/Grind/Module/Basic.c
[    ] Building /workspace/shared/lean4-pr15373-head/stage0/src/../stdlib//Init/Grind/Module/Envelope.c
[    ] Building /workspace/shared/lean4-pr15373-head/stage0/src/../stdlib//Init/Grind/Module/NatModuleNorm.c
[    ] Building /workspace/shared/lean4-pr15373-head/stage0/src/../stdlib//Init/Grind/Module/OfNatModule.c
[    ] Building /workspace/shared/lean4-pr15373-head/stage0/src/../stdlib//Init/Grind/Order.c
[    ] Building /workspace/shared/lean4-pr15373-head/stage0/src/../stdlib//Init/Grind/Homo.c
[    ] Building /workspace/shared/lean4-pr15373-head/stage0/src/../stdlib//Init/Grind/Offset.c
[    ] Building /workspace/shared/lean4-pr15373-head/stage0/src/../stdlib//Init/Grind/Interactive.c
[    ] Building /workspace/shared/lean4-pr15373-head/stage0/src/../stdlib//Init/Grind/Util.c
[    ] Building /workspace/shared/lean4-pr15373-head/stage0/src/../stdlib//Init/Grind/Module.c
[    ] Building /workspace/shared/lean4-pr15373-head/stage0/src/../stdlib//Init/Grind/Attr.c
[    ] Building /workspace/shared/lean4-pr15373-head/stage0/src/../stdlib//Init/Grind/Ordered.c
[    ] Building /workspace/shared/lean4-pr15373-head/stage0/src/../stdlib//Init/Grind/AC.c
[ 42%] Building CXX object runtime/CMakeFiles/leanrt_initial-exec.dir/debug.cpp.o
[    ] Building /workspace/shared/lean4-pr15373-head/stage0/src/../stdlib//Init/Grind/FieldNormNum.c
[    ] Building /workspace/shared/lean4-pr15373-head/stage0/src/../stdlib//Init/Grind/Cases.c
[ 43%] Building CXX object kernel/CMakeFiles/kernel.dir/init_module.cpp.o
[    ] Building /workspace/shared/lean4-pr15373-head/stage0/src/../stdlib//Init/Grind/PP.c
[ 43%] Built target library
[ 43%] Building CXX object runtime/CMakeFiles/leanrt.dir/debug.cpp.o
[    ] Building /workspace/shared/lean4-pr15373-head/stage0/src/../stdlib//Init/Grind/Lint.c
[    ] Building /workspace/shared/lean4-pr15373-head/stage0/src/../stdlib//Init/Grind/Homo/Int8.c
[    ] Building /workspace/shared/lean4-pr15373-head/stage0/src/../stdlib//Init/Grind/Homo/BitVec.c
[    ] Building /workspace/shared/lean4-pr15373-head/stage0/src/../stdlib//Init/Grind/Homo/UInt16.c
[    ] Building /workspace/shared/lean4-pr15373-head/stage0/src/../stdlib//Init/Grind/Homo/Fin.c
[ 44%] Building CXX object runtime/CMakeFiles/leanrt_initial-exec.dir/thread.cpp.o
[    ] Building /workspace/shared/lean4-pr15373-head/stage0/src/../stdlib//Init/Grind/Homo/Int64.c
[    ] Building /workspace/shared/lean4-pr15373-head/stage0/src/../stdlib//Init/Grind/Homo/USize.c
[    ] Building /workspace/shared/lean4-pr15373-head/stage0/src/../stdlib//Init/Grind/Homo/Extra.c
[    ] Building /workspace/shared/lean4-pr15373-head/stage0/src/../stdlib//Init/Grind/Homo/UInt8.c
[    ] Building /workspace/shared/lean4-pr15373-head/stage0/src/../stdlib//Init/Grind/Homo/Int16.c
[ 46%] Building CXX object runtime/CMakeFiles/leanrt.dir/thread.cpp.o
[    ] Building /workspace/shared/lean4-pr15373-head/stage0/src/../stdlib//Init/Grind/Homo/ISize.c
[    ] Building /workspace/shared/lean4-pr15373-head/stage0/src/../stdlib//Init/Grind/Homo/Int32.c
[    ] Building /workspace/shared/lean4-pr15373-head/stage0/src/../stdlib//Init/Grind/Homo/UInt64.c
[    ] Building /workspace/shared/lean4-pr15373-head/stage0/src/../stdlib//Init/Grind/Homo/UInt32.c
[    ] Building /workspace/shared/lean4-pr15373-head/stage0/src/../stdlib//Init/Grind/Tactics.c
[    ] Building /workspace/shared/lean4-pr15373-head/stage0/src/../stdlib//Init/Grind/Ring/Basic.c
[ 46%] Building CXX object kernel/CMakeFiles/kernel.dir/expr_cache.cpp.o
[    ] Building /workspace/shared/lean4-pr15373-head/stage0/src/../stdlib//Init/Grind/Ring/CommSemiringAdapter.c
[ 46%] Building CXX object runtime/CMakeFiles/leanrt_initial-exec.dir/mpz.cpp.o
[ 47%] Building CXX object runtime/CMakeFiles/leanrt.dir/mpz.cpp.o
[ 48%] Building CXX object kernel/CMakeFiles/kernel.dir/quot.cpp.o
[    ] Building /workspace/shared/lean4-pr15373-head/stage0/src/../stdlib//Init/Grind/Ring/Envelope.c
[    ] Building /workspace/shared/lean4-pr15373-head/stage0/src/../stdlib//Init/Grind/Ring/Field.c
[    ] Building /workspace/shared/lean4-pr15373-head/stage0/src/../stdlib//Init/Grind/Ring/OfScientific.c
[    ] Building /workspace/shared/lean4-pr15373-head/stage0/src/../stdlib//Init/Grind/Ring/CommSolver.c
[ 50%] Building CXX object runtime/CMakeFiles/leanrt_initial-exec.dir/utf8.cpp.o
[ 50%] Building CXX object runtime/CMakeFiles/leanrt.dir/utf8.cpp.o
[ 51%] Building CXX object runtime/CMakeFiles/leanrt_initial-exec.dir/object.cpp.o
[ 52%] Building CXX object runtime/CMakeFiles/leanrt.dir/object.cpp.o
[ 52%] Building CXX object kernel/CMakeFiles/kernel.dir/inductive.cpp.o
[ 52%] Building CXX object runtime/CMakeFiles/leanrt_initial-exec.dir/apply.cpp.o
[ 52%] Building CXX object runtime/CMakeFiles/leanrt.dir/apply.cpp.o
[    ] Building /workspace/shared/lean4-pr15373-head/stage0/src/../stdlib//Init/Util.c
[    ] Building /workspace/shared/lean4-pr15373-head/stage0/src/../stdlib//Init/System.c
[    ] Building /workspace/shared/lean4-pr15373-head/stage0/src/../stdlib//Init/Meta.c
[ 53%] Building CXX object kernel/CMakeFiles/kernel.dir/trace.cpp.o
[    ] Building /workspace/shared/lean4-pr15373-head/stage0/src/../stdlib//Init/MethodSpecsSimp.c
[    ] Building /workspace/shared/lean4-pr15373-head/stage0/src/../stdlib//Init/Control.c
[    ] Building /workspace/shared/lean4-pr15373-head/stage0/src/../stdlib//Init/Classical.c
[    ] Building /workspace/shared/lean4-pr15373-head/stage0/src/../stdlib//Init/Grind.c
[ 55%] Building CXX object runtime/CMakeFiles/leanrt_initial-exec.dir/exception.cpp.o
[    ] Building /workspace/shared/lean4-pr15373-head/stage0/src/../stdlib//Init/Meta/Defs.c
[ 55%] Built target kernel
[ 55%] Linking CXX static library lib/temp/libleaninitialize.a
[ 55%] Built target leaninitialize
[ 56%] Linking CXX static library lib/temp/libleancpp_1.a
[ 57%] Building CXX object runtime/CMakeFiles/leanrt.dir/exception.cpp.o
[ 57%] Built target leancpp_1
[ 57%] Linking CXX static library lib/lean/libleancpp.a
[ 57%] Built target leancpp
[ 58%] Building CXX object runtime/CMakeFiles/leanrt.dir/interrupt.cpp.o
[ 58%] Building CXX object runtime/CMakeFiles/leanrt_initial-exec.dir/interrupt.cpp.o
[    ] Building /workspace/shared/lean4-pr15373-head/stage0/src/../stdlib//Init/Control/Basic.c
[ 58%] Building CXX object runtime/CMakeFiles/leanrt.dir/memory.cpp.o
[ 60%] Building CXX object runtime/CMakeFiles/leanrt_initial-exec.dir/memory.cpp.o
[ 60%] Building CXX object runtime/CMakeFiles/leanrt_initial-exec.dir/stackinfo.cpp.o
[ 61%] Building CXX object runtime/CMakeFiles/leanrt.dir/stackinfo.cpp.o
[ 62%] Building CXX object runtime/CMakeFiles/leanrt_initial-exec.dir/compact.cpp.o
[ 64%] Building CXX object runtime/CMakeFiles/leanrt_initial-exec.dir/init_module.cpp.o
[ 64%] Building CXX object runtime/CMakeFiles/leanrt.dir/compact.cpp.o
[    ] Building /workspace/shared/lean4-pr15373-head/stage0/src/../stdlib//Init/Control/State.c
[ 64%] Building CXX object runtime/CMakeFiles/leanrt_initial-exec.dir/io.cpp.o
[ 65%] Building CXX object runtime/CMakeFiles/leanrt_initial-exec.dir/hash.cpp.o
[    ] Building /workspace/shared/lean4-pr15373-head/stage0/src/../stdlib//Init/Control/Id.c
[ 65%] Building CXX object runtime/CMakeFiles/leanrt_initial-exec.dir/byteslice.cpp.o
[    ] Building /workspace/shared/lean4-pr15373-head/stage0/src/../stdlib//Init/Control/Lawful.c
[    ] Building /workspace/shared/lean4-pr15373-head/stage0/src/../stdlib//Init/Control/Do.c
[    ] Building /workspace/shared/lean4-pr15373-head/stage0/src/../stdlib//Init/Control/Except.c
[ 66%] Building CXX object runtime/CMakeFiles/leanrt.dir/init_module.cpp.o
[ 67%] Building CXX object runtime/CMakeFiles/leanrt_initial-exec.dir/platform.cpp.o
[    ] Building /workspace/shared/lean4-pr15373-head/stage0/src/../stdlib//Init/Control/MonadAttach.c
[    ] Building /workspace/shared/lean4-pr15373-head/stage0/src/../stdlib//Init/Control/StateRef.c
[ 69%] Building CXX object runtime/CMakeFiles/leanrt_initial-exec.dir/alloc.cpp.o
[ 69%] Building CXX object runtime/CMakeFiles/leanrt_initial-exec.dir/allocprof.cpp.o
[    ] Building /workspace/shared/lean4-pr15373-head/stage0/src/../stdlib//Init/Control/StateCps.c
[ 70%] Building CXX object runtime/CMakeFiles/leanrt_initial-exec.dir/sharecommon.cpp.o
[    ] Building /workspace/shared/lean4-pr15373-head/stage0/src/../stdlib//Init/Control/ExceptCps.c
[ 71%] Building CXX object runtime/CMakeFiles/leanrt.dir/io.cpp.o
[    ] Building /workspace/shared/lean4-pr15373-head/stage0/src/../stdlib//Init/Control/Reader.c
[    ] Building /workspace/shared/lean4-pr15373-head/stage0/src/../stdlib//Init/Control/Option.c
[ 71%] Building CXX object runtime/CMakeFiles/leanrt_initial-exec.dir/stack_overflow.cpp.o
[    ] Building /workspace/shared/lean4-pr15373-head/stage0/src/../stdlib//Init/Control/Lawful/Basic.c
[ 73%] Building CXX object runtime/CMakeFiles/leanrt_initial-exec.dir/process.cpp.o
[    ] Building /workspace/shared/lean4-pr15373-head/stage0/src/../stdlib//Init/Control/Lawful/Lemmas.c
[    ] Building /workspace/shared/lean4-pr15373-head/stage0/src/../stdlib//Init/Control/Lawful/MonadAttach/Lemmas.c
[ 73%] Building CXX object runtime/CMakeFiles/leanrt.dir/hash.cpp.o
[    ] Building /workspace/shared/lean4-pr15373-head/stage0/src/../stdlib//Init/Control/Lawful/MonadAttach/Instances.c
[    ] Building /workspace/shared/lean4-pr15373-head/stage0/src/../stdlib//Init/Control/Lawful/Instances.c
[ 74%] Building CXX object runtime/CMakeFiles/leanrt.dir/byteslice.cpp.o
[    ] Building /workspace/shared/lean4-pr15373-head/stage0/src/../stdlib//Init/Control/Lawful/MonadAttach.c
[    ] Building /workspace/shared/lean4-pr15373-head/stage0/src/../stdlib//Init/Control/Lawful/MonadLift.c
[ 75%] Building CXX object runtime/CMakeFiles/leanrt_initial-exec.dir/object_ref.cpp.o
[    ] Building /workspace/shared/lean4-pr15373-head/stage0/src/../stdlib//Init/Control/Lawful/MonadLift/Basic.c
[    ] Building /workspace/shared/lean4-pr15373-head/stage0/src/../stdlib//Init/Control/Lawful/MonadLift/Lemmas.c
[    ] Building /workspace/shared/lean4-pr15373-head/stage0/src/../stdlib//Init/Control/Lawful/MonadLift/Instances.c
[    ] Building /workspace/shared/lean4-pr15373-head/stage0/src/../stdlib//Init/Control/EState.c
[ 75%] Building CXX object runtime/CMakeFiles/leanrt.dir/platform.cpp.o
[ 75%] Building CXX object runtime/CMakeFiles/leanrt_initial-exec.dir/mpn.cpp.o
[    ] Building /workspace/shared/lean4-pr15373-head/stage0/src/../stdlib//Init/Core.c
[ 76%] Building CXX object runtime/CMakeFiles/leanrt.dir/alloc.cpp.o
[ 78%] Building CXX object runtime/CMakeFiles/leanrt.dir/allocprof.cpp.o
[ 79%] Building CXX object runtime/CMakeFiles/leanrt_initial-exec.dir/mutex.cpp.o
[ 79%] Building CXX object runtime/CMakeFiles/leanrt.dir/sharecommon.cpp.o
[ 80%] Building CXX object runtime/CMakeFiles/leanrt.dir/stack_overflow.cpp.o
[    ] Building /workspace/shared/lean4-pr15373-head/stage0/src/../stdlib//Init/System/IO.c
[ 80%] Building CXX object runtime/CMakeFiles/leanrt.dir/process.cpp.o
[ 80%] Building CXX object runtime/CMakeFiles/leanrt_initial-exec.dir/libuv.cpp.o
[ 82%] Building CXX object runtime/CMakeFiles/leanrt.dir/object_ref.cpp.o
[ 82%] Building CXX object runtime/CMakeFiles/leanrt.dir/mpn.cpp.o
[ 83%] Building CXX object runtime/CMakeFiles/leanrt.dir/mutex.cpp.o
[ 84%] Building CXX object runtime/CMakeFiles/leanrt.dir/libuv.cpp.o
[ 85%] Building CXX object runtime/CMakeFiles/leanrt_initial-exec.dir/uv/net_addr.cpp.o
[ 85%] Building CXX object runtime/CMakeFiles/leanrt.dir/uv/net_addr.cpp.o
[ 87%] Building CXX object runtime/CMakeFiles/leanrt_initial-exec.dir/uv/event_loop.cpp.o
[ 88%] Building CXX object runtime/CMakeFiles/leanrt.dir/uv/event_loop.cpp.o
[ 88%] Building CXX object runtime/CMakeFiles/leanrt.dir/uv/timer.cpp.o
[    ] Building /workspace/shared/lean4-pr15373-head/stage0/src/../stdlib//Init/System/ST.c
[ 88%] Building CXX object runtime/CMakeFiles/leanrt_initial-exec.dir/uv/timer.cpp.o
[ 89%] Building CXX object runtime/CMakeFiles/leanrt.dir/uv/tcp.cpp.o
[    ] Building /workspace/shared/lean4-pr15373-head/stage0/src/../stdlib//Init/System/Uri.c
[ 91%] Building CXX object runtime/CMakeFiles/leanrt.dir/uv/udp.cpp.o
[ 92%] Building CXX object runtime/CMakeFiles/leanrt_initial-exec.dir/uv/tcp.cpp.o
[    ] Building /workspace/shared/lean4-pr15373-head/stage0/src/../stdlib//Init/System/CancelToken.c
[    ] Building /workspace/shared/lean4-pr15373-head/stage0/src/../stdlib//Init/System/Platform.c
[ 92%] Building CXX object runtime/CMakeFiles/leanrt.dir/uv/dns.cpp.o
[ 93%] Building CXX object runtime/CMakeFiles/leanrt.dir/uv/system.cpp.o
[    ] Building /workspace/shared/lean4-pr15373-head/stage0/src/../stdlib//Init/System/Promise.c
[    ] Building /workspace/shared/lean4-pr15373-head/stage0/src/../stdlib//Init/System/IOError.c
[ 93%] Building CXX object runtime/CMakeFiles/leanrt_initial-exec.dir/uv/udp.cpp.o
[ 93%] Building CXX object runtime/CMakeFiles/leanrt.dir/uv/signal.cpp.o
[    ] Building /workspace/shared/lean4-pr15373-head/stage0/src/../stdlib//Init/System/FilePath.c
[ 94%] Building CXX object runtime/CMakeFiles/leanrt.dir/openssl.cpp.o
[ 96%] Building CXX object runtime/CMakeFiles/leanrt_initial-exec.dir/uv/dns.cpp.o
[ 97%] Building CXX object runtime/CMakeFiles/leanrt_initial-exec.dir/uv/system.cpp.o
[ 98%] Linking CXX static library ../lib/lean/libleanrt.a
[ 98%] Built target leanrt
[    ] Building /workspace/shared/lean4-pr15373-head/stage0/src/../stdlib//Init/Omega/LinearCombo.c
[ 98%] Building CXX object runtime/CMakeFiles/leanrt_initial-exec.dir/uv/signal.cpp.o
[    ] Building /workspace/shared/lean4-pr15373-head/stage0/src/../stdlib//Init/Omega/Coeffs.c
[100%] Building CXX object runtime/CMakeFiles/leanrt_initial-exec.dir/openssl.cpp.o
[    ] Building /workspace/shared/lean4-pr15373-head/stage0/src/../stdlib//Init/Omega/Int.c
[    ] Building /workspace/shared/lean4-pr15373-head/stage0/src/../stdlib//Init/Omega/IntList.c
[    ] Building /workspace/shared/lean4-pr15373-head/stage0/src/../stdlib//Init/Omega/Constraint.c
[    ] Building /workspace/shared/lean4-pr15373-head/stage0/src/../stdlib//Init/Omega/Logic.c
[100%] Linking CXX static library libleanrt_initial-exec.a
[    ] Building /workspace/shared/lean4-pr15373-head/stage0/src/../stdlib//Init/GrindInstances.c
[100%] Built target leanrt_initial-exec
[    ] Building /workspace/shared/lean4-pr15373-head/stage0/src/../stdlib//Init/Internal/Order.c
[    ] Building /workspace/shared/lean4-pr15373-head/stage0/src/../stdlib//Init/Internal/Order/Basic.c
[    ] Building /workspace/shared/lean4-pr15373-head/stage0/src/../stdlib//Init/Internal/Order/Tactic.c
[    ] Building /workspace/shared/lean4-pr15373-head/stage0/src/../stdlib//Init/Internal/Order/While.c
[    ] Building /workspace/shared/lean4-pr15373-head/stage0/src/../stdlib//Init/Internal/Order/Lemmas.c
[    ] Building /workspace/shared/lean4-pr15373-head/stage0/src/../stdlib//Init/Internal/Order/MonadTail.c
[    ] Building /workspace/shared/lean4-pr15373-head/stage0/src/../stdlib//Init/BinderNameHint.c
[    ] Building /workspace/shared/lean4-pr15373-head/stage0/src/../stdlib//Init/Guard.c
[    ] Building /workspace/shared/lean4-pr15373-head/stage0/src/../stdlib//Init/WF.c
[    ] Building /workspace/shared/lean4-pr15373-head/stage0/src/../stdlib//Init/Data/Function.c
[    ] Building /workspace/shared/lean4-pr15373-head/stage0/src/../stdlib//Init/Data/Char/Basic.c
[    ] Building /workspace/shared/lean4-pr15373-head/stage0/src/../stdlib//Init/Data/Char/Lemmas.c
[    ] Building /workspace/shared/lean4-pr15373-head/stage0/src/../stdlib//Init/Data/Char/Order.c
[    ] Building /workspace/shared/lean4-pr15373-head/stage0/src/../stdlib//Init/Data/Char/Ordinal.c
[    ] Building /workspace/shared/lean4-pr15373-head/stage0/src/../stdlib//Init/Data/Repr.c
[    ] Building /workspace/shared/lean4-pr15373-head/stage0/src/../stdlib//Init/Data/Ord.c
[    ] Building /workspace/shared/lean4-pr15373-head/stage0/src/../stdlib//Init/Data/Cast.c
[    ] Building /workspace/shared/lean4-pr15373-head/stage0/src/../stdlib//Init/Data/Sum.c
[    ] Building /workspace/shared/lean4-pr15373-head/stage0/src/../stdlib//Init/Data/FloatArray.c
[    ] Building /workspace/shared/lean4-pr15373-head/stage0/src/../stdlib//Init/Data/Subtype.c
[    ] Building /workspace/shared/lean4-pr15373-head/stage0/src/../stdlib//Init/Data/FloatArray/Basic.c
[    ] Building /workspace/shared/lean4-pr15373-head/stage0/src/../stdlib//Init/Data/Vector/Zip.c
[    ] Building /workspace/shared/lean4-pr15373-head/stage0/src/../stdlib//Init/Data/Vector/OfFn.c
[    ] Building /workspace/shared/lean4-pr15373-head/stage0/src/../stdlib//Init/Data/Vector/Basic.c
[    ] Building /workspace/shared/lean4-pr15373-head/stage0/src/../stdlib//Init/Data/Vector/Algebra.c
[    ] Building /workspace/shared/lean4-pr15373-head/stage0/src/../stdlib//Init/Data/Vector/Find.c
[    ] Building /workspace/shared/lean4-pr15373-head/stage0/src/../stdlib//Init/Data/Vector/MapIdx.c
[    ] Building /workspace/shared/lean4-pr15373-head/stage0/src/../stdlib//Init/Data/Vector/DecidableEq.c
[    ] Building /workspace/shared/lean4-pr15373-head/stage0/src/../stdlib//Init/Data/Vector/Lemmas.c
[    ] Building /workspace/shared/lean4-pr15373-head/stage0/src/../stdlib//Init/Data/Vector/Nat.c
[    ] Building /workspace/shared/lean4-pr15373-head/stage0/src/../stdlib//Init/Data/Vector/Stream.c
[    ] Building /workspace/shared/lean4-pr15373-head/stage0/src/../stdlib//Init/Data/Vector/Lex.c
[    ] Building /workspace/shared/lean4-pr15373-head/stage0/src/../stdlib//Init/Data/Vector/Perm.c
[    ] Building /workspace/shared/lean4-pr15373-head/stage0/src/../stdlib//Init/Data/Vector/InsertIdx.c
[    ] Building /workspace/shared/lean4-pr15373-head/stage0/src/../stdlib//Init/Data/Vector/FinRange.c
[    ] Building /workspace/shared/lean4-pr15373-head/stage0/src/../stdlib//Init/Data/Vector/Attach.c
[    ] Building /workspace/shared/lean4-pr15373-head/stage0/src/../stdlib//Init/Data/Vector/Int.c
[    ] Building /workspace/shared/lean4-pr15373-head/stage0/src/../stdlib//Init/Data/Vector/Extract.c
[    ] Building /workspace/shared/lean4-pr15373-head/stage0/src/../stdlib//Init/Data/Vector/Erase.c
[    ] Building /workspace/shared/lean4-pr15373-head/stage0/src/../stdlib//Init/Data/Vector/Range.c
[    ] Building /workspace/shared/lean4-pr15373-head/stage0/src/../stdlib//Init/Data/Vector/Monadic.c
[    ] Building /workspace/shared/lean4-pr15373-head/stage0/src/../stdlib//Init/Data/Vector/Count.c
[    ] Building /workspace/shared/lean4-pr15373-head/stage0/src/../stdlib//Init/Data/String.c
[    ] Building /workspace/shared/lean4-pr15373-head/stage0/src/../stdlib//Init/Data/Format.c
[    ] Building /workspace/shared/lean4-pr15373-head/stage0/src/../stdlib//Init/Data/List/Zip.c
[    ] Building /workspace/shared/lean4-pr15373-head/stage0/src/../stdlib//Init/Data/List/TakeDrop.c
[    ] Building /workspace/shared/lean4-pr15373-head/stage0/src/../stdlib//Init/Data/List/OfFn.c
[    ] Building /workspace/shared/lean4-pr15373-head/stage0/src/../stdlib//Init/Data/List/Basic.c
[    ] Building /workspace/shared/lean4-pr15373-head/stage0/src/../stdlib//Init/Data/List/Sort.c
[    ] Building /workspace/shared/lean4-pr15373-head/stage0/src/../stdlib//Init/Data/List/MinMaxIdx.c
[    ] Building /workspace/shared/lean4-pr15373-head/stage0/src/../stdlib//Init/Data/List/BasicAux.c
[    ] Building /workspace/shared/lean4-pr15373-head/stage0/src/../stdlib//Init/Data/List/Find.c
[    ] Building /workspace/shared/lean4-pr15373-head/stage0/src/../stdlib//Init/Data/List/MapIdx.c
[    ] Building /workspace/shared/lean4-pr15373-head/stage0/src/../stdlib//Init/Data/List/Lemmas.c
[    ] Building /workspace/shared/lean4-pr15373-head/stage0/src/../stdlib//Init/Data/List/Nat.c
[    ] Building /workspace/shared/lean4-pr15373-head/stage0/src/../stdlib//Init/Data/List/MinMaxOn.c
[    ] Building /workspace/shared/lean4-pr15373-head/stage0/src/../stdlib//Init/Data/List/Lex.c
[    ] Building /workspace/shared/lean4-pr15373-head/stage0/src/../stdlib//Init/Data/List/Perm.c
[    ] Building /workspace/shared/lean4-pr15373-head/stage0/src/../stdlib//Init/Data/List/SplitOn/Basic.c
[    ] Building /workspace/shared/lean4-pr15373-head/stage0/src/../stdlib//Init/Data/List/SplitOn/Lemmas.c
[    ] Building /workspace/shared/lean4-pr15373-head/stage0/src/../stdlib//Init/Data/List/FinRange.c
[    ] Building /workspace/shared/lean4-pr15373-head/stage0/src/../stdlib//Init/Data/List/ToArray.c
[    ] Building /workspace/shared/lean4-pr15373-head/stage0/src/../stdlib//Init/Data/List/MinMax.c
[    ] Building /workspace/shared/lean4-pr15373-head/stage0/src/../stdlib//Init/Data/List/Int/Sum.c
[    ] Building /workspace/shared/lean4-pr15373-head/stage0/src/../stdlib//Init/Data/List/Int/Prod.c
[    ] Building /workspace/shared/lean4-pr15373-head/stage0/src/../stdlib//Init/Data/List/Notation.c
[    ] Building /workspace/shared/lean4-pr15373-head/stage0/src/../stdlib//Init/Data/List/Sort/Basic.c
[    ] Building /workspace/shared/lean4-pr15373-head/stage0/src/../stdlib//Init/Data/List/Sort/Lemmas.c
[    ] Building /workspace/shared/lean4-pr15373-head/stage0/src/../stdlib//Init/Data/List/Sort/Impl.c
[    ] Building /workspace/shared/lean4-pr15373-head/stage0/src/../stdlib//Init/Data/List/Sublist.c
[    ] Building /workspace/shared/lean4-pr15373-head/stage0/src/../stdlib//Init/Data/List/Control.c
[    ] Building /workspace/shared/lean4-pr15373-head/stage0/src/../stdlib//Init/Data/List/Scan/Basic.c
[    ] Building /workspace/shared/lean4-pr15373-head/stage0/src/../stdlib//Init/Data/List/Scan/Lemmas.c
[    ] Building /workspace/shared/lean4-pr15373-head/stage0/src/../stdlib//Init/Data/List/SplitOn.c
[    ] Building /workspace/shared/lean4-pr15373-head/stage0/src/../stdlib//Init/Data/List/Attach.c
[    ] Building /workspace/shared/lean4-pr15373-head/stage0/src/../stdlib//Init/Data/List/ToArrayImpl.c
[    ] Building /workspace/shared/lean4-pr15373-head/stage0/src/../stdlib//Init/Data/List/Int.c
[    ] Building /workspace/shared/lean4-pr15373-head/stage0/src/../stdlib//Init/Data/List/Erase.c
[    ] Building /workspace/shared/lean4-pr15373-head/stage0/src/../stdlib//Init/Data/List/ControlImpl.c
[    ] Building /workspace/shared/lean4-pr15373-head/stage0/src/../stdlib//Init/Data/List/Range.c
[    ] Building /workspace/shared/lean4-pr15373-head/stage0/src/../stdlib//Init/Data/List/Monadic.c
[    ] Building /workspace/shared/lean4-pr15373-head/stage0/src/../stdlib//Init/Data/List/Count.c
[    ] Building /workspace/shared/lean4-pr15373-head/stage0/src/../stdlib//Init/Data/List/Impl.c
[    ] Building /workspace/shared/lean4-pr15373-head/stage0/src/../stdlib//Init/Data/List/Pairwise.c
[    ] Building /workspace/shared/lean4-pr15373-head/stage0/src/../stdlib//Init/Data/List/Scan.c
[    ] Building /workspace/shared/lean4-pr15373-head/stage0/src/../stdlib//Init/Data/List/Nat/TakeDrop.c
[    ] Building /workspace/shared/lean4-pr15373-head/stage0/src/../stdlib//Init/Data/List/Nat/Basic.c
[    ] Building /workspace/shared/lean4-pr15373-head/stage0/src/../stdlib//Init/Data/List/Nat/Sum.c
[    ] Building /workspace/shared/lean4-pr15373-head/stage0/src/../stdlib//Init/Data/List/Nat/Find.c
[    ] Building /workspace/shared/lean4-pr15373-head/stage0/src/../stdlib//Init/Data/List/Nat/Perm.c
[    ] Building /workspace/shared/lean4-pr15373-head/stage0/src/../stdlib//Init/Data/List/Nat/InsertIdx.c
[    ] Building /workspace/shared/lean4-pr15373-head/stage0/src/../stdlib//Init/Data/List/Nat/Modify.c
[    ] Building /workspace/shared/lean4-pr15373-head/stage0/src/../stdlib//Init/Data/List/Nat/Sublist.c
[    ] Building /workspace/shared/lean4-pr15373-head/stage0/src/../stdlib//Init/Data/List/Nat/BEq.c
[    ] Building /workspace/shared/lean4-pr15373-head/stage0/src/../stdlib//Init/Data/List/Nat/Erase.c
[    ] Building /workspace/shared/lean4-pr15373-head/stage0/src/../stdlib//Init/Data/List/Nat/Prod.c
[    ] Building /workspace/shared/lean4-pr15373-head/stage0/src/../stdlib//Init/Data/List/Nat/Range.c
[    ] Building /workspace/shared/lean4-pr15373-head/stage0/src/../stdlib//Init/Data/List/Nat/Count.c
[    ] Building /workspace/shared/lean4-pr15373-head/stage0/src/../stdlib//Init/Data/List/Nat/Pairwise.c
[    ] Building /workspace/shared/lean4-pr15373-head/stage0/src/../stdlib//Init/Data/Queue.c
[    ] Building /workspace/shared/lean4-pr15373-head/stage0/src/../stdlib//Init/Data/Subtype/Basic.c
[    ] Building /workspace/shared/lean4-pr15373-head/stage0/src/../stdlib//Init/Data/Subtype/Order.c
[    ] Building /workspace/shared/lean4-pr15373-head/stage0/src/../stdlib//Init/Data/Subtype/OrderExtra.c
[    ] Building /workspace/shared/lean4-pr15373-head/stage0/src/../stdlib//Init/Data/ByteArray/Basic.c
[    ] Building /workspace/shared/lean4-pr15373-head/stage0/src/../stdlib//Init/Data/ByteArray/Bootstrap.c
[    ] Building /workspace/shared/lean4-pr15373-head/stage0/src/../stdlib//Init/Data/ByteArray/Lemmas.c
[    ] Building /workspace/shared/lean4-pr15373-head/stage0/src/../stdlib//Init/Data/ByteArray/Extra.c
[    ] Building /workspace/shared/lean4-pr15373-head/stage0/src/../stdlib//Init/Data/Erased.c
[    ] Building /workspace/shared/lean4-pr15373-head/stage0/src/../stdlib//Init/Data/Dyadic/Basic.c
[    ] Building /workspace/shared/lean4-pr15373-head/stage0/src/../stdlib//Init/Data/Dyadic/Inv.c
[    ] Building /workspace/shared/lean4-pr15373-head/stage0/src/../stdlib//Init/Data/Dyadic/Instances.c
[    ] Building /workspace/shared/lean4-pr15373-head/stage0/src/../stdlib//Init/Data/Dyadic/Round.c
[    ] Building /workspace/shared/lean4-pr15373-head/stage0/src/../stdlib//Init/Data/BitVec.c
[    ] Building /workspace/shared/lean4-pr15373-head/stage0/src/../stdlib//Init/Data/ToString/Basic.c
[    ] Building /workspace/shared/lean4-pr15373-head/stage0/src/../stdlib//Init/Data/ToString/Macro.c
[    ] Building /workspace/shared/lean4-pr15373-head/stage0/src/../stdlib//Init/Data/ToString/Extra.c
[    ] Building /workspace/shared/lean4-pr15373-head/stage0/src/../stdlib//Init/Data/ToString/Name.c
[    ] Building /workspace/shared/lean4-pr15373-head/stage0/src/../stdlib//Init/Data/Nat.c
[    ] Building /workspace/shared/lean4-pr15373-head/stage0/src/../stdlib//Init/Data/Stream.c
[    ] Building /workspace/shared/lean4-pr15373-head/stage0/src/../stdlib//Init/Data/ByteArray.c
[    ] Building /workspace/shared/lean4-pr15373-head/stage0/src/../stdlib//Init/Data/Slice/Basic.c
[    ] Building /workspace/shared/lean4-pr15373-head/stage0/src/../stdlib//Init/Data/Slice/List/Basic.c
[    ] Building /workspace/shared/lean4-pr15373-head/stage0/src/../stdlib//Init/Data/Slice/List/Lemmas.c
[    ] Building /workspace/shared/lean4-pr15373-head/stage0/src/../stdlib//Init/Data/Slice/List/Iterator.c
[    ] Building /workspace/shared/lean4-pr15373-head/stage0/src/../stdlib//Init/Data/Slice/Lemmas.c
[    ] Building /workspace/shared/lean4-pr15373-head/stage0/src/../stdlib//Init/Data/Slice/Notation.c
[    ] Building /workspace/shared/lean4-pr15373-head/stage0/src/../stdlib//Init/Data/Slice/Operations.c
[    ] Building /workspace/shared/lean4-pr15373-head/stage0/src/../stdlib//Init/Data/Slice/Array/Basic.c
[    ] Building /workspace/shared/lean4-pr15373-head/stage0/src/../stdlib//Init/Data/Slice/Array/Lemmas.c
[    ] Building /workspace/shared/lean4-pr15373-head/stage0/src/../stdlib//Init/Data/Slice/Array/Iterator.c
[    ] Building /workspace/shared/lean4-pr15373-head/stage0/src/../stdlib//Init/Data/Slice/List.c
[    ] Building /workspace/shared/lean4-pr15373-head/stage0/src/../stdlib//Init/Data/Slice/InternalLemmas.c
[    ] Building /workspace/shared/lean4-pr15373-head/stage0/src/../stdlib//Init/Data/Slice/Array.c
[    ] Building /workspace/shared/lean4-pr15373-head/stage0/src/../stdlib//Init/Data/RArray.c
[    ] Building /workspace/shared/lean4-pr15373-head/stage0/src/../stdlib//Init/Data/UInt/Basic.c
[    ] Building /workspace/shared/lean4-pr15373-head/stage0/src/../stdlib//Init/Data/UInt/Package.c
[    ] Building /workspace/shared/lean4-pr15373-head/stage0/src/../stdlib//Init/Data/UInt/BasicAux.c
[    ] Building /workspace/shared/lean4-pr15373-head/stage0/src/../stdlib//Init/Data/UInt/Lemmas.c
[    ] Building /workspace/shared/lean4-pr15373-head/stage0/src/../stdlib//Init/Data/UInt/Log2.c
[    ] Building /workspace/shared/lean4-pr15373-head/stage0/src/../stdlib//Init/Data/UInt/IntToBitVec.c
[    ] Building /workspace/shared/lean4-pr15373-head/stage0/src/../stdlib//Init/Data/UInt/Bitwise.c
[    ] Building /workspace/shared/lean4-pr15373-head/stage0/src/../stdlib//Init/Data/Iterators/Basic.c
[    ] Building /workspace/shared/lean4-pr15373-head/stage0/src/../stdlib//Init/Data/Iterators/Consumers/Access.c
[    ] Building /workspace/shared/lean4-pr15373-head/stage0/src/../stdlib//Init/Data/Iterators/Consumers/Total.c
[    ] Building /workspace/shared/lean4-pr15373-head/stage0/src/../stdlib//Init/Data/Iterators/Consumers/Stream.c
[    ] Building /workspace/shared/lean4-pr15373-head/stage0/src/../stdlib//Init/Data/Iterators/Consumers/Partial.c
[    ] Building /workspace/shared/lean4-pr15373-head/stage0/src/../stdlib//Init/Data/Iterators/Consumers/Monadic/Access.c
[    ] Building /workspace/shared/lean4-pr15373-head/stage0/src/../stdlib//Init/Data/Iterators/Consumers/Monadic/Total.c
[    ] Building /workspace/shared/lean4-pr15373-head/stage0/src/../stdlib//Init/Data/Iterators/Consumers/Monadic/Partial.c
[    ] Building /workspace/shared/lean4-pr15373-head/stage0/src/../stdlib//Init/Data/Iterators/Consumers/Monadic/Collect.c
[    ] Building /workspace/shared/lean4-pr15373-head/stage0/src/../stdlib//Init/Data/Iterators/Consumers/Monadic/Loop.c
[    ] Building /workspace/shared/lean4-pr15373-head/stage0/src/../stdlib//Init/Data/Iterators/Consumers/Monadic.c
[    ] Building /workspace/shared/lean4-pr15373-head/stage0/src/../stdlib//Init/Data/Iterators/Consumers/Collect.c
[    ] Building /workspace/shared/lean4-pr15373-head/stage0/src/../stdlib//Init/Data/Iterators/Consumers/Loop.c
[    ] Building /workspace/shared/lean4-pr15373-head/stage0/src/../stdlib//Init/Data/Iterators/ToIterator.c
[    ] Building /workspace/shared/lean4-pr15373-head/stage0/src/../stdlib//Init/Data/Iterators/Internal.c
[    ] Building /workspace/shared/lean4-pr15373-head/stage0/src/../stdlib//Init/Data/Iterators/Lemmas.c
[    ] Building /workspace/shared/lean4-pr15373-head/stage0/src/../stdlib//Init/Data/Iterators/Combinators/FlatMap.c
[    ] Building /workspace/shared/lean4-pr15373-head/stage0/src/../stdlib//Init/Data/Iterators/Combinators/Append.c
[    ] Building /workspace/shared/lean4-pr15373-head/stage0/src/../stdlib//Init/Data/Iterators/Combinators/Monadic/FlatMap.c
[    ] Building /workspace/shared/lean4-pr15373-head/stage0/src/../stdlib//Init/Data/Iterators/Combinators/Monadic/Append.c
[    ] Building /workspace/shared/lean4-pr15373-head/stage0/src/../stdlib//Init/Data/Iterators/Combinators/Monadic/Take.c
[    ] Building /workspace/shared/lean4-pr15373-head/stage0/src/../stdlib//Init/Data/Iterators/Combinators/Monadic/FilterMap.c
[    ] Building /workspace/shared/lean4-pr15373-head/stage0/src/../stdlib//Init/Data/Iterators/Combinators/Monadic/Attach.c
[    ] Building /workspace/shared/lean4-pr15373-head/stage0/src/../stdlib//Init/Data/Iterators/Combinators/Monadic/ULift.c
[    ] Building /workspace/shared/lean4-pr15373-head/stage0/src/../stdlib//Init/Data/Iterators/Combinators/Take.c
[    ] Building /workspace/shared/lean4-pr15373-head/stage0/src/../stdlib//Init/Data/Iterators/Combinators/FilterMap.c
[    ] Building /workspace/shared/lean4-pr15373-head/stage0/src/../stdlib//Init/Data/Iterators/Combinators/Attach.c
[    ] Building /workspace/shared/lean4-pr15373-head/stage0/src/../stdlib//Init/Data/Iterators/Combinators/ULift.c
[    ] Building /workspace/shared/lean4-pr15373-head/stage0/src/../stdlib//Init/Data/Iterators/Combinators/Monadic.c
[    ] Building /workspace/shared/lean4-pr15373-head/stage0/src/../stdlib//Init/Data/Iterators/Producers/Monadic/List.c
[    ] Building /workspace/shared/lean4-pr15373-head/stage0/src/../stdlib//Init/Data/Iterators/Producers/List.c
[    ] Building /workspace/shared/lean4-pr15373-head/stage0/src/../stdlib//Init/Data/Iterators/Producers/Monadic.c
[    ] Building /workspace/shared/lean4-pr15373-head/stage0/src/../stdlib//Init/Data/Iterators/Producers.c
[    ] Building /workspace/shared/lean4-pr15373-head/stage0/src/../stdlib//Init/Data/Iterators/Consumers.c
[    ] Building /workspace/shared/lean4-pr15373-head/stage0/src/../stdlib//Init/Data/Iterators/Internal/LawfulMonadLiftFunction.c
[    ] Building /workspace/shared/lean4-pr15373-head/stage0/src/../stdlib//Init/Data/Iterators/PostconditionMonad.c
[    ] Building /workspace/shared/lean4-pr15373-head/stage0/src/../stdlib//Init/Data/Iterators/Combinators.c
[    ] Building /workspace/shared/lean4-pr15373-head/stage0/src/../stdlib//Init/Data/Iterators/Lemmas/Basic.c
[    ] Building /workspace/shared/lean4-pr15373-head/stage0/src/../stdlib//Init/Data/Iterators/Lemmas/Consumers/Access.c
[    ] Building /workspace/shared/lean4-pr15373-head/stage0/src/../stdlib//Init/Data/Iterators/Lemmas/Consumers/Monadic/Collect.c
[    ] Building /workspace/shared/lean4-pr15373-head/stage0/src/../stdlib//Init/Data/Iterators/Lemmas/Consumers/Monadic/Loop.c
[    ] Building /workspace/shared/lean4-pr15373-head/stage0/src/../stdlib//Init/Data/Iterators/Lemmas/Consumers/Monadic.c
[    ] Building /workspace/shared/lean4-pr15373-head/stage0/src/../stdlib//Init/Data/Iterators/Lemmas/Consumers/Collect.c
[    ] Building /workspace/shared/lean4-pr15373-head/stage0/src/../stdlib//Init/Data/Iterators/Lemmas/Consumers/Loop.c
[    ] Building /workspace/shared/lean4-pr15373-head/stage0/src/../stdlib//Init/Data/Iterators/Lemmas/Combinators/FlatMap.c
[    ] Building /workspace/shared/lean4-pr15373-head/stage0/src/../stdlib//Init/Data/Iterators/Lemmas/Combinators/Append.c
[    ] Building /workspace/shared/lean4-pr15373-head/stage0/src/../stdlib//Init/Data/Iterators/Lemmas/Combinators/Monadic/FlatMap.c
[    ] Building /workspace/shared/lean4-pr15373-head/stage0/src/../stdlib//Init/Data/Iterators/Lemmas/Combinators/Monadic/Append.c
[    ] Building /workspace/shared/lean4-pr15373-head/stage0/src/../stdlib//Init/Data/Iterators/Lemmas/Combinators/Monadic/Take.c
[    ] Building /workspace/shared/lean4-pr15373-head/stage0/src/../stdlib//Init/Data/Iterators/Lemmas/Combinators/Monadic/FilterMap.c
[    ] Building /workspace/shared/lean4-pr15373-head/stage0/src/../stdlib//Init/Data/Iterators/Lemmas/Combinators/Monadic/Attach.c
[    ] Building /workspace/shared/lean4-pr15373-head/stage0/src/../stdlib//Init/Data/Iterators/Lemmas/Combinators/Monadic/ULift.c
[    ] Building /workspace/shared/lean4-pr15373-head/stage0/src/../stdlib//Init/Data/Iterators/Lemmas/Combinators/Take.c
[    ] Building /workspace/shared/lean4-pr15373-head/stage0/src/../stdlib//Init/Data/Iterators/Lemmas/Combinators/FilterMap.c
[    ] Building /workspace/shared/lean4-pr15373-head/stage0/src/../stdlib//Init/Data/Iterators/Lemmas/Combinators/Attach.c
[    ] Building /workspace/shared/lean4-pr15373-head/stage0/src/../stdlib//Init/Data/Iterators/Lemmas/Combinators/ULift.c
[    ] Building /workspace/shared/lean4-pr15373-head/stage0/src/../stdlib//Init/Data/Iterators/Lemmas/Combinators/Monadic.c
[    ] Building /workspace/shared/lean4-pr15373-head/stage0/src/../stdlib//Init/Data/Iterators/Lemmas/Producers/Monadic/List.c
[    ] Building /workspace/shared/lean4-pr15373-head/stage0/src/../stdlib//Init/Data/Iterators/Lemmas/Producers/List.c
[    ] Building /workspace/shared/lean4-pr15373-head/stage0/src/../stdlib//Init/Data/Iterators/Lemmas/Producers/Monadic.c
[    ] Building /workspace/shared/lean4-pr15373-head/stage0/src/../stdlib//Init/Data/Iterators/Lemmas/Monadic/Basic.c
[    ] Building /workspace/shared/lean4-pr15373-head/stage0/src/../stdlib//Init/Data/Iterators/Lemmas/Producers.c
[    ] Building /workspace/shared/lean4-pr15373-head/stage0/src/../stdlib//Init/Data/Iterators/Lemmas/Consumers.c
[    ] Building /workspace/shared/lean4-pr15373-head/stage0/src/../stdlib//Init/Data/Iterators/Lemmas/Combinators.c
[    ] Building /workspace/shared/lean4-pr15373-head/stage0/src/../stdlib//Init/Data/Fin.c
[    ] Building /workspace/shared/lean4-pr15373-head/stage0/src/../stdlib//Init/Data/Int/Repr.c
[    ] Building /workspace/shared/lean4-pr15373-head/stage0/src/../stdlib//Init/Data/Int/Basic.c
[    ] Building /workspace/shared/lean4-pr15373-head/stage0/src/../stdlib//Init/Data/Int/OfNat.c
[    ] Building /workspace/shared/lean4-pr15373-head/stage0/src/../stdlib//Init/Data/Int/Package.c
[    ] Building /workspace/shared/lean4-pr15373-head/stage0/src/../stdlib//Init/Data/Int/Compare.c
[    ] Building /workspace/shared/lean4-pr15373-head/stage0/src/../stdlib//Init/Data/Int/Lemmas.c
[    ] Building /workspace/shared/lean4-pr15373-head/stage0/src/../stdlib//Init/Data/Int/Order.c
[    ] Building /workspace/shared/lean4-pr15373-head/stage0/src/../stdlib//Init/Data/Int/DivMod/Basic.c
[    ] Building /workspace/shared/lean4-pr15373-head/stage0/src/../stdlib//Init/Data/Int/DivMod/Bootstrap.c
[    ] Building /workspace/shared/lean4-pr15373-head/stage0/src/../stdlib//Init/Data/Int/DivMod/Lemmas.c
[    ] Building /workspace/shared/lean4-pr15373-head/stage0/src/../stdlib//Init/Data/Int/DivMod/Pow.c
[    ] Building /workspace/shared/lean4-pr15373-head/stage0/src/../stdlib//Init/Data/Int/ToString.c
[    ] Building /workspace/shared/lean4-pr15373-head/stage0/src/../stdlib//Init/Data/Int/Bitwise.c
[    ] Building /workspace/shared/lean4-pr15373-head/stage0/src/../stdlib//Init/Data/Int/DivMod.c
[    ] Building /workspace/shared/lean4-pr15373-head/stage0/src/../stdlib//Init/Data/Int/Bitwise/Basic.c
[    ] Building /workspace/shared/lean4-pr15373-head/stage0/src/../stdlib//Init/Data/Int/Bitwise/Lemmas.c
[    ] Building /workspace/shared/lean4-pr15373-head/stage0/src/../stdlib//Init/Data/Int/Gcd.c
[    ] Building /workspace/shared/lean4-pr15373-head/stage0/src/../stdlib//Init/Data/Int/Cooper.c
[    ] Building /workspace/shared/lean4-pr15373-head/stage0/src/../stdlib//Init/Data/Int/Linear.c
[    ] Building /workspace/shared/lean4-pr15373-head/stage0/src/../stdlib//Init/Data/Int/LemmasAux.c
[    ] Building /workspace/shared/lean4-pr15373-head/stage0/src/../stdlib//Init/Data/Int/Pow.c
[    ] Building /workspace/shared/lean4-pr15373-head/stage0/src/../stdlib//Init/Data/Random.c
[    ] Building /workspace/shared/lean4-pr15373-head/stage0/src/../stdlib//Init/Data/Order.c
[    ] Building /workspace/shared/lean4-pr15373-head/stage0/src/../stdlib//Init/Data/PLift.c
[    ] Building /workspace/shared/lean4-pr15373-head/stage0/src/../stdlib//Init/Data/Slice.c
[    ] Building /workspace/shared/lean4-pr15373-head/stage0/src/../stdlib//Init/Data/Rat.c
[    ] Building /workspace/shared/lean4-pr15373-head/stage0/src/../stdlib//Init/Data/Array/Zip.c
[    ] Building /workspace/shared/lean4-pr15373-head/stage0/src/../stdlib//Init/Data/Array/TakeDrop.c
[    ] Building /workspace/shared/lean4-pr15373-head/stage0/src/../stdlib//Init/Data/Array/OfFn.c
[    ] Building /workspace/shared/lean4-pr15373-head/stage0/src/../stdlib//Init/Data/Array/Basic.c
[    ] Building /workspace/shared/lean4-pr15373-head/stage0/src/../stdlib//Init/Data/Array/Bootstrap.c
[    ] Building /workspace/shared/lean4-pr15373-head/stage0/src/../stdlib//Init/Data/Array/Sort.c
[    ] Building /workspace/shared/lean4-pr15373-head/stage0/src/../stdlib//Init/Data/Array/BasicAux.c
[    ] Building /workspace/shared/lean4-pr15373-head/stage0/src/../stdlib//Init/Data/Array/InsertionSort.c
[    ] Building /workspace/shared/lean4-pr15373-head/stage0/src/../stdlib//Init/Data/Array/Set.c
[    ] Building /workspace/shared/lean4-pr15373-head/stage0/src/../stdlib//Init/Data/Array/Find.c
[    ] Building /workspace/shared/lean4-pr15373-head/stage0/src/../stdlib//Init/Data/Array/MapIdx.c
[    ] Building /workspace/shared/lean4-pr15373-head/stage0/src/../stdlib//Init/Data/Array/DecidableEq.c
[    ] Building /workspace/shared/lean4-pr15373-head/stage0/src/../stdlib//Init/Data/Array/Lemmas.c
[    ] Building /workspace/shared/lean4-pr15373-head/stage0/src/../stdlib//Init/Data/Array/Nat.c
[    ] Building /workspace/shared/lean4-pr15373-head/stage0/src/../stdlib//Init/Data/Array/Mem.c
[    ] Building /workspace/shared/lean4-pr15373-head/stage0/src/../stdlib//Init/Data/Array/Lex.c
[    ] Building /workspace/shared/lean4-pr15373-head/stage0/src/../stdlib//Init/Data/Array/Perm.c
[    ] Building /workspace/shared/lean4-pr15373-head/stage0/src/../stdlib//Init/Data/Array/InsertIdx.c
[    ] Building /workspace/shared/lean4-pr15373-head/stage0/src/../stdlib//Init/Data/Array/FinRange.c
[    ] Building /workspace/shared/lean4-pr15373-head/stage0/src/../stdlib//Init/Data/Array/MinMax.c
[    ] Building /workspace/shared/lean4-pr15373-head/stage0/src/../stdlib//Init/Data/Array/Sort/Basic.c
[    ] Building /workspace/shared/lean4-pr15373-head/stage0/src/../stdlib//Init/Data/Array/Sort/Lemmas.c
[    ] Building /workspace/shared/lean4-pr15373-head/stage0/src/../stdlib//Init/Data/Array/BinSearch.c
[    ] Building /workspace/shared/lean4-pr15373-head/stage0/src/../stdlib//Init/Data/Array/Subarray/Split.c
[    ] Building /workspace/shared/lean4-pr15373-head/stage0/src/../stdlib//Init/Data/Array/QSort.c
[    ] Building /workspace/shared/lean4-pr15373-head/stage0/src/../stdlib//Init/Data/Array/Attach.c
[    ] Building /workspace/shared/lean4-pr15373-head/stage0/src/../stdlib//Init/Data/Array/Lex/Basic.c
[    ] Building /workspace/shared/lean4-pr15373-head/stage0/src/../stdlib//Init/Data/Array/Lex/Lemmas.c
[    ] Building /workspace/shared/lean4-pr15373-head/stage0/src/../stdlib//Init/Data/Array/Int.c
[    ] Building /workspace/shared/lean4-pr15373-head/stage0/src/../stdlib//Init/Data/Array/Extract.c
[    ] Building /workspace/shared/lean4-pr15373-head/stage0/src/../stdlib//Init/Data/Array/Erase.c
[    ] Building /workspace/shared/lean4-pr15373-head/stage0/src/../stdlib//Init/Data/Array/Range.c
[    ] Building /workspace/shared/lean4-pr15373-head/stage0/src/../stdlib//Init/Data/Array/Monadic.c
[    ] Building /workspace/shared/lean4-pr15373-head/stage0/src/../stdlib//Init/Data/Array/Count.c
[    ] Building /workspace/shared/lean4-pr15373-head/stage0/src/../stdlib//Init/Data/Array/QSort/Basic.c
[    ] Building /workspace/shared/lean4-pr15373-head/stage0/src/../stdlib//Init/Data/Array/Subarray.c
[    ] Building /workspace/shared/lean4-pr15373-head/stage0/src/../stdlib//Init/Data/Array/GetLit.c
[    ] Building /workspace/shared/lean4-pr15373-head/stage0/src/../stdlib//Init/Data/Zero.c
[    ] Building /workspace/shared/lean4-pr15373-head/stage0/src/../stdlib//Init/Data/List.c
[    ] Building /workspace/shared/lean4-pr15373-head/stage0/src/../stdlib//Init/Data/SInt/Basic.c
[    ] Building /workspace/shared/lean4-pr15373-head/stage0/src/../stdlib//Init/Data/SInt/Package.c
[    ] Building /workspace/shared/lean4-pr15373-head/stage0/src/../stdlib//Init/Data/SInt/Float32.c
[    ] Building /workspace/shared/lean4-pr15373-head/stage0/src/../stdlib//Init/Data/SInt/Lemmas.c
[    ] Building /workspace/shared/lean4-pr15373-head/stage0/src/../stdlib//Init/Data/SInt/IntToBitVec.c
[    ] Building /workspace/shared/lean4-pr15373-head/stage0/src/../stdlib//Init/Data/SInt/Bitwise.c
[    ] Building /workspace/shared/lean4-pr15373-head/stage0/src/../stdlib//Init/Data/SInt/Float.c
[    ] Building /workspace/shared/lean4-pr15373-head/stage0/src/../stdlib//Init/Data/Bool.c
[    ] Building /workspace/shared/lean4-pr15373-head/stage0/src/../stdlib//Init/Data/Sum/Basic.c
[    ] Building /workspace/shared/lean4-pr15373-head/stage0/src/../stdlib//Init/Data/Sum/Lemmas.c
[    ] Building /workspace/shared/lean4-pr15373-head/stage0/src/../stdlib//Init/Data/Rat/Basic.c
[    ] Building /workspace/shared/lean4-pr15373-head/stage0/src/../stdlib//Init/Data/Rat/Lemmas.c
[    ] Building /workspace/shared/lean4-pr15373-head/stage0/src/../stdlib//Init/Data/Option/Function.c
[    ] Building /workspace/shared/lean4-pr15373-head/stage0/src/../stdlib//Init/Data/Option/Basic.c
[    ] Building /workspace/shared/lean4-pr15373-head/stage0/src/../stdlib//Init/Data/Option/BasicAux.c
[    ] Building /workspace/shared/lean4-pr15373-head/stage0/src/../stdlib//Init/Data/Option/Lemmas.c
[    ] Building /workspace/shared/lean4-pr15373-head/stage0/src/../stdlib//Init/Data/Option/Coe.c
[    ] Building /workspace/shared/lean4-pr15373-head/stage0/src/../stdlib//Init/Data/Option/Instances.c
[    ] Building /workspace/shared/lean4-pr15373-head/stage0/src/../stdlib//Init/Data/Option/List.c
[    ] Building /workspace/shared/lean4-pr15373-head/stage0/src/../stdlib//Init/Data/Option/Attach.c
[    ] Building /workspace/shared/lean4-pr15373-head/stage0/src/../stdlib//Init/Data/Option/Array.c
[    ] Building /workspace/shared/lean4-pr15373-head/stage0/src/../stdlib//Init/Data/Option/Monadic.c
[    ] Building /workspace/shared/lean4-pr15373-head/stage0/src/../stdlib//Init/Data/Iterators.c
[    ] Building /workspace/shared/lean4-pr15373-head/stage0/src/../stdlib//Init/Data/Range/Polymorphic.c
[    ] Building /workspace/shared/lean4-pr15373-head/stage0/src/../stdlib//Init/Data/Range/Basic.c
[    ] Building /workspace/shared/lean4-pr15373-head/stage0/src/../stdlib//Init/Data/Range/Lemmas.c
[    ] Building /workspace/shared/lean4-pr15373-head/stage0/src/../stdlib//Init/Data/Range/Polymorphic/UpwardEnumerable.c
[    ] Building /workspace/shared/lean4-pr15373-head/stage0/src/../stdlib//Init/Data/Range/Polymorphic/Basic.c
[    ] Building /workspace/shared/lean4-pr15373-head/stage0/src/../stdlib//Init/Data/Range/Polymorphic/NatLemmas.c
[    ] Building /workspace/shared/lean4-pr15373-head/stage0/src/../stdlib//Init/Data/Range/Polymorphic/BitVec.c
[    ] Building /workspace/shared/lean4-pr15373-head/stage0/src/../stdlib//Init/Data/Range/Polymorphic/GetElemTactic.c
[    ] Building /workspace/shared/lean4-pr15373-head/stage0/src/../stdlib//Init/Data/Range/Polymorphic/Lemmas.c
[    ] Building /workspace/shared/lean4-pr15373-head/stage0/src/../stdlib//Init/Data/Range/Polymorphic/Nat.c
[    ] Building /workspace/shared/lean4-pr15373-head/stage0/src/../stdlib//Init/Data/Range/Polymorphic/Stream.c
[    ] Building /workspace/shared/lean4-pr15373-head/stage0/src/../stdlib//Init/Data/Range/Polymorphic/IntLemmas.c
[    ] Building /workspace/shared/lean4-pr15373-head/stage0/src/../stdlib//Init/Data/Range/Polymorphic/Fin.c
[    ] Building /workspace/shared/lean4-pr15373-head/stage0/src/../stdlib//Init/Data/Range/Polymorphic/Instances.c
[    ] Building /workspace/shared/lean4-pr15373-head/stage0/src/../stdlib//Init/Data/Range/Polymorphic/Iterators.c
[    ] Building /workspace/shared/lean4-pr15373-head/stage0/src/../stdlib//Init/Data/Range/Polymorphic/PRange.c
[    ] Building /workspace/shared/lean4-pr15373-head/stage0/src/../stdlib//Init/Data/Range/Polymorphic/Char.c
[    ] Building /workspace/shared/lean4-pr15373-head/stage0/src/../stdlib//Init/Data/Range/Polymorphic/RangeIterator.c
[    ] Building /workspace/shared/lean4-pr15373-head/stage0/src/../stdlib//Init/Data/Range/Polymorphic/Int.c
[    ] Building /workspace/shared/lean4-pr15373-head/stage0/src/../stdlib//Init/Data/Range/Polymorphic/Internal/SignedBitVec.c
[    ] Building /workspace/shared/lean4-pr15373-head/stage0/src/../stdlib//Init/Data/Range/Polymorphic/SInt.c
[    ] Building /workspace/shared/lean4-pr15373-head/stage0/src/../stdlib//Init/Data/Range/Polymorphic/UInt.c
[    ] Building /workspace/shared/lean4-pr15373-head/stage0/src/../stdlib//Init/Data/Range/Polymorphic/Map.c
[    ] Building /workspace/shared/lean4-pr15373-head/stage0/src/../stdlib//Init/Data/Format/Basic.c
[    ] Building /workspace/shared/lean4-pr15373-head/stage0/src/../stdlib//Init/Data/Format/Macro.c
[    ] Building /workspace/shared/lean4-pr15373-head/stage0/src/../stdlib//Init/Data/Format/Syntax.c
[    ] Building /workspace/shared/lean4-pr15373-head/stage0/src/../stdlib//Init/Data/Format/Instances.c
[    ] Building /workspace/shared/lean4-pr15373-head/stage0/src/../stdlib//Init/Data/AC.c
[    ] Building /workspace/shared/lean4-pr15373-head/stage0/src/../stdlib//Init/Data/ToString.c
[    ] Building /workspace/shared/lean4-pr15373-head/stage0/src/../stdlib//Init/Data/Float/Model.c
[    ] Building /workspace/shared/lean4-pr15373-head/stage0/src/../stdlib//Init/Data/Float/Model/Format.c
[    ] Building /workspace/shared/lean4-pr15373-head/stage0/src/../stdlib//Init/Data/Float/Model/Float32.c
[    ] Building /workspace/shared/lean4-pr15373-head/stage0/src/../stdlib//Init/Data/Float/Model/Format/Basic.c
[    ] Building /workspace/shared/lean4-pr15373-head/stage0/src/../stdlib//Init/Data/Float/Model/Format/Valid.c
[    ] Building /workspace/shared/lean4-pr15373-head/stage0/src/../stdlib//Init/Data/Float/Model/Float.c
[    ] Building /workspace/shared/lean4-pr15373-head/stage0/src/../stdlib//Init/Data/Float/Model/Unpacked.c
[    ] Building /workspace/shared/lean4-pr15373-head/stage0/src/../stdlib//Init/Data/Float/Model/Unpacked/Basic.c
[    ] Building /workspace/shared/lean4-pr15373-head/stage0/src/../stdlib//Init/Data/Float/Model/Unpacked/Operations.c
[    ] Building /workspace/shared/lean4-pr15373-head/stage0/src/../stdlib//Init/Data/Float/Model/Unpacked/Pack.c
[    ] Building /workspace/shared/lean4-pr15373-head/stage0/src/../stdlib//Init/Data/Float/Model/Unpacked/Sign.c
[    ] Building /workspace/shared/lean4-pr15373-head/stage0/src/../stdlib//Init/Data/Float/Model/Unpacked/Round.c
[    ] Building /workspace/shared/lean4-pr15373-head/stage0/src/../stdlib//Init/Data/Float/Model/Unpacked/Pack/Basic.c
[    ] Building /workspace/shared/lean4-pr15373-head/stage0/src/../stdlib//Init/Data/Float/Model/Unpacked/Pack/Lemmas.c
[    ] Building /workspace/shared/lean4-pr15373-head/stage0/src/../stdlib//Init/Data/Float/Model/Unpacked/Operations/Fma.c
[    ] Building /workspace/shared/lean4-pr15373-head/stage0/src/../stdlib//Init/Data/Float/Model/Unpacked/Operations/OfNat.c
[    ] Building /workspace/shared/lean4-pr15373-head/stage0/src/../stdlib//Init/Data/Float/Model/Unpacked/Operations/Compare.c
[    ] Building /workspace/shared/lean4-pr15373-head/stage0/src/../stdlib//Init/Data/Float/Model/Unpacked/Operations/Sub.c
[    ] Building /workspace/shared/lean4-pr15373-head/stage0/src/../stdlib//Init/Data/Float/Model/Unpacked/Operations/Mul.c
[    ] Building /workspace/shared/lean4-pr15373-head/stage0/src/../stdlib//Init/Data/Float/Model/Unpacked/Operations/Sqrt.c
[    ] Building /workspace/shared/lean4-pr15373-head/stage0/src/../stdlib//Init/Data/Float/Model/Unpacked/Operations/Status.c
[    ] Building /workspace/shared/lean4-pr15373-head/stage0/src/../stdlib//Init/Data/Float/Model/Unpacked/Operations/Add.c
[    ] Building /workspace/shared/lean4-pr15373-head/stage0/src/../stdlib//Init/Data/Float/Model/Unpacked/Operations/Sign.c
[    ] Building /workspace/shared/lean4-pr15373-head/stage0/src/../stdlib//Init/Data/Float/Model/Unpacked/Operations/ToNat.c
[    ] Building /workspace/shared/lean4-pr15373-head/stage0/src/../stdlib//Init/Data/Float/Model/Unpacked/Operations/OfScientific.c
[    ] Building /workspace/shared/lean4-pr15373-head/stage0/src/../stdlib//Init/Data/Float/Model/Unpacked/Operations/Div.c
[    ] Building /workspace/shared/lean4-pr15373-head/stage0/src/../stdlib//Init/Data/Float/Float32.c
[    ] Building /workspace/shared/lean4-pr15373-head/stage0/src/../stdlib//Init/Data/Float/Float.c
[    ] Building /workspace/shared/lean4-pr15373-head/stage0/src/../stdlib//Init/Data/Char.c
[    ] Building /workspace/shared/lean4-pr15373-head/stage0/src/../stdlib//Init/Data/ULift.c
[    ] Building /workspace/shared/lean4-pr15373-head/stage0/src/../stdlib//Init/Data/Int.c
[    ] Building /workspace/shared/lean4-pr15373-head/stage0/src/../stdlib//Init/Data/Dyadic.c
[    ] Building /workspace/shared/lean4-pr15373-head/stage0/src/../stdlib//Init/Data/BitVec/Basic.c
[    ] Building /workspace/shared/lean4-pr15373-head/stage0/src/../stdlib//Init/Data/BitVec/Bootstrap.c
[    ] Building /workspace/shared/lean4-pr15373-head/stage0/src/../stdlib//Init/Data/BitVec/BasicAux.c
[    ] Building /workspace/shared/lean4-pr15373-head/stage0/src/../stdlib//Init/Data/BitVec/Lemmas.c
[    ] Building /workspace/shared/lean4-pr15373-head/stage0/src/../stdlib//Init/Data/BitVec/Bitblast.c
[    ] Building /workspace/shared/lean4-pr15373-head/stage0/src/../stdlib//Init/Data/BitVec/Decidable.c
[    ] Building /workspace/shared/lean4-pr15373-head/stage0/src/../stdlib//Init/Data/BitVec/Folds.c
[    ] Building /workspace/shared/lean4-pr15373-head/stage0/src/../stdlib//Init/Data/Hashable.c
[    ] Building /workspace/shared/lean4-pr15373-head/stage0/src/../stdlib//Init/Data/BEq.c
[    ] Building /workspace/shared/lean4-pr15373-head/stage0/src/../stdlib//Init/Data/Array.c
[    ] Building /workspace/shared/lean4-pr15373-head/stage0/src/../stdlib//Init/Data/Float.c
[    ] Building /workspace/shared/lean4-pr15373-head/stage0/src/../stdlib//Init/Data/SInt.c
[    ] Building /workspace/shared/lean4-pr15373-head/stage0/src/../stdlib//Init/Data/Prod.c
[    ] Building /workspace/shared/lean4-pr15373-head/stage0/src/../stdlib//Init/Data/Vector.c
[    ] Building /workspace/shared/lean4-pr15373-head/stage0/src/../stdlib//Init/Data/Option.c
[    ] Building /workspace/shared/lean4-pr15373-head/stage0/src/../stdlib//Init/Data/Range.c
[    ] Building /workspace/shared/lean4-pr15373-head/stage0/src/../stdlib//Init/Data/LawfulHashable.c
[    ] Building /workspace/shared/lean4-pr15373-head/stage0/src/../stdlib//Init/Data/UInt.c
[    ] Building /workspace/shared/lean4-pr15373-head/stage0/src/../stdlib//Init/Data/OfScientific.c
[    ] Building /workspace/shared/lean4-pr15373-head/stage0/src/../stdlib//Init/Data/NeZero.c
[    ] Building /workspace/shared/lean4-pr15373-head/stage0/src/../stdlib//Init/Data/Fin/Basic.c
[    ] Building /workspace/shared/lean4-pr15373-head/stage0/src/../stdlib//Init/Data/Fin/Package.c
[    ] Building /workspace/shared/lean4-pr15373-head/stage0/src/../stdlib//Init/Data/Fin/OverflowAware.c
[    ] Building /workspace/shared/lean4-pr15373-head/stage0/src/../stdlib//Init/Data/Fin/Lemmas.c
[    ] Building /workspace/shared/lean4-pr15373-head/stage0/src/../stdlib//Init/Data/Fin/Fold.c
[    ] Building /workspace/shared/lean4-pr15373-head/stage0/src/../stdlib//Init/Data/Fin/MinMax.c
[    ] Building /workspace/shared/lean4-pr15373-head/stage0/src/../stdlib//Init/Data/Fin/Log2.c
[    ] Building /workspace/shared/lean4-pr15373-head/stage0/src/../stdlib//Init/Data/Fin/Iterate.c
[    ] Building /workspace/shared/lean4-pr15373-head/stage0/src/../stdlib//Init/Data/Fin/Bitwise.c
[    ] Building /workspace/shared/lean4-pr15373-head/stage0/src/../stdlib//Init/Data/Ord/Basic.c
[    ] Building /workspace/shared/lean4-pr15373-head/stage0/src/../stdlib//Init/Data/Ord/String.c
[    ] Building /workspace/shared/lean4-pr15373-head/stage0/src/../stdlib//Init/Data/Ord/BitVec.c
[    ] Building /workspace/shared/lean4-pr15373-head/stage0/src/../stdlib//Init/Data/Ord/Array.c
[    ] Building /workspace/shared/lean4-pr15373-head/stage0/src/../stdlib//Init/Data/Ord/SInt.c
[    ] Building /workspace/shared/lean4-pr15373-head/stage0/src/../stdlib//Init/Data/Ord/Vector.c
[    ] Building /workspace/shared/lean4-pr15373-head/stage0/src/../stdlib//Init/Data/Ord/UInt.c
[    ] Building /workspace/shared/lean4-pr15373-head/stage0/src/../stdlib//Init/Data/OfScientific/Basic.c
[    ] Building /workspace/shared/lean4-pr15373-head/stage0/src/../stdlib//Init/Data/Nat/Basic.c
[    ] Building /workspace/shared/lean4-pr15373-head/stage0/src/../stdlib//Init/Data/Nat/Package.c
[    ] Building /workspace/shared/lean4-pr15373-head/stage0/src/../stdlib//Init/Data/Nat/Sqrt/Basic.c
[    ] Building /workspace/shared/lean4-pr15373-head/stage0/src/../stdlib//Init/Data/Nat/Sqrt/Lemmas.c
[    ] Building /workspace/shared/lean4-pr15373-head/stage0/src/../stdlib//Init/Data/Nat/Compare.c
[    ] Building /workspace/shared/lean4-pr15373-head/stage0/src/../stdlib//Init/Data/Nat/Dvd.c
[    ] Building /workspace/shared/lean4-pr15373-head/stage0/src/../stdlib//Init/Data/Nat/Simproc.c
[    ] Building /workspace/shared/lean4-pr15373-head/stage0/src/../stdlib//Init/Data/Nat/Internal.c
[    ] Building /workspace/shared/lean4-pr15373-head/stage0/src/../stdlib//Init/Data/Nat/Lemmas.c
[    ] Building /workspace/shared/lean4-pr15373-head/stage0/src/../stdlib//Init/Data/Nat/Fold.c
[    ] Building /workspace/shared/lean4-pr15373-head/stage0/src/../stdlib//Init/Data/Nat/Power2/Basic.c
[    ] Building /workspace/shared/lean4-pr15373-head/stage0/src/../stdlib//Init/Data/Nat/Power2/Lemmas.c
[    ] Building /workspace/shared/lean4-pr15373-head/stage0/src/../stdlib//Init/Data/Nat/Power2/Bitwise.c
[    ] Building /workspace/shared/lean4-pr15373-head/stage0/src/../stdlib//Init/Data/Nat/MinMax.c
[    ] Building /workspace/shared/lean4-pr15373-head/stage0/src/../stdlib//Init/Data/Nat/Sqrt.c
[    ] Building /workspace/shared/lean4-pr15373-head/stage0/src/../stdlib//Init/Data/Nat/Order.c
[    ] Building /workspace/shared/lean4-pr15373-head/stage0/src/../stdlib//Init/Data/Nat/Mod.c
[    ] Building /workspace/shared/lean4-pr15373-head/stage0/src/../stdlib//Init/Data/Nat/Lcm.c
[    ] Building /workspace/shared/lean4-pr15373-head/stage0/src/../stdlib//Init/Data/Nat/Log2.c
[    ] Building /workspace/shared/lean4-pr15373-head/stage0/src/../stdlib//Init/Data/Nat/Power2.c
[    ] Building /workspace/shared/lean4-pr15373-head/stage0/src/../stdlib//Init/Data/Nat/Control.c
[    ] Building /workspace/shared/lean4-pr15373-head/stage0/src/../stdlib//Init/Data/Nat/ToString.c
[    ] Building /workspace/shared/lean4-pr15373-head/stage0/src/../stdlib//Init/Data/Nat/Bitwise.c
[    ] Building /workspace/shared/lean4-pr15373-head/stage0/src/../stdlib//Init/Data/Nat/Internal/SOM.c
[    ] Building /workspace/shared/lean4-pr15373-head/stage0/src/../stdlib//Init/Data/Nat/Internal/Linear.c
[    ] Building /workspace/shared/lean4-pr15373-head/stage0/src/../stdlib//Init/Data/Nat/Coprime.c
[    ] Building /workspace/shared/lean4-pr15373-head/stage0/src/../stdlib//Init/Data/Nat/Bitwise/Basic.c
[    ] Building /workspace/shared/lean4-pr15373-head/stage0/src/../stdlib//Init/Data/Nat/Bitwise/Lemmas.c
[    ] Building /workspace/shared/lean4-pr15373-head/stage0/src/../stdlib//Init/Data/Nat/Gcd.c
[    ] Building /workspace/shared/lean4-pr15373-head/stage0/src/../stdlib//Init/Data/Nat/Div/Basic.c
[    ] Building /workspace/shared/lean4-pr15373-head/stage0/src/../stdlib//Init/Data/Nat/Div/Lemmas.c
[    ] Building /workspace/shared/lean4-pr15373-head/stage0/src/../stdlib//Init/Data/Nat/Div.c
[    ] Building /workspace/shared/lean4-pr15373-head/stage0/src/../stdlib//Init/Data/Nat/PowMod.c
[    ] Building /workspace/shared/lean4-pr15373-head/stage0/src/../stdlib//Init/Data/String/TakeDrop.c
[    ] Building /workspace/shared/lean4-pr15373-head/stage0/src/../stdlib//Init/Data/String/Length.c
[    ] Building /workspace/shared/lean4-pr15373-head/stage0/src/../stdlib//Init/Data/String/Basic.c
[    ] Building /workspace/shared/lean4-pr15373-head/stage0/src/../stdlib//Init/Data/String/Bootstrap.c
[    ] Building /workspace/shared/lean4-pr15373-head/stage0/src/../stdlib//Init/Data/String/Legacy.c
[    ] Building /workspace/shared/lean4-pr15373-head/stage0/src/../stdlib//Init/Data/String/Iter/Basic.c
[    ] Building /workspace/shared/lean4-pr15373-head/stage0/src/../stdlib//Init/Data/String/Iter/Intercalate.c
[    ] Building /workspace/shared/lean4-pr15373-head/stage0/src/../stdlib//Init/Data/String/Substring.c
[    ] Building /workspace/shared/lean4-pr15373-head/stage0/src/../stdlib//Init/Data/String/Lemmas.c
[    ] Building /workspace/shared/lean4-pr15373-head/stage0/src/../stdlib//Init/Data/String/ToSlice.c
[    ] Building /workspace/shared/lean4-pr15373-head/stage0/src/../stdlib//Init/Data/String/Stream.c
[    ] Building /workspace/shared/lean4-pr15373-head/stage0/src/../stdlib//Init/Data/String/Decode.c
[    ] Building /workspace/shared/lean4-pr15373-head/stage0/src/../stdlib//Init/Data/String/Search.c
[    ] Building /workspace/shared/lean4-pr15373-head/stage0/src/../stdlib//Init/Data/String/Modify.c
[    ] Building /workspace/shared/lean4-pr15373-head/stage0/src/../stdlib//Init/Data/String/Slice.c
[    ] Building /workspace/shared/lean4-pr15373-head/stage0/src/../stdlib//Init/Data/String/Extra.c
[    ] Building /workspace/shared/lean4-pr15373-head/stage0/src/../stdlib//Init/Data/String/Pattern/Basic.c
[    ] Building /workspace/shared/lean4-pr15373-head/stage0/src/../stdlib//Init/Data/String/Pattern/String.c
[    ] Building /workspace/shared/lean4-pr15373-head/stage0/src/../stdlib//Init/Data/String/Pattern/Char.c
[    ] Building /workspace/shared/lean4-pr15373-head/stage0/src/../stdlib//Init/Data/String/Pattern/Pred.c
[    ] Building /workspace/shared/lean4-pr15373-head/stage0/src/../stdlib//Init/Data/String/Subslice.c
[    ] Building /workspace/shared/lean4-pr15373-head/stage0/src/../stdlib//Init/Data/String/Pattern.c
[    ] Building /workspace/shared/lean4-pr15373-head/stage0/src/../stdlib//Init/Data/String/Defs.c
[    ] Building /workspace/shared/lean4-pr15373-head/stage0/src/../stdlib//Init/Data/String/Iterate.c
[    ] Building /workspace/shared/lean4-pr15373-head/stage0/src/../stdlib//Init/Data/String/Hashable.c
[    ] Building /workspace/shared/lean4-pr15373-head/stage0/src/../stdlib//Init/Data/String/OrderInstances.c
[    ] Building /workspace/shared/lean4-pr15373-head/stage0/src/../stdlib//Init/Data/String/PosRaw.c
[    ] Building /workspace/shared/lean4-pr15373-head/stage0/src/../stdlib//Init/Data/String/Lemmas/Splits.c
[    ] Building /workspace/shared/lean4-pr15373-head/stage0/src/../stdlib//Init/Data/String/Lemmas/TakeDrop.c
[    ] Building /workspace/shared/lean4-pr15373-head/stage0/src/../stdlib//Init/Data/String/Lemmas/Length.c
[    ] Building /workspace/shared/lean4-pr15373-head/stage0/src/../stdlib//Init/Data/String/Lemmas/Basic.c
[    ] Building /workspace/shared/lean4-pr15373-head/stage0/src/../stdlib//Init/Data/String/Lemmas/IsEmpty.c
[    ] Building /workspace/shared/lean4-pr15373-head/stage0/src/../stdlib//Init/Data/String/Lemmas/Intercalate.c
[    ] Building /workspace/shared/lean4-pr15373-head/stage0/src/../stdlib//Init/Data/String/Lemmas/Search.c
[    ] Building /workspace/shared/lean4-pr15373-head/stage0/src/../stdlib//Init/Data/String/Lemmas/Modify.c
[    ] Building /workspace/shared/lean4-pr15373-head/stage0/src/../stdlib//Init/Data/String/Lemmas/Order.c
[    ] Building /workspace/shared/lean4-pr15373-head/stage0/src/../stdlib//Init/Data/String/Lemmas/Slice.c
[    ] Building /workspace/shared/lean4-pr15373-head/stage0/src/../stdlib//Init/Data/String/Lemmas/Pattern/Find/Basic.c
[    ] Building /workspace/shared/lean4-pr15373-head/stage0/src/../stdlib//Init/Data/String/Lemmas/Pattern/Find/String.c
[    ] Building /workspace/shared/lean4-pr15373-head/stage0/src/../stdlib//Init/Data/String/Lemmas/Pattern/Find/Char.c
[    ] Building /workspace/shared/lean4-pr15373-head/stage0/src/../stdlib//Init/Data/String/Lemmas/Pattern/Find/Pred.c
[    ] Building /workspace/shared/lean4-pr15373-head/stage0/src/../stdlib//Init/Data/String/Lemmas/Pattern/TakeDrop.c
[    ] Building /workspace/shared/lean4-pr15373-head/stage0/src/../stdlib//Init/Data/String/Lemmas/Pattern/Basic.c
[    ] Building /workspace/shared/lean4-pr15373-head/stage0/src/../stdlib//Init/Data/String/Lemmas/Pattern/String.c
[    ] Building /workspace/shared/lean4-pr15373-head/stage0/src/../stdlib//Init/Data/String/Lemmas/Pattern/Find.c
[    ] Building /workspace/shared/lean4-pr15373-head/stage0/src/../stdlib//Init/Data/String/Lemmas/Pattern/Split/Basic.c
[    ] Building /workspace/shared/lean4-pr15373-head/stage0/src/../stdlib//Init/Data/String/Lemmas/Pattern/Split/Char.c
[    ] Building /workspace/shared/lean4-pr15373-head/stage0/src/../stdlib//Init/Data/String/Lemmas/Pattern/Split/Pred.c
[    ] Building /workspace/shared/lean4-pr15373-head/stage0/src/../stdlib//Init/Data/String/Lemmas/Pattern/Memcmp.c
[    ] Building /workspace/shared/lean4-pr15373-head/stage0/src/../stdlib//Init/Data/String/Lemmas/Pattern/TakeDrop/Basic.c
[    ] Building /workspace/shared/lean4-pr15373-head/stage0/src/../stdlib//Init/Data/String/Lemmas/Pattern/TakeDrop/String.c
[    ] Building /workspace/shared/lean4-pr15373-head/stage0/src/../stdlib//Init/Data/String/Lemmas/Pattern/TakeDrop/Char.c
[    ] Building /workspace/shared/lean4-pr15373-head/stage0/src/../stdlib//Init/Data/String/Lemmas/Pattern/TakeDrop/Pred.c
[    ] Building /workspace/shared/lean4-pr15373-head/stage0/src/../stdlib//Init/Data/String/Lemmas/Pattern/Split.c
[    ] Building /workspace/shared/lean4-pr15373-head/stage0/src/../stdlib//Init/Data/String/Lemmas/Pattern/Char.c
[    ] Building /workspace/shared/lean4-pr15373-head/stage0/src/../stdlib//Init/Data/String/Lemmas/Pattern/Pred.c
[    ] Building /workspace/shared/lean4-pr15373-head/stage0/src/../stdlib//Init/Data/String/Lemmas/Pattern/String/Basic.c
[    ] Building /workspace/shared/lean4-pr15373-head/stage0/src/../stdlib//Init/Data/String/Lemmas/Pattern/String/ForwardPattern.c
[    ] Building /workspace/shared/lean4-pr15373-head/stage0/src/../stdlib//Init/Data/String/Lemmas/Pattern/String/ForwardSearcher.c
[    ] Building /workspace/shared/lean4-pr15373-head/stage0/src/../stdlib//Init/Data/String/Lemmas/Pattern.c
[    ] Building /workspace/shared/lean4-pr15373-head/stage0/src/../stdlib//Init/Data/String/Lemmas/Iterate.c
[    ] Building /workspace/shared/lean4-pr15373-head/stage0/src/../stdlib//Init/Data/String/Lemmas/Hashable.c
[    ] Building /workspace/shared/lean4-pr15373-head/stage0/src/../stdlib//Init/Data/String/Lemmas/FindPos.c
[    ] Building /workspace/shared/lean4-pr15373-head/stage0/src/../stdlib//Init/Data/String/Lemmas/StringOrder.c
[    ] Building /workspace/shared/lean4-pr15373-head/stage0/src/../stdlib//Init/Data/String/Lemmas/Iter.c
[    ] Building /workspace/shared/lean4-pr15373-head/stage0/src/../stdlib//Init/Data/String/Iterator.c
[    ] Building /workspace/shared/lean4-pr15373-head/stage0/src/../stdlib//Init/Data/String/FindPos.c
[    ] Building /workspace/shared/lean4-pr15373-head/stage0/src/../stdlib//Init/Data/String/Termination.c
[    ] Building /workspace/shared/lean4-pr15373-head/stage0/src/../stdlib//Init/Data/String/Iter.c
[    ] Building /workspace/shared/lean4-pr15373-head/stage0/src/../stdlib//Init/Data/Order/Opposite.c
[    ] Building /workspace/shared/lean4-pr15373-head/stage0/src/../stdlib//Init/Data/Order/Ord.c
[    ] Building /workspace/shared/lean4-pr15373-head/stage0/src/../stdlib//Init/Data/Order/Lemmas.c
[    ] Building /workspace/shared/lean4-pr15373-head/stage0/src/../stdlib//Init/Data/Order/MinMaxOn.c
[    ] Building /workspace/shared/lean4-pr15373-head/stage0/src/../stdlib//Init/Data/Order/Classes.c
[    ] Building /workspace/shared/lean4-pr15373-head/stage0/src/../stdlib//Init/Data/Order/FactoriesExtra.c
[    ] Building /workspace/shared/lean4-pr15373-head/stage0/src/../stdlib//Init/Data/Order/Factories.c
[    ] Building /workspace/shared/lean4-pr15373-head/stage0/src/../stdlib//Init/Data/Order/LemmasExtra.c
[    ] Building /workspace/shared/lean4-pr15373-head/stage0/src/../stdlib//Init/Data/Order/ClassesExtra.c
[    ] Building /workspace/shared/lean4-pr15373-head/stage0/src/../stdlib//Init/Data/Order/PackageFactories.c
[    ] Building /workspace/shared/lean4-pr15373-head/stage0/src/../stdlib//Init/RCases.c
[    ] Building /workspace/shared/lean4-pr15373-head/stage0/src/../stdlib//Init/WFExtrinsicFix.c
[    ] Building /workspace/shared/lean4-pr15373-head/stage0/src/../stdlib//Init/WFComputable.c
[    ] Building /workspace/shared/lean4-pr15373-head/stage0/src/../stdlib//Init/Prelude.c
[    ] Building /workspace/shared/lean4-pr15373-head/stage0/src/../stdlib//Init/MetaTypes.c
[    ] Building /workspace/shared/lean4-pr15373-head/stage0/src/../stdlib//Init/Task.c
[    ] Building /workspace/shared/lean4-pr15373-head/stage0/src/../stdlib//Init/SizeOfLemmas.c
[    ] Building /workspace/shared/lean4-pr15373-head/stage0/src/../stdlib//Init/Conv.c
[    ] Building /workspace/shared/lean4-pr15373-head/stage0/src/../stdlib//Init/Tactics.c
[    ] Building /workspace/shared/lean4-pr15373-head/stage0/src/../stdlib//Init.c
[    ] Building /workspace/shared/lean4-pr15373-head/stage0/src/../stdlib//Std/Tactic.c
[    ] Building /workspace/shared/lean4-pr15373-head/stage0/src/../stdlib//Std/WP.c
[    ] Building /workspace/shared/lean4-pr15373-head/stage0/src/../stdlib//Std/Internal.c
[    ] Building /workspace/shared/lean4-pr15373-head/stage0/src/../stdlib//Std/Async.c
[    ] Building /workspace/shared/lean4-pr15373-head/stage0/src/../stdlib//Std/Net.c
[    ] Building /workspace/shared/lean4-pr15373-head/stage0/src/../stdlib//Std/Async/Basic.c
[    ] Building /workspace/shared/lean4-pr15373-head/stage0/src/../stdlib//Std/Async/IO.c
[    ] Building /workspace/shared/lean4-pr15373-head/stage0/src/../stdlib//Std/Async/ContextAsync.c
[    ] Building /workspace/shared/lean4-pr15373-head/stage0/src/../stdlib//Std/Async/UDP.c
[    ] Building /workspace/shared/lean4-pr15373-head/stage0/src/../stdlib//Std/Async/DNS.c
[    ] Building /workspace/shared/lean4-pr15373-head/stage0/src/../stdlib//Std/Async/Process.c
[    ] Building /workspace/shared/lean4-pr15373-head/stage0/src/../stdlib//Std/Async/System.c
[    ] Building /workspace/shared/lean4-pr15373-head/stage0/src/../stdlib//Std/Async/Signal.c
[    ] Building /workspace/shared/lean4-pr15373-head/stage0/src/../stdlib//Std/Async/Select.c
[    ] Building /workspace/shared/lean4-pr15373-head/stage0/src/../stdlib//Std/Async/TCP.c
[    ] Building /workspace/shared/lean4-pr15373-head/stage0/src/../stdlib//Std/Async/Timer.c
[    ] Building /workspace/shared/lean4-pr15373-head/stage0/src/../stdlib//Std/Sat.c
[    ] Building /workspace/shared/lean4-pr15373-head/stage0/src/../stdlib//Std/Do.c
[    ] Building /workspace/shared/lean4-pr15373-head/stage0/src/../stdlib//Std/Tactic/BVDecide.c
[    ] Building /workspace/shared/lean4-pr15373-head/stage0/src/../stdlib//Std/Tactic/Do.c
[    ] Building /workspace/shared/lean4-pr15373-head/stage0/src/../stdlib//Std/Tactic/BVDecide/Normalize/BitVec.c
[    ] Building /workspace/shared/lean4-pr15373-head/stage0/src/../stdlib//Std/Tactic/BVDecide/Normalize/Canonicalize.c
[    ] Building /workspace/shared/lean4-pr15373-head/stage0/src/../stdlib//Std/Tactic/BVDecide/Normalize/Equal.c
[    ] Building /workspace/shared/lean4-pr15373-head/stage0/src/../stdlib//Std/Tactic/BVDecide/Normalize/Bool.c
[    ] Building /workspace/shared/lean4-pr15373-head/stage0/src/../stdlib//Std/Tactic/BVDecide/Normalize/Prop.c
[    ] Building /workspace/shared/lean4-pr15373-head/stage0/src/../stdlib//Std/Tactic/BVDecide/Normalize.c
[    ] Building /workspace/shared/lean4-pr15373-head/stage0/src/../stdlib//Std/Tactic/BVDecide/Syntax.c
[    ] Building /workspace/shared/lean4-pr15373-head/stage0/src/../stdlib//Std/Tactic/BVDecide/Bitblast.c
[    ] Building /workspace/shared/lean4-pr15373-head/stage0/src/../stdlib//Std/Tactic/BVDecide/Bitblast/BVExpr/Basic.c
[    ] Building /workspace/shared/lean4-pr15373-head/stage0/src/../stdlib//Std/Tactic/BVDecide/Bitblast/BVExpr/Circuit.c
[    ] Building /workspace/shared/lean4-pr15373-head/stage0/src/../stdlib//Std/Tactic/BVDecide/Bitblast/BVExpr/Circuit/Lemmas.c
[    ] Building /workspace/shared/lean4-pr15373-head/stage0/src/../stdlib//Std/Tactic/BVDecide/Bitblast/BVExpr/Circuit/Impl/Var.c
[    ] Building /workspace/shared/lean4-pr15373-head/stage0/src/../stdlib//Std/Tactic/BVDecide/Bitblast/BVExpr/Circuit/Impl/Expr.c
[    ] Building /workspace/shared/lean4-pr15373-head/stage0/src/../stdlib//Std/Tactic/BVDecide/Bitblast/BVExpr/Circuit/Impl/Const.c
[    ] Building /workspace/shared/lean4-pr15373-head/stage0/src/../stdlib//Std/Tactic/BVDecide/Bitblast/BVExpr/Circuit/Impl/Carry.c
[    ] Building /workspace/shared/lean4-pr15373-head/stage0/src/../stdlib//Std/Tactic/BVDecide/Bitblast/BVExpr/Circuit/Impl/Pred.c
[    ] Building /workspace/shared/lean4-pr15373-head/stage0/src/../stdlib//Std/Tactic/BVDecide/Bitblast/BVExpr/Circuit/Impl/Operations/Sub.c
[    ] Building /workspace/shared/lean4-pr15373-head/stage0/src/../stdlib//Std/Tactic/BVDecide/Bitblast/BVExpr/Circuit/Impl/Operations/ZeroExtend.c
[    ] Building /workspace/shared/lean4-pr15373-head/stage0/src/../stdlib//Std/Tactic/BVDecide/Bitblast/BVExpr/Circuit/Impl/Operations/Ult.c
[    ] Building /workspace/shared/lean4-pr15373-head/stage0/src/../stdlib//Std/Tactic/BVDecide/Bitblast/BVExpr/Circuit/Impl/Operations/Udiv.c
[    ] Building /workspace/shared/lean4-pr15373-head/stage0/src/../stdlib//Std/Tactic/BVDecide/Bitblast/BVExpr/Circuit/Impl/Operations/Append.c
[    ] Building /workspace/shared/lean4-pr15373-head/stage0/src/../stdlib//Std/Tactic/BVDecide/Bitblast/BVExpr/Circuit/Impl/Operations/Mul.c
[    ] Building /workspace/shared/lean4-pr15373-head/stage0/src/../stdlib//Std/Tactic/BVDecide/Bitblast/BVExpr/Circuit/Impl/Operations/RotateLeft.c
[    ] Building /workspace/shared/lean4-pr15373-head/stage0/src/../stdlib//Std/Tactic/BVDecide/Bitblast/BVExpr/Circuit/Impl/Operations/RotateRight.c
[    ] Building /workspace/shared/lean4-pr15373-head/stage0/src/../stdlib//Std/Tactic/BVDecide/Bitblast/BVExpr/Circuit/Impl/Operations/Reverse.c
[    ] Building /workspace/shared/lean4-pr15373-head/stage0/src/../stdlib//Std/Tactic/BVDecide/Bitblast/BVExpr/Circuit/Impl/Operations/GetLsbD.c
[    ] Building /workspace/shared/lean4-pr15373-head/stage0/src/../stdlib//Std/Tactic/BVDecide/Bitblast/BVExpr/Circuit/Impl/Operations/ShiftRight.c
[    ] Building /workspace/shared/lean4-pr15373-head/stage0/src/../stdlib//Std/Tactic/BVDecide/Bitblast/BVExpr/Circuit/Impl/Operations/Cpop.c
[    ] Building /workspace/shared/lean4-pr15373-head/stage0/src/../stdlib//Std/Tactic/BVDecide/Bitblast/BVExpr/Circuit/Impl/Operations/Umod.c
[    ] Building /workspace/shared/lean4-pr15373-head/stage0/src/../stdlib//Std/Tactic/BVDecide/Bitblast/BVExpr/Circuit/Impl/Operations/ShiftLeft.c
[    ] Building /workspace/shared/lean4-pr15373-head/stage0/src/../stdlib//Std/Tactic/BVDecide/Bitblast/BVExpr/Circuit/Impl/Operations/Add.c
[    ] Building /workspace/shared/lean4-pr15373-head/stage0/src/../stdlib//Std/Tactic/BVDecide/Bitblast/BVExpr/Circuit/Impl/Operations/Replicate.c
[    ] Building /workspace/shared/lean4-pr15373-head/stage0/src/../stdlib//Std/Tactic/BVDecide/Bitblast/BVExpr/Circuit/Impl/Operations/Clz.c
[    ] Building /workspace/shared/lean4-pr15373-head/stage0/src/../stdlib//Std/Tactic/BVDecide/Bitblast/BVExpr/Circuit/Impl/Operations/Extract.c
[    ] Building /workspace/shared/lean4-pr15373-head/stage0/src/../stdlib//Std/Tactic/BVDecide/Bitblast/BVExpr/Circuit/Impl/Operations/Neg.c
[    ] Building /workspace/shared/lean4-pr15373-head/stage0/src/../stdlib//Std/Tactic/BVDecide/Bitblast/BVExpr/Circuit/Impl/Operations/Eq.c
[    ] Building /workspace/shared/lean4-pr15373-head/stage0/src/../stdlib//Std/Tactic/BVDecide/Bitblast/BVExpr/Circuit/Impl/Operations/Not.c
[    ] Building /workspace/shared/lean4-pr15373-head/stage0/src/../stdlib//Std/Tactic/BVDecide/Bitblast/BVExpr/Circuit/Impl/Substructure.c
[    ] Building /workspace/shared/lean4-pr15373-head/stage0/src/../stdlib//Std/Tactic/BVDecide/Bitblast/BVExpr/Circuit/Lemmas/Basic.c
[    ] Building /workspace/shared/lean4-pr15373-head/stage0/src/../stdlib//Std/Tactic/BVDecide/Bitblast/BVExpr/Circuit/Lemmas/Var.c
[    ] Building /workspace/shared/lean4-pr15373-head/stage0/src/../stdlib//Std/Tactic/BVDecide/Bitblast/BVExpr/Circuit/Lemmas/Expr.c
[    ] Building /workspace/shared/lean4-pr15373-head/stage0/src/../stdlib//Std/Tactic/BVDecide/Bitblast/BVExpr/Circuit/Lemmas/Const.c
[    ] Building /workspace/shared/lean4-pr15373-head/stage0/src/../stdlib//Std/Tactic/BVDecide/Bitblast/BVExpr/Circuit/Lemmas/Carry.c
[    ] Building /workspace/shared/lean4-pr15373-head/stage0/src/../stdlib//Std/Tactic/BVDecide/Bitblast/BVExpr/Circuit/Lemmas/Pred.c
[    ] Building /workspace/shared/lean4-pr15373-head/stage0/src/../stdlib//Std/Tactic/BVDecide/Bitblast/BVExpr/Circuit/Lemmas/Operations/Sub.c
[    ] Building /workspace/shared/lean4-pr15373-head/stage0/src/../stdlib//Std/Tactic/BVDecide/Bitblast/BVExpr/Circuit/Lemmas/Operations/ZeroExtend.c
[    ] Building /workspace/shared/lean4-pr15373-head/stage0/src/../stdlib//Std/Tactic/BVDecide/Bitblast/BVExpr/Circuit/Lemmas/Operations/Ult.c
[    ] Building /workspace/shared/lean4-pr15373-head/stage0/src/../stdlib//Std/Tactic/BVDecide/Bitblast/BVExpr/Circuit/Lemmas/Operations/Udiv.c
[    ] Building /workspace/shared/lean4-pr15373-head/stage0/src/../stdlib//Std/Tactic/BVDecide/Bitblast/BVExpr/Circuit/Lemmas/Operations/Append.c
[    ] Building /workspace/shared/lean4-pr15373-head/stage0/src/../stdlib//Std/Tactic/BVDecide/Bitblast/BVExpr/Circuit/Lemmas/Operations/Mul.c
[    ] Building /workspace/shared/lean4-pr15373-head/stage0/src/../stdlib//Std/Tactic/BVDecide/Bitblast/BVExpr/Circuit/Lemmas/Operations/RotateLeft.c
[    ] Building /workspace/shared/lean4-pr15373-head/stage0/src/../stdlib//Std/Tactic/BVDecide/Bitblast/BVExpr/Circuit/Lemmas/Operations/RotateRight.c
[    ] Building /workspace/shared/lean4-pr15373-head/stage0/src/../stdlib//Std/Tactic/BVDecide/Bitblast/BVExpr/Circuit/Lemmas/Operations/Reverse.c
[    ] Building /workspace/shared/lean4-pr15373-head/stage0/src/../stdlib//Std/Tactic/BVDecide/Bitblast/BVExpr/Circuit/Lemmas/Operations/GetLsbD.c
[    ] Building /workspace/shared/lean4-pr15373-head/stage0/src/../stdlib//Std/Tactic/BVDecide/Bitblast/BVExpr/Circuit/Lemmas/Operations/ShiftRight.c
[    ] Building /workspace/shared/lean4-pr15373-head/stage0/src/../stdlib//Std/Tactic/BVDecide/Bitblast/BVExpr/Circuit/Lemmas/Operations/Cpop.c
[    ] Building /workspace/shared/lean4-pr15373-head/stage0/src/../stdlib//Std/Tactic/BVDecide/Bitblast/BVExpr/Circuit/Lemmas/Operations/Umod.c
[    ] Building /workspace/shared/lean4-pr15373-head/stage0/src/../stdlib//Std/Tactic/BVDecide/Bitblast/BVExpr/Circuit/Lemmas/Operations/ShiftLeft.c
[    ] Building /workspace/shared/lean4-pr15373-head/stage0/src/../stdlib//Std/Tactic/BVDecide/Bitblast/BVExpr/Circuit/Lemmas/Operations/Add.c
[    ] Building /workspace/shared/lean4-pr15373-head/stage0/src/../stdlib//Std/Tactic/BVDecide/Bitblast/BVExpr/Circuit/Lemmas/Operations/Replicate.c
[    ] Building /workspace/shared/lean4-pr15373-head/stage0/src/../stdlib//Std/Tactic/BVDecide/Bitblast/BVExpr/Circuit/Lemmas/Operations/Clz.c
[    ] Building /workspace/shared/lean4-pr15373-head/stage0/src/../stdlib//Std/Tactic/BVDecide/Bitblast/BVExpr/Circuit/Lemmas/Operations/Extract.c
[    ] Building /workspace/shared/lean4-pr15373-head/stage0/src/../stdlib//Std/Tactic/BVDecide/Bitblast/BVExpr/Circuit/Lemmas/Operations/Neg.c
[    ] Building /workspace/shared/lean4-pr15373-head/stage0/src/../stdlib//Std/Tactic/BVDecide/Bitblast/BVExpr/Circuit/Lemmas/Operations/Eq.c
[    ] Building /workspace/shared/lean4-pr15373-head/stage0/src/../stdlib//Std/Tactic/BVDecide/Bitblast/BVExpr/Circuit/Lemmas/Operations/Not.c
[    ] Building /workspace/shared/lean4-pr15373-head/stage0/src/../stdlib//Std/Tactic/BVDecide/Bitblast/BVExpr/Circuit/Impl.c
[    ] Building /workspace/shared/lean4-pr15373-head/stage0/src/../stdlib//Std/Tactic/BVDecide/Bitblast/BoolExpr/Basic.c
[    ] Building /workspace/shared/lean4-pr15373-head/stage0/src/../stdlib//Std/Tactic/BVDecide/Bitblast/BVExpr.c
[    ] Building /workspace/shared/lean4-pr15373-head/stage0/src/../stdlib//Std/Tactic/BVDecide/Bitblast/BoolExpr.c
[    ] Building /workspace/shared/lean4-pr15373-head/stage0/src/../stdlib//Std/Tactic/BVDecide/LRAT.c
[    ] Building /workspace/shared/lean4-pr15373-head/stage0/src/../stdlib//Std/Tactic/BVDecide/LRAT/Parser.c
[    ] Building /workspace/shared/lean4-pr15373-head/stage0/src/../stdlib//Std/Tactic/BVDecide/LRAT/Checker.c
[    ] Building /workspace/shared/lean4-pr15373-head/stage0/src/../stdlib//Std/Tactic/BVDecide/LRAT/Internal.c
[    ] Building /workspace/shared/lean4-pr15373-head/stage0/src/../stdlib//Std/Tactic/BVDecide/LRAT/Actions.c
[    ] Building /workspace/shared/lean4-pr15373-head/stage0/src/../stdlib//Std/Tactic/BVDecide/LRAT/Internal/Assignment.c
[    ] Building /workspace/shared/lean4-pr15373-head/stage0/src/../stdlib//Std/Tactic/BVDecide/LRAT/Internal/Basic.c
[    ] Building /workspace/shared/lean4-pr15373-head/stage0/src/../stdlib//Std/Tactic/BVDecide/LRAT/Internal/Rup.c
[    ] Building /workspace/shared/lean4-pr15373-head/stage0/src/../stdlib//Std/Tactic/BVDecide/LRAT/Internal/Checker.c
[    ] Building /workspace/shared/lean4-pr15373-head/stage0/src/../stdlib//Std/Tactic/BVDecide/LRAT/Internal/Rat.c
[    ] Building /workspace/shared/lean4-pr15373-head/stage0/src/../stdlib//Std/Tactic/BVDecide/LRAT/Internal/Delete.c
[    ] Building /workspace/shared/lean4-pr15373-head/stage0/src/../stdlib//Std/Tactic/BVDecide/LRAT/Internal/Add.c
[    ] Building /workspace/shared/lean4-pr15373-head/stage0/src/../stdlib//Std/Tactic/BVDecide/LRAT/Internal/Empty.c
[    ] Building /workspace/shared/lean4-pr15373-head/stage0/src/../stdlib//Std/Tactic/BVDecide/Reflect.c
[    ] Building /workspace/shared/lean4-pr15373-head/stage0/src/../stdlib//Std/Tactic/Do/Syntax.c
[    ] Building /workspace/shared/lean4-pr15373-head/stage0/src/../stdlib//Std/Tactic/Do/ProofMode.c
[    ] Building /workspace/shared/lean4-pr15373-head/stage0/src/../stdlib//Std/Http.c
[    ] Building /workspace/shared/lean4-pr15373-head/stage0/src/../stdlib//Std/Sync/Basic.c
[    ] Building /workspace/shared/lean4-pr15373-head/stage0/src/../stdlib//Std/Sync/Mutex.c
[    ] Building /workspace/shared/lean4-pr15373-head/stage0/src/../stdlib//Std/Sync/CancellationContext.c
[    ] Building /workspace/shared/lean4-pr15373-head/stage0/src/../stdlib//Std/Sync/Barrier.c
[    ] Building /workspace/shared/lean4-pr15373-head/stage0/src/../stdlib//Std/Sync/StreamMap.c
[    ] Building /workspace/shared/lean4-pr15373-head/stage0/src/../stdlib//Std/Sync/RecursiveMutex.c
[    ] Building /workspace/shared/lean4-pr15373-head/stage0/src/../stdlib//Std/Sync/SharedMutex.c
[    ] Building /workspace/shared/lean4-pr15373-head/stage0/src/../stdlib//Std/Sync/CancellationToken.c
[    ] Building /workspace/shared/lean4-pr15373-head/stage0/src/../stdlib//Std/Sync/Notify.c
[    ] Building /workspace/shared/lean4-pr15373-head/stage0/src/../stdlib//Std/Sync/Semaphore.c
[    ] Building /workspace/shared/lean4-pr15373-head/stage0/src/../stdlib//Std/Sync/Broadcast.c
[    ] Building /workspace/shared/lean4-pr15373-head/stage0/src/../stdlib//Std/Sync/Channel.c
[    ] Building /workspace/shared/lean4-pr15373-head/stage0/src/../stdlib//Std/Data.c
[    ] Building /workspace/shared/lean4-pr15373-head/stage0/src/../stdlib//Std/Http/Server/Handler.c
[    ] Building /workspace/shared/lean4-pr15373-head/stage0/src/../stdlib//Std/Http/Server/Config.c
[    ] Building /workspace/shared/lean4-pr15373-head/stage0/src/../stdlib//Std/Http/Server/Connection.c
[    ] Building /workspace/shared/lean4-pr15373-head/stage0/src/../stdlib//Std/Http/Internal.c
[    ] Building /workspace/shared/lean4-pr15373-head/stage0/src/../stdlib//Std/Http/Server.c
[    ] Building /workspace/shared/lean4-pr15373-head/stage0/src/../stdlib//Std/Http/Data.c
[    ] Building /workspace/shared/lean4-pr15373-head/stage0/src/../stdlib//Std/Http/Test/Helpers.c
[    ] Building /workspace/shared/lean4-pr15373-head/stage0/src/../stdlib//Std/Http/Protocol/H1.c
[    ] Building /workspace/shared/lean4-pr15373-head/stage0/src/../stdlib//Std/Http/Protocol/H1/Redirect.c
[    ] Building /workspace/shared/lean4-pr15373-head/stage0/src/../stdlib//Std/Http/Protocol/H1/Parser.c
[    ] Building /workspace/shared/lean4-pr15373-head/stage0/src/../stdlib//Std/Http/Protocol/H1/Config.c
[    ] Building /workspace/shared/lean4-pr15373-head/stage0/src/../stdlib//Std/Http/Protocol/H1/Error.c
[    ] Building /workspace/shared/lean4-pr15373-head/stage0/src/../stdlib//Std/Http/Protocol/H1/Event.c
[    ] Building /workspace/shared/lean4-pr15373-head/stage0/src/../stdlib//Std/Http/Protocol/H1/Reader.c
[    ] Building /workspace/shared/lean4-pr15373-head/stage0/src/../stdlib//Std/Http/Protocol/H1/Message.c
[    ] Building /workspace/shared/lean4-pr15373-head/stage0/src/../stdlib//Std/Http/Protocol/H1/Writer.c
[    ] Building /workspace/shared/lean4-pr15373-head/stage0/src/../stdlib//Std/Http/Internal/String.c
[    ] Building /workspace/shared/lean4-pr15373-head/stage0/src/../stdlib//Std/Http/Internal/LowerCase.c
[    ] Building /workspace/shared/lean4-pr15373-head/stage0/src/../stdlib//Std/Http/Internal/IndexMultiMap.c
[    ] Building /workspace/shared/lean4-pr15373-head/stage0/src/../stdlib//Std/Http/Internal/Encode.c
[    ] Building /workspace/shared/lean4-pr15373-head/stage0/src/../stdlib//Std/Http/Internal/Char.c
[    ] Building /workspace/shared/lean4-pr15373-head/stage0/src/../stdlib//Std/Http/Internal/ChunkedBuffer.c
[    ] Building /workspace/shared/lean4-pr15373-head/stage0/src/../stdlib//Std/Http/Data/URI.c
[    ] Building /workspace/shared/lean4-pr15373-head/stage0/src/../stdlib//Std/Http/Data/Extensions.c
[    ] Building /workspace/shared/lean4-pr15373-head/stage0/src/../stdlib//Std/Http/Data/Version.c
[    ] Building /workspace/shared/lean4-pr15373-head/stage0/src/../stdlib//Std/Http/Data/URI/Basic.c
[    ] Building /workspace/shared/lean4-pr15373-head/stage0/src/../stdlib//Std/Http/Data/URI/Parser.c
[    ] Building /workspace/shared/lean4-pr15373-head/stage0/src/../stdlib//Std/Http/Data/URI/Encoding.c
[    ] Building /workspace/shared/lean4-pr15373-head/stage0/src/../stdlib//Std/Http/Data/URI/Config.c
[    ] Building /workspace/shared/lean4-pr15373-head/stage0/src/../stdlib//Std/Http/Data/Body/Length.c
[    ] Building /workspace/shared/lean4-pr15373-head/stage0/src/../stdlib//Std/Http/Data/Body/Basic.c
[    ] Building /workspace/shared/lean4-pr15373-head/stage0/src/../stdlib//Std/Http/Data/Body/Full.c
[    ] Building /workspace/shared/lean4-pr15373-head/stage0/src/../stdlib//Std/Http/Data/Body/Stream.c
[    ] Building /workspace/shared/lean4-pr15373-head/stage0/src/../stdlib//Std/Http/Data/Body/Replayable.c
[    ] Building /workspace/shared/lean4-pr15373-head/stage0/src/../stdlib//Std/Http/Data/Body/Any.c
[    ] Building /workspace/shared/lean4-pr15373-head/stage0/src/../stdlib//Std/Http/Data/Body/Empty.c
[    ] Building /workspace/shared/lean4-pr15373-head/stage0/src/../stdlib//Std/Http/Data/Chunk.c
[    ] Building /workspace/shared/lean4-pr15373-head/stage0/src/../stdlib//Std/Http/Data/Method.c
[    ] Building /workspace/shared/lean4-pr15373-head/stage0/src/../stdlib//Std/Http/Data/Status.c
[    ] Building /workspace/shared/lean4-pr15373-head/stage0/src/../stdlib//Std/Http/Data/Response.c
[    ] Building /workspace/shared/lean4-pr15373-head/stage0/src/../stdlib//Std/Http/Data/Request.c
[    ] Building /workspace/shared/lean4-pr15373-head/stage0/src/../stdlib//Std/Http/Data/Headers/Basic.c
[    ] Building /workspace/shared/lean4-pr15373-head/stage0/src/../stdlib//Std/Http/Data/Headers/Name.c
[    ] Building /workspace/shared/lean4-pr15373-head/stage0/src/../stdlib//Std/Http/Data/Headers/Value.c
[    ] Building /workspace/shared/lean4-pr15373-head/stage0/src/../stdlib//Std/Http/Data/Body.c
[    ] Building /workspace/shared/lean4-pr15373-head/stage0/src/../stdlib//Std/Http/Data/Headers.c
[    ] Building /workspace/shared/lean4-pr15373-head/stage0/src/../stdlib//Std/Http/Transport.c
[    ] Building /workspace/shared/lean4-pr15373-head/stage0/src/../stdlib//Std/WP/Basic.c
[    ] Building /workspace/shared/lean4-pr15373-head/stage0/src/../stdlib//Std/WP/Frame.c
[    ] Building /workspace/shared/lean4-pr15373-head/stage0/src/../stdlib//Std/WP/EStack.c
[    ] Building /workspace/shared/lean4-pr15373-head/stage0/src/../stdlib//Std/WP/Monad/Basic.c
[    ] Building /workspace/shared/lean4-pr15373-head/stage0/src/../stdlib//Std/WP/Monad/Frame.c
[    ] Building /workspace/shared/lean4-pr15373-head/stage0/src/../stdlib//Std/WP/Monad/Lemmas.c
[    ] Building /workspace/shared/lean4-pr15373-head/stage0/src/../stdlib//Std/WP/Monad/Instances.c
[    ] Building /workspace/shared/lean4-pr15373-head/stage0/src/../stdlib//Std/WP/Monad/Conjunctive.c
[    ] Building /workspace/shared/lean4-pr15373-head/stage0/src/../stdlib//Std/WP/Monad/Sound.c
[    ] Building /workspace/shared/lean4-pr15373-head/stage0/src/../stdlib//Std/WP/Conjunctive.c
[    ] Building /workspace/shared/lean4-pr15373-head/stage0/src/../stdlib//Std/WP/Gadget/ForIn.c
[    ] Building /workspace/shared/lean4-pr15373-head/stage0/src/../stdlib//Std/WP/Gadget/Assert.c
[    ] Building /workspace/shared/lean4-pr15373-head/stage0/src/../stdlib//Std/WP/Monad.c
[    ] Building /workspace/shared/lean4-pr15373-head/stage0/src/../stdlib//Std/WP/Triple/Basic.c
[    ] Building /workspace/shared/lean4-pr15373-head/stage0/src/../stdlib//Std/WP/Triple/Conjunctive.c
[    ] Building /workspace/shared/lean4-pr15373-head/stage0/src/../stdlib//Std/WP/Triple/SpecLemmas.c
[    ] Building /workspace/shared/lean4-pr15373-head/stage0/src/../stdlib//Std/WP/Triple/Monad.c
[    ] Building /workspace/shared/lean4-pr15373-head/stage0/src/../stdlib//Std/WP/Triple.c
[    ] Building /workspace/shared/lean4-pr15373-head/stage0/src/../stdlib//Std/WP/Assertion.c
[    ] Building /workspace/shared/lean4-pr15373-head/stage0/src/../stdlib//Std/Internal/ForIn.c
[    ] Building /workspace/shared/lean4-pr15373-head/stage0/src/../stdlib//Std/Internal/ForIn/Basic.c
[    ] Building /workspace/shared/lean4-pr15373-head/stage0/src/../stdlib//Std/Internal/ForIn/Lemmas.c
[    ] Building /workspace/shared/lean4-pr15373-head/stage0/src/../stdlib//Std/Internal/UV.c
[    ] Building /workspace/shared/lean4-pr15373-head/stage0/src/../stdlib//Std/Internal/Parsec.c
[    ] Building /workspace/shared/lean4-pr15373-head/stage0/src/../stdlib//Std/Internal/Parsec/Basic.c
[    ] Building /workspace/shared/lean4-pr15373-head/stage0/src/../stdlib//Std/Internal/Parsec/String.c
[    ] Building /workspace/shared/lean4-pr15373-head/stage0/src/../stdlib//Std/Internal/Parsec/ByteArray.c
[    ] Building /workspace/shared/lean4-pr15373-head/stage0/src/../stdlib//Std/Internal/UV/UDP.c
[    ] Building /workspace/shared/lean4-pr15373-head/stage0/src/../stdlib//Std/Internal/UV/DNS.c
[    ] Building /workspace/shared/lean4-pr15373-head/stage0/src/../stdlib//Std/Internal/UV/System.c
[    ] Building /workspace/shared/lean4-pr15373-head/stage0/src/../stdlib//Std/Internal/UV/Signal.c
[    ] Building /workspace/shared/lean4-pr15373-head/stage0/src/../stdlib//Std/Internal/UV/TCP.c
[    ] Building /workspace/shared/lean4-pr15373-head/stage0/src/../stdlib//Std/Internal/UV/Timer.c
[    ] Building /workspace/shared/lean4-pr15373-head/stage0/src/../stdlib//Std/Internal/UV/Loop.c
[    ] Building /workspace/shared/lean4-pr15373-head/stage0/src/../stdlib//Std/Internal/Order/Basic.c
[    ] Building /workspace/shared/lean4-pr15373-head/stage0/src/../stdlib//Std/Internal/Order/PropLattice.c
[    ] Building /workspace/shared/lean4-pr15373-head/stage0/src/../stdlib//Std/Internal/Order/Heyting.c
[    ] Building /workspace/shared/lean4-pr15373-head/stage0/src/../stdlib//Std/Internal/Order/Lemmas.c
[    ] Building /workspace/shared/lean4-pr15373-head/stage0/src/../stdlib//Std/Internal/Order/PreservesSup.c
[    ] Building /workspace/shared/lean4-pr15373-head/stage0/src/../stdlib//Std/Internal/Order/PredTrans.c
[    ] Building /workspace/shared/lean4-pr15373-head/stage0/src/../stdlib//Std/Internal/Order/Instances.c
[    ] Building /workspace/shared/lean4-pr15373-head/stage0/src/../stdlib//Std/Internal/Order/OfProp.c
[    ] Building /workspace/shared/lean4-pr15373-head/stage0/src/../stdlib//Std/Internal/Order/FrameClosure.c
[    ] Building /workspace/shared/lean4-pr15373-head/stage0/src/../stdlib//Std/Net/Addr.c
[    ] Building /workspace/shared/lean4-pr15373-head/stage0/src/../stdlib//Std/Sat/AIG.c
[    ] Building /workspace/shared/lean4-pr15373-head/stage0/src/../stdlib//Std/Sat/AIG/Basic.c
[    ] Building /workspace/shared/lean4-pr15373-head/stage0/src/../stdlib//Std/Sat/AIG/RefVecOperator.c
[    ] Building /workspace/shared/lean4-pr15373-head/stage0/src/../stdlib//Std/Sat/AIG/RelabelNat.c
[    ] Building /workspace/shared/lean4-pr15373-head/stage0/src/../stdlib//Std/Sat/AIG/Lemmas.c
[    ] Building /workspace/shared/lean4-pr15373-head/stage0/src/../stdlib//Std/Sat/AIG/LawfulOperator.c
[    ] Building /workspace/shared/lean4-pr15373-head/stage0/src/../stdlib//Std/Sat/AIG/Relabel.c
[    ] Building /workspace/shared/lean4-pr15373-head/stage0/src/../stdlib//Std/Sat/AIG/CachedGates.c
[    ] Building /workspace/shared/lean4-pr15373-head/stage0/src/../stdlib//Std/Sat/AIG/CachedLemmas.c
[    ] Building /workspace/shared/lean4-pr15373-head/stage0/src/../stdlib//Std/Sat/AIG/CNF.c
[    ] Building /workspace/shared/lean4-pr15373-head/stage0/src/../stdlib//Std/Sat/AIG/Cached.c
[    ] Building /workspace/shared/lean4-pr15373-head/stage0/src/../stdlib//Std/Sat/AIG/RefVec.c
[    ] Building /workspace/shared/lean4-pr15373-head/stage0/src/../stdlib//Std/Sat/AIG/RefVecOperator/Zip.c
[    ] Building /workspace/shared/lean4-pr15373-head/stage0/src/../stdlib//Std/Sat/AIG/RefVecOperator/Fold.c
[    ] Building /workspace/shared/lean4-pr15373-head/stage0/src/../stdlib//Std/Sat/AIG/RefVecOperator/Map.c
[    ] Building /workspace/shared/lean4-pr15373-head/stage0/src/../stdlib//Std/Sat/AIG/CachedGatesLemmas.c
[    ] Building /workspace/shared/lean4-pr15373-head/stage0/src/../stdlib//Std/Sat/AIG/LawfulVecOperator.c
[    ] Building /workspace/shared/lean4-pr15373-head/stage0/src/../stdlib//Std/Sat/AIG/If.c
[    ] Building /workspace/shared/lean4-pr15373-head/stage0/src/../stdlib//Std/Sat/CNF.c
[    ] Building /workspace/shared/lean4-pr15373-head/stage0/src/../stdlib//Std/Sat/CNF/Basic.c
[    ] Building /workspace/shared/lean4-pr15373-head/stage0/src/../stdlib//Std/Sat/CNF/Dimacs.c
[    ] Building /workspace/shared/lean4-pr15373-head/stage0/src/../stdlib//Std/Sat/CNF/Literal.c
[    ] Building /workspace/shared/lean4-pr15373-head/stage0/src/../stdlib//Std/Sat/CNF/Redundancy.c
[    ] Building /workspace/shared/lean4-pr15373-head/stage0/src/../stdlib//Std/Sat/CNF/Sat.c
[    ] Building /workspace/shared/lean4-pr15373-head/stage0/src/../stdlib//Std/Sat/CNF/Unit.c
[    ] Building /workspace/shared/lean4-pr15373-head/stage0/src/../stdlib//Std/Sat/CNF/Relabel.c
[    ] Building /workspace/shared/lean4-pr15373-head/stage0/src/../stdlib//Std/Sat/CNF/SpecLemmas.c
[    ] Building /workspace/shared/lean4-pr15373-head/stage0/src/../stdlib//Std/Sat/CNF/Negation.c
[    ] Building /workspace/shared/lean4-pr15373-head/stage0/src/../stdlib//Std/Sat/CNF/Entails.c
[    ] Building /workspace/shared/lean4-pr15373-head/stage0/src/../stdlib//Std/Sat/CNF/RelabelFin.c
[    ] Building /workspace/shared/lean4-pr15373-head/stage0/src/../stdlib//Std/Data/String.c
[    ] Building /workspace/shared/lean4-pr15373-head/stage0/src/../stdlib//Std/Data/ExtDTreeMap.c
[    ] Building /workspace/shared/lean4-pr15373-head/stage0/src/../stdlib//Std/Data/ExtTreeSet/Basic.c
[    ] Building /workspace/shared/lean4-pr15373-head/stage0/src/../stdlib//Std/Data/ExtTreeSet/Lemmas.c
[    ] Building /workspace/shared/lean4-pr15373-head/stage0/src/../stdlib//Std/Data/ExtHashMap/Basic.c
[    ] Building /workspace/shared/lean4-pr15373-head/stage0/src/../stdlib//Std/Data/ExtHashMap/Lemmas.c
[    ] Building /workspace/shared/lean4-pr15373-head/stage0/src/../stdlib//Std/Data/HashMap/Basic.c
[    ] Building /workspace/shared/lean4-pr15373-head/stage0/src/../stdlib//Std/Data/HashMap/Lemmas.c
[    ] Building /workspace/shared/lean4-pr15373-head/stage0/src/../stdlib//Std/Data/HashMap/Raw.c
[    ] Building /workspace/shared/lean4-pr15373-head/stage0/src/../stdlib//Std/Data/HashMap/RawDecidableEquiv.c
[    ] Building /workspace/shared/lean4-pr15373-head/stage0/src/../stdlib//Std/Data/HashMap/AdditionalOperations.c
[    ] Building /workspace/shared/lean4-pr15373-head/stage0/src/../stdlib//Std/Data/HashMap/DecidableEquiv.c
[    ] Building /workspace/shared/lean4-pr15373-head/stage0/src/../stdlib//Std/Data/HashMap/Iterator.c
[    ] Building /workspace/shared/lean4-pr15373-head/stage0/src/../stdlib//Std/Data/HashMap/IteratorLemmas.c
[    ] Building /workspace/shared/lean4-pr15373-head/stage0/src/../stdlib//Std/Data/HashMap/RawLemmas.c
[    ] Building /workspace/shared/lean4-pr15373-head/stage0/src/../stdlib//Std/Data/ExtDHashMap/Basic.c
[    ] Building /workspace/shared/lean4-pr15373-head/stage0/src/../stdlib//Std/Data/ExtDHashMap/Lemmas.c
[    ] Building /workspace/shared/lean4-pr15373-head/stage0/src/../stdlib//Std/Data/TreeSet.c
[    ] Building /workspace/shared/lean4-pr15373-head/stage0/src/../stdlib//Std/Data/ExtHashSet.c
[    ] Building /workspace/shared/lean4-pr15373-head/stage0/src/../stdlib//Std/Data/HashMap.c
[    ] Building /workspace/shared/lean4-pr15373-head/stage0/src/../stdlib//Std/Data/HashSet/Basic.c
[    ] Building /workspace/shared/lean4-pr15373-head/stage0/src/../stdlib//Std/Data/HashSet/Lemmas.c
[    ] Building /workspace/shared/lean4-pr15373-head/stage0/src/../stdlib//Std/Data/HashSet/Raw.c
[    ] Building /workspace/shared/lean4-pr15373-head/stage0/src/../stdlib//Std/Data/HashSet/RawDecidableEquiv.c
[    ] Building /workspace/shared/lean4-pr15373-head/stage0/src/../stdlib//Std/Data/HashSet/DecidableEquiv.c
[    ] Building /workspace/shared/lean4-pr15373-head/stage0/src/../stdlib//Std/Data/HashSet/Iterator.c
[    ] Building /workspace/shared/lean4-pr15373-head/stage0/src/../stdlib//Std/Data/HashSet/IteratorLemmas.c
[    ] Building /workspace/shared/lean4-pr15373-head/stage0/src/../stdlib//Std/Data/HashSet/RawLemmas.c
[    ] Building /workspace/shared/lean4-pr15373-head/stage0/src/../stdlib//Std/Data/Iterators/Consumers/Set.c
[    ] Building /workspace/shared/lean4-pr15373-head/stage0/src/../stdlib//Std/Data/Iterators/Consumers/Monadic/Set.c
[    ] Building /workspace/shared/lean4-pr15373-head/stage0/src/../stdlib//Std/Data/Iterators/Consumers/Monadic.c
[    ] Building /workspace/shared/lean4-pr15373-head/stage0/src/../stdlib//Std/Data/Iterators/Lemmas.c
[    ] Building /workspace/shared/lean4-pr15373-head/stage0/src/../stdlib//Std/Data/Iterators/Combinators/Zip.c
[    ] Building /workspace/shared/lean4-pr15373-head/stage0/src/../stdlib//Std/Data/Iterators/Combinators/TakeWhile.c
[    ] Building /workspace/shared/lean4-pr15373-head/stage0/src/../stdlib//Std/Data/Iterators/Combinators/Drop.c
[    ] Building /workspace/shared/lean4-pr15373-head/stage0/src/../stdlib//Std/Data/Iterators/Combinators/Monadic/Zip.c
[    ] Building /workspace/shared/lean4-pr15373-head/stage0/src/../stdlib//Std/Data/Iterators/Combinators/Monadic/TakeWhile.c
[    ] Building /workspace/shared/lean4-pr15373-head/stage0/src/../stdlib//Std/Data/Iterators/Combinators/Monadic/Drop.c
[    ] Building /workspace/shared/lean4-pr15373-head/stage0/src/../stdlib//Std/Data/Iterators/Combinators/Monadic/StepSize.c
[    ] Building /workspace/shared/lean4-pr15373-head/stage0/src/../stdlib//Std/Data/Iterators/Combinators/Monadic/DropWhile.c
[    ] Building /workspace/shared/lean4-pr15373-head/stage0/src/../stdlib//Std/Data/Iterators/Combinators/StepSize.c
[    ] Building /workspace/shared/lean4-pr15373-head/stage0/src/../stdlib//Std/Data/Iterators/Combinators/DropWhile.c
[    ] Building /workspace/shared/lean4-pr15373-head/stage0/src/../stdlib//Std/Data/Iterators/Combinators/Monadic.c
[    ] Building /workspace/shared/lean4-pr15373-head/stage0/src/../stdlib//Std/Data/Iterators/Producers/Repeat.c
[    ] Building /workspace/shared/lean4-pr15373-head/stage0/src/../stdlib//Std/Data/Iterators/Producers/Monadic/Array.c
[    ] Building /workspace/shared/lean4-pr15373-head/stage0/src/../stdlib//Std/Data/Iterators/Producers/Monadic/Vector.c
[    ] Building /workspace/shared/lean4-pr15373-head/stage0/src/../stdlib//Std/Data/Iterators/Producers/Monadic/Empty.c
[    ] Building /workspace/shared/lean4-pr15373-head/stage0/src/../stdlib//Std/Data/Iterators/Producers/Slice.c
[    ] Building /workspace/shared/lean4-pr15373-head/stage0/src/../stdlib//Std/Data/Iterators/Producers/Array.c
[    ] Building /workspace/shared/lean4-pr15373-head/stage0/src/../stdlib//Std/Data/Iterators/Producers/Vector.c
[    ] Building /workspace/shared/lean4-pr15373-head/stage0/src/../stdlib//Std/Data/Iterators/Producers/Range.c
[    ] Building /workspace/shared/lean4-pr15373-head/stage0/src/../stdlib//Std/Data/Iterators/Producers/Monadic.c
[    ] Building /workspace/shared/lean4-pr15373-head/stage0/src/../stdlib//Std/Data/Iterators/Producers/Empty.c
[    ] Building /workspace/shared/lean4-pr15373-head/stage0/src/../stdlib//Std/Data/Iterators/Producers.c
[    ] Building /workspace/shared/lean4-pr15373-head/stage0/src/../stdlib//Std/Data/Iterators/Consumers.c
[    ] Building /workspace/shared/lean4-pr15373-head/stage0/src/../stdlib//Std/Data/Iterators/Combinators.c
[    ] Building /workspace/shared/lean4-pr15373-head/stage0/src/../stdlib//Std/Data/Iterators/Lemmas/Consumers/Set.c
[    ] Building /workspace/shared/lean4-pr15373-head/stage0/src/../stdlib//Std/Data/Iterators/Lemmas/Consumers/Monadic/Set.c
[    ] Building /workspace/shared/lean4-pr15373-head/stage0/src/../stdlib//Std/Data/Iterators/Lemmas/Consumers/Monadic/Collect.c
[    ] Building /workspace/shared/lean4-pr15373-head/stage0/src/../stdlib//Std/Data/Iterators/Lemmas/Consumers/Monadic/Loop.c
[    ] Building /workspace/shared/lean4-pr15373-head/stage0/src/../stdlib//Std/Data/Iterators/Lemmas/Consumers/Monadic.c
[    ] Building /workspace/shared/lean4-pr15373-head/stage0/src/../stdlib//Std/Data/Iterators/Lemmas/Consumers/Collect.c
[    ] Building /workspace/shared/lean4-pr15373-head/stage0/src/../stdlib//Std/Data/Iterators/Lemmas/Consumers/Loop.c
[    ] Building /workspace/shared/lean4-pr15373-head/stage0/src/../stdlib//Std/Data/Iterators/Lemmas/Combinators/Zip.c
[    ] Building /workspace/shared/lean4-pr15373-head/stage0/src/../stdlib//Std/Data/Iterators/Lemmas/Combinators/TakeWhile.c
[    ] Building /workspace/shared/lean4-pr15373-head/stage0/src/../stdlib//Std/Data/Iterators/Lemmas/Combinators/Drop.c
[    ] Building /workspace/shared/lean4-pr15373-head/stage0/src/../stdlib//Std/Data/Iterators/Lemmas/Combinators/Monadic/Zip.c
[    ] Building /workspace/shared/lean4-pr15373-head/stage0/src/../stdlib//Std/Data/Iterators/Lemmas/Combinators/Monadic/TakeWhile.c
[    ] Building /workspace/shared/lean4-pr15373-head/stage0/src/../stdlib//Std/Data/Iterators/Lemmas/Combinators/Monadic/Drop.c
[    ] Building /workspace/shared/lean4-pr15373-head/stage0/src/../stdlib//Std/Data/Iterators/Lemmas/Combinators/Monadic/FilterMap.c
[    ] Building /workspace/shared/lean4-pr15373-head/stage0/src/../stdlib//Std/Data/Iterators/Lemmas/Combinators/Monadic/DropWhile.c
[    ] Building /workspace/shared/lean4-pr15373-head/stage0/src/../stdlib//Std/Data/Iterators/Lemmas/Combinators/DropWhile.c
[    ] Building /workspace/shared/lean4-pr15373-head/stage0/src/../stdlib//Std/Data/Iterators/Lemmas/Combinators/Monadic.c
[    ] Building /workspace/shared/lean4-pr15373-head/stage0/src/../stdlib//Std/Data/Iterators/Lemmas/Producers/Repeat.c
[    ] Building /workspace/shared/lean4-pr15373-head/stage0/src/../stdlib//Std/Data/Iterators/Lemmas/Producers/Monadic/List.c
[    ] Building /workspace/shared/lean4-pr15373-head/stage0/src/../stdlib//Std/Data/Iterators/Lemmas/Producers/Monadic/Array.c
[    ] Building /workspace/shared/lean4-pr15373-head/stage0/src/../stdlib//Std/Data/Iterators/Lemmas/Producers/Monadic/Vector.c
[    ] Building /workspace/shared/lean4-pr15373-head/stage0/src/../stdlib//Std/Data/Iterators/Lemmas/Producers/Monadic/Empty.c
[    ] Building /workspace/shared/lean4-pr15373-head/stage0/src/../stdlib//Std/Data/Iterators/Lemmas/Producers/Slice.c
[    ] Building /workspace/shared/lean4-pr15373-head/stage0/src/../stdlib//Std/Data/Iterators/Lemmas/Producers/Array.c
[    ] Building /workspace/shared/lean4-pr15373-head/stage0/src/../stdlib//Std/Data/Iterators/Lemmas/Producers/Vector.c
[    ] Building /workspace/shared/lean4-pr15373-head/stage0/src/../stdlib//Std/Data/Iterators/Lemmas/Producers/Range.c
[    ] Building /workspace/shared/lean4-pr15373-head/stage0/src/../stdlib//Std/Data/Iterators/Lemmas/Producers/Monadic.c
[    ] Building /workspace/shared/lean4-pr15373-head/stage0/src/../stdlib//Std/Data/Iterators/Lemmas/Producers/Empty.c
[    ] Building /workspace/shared/lean4-pr15373-head/stage0/src/../stdlib//Std/Data/Iterators/Lemmas/Equivalence.c
[    ] Building /workspace/shared/lean4-pr15373-head/stage0/src/../stdlib//Std/Data/Iterators/Lemmas/Producers.c
[    ] Building /workspace/shared/lean4-pr15373-head/stage0/src/../stdlib//Std/Data/Iterators/Lemmas/Consumers.c
[    ] Building /workspace/shared/lean4-pr15373-head/stage0/src/../stdlib//Std/Data/Iterators/Lemmas/Equivalence/Basic.c
[    ] Building /workspace/shared/lean4-pr15373-head/stage0/src/../stdlib//Std/Data/Iterators/Lemmas/Equivalence/HetT.c
[    ] Building /workspace/shared/lean4-pr15373-head/stage0/src/../stdlib//Std/Data/Iterators/Lemmas/Equivalence/StepCongr.c
[    ] Building /workspace/shared/lean4-pr15373-head/stage0/src/../stdlib//Std/Data/Iterators/Lemmas/Monadic.c
[    ] Building /workspace/shared/lean4-pr15373-head/stage0/src/../stdlib//Std/Data/Iterators/Lemmas/Combinators.c
[    ] Building /workspace/shared/lean4-pr15373-head/stage0/src/../stdlib//Std/Data/ByteSlice.c
[    ] Building /workspace/shared/lean4-pr15373-head/stage0/src/../stdlib//Std/Data/DHashMap.c
[    ] Building /workspace/shared/lean4-pr15373-head/stage0/src/../stdlib//Std/Data/TreeMap.c
[    ] Building /workspace/shared/lean4-pr15373-head/stage0/src/../stdlib//Std/Data/ExtTreeMap/Basic.c
[    ] Building /workspace/shared/lean4-pr15373-head/stage0/src/../stdlib//Std/Data/ExtTreeMap/Lemmas.c
[    ] Building /workspace/shared/lean4-pr15373-head/stage0/src/../stdlib//Std/Data/ExtTreeMap.c
[    ] Building /workspace/shared/lean4-pr15373-head/stage0/src/../stdlib//Std/Data/ExtTreeSet.c
[    ] Building /workspace/shared/lean4-pr15373-head/stage0/src/../stdlib//Std/Data/ExtHashMap.c
[    ] Building /workspace/shared/lean4-pr15373-head/stage0/src/../stdlib//Std/Data/DTreeMap.c
[    ] Building /workspace/shared/lean4-pr15373-head/stage0/src/../stdlib//Std/Data/Iterators.c
[    ] Building /workspace/shared/lean4-pr15373-head/stage0/src/../stdlib//Std/Data/ExtHashSet/Basic.c
[    ] Building /workspace/shared/lean4-pr15373-head/stage0/src/../stdlib//Std/Data/ExtHashSet/Lemmas.c
[    ] Building /workspace/shared/lean4-pr15373-head/stage0/src/../stdlib//Std/Data/DHashMap/Basic.c
[    ] Building /workspace/shared/lean4-pr15373-head/stage0/src/../stdlib//Std/Data/DHashMap/Lemmas.c
[    ] Building /workspace/shared/lean4-pr15373-head/stage0/src/../stdlib//Std/Data/DHashMap/Raw.c
[    ] Building /workspace/shared/lean4-pr15373-head/stage0/src/../stdlib//Std/Data/DHashMap/RawDecidableEquiv.c
[    ] Building /workspace/shared/lean4-pr15373-head/stage0/src/../stdlib//Std/Data/DHashMap/AdditionalOperations.c
[    ] Building /workspace/shared/lean4-pr15373-head/stage0/src/../stdlib//Std/Data/DHashMap/Internal/Model.c
[    ] Building /workspace/shared/lean4-pr15373-head/stage0/src/../stdlib//Std/Data/DHashMap/Internal/Index.c
[    ] Building /workspace/shared/lean4-pr15373-head/stage0/src/../stdlib//Std/Data/DHashMap/Internal/Raw.c
[    ] Building /workspace/shared/lean4-pr15373-head/stage0/src/../stdlib//Std/Data/DHashMap/Internal/HashesTo.c
[    ] Building /workspace/shared/lean4-pr15373-head/stage0/src/../stdlib//Std/Data/DHashMap/Internal/Defs.c
[    ] Building /workspace/shared/lean4-pr15373-head/stage0/src/../stdlib//Std/Data/DHashMap/Internal/AssocList/Basic.c
[    ] Building /workspace/shared/lean4-pr15373-head/stage0/src/../stdlib//Std/Data/DHashMap/Internal/AssocList/Lemmas.c
[    ] Building /workspace/shared/lean4-pr15373-head/stage0/src/../stdlib//Std/Data/DHashMap/Internal/AssocList/Iterator.c
[    ] Building /workspace/shared/lean4-pr15373-head/stage0/src/../stdlib//Std/Data/DHashMap/Internal/WF.c
[    ] Building /workspace/shared/lean4-pr15373-head/stage0/src/../stdlib//Std/Data/DHashMap/Internal/RawLemmas.c
[    ] Building /workspace/shared/lean4-pr15373-head/stage0/src/../stdlib//Std/Data/DHashMap/RawDef.c
[    ] Building /workspace/shared/lean4-pr15373-head/stage0/src/../stdlib//Std/Data/DHashMap/DecidableEquiv.c
[    ] Building /workspace/shared/lean4-pr15373-head/stage0/src/../stdlib//Std/Data/DHashMap/Iterator.c
[    ] Building /workspace/shared/lean4-pr15373-head/stage0/src/../stdlib//Std/Data/DHashMap/IteratorLemmas.c
[    ] Building /workspace/shared/lean4-pr15373-head/stage0/src/../stdlib//Std/Data/DHashMap/RawLemmas.c
[    ] Building /workspace/shared/lean4-pr15373-head/stage0/src/../stdlib//Std/Data/Internal/List/Associative.c
[    ] Building /workspace/shared/lean4-pr15373-head/stage0/src/../stdlib//Std/Data/Internal/List/Defs.c
[    ] Building /workspace/shared/lean4-pr15373-head/stage0/src/../stdlib//Std/Data/Internal/Cut.c
[    ] Building /workspace/shared/lean4-pr15373-head/stage0/src/../stdlib//Std/Data/ExtDHashMap.c
[    ] Building /workspace/shared/lean4-pr15373-head/stage0/src/../stdlib//Std/Data/DTreeMap/Basic.c
[    ] Building /workspace/shared/lean4-pr15373-head/stage0/src/../stdlib//Std/Data/DTreeMap/Lemmas.c
[    ] Building /workspace/shared/lean4-pr15373-head/stage0/src/../stdlib//Std/Data/DTreeMap/Raw.c
[    ] Building /workspace/shared/lean4-pr15373-head/stage0/src/../stdlib//Std/Data/DTreeMap/Slice.c
[    ] Building /workspace/shared/lean4-pr15373-head/stage0/src/../stdlib//Std/Data/DTreeMap/Raw/Basic.c
[    ] Building /workspace/shared/lean4-pr15373-head/stage0/src/../stdlib//Std/Data/DTreeMap/Raw/Lemmas.c
[    ] Building /workspace/shared/lean4-pr15373-head/stage0/src/../stdlib//Std/Data/DTreeMap/Raw/Slice.c
[    ] Building /workspace/shared/lean4-pr15373-head/stage0/src/../stdlib//Std/Data/DTreeMap/Raw/AdditionalOperations.c
[    ] Building /workspace/shared/lean4-pr15373-head/stage0/src/../stdlib//Std/Data/DTreeMap/Raw/WF.c
[    ] Building /workspace/shared/lean4-pr15373-head/stage0/src/../stdlib//Std/Data/DTreeMap/Raw/DecidableEquiv.c
[    ] Building /workspace/shared/lean4-pr15373-head/stage0/src/../stdlib//Std/Data/DTreeMap/Raw/Iterator.c
[    ] Building /workspace/shared/lean4-pr15373-head/stage0/src/../stdlib//Std/Data/DTreeMap/AdditionalOperations.c
[    ] Building /workspace/shared/lean4-pr15373-head/stage0/src/../stdlib//Std/Data/DTreeMap/Internal/Def.c
[    ] Building /workspace/shared/lean4-pr15373-head/stage0/src/../stdlib//Std/Data/DTreeMap/Internal/Model.c
[    ] Building /workspace/shared/lean4-pr15373-head/stage0/src/../stdlib//Std/Data/DTreeMap/Internal/WF/Lemmas.c
[    ] Building /workspace/shared/lean4-pr15373-head/stage0/src/../stdlib//Std/Data/DTreeMap/Internal/WF/Defs.c
[    ] Building /workspace/shared/lean4-pr15373-head/stage0/src/../stdlib//Std/Data/DTreeMap/Internal/Lemmas.c
[    ] Building /workspace/shared/lean4-pr15373-head/stage0/src/../stdlib//Std/Data/DTreeMap/Internal/Cell.c
[    ] Building /workspace/shared/lean4-pr15373-head/stage0/src/../stdlib//Std/Data/DTreeMap/Internal/Operations.c
[    ] Building /workspace/shared/lean4-pr15373-head/stage0/src/../stdlib//Std/Data/DTreeMap/Internal/Balanced.c
[    ] Building /workspace/shared/lean4-pr15373-head/stage0/src/../stdlib//Std/Data/DTreeMap/Internal/Zipper.c
[    ] Building /workspace/shared/lean4-pr15373-head/stage0/src/../stdlib//Std/Data/DTreeMap/Internal/Queries.c
[    ] Building /workspace/shared/lean4-pr15373-head/stage0/src/../stdlib//Std/Data/DTreeMap/Internal/Ordered.c
[    ] Building /workspace/shared/lean4-pr15373-head/stage0/src/../stdlib//Std/Data/DTreeMap/Internal/Balancing.c
[    ] Building /workspace/shared/lean4-pr15373-head/stage0/src/../stdlib//Std/Data/DTreeMap/DecidableEquiv.c
[    ] Building /workspace/shared/lean4-pr15373-head/stage0/src/../stdlib//Std/Data/DTreeMap/Iterator.c
[    ] Building /workspace/shared/lean4-pr15373-head/stage0/src/../stdlib//Std/Data/TreeSet/Basic.c
[    ] Building /workspace/shared/lean4-pr15373-head/stage0/src/../stdlib//Std/Data/TreeSet/Lemmas.c
[    ] Building /workspace/shared/lean4-pr15373-head/stage0/src/../stdlib//Std/Data/TreeSet/Raw.c
[    ] Building /workspace/shared/lean4-pr15373-head/stage0/src/../stdlib//Std/Data/TreeSet/Slice.c
[    ] Building /workspace/shared/lean4-pr15373-head/stage0/src/../stdlib//Std/Data/TreeSet/Raw/Basic.c
[    ] Building /workspace/shared/lean4-pr15373-head/stage0/src/../stdlib//Std/Data/TreeSet/Raw/Lemmas.c
[    ] Building /workspace/shared/lean4-pr15373-head/stage0/src/../stdlib//Std/Data/TreeSet/Raw/Slice.c
[    ] Building /workspace/shared/lean4-pr15373-head/stage0/src/../stdlib//Std/Data/TreeSet/Raw/WF.c
[    ] Building /workspace/shared/lean4-pr15373-head/stage0/src/../stdlib//Std/Data/TreeSet/Raw/DecidableEquiv.c
[    ] Building /workspace/shared/lean4-pr15373-head/stage0/src/../stdlib//Std/Data/TreeSet/Raw/Iterator.c
[    ] Building /workspace/shared/lean4-pr15373-head/stage0/src/../stdlib//Std/Data/TreeSet/AdditionalOperations.c
[    ] Building /workspace/shared/lean4-pr15373-head/stage0/src/../stdlib//Std/Data/TreeSet/DecidableEquiv.c
[    ] Building /workspace/shared/lean4-pr15373-head/stage0/src/../stdlib//Std/Data/TreeSet/Iterator.c
[    ] Building /workspace/shared/lean4-pr15373-head/stage0/src/../stdlib//Std/Data/HashSet.c
[    ] Building /workspace/shared/lean4-pr15373-head/stage0/src/../stdlib//Std/Data/TreeMap/Basic.c
[    ] Building /workspace/shared/lean4-pr15373-head/stage0/src/../stdlib//Std/Data/TreeMap/Lemmas.c
[    ] Building /workspace/shared/lean4-pr15373-head/stage0/src/../stdlib//Std/Data/TreeMap/Raw.c
[    ] Building /workspace/shared/lean4-pr15373-head/stage0/src/../stdlib//Std/Data/TreeMap/Slice.c
[    ] Building /workspace/shared/lean4-pr15373-head/stage0/src/../stdlib//Std/Data/TreeMap/Raw/Basic.c
[    ] Building /workspace/shared/lean4-pr15373-head/stage0/src/../stdlib//Std/Data/TreeMap/Raw/Lemmas.c
[    ] Building /workspace/shared/lean4-pr15373-head/stage0/src/../stdlib//Std/Data/TreeMap/Raw/Slice.c
[    ] Building /workspace/shared/lean4-pr15373-head/stage0/src/../stdlib//Std/Data/TreeMap/Raw/AdditionalOperations.c
[    ] Building /workspace/shared/lean4-pr15373-head/stage0/src/../stdlib//Std/Data/TreeMap/Raw/WF.c
[    ] Building /workspace/shared/lean4-pr15373-head/stage0/src/../stdlib//Std/Data/TreeMap/Raw/DecidableEquiv.c
[    ] Building /workspace/shared/lean4-pr15373-head/stage0/src/../stdlib//Std/Data/TreeMap/Raw/Iterator.c
[    ] Building /workspace/shared/lean4-pr15373-head/stage0/src/../stdlib//Std/Data/TreeMap/AdditionalOperations.c
[    ] Building /workspace/shared/lean4-pr15373-head/stage0/src/../stdlib//Std/Data/TreeMap/DecidableEquiv.c
[    ] Building /workspace/shared/lean4-pr15373-head/stage0/src/../stdlib//Std/Data/TreeMap/Iterator.c
[    ] Building /workspace/shared/lean4-pr15373-head/stage0/src/../stdlib//Std/Data/String/ToInt.c
[    ] Building /workspace/shared/lean4-pr15373-head/stage0/src/../stdlib//Std/Data/String/ToNat.c
[    ] Building /workspace/shared/lean4-pr15373-head/stage0/src/../stdlib//Std/Data/ExtDTreeMap/Basic.c
[    ] Building /workspace/shared/lean4-pr15373-head/stage0/src/../stdlib//Std/Data/ExtDTreeMap/Lemmas.c
[    ] Building /workspace/shared/lean4-pr15373-head/stage0/src/../stdlib//Std/Time.c
[    ] Building /workspace/shared/lean4-pr15373-head/stage0/src/../stdlib//Std/Do/WP.c
[    ] Building /workspace/shared/lean4-pr15373-head/stage0/src/../stdlib//Std/Do/Internal.c
[    ] Building /workspace/shared/lean4-pr15373-head/stage0/src/../stdlib//Std/Do/PredTrans.c
[    ] Building /workspace/shared/lean4-pr15373-head/stage0/src/../stdlib//Std/Do/SPred.c
[    ] Building /workspace/shared/lean4-pr15373-head/stage0/src/../stdlib//Std/Do/WP/Basic.c
[    ] Building /workspace/shared/lean4-pr15373-head/stage0/src/../stdlib//Std/Do/WP/SimpLemmas.c
[    ] Building /workspace/shared/lean4-pr15373-head/stage0/src/../stdlib//Std/Do/WP/Sound.c
[    ] Building /workspace/shared/lean4-pr15373-head/stage0/src/../stdlib//Std/Do/WP/Monad.c
[    ] Building /workspace/shared/lean4-pr15373-head/stage0/src/../stdlib//Std/Do/SPred/DerivedLaws.c
[    ] Building /workspace/shared/lean4-pr15373-head/stage0/src/../stdlib//Std/Do/SPred/SVal.c
[    ] Building /workspace/shared/lean4-pr15373-head/stage0/src/../stdlib//Std/Do/SPred/Notation/Basic.c
[    ] Building /workspace/shared/lean4-pr15373-head/stage0/src/../stdlib//Std/Do/SPred/SPred.c
[    ] Building /workspace/shared/lean4-pr15373-head/stage0/src/../stdlib//Std/Do/SPred/Notation.c
[    ] Building /workspace/shared/lean4-pr15373-head/stage0/src/../stdlib//Std/Do/SPred/Laws.c
[    ] Building /workspace/shared/lean4-pr15373-head/stage0/src/../stdlib//Std/Do/Internal/Ensures/Def.c
[    ] Building /workspace/shared/lean4-pr15373-head/stage0/src/../stdlib//Std/Do/Internal/Ensures/Lemmas.c
[    ] Building /workspace/shared/lean4-pr15373-head/stage0/src/../stdlib//Std/Do/Internal/Ensures.c
[    ] Building /workspace/shared/lean4-pr15373-head/stage0/src/../stdlib//Std/Do/Triple/Basic.c
[    ] Building /workspace/shared/lean4-pr15373-head/stage0/src/../stdlib//Std/Do/Triple/SpecLemmas.c
[    ] Building /workspace/shared/lean4-pr15373-head/stage0/src/../stdlib//Std/Do/Triple.c
[    ] Building /workspace/shared/lean4-pr15373-head/stage0/src/../stdlib//Std/Do/PostCond.c
[    ] Building /workspace/shared/lean4-pr15373-head/stage0/src/../stdlib//Std/Time/Zoned/TimeZone.c
[    ] Building /workspace/shared/lean4-pr15373-head/stage0/src/../stdlib//Std/Time/Zoned/Database/Basic.c
[    ] Building /workspace/shared/lean4-pr15373-head/stage0/src/../stdlib//Std/Time/Zoned/Database/TzIf.c
[    ] Building /workspace/shared/lean4-pr15373-head/stage0/src/../stdlib//Std/Time/Zoned/Database/PosixTz.c
[    ] Building /workspace/shared/lean4-pr15373-head/stage0/src/../stdlib//Std/Time/Zoned/Database/Windows.c
[    ] Building /workspace/shared/lean4-pr15373-head/stage0/src/../stdlib//Std/Time/Zoned/Database/TZdb.c
[    ] Building /workspace/shared/lean4-pr15373-head/stage0/src/../stdlib//Std/Time/Zoned/ZoneRules.c
[    ] Building /workspace/shared/lean4-pr15373-head/stage0/src/../stdlib//Std/Time/Zoned/RecurringRule.c
[    ] Building /workspace/shared/lean4-pr15373-head/stage0/src/../stdlib//Std/Time/Zoned/Database.c
[    ] Building /workspace/shared/lean4-pr15373-head/stage0/src/../stdlib//Std/Time/Format.c
[    ] Building /workspace/shared/lean4-pr15373-head/stage0/src/../stdlib//Std/Time/Internal.c
[    ] Building /workspace/shared/lean4-pr15373-head/stage0/src/../stdlib//Std/Time/Duration.c
[    ] Building /workspace/shared/lean4-pr15373-head/stage0/src/../stdlib//Std/Time/Notation/Spec.c
[    ] Building /workspace/shared/lean4-pr15373-head/stage0/src/../stdlib//Std/Time/Date.c
[    ] Building /workspace/shared/lean4-pr15373-head/stage0/src/../stdlib//Std/Time/DateTime.c
[    ] Building /workspace/shared/lean4-pr15373-head/stage0/src/../stdlib//Std/Time/Notation.c
[    ] Building /workspace/shared/lean4-pr15373-head/stage0/src/../stdlib//Std/Time/DateTime/WallTime.c
[    ] Building /workspace/shared/lean4-pr15373-head/stage0/src/../stdlib//Std/Time/DateTime/PlainDateTime.c
[    ] Building /workspace/shared/lean4-pr15373-head/stage0/src/../stdlib//Std/Time/DateTime/Timestamp.c
[    ] Building /workspace/shared/lean4-pr15373-head/stage0/src/../stdlib//Std/Time/Date/Basic.c
[    ] Building /workspace/shared/lean4-pr15373-head/stage0/src/../stdlib//Std/Time/Date/Unit/Basic.c
[    ] Building /workspace/shared/lean4-pr15373-head/stage0/src/../stdlib//Std/Time/Date/Unit/Year.c
[    ] Building /workspace/shared/lean4-pr15373-head/stage0/src/../stdlib//Std/Time/Date/Unit/Day.c
[    ] Building /workspace/shared/lean4-pr15373-head/stage0/src/../stdlib//Std/Time/Date/Unit/Weekday.c
[    ] Building /workspace/shared/lean4-pr15373-head/stage0/src/../stdlib//Std/Time/Date/Unit/Week.c
[    ] Building /workspace/shared/lean4-pr15373-head/stage0/src/../stdlib//Std/Time/Date/Unit/Month.c
[    ] Building /workspace/shared/lean4-pr15373-head/stage0/src/../stdlib//Std/Time/Date/PlainDate.c
[    ] Building /workspace/shared/lean4-pr15373-head/stage0/src/../stdlib//Std/Time/Date/ValidDate.c
[    ] Building /workspace/shared/lean4-pr15373-head/stage0/src/../stdlib//Std/Time/Format/Basic.c
[    ] Building /workspace/shared/lean4-pr15373-head/stage0/src/../stdlib//Std/Time/Format/DateFormat.c
[    ] Building /workspace/shared/lean4-pr15373-head/stage0/src/../stdlib//Std/Time/Format/Modifier.c
[    ] Building /workspace/shared/lean4-pr15373-head/stage0/src/../stdlib//Std/Time/Zoned.c
[    ] Building /workspace/shared/lean4-pr15373-head/stage0/src/../stdlib//Std/Time/Internal/UnitVal.c
[    ] Building /workspace/shared/lean4-pr15373-head/stage0/src/../stdlib//Std/Time/Internal/Bounded.c
[    ] Building /workspace/shared/lean4-pr15373-head/stage0/src/../stdlib//Std/Time/Time.c
[    ] Building /workspace/shared/lean4-pr15373-head/stage0/src/../stdlib//Std/Time/Time/Basic.c
[    ] Building /workspace/shared/lean4-pr15373-head/stage0/src/../stdlib//Std/Time/Time/PlainTime.c
[    ] Building /workspace/shared/lean4-pr15373-head/stage0/src/../stdlib//Std/Time/Time/Unit/Basic.c
[    ] Building /workspace/shared/lean4-pr15373-head/stage0/src/../stdlib//Std/Time/Time/Unit/Second.c
[    ] Building /workspace/shared/lean4-pr15373-head/stage0/src/../stdlib//Std/Time/Time/Unit/Hour.c
[    ] Building /workspace/shared/lean4-pr15373-head/stage0/src/../stdlib//Std/Time/Time/Unit/Millisecond.c
[    ] Building /workspace/shared/lean4-pr15373-head/stage0/src/../stdlib//Std/Time/Time/Unit/Nanosecond.c
[    ] Building /workspace/shared/lean4-pr15373-head/stage0/src/../stdlib//Std/Time/Time/Unit/Minute.c
[    ] Building /workspace/shared/lean4-pr15373-head/stage0/src/../stdlib//Std/Time/Time/HourMarker.c
[    ] Building /workspace/shared/lean4-pr15373-head/stage0/src/../stdlib//Std/Sync.c
[    ] Building /workspace/shared/lean4-pr15373-head/stage0/src/../stdlib//Std.c
[    ] Building /workspace/shared/lean4-pr15373-head/stage0/src/../stdlib//Lean/ToExpr.c
[    ] Building /workspace/shared/lean4-pr15373-head/stage0/src/../stdlib//Lean/ParserCompiler/Attribute.c
[    ] Building /workspace/shared/lean4-pr15373-head/stage0/src/../stdlib//Lean/Environment.c
[    ] Building /workspace/shared/lean4-pr15373-head/stage0/src/../stdlib//Lean/DocString/Types.c
[    ] Building /workspace/shared/lean4-pr15373-head/stage0/src/../stdlib//Lean/DocString/View.c
[    ] Building /workspace/shared/lean4-pr15373-head/stage0/src/../stdlib//Lean/DocString/Parser.c
[    ] Building /workspace/shared/lean4-pr15373-head/stage0/src/../stdlib//Lean/DocString/Extension.c
[    ] Building /workspace/shared/lean4-pr15373-head/stage0/src/../stdlib//Lean/DocString/Links.c
[    ] Building /workspace/shared/lean4-pr15373-head/stage0/src/../stdlib//Lean/DocString/Syntax.c
[    ] Building /workspace/shared/lean4-pr15373-head/stage0/src/../stdlib//Lean/DocString/Formatter.c
[    ] Building /workspace/shared/lean4-pr15373-head/stage0/src/../stdlib//Lean/DocString/Markdown.c
[    ] Building /workspace/shared/lean4-pr15373-head/stage0/src/../stdlib//Lean/DocString/Add.c
[    ] Building /workspace/shared/lean4-pr15373-head/stage0/src/../stdlib//Lean/DocString/DeferredCheck.c
[    ] Building /workspace/shared/lean4-pr15373-head/stage0/src/../stdlib//Lean/MonadEnv.c
[    ] Building /workspace/shared/lean4-pr15373-head/stage0/src/../stdlib//Lean/Linter.c
[    ] Building /workspace/shared/lean4-pr15373-head/stage0/src/../stdlib//Lean/LocalContext.c
[    ] Building /workspace/shared/lean4-pr15373-head/stage0/src/../stdlib//Lean/EnvExtension.c
[    ] Building /workspace/shared/lean4-pr15373-head/stage0/src/../stdlib//Lean/PrettyPrinter.c
[    ] Building /workspace/shared/lean4-pr15373-head/stage0/src/../stdlib//Lean/ToLevel.c
[    ] Building /workspace/shared/lean4-pr15373-head/stage0/src/../stdlib//Lean/Hygiene.c
[    ] Building /workspace/shared/lean4-pr15373-head/stage0/src/../stdlib//Lean/Server/Requests.c
[    ] Building /workspace/shared/lean4-pr15373-head/stage0/src/../stdlib//Lean/Server/FileWorker.c
[    ] Building /workspace/shared/lean4-pr15373-head/stage0/src/../stdlib//Lean/Server/Logging.c
[    ] Building /workspace/shared/lean4-pr15373-head/stage0/src/../stdlib//Lean/Server/RequestCancellation.c
[    ] Building /workspace/shared/lean4-pr15373-head/stage0/src/../stdlib//Lean/Server/GoTo.c
[    ] Building /workspace/shared/lean4-pr15373-head/stage0/src/../stdlib//Lean/Server/CodeActions.c
[    ] Building /workspace/shared/lean4-pr15373-head/stage0/src/../stdlib//Lean/Server/References.c
[    ] Building /workspace/shared/lean4-pr15373-head/stage0/src/../stdlib//Lean/Server/FileSource.c
[    ] Building /workspace/shared/lean4-pr15373-head/stage0/src/../stdlib//Lean/Server/Test.c
[    ] Building /workspace/shared/lean4-pr15373-head/stage0/src/../stdlib//Lean/Server/ServerTask.c
[    ] Building /workspace/shared/lean4-pr15373-head/stage0/src/../stdlib//Lean/Server/Watchdog.c
[    ] Building /workspace/shared/lean4-pr15373-head/stage0/src/../stdlib//Lean/Server/Rpc.c
[    ] Building /workspace/shared/lean4-pr15373-head/stage0/src/../stdlib//Lean/Server/AsyncList.c
[    ] Building /workspace/shared/lean4-pr15373-head/stage0/src/../stdlib//Lean/Server/Rpc/Basic.c
[    ] Building /workspace/shared/lean4-pr15373-head/stage0/src/../stdlib//Lean/Server/Rpc/RequestHandling.c
[    ] Building /workspace/shared/lean4-pr15373-head/stage0/src/../stdlib//Lean/Server/Rpc/Deriving.c
[    ] Building /workspace/shared/lean4-pr15373-head/stage0/src/../stdlib//Lean/Server/CodeActions/Basic.c
[    ] Building /workspace/shared/lean4-pr15373-head/stage0/src/../stdlib//Lean/Server/CodeActions/Provider.c
[    ] Building /workspace/shared/lean4-pr15373-head/stage0/src/../stdlib//Lean/Server/CodeActions/Attr.c
[    ] Building /workspace/shared/lean4-pr15373-head/stage0/src/../stdlib//Lean/Server/CodeActions/UnknownIdentifier.c
[    ] Building /workspace/shared/lean4-pr15373-head/stage0/src/../stdlib//Lean/Server/Test/Runner.c
[    ] Building /workspace/shared/lean4-pr15373-head/stage0/src/../stdlib//Lean/Server/Test/Refs.c
[    ] Building /workspace/shared/lean4-pr15373-head/stage0/src/../stdlib//Lean/Server/Test/Cancel.c
[    ] Building /workspace/shared/lean4-pr15373-head/stage0/src/../stdlib//Lean/Server/Completion.c
[    ] Building /workspace/shared/lean4-pr15373-head/stage0/src/../stdlib//Lean/Server/Completion/CompletionResolution.c
[    ] Building /workspace/shared/lean4-pr15373-head/stage0/src/../stdlib//Lean/Server/Completion/EligibleHeaderDecls.c
[    ] Building /workspace/shared/lean4-pr15373-head/stage0/src/../stdlib//Lean/Server/Completion/ImportCompletion.c
[    ] Building /workspace/shared/lean4-pr15373-head/stage0/src/../stdlib//Lean/Server/Completion/CompletionUtils.c
[    ] Building /workspace/shared/lean4-pr15373-head/stage0/src/../stdlib//Lean/Server/Completion/CompletionCollectors.c
[    ] Building /workspace/shared/lean4-pr15373-head/stage0/src/../stdlib//Lean/Server/Completion/CompletionInfoSelection.c
[    ] Building /workspace/shared/lean4-pr15373-head/stage0/src/../stdlib//Lean/Server/Completion/CompletionItemCompression.c
[    ] Building /workspace/shared/lean4-pr15373-head/stage0/src/../stdlib//Lean/Server/Completion/SyntheticCompletion.c
[    ] Building /workspace/shared/lean4-pr15373-head/stage0/src/../stdlib//Lean/Server/InfoUtils.c
[    ] Building /workspace/shared/lean4-pr15373-head/stage0/src/../stdlib//Lean/Server/FileWorker/SignatureHelp.c
[    ] Building /workspace/shared/lean4-pr15373-head/stage0/src/../stdlib//Lean/Server/FileWorker/InlayHints.c
[    ] Building /workspace/shared/lean4-pr15373-head/stage0/src/../stdlib//Lean/Server/FileWorker/RequestHandling.c
[    ] Building /workspace/shared/lean4-pr15373-head/stage0/src/../stdlib//Lean/Server/FileWorker/WidgetRequests.c
[    ] Building /workspace/shared/lean4-pr15373-head/stage0/src/../stdlib//Lean/Server/FileWorker/SemanticHighlighting.c
[    ] Building /workspace/shared/lean4-pr15373-head/stage0/src/../stdlib//Lean/Server/FileWorker/ExampleHover.c
[    ] Building /workspace/shared/lean4-pr15373-head/stage0/src/../stdlib//Lean/Server/FileWorker/SetupFile.c
[    ] Building /workspace/shared/lean4-pr15373-head/stage0/src/../stdlib//Lean/Server/FileWorker/Utils.c
[    ] Building /workspace/shared/lean4-pr15373-head/stage0/src/../stdlib//Lean/Server/Snapshots.c
[    ] Building /workspace/shared/lean4-pr15373-head/stage0/src/../stdlib//Lean/Server/ProtocolOverview.c
[    ] Building /workspace/shared/lean4-pr15373-head/stage0/src/../stdlib//Lean/Server/Utils.c
[    ] Building /workspace/shared/lean4-pr15373-head/stage0/src/../stdlib//Lean/Widget/InteractiveDiagnostic.c
[    ] Building /workspace/shared/lean4-pr15373-head/stage0/src/../stdlib//Lean/Widget/InteractiveCode.c
[    ] Building /workspace/shared/lean4-pr15373-head/stage0/src/../stdlib//Lean/Widget/Types.c
[    ] Building /workspace/shared/lean4-pr15373-head/stage0/src/../stdlib//Lean/Widget/Basic.c
[    ] Building /workspace/shared/lean4-pr15373-head/stage0/src/../stdlib//Lean/Widget/UserWidget.c
[    ] Building /workspace/shared/lean4-pr15373-head/stage0/src/../stdlib//Lean/Widget/Diff.c
[    ] Building /workspace/shared/lean4-pr15373-head/stage0/src/../stdlib//Lean/Widget/TaggedText.c
[    ] Building /workspace/shared/lean4-pr15373-head/stage0/src/../stdlib//Lean/Widget/Commands.c
[    ] Building /workspace/shared/lean4-pr15373-head/stage0/src/../stdlib//Lean/Widget/InteractiveGoal.c
[    ] Building /workspace/shared/lean4-pr15373-head/stage0/src/../stdlib//Lean/Parser.c
[    ] Building /workspace/shared/lean4-pr15373-head/stage0/src/../stdlib//Lean/LibrarySuggestions.c
[    ] Building /workspace/shared/lean4-pr15373-head/stage0/src/../stdlib//Lean/Shell.c
[    ] Building /workspace/shared/lean4-pr15373-head/stage0/src/../stdlib//Lean/Structure.c
[    ] Building /workspace/shared/lean4-pr15373-head/stage0/src/../stdlib//Lean/Compiler.c
[    ] Building /workspace/shared/lean4-pr15373-head/stage0/src/../stdlib//Lean/LoadDynlib.c
[    ] Building /workspace/shared/lean4-pr15373-head/stage0/src/../stdlib//Lean/Server.c
[    ] Building /workspace/shared/lean4-pr15373-head/stage0/src/../stdlib//Lean/ResolveName.c
[    ] Building /workspace/shared/lean4-pr15373-head/stage0/src/../stdlib//Lean/Expr.c
[    ] Building /workspace/shared/lean4-pr15373-head/stage0/src/../stdlib//Lean/PostprocessTraces/Basic.c
[    ] Building /workspace/shared/lean4-pr15373-head/stage0/src/../stdlib//Lean/PostprocessTraces/PostprocessTracesCommand.c
[    ] Building /workspace/shared/lean4-pr15373-head/stage0/src/../stdlib//Lean/PostprocessTraces/StoredTraces.c
[    ] Building /workspace/shared/lean4-pr15373-head/stage0/src/../stdlib//Lean/PostprocessTraces/Postprocessors.c
[    ] Building /workspace/shared/lean4-pr15373-head/stage0/src/../stdlib//Lean/ParserCompiler.c
[    ] Building /workspace/shared/lean4-pr15373-head/stage0/src/../stdlib//Lean/SubExpr.c
[    ] Building /workspace/shared/lean4-pr15373-head/stage0/src/../stdlib//Lean/HeadIndex.c
[    ] Building /workspace/shared/lean4-pr15373-head/stage0/src/../stdlib//Lean/Elab/ConfigEval/Types.c
[    ] Building /workspace/shared/lean4-pr15373-head/stage0/src/../stdlib//Lean/Elab/ConfigEval/Basic.c
[    ] Building /workspace/shared/lean4-pr15373-head/stage0/src/../stdlib//Lean/Elab/ConfigEval/DeriveEvalTerm.c
[    ] Building /workspace/shared/lean4-pr15373-head/stage0/src/../stdlib//Lean/Elab/ConfigEval/Instances.c
[    ] Building /workspace/shared/lean4-pr15373-head/stage0/src/../stdlib//Lean/Elab/ConfigEval/Extra.c
[    ] Building /workspace/shared/lean4-pr15373-head/stage0/src/../stdlib//Lean/Elab/ConfigEval/Commands.c
[    ] Building /workspace/shared/lean4-pr15373-head/stage0/src/../stdlib//Lean/Elab/ConfigEval/Util.c
[    ] Building /workspace/shared/lean4-pr15373-head/stage0/src/../stdlib//Lean/Elab/ConfigEval/DeriveEvalExpr.c
[    ] Building /workspace/shared/lean4-pr15373-head/stage0/src/../stdlib//Lean/Elab/ConfigEval/DeriveEvalConfigItem.c
[    ] Building /workspace/shared/lean4-pr15373-head/stage0/src/../stdlib//Lean/Elab/ConfigEval/Builtins.c
[    ] Building /workspace/shared/lean4-pr15373-head/stage0/src/../stdlib//Lean/Elab/ConfigEval/MetaInstances.c
[    ] Building /workspace/shared/lean4-pr15373-head/stage0/src/../stdlib//Lean/Elab/DocString/Builtin.c
[    ] Building /workspace/shared/lean4-pr15373-head/stage0/src/../stdlib//Lean/Elab/DocString/Builtin/Postponed.c
[    ] Building /workspace/shared/lean4-pr15373-head/stage0/src/../stdlib//Lean/Elab/DocString/Builtin/Scopes.c
[    ] Building /workspace/shared/lean4-pr15373-head/stage0/src/../stdlib//Lean/Elab/DocString/Builtin/Parsing.c
[    ] Building /workspace/shared/lean4-pr15373-head/stage0/src/../stdlib//Lean/Elab/DocString/Builtin/Keywords.c
[    ] Building /workspace/shared/lean4-pr15373-head/stage0/src/../stdlib//Lean/Elab/Deriving/ToExpr.c
[    ] Building /workspace/shared/lean4-pr15373-head/stage0/src/../stdlib//Lean/Elab/Deriving/Repr.c
[    ] Building /workspace/shared/lean4-pr15373-head/stage0/src/../stdlib//Lean/Elab/Deriving/Basic.c
[    ] Building /workspace/shared/lean4-pr15373-head/stage0/src/../stdlib//Lean/Elab/Deriving/Ord.c
[    ] Building /workspace/shared/lean4-pr15373-head/stage0/src/../stdlib//Lean/Elab/Deriving/SizeOf.c
[    ] Building /workspace/shared/lean4-pr15373-head/stage0/src/../stdlib//Lean/Elab/Deriving/LawfulBEq.c
[    ] Building /workspace/shared/lean4-pr15373-head/stage0/src/../stdlib//Lean/Elab/Deriving/ReflBEq.c
[    ] Building /workspace/shared/lean4-pr15373-head/stage0/src/../stdlib//Lean/Elab/Deriving/Util.c
[    ] Building /workspace/shared/lean4-pr15373-head/stage0/src/../stdlib//Lean/Elab/Deriving/Nonempty.c
[    ] Building /workspace/shared/lean4-pr15373-head/stage0/src/../stdlib//Lean/Elab/Deriving/DecEq.c
[    ] Building /workspace/shared/lean4-pr15373-head/stage0/src/../stdlib//Lean/Elab/Deriving/Hashable.c
[    ] Building /workspace/shared/lean4-pr15373-head/stage0/src/../stdlib//Lean/Elab/Deriving/BEq.c
[    ] Building /workspace/shared/lean4-pr15373-head/stage0/src/../stdlib//Lean/Elab/Deriving/FromToJson.c
[    ] Building /workspace/shared/lean4-pr15373-head/stage0/src/../stdlib//Lean/Elab/Deriving/TypeName.c
[    ] Building /workspace/shared/lean4-pr15373-head/stage0/src/../stdlib//Lean/Elab/Deriving/Inhabited.c
[    ] Building /workspace/shared/lean4-pr15373-head/stage0/src/../stdlib//Lean/Elab/ConfigEval.c
[    ] Building /workspace/shared/lean4-pr15373-head/stage0/src/../stdlib//Lean/Elab/Arg.c
[    ] Building /workspace/shared/lean4-pr15373-head/stage0/src/../stdlib//Lean/Elab/WhereFinally.c
[    ] Building /workspace/shared/lean4-pr15373-head/stage0/src/../stdlib//Lean/Elab/Tactic.c
[    ] Building /workspace/shared/lean4-pr15373-head/stage0/src/../stdlib//Lean/Elab/StructInstHint.c
[    ] Building /workspace/shared/lean4-pr15373-head/stage0/src/../stdlib//Lean/Elab/Coinductive.c
[    ] Building /workspace/shared/lean4-pr15373-head/stage0/src/../stdlib//Lean/Elab/Match.c
[    ] Building /workspace/shared/lean4-pr15373-head/stage0/src/../stdlib//Lean/Elab/DeprecatedSyntax.c
[    ] Building /workspace/shared/lean4-pr15373-head/stage0/src/../stdlib//Lean/Elab/Macro.c
[    ] Building /workspace/shared/lean4-pr15373-head/stage0/src/../stdlib//Lean/Elab/MutualDef.c
[    ] Building /workspace/shared/lean4-pr15373-head/stage0/src/../stdlib//Lean/Elab/SetOption.c
[    ] Building /workspace/shared/lean4-pr15373-head/stage0/src/../stdlib//Lean/Elab/RecommendedSpelling.c
[    ] Building /workspace/shared/lean4-pr15373-head/stage0/src/../stdlib//Lean/Elab/Binders.c
[    ] Building /workspace/shared/lean4-pr15373-head/stage0/src/../stdlib//Lean/Elab/ComputedFields.c
[    ] Building /workspace/shared/lean4-pr15373-head/stage0/src/../stdlib//Lean/Elab/BindersUtil.c
[    ] Building /workspace/shared/lean4-pr15373-head/stage0/src/../stdlib//Lean/Elab/Structure.c
[    ] Building /workspace/shared/lean4-pr15373-head/stage0/src/../stdlib//Lean/Elab/AssertExists.c
[    ] Building /workspace/shared/lean4-pr15373-head/stage0/src/../stdlib//Lean/Elab/Config.c
[    ] Building /workspace/shared/lean4-pr15373-head/stage0/src/../stdlib//Lean/Elab/Mixfix.c
[    ] Building /workspace/shared/lean4-pr15373-head/stage0/src/../stdlib//Lean/Elab/Calc.c
[    ] Building /workspace/shared/lean4-pr15373-head/stage0/src/../stdlib//Lean/Elab/Syntax.c
[    ] Building /workspace/shared/lean4-pr15373-head/stage0/src/../stdlib//Lean/Elab/StructInst.c
[    ] Building /workspace/shared/lean4-pr15373-head/stage0/src/../stdlib//Lean/Elab/BuiltinDo.c
[    ] Building /workspace/shared/lean4-pr15373-head/stage0/src/../stdlib//Lean/Elab/Declaration.c
[    ] Building /workspace/shared/lean4-pr15373-head/stage0/src/../stdlib//Lean/Elab/Do.c
[    ] Building /workspace/shared/lean4-pr15373-head/stage0/src/../stdlib//Lean/Elab/PatternVar.c
[    ] Building /workspace/shared/lean4-pr15373-head/stage0/src/../stdlib//Lean/Elab/Tactic/Simp.c
[    ] Building /workspace/shared/lean4-pr15373-head/stage0/src/../stdlib//Lean/Elab/Tactic/Basic.c
[    ] Building /workspace/shared/lean4-pr15373-head/stage0/src/../stdlib//Lean/Elab/Tactic/Ext.c
[    ] Building /workspace/shared/lean4-pr15373-head/stage0/src/../stdlib//Lean/Elab/Tactic/Generalize.c
[    ] Building /workspace/shared/lean4-pr15373-head/stage0/src/../stdlib//Lean/Elab/Tactic/DiscrTreeKey.c
[    ] Building /workspace/shared/lean4-pr15373-head/stage0/src/../stdlib//Lean/Elab/Tactic/Injection.c
[    ] Building /workspace/shared/lean4-pr15373-head/stage0/src/../stdlib//Lean/Elab/Tactic/Match.c
[    ] Building /workspace/shared/lean4-pr15373-head/stage0/src/../stdlib//Lean/Elab/Tactic/BoolToPropSimps.c
[    ] Building /workspace/shared/lean4-pr15373-head/stage0/src/../stdlib//Lean/Elab/Tactic/NormCast.c
[    ] Building /workspace/shared/lean4-pr15373-head/stage0/src/../stdlib//Lean/Elab/Tactic/SimpArith.c
[    ] Building /workspace/shared/lean4-pr15373-head/stage0/src/../stdlib//Lean/Elab/Tactic/BVDecide.c
[    ] Building /workspace/shared/lean4-pr15373-head/stage0/src/../stdlib//Lean/Elab/Tactic/Simproc.c
[    ] Building /workspace/shared/lean4-pr15373-head/stage0/src/../stdlib//Lean/Elab/Tactic/Omega.c
[    ] Building /workspace/shared/lean4-pr15373-head/stage0/src/../stdlib//Lean/Elab/Tactic/Decide.c
[    ] Building /workspace/shared/lean4-pr15373-head/stage0/src/../stdlib//Lean/Elab/Tactic/BuiltinTactic.c
[    ] Building /workspace/shared/lean4-pr15373-head/stage0/src/../stdlib//Lean/Elab/Tactic/Cbv.c
[    ] Building /workspace/shared/lean4-pr15373-head/stage0/src/../stdlib//Lean/Elab/Tactic/Location.c
[    ] Building /workspace/shared/lean4-pr15373-head/stage0/src/../stdlib//Lean/Elab/Tactic/Config.c
[    ] Building /workspace/shared/lean4-pr15373-head/stage0/src/../stdlib//Lean/Elab/Tactic/Try.c
[    ] Building /workspace/shared/lean4-pr15373-head/stage0/src/../stdlib//Lean/Elab/Tactic/Repeat.c
[    ] Building /workspace/shared/lean4-pr15373-head/stage0/src/../stdlib//Lean/Elab/Tactic/Calc.c
[    ] Building /workspace/shared/lean4-pr15373-head/stage0/src/../stdlib//Lean/Elab/Tactic/Do.c
[    ] Building /workspace/shared/lean4-pr15373-head/stage0/src/../stdlib//Lean/Elab/Tactic/AutoTry.c
[    ] Building /workspace/shared/lean4-pr15373-head/stage0/src/../stdlib//Lean/Elab/Tactic/CbvSimproc.c
[    ] Building /workspace/shared/lean4-pr15373-head/stage0/src/../stdlib//Lean/Elab/Tactic/Split.c
[    ] Building /workspace/shared/lean4-pr15373-head/stage0/src/../stdlib//Lean/Elab/Tactic/Symm.c
[    ] Building /workspace/shared/lean4-pr15373-head/stage0/src/../stdlib//Lean/Elab/Tactic/ExposeNames.c
[    ] Building /workspace/shared/lean4-pr15373-head/stage0/src/../stdlib//Lean/Elab/Tactic/ElabTerm.c
[    ] Building /workspace/shared/lean4-pr15373-head/stage0/src/../stdlib//Lean/Elab/Tactic/Rewrite.c
[    ] Building /workspace/shared/lean4-pr15373-head/stage0/src/../stdlib//Lean/Elab/Tactic/Unfold.c
[    ] Building /workspace/shared/lean4-pr15373-head/stage0/src/../stdlib//Lean/Elab/Tactic/Grind/Annotated.c
[    ] Building /workspace/shared/lean4-pr15373-head/stage0/src/../stdlib//Lean/Elab/Tactic/Grind/Basic.c
[    ] Building /workspace/shared/lean4-pr15373-head/stage0/src/../stdlib//Lean/Elab/Tactic/Grind/SimprocDSLBuiltin.c
[    ] Building /workspace/shared/lean4-pr15373-head/stage0/src/../stdlib//Lean/Elab/Tactic/Grind/Sym.c
[    ] Building /workspace/shared/lean4-pr15373-head/stage0/src/../stdlib//Lean/Elab/Tactic/Grind/Trace.c
[    ] Building /workspace/shared/lean4-pr15373-head/stage0/src/../stdlib//Lean/Elab/Tactic/Grind/BVDecide.c
[    ] Building /workspace/shared/lean4-pr15373-head/stage0/src/../stdlib//Lean/Elab/Tactic/Grind/BuiltinTactic.c
[    ] Building /workspace/shared/lean4-pr15373-head/stage0/src/../stdlib//Lean/Elab/Tactic/Grind/Cbv.c
[    ] Building /workspace/shared/lean4-pr15373-head/stage0/src/../stdlib//Lean/Elab/Tactic/Grind/Config.c
[    ] Building /workspace/shared/lean4-pr15373-head/stage0/src/../stdlib//Lean/Elab/Tactic/Grind/LiftLet.c
[    ] Building /workspace/shared/lean4-pr15373-head/stage0/src/../stdlib//Lean/Elab/Tactic/Grind/ShowState.c
[    ] Building /workspace/shared/lean4-pr15373-head/stage0/src/../stdlib//Lean/Elab/Tactic/Grind/Filter.c
[    ] Building /workspace/shared/lean4-pr15373-head/stage0/src/../stdlib//Lean/Elab/Tactic/Grind/DSimp.c
[    ] Building /workspace/shared/lean4-pr15373-head/stage0/src/../stdlib//Lean/Elab/Tactic/Grind/LintExceptions.c
[    ] Building /workspace/shared/lean4-pr15373-head/stage0/src/../stdlib//Lean/Elab/Tactic/Grind/RegisterSymSimp.c
[    ] Building /workspace/shared/lean4-pr15373-head/stage0/src/../stdlib//Lean/Elab/Tactic/Grind/Anchor.c
[    ] Building /workspace/shared/lean4-pr15373-head/stage0/src/../stdlib//Lean/Elab/Tactic/Grind/DSimprocDSLBuiltin.c
[    ] Building /workspace/shared/lean4-pr15373-head/stage0/src/../stdlib//Lean/Elab/Tactic/Grind/Rewrite.c
[    ] Building /workspace/shared/lean4-pr15373-head/stage0/src/../stdlib//Lean/Elab/Tactic/Grind/Main.c
[    ] Building /workspace/shared/lean4-pr15373-head/stage0/src/../stdlib//Lean/Elab/Tactic/Grind/DSimprocDSL.c
[    ] Building /workspace/shared/lean4-pr15373-head/stage0/src/../stdlib//Lean/Elab/Tactic/Grind/WithGrindTacticM.c
[    ] Building /workspace/shared/lean4-pr15373-head/stage0/src/../stdlib//Lean/Elab/Tactic/Grind/Lint.c
[    ] Building /workspace/shared/lean4-pr15373-head/stage0/src/../stdlib//Lean/Elab/Tactic/Grind/Param.c
[    ] Building /workspace/shared/lean4-pr15373-head/stage0/src/../stdlib//Lean/Elab/Tactic/Grind/RegisterSymDSimp.c
[    ] Building /workspace/shared/lean4-pr15373-head/stage0/src/../stdlib//Lean/Elab/Tactic/Grind/Have.c
[    ] Building /workspace/shared/lean4-pr15373-head/stage0/src/../stdlib//Lean/Elab/Tactic/Grind/SimprocDSL.c
[    ] Building /workspace/shared/lean4-pr15373-head/stage0/src/../stdlib//Lean/Elab/Tactic/Grind/LetToHave.c
[    ] Building /workspace/shared/lean4-pr15373-head/stage0/src/../stdlib//Lean/Elab/Tactic/Induction.c
[    ] Building /workspace/shared/lean4-pr15373-head/stage0/src/../stdlib//Lean/Elab/Tactic/LibrarySearch.c
[    ] Building /workspace/shared/lean4-pr15373-head/stage0/src/../stdlib//Lean/Elab/Tactic/Delta.c
[    ] Building /workspace/shared/lean4-pr15373-head/stage0/src/../stdlib//Lean/Elab/Tactic/RenameInaccessibles.c
[    ] Building /workspace/shared/lean4-pr15373-head/stage0/src/../stdlib//Lean/Elab/Tactic/VCGen/Solve.c
[    ] Building /workspace/shared/lean4-pr15373-head/stage0/src/../stdlib//Lean/Elab/Tactic/VCGen/Reduce.c
[    ] Building /workspace/shared/lean4-pr15373-head/stage0/src/../stdlib//Lean/Elab/Tactic/VCGen/FrameProcAttr.c
[    ] Building /workspace/shared/lean4-pr15373-head/stage0/src/../stdlib//Lean/Elab/Tactic/VCGen/FrameProc.c
[    ] Building /workspace/shared/lean4-pr15373-head/stage0/src/../stdlib//Lean/Elab/Tactic/VCGen/SpecDB.c
[    ] Building /workspace/shared/lean4-pr15373-head/stage0/src/../stdlib//Lean/Elab/Tactic/VCGen/BinderName.c
[    ] Building /workspace/shared/lean4-pr15373-head/stage0/src/../stdlib//Lean/Elab/Tactic/VCGen/LatticeOp.c
[    ] Building /workspace/shared/lean4-pr15373-head/stage0/src/../stdlib//Lean/Elab/Tactic/VCGen/Frontend.c
[    ] Building /workspace/shared/lean4-pr15373-head/stage0/src/../stdlib//Lean/Elab/Tactic/VCGen/RuleConstruction.c
[    ] Building /workspace/shared/lean4-pr15373-head/stage0/src/../stdlib//Lean/Elab/Tactic/VCGen/Util.c
[    ] Building /workspace/shared/lean4-pr15373-head/stage0/src/../stdlib//Lean/Elab/Tactic/VCGen/Context.c
[    ] Building /workspace/shared/lean4-pr15373-head/stage0/src/../stdlib//Lean/Elab/Tactic/VCGen/WPApp.c
[    ] Building /workspace/shared/lean4-pr15373-head/stage0/src/../stdlib//Lean/Elab/Tactic/VCGen/Driver.c
[    ] Building /workspace/shared/lean4-pr15373-head/stage0/src/../stdlib//Lean/Elab/Tactic/VCGen/RuleCache.c
[    ] Building /workspace/shared/lean4-pr15373-head/stage0/src/../stdlib//Lean/Elab/Tactic/VCGen/Entails.c
[    ] Building /workspace/shared/lean4-pr15373-head/stage0/src/../stdlib//Lean/Elab/Tactic/SimpTrace.c
[    ] Building /workspace/shared/lean4-pr15373-head/stage0/src/../stdlib//Lean/Elab/Tactic/Lets.c
[    ] Building /workspace/shared/lean4-pr15373-head/stage0/src/../stdlib//Lean/Elab/Tactic/Meta.c
[    ] Building /workspace/shared/lean4-pr15373-head/stage0/src/../stdlib//Lean/Elab/Tactic/Doc.c
[    ] Building /workspace/shared/lean4-pr15373-head/stage0/src/../stdlib//Lean/Elab/Tactic/Impossible.c
[    ] Building /workspace/shared/lean4-pr15373-head/stage0/src/../stdlib//Lean/Elab/Tactic/Classical.c
[    ] Building /workspace/shared/lean4-pr15373-head/stage0/src/../stdlib//Lean/Elab/Tactic/Rewrites.c
[    ] Building /workspace/shared/lean4-pr15373-head/stage0/src/../stdlib//Lean/Elab/Tactic/VCGen.c
[    ] Building /workspace/shared/lean4-pr15373-head/stage0/src/../stdlib//Lean/Elab/Tactic/TreeTacAttr.c
[    ] Building /workspace/shared/lean4-pr15373-head/stage0/src/../stdlib//Lean/Elab/Tactic/Grind.c
[    ] Building /workspace/shared/lean4-pr15373-head/stage0/src/../stdlib//Lean/Elab/Tactic/FalseOrByContra.c
[    ] Building /workspace/shared/lean4-pr15373-head/stage0/src/../stdlib//Lean/Elab/Tactic/Show.c
[    ] Building /workspace/shared/lean4-pr15373-head/stage0/src/../stdlib//Lean/Elab/Tactic/Congr.c
[    ] Building /workspace/shared/lean4-pr15373-head/stage0/src/../stdlib//Lean/Elab/Tactic/Omega/OmegaM.c
[    ] Building /workspace/shared/lean4-pr15373-head/stage0/src/../stdlib//Lean/Elab/Tactic/Omega/Frontend.c
[    ] Building /workspace/shared/lean4-pr15373-head/stage0/src/../stdlib//Lean/Elab/Tactic/Omega/Core.c
[    ] Building /workspace/shared/lean4-pr15373-head/stage0/src/../stdlib//Lean/Elab/Tactic/Omega/MinNatAbs.c
[    ] Building /workspace/shared/lean4-pr15373-head/stage0/src/../stdlib//Lean/Elab/Tactic/AsAuxLemma.c
[    ] Building /workspace/shared/lean4-pr15373-head/stage0/src/../stdlib//Lean/Elab/Tactic/Guard.c
[    ] Building /workspace/shared/lean4-pr15373-head/stage0/src/../stdlib//Lean/Elab/Tactic/ShowTerm.c
[    ] Building /workspace/shared/lean4-pr15373-head/stage0/src/../stdlib//Lean/Elab/Tactic/Monotonicity.c
[    ] Building /workspace/shared/lean4-pr15373-head/stage0/src/../stdlib//Lean/Elab/Tactic/RCases.c
[    ] Building /workspace/shared/lean4-pr15373-head/stage0/src/../stdlib//Lean/Elab/Tactic/Conv/Simp.c
[    ] Building /workspace/shared/lean4-pr15373-head/stage0/src/../stdlib//Lean/Elab/Tactic/Conv/Basic.c
[    ] Building /workspace/shared/lean4-pr15373-head/stage0/src/../stdlib//Lean/Elab/Tactic/Conv/Cbv.c
[    ] Building /workspace/shared/lean4-pr15373-head/stage0/src/../stdlib//Lean/Elab/Tactic/Conv/Rewrite.c
[    ] Building /workspace/shared/lean4-pr15373-head/stage0/src/../stdlib//Lean/Elab/Tactic/Conv/Unfold.c
[    ] Building /workspace/shared/lean4-pr15373-head/stage0/src/../stdlib//Lean/Elab/Tactic/Conv/Delta.c
[    ] Building /workspace/shared/lean4-pr15373-head/stage0/src/../stdlib//Lean/Elab/Tactic/Conv/Lets.c
[    ] Building /workspace/shared/lean4-pr15373-head/stage0/src/../stdlib//Lean/Elab/Tactic/Conv/Pattern.c
[    ] Building /workspace/shared/lean4-pr15373-head/stage0/src/../stdlib//Lean/Elab/Tactic/Conv/Congr.c
[    ] Building /workspace/shared/lean4-pr15373-head/stage0/src/../stdlib//Lean/Elab/Tactic/Conv/Change.c
[    ] Building /workspace/shared/lean4-pr15373-head/stage0/src/../stdlib//Lean/Elab/Tactic/Simpa.c
[    ] Building /workspace/shared/lean4-pr15373-head/stage0/src/../stdlib//Lean/Elab/Tactic/Change.c
[    ] Building /workspace/shared/lean4-pr15373-head/stage0/src/../stdlib//Lean/Elab/Tactic/Rwa.c
[    ] Building /workspace/shared/lean4-pr15373-head/stage0/src/../stdlib//Lean/Elab/Tactic/Conv.c
[    ] Building /workspace/shared/lean4-pr15373-head/stage0/src/../stdlib//Lean/Elab/Tactic/Do/Contract.c
[    ] Building /workspace/shared/lean4-pr15373-head/stage0/src/../stdlib//Lean/Elab/Tactic/Do/Syntax.c
[    ] Building /workspace/shared/lean4-pr15373-head/stage0/src/../stdlib//Lean/Elab/Tactic/Do/ConjunctivePre.c
[    ] Building /workspace/shared/lean4-pr15373-head/stage0/src/../stdlib//Lean/Elab/Tactic/Do/ProofMode/Basic.c
[    ] Building /workspace/shared/lean4-pr15373-head/stage0/src/../stdlib//Lean/Elab/Tactic/Do/ProofMode/RenameI.c
[    ] Building /workspace/shared/lean4-pr15373-head/stage0/src/../stdlib//Lean/Elab/Tactic/Do/ProofMode/Exact.c
[    ] Building /workspace/shared/lean4-pr15373-head/stage0/src/../stdlib//Lean/Elab/Tactic/Do/ProofMode/Revert.c
[    ] Building /workspace/shared/lean4-pr15373-head/stage0/src/../stdlib//Lean/Elab/Tactic/Do/ProofMode/Focus.c
[    ] Building /workspace/shared/lean4-pr15373-head/stage0/src/../stdlib//Lean/Elab/Tactic/Do/ProofMode/Frame.c
[    ] Building /workspace/shared/lean4-pr15373-head/stage0/src/../stdlib//Lean/Elab/Tactic/Do/ProofMode/Clear.c
[    ] Building /workspace/shared/lean4-pr15373-head/stage0/src/../stdlib//Lean/Elab/Tactic/Do/ProofMode/Delab.c
[    ] Building /workspace/shared/lean4-pr15373-head/stage0/src/../stdlib//Lean/Elab/Tactic/Do/ProofMode/Specialize.c
[    ] Building /workspace/shared/lean4-pr15373-head/stage0/src/../stdlib//Lean/Elab/Tactic/Do/ProofMode/Pure.c
[    ] Building /workspace/shared/lean4-pr15373-head/stage0/src/../stdlib//Lean/Elab/Tactic/Do/ProofMode/MGoal.c
[    ] Building /workspace/shared/lean4-pr15373-head/stage0/src/../stdlib//Lean/Elab/Tactic/Do/ProofMode/Refine.c
[    ] Building /workspace/shared/lean4-pr15373-head/stage0/src/../stdlib//Lean/Elab/Tactic/Do/ProofMode/Assumption.c
[    ] Building /workspace/shared/lean4-pr15373-head/stage0/src/../stdlib//Lean/Elab/Tactic/Do/ProofMode/Constructor.c
[    ] Building /workspace/shared/lean4-pr15373-head/stage0/src/../stdlib//Lean/Elab/Tactic/Do/ProofMode/Cases.c
[    ] Building /workspace/shared/lean4-pr15373-head/stage0/src/../stdlib//Lean/Elab/Tactic/Do/ProofMode/Exfalso.c
[    ] Building /workspace/shared/lean4-pr15373-head/stage0/src/../stdlib//Lean/Elab/Tactic/Do/ProofMode/Have.c
[    ] Building /workspace/shared/lean4-pr15373-head/stage0/src/../stdlib//Lean/Elab/Tactic/Do/ProofMode/LeftRight.c
[    ] Building /workspace/shared/lean4-pr15373-head/stage0/src/../stdlib//Lean/Elab/Tactic/Do/ProofMode/Intro.c
[    ] Building /workspace/shared/lean4-pr15373-head/stage0/src/../stdlib//Lean/Elab/Tactic/Do/Spec.c
[    ] Building /workspace/shared/lean4-pr15373-head/stage0/src/../stdlib//Lean/Elab/Tactic/Do/LetElim.c
[    ] Building /workspace/shared/lean4-pr15373-head/stage0/src/../stdlib//Lean/Elab/Tactic/Do/VCGen/Basic.c
[    ] Building /workspace/shared/lean4-pr15373-head/stage0/src/../stdlib//Lean/Elab/Tactic/Do/VCGen/Split.c
[    ] Building /workspace/shared/lean4-pr15373-head/stage0/src/../stdlib//Lean/Elab/Tactic/Do/VCGen/SuggestInvariant.c
[    ] Building /workspace/shared/lean4-pr15373-head/stage0/src/../stdlib//Lean/Elab/Tactic/Do/Attr.c
[    ] Building /workspace/shared/lean4-pr15373-head/stage0/src/../stdlib//Lean/Elab/Tactic/Do/VCGen.c
[    ] Building /workspace/shared/lean4-pr15373-head/stage0/src/../stdlib//Lean/Elab/Tactic/Do/ProofMode.c
[    ] Building /workspace/shared/lean4-pr15373-head/stage0/src/../stdlib//Lean/Elab/Tactic/SolveByElim.c
[    ] Building /workspace/shared/lean4-pr15373-head/stage0/src/../stdlib//Lean/Elab/Tactic/Rfl.c
[    ] Building /workspace/shared/lean4-pr15373-head/stage0/src/../stdlib//Lean/Elab/DeclUtil.c
[    ] Building /workspace/shared/lean4-pr15373-head/stage0/src/../stdlib//Lean/Elab/ElabRules.c
[    ] Building /workspace/shared/lean4-pr15373-head/stage0/src/../stdlib//Lean/Elab/DeclNameGen.c
[    ] Building /workspace/shared/lean4-pr15373-head/stage0/src/../stdlib//Lean/Elab/Attributes.c
[    ] Building /workspace/shared/lean4-pr15373-head/stage0/src/../stdlib//Lean/Elab/Notation.c
[    ] Building /workspace/shared/lean4-pr15373-head/stage0/src/../stdlib//Lean/Elab/GuardMsgs.c
[    ] Building /workspace/shared/lean4-pr15373-head/stage0/src/../stdlib//Lean/Elab/Frontend.c
[    ] Building /workspace/shared/lean4-pr15373-head/stage0/src/../stdlib//Lean/Elab/Command.c
[    ] Building /workspace/shared/lean4-pr15373-head/stage0/src/../stdlib//Lean/Elab/ParseImportsFast.c
[    ] Building /workspace/shared/lean4-pr15373-head/stage0/src/../stdlib//Lean/Elab/DocString.c
[    ] Building /workspace/shared/lean4-pr15373-head/stage0/src/../stdlib//Lean/Elab/Import.c
[    ] Building /workspace/shared/lean4-pr15373-head/stage0/src/../stdlib//Lean/Elab/PreDefinition.c
[    ] Building /workspace/shared/lean4-pr15373-head/stage0/src/../stdlib//Lean/Elab/BuiltinTerm.c
[    ] Building /workspace/shared/lean4-pr15373-head/stage0/src/../stdlib//Lean/Elab/InheritDoc.c
[    ] Building /workspace/shared/lean4-pr15373-head/stage0/src/../stdlib//Lean/Elab/DeclarationRange.c
[    ] Building /workspace/shared/lean4-pr15373-head/stage0/src/../stdlib//Lean/Elab/Extra.c
[    ] Building /workspace/shared/lean4-pr15373-head/stage0/src/../stdlib//Lean/Elab/BinderPredicates.c
[    ] Building /workspace/shared/lean4-pr15373-head/stage0/src/../stdlib//Lean/Elab/CheckTactic.c
[    ] Building /workspace/shared/lean4-pr15373-head/stage0/src/../stdlib//Lean/Elab/Term/TermElabM.c
[    ] Building /workspace/shared/lean4-pr15373-head/stage0/src/../stdlib//Lean/Elab/Util.c
[    ] Building /workspace/shared/lean4-pr15373-head/stage0/src/../stdlib//Lean/Elab/MatchAltView.c
[    ] Building /workspace/shared/lean4-pr15373-head/stage0/src/../stdlib//Lean/Elab/App.c
[    ] Building /workspace/shared/lean4-pr15373-head/stage0/src/../stdlib//Lean/Elab/InfoTree.c
[    ] Building /workspace/shared/lean4-pr15373-head/stage0/src/../stdlib//Lean/Elab/ErrorUtils.c
[    ] Building /workspace/shared/lean4-pr15373-head/stage0/src/../stdlib//Lean/Elab/AutoBound.c
[    ] Building /workspace/shared/lean4-pr15373-head/stage0/src/../stdlib//Lean/Elab/Parallel.c
[    ] Building /workspace/shared/lean4-pr15373-head/stage0/src/../stdlib//Lean/Elab/BuiltinCommand.c
[    ] Building /workspace/shared/lean4-pr15373-head/stage0/src/../stdlib//Lean/Elab/InfoTrees.c
[    ] Building /workspace/shared/lean4-pr15373-head/stage0/src/../stdlib//Lean/Elab/LetRec.c
[    ] Building /workspace/shared/lean4-pr15373-head/stage0/src/../stdlib//Lean/Elab/PreDefinition/Basic.c
[    ] Building /workspace/shared/lean4-pr15373-head/stage0/src/../stdlib//Lean/Elab/PreDefinition/Eqns.c
[    ] Building /workspace/shared/lean4-pr15373-head/stage0/src/../stdlib//Lean/Elab/PreDefinition/EqUnfold.c
[    ] Building /workspace/shared/lean4-pr15373-head/stage0/src/../stdlib//Lean/Elab/PreDefinition/WF/Basic.c
[    ] Building /workspace/shared/lean4-pr15373-head/stage0/src/../stdlib//Lean/Elab/PreDefinition/WF/Eqns.c
[    ] Building /workspace/shared/lean4-pr15373-head/stage0/src/../stdlib//Lean/Elab/PreDefinition/WF/Preprocess.c
[    ] Building /workspace/shared/lean4-pr15373-head/stage0/src/../stdlib//Lean/Elab/PreDefinition/WF/PackMutual.c
[    ] Building /workspace/shared/lean4-pr15373-head/stage0/src/../stdlib//Lean/Elab/PreDefinition/WF/Rel.c
[    ] Building /workspace/shared/lean4-pr15373-head/stage0/src/../stdlib//Lean/Elab/PreDefinition/WF/FloatRecApp.c
[    ] Building /workspace/shared/lean4-pr15373-head/stage0/src/../stdlib//Lean/Elab/PreDefinition/WF/Unfold.c
[    ] Building /workspace/shared/lean4-pr15373-head/stage0/src/../stdlib//Lean/Elab/PreDefinition/WF/Main.c
[    ] Building /workspace/shared/lean4-pr15373-head/stage0/src/../stdlib//Lean/Elab/PreDefinition/WF/Fix.c
[    ] Building /workspace/shared/lean4-pr15373-head/stage0/src/../stdlib//Lean/Elab/PreDefinition/WF/GuessLex.c
[    ] Building /workspace/shared/lean4-pr15373-head/stage0/src/../stdlib//Lean/Elab/PreDefinition/Structural.c
[    ] Building /workspace/shared/lean4-pr15373-head/stage0/src/../stdlib//Lean/Elab/PreDefinition/TerminationMeasure.c
[    ] Building /workspace/shared/lean4-pr15373-head/stage0/src/../stdlib//Lean/Elab/PreDefinition/PartialFixpoint.c
[    ] Building /workspace/shared/lean4-pr15373-head/stage0/src/../stdlib//Lean/Elab/PreDefinition/PartialFixpoint/Eqns.c
[    ] Building /workspace/shared/lean4-pr15373-head/stage0/src/../stdlib//Lean/Elab/PreDefinition/PartialFixpoint/Induction.c
[    ] Building /workspace/shared/lean4-pr15373-head/stage0/src/../stdlib//Lean/Elab/PreDefinition/PartialFixpoint/Main.c
[    ] Building /workspace/shared/lean4-pr15373-head/stage0/src/../stdlib//Lean/Elab/PreDefinition/Structural/SmartUnfolding.c
[    ] Building /workspace/shared/lean4-pr15373-head/stage0/src/../stdlib//Lean/Elab/PreDefinition/Structural/Basic.c
[    ] Building /workspace/shared/lean4-pr15373-head/stage0/src/../stdlib//Lean/Elab/PreDefinition/Structural/Eqns.c
[    ] Building /workspace/shared/lean4-pr15373-head/stage0/src/../stdlib//Lean/Elab/PreDefinition/Structural/Preprocess.c
[    ] Building /workspace/shared/lean4-pr15373-head/stage0/src/../stdlib//Lean/Elab/PreDefinition/Structural/BRecOn.c
[    ] Building /workspace/shared/lean4-pr15373-head/stage0/src/../stdlib//Lean/Elab/PreDefinition/Structural/IndGroupInfo.c
[    ] Building /workspace/shared/lean4-pr15373-head/stage0/src/../stdlib//Lean/Elab/PreDefinition/Structural/Main.c
[    ] Building /workspace/shared/lean4-pr15373-head/stage0/src/../stdlib//Lean/Elab/PreDefinition/Structural/IndPred.c
[    ] Building /workspace/shared/lean4-pr15373-head/stage0/src/../stdlib//Lean/Elab/PreDefinition/Structural/FindRecArg.c
[    ] Building /workspace/shared/lean4-pr15373-head/stage0/src/../stdlib//Lean/Elab/PreDefinition/Structural/RecArgInfo.c
[    ] Building /workspace/shared/lean4-pr15373-head/stage0/src/../stdlib//Lean/Elab/PreDefinition/Main.c
[    ] Building /workspace/shared/lean4-pr15373-head/stage0/src/../stdlib//Lean/Elab/PreDefinition/EqnsUtils.c
[    ] Building /workspace/shared/lean4-pr15373-head/stage0/src/../stdlib//Lean/Elab/PreDefinition/FixedParams.c
[    ] Building /workspace/shared/lean4-pr15373-head/stage0/src/../stdlib//Lean/Elab/PreDefinition/TerminationHint.c
[    ] Building /workspace/shared/lean4-pr15373-head/stage0/src/../stdlib//Lean/Elab/PreDefinition/Mutual.c
[    ] Building /workspace/shared/lean4-pr15373-head/stage0/src/../stdlib//Lean/Elab/PreDefinition/WF.c
[    ] Building /workspace/shared/lean4-pr15373-head/stage0/src/../stdlib//Lean/Elab/PreDefinition/MkInhabitant.c
[    ] Building /workspace/shared/lean4-pr15373-head/stage0/src/../stdlib//Lean/Elab/Quotation/Util.c
[    ] Building /workspace/shared/lean4-pr15373-head/stage0/src/../stdlib//Lean/Elab/Quotation/Precheck.c
[    ] Building /workspace/shared/lean4-pr15373-head/stage0/src/../stdlib//Lean/Elab/Quotation.c
[    ] Building /workspace/shared/lean4-pr15373-head/stage0/src/../stdlib//Lean/Elab/Command/WithWeakNamespace.c
[    ] Building /workspace/shared/lean4-pr15373-head/stage0/src/../stdlib//Lean/Elab/Command/Scope.c
[    ] Building /workspace/shared/lean4-pr15373-head/stage0/src/../stdlib//Lean/Elab/Open.c
[    ] Building /workspace/shared/lean4-pr15373-head/stage0/src/../stdlib//Lean/Elab/Level.c
[    ] Building /workspace/shared/lean4-pr15373-head/stage0/src/../stdlib//Lean/Elab/Exception.c
[    ] Building /workspace/shared/lean4-pr15373-head/stage0/src/../stdlib//Lean/Elab/BuiltinNotation.c
[    ] Building /workspace/shared/lean4-pr15373-head/stage0/src/../stdlib//Lean/Elab/DefView.c
[    ] Building /workspace/shared/lean4-pr15373-head/stage0/src/../stdlib//Lean/Elab/AuxDef.c
[    ] Building /workspace/shared/lean4-pr15373-head/stage0/src/../stdlib//Lean/Elab/Recall.c
[    ] Building /workspace/shared/lean4-pr15373-head/stage0/src/../stdlib//Lean/Elab/Print.c
[    ] Building /workspace/shared/lean4-pr15373-head/stage0/src/../stdlib//Lean/Elab/SyntheticMVars.c
[    ] Building /workspace/shared/lean4-pr15373-head/stage0/src/../stdlib//Lean/Elab/GenInjective.c
[    ] Building /workspace/shared/lean4-pr15373-head/stage0/src/../stdlib//Lean/Elab/Term.c
[    ] Building /workspace/shared/lean4-pr15373-head/stage0/src/../stdlib//Lean/Elab/Eval.c
[    ] Building /workspace/shared/lean4-pr15373-head/stage0/src/../stdlib//Lean/Elab/InfoTree/InlayHints.c
[    ] Building /workspace/shared/lean4-pr15373-head/stage0/src/../stdlib//Lean/Elab/InfoTree/Types.c
[    ] Building /workspace/shared/lean4-pr15373-head/stage0/src/../stdlib//Lean/Elab/InfoTree/Basic.c
[    ] Building /workspace/shared/lean4-pr15373-head/stage0/src/../stdlib//Lean/Elab/InfoTree/Util.c
[    ] Building /workspace/shared/lean4-pr15373-head/stage0/src/../stdlib//Lean/Elab/InfoTree/Main.c
[    ] Building /workspace/shared/lean4-pr15373-head/stage0/src/../stdlib//Lean/Elab/MatchExpr.c
[    ] Building /workspace/shared/lean4-pr15373-head/stage0/src/../stdlib//Lean/Elab/MacroRules.c
[    ] Building /workspace/shared/lean4-pr15373-head/stage0/src/../stdlib//Lean/Elab/BuiltinDo/Jump.c
[    ] Building /workspace/shared/lean4-pr15373-head/stage0/src/../stdlib//Lean/Elab/BuiltinDo/Let.c
[    ] Building /workspace/shared/lean4-pr15373-head/stage0/src/../stdlib//Lean/Elab/BuiltinDo/Basic.c
[    ] Building /workspace/shared/lean4-pr15373-head/stage0/src/../stdlib//Lean/Elab/BuiltinDo/Match.c
[    ] Building /workspace/shared/lean4-pr15373-head/stage0/src/../stdlib//Lean/Elab/BuiltinDo/Repeat.c
[    ] Building /workspace/shared/lean4-pr15373-head/stage0/src/../stdlib//Lean/Elab/BuiltinDo/TryCatch.c
[    ] Building /workspace/shared/lean4-pr15373-head/stage0/src/../stdlib//Lean/Elab/BuiltinDo/For.c
[    ] Building /workspace/shared/lean4-pr15373-head/stage0/src/../stdlib//Lean/Elab/BuiltinDo/MatchExpr.c
[    ] Building /workspace/shared/lean4-pr15373-head/stage0/src/../stdlib//Lean/Elab/BuiltinDo/Misc.c
[    ] Building /workspace/shared/lean4-pr15373-head/stage0/src/../stdlib//Lean/Elab/BuiltinDo/If.c
[    ] Building /workspace/shared/lean4-pr15373-head/stage0/src/../stdlib//Lean/Elab/BuiltinDo/Forward.c
[    ] Building /workspace/shared/lean4-pr15373-head/stage0/src/../stdlib//Lean/Elab/Time.c
[    ] Building /workspace/shared/lean4-pr15373-head/stage0/src/../stdlib//Lean/Elab/Inductive.c
[    ] Building /workspace/shared/lean4-pr15373-head/stage0/src/../stdlib//Lean/Elab/Idbg.c
[    ] Building /workspace/shared/lean4-pr15373-head/stage0/src/../stdlib//Lean/Elab/DeprecatedArg.c
[    ] Building /workspace/shared/lean4-pr15373-head/stage0/src/../stdlib//Lean/Elab/MutualInductive.c
[    ] Building /workspace/shared/lean4-pr15373-head/stage0/src/../stdlib//Lean/Elab/MacroArgUtil.c
[    ] Building /workspace/shared/lean4-pr15373-head/stage0/src/../stdlib//Lean/Elab/Task.c
[    ] Building /workspace/shared/lean4-pr15373-head/stage0/src/../stdlib//Lean/Elab/Do/Basic.c
[    ] Building /workspace/shared/lean4-pr15373-head/stage0/src/../stdlib//Lean/Elab/Do/Legacy.c
[    ] Building /workspace/shared/lean4-pr15373-head/stage0/src/../stdlib//Lean/Elab/Do/PatternVar.c
[    ] Building /workspace/shared/lean4-pr15373-head/stage0/src/../stdlib//Lean/Elab/Do/InferControlInfo.c
[    ] Building /workspace/shared/lean4-pr15373-head/stage0/src/../stdlib//Lean/Elab/Do/Control.c
[    ] Building /workspace/shared/lean4-pr15373-head/stage0/src/../stdlib//Lean/Elab/Do/ForwardSyntax.c
[    ] Building /workspace/shared/lean4-pr15373-head/stage0/src/../stdlib//Lean/Elab/Do/Switch.c
[    ] Building /workspace/shared/lean4-pr15373-head/stage0/src/../stdlib//Lean/Elab/ErrorExplanation.c
[    ] Building /workspace/shared/lean4-pr15373-head/stage0/src/../stdlib//Lean/Elab/Deriving.c
[    ] Building /workspace/shared/lean4-pr15373-head/stage0/src/../stdlib//Lean/Elab/BuiltinEvalCommand.c
[    ] Building /workspace/shared/lean4-pr15373-head/stage0/src/../stdlib//Lean/Elab/DeclModifiers.c
[    ] Building /workspace/shared/lean4-pr15373-head/stage0/src/../stdlib//Lean/Elab/RecAppSyntax.c
[    ] Building /workspace/shared/lean4-pr15373-head/stage0/src/../stdlib//Lean/Namespace.c
[    ] Building /workspace/shared/lean4-pr15373-head/stage0/src/../stdlib//Lean/Syntax.c
[    ] Building /workspace/shared/lean4-pr15373-head/stage0/src/../stdlib//Lean/Declaration.c
[    ] Building /workspace/shared/lean4-pr15373-head/stage0/src/../stdlib//Lean/Log.c
[    ] Building /workspace/shared/lean4-pr15373-head/stage0/src/../stdlib//Lean/PostprocessTraces.c
[    ] Building /workspace/shared/lean4-pr15373-head/stage0/src/../stdlib//Lean/PrivateName.c
[    ] Building /workspace/shared/lean4-pr15373-head/stage0/src/../stdlib//Lean/Attributes.c
[    ] Building /workspace/shared/lean4-pr15373-head/stage0/src/../stdlib//Lean/ImportingFlag.c
[    ] Building /workspace/shared/lean4-pr15373-head/stage0/src/../stdlib//Lean/Setup.c
[    ] Building /workspace/shared/lean4-pr15373-head/stage0/src/../stdlib//Lean/DeprecatedModule.c
[    ] Building /workspace/shared/lean4-pr15373-head/stage0/src/../stdlib//Lean/CoreM.c
[    ] Building /workspace/shared/lean4-pr15373-head/stage0/src/../stdlib//Lean/PrettyPrinter/Basic.c
[    ] Building /workspace/shared/lean4-pr15373-head/stage0/src/../stdlib//Lean/PrettyPrinter/Delaborator.c
[    ] Building /workspace/shared/lean4-pr15373-head/stage0/src/../stdlib//Lean/PrettyPrinter/Formatter.c
[    ] Building /workspace/shared/lean4-pr15373-head/stage0/src/../stdlib//Lean/PrettyPrinter/Delaborator/Metavariable.c
[    ] Building /workspace/shared/lean4-pr15373-head/stage0/src/../stdlib//Lean/PrettyPrinter/Delaborator/Basic.c
[    ] Building /workspace/shared/lean4-pr15373-head/stage0/src/../stdlib//Lean/PrettyPrinter/Delaborator/FieldNotation.c
[    ] Building /workspace/shared/lean4-pr15373-head/stage0/src/../stdlib//Lean/PrettyPrinter/Delaborator/Options.c
[    ] Building /workspace/shared/lean4-pr15373-head/stage0/src/../stdlib//Lean/PrettyPrinter/Delaborator/DeclWithSig.c
[    ] Building /workspace/shared/lean4-pr15373-head/stage0/src/../stdlib//Lean/PrettyPrinter/Delaborator/SubExpr.c
[    ] Building /workspace/shared/lean4-pr15373-head/stage0/src/../stdlib//Lean/PrettyPrinter/Delaborator/Attributes.c
[    ] Building /workspace/shared/lean4-pr15373-head/stage0/src/../stdlib//Lean/PrettyPrinter/Delaborator/Builtins.c
[    ] Building /workspace/shared/lean4-pr15373-head/stage0/src/../stdlib//Lean/PrettyPrinter/Delaborator/TopDownAnalyze.c
[    ] Building /workspace/shared/lean4-pr15373-head/stage0/src/../stdlib//Lean/PrettyPrinter/Parenthesizer.c
[    ] Building /workspace/shared/lean4-pr15373-head/stage0/src/../stdlib//Lean/DefEqAttrib.c
[    ] Building /workspace/shared/lean4-pr15373-head/stage0/src/../stdlib//Lean/DocString.c
[    ] Building /workspace/shared/lean4-pr15373-head/stage0/src/../stdlib//Lean/LibrarySuggestions/Basic.c
[    ] Building /workspace/shared/lean4-pr15373-head/stage0/src/../stdlib//Lean/LibrarySuggestions/Default.c
[    ] Building /workspace/shared/lean4-pr15373-head/stage0/src/../stdlib//Lean/LibrarySuggestions/MePo.c
[    ] Building /workspace/shared/lean4-pr15373-head/stage0/src/../stdlib//Lean/LibrarySuggestions/SymbolFrequency.c
[    ] Building /workspace/shared/lean4-pr15373-head/stage0/src/../stdlib//Lean/LibrarySuggestions/SineQuaNon.c
[    ] Building /workspace/shared/lean4-pr15373-head/stage0/src/../stdlib//Lean/ReducibilityAttrs.c
[    ] Building /workspace/shared/lean4-pr15373-head/stage0/src/../stdlib//Lean/DeclarationRange.c
[    ] Building /workspace/shared/lean4-pr15373-head/stage0/src/../stdlib//Lean/Modifiers.c
[    ] Building /workspace/shared/lean4-pr15373-head/stage0/src/../stdlib//Lean/Data.c
[    ] Building /workspace/shared/lean4-pr15373-head/stage0/src/../stdlib//Lean/ProjFns.c
[    ] Building /workspace/shared/lean4-pr15373-head/stage0/src/../stdlib//Lean/ScopedEnvExtension.c
[    ] Building /workspace/shared/lean4-pr15373-head/stage0/src/../stdlib//Lean/ExtraModUses.c
[    ] Building /workspace/shared/lean4-pr15373-head/stage0/src/../stdlib//Lean/Util.c
[    ] Building /workspace/shared/lean4-pr15373-head/stage0/src/../stdlib//Lean/ReservedNameAction.c
[    ] Building /workspace/shared/lean4-pr15373-head/stage0/src/../stdlib//Lean/Meta.c
[    ] Building /workspace/shared/lean4-pr15373-head/stage0/src/../stdlib//Lean/Runtime.c
[    ] Building /workspace/shared/lean4-pr15373-head/stage0/src/../stdlib//Lean/Elab.c
[    ] Building /workspace/shared/lean4-pr15373-head/stage0/src/../stdlib//Lean/Meta/GeneralizeVars.c
[    ] Building /workspace/shared/lean4-pr15373-head/stage0/src/../stdlib//Lean/Meta/HasNotBit.c
[    ] Building /workspace/shared/lean4-pr15373-head/stage0/src/../stdlib//Lean/Meta/Basic.c
[    ] Building /workspace/shared/lean4-pr15373-head/stage0/src/../stdlib//Lean/Meta/Eqns.c
[    ] Building /workspace/shared/lean4-pr15373-head/stage0/src/../stdlib//Lean/Meta/Reduce.c
[    ] Building /workspace/shared/lean4-pr15373-head/stage0/src/../stdlib//Lean/Meta/SizeOf.c
[    ] Building /workspace/shared/lean4-pr15373-head/stage0/src/../stdlib//Lean/Meta/Tactic.c
[    ] Building /workspace/shared/lean4-pr15373-head/stage0/src/../stdlib//Lean/Meta/Diagnostics.c
[    ] Building /workspace/shared/lean4-pr15373-head/stage0/src/../stdlib//Lean/Meta/Match.c
[    ] Building /workspace/shared/lean4-pr15373-head/stage0/src/../stdlib//Lean/Meta/TransparencyMode.c
[    ] Building /workspace/shared/lean4-pr15373-head/stage0/src/../stdlib//Lean/Meta/Sym.c
[    ] Building /workspace/shared/lean4-pr15373-head/stage0/src/../stdlib//Lean/Meta/Transform.c
[    ] Building /workspace/shared/lean4-pr15373-head/stage0/src/../stdlib//Lean/Meta/TryThis.c
[    ] Building /workspace/shared/lean4-pr15373-head/stage0/src/../stdlib//Lean/Meta/Canonicalizer.c
[    ] Building /workspace/shared/lean4-pr15373-head/stage0/src/../stdlib//Lean/Meta/Structure.c
[    ] Building /workspace/shared/lean4-pr15373-head/stage0/src/../stdlib//Lean/Meta/LazyDiscrTree.c
[    ] Building /workspace/shared/lean4-pr15373-head/stage0/src/../stdlib//Lean/Meta/CollectMVars.c
[    ] Building /workspace/shared/lean4-pr15373-head/stage0/src/../stdlib//Lean/Meta/ForEachExpr.c
[    ] Building /workspace/shared/lean4-pr15373-head/stage0/src/../stdlib//Lean/Meta/Constructions.c
[    ] Building /workspace/shared/lean4-pr15373-head/stage0/src/../stdlib//Lean/Meta/RecExt.c
[    ] Building /workspace/shared/lean4-pr15373-head/stage0/src/../stdlib//Lean/Meta/LevelDefEq.c
[    ] Building /workspace/shared/lean4-pr15373-head/stage0/src/../stdlib//Lean/Meta/MethodSpecs.c
[    ] Building /workspace/shared/lean4-pr15373-head/stage0/src/../stdlib//Lean/Meta/LitValues.c
[    ] Building /workspace/shared/lean4-pr15373-head/stage0/src/../stdlib//Lean/Meta/Closure.c
[    ] Building /workspace/shared/lean4-pr15373-head/stage0/src/../stdlib//Lean/Meta/Injective.c
[    ] Building /workspace/shared/lean4-pr15373-head/stage0/src/../stdlib//Lean/Meta/DiscrTree.c
[    ] Building /workspace/shared/lean4-pr15373-head/stage0/src/../stdlib//Lean/Meta/SameCtorUtils.c
[    ] Building /workspace/shared/lean4-pr15373-head/stage0/src/../stdlib//Lean/Meta/Sym/Eta.c
[    ] Building /workspace/shared/lean4-pr15373-head/stage0/src/../stdlib//Lean/Meta/Sym/Simp.c
[    ] Building /workspace/shared/lean4-pr15373-head/stage0/src/../stdlib//Lean/Meta/Sym/Canon.c
[    ] Building /workspace/shared/lean4-pr15373-head/stage0/src/../stdlib//Lean/Meta/Sym/ProofInstInfo.c
[    ] Building /workspace/shared/lean4-pr15373-head/stage0/src/../stdlib//Lean/Meta/Sym/SymM.c
[    ] Building /workspace/shared/lean4-pr15373-head/stage0/src/../stdlib//Lean/Meta/Sym/AlphaShareBuilder.c
[    ] Building /workspace/shared/lean4-pr15373-head/stage0/src/../stdlib//Lean/Meta/Sym/AbstractS.c
[    ] Building /workspace/shared/lean4-pr15373-head/stage0/src/../stdlib//Lean/Meta/Sym/LitValues.c
[    ] Building /workspace/shared/lean4-pr15373-head/stage0/src/../stdlib//Lean/Meta/Sym/AlphaShareCommon.c
[    ] Building /workspace/shared/lean4-pr15373-head/stage0/src/../stdlib//Lean/Meta/Sym/LiftLet.c
[    ] Building /workspace/shared/lean4-pr15373-head/stage0/src/../stdlib//Lean/Meta/Sym/DSimp.c
[    ] Building /workspace/shared/lean4-pr15373-head/stage0/src/../stdlib//Lean/Meta/Sym/InstantiateS.c
[    ] Building /workspace/shared/lean4-pr15373-head/stage0/src/../stdlib//Lean/Meta/Sym/ExprPtr.c
[    ] Building /workspace/shared/lean4-pr15373-head/stage0/src/../stdlib//Lean/Meta/Sym/Offset.c
[    ] Building /workspace/shared/lean4-pr15373-head/stage0/src/../stdlib//Lean/Meta/Sym/Util.c
[    ] Building /workspace/shared/lean4-pr15373-head/stage0/src/../stdlib//Lean/Meta/Sym/Arith/ToExpr.c
[    ] Building /workspace/shared/lean4-pr15373-head/stage0/src/../stdlib//Lean/Meta/Sym/Arith/Types.c
[    ] Building /workspace/shared/lean4-pr15373-head/stage0/src/../stdlib//Lean/Meta/Sym/Arith/Reify.c
[    ] Building /workspace/shared/lean4-pr15373-head/stage0/src/../stdlib//Lean/Meta/Sym/Arith/MonadCanon.c
[    ] Building /workspace/shared/lean4-pr15373-head/stage0/src/../stdlib//Lean/Meta/Sym/Arith/MonadRing.c
[    ] Building /workspace/shared/lean4-pr15373-head/stage0/src/../stdlib//Lean/Meta/Sym/Arith/Classify.c
[    ] Building /workspace/shared/lean4-pr15373-head/stage0/src/../stdlib//Lean/Meta/Sym/Arith/DenoteExpr.c
[    ] Building /workspace/shared/lean4-pr15373-head/stage0/src/../stdlib//Lean/Meta/Sym/Arith/Insts.c
[    ] Building /workspace/shared/lean4-pr15373-head/stage0/src/../stdlib//Lean/Meta/Sym/Arith/Poly.c
[    ] Building /workspace/shared/lean4-pr15373-head/stage0/src/../stdlib//Lean/Meta/Sym/Arith/EvalNum.c
[    ] Building /workspace/shared/lean4-pr15373-head/stage0/src/../stdlib//Lean/Meta/Sym/Arith/Functions.c
[    ] Building /workspace/shared/lean4-pr15373-head/stage0/src/../stdlib//Lean/Meta/Sym/Arith/MonadVar.c
[    ] Building /workspace/shared/lean4-pr15373-head/stage0/src/../stdlib//Lean/Meta/Sym/Arith/MonadSemiring.c
[    ] Building /workspace/shared/lean4-pr15373-head/stage0/src/../stdlib//Lean/Meta/Sym/Arith/VarRename.c
[    ] Building /workspace/shared/lean4-pr15373-head/stage0/src/../stdlib//Lean/Meta/Sym/Pattern.c
[    ] Building /workspace/shared/lean4-pr15373-head/stage0/src/../stdlib//Lean/Meta/Sym/SynthInstance.c
[    ] Building /workspace/shared/lean4-pr15373-head/stage0/src/../stdlib//Lean/Meta/Sym/Grind.c
[    ] Building /workspace/shared/lean4-pr15373-head/stage0/src/../stdlib//Lean/Meta/Sym/Apply.c
[    ] Building /workspace/shared/lean4-pr15373-head/stage0/src/../stdlib//Lean/Meta/Sym/MaxFVar.c
[    ] Building /workspace/shared/lean4-pr15373-head/stage0/src/../stdlib//Lean/Meta/Sym/Arith.c
[    ] Building /workspace/shared/lean4-pr15373-head/stage0/src/../stdlib//Lean/Meta/Sym/LooseBVarsS.c
[    ] Building /workspace/shared/lean4-pr15373-head/stage0/src/../stdlib//Lean/Meta/Sym/Simp/Debug.c
[    ] Building /workspace/shared/lean4-pr15373-head/stage0/src/../stdlib//Lean/Meta/Sym/Simp/Simproc.c
[    ] Building /workspace/shared/lean4-pr15373-head/stage0/src/../stdlib//Lean/Meta/Sym/Simp/EvalGround.c
[    ] Building /workspace/shared/lean4-pr15373-head/stage0/src/../stdlib//Lean/Meta/Sym/Simp/DiscrTree.c
[    ] Building /workspace/shared/lean4-pr15373-head/stage0/src/../stdlib//Lean/Meta/Sym/Simp/Result.c
[    ] Building /workspace/shared/lean4-pr15373-head/stage0/src/../stdlib//Lean/Meta/Sym/Simp/Variant.c
[    ] Building /workspace/shared/lean4-pr15373-head/stage0/src/../stdlib//Lean/Meta/Sym/Simp/Lambda.c
[    ] Building /workspace/shared/lean4-pr15373-head/stage0/src/../stdlib//Lean/Meta/Sym/Simp/RegisterCommand.c
[    ] Building /workspace/shared/lean4-pr15373-head/stage0/src/../stdlib//Lean/Meta/Sym/Simp/Rewrite.c
[    ] Building /workspace/shared/lean4-pr15373-head/stage0/src/../stdlib//Lean/Meta/Sym/Simp/SimpM.c
[    ] Building /workspace/shared/lean4-pr15373-head/stage0/src/../stdlib//Lean/Meta/Sym/Simp/Main.c
[    ] Building /workspace/shared/lean4-pr15373-head/stage0/src/../stdlib//Lean/Meta/Sym/Simp/App.c
[    ] Building /workspace/shared/lean4-pr15373-head/stage0/src/../stdlib//Lean/Meta/Sym/Simp/Theorems.c
[    ] Building /workspace/shared/lean4-pr15373-head/stage0/src/../stdlib//Lean/Meta/Sym/Simp/Attr.c
[    ] Building /workspace/shared/lean4-pr15373-head/stage0/src/../stdlib//Lean/Meta/Sym/Simp/CongrInfo.c
[    ] Building /workspace/shared/lean4-pr15373-head/stage0/src/../stdlib//Lean/Meta/Sym/Simp/Forall.c
[    ] Building /workspace/shared/lean4-pr15373-head/stage0/src/../stdlib//Lean/Meta/Sym/Simp/Discharger.c
[    ] Building /workspace/shared/lean4-pr15373-head/stage0/src/../stdlib//Lean/Meta/Sym/Simp/Telescope.c
[    ] Building /workspace/shared/lean4-pr15373-head/stage0/src/../stdlib//Lean/Meta/Sym/Simp/Goal.c
[    ] Building /workspace/shared/lean4-pr15373-head/stage0/src/../stdlib//Lean/Meta/Sym/Simp/ControlFlow.c
[    ] Building /workspace/shared/lean4-pr15373-head/stage0/src/../stdlib//Lean/Meta/Sym/Simp/Have.c
[    ] Building /workspace/shared/lean4-pr15373-head/stage0/src/../stdlib//Lean/Meta/Sym/InstantiateMVarsS.c
[    ] Building /workspace/shared/lean4-pr15373-head/stage0/src/../stdlib//Lean/Meta/Sym/InferType.c
[    ] Building /workspace/shared/lean4-pr15373-head/stage0/src/../stdlib//Lean/Meta/Sym/Intro.c
[    ] Building /workspace/shared/lean4-pr15373-head/stage0/src/../stdlib//Lean/Meta/Sym/ReplaceS.c
[    ] Building /workspace/shared/lean4-pr15373-head/stage0/src/../stdlib//Lean/Meta/Sym/LetToHave.c
[    ] Building /workspace/shared/lean4-pr15373-head/stage0/src/../stdlib//Lean/Meta/Sym/DSimp/Let.c
[    ] Building /workspace/shared/lean4-pr15373-head/stage0/src/../stdlib//Lean/Meta/Sym/DSimp/Reduce.c
[    ] Building /workspace/shared/lean4-pr15373-head/stage0/src/../stdlib//Lean/Meta/Sym/DSimp/DSimproc.c
[    ] Building /workspace/shared/lean4-pr15373-head/stage0/src/../stdlib//Lean/Meta/Sym/DSimp/EvalGround.c
[    ] Building /workspace/shared/lean4-pr15373-head/stage0/src/../stdlib//Lean/Meta/Sym/DSimp/Result.c
[    ] Building /workspace/shared/lean4-pr15373-head/stage0/src/../stdlib//Lean/Meta/Sym/DSimp/Variant.c
[    ] Building /workspace/shared/lean4-pr15373-head/stage0/src/../stdlib//Lean/Meta/Sym/DSimp/Lambda.c
[    ] Building /workspace/shared/lean4-pr15373-head/stage0/src/../stdlib//Lean/Meta/Sym/DSimp/Main.c
[    ] Building /workspace/shared/lean4-pr15373-head/stage0/src/../stdlib//Lean/Meta/Sym/DSimp/App.c
[    ] Building /workspace/shared/lean4-pr15373-head/stage0/src/../stdlib//Lean/Meta/Sym/DSimp/DSimpM.c
[    ] Building /workspace/shared/lean4-pr15373-head/stage0/src/../stdlib//Lean/Meta/Sym/DSimp/Forall.c
[    ] Building /workspace/shared/lean4-pr15373-head/stage0/src/../stdlib//Lean/Meta/Sym/IsClass.c
[    ] Building /workspace/shared/lean4-pr15373-head/stage0/src/../stdlib//Lean/Meta/Check.c
[    ] Building /workspace/shared/lean4-pr15373-head/stage0/src/../stdlib//Lean/Meta/UnificationHint.c
[    ] Building /workspace/shared/lean4-pr15373-head/stage0/src/../stdlib//Lean/Meta/Tactic/UnifyEq.c
[    ] Building /workspace/shared/lean4-pr15373-head/stage0/src/../stdlib//Lean/Meta/Tactic/Simp.c
[    ] Building /workspace/shared/lean4-pr15373-head/stage0/src/../stdlib//Lean/Meta/Tactic/FunInd.c
[    ] Building /workspace/shared/lean4-pr15373-head/stage0/src/../stdlib//Lean/Meta/Tactic/Ext.c
[    ] Building /workspace/shared/lean4-pr15373-head/stage0/src/../stdlib//Lean/Meta/Tactic/Generalize.c
[    ] Building /workspace/shared/lean4-pr15373-head/stage0/src/../stdlib//Lean/Meta/Tactic/Revert.c
[    ] Building /workspace/shared/lean4-pr15373-head/stage0/src/../stdlib//Lean/Meta/Tactic/FVarSubst.c
[    ] Building /workspace/shared/lean4-pr15373-head/stage0/src/../stdlib//Lean/Meta/Tactic/Injection.c
[    ] Building /workspace/shared/lean4-pr15373-head/stage0/src/../stdlib//Lean/Meta/Tactic/SplitIf.c
[    ] Building /workspace/shared/lean4-pr15373-head/stage0/src/../stdlib//Lean/Meta/Tactic/CasesOnStuckLHS.c
[    ] Building /workspace/shared/lean4-pr15373-head/stage0/src/../stdlib//Lean/Meta/Tactic/NormCast.c
[    ] Building /workspace/shared/lean4-pr15373-head/stage0/src/../stdlib//Lean/Meta/Tactic/TryThis.c
[    ] Building /workspace/shared/lean4-pr15373-head/stage0/src/../stdlib//Lean/Meta/Tactic/BVDecide.c
[    ] Building /workspace/shared/lean4-pr15373-head/stage0/src/../stdlib//Lean/Meta/Tactic/IndependentOf.c
[    ] Building /workspace/shared/lean4-pr15373-head/stage0/src/../stdlib//Lean/Meta/Tactic/Contradiction.c
[    ] Building /workspace/shared/lean4-pr15373-head/stage0/src/../stdlib//Lean/Meta/Tactic/Cbv.c
[    ] Building /workspace/shared/lean4-pr15373-head/stage0/src/../stdlib//Lean/Meta/Tactic/Clear.c
[    ] Building /workspace/shared/lean4-pr15373-head/stage0/src/../stdlib//Lean/Meta/Tactic/Assert.c
[    ] Building /workspace/shared/lean4-pr15373-head/stage0/src/../stdlib//Lean/Meta/Tactic/Try.c
[    ] Building /workspace/shared/lean4-pr15373-head/stage0/src/../stdlib//Lean/Meta/Tactic/Try/Collect.c
[    ] Building /workspace/shared/lean4-pr15373-head/stage0/src/../stdlib//Lean/Meta/Tactic/Repeat.c
[    ] Building /workspace/shared/lean4-pr15373-head/stage0/src/../stdlib//Lean/Meta/Tactic/Cbv/TheoremsLookup.c
[    ] Building /workspace/shared/lean4-pr15373-head/stage0/src/../stdlib//Lean/Meta/Tactic/Cbv/CbvSimproc.c
[    ] Building /workspace/shared/lean4-pr15373-head/stage0/src/../stdlib//Lean/Meta/Tactic/Cbv/Util.c
[    ] Building /workspace/shared/lean4-pr15373-head/stage0/src/../stdlib//Lean/Meta/Tactic/Cbv/Main.c
[    ] Building /workspace/shared/lean4-pr15373-head/stage0/src/../stdlib//Lean/Meta/Tactic/Cbv/Opaque.c
[    ] Building /workspace/shared/lean4-pr15373-head/stage0/src/../stdlib//Lean/Meta/Tactic/Cbv/CbvEvalExt.c
[    ] Building /workspace/shared/lean4-pr15373-head/stage0/src/../stdlib//Lean/Meta/Tactic/Cbv/BuiltinCbvSimprocs/String.c
[    ] Building /workspace/shared/lean4-pr15373-head/stage0/src/../stdlib//Lean/Meta/Tactic/Cbv/BuiltinCbvSimprocs/Core.c
[    ] Building /workspace/shared/lean4-pr15373-head/stage0/src/../stdlib//Lean/Meta/Tactic/Cbv/BuiltinCbvSimprocs/Array.c
[    ] Building /workspace/shared/lean4-pr15373-head/stage0/src/../stdlib//Lean/Meta/Tactic/Cbv/ControlFlow.c
[    ] Building /workspace/shared/lean4-pr15373-head/stage0/src/../stdlib//Lean/Meta/Tactic/Split.c
[    ] Building /workspace/shared/lean4-pr15373-head/stage0/src/../stdlib//Lean/Meta/Tactic/Acyclic.c
[    ] Building /workspace/shared/lean4-pr15373-head/stage0/src/../stdlib//Lean/Meta/Tactic/BVDecide/Counterexample.c
[    ] Building /workspace/shared/lean4-pr15373-head/stage0/src/../stdlib//Lean/Meta/Tactic/BVDecide/TacticContext.c
[    ] Building /workspace/shared/lean4-pr15373-head/stage0/src/../stdlib//Lean/Meta/Tactic/BVDecide/Normalize/Basic.c
[    ] Building /workspace/shared/lean4-pr15373-head/stage0/src/../stdlib//Lean/Meta/Tactic/BVDecide/Normalize/TypeAnalysis.c
[    ] Building /workspace/shared/lean4-pr15373-head/stage0/src/../stdlib//Lean/Meta/Tactic/BVDecide/Normalize/CollectHyps.c
[    ] Building /workspace/shared/lean4-pr15373-head/stage0/src/../stdlib//Lean/Meta/Tactic/BVDecide/Normalize/EmbeddedConstraint.c
[    ] Building /workspace/shared/lean4-pr15373-head/stage0/src/../stdlib//Lean/Meta/Tactic/BVDecide/Normalize/AndFlatten.c
[    ] Building /workspace/shared/lean4-pr15373-head/stage0/src/../stdlib//Lean/Meta/Tactic/BVDecide/Normalize/Simproc.c
[    ] Building /workspace/shared/lean4-pr15373-head/stage0/src/../stdlib//Lean/Meta/Tactic/BVDecide/Normalize/Rewrite.c
[    ] Building /workspace/shared/lean4-pr15373-head/stage0/src/../stdlib//Lean/Meta/Tactic/BVDecide/Normalize/Enums.c
[    ] Building /workspace/shared/lean4-pr15373-head/stage0/src/../stdlib//Lean/Meta/Tactic/BVDecide/Normalize/ApplyControlFlow.c
[    ] Building /workspace/shared/lean4-pr15373-head/stage0/src/../stdlib//Lean/Meta/Tactic/BVDecide/Normalize/Structures.c
[    ] Building /workspace/shared/lean4-pr15373-head/stage0/src/../stdlib//Lean/Meta/Tactic/BVDecide/Normalize/AC.c
[    ] Building /workspace/shared/lean4-pr15373-head/stage0/src/../stdlib//Lean/Meta/Tactic/BVDecide/Normalize/IntToBitVec.c
[    ] Building /workspace/shared/lean4-pr15373-head/stage0/src/../stdlib//Lean/Meta/Tactic/BVDecide/Normalize/ShortCircuit.c
[    ] Building /workspace/shared/lean4-pr15373-head/stage0/src/../stdlib//Lean/Meta/Tactic/BVDecide/Normalize/Reduction.c
[    ] Building /workspace/shared/lean4-pr15373-head/stage0/src/../stdlib//Lean/Meta/Tactic/BVDecide/Normalize.c
[    ] Building /workspace/shared/lean4-pr15373-head/stage0/src/../stdlib//Lean/Meta/Tactic/BVDecide/Main.c
[    ] Building /workspace/shared/lean4-pr15373-head/stage0/src/../stdlib//Lean/Meta/Tactic/BVDecide/Attr.c
[    ] Building /workspace/shared/lean4-pr15373-head/stage0/src/../stdlib//Lean/Meta/Tactic/BVDecide/Reflect/Basic.c
[    ] Building /workspace/shared/lean4-pr15373-head/stage0/src/../stdlib//Lean/Meta/Tactic/BVDecide/Reflect/Reify.c
[    ] Building /workspace/shared/lean4-pr15373-head/stage0/src/../stdlib//Lean/Meta/Tactic/BVDecide/Reflect/ReifiedBVExpr.c
[    ] Building /workspace/shared/lean4-pr15373-head/stage0/src/../stdlib//Lean/Meta/Tactic/BVDecide/Reflect/ReifiedBVPred.c
[    ] Building /workspace/shared/lean4-pr15373-head/stage0/src/../stdlib//Lean/Meta/Tactic/BVDecide/Reflect/SatAtBVLogical.c
[    ] Building /workspace/shared/lean4-pr15373-head/stage0/src/../stdlib//Lean/Meta/Tactic/BVDecide/Reflect/ReifiedBVLogical.c
[    ] Building /workspace/shared/lean4-pr15373-head/stage0/src/../stdlib//Lean/Meta/Tactic/BVDecide/Reflect/ReifiedLemmas.c
[    ] Building /workspace/shared/lean4-pr15373-head/stage0/src/../stdlib//Lean/Meta/Tactic/BVDecide/Prover.c
[    ] Building /workspace/shared/lean4-pr15373-head/stage0/src/../stdlib//Lean/Meta/Tactic/BVDecide/LRAT.c
[    ] Building /workspace/shared/lean4-pr15373-head/stage0/src/../stdlib//Lean/Meta/Tactic/BVDecide/LRAT/Trim.c
[    ] Building /workspace/shared/lean4-pr15373-head/stage0/src/../stdlib//Lean/Meta/Tactic/BVDecide/LRAT/Cert.c
[    ] Building /workspace/shared/lean4-pr15373-head/stage0/src/../stdlib//Lean/Meta/Tactic/BVDecide/Prover/Basic.c
[    ] Building /workspace/shared/lean4-pr15373-head/stage0/src/../stdlib//Lean/Meta/Tactic/BVDecide/Prover/Bitblast.c
[    ] Building /workspace/shared/lean4-pr15373-head/stage0/src/../stdlib//Lean/Meta/Tactic/BVDecide/External.c
[    ] Building /workspace/shared/lean4-pr15373-head/stage0/src/../stdlib//Lean/Meta/Tactic/BVDecide/Reflect.c
[    ] Building /workspace/shared/lean4-pr15373-head/stage0/src/../stdlib//Lean/Meta/Tactic/Symm.c
[    ] Building /workspace/shared/lean4-pr15373-head/stage0/src/../stdlib//Lean/Meta/Tactic/ExposeNames.c
[    ] Building /workspace/shared/lean4-pr15373-head/stage0/src/../stdlib//Lean/Meta/Tactic/Rewrite.c
[    ] Building /workspace/shared/lean4-pr15373-head/stage0/src/../stdlib//Lean/Meta/Tactic/Unfold.c
[    ] Building /workspace/shared/lean4-pr15373-head/stage0/src/../stdlib//Lean/Meta/Tactic/Grind/Solve.c
[    ] Building /workspace/shared/lean4-pr15373-head/stage0/src/../stdlib//Lean/Meta/Tactic/Grind/Types.c
[    ] Building /workspace/shared/lean4-pr15373-head/stage0/src/../stdlib//Lean/Meta/Tactic/Grind/MarkNestedSubsingletons.c
[    ] Building /workspace/shared/lean4-pr15373-head/stage0/src/../stdlib//Lean/Meta/Tactic/Grind/Simp.c
[    ] Building /workspace/shared/lean4-pr15373-head/stage0/src/../stdlib//Lean/Meta/Tactic/Grind/MatchDiscrOnly.c
[    ] Building /workspace/shared/lean4-pr15373-head/stage0/src/../stdlib//Lean/Meta/Tactic/Grind/Ext.c
[    ] Building /workspace/shared/lean4-pr15373-head/stage0/src/../stdlib//Lean/Meta/Tactic/Grind/Propagate.c
[    ] Building /workspace/shared/lean4-pr15373-head/stage0/src/../stdlib//Lean/Meta/Tactic/Grind/Injection.c
[    ] Building /workspace/shared/lean4-pr15373-head/stage0/src/../stdlib//Lean/Meta/Tactic/Grind/EMatch.c
[    ] Building /workspace/shared/lean4-pr15373-head/stage0/src/../stdlib//Lean/Meta/Tactic/Grind/PropagateInj.c
[    ] Building /workspace/shared/lean4-pr15373-head/stage0/src/../stdlib//Lean/Meta/Tactic/Grind/EMatchTheoremPtr.c
[    ] Building /workspace/shared/lean4-pr15373-head/stage0/src/../stdlib//Lean/Meta/Tactic/Grind/ReflCmp.c
[    ] Building /workspace/shared/lean4-pr15373-head/stage0/src/../stdlib//Lean/Meta/Tactic/Grind/Parser.c
[    ] Building /workspace/shared/lean4-pr15373-head/stage0/src/../stdlib//Lean/Meta/Tactic/Grind/BitVec.c
[    ] Building /workspace/shared/lean4-pr15373-head/stage0/src/../stdlib//Lean/Meta/Tactic/Grind/BVDecide.c
[    ] Building /workspace/shared/lean4-pr15373-head/stage0/src/../stdlib//Lean/Meta/Tactic/Grind/LawfulEqCmp.c
[    ] Building /workspace/shared/lean4-pr15373-head/stage0/src/../stdlib//Lean/Meta/Tactic/Grind/Extension.c
[    ] Building /workspace/shared/lean4-pr15373-head/stage0/src/../stdlib//Lean/Meta/Tactic/Grind/CastLike.c
[    ] Building /workspace/shared/lean4-pr15373-head/stage0/src/../stdlib//Lean/Meta/Tactic/Grind/Injective.c
[    ] Building /workspace/shared/lean4-pr15373-head/stage0/src/../stdlib//Lean/Meta/Tactic/Grind/Diseq.c
[    ] Building /workspace/shared/lean4-pr15373-head/stage0/src/../stdlib//Lean/Meta/Tactic/Grind/MBTC.c
[    ] Building /workspace/shared/lean4-pr15373-head/stage0/src/../stdlib//Lean/Meta/Tactic/Grind/Finish.c
[    ] Building /workspace/shared/lean4-pr15373-head/stage0/src/../stdlib//Lean/Meta/Tactic/Grind/ExtAttr.c
[    ] Building /workspace/shared/lean4-pr15373-head/stage0/src/../stdlib//Lean/Meta/Tactic/Grind/Filter.c
[    ] Building /workspace/shared/lean4-pr15373-head/stage0/src/../stdlib//Lean/Meta/Tactic/Grind/EMatchAction.c
[    ] Building /workspace/shared/lean4-pr15373-head/stage0/src/../stdlib//Lean/Meta/Tactic/Grind/ProofUtil.c
[    ] Building /workspace/shared/lean4-pr15373-head/stage0/src/../stdlib//Lean/Meta/Tactic/Grind/Split.c
[    ] Building /workspace/shared/lean4-pr15373-head/stage0/src/../stdlib//Lean/Meta/Tactic/Grind/Order.c
[    ] Building /workspace/shared/lean4-pr15373-head/stage0/src/../stdlib//Lean/Meta/Tactic/Grind/Anchor.c
[    ] Building /workspace/shared/lean4-pr15373-head/stage0/src/../stdlib//Lean/Meta/Tactic/Grind/Inv.c
[    ] Building /workspace/shared/lean4-pr15373-head/stage0/src/../stdlib//Lean/Meta/Tactic/Grind/EMatchTheoremParam.c
[    ] Building /workspace/shared/lean4-pr15373-head/stage0/src/../stdlib//Lean/Meta/Tactic/Grind/RegisterCommand.c
[    ] Building /workspace/shared/lean4-pr15373-head/stage0/src/../stdlib//Lean/Meta/Tactic/Grind/BVDecide/Types.c
[    ] Building /workspace/shared/lean4-pr15373-head/stage0/src/../stdlib//Lean/Meta/Tactic/Grind/Homo.c
[    ] Building /workspace/shared/lean4-pr15373-head/stage0/src/../stdlib//Lean/Meta/Tactic/Grind/Internalize.c
[    ] Building /workspace/shared/lean4-pr15373-head/stage0/src/../stdlib//Lean/Meta/Tactic/Grind/Proof.c
[    ] Building /workspace/shared/lean4-pr15373-head/stage0/src/../stdlib//Lean/Meta/Tactic/Grind/PropagatorAttr.c
[    ] Building /workspace/shared/lean4-pr15373-head/stage0/src/../stdlib//Lean/Meta/Tactic/Grind/Ctor.c
[    ] Building /workspace/shared/lean4-pr15373-head/stage0/src/../stdlib//Lean/Meta/Tactic/Grind/Beta.c
[    ] Building /workspace/shared/lean4-pr15373-head/stage0/src/../stdlib//Lean/Meta/Tactic/Grind/Util.c
[    ] Building /workspace/shared/lean4-pr15373-head/stage0/src/../stdlib//Lean/Meta/Tactic/Grind/CollectParams.c
[    ] Building /workspace/shared/lean4-pr15373-head/stage0/src/../stdlib//Lean/Meta/Tactic/Grind/Arith/Model.c
[    ] Building /workspace/shared/lean4-pr15373-head/stage0/src/../stdlib//Lean/Meta/Tactic/Grind/Arith/Types.c
[    ] Building /workspace/shared/lean4-pr15373-head/stage0/src/../stdlib//Lean/Meta/Tactic/Grind/Arith/Propagate.c
[    ] Building /workspace/shared/lean4-pr15373-head/stage0/src/../stdlib//Lean/Meta/Tactic/Grind/Arith/IsRelevant.c
[    ] Building /workspace/shared/lean4-pr15373-head/stage0/src/../stdlib//Lean/Meta/Tactic/Grind/Arith/Simproc.c
[    ] Building /workspace/shared/lean4-pr15373-head/stage0/src/../stdlib//Lean/Meta/Tactic/Grind/Arith/CommRing/Types.c
[    ] Building /workspace/shared/lean4-pr15373-head/stage0/src/../stdlib//Lean/Meta/Tactic/Grind/Arith/CommRing/Reify.c
[    ] Building /workspace/shared/lean4-pr15373-head/stage0/src/../stdlib//Lean/Meta/Tactic/Grind/Arith/CommRing/RingId.c
[    ] Building /workspace/shared/lean4-pr15373-head/stage0/src/../stdlib//Lean/Meta/Tactic/Grind/Arith/CommRing/Power.c
[    ] Building /workspace/shared/lean4-pr15373-head/stage0/src/../stdlib//Lean/Meta/Tactic/Grind/Arith/CommRing/SafePoly.c
[    ] Building /workspace/shared/lean4-pr15373-head/stage0/src/../stdlib//Lean/Meta/Tactic/Grind/Arith/CommRing/Inv.c
[    ] Building /workspace/shared/lean4-pr15373-head/stage0/src/../stdlib//Lean/Meta/Tactic/Grind/Arith/CommRing/MonadRing.c
[    ] Building /workspace/shared/lean4-pr15373-head/stage0/src/../stdlib//Lean/Meta/Tactic/Grind/Arith/CommRing/SemiringM.c
[    ] Building /workspace/shared/lean4-pr15373-head/stage0/src/../stdlib//Lean/Meta/Tactic/Grind/Arith/CommRing/Internalize.c
[    ] Building /workspace/shared/lean4-pr15373-head/stage0/src/../stdlib//Lean/Meta/Tactic/Grind/Arith/CommRing/Proof.c
[    ] Building /workspace/shared/lean4-pr15373-head/stage0/src/../stdlib//Lean/Meta/Tactic/Grind/Arith/CommRing/DenoteExpr.c
[    ] Building /workspace/shared/lean4-pr15373-head/stage0/src/../stdlib//Lean/Meta/Tactic/Grind/Arith/CommRing/Action.c
[    ] Building /workspace/shared/lean4-pr15373-head/stage0/src/../stdlib//Lean/Meta/Tactic/Grind/Arith/CommRing/Functions.c
[    ] Building /workspace/shared/lean4-pr15373-head/stage0/src/../stdlib//Lean/Meta/Tactic/Grind/Arith/CommRing/RingM.c
[    ] Building /workspace/shared/lean4-pr15373-head/stage0/src/../stdlib//Lean/Meta/Tactic/Grind/Arith/CommRing/NonCommRingM.c
[    ] Building /workspace/shared/lean4-pr15373-head/stage0/src/../stdlib//Lean/Meta/Tactic/Grind/Arith/CommRing/PP.c
[    ] Building /workspace/shared/lean4-pr15373-head/stage0/src/../stdlib//Lean/Meta/Tactic/Grind/Arith/CommRing/NonCommSemiringM.c
[    ] Building /workspace/shared/lean4-pr15373-head/stage0/src/../stdlib//Lean/Meta/Tactic/Grind/Arith/CommRing/MonadSemiring.c
[    ] Building /workspace/shared/lean4-pr15373-head/stage0/src/../stdlib//Lean/Meta/Tactic/Grind/Arith/CommRing/EqCnstr.c
[    ] Building /workspace/shared/lean4-pr15373-head/stage0/src/../stdlib//Lean/Meta/Tactic/Grind/Arith/CommRing.c
[    ] Building /workspace/shared/lean4-pr15373-head/stage0/src/../stdlib//Lean/Meta/Tactic/Grind/Arith/Util.c
[    ] Building /workspace/shared/lean4-pr15373-head/stage0/src/../stdlib//Lean/Meta/Tactic/Grind/Arith/Cutsat.c
[    ] Building /workspace/shared/lean4-pr15373-head/stage0/src/../stdlib//Lean/Meta/Tactic/Grind/Arith/Main.c
[    ] Building /workspace/shared/lean4-pr15373-head/stage0/src/../stdlib//Lean/Meta/Tactic/Grind/Arith/Cutsat/Model.c
[    ] Building /workspace/shared/lean4-pr15373-head/stage0/src/../stdlib//Lean/Meta/Tactic/Grind/Arith/Cutsat/DvdCnstr.c
[    ] Building /workspace/shared/lean4-pr15373-head/stage0/src/../stdlib//Lean/Meta/Tactic/Grind/Arith/Cutsat/Types.c
[    ] Building /workspace/shared/lean4-pr15373-head/stage0/src/../stdlib//Lean/Meta/Tactic/Grind/Arith/Cutsat/Var.c
[    ] Building /workspace/shared/lean4-pr15373-head/stage0/src/../stdlib//Lean/Meta/Tactic/Grind/Arith/Cutsat/Nat.c
[    ] Building /workspace/shared/lean4-pr15373-head/stage0/src/../stdlib//Lean/Meta/Tactic/Grind/Arith/Cutsat/Norm.c
[    ] Building /workspace/shared/lean4-pr15373-head/stage0/src/../stdlib//Lean/Meta/Tactic/Grind/Arith/Cutsat/MBTC.c
[    ] Building /workspace/shared/lean4-pr15373-head/stage0/src/../stdlib//Lean/Meta/Tactic/Grind/Arith/Cutsat/Search.c
[    ] Building /workspace/shared/lean4-pr15373-head/stage0/src/../stdlib//Lean/Meta/Tactic/Grind/Arith/Cutsat/Inv.c
[    ] Building /workspace/shared/lean4-pr15373-head/stage0/src/../stdlib//Lean/Meta/Tactic/Grind/Arith/Cutsat/LeCnstr.c
[    ] Building /workspace/shared/lean4-pr15373-head/stage0/src/../stdlib//Lean/Meta/Tactic/Grind/Arith/Cutsat/Proof.c
[    ] Building /workspace/shared/lean4-pr15373-head/stage0/src/../stdlib//Lean/Meta/Tactic/Grind/Arith/Cutsat/CommRing.c
[    ] Building /workspace/shared/lean4-pr15373-head/stage0/src/../stdlib//Lean/Meta/Tactic/Grind/Arith/Cutsat/Util.c
[    ] Building /workspace/shared/lean4-pr15373-head/stage0/src/../stdlib//Lean/Meta/Tactic/Grind/Arith/Cutsat/Action.c
[    ] Building /workspace/shared/lean4-pr15373-head/stage0/src/../stdlib//Lean/Meta/Tactic/Grind/Arith/Cutsat/SearchM.c
[    ] Building /workspace/shared/lean4-pr15373-head/stage0/src/../stdlib//Lean/Meta/Tactic/Grind/Arith/Cutsat/ReorderVars.c
[    ] Building /workspace/shared/lean4-pr15373-head/stage0/src/../stdlib//Lean/Meta/Tactic/Grind/Arith/Cutsat/VarRename.c
[    ] Building /workspace/shared/lean4-pr15373-head/stage0/src/../stdlib//Lean/Meta/Tactic/Grind/Arith/Cutsat/EqCnstr.c
[    ] Building /workspace/shared/lean4-pr15373-head/stage0/src/../stdlib//Lean/Meta/Tactic/Grind/Arith/FieldNormNum.c
[    ] Building /workspace/shared/lean4-pr15373-head/stage0/src/../stdlib//Lean/Meta/Tactic/Grind/Arith/ModelUtil.c
[    ] Building /workspace/shared/lean4-pr15373-head/stage0/src/../stdlib//Lean/Meta/Tactic/Grind/Arith/Linear/ToExpr.c
[    ] Building /workspace/shared/lean4-pr15373-head/stage0/src/../stdlib//Lean/Meta/Tactic/Grind/Arith/Linear/Model.c
[    ] Building /workspace/shared/lean4-pr15373-head/stage0/src/../stdlib//Lean/Meta/Tactic/Grind/Arith/Linear/Types.c
[    ] Building /workspace/shared/lean4-pr15373-head/stage0/src/../stdlib//Lean/Meta/Tactic/Grind/Arith/Linear/Reify.c
[    ] Building /workspace/shared/lean4-pr15373-head/stage0/src/../stdlib//Lean/Meta/Tactic/Grind/Arith/Linear/Var.c
[    ] Building /workspace/shared/lean4-pr15373-head/stage0/src/../stdlib//Lean/Meta/Tactic/Grind/Arith/Linear/Den.c
[    ] Building /workspace/shared/lean4-pr15373-head/stage0/src/../stdlib//Lean/Meta/Tactic/Grind/Arith/Linear/IneqCnstr.c
[    ] Building /workspace/shared/lean4-pr15373-head/stage0/src/../stdlib//Lean/Meta/Tactic/Grind/Arith/Linear/LinearM.c
[    ] Building /workspace/shared/lean4-pr15373-head/stage0/src/../stdlib//Lean/Meta/Tactic/Grind/Arith/Linear/MBTC.c
[    ] Building /workspace/shared/lean4-pr15373-head/stage0/src/../stdlib//Lean/Meta/Tactic/Grind/Arith/Linear/StructId.c
[    ] Building /workspace/shared/lean4-pr15373-head/stage0/src/../stdlib//Lean/Meta/Tactic/Grind/Arith/Linear/Search.c
[    ] Building /workspace/shared/lean4-pr15373-head/stage0/src/../stdlib//Lean/Meta/Tactic/Grind/Arith/Linear/Inv.c
[    ] Building /workspace/shared/lean4-pr15373-head/stage0/src/../stdlib//Lean/Meta/Tactic/Grind/Arith/Linear/Internalize.c
[    ] Building /workspace/shared/lean4-pr15373-head/stage0/src/../stdlib//Lean/Meta/Tactic/Grind/Arith/Linear/Proof.c
[    ] Building /workspace/shared/lean4-pr15373-head/stage0/src/../stdlib//Lean/Meta/Tactic/Grind/Arith/Linear/DenoteExpr.c
[    ] Building /workspace/shared/lean4-pr15373-head/stage0/src/../stdlib//Lean/Meta/Tactic/Grind/Arith/Linear/Util.c
[    ] Building /workspace/shared/lean4-pr15373-head/stage0/src/../stdlib//Lean/Meta/Tactic/Grind/Arith/Linear/PropagateEq.c
[    ] Building /workspace/shared/lean4-pr15373-head/stage0/src/../stdlib//Lean/Meta/Tactic/Grind/Arith/Linear/OfNatModule.c
[    ] Building /workspace/shared/lean4-pr15373-head/stage0/src/../stdlib//Lean/Meta/Tactic/Grind/Arith/Linear/Action.c
[    ] Building /workspace/shared/lean4-pr15373-head/stage0/src/../stdlib//Lean/Meta/Tactic/Grind/Arith/Linear/SearchM.c
[    ] Building /workspace/shared/lean4-pr15373-head/stage0/src/../stdlib//Lean/Meta/Tactic/Grind/Arith/Linear/PP.c
[    ] Building /workspace/shared/lean4-pr15373-head/stage0/src/../stdlib//Lean/Meta/Tactic/Grind/Arith/Linear/VarRename.c
[    ] Building /workspace/shared/lean4-pr15373-head/stage0/src/../stdlib//Lean/Meta/Tactic/Grind/Arith/Linear.c
[    ] Building /workspace/shared/lean4-pr15373-head/stage0/src/../stdlib//Lean/Meta/Tactic/Grind/Main.c
[    ] Building /workspace/shared/lean4-pr15373-head/stage0/src/../stdlib//Lean/Meta/Tactic/Grind/EMatchTheorem.c
[    ] Building /workspace/shared/lean4-pr15373-head/stage0/src/../stdlib//Lean/Meta/Tactic/Grind/Theorems.c
[    ] Building /workspace/shared/lean4-pr15373-head/stage0/src/../stdlib//Lean/Meta/Tactic/Grind/CtorIdx.c
[    ] Building /workspace/shared/lean4-pr15373-head/stage0/src/../stdlib//Lean/Meta/Tactic/Grind/Action.c
[    ] Building /workspace/shared/lean4-pr15373-head/stage0/src/../stdlib//Lean/Meta/Tactic/Grind/Attr.c
[    ] Building /workspace/shared/lean4-pr15373-head/stage0/src/../stdlib//Lean/Meta/Tactic/Grind/MatchCond.c
[    ] Building /workspace/shared/lean4-pr15373-head/stage0/src/../stdlib//Lean/Meta/Tactic/Grind/SynthInstance.c
[    ] Building /workspace/shared/lean4-pr15373-head/stage0/src/../stdlib//Lean/Meta/Tactic/Grind/Proj.c
[    ] Building /workspace/shared/lean4-pr15373-head/stage0/src/../stdlib//Lean/Meta/Tactic/Grind/Core.c
[    ] Building /workspace/shared/lean4-pr15373-head/stage0/src/../stdlib//Lean/Meta/Tactic/Grind/AC.c
[    ] Building /workspace/shared/lean4-pr15373-head/stage0/src/../stdlib//Lean/Meta/Tactic/Grind/Lookahead.c
[    ] Building /workspace/shared/lean4-pr15373-head/stage0/src/../stdlib//Lean/Meta/Tactic/Grind/Arith.c
[    ] Building /workspace/shared/lean4-pr15373-head/stage0/src/../stdlib//Lean/Meta/Tactic/Grind/CheckResult.c
[    ] Building /workspace/shared/lean4-pr15373-head/stage0/src/../stdlib//Lean/Meta/Tactic/Grind/Cases.c
[    ] Building /workspace/shared/lean4-pr15373-head/stage0/src/../stdlib//Lean/Meta/Tactic/Grind/PP.c
[    ] Building /workspace/shared/lean4-pr15373-head/stage0/src/../stdlib//Lean/Meta/Tactic/Grind/EMatchDiagnostics.c
[    ] Building /workspace/shared/lean4-pr15373-head/stage0/src/../stdlib//Lean/Meta/Tactic/Grind/OrderInsts.c
[    ] Building /workspace/shared/lean4-pr15373-head/stage0/src/../stdlib//Lean/Meta/Tactic/Grind/ForallProp.c
[    ] Building /workspace/shared/lean4-pr15373-head/stage0/src/../stdlib//Lean/Meta/Tactic/Grind/AC/ToExpr.c
[    ] Building /workspace/shared/lean4-pr15373-head/stage0/src/../stdlib//Lean/Meta/Tactic/Grind/AC/Types.c
[    ] Building /workspace/shared/lean4-pr15373-head/stage0/src/../stdlib//Lean/Meta/Tactic/Grind/AC/Var.c
[    ] Building /workspace/shared/lean4-pr15373-head/stage0/src/../stdlib//Lean/Meta/Tactic/Grind/AC/Seq.c
[    ] Building /workspace/shared/lean4-pr15373-head/stage0/src/../stdlib//Lean/Meta/Tactic/Grind/AC/Inv.c
[    ] Building /workspace/shared/lean4-pr15373-head/stage0/src/../stdlib//Lean/Meta/Tactic/Grind/AC/Internalize.c
[    ] Building /workspace/shared/lean4-pr15373-head/stage0/src/../stdlib//Lean/Meta/Tactic/Grind/AC/Proof.c
[    ] Building /workspace/shared/lean4-pr15373-head/stage0/src/../stdlib//Lean/Meta/Tactic/Grind/AC/DenoteExpr.c
[    ] Building /workspace/shared/lean4-pr15373-head/stage0/src/../stdlib//Lean/Meta/Tactic/Grind/AC/Util.c
[    ] Building /workspace/shared/lean4-pr15373-head/stage0/src/../stdlib//Lean/Meta/Tactic/Grind/AC/Action.c
[    ] Building /workspace/shared/lean4-pr15373-head/stage0/src/../stdlib//Lean/Meta/Tactic/Grind/AC/PP.c
[    ] Building /workspace/shared/lean4-pr15373-head/stage0/src/../stdlib//Lean/Meta/Tactic/Grind/AC/Eq.c
[    ] Building /workspace/shared/lean4-pr15373-head/stage0/src/../stdlib//Lean/Meta/Tactic/Grind/AC/VarRename.c
[    ] Building /workspace/shared/lean4-pr15373-head/stage0/src/../stdlib//Lean/Meta/Tactic/Grind/MarkAccessible.c
[    ] Building /workspace/shared/lean4-pr15373-head/stage0/src/../stdlib//Lean/Meta/Tactic/Grind/Homomorphism.c
[    ] Building /workspace/shared/lean4-pr15373-head/stage0/src/../stdlib//Lean/Meta/Tactic/Grind/CasesMatch.c
[    ] Building /workspace/shared/lean4-pr15373-head/stage0/src/../stdlib//Lean/Meta/Tactic/Grind/ProveEq.c
[    ] Building /workspace/shared/lean4-pr15373-head/stage0/src/../stdlib//Lean/Meta/Tactic/Grind/VarRename.c
[    ] Building /workspace/shared/lean4-pr15373-head/stage0/src/../stdlib//Lean/Meta/Tactic/Grind/SimpUtil.c
[    ] Building /workspace/shared/lean4-pr15373-head/stage0/src/../stdlib//Lean/Meta/Tactic/Grind/Intro.c
[    ] Building /workspace/shared/lean4-pr15373-head/stage0/src/../stdlib//Lean/Meta/Tactic/Grind/EqResolution.c
[    ] Building /workspace/shared/lean4-pr15373-head/stage0/src/../stdlib//Lean/Meta/Tactic/Grind/Order/Types.c
[    ] Building /workspace/shared/lean4-pr15373-head/stage0/src/../stdlib//Lean/Meta/Tactic/Grind/Order/Assert.c
[    ] Building /workspace/shared/lean4-pr15373-head/stage0/src/../stdlib//Lean/Meta/Tactic/Grind/Order/StructId.c
[    ] Building /workspace/shared/lean4-pr15373-head/stage0/src/../stdlib//Lean/Meta/Tactic/Grind/Order/Internalize.c
[    ] Building /workspace/shared/lean4-pr15373-head/stage0/src/../stdlib//Lean/Meta/Tactic/Grind/Order/OrderM.c
[    ] Building /workspace/shared/lean4-pr15373-head/stage0/src/../stdlib//Lean/Meta/Tactic/Grind/Order/Proof.c
[    ] Building /workspace/shared/lean4-pr15373-head/stage0/src/../stdlib//Lean/Meta/Tactic/Grind/Order/Util.c
[    ] Building /workspace/shared/lean4-pr15373-head/stage0/src/../stdlib//Lean/Meta/Tactic/Backtrack.c
[    ] Building /workspace/shared/lean4-pr15373-head/stage0/src/../stdlib//Lean/Meta/Tactic/Induction.c
[    ] Building /workspace/shared/lean4-pr15373-head/stage0/src/../stdlib//Lean/Meta/Tactic/Rename.c
[    ] Building /workspace/shared/lean4-pr15373-head/stage0/src/../stdlib//Lean/Meta/Tactic/Refl.c
[    ] Building /workspace/shared/lean4-pr15373-head/stage0/src/../stdlib//Lean/Meta/Tactic/LibrarySearch.c
[    ] Building /workspace/shared/lean4-pr15373-head/stage0/src/../stdlib//Lean/Meta/Tactic/Delta.c
[    ] Building /workspace/shared/lean4-pr15373-head/stage0/src/../stdlib//Lean/Meta/Tactic/Util.c
[    ] Building /workspace/shared/lean4-pr15373-head/stage0/src/../stdlib//Lean/Meta/Tactic/Lets.c
[    ] Building /workspace/shared/lean4-pr15373-head/stage0/src/../stdlib//Lean/Meta/Tactic/FunIndInfo.c
[    ] Building /workspace/shared/lean4-pr15373-head/stage0/src/../stdlib//Lean/Meta/Tactic/Rewrites.c
[    ] Building /workspace/shared/lean4-pr15373-head/stage0/src/../stdlib//Lean/Meta/Tactic/Assumption.c
[    ] Building /workspace/shared/lean4-pr15373-head/stage0/src/../stdlib//Lean/Meta/Tactic/Grind.c
[    ] Building /workspace/shared/lean4-pr15373-head/stage0/src/../stdlib//Lean/Meta/Tactic/Apply.c
[    ] Building /workspace/shared/lean4-pr15373-head/stage0/src/../stdlib//Lean/Meta/Tactic/AC.c
[    ] Building /workspace/shared/lean4-pr15373-head/stage0/src/../stdlib//Lean/Meta/Tactic/Constructor.c
[    ] Building /workspace/shared/lean4-pr15373-head/stage0/src/../stdlib//Lean/Meta/Tactic/Congr.c
[    ] Building /workspace/shared/lean4-pr15373-head/stage0/src/../stdlib//Lean/Meta/Tactic/FunIndCollect.c
[    ] Building /workspace/shared/lean4-pr15373-head/stage0/src/../stdlib//Lean/Meta/Tactic/Cleanup.c
[    ] Building /workspace/shared/lean4-pr15373-head/stage0/src/../stdlib//Lean/Meta/Tactic/Cases.c
[    ] Building /workspace/shared/lean4-pr15373-head/stage0/src/../stdlib//Lean/Meta/Tactic/ElimInfo.c
[    ] Building /workspace/shared/lean4-pr15373-head/stage0/src/../stdlib//Lean/Meta/Tactic/AC/Main.c
[    ] Building /workspace/shared/lean4-pr15373-head/stage0/src/../stdlib//Lean/Meta/Tactic/Replace.c
[    ] Building /workspace/shared/lean4-pr15373-head/stage0/src/../stdlib//Lean/Meta/Tactic/Simp/Types.c
[    ] Building /workspace/shared/lean4-pr15373-head/stage0/src/../stdlib//Lean/Meta/Tactic/Simp/Diagnostics.c
[    ] Building /workspace/shared/lean4-pr15373-head/stage0/src/../stdlib//Lean/Meta/Tactic/Simp/Simproc.c
[    ] Building /workspace/shared/lean4-pr15373-head/stage0/src/../stdlib//Lean/Meta/Tactic/Simp/SimpAll.c
[    ] Building /workspace/shared/lean4-pr15373-head/stage0/src/../stdlib//Lean/Meta/Tactic/Simp/RegisterCommand.c
[    ] Building /workspace/shared/lean4-pr15373-head/stage0/src/../stdlib//Lean/Meta/Tactic/Simp/Rewrite.c
[    ] Building /workspace/shared/lean4-pr15373-head/stage0/src/../stdlib//Lean/Meta/Tactic/Simp/Arith/Nat.c
[    ] Building /workspace/shared/lean4-pr15373-head/stage0/src/../stdlib//Lean/Meta/Tactic/Simp/Arith/Int/Simp.c
[    ] Building /workspace/shared/lean4-pr15373-head/stage0/src/../stdlib//Lean/Meta/Tactic/Simp/Arith/Int/Basic.c
[    ] Building /workspace/shared/lean4-pr15373-head/stage0/src/../stdlib//Lean/Meta/Tactic/Simp/Arith/Util.c
[    ] Building /workspace/shared/lean4-pr15373-head/stage0/src/../stdlib//Lean/Meta/Tactic/Simp/Arith/Int.c
[    ] Building /workspace/shared/lean4-pr15373-head/stage0/src/../stdlib//Lean/Meta/Tactic/Simp/Arith/Nat/Simp.c
[    ] Building /workspace/shared/lean4-pr15373-head/stage0/src/../stdlib//Lean/Meta/Tactic/Simp/Arith/Nat/Basic.c
[    ] Building /workspace/shared/lean4-pr15373-head/stage0/src/../stdlib//Lean/Meta/Tactic/Simp/Main.c
[    ] Building /workspace/shared/lean4-pr15373-head/stage0/src/../stdlib//Lean/Meta/Tactic/Simp/Attr.c
[    ] Building /workspace/shared/lean4-pr15373-head/stage0/src/../stdlib//Lean/Meta/Tactic/Simp/BuiltinSimprocs.c
[    ] Building /workspace/shared/lean4-pr15373-head/stage0/src/../stdlib//Lean/Meta/Tactic/Simp/SimpCongrTheorems.c
[    ] Building /workspace/shared/lean4-pr15373-head/stage0/src/../stdlib//Lean/Meta/Tactic/Simp/Arith.c
[    ] Building /workspace/shared/lean4-pr15373-head/stage0/src/../stdlib//Lean/Meta/Tactic/Simp/SimpTheorems.c
[    ] Building /workspace/shared/lean4-pr15373-head/stage0/src/../stdlib//Lean/Meta/Tactic/Simp/LoopProtection.c
[    ] Building /workspace/shared/lean4-pr15373-head/stage0/src/../stdlib//Lean/Meta/Tactic/Simp/BuiltinSimprocs/String.c
[    ] Building /workspace/shared/lean4-pr15373-head/stage0/src/../stdlib//Lean/Meta/Tactic/Simp/BuiltinSimprocs/BitVec.c
[    ] Building /workspace/shared/lean4-pr15373-head/stage0/src/../stdlib//Lean/Meta/Tactic/Simp/BuiltinSimprocs/Nat.c
[    ] Building /workspace/shared/lean4-pr15373-head/stage0/src/../stdlib//Lean/Meta/Tactic/Simp/BuiltinSimprocs/MethodSpecs.c
[    ] Building /workspace/shared/lean4-pr15373-head/stage0/src/../stdlib//Lean/Meta/Tactic/Simp/BuiltinSimprocs/Fin.c
[    ] Building /workspace/shared/lean4-pr15373-head/stage0/src/../stdlib//Lean/Meta/Tactic/Simp/BuiltinSimprocs/List.c
[    ] Building /workspace/shared/lean4-pr15373-head/stage0/src/../stdlib//Lean/Meta/Tactic/Simp/BuiltinSimprocs/Util.c
[    ] Building /workspace/shared/lean4-pr15373-head/stage0/src/../stdlib//Lean/Meta/Tactic/Simp/BuiltinSimprocs/CtorIdx.c
[    ] Building /workspace/shared/lean4-pr15373-head/stage0/src/../stdlib//Lean/Meta/Tactic/Simp/BuiltinSimprocs/Core.c
[    ] Building /workspace/shared/lean4-pr15373-head/stage0/src/../stdlib//Lean/Meta/Tactic/Simp/BuiltinSimprocs/Char.c
[    ] Building /workspace/shared/lean4-pr15373-head/stage0/src/../stdlib//Lean/Meta/Tactic/Simp/BuiltinSimprocs/Int.c
[    ] Building /workspace/shared/lean4-pr15373-head/stage0/src/../stdlib//Lean/Meta/Tactic/Simp/BuiltinSimprocs/Array.c
[    ] Building /workspace/shared/lean4-pr15373-head/stage0/src/../stdlib//Lean/Meta/Tactic/Simp/BuiltinSimprocs/SInt.c
[    ] Building /workspace/shared/lean4-pr15373-head/stage0/src/../stdlib//Lean/Meta/Tactic/Simp/BuiltinSimprocs/UInt.c
[    ] Building /workspace/shared/lean4-pr15373-head/stage0/src/../stdlib//Lean/Meta/Tactic/SolveByElim.c
[    ] Building /workspace/shared/lean4-pr15373-head/stage0/src/../stdlib//Lean/Meta/Tactic/Rfl.c
[    ] Building /workspace/shared/lean4-pr15373-head/stage0/src/../stdlib//Lean/Meta/Tactic/Subst.c
[    ] Building /workspace/shared/lean4-pr15373-head/stage0/src/../stdlib//Lean/Meta/Tactic/Intro.c
[    ] Building /workspace/shared/lean4-pr15373-head/stage0/src/../stdlib//Lean/Meta/Tactic/AuxLemma.c
[    ] Building /workspace/shared/lean4-pr15373-head/stage0/src/../stdlib//Lean/Meta/WrapInstance.c
[    ] Building /workspace/shared/lean4-pr15373-head/stage0/src/../stdlib//Lean/Meta/NatTable.c
[    ] Building /workspace/shared/lean4-pr15373-head/stage0/src/../stdlib//Lean/Meta/DecLevel.c
[    ] Building /workspace/shared/lean4-pr15373-head/stage0/src/../stdlib//Lean/Meta/CoeAttr.c
[    ] Building /workspace/shared/lean4-pr15373-head/stage0/src/../stdlib//Lean/Meta/Order.c
[    ] Building /workspace/shared/lean4-pr15373-head/stage0/src/../stdlib//Lean/Meta/SplitSparseCasesOn.c
[    ] Building /workspace/shared/lean4-pr15373-head/stage0/src/../stdlib//Lean/Meta/ArgsPacker/Basic.c
[    ] Building /workspace/shared/lean4-pr15373-head/stage0/src/../stdlib//Lean/Meta/Coe.c
[    ] Building /workspace/shared/lean4-pr15373-head/stage0/src/../stdlib//Lean/Meta/AbstractNestedProofs.c
[    ] Building /workspace/shared/lean4-pr15373-head/stage0/src/../stdlib//Lean/Meta/Instances.c
[    ] Building /workspace/shared/lean4-pr15373-head/stage0/src/../stdlib//Lean/Meta/CtorIdxHInj.c
[    ] Building /workspace/shared/lean4-pr15373-head/stage0/src/../stdlib//Lean/Meta/Offset.c
[    ] Building /workspace/shared/lean4-pr15373-head/stage0/src/../stdlib//Lean/Meta/Match/MatcherApp/Basic.c
[    ] Building /workspace/shared/lean4-pr15373-head/stage0/src/../stdlib//Lean/Meta/Match/MatcherApp/Transform.c
[    ] Building /workspace/shared/lean4-pr15373-head/stage0/src/../stdlib//Lean/Meta/Match/MatcherApp.c
[    ] Building /workspace/shared/lean4-pr15373-head/stage0/src/../stdlib//Lean/Meta/Match/Basic.c
[    ] Building /workspace/shared/lean4-pr15373-head/stage0/src/../stdlib//Lean/Meta/Match/NamedPatterns.c
[    ] Building /workspace/shared/lean4-pr15373-head/stage0/src/../stdlib//Lean/Meta/Match/Match.c
[    ] Building /workspace/shared/lean4-pr15373-head/stage0/src/../stdlib//Lean/Meta/Match/MatchPatternAttr.c
[    ] Building /workspace/shared/lean4-pr15373-head/stage0/src/../stdlib//Lean/Meta/Match/SimpH.c
[    ] Building /workspace/shared/lean4-pr15373-head/stage0/src/../stdlib//Lean/Meta/Match/CaseValues.c
[    ] Building /workspace/shared/lean4-pr15373-head/stage0/src/../stdlib//Lean/Meta/Match/MatchEqs.c
[    ] Building /workspace/shared/lean4-pr15373-head/stage0/src/../stdlib//Lean/Meta/Match/Rewrite.c
[    ] Building /workspace/shared/lean4-pr15373-head/stage0/src/../stdlib//Lean/Meta/Match/CaseArraySizes.c
[    ] Building /workspace/shared/lean4-pr15373-head/stage0/src/../stdlib//Lean/Meta/Match/SolveOverlap.c
[    ] Building /workspace/shared/lean4-pr15373-head/stage0/src/../stdlib//Lean/Meta/Match/MatchEqsExt.c
[    ] Building /workspace/shared/lean4-pr15373-head/stage0/src/../stdlib//Lean/Meta/Match/AltTelescopes.c
[    ] Building /workspace/shared/lean4-pr15373-head/stage0/src/../stdlib//Lean/Meta/Match/MVarRenaming.c
[    ] Building /workspace/shared/lean4-pr15373-head/stage0/src/../stdlib//Lean/Meta/Match/MatcherInfo.c
[    ] Building /workspace/shared/lean4-pr15373-head/stage0/src/../stdlib//Lean/Meta/Match/Value.c
[    ] Building /workspace/shared/lean4-pr15373-head/stage0/src/../stdlib//Lean/Meta/KAbstract.c
[    ] Building /workspace/shared/lean4-pr15373-head/stage0/src/../stdlib//Lean/Meta/CollectFVars.c
[    ] Building /workspace/shared/lean4-pr15373-head/stage0/src/../stdlib//Lean/Meta/CtorRecognizer.c
[    ] Building /workspace/shared/lean4-pr15373-head/stage0/src/../stdlib//Lean/Meta/HaveTelescope.c
[    ] Building /workspace/shared/lean4-pr15373-head/stage0/src/../stdlib//Lean/Meta/CheckTactic.c
[    ] Building /workspace/shared/lean4-pr15373-head/stage0/src/../stdlib//Lean/Meta/Hint.c
[    ] Building /workspace/shared/lean4-pr15373-head/stage0/src/../stdlib//Lean/Meta/ReduceEval.c
[    ] Building /workspace/shared/lean4-pr15373-head/stage0/src/../stdlib//Lean/Meta/AppBuilder.c
[    ] Building /workspace/shared/lean4-pr15373-head/stage0/src/../stdlib//Lean/Meta/MatchUtil.c
[    ] Building /workspace/shared/lean4-pr15373-head/stage0/src/../stdlib//Lean/Meta/StringLitProof.c
[    ] Building /workspace/shared/lean4-pr15373-head/stage0/src/../stdlib//Lean/Meta/SynthInstance.c
[    ] Building /workspace/shared/lean4-pr15373-head/stage0/src/../stdlib//Lean/Meta/ProdN.c
[    ] Building /workspace/shared/lean4-pr15373-head/stage0/src/../stdlib//Lean/Meta/HasAssignableMVar.c
[    ] Building /workspace/shared/lean4-pr15373-head/stage0/src/../stdlib//Lean/Meta/ExprTraverse.c
[    ] Building /workspace/shared/lean4-pr15373-head/stage0/src/../stdlib//Lean/Meta/CongrTheorems.c
[    ] Building /workspace/shared/lean4-pr15373-head/stage0/src/../stdlib//Lean/Meta/IntInstTesters.c
[    ] Building /workspace/shared/lean4-pr15373-head/stage0/src/../stdlib//Lean/Meta/MkIffOfInductiveProp.c
[    ] Building /workspace/shared/lean4-pr15373-head/stage0/src/../stdlib//Lean/Meta/CompletionName.c
[    ] Building /workspace/shared/lean4-pr15373-head/stage0/src/../stdlib//Lean/Meta/BinderNameHint.c
[    ] Building /workspace/shared/lean4-pr15373-head/stage0/src/../stdlib//Lean/Meta/Sorry.c
[    ] Building /workspace/shared/lean4-pr15373-head/stage0/src/../stdlib//Lean/Meta/ACLt.c
[    ] Building /workspace/shared/lean4-pr15373-head/stage0/src/../stdlib//Lean/Meta/IndPredBelow.c
[    ] Building /workspace/shared/lean4-pr15373-head/stage0/src/../stdlib//Lean/Meta/Eval.c
[    ] Building /workspace/shared/lean4-pr15373-head/stage0/src/../stdlib//Lean/Meta/PPBinder.c
[    ] Building /workspace/shared/lean4-pr15373-head/stage0/src/../stdlib//Lean/Meta/PPGoal.c
[    ] Building /workspace/shared/lean4-pr15373-head/stage0/src/../stdlib//Lean/Meta/AbstractMVars.c
[    ] Building /workspace/shared/lean4-pr15373-head/stage0/src/../stdlib//Lean/Meta/PProdN.c
[    ] Building /workspace/shared/lean4-pr15373-head/stage0/src/../stdlib//Lean/Meta/NatInstTesters.c
[    ] Building /workspace/shared/lean4-pr15373-head/stage0/src/../stdlib//Lean/Meta/Inductive.c
[    ] Building /workspace/shared/lean4-pr15373-head/stage0/src/../stdlib//Lean/Meta/Native.c
[    ] Building /workspace/shared/lean4-pr15373-head/stage0/src/../stdlib//Lean/Meta/GeneralizeTelescope.c
[    ] Building /workspace/shared/lean4-pr15373-head/stage0/src/../stdlib//Lean/Meta/ExprDefEq.c
[    ] Building /workspace/shared/lean4-pr15373-head/stage0/src/../stdlib//Lean/Meta/WHNF.c
[    ] Building /workspace/shared/lean4-pr15373-head/stage0/src/../stdlib//Lean/Meta/CasesInfo.c
[    ] Building /workspace/shared/lean4-pr15373-head/stage0/src/../stdlib//Lean/Meta/ArgsPacker.c
[    ] Building /workspace/shared/lean4-pr15373-head/stage0/src/../stdlib//Lean/Meta/RecursorInfo.c
[    ] Building /workspace/shared/lean4-pr15373-head/stage0/src/../stdlib//Lean/Meta/DiscrTree/Types.c
[    ] Building /workspace/shared/lean4-pr15373-head/stage0/src/../stdlib//Lean/Meta/DiscrTree/Basic.c
[    ] Building /workspace/shared/lean4-pr15373-head/stage0/src/../stdlib//Lean/Meta/DiscrTree/Util.c
[    ] Building /workspace/shared/lean4-pr15373-head/stage0/src/../stdlib//Lean/Meta/DiscrTree/Main.c
[    ] Building /workspace/shared/lean4-pr15373-head/stage0/src/../stdlib//Lean/Meta/KExprMap.c
[    ] Building /workspace/shared/lean4-pr15373-head/stage0/src/../stdlib//Lean/Meta/Iterator.c
[    ] Building /workspace/shared/lean4-pr15373-head/stage0/src/../stdlib//Lean/Meta/Constructions/RecOn.c
[    ] Building /workspace/shared/lean4-pr15373-head/stage0/src/../stdlib//Lean/Meta/Constructions/SparseCasesOn.c
[    ] Building /workspace/shared/lean4-pr15373-head/stage0/src/../stdlib//Lean/Meta/Constructions/SparseCasesOnEq.c
[    ] Building /workspace/shared/lean4-pr15373-head/stage0/src/../stdlib//Lean/Meta/Constructions/BRecOn.c
[    ] Building /workspace/shared/lean4-pr15373-head/stage0/src/../stdlib//Lean/Meta/Constructions/CtorIdx.c
[    ] Building /workspace/shared/lean4-pr15373-head/stage0/src/../stdlib//Lean/Meta/Constructions/CasesOn.c
[    ] Building /workspace/shared/lean4-pr15373-head/stage0/src/../stdlib//Lean/Meta/Constructions/CtorElim.c
[    ] Building /workspace/shared/lean4-pr15373-head/stage0/src/../stdlib//Lean/Meta/Constructions/CasesOnSameCtor.c
[    ] Building /workspace/shared/lean4-pr15373-head/stage0/src/../stdlib//Lean/Meta/Constructions/NoConfusion.c
[    ] Building /workspace/shared/lean4-pr15373-head/stage0/src/../stdlib//Lean/Meta/GetUnfoldableConst.c
[    ] Building /workspace/shared/lean4-pr15373-head/stage0/src/../stdlib//Lean/Meta/MonadSimp.c
[    ] Building /workspace/shared/lean4-pr15373-head/stage0/src/../stdlib//Lean/Meta/InferType.c
[    ] Building /workspace/shared/lean4-pr15373-head/stage0/src/../stdlib//Lean/Meta/ExprLens.c
[    ] Building /workspace/shared/lean4-pr15373-head/stage0/src/../stdlib//Lean/Meta/LetToHave.c
[    ] Building /workspace/shared/lean4-pr15373-head/stage0/src/../stdlib//Lean/Meta/FunInfo.c
[    ] Building /workspace/shared/lean4-pr15373-head/stage0/src/../stdlib//Lean/Compiler/LCNF.c
[    ] Building /workspace/shared/lean4-pr15373-head/stage0/src/../stdlib//Lean/Compiler/FFI.c
[    ] Building /workspace/shared/lean4-pr15373-head/stage0/src/../stdlib//Lean/Compiler/Options.c
[    ] Building /workspace/shared/lean4-pr15373-head/stage0/src/../stdlib//Lean/Compiler/BorrowedAnnotation.c
[    ] Building /workspace/shared/lean4-pr15373-head/stage0/src/../stdlib//Lean/Compiler/ModPkgExt.c
[    ] Building /workspace/shared/lean4-pr15373-head/stage0/src/../stdlib//Lean/Compiler/MetaAttr.c
[    ] Building /workspace/shared/lean4-pr15373-head/stage0/src/../stdlib//Lean/Compiler/ImplementedByAttr.c
[    ] Building /workspace/shared/lean4-pr15373-head/stage0/src/../stdlib//Lean/Compiler/IR.c
[    ] Building /workspace/shared/lean4-pr15373-head/stage0/src/../stdlib//Lean/Compiler/NeverExtractAttr.c
[    ] Building /workspace/shared/lean4-pr15373-head/stage0/src/../stdlib//Lean/Compiler/LCNF/ToExpr.c
[    ] Building /workspace/shared/lean4-pr15373-head/stage0/src/../stdlib//Lean/Compiler/LCNF/StructProjCases.c
[    ] Building /workspace/shared/lean4-pr15373-head/stage0/src/../stdlib//Lean/Compiler/LCNF/Types.c
[    ] Building /workspace/shared/lean4-pr15373-head/stage0/src/../stdlib//Lean/Compiler/LCNF/Visibility.c
[    ] Building /workspace/shared/lean4-pr15373-head/stage0/src/../stdlib//Lean/Compiler/LCNF/JoinPoints.c
[    ] Building /workspace/shared/lean4-pr15373-head/stage0/src/../stdlib//Lean/Compiler/LCNF/Simp.c
[    ] Building /workspace/shared/lean4-pr15373-head/stage0/src/../stdlib//Lean/Compiler/LCNF/Basic.c
[    ] Building /workspace/shared/lean4-pr15373-head/stage0/src/../stdlib//Lean/Compiler/LCNF/ElimDead.c
[    ] Building /workspace/shared/lean4-pr15373-head/stage0/src/../stdlib//Lean/Compiler/LCNF/SplitSCC.c
[    ] Building /workspace/shared/lean4-pr15373-head/stage0/src/../stdlib//Lean/Compiler/LCNF/PrettyPrinter.c
[    ] Building /workspace/shared/lean4-pr15373-head/stage0/src/../stdlib//Lean/Compiler/LCNF/Probing.c
[    ] Building /workspace/shared/lean4-pr15373-head/stage0/src/../stdlib//Lean/Compiler/LCNF/MonoTypes.c
[    ] Building /workspace/shared/lean4-pr15373-head/stage0/src/../stdlib//Lean/Compiler/LCNF/InferBorrow.c
[    ] Building /workspace/shared/lean4-pr15373-head/stage0/src/../stdlib//Lean/Compiler/LCNF/CompilerM.c
[    ] Building /workspace/shared/lean4-pr15373-head/stage0/src/../stdlib//Lean/Compiler/LCNF/ExpandResetReuse.c
[    ] Building /workspace/shared/lean4-pr15373-head/stage0/src/../stdlib//Lean/Compiler/LCNF/ResetReuse.c
[    ] Building /workspace/shared/lean4-pr15373-head/stage0/src/../stdlib//Lean/Compiler/LCNF/ToDecl.c
[    ] Building /workspace/shared/lean4-pr15373-head/stage0/src/../stdlib//Lean/Compiler/LCNF/OtherDecl.c
[    ] Building /workspace/shared/lean4-pr15373-head/stage0/src/../stdlib//Lean/Compiler/LCNF/Irrelevant.c
[    ] Building /workspace/shared/lean4-pr15373-head/stage0/src/../stdlib//Lean/Compiler/LCNF/FVarUtil.c
[    ] Building /workspace/shared/lean4-pr15373-head/stage0/src/../stdlib//Lean/Compiler/LCNF/ElimDeadBranches.c
[    ] Building /workspace/shared/lean4-pr15373-head/stage0/src/../stdlib//Lean/Compiler/LCNF/AlphaEqv.c
[    ] Building /workspace/shared/lean4-pr15373-head/stage0/src/../stdlib//Lean/Compiler/LCNF/PullLetDecls.c
[    ] Building /workspace/shared/lean4-pr15373-head/stage0/src/../stdlib//Lean/Compiler/LCNF/ScopeM.c
[    ] Building /workspace/shared/lean4-pr15373-head/stage0/src/../stdlib//Lean/Compiler/LCNF/Closure.c
[    ] Building /workspace/shared/lean4-pr15373-head/stage0/src/../stdlib//Lean/Compiler/LCNF/FloatLetIn.c
[    ] Building /workspace/shared/lean4-pr15373-head/stage0/src/../stdlib//Lean/Compiler/LCNF/CoalesceRC.c
[    ] Building /workspace/shared/lean4-pr15373-head/stage0/src/../stdlib//Lean/Compiler/LCNF/AuxDeclCache.c
[    ] Building /workspace/shared/lean4-pr15373-head/stage0/src/../stdlib//Lean/Compiler/LCNF/ToMono.c
[    ] Building /workspace/shared/lean4-pr15373-head/stage0/src/../stdlib//Lean/Compiler/LCNF/Check.c
[    ] Building /workspace/shared/lean4-pr15373-head/stage0/src/../stdlib//Lean/Compiler/LCNF/ExplicitRC.c
[    ] Building /workspace/shared/lean4-pr15373-head/stage0/src/../stdlib//Lean/Compiler/LCNF/PushProj.c
[    ] Building /workspace/shared/lean4-pr15373-head/stage0/src/../stdlib//Lean/Compiler/LCNF/Internalize.c
[    ] Building /workspace/shared/lean4-pr15373-head/stage0/src/../stdlib//Lean/Compiler/LCNF/ReduceArity.c
[    ] Building /workspace/shared/lean4-pr15373-head/stage0/src/../stdlib//Lean/Compiler/LCNF/Specialize.c
[    ] Building /workspace/shared/lean4-pr15373-head/stage0/src/../stdlib//Lean/Compiler/LCNF/LiveVars.c
[    ] Building /workspace/shared/lean4-pr15373-head/stage0/src/../stdlib//Lean/Compiler/LCNF/Renaming.c
[    ] Building /workspace/shared/lean4-pr15373-head/stage0/src/../stdlib//Lean/Compiler/LCNF/Util.c
[    ] Building /workspace/shared/lean4-pr15373-head/stage0/src/../stdlib//Lean/Compiler/LCNF/EmitUtil.c
[    ] Building /workspace/shared/lean4-pr15373-head/stage0/src/../stdlib//Lean/Compiler/LCNF/Main.c
[    ] Building /workspace/shared/lean4-pr15373-head/stage0/src/../stdlib//Lean/Compiler/LCNF/PassManager.c
[    ] Building /workspace/shared/lean4-pr15373-head/stage0/src/../stdlib//Lean/Compiler/LCNF/DeclHash.c
[    ] Building /workspace/shared/lean4-pr15373-head/stage0/src/../stdlib//Lean/Compiler/LCNF/DependsOn.c
[    ] Building /workspace/shared/lean4-pr15373-head/stage0/src/../stdlib//Lean/Compiler/LCNF/ToImpureType.c
[    ] Building /workspace/shared/lean4-pr15373-head/stage0/src/../stdlib//Lean/Compiler/LCNF/ExtractClosed.c
[    ] Building /workspace/shared/lean4-pr15373-head/stage0/src/../stdlib//Lean/Compiler/LCNF/ConfigOptions.c
[    ] Building /workspace/shared/lean4-pr15373-head/stage0/src/../stdlib//Lean/Compiler/LCNF/LCtx.c
[    ] Building /workspace/shared/lean4-pr15373-head/stage0/src/../stdlib//Lean/Compiler/LCNF/Level.c
[    ] Building /workspace/shared/lean4-pr15373-head/stage0/src/../stdlib//Lean/Compiler/LCNF/FixedParams.c
[    ] Building /workspace/shared/lean4-pr15373-head/stage0/src/../stdlib//Lean/Compiler/LCNF/PullFunDecls.c
[    ] Building /workspace/shared/lean4-pr15373-head/stage0/src/../stdlib//Lean/Compiler/LCNF/MonadScope.c
[    ] Building /workspace/shared/lean4-pr15373-head/stage0/src/../stdlib//Lean/Compiler/LCNF/ExplicitBoxing.c
[    ] Building /workspace/shared/lean4-pr15373-head/stage0/src/../stdlib//Lean/Compiler/LCNF/Bind.c
[    ] Building /workspace/shared/lean4-pr15373-head/stage0/src/../stdlib//Lean/Compiler/LCNF/CSE.c
[    ] Building /workspace/shared/lean4-pr15373-head/stage0/src/../stdlib//Lean/Compiler/LCNF/BaseTypes.c
[    ] Building /workspace/shared/lean4-pr15373-head/stage0/src/../stdlib//Lean/Compiler/LCNF/PhaseExt.c
[    ] Building /workspace/shared/lean4-pr15373-head/stage0/src/../stdlib//Lean/Compiler/LCNF/ReduceJpArity.c
[    ] Building /workspace/shared/lean4-pr15373-head/stage0/src/../stdlib//Lean/Compiler/LCNF/PublicDeclsExt.c
[    ] Building /workspace/shared/lean4-pr15373-head/stage0/src/../stdlib//Lean/Compiler/LCNF/SimpleGroundExpr.c
[    ] Building /workspace/shared/lean4-pr15373-head/stage0/src/../stdlib//Lean/Compiler/LCNF/LambdaLifting.c
[    ] Building /workspace/shared/lean4-pr15373-head/stage0/src/../stdlib//Lean/Compiler/LCNF/EmitC.c
[    ] Building /workspace/shared/lean4-pr15373-head/stage0/src/../stdlib//Lean/Compiler/LCNF/CompatibleTypes.c
[    ] Building /workspace/shared/lean4-pr15373-head/stage0/src/../stdlib//Lean/Compiler/LCNF/ToLCNF.c
[    ] Building /workspace/shared/lean4-pr15373-head/stage0/src/../stdlib//Lean/Compiler/LCNF/PropagateBorrow.c
[    ] Building /workspace/shared/lean4-pr15373-head/stage0/src/../stdlib//Lean/Compiler/LCNF/SpecInfo.c
[    ] Building /workspace/shared/lean4-pr15373-head/stage0/src/../stdlib//Lean/Compiler/LCNF/Simp/Basic.c
[    ] Building /workspace/shared/lean4-pr15373-head/stage0/src/../stdlib//Lean/Compiler/LCNF/Simp/ConstantFold.c
[    ] Building /workspace/shared/lean4-pr15373-head/stage0/src/../stdlib//Lean/Compiler/LCNF/Simp/FunDeclInfo.c
[    ] Building /workspace/shared/lean4-pr15373-head/stage0/src/../stdlib//Lean/Compiler/LCNF/Simp/Config.c
[    ] Building /workspace/shared/lean4-pr15373-head/stage0/src/../stdlib//Lean/Compiler/LCNF/Simp/Used.c
[    ] Building /workspace/shared/lean4-pr15373-head/stage0/src/../stdlib//Lean/Compiler/LCNF/Simp/JpCases.c
[    ] Building /workspace/shared/lean4-pr15373-head/stage0/src/../stdlib//Lean/Compiler/LCNF/Simp/InlineCandidate.c
[    ] Building /workspace/shared/lean4-pr15373-head/stage0/src/../stdlib//Lean/Compiler/LCNF/Simp/SimpM.c
[    ] Building /workspace/shared/lean4-pr15373-head/stage0/src/../stdlib//Lean/Compiler/LCNF/Simp/DiscrM.c
[    ] Building /workspace/shared/lean4-pr15373-head/stage0/src/../stdlib//Lean/Compiler/LCNF/Simp/Main.c
[    ] Building /workspace/shared/lean4-pr15373-head/stage0/src/../stdlib//Lean/Compiler/LCNF/Simp/InlineProj.c
[    ] Building /workspace/shared/lean4-pr15373-head/stage0/src/../stdlib//Lean/Compiler/LCNF/Simp/SimpValue.c
[    ] Building /workspace/shared/lean4-pr15373-head/stage0/src/../stdlib//Lean/Compiler/LCNF/Simp/DefaultAlt.c
[    ] Building /workspace/shared/lean4-pr15373-head/stage0/src/../stdlib//Lean/Compiler/LCNF/InferType.c
[    ] Building /workspace/shared/lean4-pr15373-head/stage0/src/../stdlib//Lean/Compiler/LCNF/Toposort.c
[    ] Building /workspace/shared/lean4-pr15373-head/stage0/src/../stdlib//Lean/Compiler/LCNF/Passes.c
[    ] Building /workspace/shared/lean4-pr15373-head/stage0/src/../stdlib//Lean/Compiler/LCNF/ToImpure.c
[    ] Building /workspace/shared/lean4-pr15373-head/stage0/src/../stdlib//Lean/Compiler/LCNF/SimpCase.c
[    ] Building /workspace/shared/lean4-pr15373-head/stage0/src/../stdlib//Lean/Compiler/ExternAttr.c
[    ] Building /workspace/shared/lean4-pr15373-head/stage0/src/../stdlib//Lean/Compiler/NameMangling.c
[    ] Building /workspace/shared/lean4-pr15373-head/stage0/src/../stdlib//Lean/Compiler/ExportAttr.c
[    ] Building /workspace/shared/lean4-pr15373-head/stage0/src/../stdlib//Lean/Compiler/CSimpAttr.c
[    ] Building /workspace/shared/lean4-pr15373-head/stage0/src/../stdlib//Lean/Compiler/Old.c
[    ] Building /workspace/shared/lean4-pr15373-head/stage0/src/../stdlib//Lean/Compiler/Specialize.c
[    ] Building /workspace/shared/lean4-pr15373-head/stage0/src/../stdlib//Lean/Compiler/ClosedTermCache.c
[    ] Building /workspace/shared/lean4-pr15373-head/stage0/src/../stdlib//Lean/Compiler/Main.c
[    ] Building /workspace/shared/lean4-pr15373-head/stage0/src/../stdlib//Lean/Compiler/NameDemangling.c
[    ] Building /workspace/shared/lean4-pr15373-head/stage0/src/../stdlib//Lean/Compiler/NoncomputableAttr.c
[    ] Building /workspace/shared/lean4-pr15373-head/stage0/src/../stdlib//Lean/Compiler/IR/NormIds.c
[    ] Building /workspace/shared/lean4-pr15373-head/stage0/src/../stdlib//Lean/Compiler/IR/Basic.c
[    ] Building /workspace/shared/lean4-pr15373-head/stage0/src/../stdlib//Lean/Compiler/IR/Format.c
[    ] Building /workspace/shared/lean4-pr15373-head/stage0/src/../stdlib//Lean/Compiler/IR/LLVMBindings.c
[    ] Building /workspace/shared/lean4-pr15373-head/stage0/src/../stdlib//Lean/Compiler/IR/CompilerM.c
[    ] Building /workspace/shared/lean4-pr15373-head/stage0/src/../stdlib//Lean/Compiler/IR/Checker.c
[    ] Building /workspace/shared/lean4-pr15373-head/stage0/src/../stdlib//Lean/Compiler/IR/EmitLLVM.c
[    ] Building /workspace/shared/lean4-pr15373-head/stage0/src/../stdlib//Lean/Compiler/IR/EmitUtil.c
[    ] Building /workspace/shared/lean4-pr15373-head/stage0/src/../stdlib//Lean/Compiler/IR/Meta.c
[    ] Building /workspace/shared/lean4-pr15373-head/stage0/src/../stdlib//Lean/Compiler/IR/ToIR.c
[    ] Building /workspace/shared/lean4-pr15373-head/stage0/src/../stdlib//Lean/Compiler/IR/Sorry.c
[    ] Building /workspace/shared/lean4-pr15373-head/stage0/src/../stdlib//Lean/Compiler/IR/ToIRType.c
[    ] Building /workspace/shared/lean4-pr15373-head/stage0/src/../stdlib//Lean/Compiler/IR/UnboxResult.c
[    ] Building /workspace/shared/lean4-pr15373-head/stage0/src/../stdlib//Lean/Compiler/InitAttr.c
[    ] Building /workspace/shared/lean4-pr15373-head/stage0/src/../stdlib//Lean/Compiler/InlineAttrs.c
[    ] Building /workspace/shared/lean4-pr15373-head/stage0/src/../stdlib//Lean/Widget.c
[    ] Building /workspace/shared/lean4-pr15373-head/stage0/src/../stdlib//Lean/Level.c
[    ] Building /workspace/shared/lean4-pr15373-head/stage0/src/../stdlib//Lean/Exception.c
[    ] Building /workspace/shared/lean4-pr15373-head/stage0/src/../stdlib//Lean/AutoDecl.c
[    ] Building /workspace/shared/lean4-pr15373-head/stage0/src/../stdlib//Lean/KeyedDeclsAttribute.c
[    ] Building /workspace/shared/lean4-pr15373-head/stage0/src/../stdlib//Lean/AddDecl.c
[    ] Building /workspace/shared/lean4-pr15373-head/stage0/src/../stdlib//Lean/CompactedRegion.c
[    ] Building /workspace/shared/lean4-pr15373-head/stage0/src/../stdlib//Lean/Data/Position.c
[    ] Building /workspace/shared/lean4-pr15373-head/stage0/src/../stdlib//Lean/Data/NameMap.c
[    ] Building /workspace/shared/lean4-pr15373-head/stage0/src/../stdlib//Lean/Data/Format.c
[    ] Building /workspace/shared/lean4-pr15373-head/stage0/src/../stdlib//Lean/Data/PersistentHashSet.c
[    ] Building /workspace/shared/lean4-pr15373-head/stage0/src/../stdlib//Lean/Data/LBool.c
[    ] Building /workspace/shared/lean4-pr15373-head/stage0/src/../stdlib//Lean/Data/Json.c
[    ] Building /workspace/shared/lean4-pr15373-head/stage0/src/../stdlib//Lean/Data/Options.c
[    ] Building /workspace/shared/lean4-pr15373-head/stage0/src/../stdlib//Lean/Data/JsonRpc.c
[    ] Building /workspace/shared/lean4-pr15373-head/stage0/src/../stdlib//Lean/Data/FuzzyMatching.c
[    ] Building /workspace/shared/lean4-pr15373-head/stage0/src/../stdlib//Lean/Data/Trie.c
[    ] Building /workspace/shared/lean4-pr15373-head/stage0/src/../stdlib//Lean/Data/RArray.c
[    ] Building /workspace/shared/lean4-pr15373-head/stage0/src/../stdlib//Lean/Data/RBTree.c
[    ] Building /workspace/shared/lean4-pr15373-head/stage0/src/../stdlib//Lean/Data/NameMap/Basic.c
[    ] Building /workspace/shared/lean4-pr15373-head/stage0/src/../stdlib//Lean/Data/NameMap/AdditionalOperations.c
[    ] Building /workspace/shared/lean4-pr15373-head/stage0/src/../stdlib//Lean/Data/Iterators/Producers/PersistentHashMap.c
[    ] Building /workspace/shared/lean4-pr15373-head/stage0/src/../stdlib//Lean/Data/Iterators/Producers.c
[    ] Building /workspace/shared/lean4-pr15373-head/stage0/src/../stdlib//Lean/Data/SMap.c
[    ] Building /workspace/shared/lean4-pr15373-head/stage0/src/../stdlib//Lean/Data/LOption.c
[    ] Building /workspace/shared/lean4-pr15373-head/stage0/src/../stdlib//Lean/Data/DeclarationRange.c
[    ] Building /workspace/shared/lean4-pr15373-head/stage0/src/../stdlib//Lean/Data/PPContext.c
[    ] Building /workspace/shared/lean4-pr15373-head/stage0/src/../stdlib//Lean/Data/EditDistance.c
[    ] Building /workspace/shared/lean4-pr15373-head/stage0/src/../stdlib//Lean/Data/Json/Basic.c
[    ] Building /workspace/shared/lean4-pr15373-head/stage0/src/../stdlib//Lean/Data/Json/Printer.c
[    ] Building /workspace/shared/lean4-pr15373-head/stage0/src/../stdlib//Lean/Data/Json/FromToJson/Basic.c
[    ] Building /workspace/shared/lean4-pr15373-head/stage0/src/../stdlib//Lean/Data/Json/FromToJson/Extra.c
[    ] Building /workspace/shared/lean4-pr15373-head/stage0/src/../stdlib//Lean/Data/Json/Parser.c
[    ] Building /workspace/shared/lean4-pr15373-head/stage0/src/../stdlib//Lean/Data/Json/Stream.c
[    ] Building /workspace/shared/lean4-pr15373-head/stage0/src/../stdlib//Lean/Data/Json/Elab.c
[    ] Building /workspace/shared/lean4-pr15373-head/stage0/src/../stdlib//Lean/Data/Json/FromToJson.c
[    ] Building /workspace/shared/lean4-pr15373-head/stage0/src/../stdlib//Lean/Data/PrefixTree.c
[    ] Building /workspace/shared/lean4-pr15373-head/stage0/src/../stdlib//Lean/Data/Iterators.c
[    ] Building /workspace/shared/lean4-pr15373-head/stage0/src/../stdlib//Lean/Data/PersistentHashMap.c
[    ] Building /workspace/shared/lean4-pr15373-head/stage0/src/../stdlib//Lean/Data/NameTrie.c
[    ] Building /workspace/shared/lean4-pr15373-head/stage0/src/../stdlib//Lean/Data/Name.c
[    ] Building /workspace/shared/lean4-pr15373-head/stage0/src/../stdlib//Lean/Data/OpenDecl.c
[    ] Building /workspace/shared/lean4-pr15373-head/stage0/src/../stdlib//Lean/Data/KVMap.c
[    ] Building /workspace/shared/lean4-pr15373-head/stage0/src/../stdlib//Lean/Data/Array.c
[    ] Building /workspace/shared/lean4-pr15373-head/stage0/src/../stdlib//Lean/Data/AssocList.c
[    ] Building /workspace/shared/lean4-pr15373-head/stage0/src/../stdlib//Lean/Data/SSet.c
[    ] Building /workspace/shared/lean4-pr15373-head/stage0/src/../stdlib//Lean/Data/Lsp.c
[    ] Building /workspace/shared/lean4-pr15373-head/stage0/src/../stdlib//Lean/Data/Lsp/Ipc.c
[    ] Building /workspace/shared/lean4-pr15373-head/stage0/src/../stdlib//Lean/Data/Lsp/Basic.c
[    ] Building /workspace/shared/lean4-pr15373-head/stage0/src/../stdlib//Lean/Data/Lsp/Workspace.c
[    ] Building /workspace/shared/lean4-pr15373-head/stage0/src/../stdlib//Lean/Data/Lsp/BasicAux.c
[    ] Building /workspace/shared/lean4-pr15373-head/stage0/src/../stdlib//Lean/Data/Lsp/Diagnostics.c
[    ] Building /workspace/shared/lean4-pr15373-head/stage0/src/../stdlib//Lean/Data/Lsp/Client.c
[    ] Building /workspace/shared/lean4-pr15373-head/stage0/src/../stdlib//Lean/Data/Lsp/CodeActions.c
[    ] Building /workspace/shared/lean4-pr15373-head/stage0/src/../stdlib//Lean/Data/Lsp/Communication.c
[    ] Building /workspace/shared/lean4-pr15373-head/stage0/src/../stdlib//Lean/Data/Lsp/Internal.c
[    ] Building /workspace/shared/lean4-pr15373-head/stage0/src/../stdlib//Lean/Data/Lsp/CancelParams.c
[    ] Building /workspace/shared/lean4-pr15373-head/stage0/src/../stdlib//Lean/Data/Lsp/LanguageFeatures.c
[    ] Building /workspace/shared/lean4-pr15373-head/stage0/src/../stdlib//Lean/Data/Lsp/Capabilities.c
[    ] Building /workspace/shared/lean4-pr15373-head/stage0/src/../stdlib//Lean/Data/Lsp/TextSync.c
[    ] Building /workspace/shared/lean4-pr15373-head/stage0/src/../stdlib//Lean/Data/Lsp/Extra.c
[    ] Building /workspace/shared/lean4-pr15373-head/stage0/src/../stdlib//Lean/Data/Lsp/Window.c
[    ] Building /workspace/shared/lean4-pr15373-head/stage0/src/../stdlib//Lean/Data/Lsp/InitShutdown.c
[    ] Building /workspace/shared/lean4-pr15373-head/stage0/src/../stdlib//Lean/Data/Lsp/Utf16.c
[    ] Building /workspace/shared/lean4-pr15373-head/stage0/src/../stdlib//Lean/Data/PersistentArray.c
[    ] Building /workspace/shared/lean4-pr15373-head/stage0/src/../stdlib//Lean/Data/RBMap.c
[    ] Building /workspace/shared/lean4-pr15373-head/stage0/src/../stdlib//Lean/Util/Path.c
[    ] Building /workspace/shared/lean4-pr15373-head/stage0/src/../stdlib//Lean/Util/FindLevelMVar.c
[    ] Building /workspace/shared/lean4-pr15373-head/stage0/src/../stdlib//Lean/Util/PtrSet.c
[    ] Building /workspace/shared/lean4-pr15373-head/stage0/src/../stdlib//Lean/Util/SCC.c
[    ] Building /workspace/shared/lean4-pr15373-head/stage0/src/../stdlib//Lean/Util/Reprove.c
[    ] Building /workspace/shared/lean4-pr15373-head/stage0/src/../stdlib//Lean/Util/MonadCache.c
[    ] Building /workspace/shared/lean4-pr15373-head/stage0/src/../stdlib//Lean/Util/CollectLevelMVars.c
[    ] Building /workspace/shared/lean4-pr15373-head/stage0/src/../stdlib//Lean/Util/ShareCommon.c
[    ] Building /workspace/shared/lean4-pr15373-head/stage0/src/../stdlib//Lean/Util/UnusedBinders.c
[    ] Building /workspace/shared/lean4-pr15373-head/stage0/src/../stdlib//Lean/Util/CollectLooseBVars.c
[    ] Building /workspace/shared/lean4-pr15373-head/stage0/src/../stdlib//Lean/Util/Trace.c
[    ] Building /workspace/shared/lean4-pr15373-head/stage0/src/../stdlib//Lean/Util/ReplaceExpr.c
[    ] Building /workspace/shared/lean4-pr15373-head/stage0/src/../stdlib//Lean/Util/CollectMVars.c
[    ] Building /workspace/shared/lean4-pr15373-head/stage0/src/../stdlib//Lean/Util/LeanOptions.c
[    ] Building /workspace/shared/lean4-pr15373-head/stage0/src/../stdlib//Lean/Util/ForEachExpr.c
[    ] Building /workspace/shared/lean4-pr15373-head/stage0/src/../stdlib//Lean/Util/Profiler.c
[    ] Building /workspace/shared/lean4-pr15373-head/stage0/src/../stdlib//Lean/Util/Diff.c
[    ] Building /workspace/shared/lean4-pr15373-head/stage0/src/../stdlib//Lean/Util/LakePath.c
[    ] Building /workspace/shared/lean4-pr15373-head/stage0/src/../stdlib//Lean/Util/SortExprs.c
[    ] Building /workspace/shared/lean4-pr15373-head/stage0/src/../stdlib//Lean/Util/Heartbeats.c
[    ] Building /workspace/shared/lean4-pr15373-head/stage0/src/../stdlib//Lean/Util/FindMVar.c
[    ] Building /workspace/shared/lean4-pr15373-head/stage0/src/../stdlib//Lean/Util/ReplaceLevel.c
[    ] Building /workspace/shared/lean4-pr15373-head/stage0/src/../stdlib//Lean/Util/CollectAxioms.c
[    ] Building /workspace/shared/lean4-pr15373-head/stage0/src/../stdlib//Lean/Util/Profile.c
[    ] Building /workspace/shared/lean4-pr15373-head/stage0/src/../stdlib//Lean/Util/FoldConsts.c
[    ] Building /workspace/shared/lean4-pr15373-head/stage0/src/../stdlib//Lean/Util/CollectFVars.c
[    ] Building /workspace/shared/lean4-pr15373-head/stage0/src/../stdlib//Lean/Util/ParamMinimizer.c
[    ] Building /workspace/shared/lean4-pr15373-head/stage0/src/../stdlib//Lean/Util/HasConstCache.c
[    ] Building /workspace/shared/lean4-pr15373-head/stage0/src/../stdlib//Lean/Util/MonadBacktrack.c
[    ] Building /workspace/shared/lean4-pr15373-head/stage0/src/../stdlib//Lean/Util/SafeExponentiation.c
[    ] Building /workspace/shared/lean4-pr15373-head/stage0/src/../stdlib//Lean/Util/NumApps.c
[    ] Building /workspace/shared/lean4-pr15373-head/stage0/src/../stdlib//Lean/Util/ForEachExprWhere.c
[    ] Building /workspace/shared/lean4-pr15373-head/stage0/src/../stdlib//Lean/Util/InstantiateLevelParams.c
[    ] Building /workspace/shared/lean4-pr15373-head/stage0/src/../stdlib//Lean/Util/OccursCheck.c
[    ] Building /workspace/shared/lean4-pr15373-head/stage0/src/../stdlib//Lean/Util/Sorry.c
[    ] Building /workspace/shared/lean4-pr15373-head/stage0/src/../stdlib//Lean/Util/FVarSubset.c
[    ] Building /workspace/shared/lean4-pr15373-head/stage0/src/../stdlib//Lean/Util/CollectLevelParams.c
[    ] Building /workspace/shared/lean4-pr15373-head/stage0/src/../stdlib//Lean/Util/ProfilerServer.c
[    ] Building /workspace/shared/lean4-pr15373-head/stage0/src/../stdlib//Lean/Util/TestExtern.c
[    ] Building /workspace/shared/lean4-pr15373-head/stage0/src/../stdlib//Lean/Util/PPExt.c
[    ] Building /workspace/shared/lean4-pr15373-head/stage0/src/../stdlib//Lean/Util/RecDepth.c
[    ] Building /workspace/shared/lean4-pr15373-head/stage0/src/../stdlib//Lean/Util/FindExpr.c
[    ] Building /workspace/shared/lean4-pr15373-head/stage0/src/../stdlib//Lean/Util/Recognizers.c
[    ] Building /workspace/shared/lean4-pr15373-head/stage0/src/../stdlib//Lean/Util/NumObjs.c
[    ] Building /workspace/shared/lean4-pr15373-head/stage0/src/../stdlib//Lean/Class.c
[    ] Building /workspace/shared/lean4-pr15373-head/stage0/src/../stdlib//Lean/InternalExceptionId.c
[    ] Building /workspace/shared/lean4-pr15373-head/stage0/src/../stdlib//Lean/Language/Basic.c
[    ] Building /workspace/shared/lean4-pr15373-head/stage0/src/../stdlib//Lean/Language/Util.c
[    ] Building /workspace/shared/lean4-pr15373-head/stage0/src/../stdlib//Lean/Language/Lean/Types.c
[    ] Building /workspace/shared/lean4-pr15373-head/stage0/src/../stdlib//Lean/Language/Lean/Util.c
[    ] Building /workspace/shared/lean4-pr15373-head/stage0/src/../stdlib//Lean/Language/Lean.c
[    ] Building /workspace/shared/lean4-pr15373-head/stage0/src/../stdlib//Lean/Message.c
[    ] Building /workspace/shared/lean4-pr15373-head/stage0/src/../stdlib//Lean/LabelAttribute.c
[    ] Building /workspace/shared/lean4-pr15373-head/stage0/src/../stdlib//Lean/BuiltinDocAttr.c
[    ] Building /workspace/shared/lean4-pr15373-head/stage0/src/../stdlib//Lean/OriginalConstKind.c
[    ] Building /workspace/shared/lean4-pr15373-head/stage0/src/../stdlib//Lean/MetavarContext.c
[    ] Building /workspace/shared/lean4-pr15373-head/stage0/src/../stdlib//Lean/ErrorExplanation.c
[    ] Building /workspace/shared/lean4-pr15373-head/stage0/src/../stdlib//Lean/IdentifierSuggestion.c
[    ] Building /workspace/shared/lean4-pr15373-head/stage0/src/../stdlib//Lean/Replay.c
[    ] Building /workspace/shared/lean4-pr15373-head/stage0/src/../stdlib//Lean/AuxRecursor.c
[    ] Building /workspace/shared/lean4-pr15373-head/stage0/src/../stdlib//Lean/Parser/Types.c
[    ] Building /workspace/shared/lean4-pr15373-head/stage0/src/../stdlib//Lean/Parser/Basic.c
[    ] Building /workspace/shared/lean4-pr15373-head/stage0/src/../stdlib//Lean/Parser/Tactic.c
[    ] Building /workspace/shared/lean4-pr15373-head/stage0/src/../stdlib//Lean/Parser/Extension.c
[    ] Building /workspace/shared/lean4-pr15373-head/stage0/src/../stdlib//Lean/Parser/Syntax.c
[    ] Building /workspace/shared/lean4-pr15373-head/stage0/src/../stdlib//Lean/Parser/Module/Syntax.c
[    ] Building /workspace/shared/lean4-pr15373-head/stage0/src/../stdlib//Lean/Parser/Do.c
[    ] Building /workspace/shared/lean4-pr15373-head/stage0/src/../stdlib//Lean/Parser/Tactic/Doc.c
[    ] Building /workspace/shared/lean4-pr15373-head/stage0/src/../stdlib//Lean/Parser/Command.c
[    ] Building /workspace/shared/lean4-pr15373-head/stage0/src/../stdlib//Lean/Parser/Extra.c
[    ] Building /workspace/shared/lean4-pr15373-head/stage0/src/../stdlib//Lean/Parser/Term/Basic.c
[    ] Building /workspace/shared/lean4-pr15373-head/stage0/src/../stdlib//Lean/Parser/Term/Doc.c
[    ] Building /workspace/shared/lean4-pr15373-head/stage0/src/../stdlib//Lean/Parser/Module.c
[    ] Building /workspace/shared/lean4-pr15373-head/stage0/src/../stdlib//Lean/Parser/Attr.c
[    ] Building /workspace/shared/lean4-pr15373-head/stage0/src/../stdlib//Lean/Parser/Level.c
[    ] Building /workspace/shared/lean4-pr15373-head/stage0/src/../stdlib//Lean/Parser/StrInterpolation.c
[    ] Building /workspace/shared/lean4-pr15373-head/stage0/src/../stdlib//Lean/Parser/Term.c
[    ] Building /workspace/shared/lean4-pr15373-head/stage0/src/../stdlib//Lean/Linter/PersistentLintLog.c
[    ] Building /workspace/shared/lean4-pr15373-head/stage0/src/../stdlib//Lean/Linter/Basic.c
[    ] Building /workspace/shared/lean4-pr15373-head/stage0/src/../stdlib//Lean/Linter/Extra/UnnecessarySeqFocus.c
[    ] Building /workspace/shared/lean4-pr15373-head/stage0/src/../stdlib//Lean/Linter/Extra/UnusedDecidableInType.c
[    ] Building /workspace/shared/lean4-pr15373-head/stage0/src/../stdlib//Lean/Linter/Extra/UnreachableTactic.c
[    ] Building /workspace/shared/lean4-pr15373-head/stage0/src/../stdlib//Lean/Linter/Extra/DupNamespace.c
[    ] Building /workspace/shared/lean4-pr15373-head/stage0/src/../stdlib//Lean/Linter/DefProp.c
[    ] Building /workspace/shared/lean4-pr15373-head/stage0/src/../stdlib//Lean/Linter/AmbiguousOpen.c
[    ] Building /workspace/shared/lean4-pr15373-head/stage0/src/../stdlib//Lean/Linter/CodeQuality.c
[    ] Building /workspace/shared/lean4-pr15373-head/stage0/src/../stdlib//Lean/Linter/Deprecated.c
[    ] Building /workspace/shared/lean4-pr15373-head/stage0/src/../stdlib//Lean/Linter/CodeQuality/Basic.c
[    ] Building /workspace/shared/lean4-pr15373-head/stage0/src/../stdlib//Lean/Linter/CodeQuality/Frontend.c
[    ] Building /workspace/shared/lean4-pr15373-head/stage0/src/../stdlib//Lean/Linter/UnusedVariables.c
[    ] Building /workspace/shared/lean4-pr15373-head/stage0/src/../stdlib//Lean/Linter/EnvLinter.c
[    ] Building /workspace/shared/lean4-pr15373-head/stage0/src/../stdlib//Lean/Linter/Coe.c
[    ] Building /workspace/shared/lean4-pr15373-head/stage0/src/../stdlib//Lean/Linter/Sets.c
[    ] Building /workspace/shared/lean4-pr15373-head/stage0/src/../stdlib//Lean/Linter/Extra.c
[    ] Building /workspace/shared/lean4-pr15373-head/stage0/src/../stdlib//Lean/Linter/List.c
[    ] Building /workspace/shared/lean4-pr15373-head/stage0/src/../stdlib//Lean/Linter/CheckUnivs.c
[    ] Building /workspace/shared/lean4-pr15373-head/stage0/src/../stdlib//Lean/Linter/EnvLinter/Basic.c
[    ] Building /workspace/shared/lean4-pr15373-head/stage0/src/../stdlib//Lean/Linter/EnvLinter/Frontend.c
[    ] Building /workspace/shared/lean4-pr15373-head/stage0/src/../stdlib//Lean/Linter/Util.c
[    ] Building /workspace/shared/lean4-pr15373-head/stage0/src/../stdlib//Lean/Linter/InternalModule.c
[    ] Building /workspace/shared/lean4-pr15373-head/stage0/src/../stdlib//Lean/Linter/Omit.c
[    ] Building /workspace/shared/lean4-pr15373-head/stage0/src/../stdlib//Lean/Linter/DocsOnAlt.c
[    ] Building /workspace/shared/lean4-pr15373-head/stage0/src/../stdlib//Lean/Linter/Builtin.c
[    ] Building /workspace/shared/lean4-pr15373-head/stage0/src/../stdlib//Lean/Linter/MissingDocs.c
[    ] Building /workspace/shared/lean4-pr15373-head/stage0/src/../stdlib//Lean/Linter/GlobalAttributeIn.c
[    ] Building /workspace/shared/lean4-pr15373-head/stage0/src/../stdlib//Lean/Linter/TacticTypeCheck.c
[    ] Building /workspace/shared/lean4-pr15373-head/stage0/src/../stdlib//Lean/Linter/UnusedSimpArgs.c
[    ] Building /workspace/shared/lean4-pr15373-head/stage0/src/../stdlib//Lean/Linter/Init.c
[    ] Building /workspace/shared/lean4-pr15373-head/stage0/src/../stdlib//Lean/Linter/ConstructorAsVariable.c
[    ] Building /workspace/shared/lean4-pr15373-head/stage0/src/../stdlib//Lean/Linter/CoreInternal.c
[    ] Building /workspace/shared/lean4-pr15373-head/stage0/src/../stdlib//Lean.c
[    ] Building /workspace/shared/lean4-pr15373-head/stage0/src/../stdlib//LeanIR.c
[    ] Building /workspace/shared/lean4-pr15373-head/stage0/src/../stdlib//LeanExport/Basic.c
[    ] Building /workspace/shared/lean4-pr15373-head/stage0/src/../stdlib//LeanExport/Parse.c
[    ] Building /workspace/shared/lean4-pr15373-head/stage0/src/../stdlib//LeanExport.c
[    ] Building /workspace/shared/lean4-pr15373-head/stage0/src/../stdlib//Lake/Check/Compare.c
[    ] Building /workspace/shared/lean4-pr15373-head/stage0/src/../stdlib//Lake/Check/Util.c
[    ] Building /workspace/shared/lean4-pr15373-head/stage0/src/../stdlib//Lake/Check/Axioms.c
[    ] Building /workspace/shared/lean4-pr15373-head/stage0/src/../stdlib//Lake/Load/Workspace.c
[    ] Building /workspace/shared/lean4-pr15373-head/stage0/src/../stdlib//Lake/Load/Package.c
[    ] Building /workspace/shared/lean4-pr15373-head/stage0/src/../stdlib//Lake/Load/Config.c
[    ] Building /workspace/shared/lean4-pr15373-head/stage0/src/../stdlib//Lake/Load/Resolve.c
[    ] Building /workspace/shared/lean4-pr15373-head/stage0/src/../stdlib//Lake/Load/Toml.c
[    ] Building /workspace/shared/lean4-pr15373-head/stage0/src/../stdlib//Lake/Load/Materialize.c
[    ] Building /workspace/shared/lean4-pr15373-head/stage0/src/../stdlib//Lake/Load/Manifest.c
[    ] Building /workspace/shared/lean4-pr15373-head/stage0/src/../stdlib//Lake/Load/Lean/Elab.c
[    ] Building /workspace/shared/lean4-pr15373-head/stage0/src/../stdlib//Lake/Load/Lean/Eval.c
[    ] Building /workspace/shared/lean4-pr15373-head/stage0/src/../stdlib//Lake/Load/Lean.c
[    ] Building /workspace/shared/lean4-pr15373-head/stage0/src/../stdlib//Lake/Toml/Elab/Expression.c
[    ] Building /workspace/shared/lean4-pr15373-head/stage0/src/../stdlib//Lake/Toml/Elab/Value.c
[    ] Building /workspace/shared/lean4-pr15373-head/stage0/src/../stdlib//Lake/Toml/Decode.c
[    ] Building /workspace/shared/lean4-pr15373-head/stage0/src/../stdlib//Lake/Toml/Data.c
[    ] Building /workspace/shared/lean4-pr15373-head/stage0/src/../stdlib//Lake/Toml/Encode.c
[    ] Building /workspace/shared/lean4-pr15373-head/stage0/src/../stdlib//Lake/Toml/ParserUtil.c
[    ] Building /workspace/shared/lean4-pr15373-head/stage0/src/../stdlib//Lake/Toml/Load.c
[    ] Building /workspace/shared/lean4-pr15373-head/stage0/src/../stdlib//Lake/Toml/Elab.c
[    ] Building /workspace/shared/lean4-pr15373-head/stage0/src/../stdlib//Lake/Toml/Data/DateTime.c
[    ] Building /workspace/shared/lean4-pr15373-head/stage0/src/../stdlib//Lake/Toml/Data/Dict.c
[    ] Building /workspace/shared/lean4-pr15373-head/stage0/src/../stdlib//Lake/Toml/Data/Value.c
[    ] Building /workspace/shared/lean4-pr15373-head/stage0/src/../stdlib//Lake/Toml/Grammar.c
[    ] Building /workspace/shared/lean4-pr15373-head/stage0/src/../stdlib//Lake/Build.c
[    ] Building /workspace/shared/lean4-pr15373-head/stage0/src/../stdlib//Lake/Reservoir.c
[    ] Building /workspace/shared/lean4-pr15373-head/stage0/src/../stdlib//Lake/Config.c
[    ] Building /workspace/shared/lean4-pr15373-head/stage0/src/../stdlib//Lake/Version.c
[    ] Building /workspace/shared/lean4-pr15373-head/stage0/src/../stdlib//Lake/CLI.c
[    ] Building /workspace/shared/lean4-pr15373-head/stage0/src/../stdlib//Lake/Load.c
[    ] Building /workspace/shared/lean4-pr15373-head/stage0/src/../stdlib//Lake/Util.c
[    ] Building /workspace/shared/lean4-pr15373-head/stage0/src/../stdlib//Lake/Build/InputFile.c
[    ] Building /workspace/shared/lean4-pr15373-head/stage0/src/../stdlib//Lake/Build/Facets.c
[    ] Building /workspace/shared/lean4-pr15373-head/stage0/src/../stdlib//Lake/Build/Index.c
[    ] Building /workspace/shared/lean4-pr15373-head/stage0/src/../stdlib//Lake/Build/Job/Basic.c
[    ] Building /workspace/shared/lean4-pr15373-head/stage0/src/../stdlib//Lake/Build/Job/Register.c
[    ] Building /workspace/shared/lean4-pr15373-head/stage0/src/../stdlib//Lake/Build/Job/Monad.c
[    ] Building /workspace/shared/lean4-pr15373-head/stage0/src/../stdlib//Lake/Build/Common.c
[    ] Building /workspace/shared/lean4-pr15373-head/stage0/src/../stdlib//Lake/Build/Fetch.c
[    ] Building /workspace/shared/lean4-pr15373-head/stage0/src/../stdlib//Lake/Build/Package.c
[    ] Building /workspace/shared/lean4-pr15373-head/stage0/src/../stdlib//Lake/Build/Topological.c
[    ] Building /workspace/shared/lean4-pr15373-head/stage0/src/../stdlib//Lake/Build/Info.c
[    ] Building /workspace/shared/lean4-pr15373-head/stage0/src/../stdlib//Lake/Build/Trace.c
[    ] Building /workspace/shared/lean4-pr15373-head/stage0/src/../stdlib//Lake/Build/Targets.c
[    ] Building /workspace/shared/lean4-pr15373-head/stage0/src/../stdlib//Lake/Build/Key.c
[    ] Building /workspace/shared/lean4-pr15373-head/stage0/src/../stdlib//Lake/Build/Store.c
[    ] Building /workspace/shared/lean4-pr15373-head/stage0/src/../stdlib//Lake/Build/Job.c
[    ] Building /workspace/shared/lean4-pr15373-head/stage0/src/../stdlib//Lake/Build/Target/Basic.c
[    ] Building /workspace/shared/lean4-pr15373-head/stage0/src/../stdlib//Lake/Build/Target/Fetch.c
[    ] Building /workspace/shared/lean4-pr15373-head/stage0/src/../stdlib//Lake/Build/Target.c
[    ] Building /workspace/shared/lean4-pr15373-head/stage0/src/../stdlib//Lake/Build/InitFacets.c
[    ] Building /workspace/shared/lean4-pr15373-head/stage0/src/../stdlib//Lake/Build/ModuleArtifacts.c
[    ] Building /workspace/shared/lean4-pr15373-head/stage0/src/../stdlib//Lake/Build/Data.c
[    ] Building /workspace/shared/lean4-pr15373-head/stage0/src/../stdlib//Lake/Build/Run.c
[    ] Building /workspace/shared/lean4-pr15373-head/stage0/src/../stdlib//Lake/Build/Executable.c
[    ] Building /workspace/shared/lean4-pr15373-head/stage0/src/../stdlib//Lake/Build/Module.c
[    ] Building /workspace/shared/lean4-pr15373-head/stage0/src/../stdlib//Lake/Build/Context.c
[    ] Building /workspace/shared/lean4-pr15373-head/stage0/src/../stdlib//Lake/Build/Actions.c
[    ] Building /workspace/shared/lean4-pr15373-head/stage0/src/../stdlib//Lake/Build/Infos.c
[    ] Building /workspace/shared/lean4-pr15373-head/stage0/src/../stdlib//Lake/Build/Library.c
[    ] Building /workspace/shared/lean4-pr15373-head/stage0/src/../stdlib//Lake/Build/ExternLib.c
[    ] Building /workspace/shared/lean4-pr15373-head/stage0/src/../stdlib//Lake/Toml.c
[    ] Building /workspace/shared/lean4-pr15373-head/stage0/src/../stdlib//Lake/CLI/Samply.c
[    ] Building /workspace/shared/lean4-pr15373-head/stage0/src/../stdlib//Lake/CLI/Help.c
[    ] Building /workspace/shared/lean4-pr15373-head/stage0/src/../stdlib//Lake/CLI/Build.c
[    ] Building /workspace/shared/lean4-pr15373-head/stage0/src/../stdlib//Lake/CLI/Serve.c
[    ] Building /workspace/shared/lean4-pr15373-head/stage0/src/../stdlib//Lake/CLI/Check.c
[    ] Building /workspace/shared/lean4-pr15373-head/stage0/src/../stdlib//Lake/CLI/Error.c
[    ] Building /workspace/shared/lean4-pr15373-head/stage0/src/../stdlib//Lake/CLI/Main.c
[    ] Building /workspace/shared/lean4-pr15373-head/stage0/src/../stdlib//Lake/CLI/Translate.c
[    ] Building /workspace/shared/lean4-pr15373-head/stage0/src/../stdlib//Lake/CLI/Actions.c
[    ] Building /workspace/shared/lean4-pr15373-head/stage0/src/../stdlib//Lake/CLI/Init.c
[    ] Building /workspace/shared/lean4-pr15373-head/stage0/src/../stdlib//Lake/CLI/BuiltinLint.c
[    ] Building /workspace/shared/lean4-pr15373-head/stage0/src/../stdlib//Lake/CLI/Shake.c
[    ] Building /workspace/shared/lean4-pr15373-head/stage0/src/../stdlib//Lake/CLI/Translate/Toml.c
[    ] Building /workspace/shared/lean4-pr15373-head/stage0/src/../stdlib//Lake/CLI/Translate/Lean.c
[    ] Building /workspace/shared/lean4-pr15373-head/stage0/src/../stdlib//Lake/DSL.c
[    ] Building /workspace/shared/lean4-pr15373-head/stage0/src/../stdlib//Lake/All.c
[    ] Building /workspace/shared/lean4-pr15373-head/stage0/src/../stdlib//Lake/Util/Lift.c
[    ] Building /workspace/shared/lean4-pr15373-head/stage0/src/../stdlib//Lake/Util/Family.c
[    ] Building /workspace/shared/lean4-pr15373-head/stage0/src/../stdlib//Lake/Util/IO.c
[    ] Building /workspace/shared/lean4-pr15373-head/stage0/src/../stdlib//Lake/Util/String.c
[    ] Building /workspace/shared/lean4-pr15373-head/stage0/src/../stdlib//Lake/Util/Url.c
[    ] Building /workspace/shared/lean4-pr15373-head/stage0/src/../stdlib//Lake/Util/RBArray.c
[    ] Building /workspace/shared/lean4-pr15373-head/stage0/src/../stdlib//Lake/Util/Proc.c
[    ] Building /workspace/shared/lean4-pr15373-head/stage0/src/../stdlib//Lake/Util/Reservoir.c
[    ] Building /workspace/shared/lean4-pr15373-head/stage0/src/../stdlib//Lake/Util/Lock.c
[    ] Building /workspace/shared/lean4-pr15373-head/stage0/src/../stdlib//Lake/Util/Date.c
[    ] Building /workspace/shared/lean4-pr15373-head/stage0/src/../stdlib//Lake/Util/JsonObject.c
[    ] Building /workspace/shared/lean4-pr15373-head/stage0/src/../stdlib//Lake/Util/Version.c
[    ] Building /workspace/shared/lean4-pr15373-head/stage0/src/../stdlib//Lake/Util/Cli.c
[    ] Building /workspace/shared/lean4-pr15373-head/stage0/src/../stdlib//Lake/Util/Store.c
[    ] Building /workspace/shared/lean4-pr15373-head/stage0/src/../stdlib//Lake/Util/Log.c
[    ] Building /workspace/shared/lean4-pr15373-head/stage0/src/../stdlib//Lake/Util/StoreInsts.c
[    ] Building /workspace/shared/lean4-pr15373-head/stage0/src/../stdlib//Lake/Util/NativeLib.c
[    ] Building /workspace/shared/lean4-pr15373-head/stage0/src/../stdlib//Lake/Util/Error.c
[    ] Building /workspace/shared/lean4-pr15373-head/stage0/src/../stdlib//Lake/Util/Git.c
[    ] Building /workspace/shared/lean4-pr15373-head/stage0/src/../stdlib//Lake/Util/Casing.c
[    ] Building /workspace/shared/lean4-pr15373-head/stage0/src/../stdlib//Lake/Util/Binder.c
[    ] Building /workspace/shared/lean4-pr15373-head/stage0/src/../stdlib//Lake/Util/EStateT.c
[    ] Building /workspace/shared/lean4-pr15373-head/stage0/src/../stdlib//Lake/Util/Name.c
[    ] Building /workspace/shared/lean4-pr15373-head/stage0/src/../stdlib//Lake/Util/OpaqueType.c
[    ] Building /workspace/shared/lean4-pr15373-head/stage0/src/../stdlib//Lake/Util/Opaque.c
[    ] Building /workspace/shared/lean4-pr15373-head/stage0/src/../stdlib//Lake/Util/MainM.c
[    ] Building /workspace/shared/lean4-pr15373-head/stage0/src/../stdlib//Lake/Util/Message.c
[    ] Building /workspace/shared/lean4-pr15373-head/stage0/src/../stdlib//Lake/Util/Task.c
[    ] Building /workspace/shared/lean4-pr15373-head/stage0/src/../stdlib//Lake/Util/OrderedTagAttribute.c
[    ] Building /workspace/shared/lean4-pr15373-head/stage0/src/../stdlib//Lake/Util/Cycle.c
[    ] Building /workspace/shared/lean4-pr15373-head/stage0/src/../stdlib//Lake/Util/Exit.c
[    ] Building /workspace/shared/lean4-pr15373-head/stage0/src/../stdlib//Lake/Util/OrdHashSet.c
[    ] Building /workspace/shared/lean4-pr15373-head/stage0/src/../stdlib//Lake/Util/EquipT.c
[    ] Building /workspace/shared/lean4-pr15373-head/stage0/src/../stdlib//Lake/Util/FilePath.c
[    ] Building /workspace/shared/lean4-pr15373-head/stage0/src/../stdlib//Lake/DSL/VerLit.c
[    ] Building /workspace/shared/lean4-pr15373-head/stage0/src/../stdlib//Lake/DSL/Package.c
[    ] Building /workspace/shared/lean4-pr15373-head/stage0/src/../stdlib//Lake/DSL/AttributesCore.c
[    ] Building /workspace/shared/lean4-pr15373-head/stage0/src/../stdlib//Lake/DSL/Targets.c
[    ] Building /workspace/shared/lean4-pr15373-head/stage0/src/../stdlib//Lake/DSL/Config.c
[    ] Building /workspace/shared/lean4-pr15373-head/stage0/src/../stdlib//Lake/DSL/Extensions.c
[    ] Building /workspace/shared/lean4-pr15373-head/stage0/src/../stdlib//Lake/DSL/Syntax.c
[    ] Building /workspace/shared/lean4-pr15373-head/stage0/src/../stdlib//Lake/DSL/Key.c
[    ] Building /workspace/shared/lean4-pr15373-head/stage0/src/../stdlib//Lake/DSL/DeclUtil.c
[    ] Building /workspace/shared/lean4-pr15373-head/stage0/src/../stdlib//Lake/DSL/Attributes.c
[    ] Building /workspace/shared/lean4-pr15373-head/stage0/src/../stdlib//Lake/DSL/Script.c
[    ] Building /workspace/shared/lean4-pr15373-head/stage0/src/../stdlib//Lake/DSL/Meta.c
[    ] Building /workspace/shared/lean4-pr15373-head/stage0/src/../stdlib//Lake/DSL/Require.c
[    ] Building /workspace/shared/lean4-pr15373-head/stage0/src/../stdlib//Lake/Config/InputFile.c
[    ] Building /workspace/shared/lean4-pr15373-head/stage0/src/../stdlib//Lake/Config/InstallPath.c
[    ] Building /workspace/shared/lean4-pr15373-head/stage0/src/../stdlib//Lake/Config/Cache.c
[    ] Building /workspace/shared/lean4-pr15373-head/stage0/src/../stdlib//Lake/Config/Defaults.c
[    ] Building /workspace/shared/lean4-pr15373-head/stage0/src/../stdlib//Lake/Config/Workspace.c
[    ] Building /workspace/shared/lean4-pr15373-head/stage0/src/../stdlib//Lake/Config/Package.c
[    ] Building /workspace/shared/lean4-pr15373-head/stage0/src/../stdlib//Lake/Config/ConfigDecl.c
[    ] Building /workspace/shared/lean4-pr15373-head/stage0/src/../stdlib//Lake/Config/InputFileConfig.c
[    ] Building /workspace/shared/lean4-pr15373-head/stage0/src/../stdlib//Lake/Config/TargetConfig.c
[    ] Building /workspace/shared/lean4-pr15373-head/stage0/src/../stdlib//Lake/Config/Dependency.c
[    ] Building /workspace/shared/lean4-pr15373-head/stage0/src/../stdlib//Lake/Config/LeanConfig.c
[    ] Building /workspace/shared/lean4-pr15373-head/stage0/src/../stdlib//Lake/Config/Artifact.c
[    ] Building /workspace/shared/lean4-pr15373-head/stage0/src/../stdlib//Lake/Config/ConfigTarget.c
[    ] Building /workspace/shared/lean4-pr15373-head/stage0/src/../stdlib//Lake/Config/LeanExe.c
[    ] Building /workspace/shared/lean4-pr15373-head/stage0/src/../stdlib//Lake/Config/Script.c
[    ] Building /workspace/shared/lean4-pr15373-head/stage0/src/../stdlib//Lake/Config/LeanLibConfig.c
[    ] Building /workspace/shared/lean4-pr15373-head/stage0/src/../stdlib//Lake/Config/OutFormat.c
[    ] Building /workspace/shared/lean4-pr15373-head/stage0/src/../stdlib//Lake/Config/Module.c
[    ] Building /workspace/shared/lean4-pr15373-head/stage0/src/../stdlib//Lake/Config/Meta.c
[    ] Building /workspace/shared/lean4-pr15373-head/stage0/src/../stdlib//Lake/Config/Context.c
[    ] Building /workspace/shared/lean4-pr15373-head/stage0/src/../stdlib//Lake/Config/Lang.c
[    ] Building /workspace/shared/lean4-pr15373-head/stage0/src/../stdlib//Lake/Config/Pattern.c
[    ] Building /workspace/shared/lean4-pr15373-head/stage0/src/../stdlib//Lake/Config/MetaClasses.c
[    ] Building /workspace/shared/lean4-pr15373-head/stage0/src/../stdlib//Lake/Config/PackageConfig.c
[    ] Building /workspace/shared/lean4-pr15373-head/stage0/src/../stdlib//Lake/Config/Opaque.c
[    ] Building /workspace/shared/lean4-pr15373-head/stage0/src/../stdlib//Lake/Config/LeanExeConfig.c
[    ] Building /workspace/shared/lean4-pr15373-head/stage0/src/../stdlib//Lake/Config/LeanLib.c
[    ] Building /workspace/shared/lean4-pr15373-head/stage0/src/../stdlib//Lake/Config/Env.c
[    ] Building /workspace/shared/lean4-pr15373-head/stage0/src/../stdlib//Lake/Config/ExternLibConfig.c
[    ] Building /workspace/shared/lean4-pr15373-head/stage0/src/../stdlib//Lake/Config/FacetConfig.c
[    ] Building /workspace/shared/lean4-pr15373-head/stage0/src/../stdlib//Lake/Config/Dynlib.c
[    ] Building /workspace/shared/lean4-pr15373-head/stage0/src/../stdlib//Lake/Config/Monad.c
[    ] Building /workspace/shared/lean4-pr15373-head/stage0/src/../stdlib//Lake/Config/LakefileConfig.c
[    ] Building /workspace/shared/lean4-pr15373-head/stage0/src/../stdlib//Lake/Config/Kinds.c
[    ] Building /workspace/shared/lean4-pr15373-head/stage0/src/../stdlib//Lake/Config/WorkspaceConfig.c
[    ] Building /workspace/shared/lean4-pr15373-head/stage0/src/../stdlib//Lake/Config/ExternLib.c
[    ] Building /workspace/shared/lean4-pr15373-head/stage0/src/../stdlib//Lake/Config/Glob.c
[    ] Building /workspace/shared/lean4-pr15373-head/stage0/src/../stdlib//Lake/Config/LakeConfig.c
[    ] Building /workspace/shared/lean4-pr15373-head/stage0/src/../stdlib//Lake.c
[    ] Building /workspace/shared/lean4-pr15373-head/stage0/src/../stdlib//LakeMain.c
[    ] Building /workspace/shared/lean4-pr15373-head/stage0/src/../stdlib//LeanChecker.c
[100%] Built target make_stdlib
[    ] Building /workspace/shared/lean4-pr15373-head/build/release/stage0/lib/lean/libInit_shared.so
[100%] Built target Init_shared
[    ] Building /workspace/shared/lean4-pr15373-head/build/release/stage0/lib/lean/libleanshared.so
[100%] Built target leanshared
[    ] Building /workspace/shared/lean4-pr15373-head/build/release/stage0/bin/leanexport
[    ] Building /workspace/shared/lean4-pr15373-head/build/release/stage0/bin/leanir
[    ] Building /workspace/shared/lean4-pr15373-head/build/release/stage0/lib/lean/libLake_shared.so
[    ] Building /workspace/shared/lean4-pr15373-head/build/release/stage0/bin/lean
[100%] Built target leanir
[100%] Built target lean
[100%] Built target leanexport
[100%] Built target lake_shared
[    ] Building /workspace/shared/lean4-pr15373-head/build/release/stage0/bin/leanchecker
[    ] Building /workspace/shared/lean4-pr15373-head/build/release/stage0/bin/lake
[100%] Built target lake
[100%] Built target leanchecker
[ 45%] No install step for 'stage0'
[ 50%] Completed 'stage0'
[ 66%] Built target stage0
[ 70%] Creating directories for 'stage1'
[ 75%] No download step for 'stage1'
[ 79%] No update step for 'stage1'
[ 83%] No patch step for 'stage1'
[ 87%] Performing configure step for 'stage1'
-- The CXX compiler identification is GNU 14.2.0
-- The C compiler identification is GNU 14.2.0
-- Detecting CXX compiler ABI info
-- Detecting CXX compiler ABI info - done
-- Check for working CXX compiler: /usr/bin/c++ - skipped
-- Detecting CXX compile features
-- Detecting CXX compile features - done
-- Detecting C compiler ABI info
-- Detecting C compiler ABI info - done
-- Check for working C compiler: /usr/bin/cc - skipped
-- Detecting C compile features
-- Detecting C compile features - done
-- No build type selected, default to Release
-- 64-bit machine detected
-- Found PkgConfig: /usr/bin/pkg-config (found version "1.8.1")
-- Checking for one of the modules 'libuv'
-- LIBUV_LDFLAGS: -L/workspace/shared/lean-deps/lib-luv-lpthread-ldl-lrt-lm
-- LIBUV_INCLUDE_DIRS: /workspace/shared/lean-deps/include
-- Found LibUV: TRUE (found suitable version "1.51.0", minimum required is "1.0.0")
-- Found OpenSSL: /usr/lib/x86_64-linux-gnu/libcrypto.so (found suitable version "3.5.7", minimum required is "3") found components: Crypto SSL
-- git commit sha1: ref: refs/heads/master
-- Configuring done (0.6s)
-- Generating done (0.1s)
-- Build files have been written to: /workspace/shared/lean4-pr15373-head/build/release/stage1
[ 87%] Built target stage1-configure
[ 91%] Performing build step for 'stage1'
[  0%] Building CXX object runtime/CMakeFiles/mimalloc_initial-exec.dir/mimalloc.cpp.o
[  0%] Built target lean-headers
[  0%] Built target copy-cadical
[  0%] Built target copy-leantar
[  0%] Building CXX object shell/CMakeFiles/leanmain.dir/lean.cpp.o
[  0%] Building C object shell/CMakeFiles/leanmanifest.dir/__/temp/empty.c.o
[  0%] Built target copy-cadical-lib
[  0%] Building CXX object runtime/CMakeFiles/mimalloc_local-exec.dir/mimalloc.cpp.o
[  0%] Linking C static library ../lib/lean/libleanmanifest.a
[  0%] Linking CXX static library ../lib/temp/libleanmain.a
[  0%] Built target leanmanifest
[  0%] Built target leanmain
[  0%] Building CXX object initialize/CMakeFiles/initialize.dir/init.cpp.o
[  0%] Building CXX object CMakeFiles/leanshell.dir/util/shell.cpp.o
[  0%] Built target initialize
[  0%] Building CXX object library/constructions/CMakeFiles/constructions.dir/cases_on.cpp.o
[  4%] Linking CXX static library lib/temp/libleanshell.a
[  4%] Built target leanshell
[  4%] Building CXX object util/CMakeFiles/util.dir/name.cpp.o
[  4%] Building CXX object util/CMakeFiles/util.dir/escaped.cpp.o
[  9%] Building CXX object util/CMakeFiles/util.dir/init_module.cpp.o
[ 13%] Building CXX object library/constructions/CMakeFiles/constructions.dir/init_module.cpp.o
[ 13%] Building CXX object util/CMakeFiles/util.dir/timeit.cpp.o
[ 13%] Built target mimalloc_local-exec
[ 13%] Built target mimalloc_initial-exec
[ 13%] Building CXX object kernel/CMakeFiles/kernel.dir/level.cpp.o
[ 13%] Building CXX object library/CMakeFiles/library.dir/expr_lt.cpp.o
[ 13%] Building CXX object library/constructions/CMakeFiles/constructions.dir/util.cpp.o
[ 13%] Building CXX object util/CMakeFiles/util.dir/name_generator.cpp.o
[ 13%] Building CXX object library/CMakeFiles/library.dir/constants.cpp.o
[ 13%] Built target constructions
[ 13%] Building CXX object library/CMakeFiles/library.dir/module.cpp.o
✔ [1/1969] Built Init.Grind.ToInt (108ms)
✔ [3/3457] Built Init.Grind.ToInt:c.o (126ms)
[ 18%] Building CXX object kernel/CMakeFiles/kernel.dir/expr.cpp.o
[ 18%] Building CXX object util/CMakeFiles/util.dir/kvmap.cpp.o
[ 18%] Building CXX object util/CMakeFiles/util.dir/options.cpp.o
[ 18%] Building CXX object util/CMakeFiles/util.dir/option_declarations.cpp.o
[ 18%] Building CXX object library/CMakeFiles/library.dir/dynlib.cpp.o
[ 18%] Building CXX object kernel/CMakeFiles/kernel.dir/expr_eq_fn.cpp.o
[ 22%] Building CXX object util/CMakeFiles/util.dir/ffi.cpp.o
✔ [5/7677] Built Init.Prelude (3.2s)
[ 22%] Building CXX object library/CMakeFiles/library.dir/util.cpp.o
✔ [7/7677] Built Init.MethodSpecsSimp (144ms)
✔ [9/7677] Built Lean.Runtime (143ms)
✔ [11/7677] Built Lean.Server.Test.Refs (128ms)
✔ [13/7677] Built Lake.Config.Kinds (149ms)
✔ [15/7677] Built Lake.Util.Store (188ms)
[ 22%] Built target util
✔ [17/7677] Built Init.Data.OfScientific.Basic (160ms)
✔ [19/7677] Built Lean.Runtime:c.o (162ms)
✔ [20/7677] Built Lean.Server.Test.Refs:c.o (166ms)
[ 22%] Building CXX object runtime/CMakeFiles/leanrt_initial-exec.dir/debug.cpp.o
✔ [21/7677] Built Init.MethodSpecsSimp:c.o (102ms)
✔ [22/7677] Built Lake.Config.Kinds:c.o (148ms)
✔ [23/7677] Built Init.Data.OfScientific.Basic:c.o (111ms)
✔ [24/7677] Built Init.Coe (479ms)
✔ [26/7677] Built Init.Data.Option.Coe (149ms)
✔ [28/7677] Built Lake.Util.Store:c.o (350ms)
✔ [29/7677] Built Init.Data.Cast (166ms)
✔ [31/7677] Built Init.Data.Cast:c.o (241ms)
✔ [32/7677] Built Init.Data.Option.Coe:c.o (251ms)
✔ [33/7677] Built Init.Coe:c.o (492ms)
[ 27%] Building CXX object runtime/CMakeFiles/leanrt_initial-exec.dir/thread.cpp.o
[ 27%] Building CXX object kernel/CMakeFiles/kernel.dir/for_each_fn.cpp.o
[ 31%] Building CXX object library/CMakeFiles/library.dir/print.cpp.o
[ 31%] Building CXX object runtime/CMakeFiles/leanrt_initial-exec.dir/mpz.cpp.o
[ 31%] Building CXX object library/CMakeFiles/library.dir/init_module.cpp.o
[ 31%] Building CXX object kernel/CMakeFiles/kernel.dir/replace_fn.cpp.o
✔ [34/7677] Built Init.Prelude:c.o (6.2s)
[ 31%] Building CXX object runtime/CMakeFiles/leanrt_initial-exec.dir/utf8.cpp.o
✔ [35/7677] Built Init.Notation (6.4s)
✔ [37/7677] Built Init.Grind.Annotated (142ms)
✔ [39/7677] Built Init.LetFun (93ms)
✔ [41/7677] Built Init.Internal.Order.Tactic (138ms)
✔ [43/7677] Built Lean.PrivateName (226ms)
[ 31%] Building CXX object library/CMakeFiles/library.dir/profiling.cpp.o
✔ [45/7677] Built Init.Control.Lawful.MonadLift.Basic (149ms)
✔ [47/7677] Built Lean.Elab.ConfigEval.Commands (283ms)
✔ [49/7677] Built Init.Grind.Annotated:c.o (87ms)
✔ [50/7677] Built Init.LetFun:c.o (149ms)
✔ [51/7677] Built Init.Internal.Order.Tactic:c.o (181ms)
✔ [52/7677] Built Lean.PrivateName:c.o (250ms)
✔ [53/7677] Built Lean.Elab.ConfigEval.Commands:c.o (161ms)
[ 31%] Building CXX object runtime/CMakeFiles/leanrt_initial-exec.dir/object.cpp.o
✔ [54/7677] Built Init.Control.Lawful.MonadLift.Basic:c.o (66ms)
[ 31%] Building CXX object kernel/CMakeFiles/kernel.dir/abstract.cpp.o
[ 31%] Building CXX object library/CMakeFiles/library.dir/time_task.cpp.o
[ 31%] Building CXX object kernel/CMakeFiles/kernel.dir/instantiate.cpp.o
[ 31%] Building CXX object library/CMakeFiles/library.dir/formatter.cpp.o
✔ [55/7677] Built Init.Notation:c.o (4.5s)
✔ [56/7677] Built Init.Tactics (4.2s)
✔ [58/7677] Built Init.BinderNameHint (122ms)
✔ [60/7677] Built Lake.Util.Opaque (195ms)
✔ [62/7677] Built Init.Sym.DSimp.DSimprocDSL (276ms)
✔ [64/7677] Built Init.Try (336ms)
✔ [66/7677] Built Init.Sym.Simp.SimprocDSL (298ms)
✔ [68/7677] Built Init.Data.Array.Set (145ms)
[ 31%] Building CXX object runtime/CMakeFiles/leanrt_initial-exec.dir/apply.cpp.o
✔ [70/7677] Built Init.SizeOf (636ms)
✔ [72/7677] Built Init.Data.Zero (156ms)
✔ [74/7677] Built Init.Grind.Lint (317ms)
✔ [76/7677] Built Init.BinderNameHint:c.o (212ms)
✔ [77/7677] Built Init.Grind.Attr (443ms)
✔ [79/7677] Built Init.Sym.Simp.SimprocDSL:c.o (99ms)
✔ [80/7677] Built Init.Sym.DSimp.DSimprocDSL:c.o (108ms)
✔ [81/7677] Built Lake.Util.Opaque:c.o (275ms)
✔ [82/7677] Built Init.SizeOf:c.o (215ms)
✔ [83/7677] Built Init.Try:c.o (505ms)
✔ [84/7677] Built Init.Grind.Lint:c.o (93ms)
✔ [85/7677] Built Init.Data.Zero:c.o (385ms)
✔ [86/7677] Built Init.Data.Array.Set:c.o (372ms)
✔ [87/7677] Built Init.Grind.Attr:c.o (208ms)
✔ [88/7677] Built Init.Syntax (230ms)
✔ [90/7677] Built Init.Syntax:c.o (227ms)
[ 36%] Building CXX object kernel/CMakeFiles/kernel.dir/local_ctx.cpp.o
[ 36%] Building CXX object library/CMakeFiles/library.dir/elab_environment.cpp.o
✔ [91/7677] Built Init.Grind.Interactive (1.3s)
✔ [93/7677] Built Init.Tactics:c.o (3.4s)
✔ [94/7677] Built Init.Grind.Interactive:c.o (820ms)
[ 36%] Building CXX object kernel/CMakeFiles/kernel.dir/declaration.cpp.o
[ 36%] Building CXX object runtime/CMakeFiles/leanrt_initial-exec.dir/exception.cpp.o
[ 40%] Building CXX object library/CMakeFiles/library.dir/init_attribute.cpp.o
✔ [95/7677] Built Init.Core (3.6s)
✔ [97/7677] Built Init.Data.NeZero (162ms)
✔ [99/7677] Built Init.Dynamic (237ms)
✔ [101/7677] Built Std.Do.Internal.Ensures.Def (165ms)
✔ [103/7677] Built Lean.Compiler.LCNF.Simp.Config (207ms)
✔ [105/7677] Built Lean.Meta.Tactic.Grind.Arith.Types (170ms)
✔ [107/7677] Built Init.Data.LawfulHashable (137ms)
✔ [109/7677] Built Init.Data.PLift (198ms)
✔ [111/7677] Built Init.Data.Slice.Basic (245ms)
✔ [113/7677] Built Init.Data.ULift (278ms)
✔ [115/7677] Built Init.Data.Order.Classes (334ms)
✔ [117/7677] Built Init.Grind.Tactics (460ms)
✔ [119/7677] Built Init.MetaTypes (1.0s)
✔ [121/7677] Built Init.Grind.Config (1.0s)
[ 40%] Building CXX object kernel/CMakeFiles/kernel.dir/environment.cpp.o
✔ [123/7677] Built Init.SimpLemmas (1.1s)
✔ [125/7677] Built Init.Control.MonadAttach (423ms)
✔ [127/7677] Built Init.Data.NeZero:c.o (159ms)
✔ [128/7677] Built Std.Do.Internal.Ensures.Def:c.o (100ms)
✔ [129/7677] Built Lean.Compiler.LCNF.Simp.Config:c.o (66ms)
✔ [130/7677] Built Lean.Meta.Tactic.Grind.Arith.Types:c.o (142ms)
✔ [131/7677] Built Init.Data.PLift:c.o (143ms)
✔ [132/7677] Built Init.Data.LawfulHashable:c.o (197ms)
✔ [133/7677] Built Init.Dynamic:c.o (296ms)
✔ [134/7677] Built Init.Data.Slice.Basic:c.o (116ms)
✔ [135/7677] Built Init.Data.ULift:c.o (232ms)
✔ [136/7677] Built Init.Data.Order.Classes:c.o (168ms)
[ 45%] Building CXX object runtime/CMakeFiles/leanrt_initial-exec.dir/interrupt.cpp.o
✔ [137/7677] Built Init.Grind.Config:c.o (233ms)
✔ [138/7677] Built Init.SimpLemmas:c.o (123ms)
✔ [139/7677] Built Init.Grind.Tactics:c.o (437ms)
✔ [140/7677] Built Init.Control.MonadAttach:c.o (136ms)
✔ [141/7677] Built Init.Grind.Cases (207ms)
✔ [143/7677] Built Init.Control.Basic (1.4s)
✔ [145/7677] Built Init.Data.List.Notation (261ms)
[ 45%] Building CXX object library/CMakeFiles/library.dir/llvm.cpp.o
✔ [147/7677] Built Init.MetaTypes:c.o (856ms)
✔ [148/7677] Built Std.Tactic.BVDecide.Normalize.Prop (179ms)
✔ [150/7677] Built Init.ByCases (409ms)
✔ [152/7677] Built Init.Grind.Cases:c.o (110ms)
✔ [153/7677] Built Init.Control.Id (531ms)
✔ [155/7677] Built Init.Data.List.Notation:c.o (333ms)
✔ [156/7677] Built Std.Tactic.BVDecide.Normalize.Prop:c.o (110ms)
✔ [157/7677] Built Init.Core:c.o (3.8s)
✔ [158/7677] Built Init.ByCases:c.o (455ms)
✔ [159/7677] Built Init.Control.Id:c.o (480ms)
✔ [160/7677] Built Init.Control.Basic:c.o (1.5s)
✔ [161/7677] Built Init.Data.Option.Basic (1.4s)
✔ [163/7677] Built Std.Do.SPred.SVal (1.1s)
[ 45%] Building CXX object library/CMakeFiles/library.dir/ir_interpreter.cpp.o
✔ [165/7677] Built Init.Control.Except (1.1s)
✔ [167/7677] Built Init.Data.Option.Instances (816ms)
[ 45%] Building CXX object runtime/CMakeFiles/leanrt_initial-exec.dir/memory.cpp.o
✔ [169/7677] Built Init.Control.Option (802ms)
✔ [171/7677] Built Std.Do.SPred.SVal:c.o (797ms)
✔ [172/7677] Built Lake.Util.EquipT (639ms)
✔ [174/7677] Built Init.Control.Reader (381ms)
[ 45%] Building CXX object kernel/CMakeFiles/kernel.dir/type_checker.cpp.o
✔ [176/7677] Built Init.Data.Nat.Basic (4.2s)
✔ [178/7677] Built Init.Data.Option.Basic:c.o (2.2s)
✔ [179/7677] Built Init.Control.State (678ms)
✔ [181/7677] Built Init.Data.Option.Instances:c.o (635ms)
✔ [182/7677] Built Init.Control.Reader:c.o (256ms)
✔ [183/7677] Built Init.Control.Do (412ms)
✔ [185/7677] Built Lake.Util.Task (204ms)
✔ [187/7677] Built Init.Control.Option:c.o (1.1s)
✔ [188/7677] Built Lake.Util.EquipT:c.o (1.0s)
✔ [189/7677] Built Init.Data.Nat.Basic:c.o (461ms)
✔ [190/7677] Built Init.Data.BitVec.BasicAux (300ms)
✔ [192/7677] Built Init.Control.Except:c.o (2.9s)
✔ [193/7677] Built Init.WF (839ms)
✔ [195/7677] Built Std.Http.Data.URI.Config (378ms)
✔ [197/7677] Built Lake.Util.Task:c.o (187ms)
✔ [198/7677] Built Init.Data.Int.Basic (841ms)
✔ [200/7677] Built Init.Control.Do:c.o (478ms)
✔ [201/7677] Built Init.Control.State:c.o (1.8s)
✔ [202/7677] Built Init.Data.BitVec.BasicAux:c.o (398ms)
✔ [203/7677] Built Std.Http.Data.URI.Config:c.o (204ms)
[ 45%] Building CXX object runtime/CMakeFiles/leanrt_initial-exec.dir/stackinfo.cpp.o
✔ [204/7677] Built Init.WF:c.o (476ms)
✔ [205/7677] Built Lake.Util.EStateT (802ms)
✔ [207/7677] Built Lean.Util.MonadBacktrack (485ms)
✔ [209/7677] Built Init.Data.Int.Basic:c.o (1.2s)
✔ [210/7677] Built Lean.Util.MonadBacktrack:c.o (624ms)
✔ [211/7677] Built Init.WFTactics (1.0s)
✔ [213/7677] Built Lake.Util.EStateT:c.o (1.0s)
✔ [214/7677] Built Init.WFTactics:c.o (1.1s)
✔ [215/7677] Built Init.Data.Nat.Div.Basic (1.3s)
✔ [217/7677] Built Init.Data.Nat.Div.Basic:c.o (380ms)
✔ [218/7677] Built Init.Data.Nat.Bitwise.Basic (416ms)
✔ [220/7677] Built Init.Data.Int.DivMod.Basic (620ms)
✔ [222/7677] Built Init.Data.Nat.Bitwise.Basic:c.o (364ms)
[ 45%] Building CXX object runtime/CMakeFiles/leanrt_initial-exec.dir/compact.cpp.o
✔ [223/7677] Built Init.Data.Int.Bitwise.Basic (369ms)
✔ [225/7677] Built Init.Data.List.Basic (5.3s)
✔ [227/7677] Built Init.Data.Fin.Basic (960ms)
✔ [229/7677] Built Init.Data.List.ToArrayImpl (247ms)
✔ [231/7677] Built Init.Data.Int.Bitwise.Basic:c.o (516ms)
✔ [232/7677] Built Init.Task (315ms)
[ 45%] Building CXX object kernel/CMakeFiles/kernel.dir/init_module.cpp.o
✔ [234/7677] Built Init.Data.List.ToArrayImpl:c.o (196ms)
✔ [235/7677] Built Init.Data.List.Scan.Basic (316ms)
✔ [237/7677] Built Init.Data.ByteArray.Bootstrap (324ms)
✔ [239/7677] Built Init.Data.Int.DivMod.Basic:c.o (1.1s)
[ 45%] Building CXX object library/CMakeFiles/library.dir/instantiate_mvars.cpp.o
✔ [240/7677] Built Init.Task:c.o (235ms)
✔ [241/7677] Built Init.Data.UInt.BasicAux (406ms)
✔ [243/7677] Built Init.Data.List.Scan.Basic:c.o (313ms)
✔ [244/7677] Built Init.Data.ByteArray.Bootstrap:c.o (285ms)
✔ [245/7677] Built Lake.Util.Exit (272ms)
✔ [247/7677] Built Init.Data.UInt.BasicAux:c.o (470ms)
✔ [248/7677] Built Init.Data.Char.Basic (549ms)
✔ [250/7677] Built Lake.Util.Exit:c.o (202ms)
✔ [251/7677] Built Init.Data.Fin.Basic:c.o (1.3s)
✔ [252/7677] Built Init.Data.Char.Basic:c.o (215ms)
✔ [253/7677] Built Init.Data.String.Bootstrap (330ms)
✔ [255/7677] Built Init.Data.String.Bootstrap:c.o (358ms)
✔ [256/7677] Built Init.System.Platform (286ms)
✔ [258/7677] Built Init.System.Platform:c.o (172ms)
[ 45%] Building CXX object runtime/CMakeFiles/leanrt_initial-exec.dir/init_module.cpp.o
✔ [259/7677] Built Init.Data.Format.Basic (930ms)
[ 45%] Building CXX object kernel/CMakeFiles/kernel.dir/quot.cpp.o
✔ [261/7677] Built Init.Data.Repr (658ms)
✔ [263/7677] Built Std.Http.Data.Body.Length (309ms)
✔ [265/7677] Built Init.Data.ToString.Basic (466ms)
✔ [267/7677] Built Std.Http.Data.Body.Length:c.o (332ms)
✔ [268/7677] Built Lean.Meta.Tactic.Grind.CheckResult (1000ms)
✔ [270/7677] Built Init.Data.ToString.Basic:c.o (678ms)
✔ [271/7677] Built Lake.Config.Lang (304ms)
✔ [273/7677] Built Lean.Data.LBool (262ms)
✔ [275/7677] Built Init.Data.Repr:c.o (1.8s)
✔ [276/7677] Built Init.Control.EState (402ms)
✔ [278/7677] Built Init.Util (376ms)
[ 45%] Building CXX object runtime/CMakeFiles/leanrt_initial-exec.dir/io.cpp.o
✔ [280/7677] Built Lean.Meta.Tactic.Grind.CheckResult:c.o (398ms)
✔ [281/7677] Built Lake.Config.Lang:c.o (360ms)
✔ [282/7677] Built Init.Data.List.Basic:c.o (5.7s)
✔ [283/7677] Built Init.Data.Format.Basic:c.o (3.1s)
✔ [284/7677] Built Lean.Data.LBool:c.o (327ms)
✔ [285/7677] Built Init.Data.Option.BasicAux (189ms)
✔ [287/7677] Built Init.Util:c.o (255ms)
✔ [288/7677] Built Init.Control.EState:c.o (551ms)
✔ [289/7677] Built Init.Data.Option.BasicAux:c.o (126ms)
[ 45%] Built target library
[ 45%] Building CXX object runtime/CMakeFiles/leanrt.dir/debug.cpp.o
[ 50%] Building CXX object kernel/CMakeFiles/kernel.dir/inductive.cpp.o
✔ [290/7677] Built Init.GetElem (907ms)
[ 54%] Building CXX object runtime/CMakeFiles/leanrt.dir/thread.cpp.o
✔ [292/7677] Built Init.GetElem:c.o (969ms)
[ 59%] Building CXX object runtime/CMakeFiles/leanrt_initial-exec.dir/hash.cpp.o
[ 59%] Building CXX object runtime/CMakeFiles/leanrt_initial-exec.dir/byteslice.cpp.o
[ 59%] Building CXX object runtime/CMakeFiles/leanrt.dir/mpz.cpp.o
✔ [293/7677] Built Init.Data.Array.Basic (3.0s)
✔ [295/7677] Built Lean.Meta.ArgsPacker.Basic (139ms)
✔ [297/7677] Built Init.Data.Array.InsertionSort (249ms)
✔ [299/7677] Built Lean.Meta.ArgsPacker.Basic:c.o (121ms)
[ 59%] Building CXX object runtime/CMakeFiles/leanrt_initial-exec.dir/platform.cpp.o
✔ [300/7677] Built Init.Data.Array.GetLit (416ms)
✔ [302/7677] Built Init.Data.Array.InsertionSort:c.o (214ms)
✔ [303/7677] Built Init.Data.Array.GetLit:c.o (321ms)
[ 59%] Building CXX object runtime/CMakeFiles/leanrt_initial-exec.dir/alloc.cpp.o
[ 59%] Building CXX object runtime/CMakeFiles/leanrt.dir/utf8.cpp.o
[ 59%] Building CXX object runtime/CMakeFiles/leanrt.dir/object.cpp.o
[ 59%] Building CXX object kernel/CMakeFiles/kernel.dir/trace.cpp.o
[ 59%] Building CXX object runtime/CMakeFiles/leanrt_initial-exec.dir/allocprof.cpp.o
✔ [304/7677] Built Init.Meta.Defs (3.3s)
[ 59%] Building CXX object runtime/CMakeFiles/leanrt_initial-exec.dir/sharecommon.cpp.o
✔ [306/7677] Built Init.Data.Nat.Dvd (763ms)
✔ [308/7677] Built Init.Data.Array.Basic:c.o (4.7s)
✔ [309/7677] Built Init.Data.Nat.Dvd:c.o (209ms)
✔ [310/7677] Built Init.Meta (1.7s)
[ 59%] Built target kernel
[ 63%] Linking CXX static library lib/temp/libleaninitialize.a
[ 63%] Built target leaninitialize
[ 63%] Linking CXX static library lib/temp/libleancpp_1.a
[ 63%] Built target leancpp_1
✔ [312/7677] Built Init.Data.ToString.Macro (225ms)
[ 63%] Linking CXX static library lib/lean/libleancpp.a
[ 63%] Built target leancpp
[ 63%] Building CXX object runtime/CMakeFiles/leanrt.dir/apply.cpp.o
✔ [314/7677] Built Init.Data.Format.Macro (292ms)
✔ [316/7677] Built Init.Grind.Propagator (425ms)
✔ [318/7677] Built Init.Data.ToString.Macro:c.o (487ms)
[ 68%] Building CXX object runtime/CMakeFiles/leanrt_initial-exec.dir/stack_overflow.cpp.o
✔ [319/7677] Built Init.RCases (557ms)
✔ [321/7677] Built Init.Data.Format.Macro:c.o (299ms)
✔ [322/7677] Built Init.MacroTrace (453ms)
[ 68%] Building CXX object runtime/CMakeFiles/leanrt_initial-exec.dir/process.cpp.o
✔ [324/7677] Built Init.Grind.Propagator:c.o (710ms)
✔ [325/7677] Built Init.Meta:c.o (2.4s)
✔ [326/7677] Built Init.TacticsExtra (1.0s)
✔ [328/7677] Built Init.RCases:c.o (236ms)
✔ [329/7677] Built Init.MacroTrace:c.o (279ms)
✔ [330/7677] Built Init.Conv (2.9s)
[ 68%] Building CXX object runtime/CMakeFiles/leanrt.dir/exception.cpp.o
✔ [332/7677] Built Init.Guard (527ms)
[ 68%] Building CXX object runtime/CMakeFiles/leanrt_initial-exec.dir/object_ref.cpp.o
✔ [334/7677] Built Init.Ext (906ms)
✔ [336/7677] Built Init.Guard:c.o (109ms)
✔ [337/7677] Built Init.Ext:c.o (237ms)
✔ [338/7677] Built Init.TacticsExtra:c.o (1.5s)
✔ [339/7677] Built Init.Grind.Ext (195ms)
✔ [341/7677] Built Init.Data.Subtype.Basic (133ms)
✔ [343/7677] Built Init.Conv:c.o (1.2s)
✔ [344/7677] Built Init.Grind.Ext:c.o (68ms)
✔ [345/7677] Built Init.Data.Subtype.Basic:c.o (72ms)
✔ [346/7677] Built Init.Control.Lawful.Basic (1.0s)
[ 68%] Building CXX object runtime/CMakeFiles/leanrt_initial-exec.dir/mpn.cpp.o
✔ [348/7677] Built Init.Control.Lawful.Basic:c.o (233ms)
✔ [349/7677] Built Init.Control.ExceptCps (480ms)
✔ [351/7677] Built Init.Control.Lawful.MonadLift.Lemmas (349ms)
✔ [353/7677] Built Init.Control.StateCps (581ms)
✔ [355/7677] Built Init.Control.Lawful.MonadLift.Lemmas:c.o (187ms)
✔ [356/7677] Built Init.Control.ExceptCps:c.o (311ms)
✔ [357/7677] Built Init.Control.StateCps:c.o (383ms)
✔ [358/7677] Built Init.Meta.Defs:c.o (7.8s)
[ 72%] Building CXX object runtime/CMakeFiles/leanrt.dir/interrupt.cpp.o
[ 72%] Building CXX object runtime/CMakeFiles/leanrt.dir/memory.cpp.o
[ 72%] Building CXX object runtime/CMakeFiles/leanrt_initial-exec.dir/mutex.cpp.o
✔ [359/7677] Built Init.NotationExtra (4.3s)
✔ [361/7677] Built Init.Data.Nat.Log2 (389ms)
✔ [363/7677] Built Init.Hints (314ms)
[ 72%] Building CXX object runtime/CMakeFiles/leanrt.dir/stackinfo.cpp.o
✔ [365/7677] Built Init.WFComputable (470ms)
✔ [367/7677] Built Init.Hints:c.o (183ms)
[ 72%] Building CXX object runtime/CMakeFiles/leanrt.dir/compact.cpp.o
[ 72%] Building CXX object runtime/CMakeFiles/leanrt_initial-exec.dir/libuv.cpp.o
✔ [368/7677] Built Std.Do.SPred.SPred (1.2s)
✔ [370/7677] Built Init.BinderPredicates (1.3s)
✔ [372/7677] Built Std.Internal.Parsec.Basic (822ms)
✔ [374/7677] Built Init.Data.Prod (492ms)
✔ [376/7677] Built Std.Data.DHashMap.Internal.AssocList.Basic (1.2s)
✔ [378/7677] Built Init.Data.Nat.Log2:c.o (196ms)
✔ [379/7677] Built Init.WFComputable:c.o (231ms)
✔ [380/7677] Built Init.Data.Nat.Gcd (1.3s)
✔ [382/7677] Built Std.Do.SPred.SPred:c.o (551ms)
[ 72%] Building CXX object runtime/CMakeFiles/leanrt.dir/init_module.cpp.o
✔ [383/7677] Built Init.Data.Bool (2.2s)
✔ [385/7677] Built Init.Data.Prod:c.o (178ms)
✔ [386/7677] Built Init.BinderPredicates:c.o (1.3s)
[ 77%] Building CXX object runtime/CMakeFiles/leanrt_initial-exec.dir/uv/net_addr.cpp.o
✔ [387/7677] Built Init.Data.Nat.Sqrt.Basic (331ms)
✔ [389/7677] Built Init.PropLemmas (2.5s)
✔ [391/7677] Built Init.Data.Fin.Log2 (216ms)
✔ [393/7677] Built Init.Data.Float.Model.Format.Basic (342ms)
✔ [395/7677] Built Std.Tactic.Do.ProofMode (263ms)
[ 77%] Building CXX object runtime/CMakeFiles/leanrt_initial-exec.dir/uv/event_loop.cpp.o
✔ [397/7677] Built Init.Data.Nat.Gcd:c.o (230ms)
✔ [398/7677] Built Std.Data.DHashMap.Internal.AssocList.Basic:c.o (1.5s)
[ 77%] Building CXX object runtime/CMakeFiles/leanrt.dir/io.cpp.o
✔ [399/7677] Built Std.Internal.Parsec.Basic:c.o (2.5s)
✔ [400/7677] Built Init.NotationExtra:c.o (5.0s)
✔ [401/7677] Built Init.Data.Bool:c.o (220ms)
✔ [402/7677] Built Std.Data.Internal.List.Defs (300ms)
✔ [404/7677] Built Init.Data.Nat.Sqrt.Basic:c.o (194ms)
✔ [405/7677] Built Init.Data.Fin.Log2:c.o (65ms)
✔ [406/7677] Built Std.Do.SPred.Notation.Basic (1.1s)
✔ [408/7677] Built Init.PropLemmas:c.o (178ms)
✔ [409/7677] Built Std.Tactic.Do.ProofMode:c.o (94ms)
[ 77%] Building CXX object runtime/CMakeFiles/leanrt_initial-exec.dir/uv/timer.cpp.o
✔ [410/7677] Built Std.Data.DHashMap.RawDef (465ms)
✔ [412/7677] Built Init.Data.Float.Model.Format.Basic:c.o (304ms)
✔ [413/7677] Built Init.Data.BEq (367ms)
✔ [415/7677] Built Init.Data.Nat.Coprime (432ms)
✔ [417/7677] Built Init.Data.RArray (399ms)
✔ [419/7677] Built Init.Data.Fin.Iterate (423ms)
✔ [421/7677] Built Init.Data.Nat.MinMax (484ms)
✔ [423/7677] Built Init.Data.Iterators.PostconditionMonad (1.1s)
[ 77%] Building CXX object runtime/CMakeFiles/leanrt_initial-exec.dir/uv/tcp.cpp.o
✔ [425/7677] Built Init.Omega.Logic (405ms)
✔ [427/7677] Built Init.Data.AC (1.4s)
[ 77%] Building CXX object runtime/CMakeFiles/leanrt_initial-exec.dir/uv/udp.cpp.o
✔ [429/7677] Built Init.Classical (562ms)
✔ [431/7677] Built Init.Data.UInt.Log2 (188ms)
✔ [433/7677] Built Std.Data.Internal.List.Defs:c.o (447ms)
✔ [434/7677] Built Init.Data.BEq:c.o (155ms)
✔ [435/7677] Built Init.Data.Iterators.Basic (2.3s)
✔ [437/7677] Built Init.Data.Int.Lemmas (1.8s)
✔ [439/7677] Built Init.Data.Nat.Coprime:c.o (177ms)
✔ [440/7677] Built Std.Data.DHashMap.RawDef:c.o (508ms)
✔ [441/7677] Built Init.Data.Nat.MinMax:c.o (167ms)
✔ [442/7677] Built Init.Data.Fin.Iterate:c.o (221ms)
✔ [443/7677] Built Init.Omega.Logic:c.o (134ms)
✔ [444/7677] Built Init.Data.RArray:c.o (514ms)
✔ [445/7677] Built Init.Data.Iterators.PostconditionMonad:c.o (472ms)
✔ [446/7677] Built Init.Classical:c.o (157ms)
✔ [447/7677] Built Init.Data.UInt.Log2:c.o (215ms)
[ 81%] Building CXX object runtime/CMakeFiles/leanrt.dir/hash.cpp.o
✔ [448/7677] Built Init.Data.Int.Lemmas:c.o (140ms)
[ 81%] Building CXX object runtime/CMakeFiles/leanrt_initial-exec.dir/uv/dns.cpp.o
✔ [449/7677] Built Std.Do.SPred.Notation.Basic:c.o (1.6s)
✔ [450/7677] Built Init.Data.AC:c.o (1.6s)
✔ [451/7677] Built Init.Data.Iterators.Basic:c.o (1.6s)
[ 81%] Building CXX object runtime/CMakeFiles/leanrt.dir/byteslice.cpp.o
[ 81%] Building CXX object runtime/CMakeFiles/leanrt.dir/platform.cpp.o
[ 86%] Building CXX object runtime/CMakeFiles/leanrt_initial-exec.dir/uv/system.cpp.o
✔ [452/7677] Built Init.Data.Function (477ms)
✔ [454/7677] Built Init.Data.Ord.Basic (1.7s)
[ 86%] Building CXX object runtime/CMakeFiles/leanrt_initial-exec.dir/uv/signal.cpp.o
✔ [456/7677] Built Init.Control.Lawful.Lemmas (404ms)
✔ [458/7677] Built Init.LawfulBEqTactics (1.3s)
✔ [460/7677] Built Init.System.ST (801ms)
✔ [462/7677] Built Init.Control.Lawful.MonadAttach.Lemmas (646ms)
✔ [464/7677] Built Init.Grind.Util (783ms)
[ 86%] Building CXX object runtime/CMakeFiles/leanrt_initial-exec.dir/openssl.cpp.o
✔ [466/7677] Built Init.Data.Order.Factories (747ms)
✔ [468/7677] Built Init.While (468ms)
[ 86%] Building CXX object runtime/CMakeFiles/leanrt_initial-exec.dir/cadical.cpp.o
✔ [470/7677] Built Init.Data.Iterators.ToIterator (287ms)
✔ [472/7677] Built Init.Data.Erased (338ms)
[ 86%] Building CXX object runtime/CMakeFiles/leanrt.dir/alloc.cpp.o
✔ [474/7677] Built Init.Data.Iterators.Consumers.Monadic.Access (422ms)
✔ [476/7677] Built Init.Data.Iterators.Lemmas.Basic (529ms)
[ 86%] Building CXX object runtime/CMakeFiles/leanrt.dir/allocprof.cpp.o
✔ [478/7677] Built Init.Data.Iterators.Lemmas.Monadic.Basic (458ms)
✔ [480/7677] Built Init.Data.Iterators.Consumers.Total (594ms)
[ 86%] Linking CXX static library libleanrt_initial-exec.a
[ 86%] Built target leanrt_initial-exec
[ 86%] Building CXX object runtime/CMakeFiles/leanrt.dir/sharecommon.cpp.o
✔ [482/7677] Built Init.WFExtrinsicFix (2.0s)
✔ [484/7677] Built Init.Data.Iterators.Consumers.Partial (334ms)
✔ [486/7677] Built Init.Data.Iterators.Consumers.Monadic.Partial (198ms)
✔ [488/7677] Built Init.Data.Function:c.o (89ms)
✔ [489/7677] Built Init.Data.Iterators.Consumers.Monadic.Total (346ms)
✔ [491/7677] Built Init.Control.Lawful.Lemmas:c.o (64ms)
✔ [492/7677] Built Init.Data.Option.Lemmas (5.9s)
[ 90%] Building CXX object runtime/CMakeFiles/leanrt.dir/stack_overflow.cpp.o
✔ [494/7677] Built Init.Grind.Module.Basic (809ms)
✔ [496/7677] Built Init.Control.Lawful.MonadAttach.Lemmas:c.o (171ms)
✔ [497/7677] Built Init.LawfulBEqTactics:c.o (791ms)
✔ [498/7677] Built Init.System.ST:c.o (933ms)
[ 90%] Building CXX object runtime/CMakeFiles/leanrt.dir/process.cpp.o
✔ [499/7677] Built Init.Data.Ord.Basic:c.o (1.3s)
✔ [500/7677] Built Init.Data.Order.Factories:c.o (553ms)
✔ [501/7677] Built Init.Data.Iterators.ToIterator:c.o (58ms)
[ 90%] Building CXX object runtime/CMakeFiles/leanrt.dir/object_ref.cpp.o
✔ [502/7677] Built Init.Grind.Util:c.o (713ms)
✔ [503/7677] Built Init.Data.Erased:c.o (71ms)
✔ [504/7677] Built Init.Data.Iterators.Lemmas.Monadic.Basic:c.o (174ms)
✔ [505/7677] Built Init.Data.Iterators.Lemmas.Basic:c.o (115ms)
✔ [506/7677] Built Init.While:c.o (284ms)
✔ [507/7677] Built Init.Data.Iterators.Consumers.Monadic.Partial:c.o (84ms)
✔ [508/7677] Built Init.WFExtrinsicFix:c.o (110ms)
✔ [509/7677] Built Init.Data.Iterators.Consumers.Partial:c.o (105ms)
✔ [510/7677] Built Init.Data.Iterators.Consumers.Total:c.o (186ms)
✔ [511/7677] Built Init.Data.Iterators.Consumers.Monadic.Access:c.o (308ms)
[ 90%] Building CXX object runtime/CMakeFiles/leanrt.dir/mpn.cpp.o
✔ [512/7677] Built Init.Data.Option.Function (185ms)
✔ [514/7677] Built Init.Data.Order.ClassesExtra (389ms)
✔ [516/7677] Built Init.Data.Iterators.Consumers.Monadic.Total:c.o (153ms)
✔ [517/7677] Built Init.Data.Subtype.OrderExtra (338ms)
✔ [519/7677] Built Init.Grind.Injective (444ms)
✔ [521/7677] Built Init.Control.StateRef (635ms)
[ 90%] Building CXX object runtime/CMakeFiles/leanrt.dir/mutex.cpp.o
✔ [523/7677] Built Init.Data.Sum.Basic (984ms)
[ 90%] Building CXX object runtime/CMakeFiles/leanrt.dir/libuv.cpp.o
✔ [525/7677] Built Init.Grind.Module.Basic:c.o (260ms)
[ 95%] Building CXX object runtime/CMakeFiles/leanrt.dir/uv/net_addr.cpp.o
✔ [526/7677] Built Init.Data.Option.Lemmas:c.o (1.4s)
✔ [527/7677] Built Std.Do.Internal.Ensures.Lemmas (919ms)
✔ [529/7677] Built Init.Data.Nat.Order (353ms)
✔ [531/7677] Built Std.Data.Iterators.Lemmas.Monadic (408ms)
✔ [533/7677] Built Std.Do.SPred.Notation (11s)
✔ [535/7677] Built Init.Data.Option.Function:c.o (392ms)
✔ [536/7677] Built Init.Data.Iterators.Consumers.Monadic.Collect (590ms)
[ 95%] Building CXX object runtime/CMakeFiles/leanrt.dir/uv/event_loop.cpp.o
✔ [538/7677] Built Init.Data.Subtype.OrderExtra:c.o (267ms)
✔ [539/7677] Built Init.Grind.AC (4.3s)
✔ [541/7677] Built Init.Data.Order.ClassesExtra:c.o (244ms)
✔ [542/7677] Built Init.Grind.Injective:c.o (214ms)
✔ [543/7677] Built Init.Data.Iterators.Consumers.Access (1.8s)
[ 95%] Building CXX object runtime/CMakeFiles/leanrt.dir/uv/timer.cpp.o
✔ [545/7677] Built Init.Data.Order.Lemmas (2.6s)
✔ [547/7677] Built Std.Do.Internal.Ensures.Lemmas:c.o (196ms)
✔ [548/7677] Built Init.Data.Nat.Order:c.o (200ms)
✔ [549/7677] Built Std.Data.Iterators.Lemmas.Monadic:c.o (201ms)
[ 95%] Building CXX object runtime/CMakeFiles/leanrt.dir/uv/tcp.cpp.o
✔ [550/7677] Built Init.Control.StateRef:c.o (915ms)
✔ [551/7677] Built Init.Data.Sum.Basic:c.o (865ms)
✔ [552/7677] Built Init.Data.Range.Polymorphic.UpwardEnumerable (1.1s)
✔ [554/7677] Built Init.Data.Iterators.Consumers.Monadic.Collect:c.o (539ms)
✔ [555/7677] Built Init.Data.Nat.Compare (425ms)
✔ [557/7677] Built Init.Control.Lawful.MonadAttach.Instances (1.1s)
[ 95%] Building CXX object runtime/CMakeFiles/leanrt.dir/uv/udp.cpp.o
[ 95%] Building CXX object runtime/CMakeFiles/leanrt.dir/uv/dns.cpp.o
[100%] Building CXX object runtime/CMakeFiles/leanrt.dir/uv/system.cpp.o
✔ [559/7677] Built Init.Grind.AC:c.o (2.6s)
✔ [560/7677] Built Init.Control.Lawful.Instances (2.6s)
✔ [562/7677] Built Init.Data.Sum.Lemmas (1.4s)
✔ [564/7677] Built Init.Data.Order.Lemmas:c.o (191ms)
✔ [565/7677] Built Std.Do.Internal.Ensures (359ms)
✔ [567/7677] Built Init.Data.Iterators.Consumers.Access:c.o (766ms)
[100%] Building CXX object runtime/CMakeFiles/leanrt.dir/uv/signal.cpp.o
✔ [568/7677] Built Init.Data.Range.Polymorphic.UpwardEnumerable:c.o (199ms)
✔ [569/7677] Built Init.Data.Iterators.Consumers.Collect (415ms)
✔ [571/7677] Built Init.Data.Nat.Compare:c.o (189ms)
[100%] Building CXX object runtime/CMakeFiles/leanrt.dir/openssl.cpp.o
✔ [572/7677] Built Init.Data.Iterators.Lemmas.Consumers.Access (261ms)
✔ [574/7677] Built Std.Do.SPred.Laws (1.1s)
✔ [576/7677] Built Init.Data.Sum.Lemmas:c.o (167ms)
✔ [577/7677] Built Init.Control.Lawful.MonadAttach.Instances:c.o (750ms)
✔ [578/7677] Built Init.Data.Fin.MinMax (332ms)
[100%] Building CXX object runtime/CMakeFiles/leanrt.dir/cadical.cpp.o
✔ [580/7677] Built Init.Data.Nat.Internal.Linear (10s)
✔ [582/7677] Built Init.Grind.Ordered.Order (459ms)
✔ [584/7677] Built Init.Data.Subtype.Order (506ms)
✔ [586/7677] Built Std.Do.Internal.Ensures:c.o (240ms)
✔ [587/7677] Built Init.Data.Iterators.Consumers.Collect:c.o (388ms)
✔ [588/7677] Built Init.Control.Lawful.Instances:c.o (843ms)
✔ [589/7677] Built Init.Control.Lawful.MonadAttach (393ms)
[100%] Linking CXX static library ../lib/lean/libleanrt.a
[100%] Built target leanrt
✔ [591/7677] Built Init.Data.Sum (202ms)
✔ [593/7677] Built Init.Data.Iterators.Lemmas.Consumers.Access:c.o (585ms)
✔ [594/7677] Built Std.Do.SPred.Laws:c.o (158ms)
✔ [595/7677] Built Init.Data.Fin.MinMax:c.o (199ms)
✔ [596/7677] Built Init.Control.Lawful.MonadLift.Instances (594ms)
✔ [598/7677] Built Init.Grind.Ordered.Order:c.o (108ms)
✔ [599/7677] Built Std.Do.Internal (192ms)
✔ [601/7677] Built Init.Data.Subtype.Order:c.o (98ms)
✔ [602/7677] Built Init.Control.Lawful.MonadAttach:c.o (77ms)
✔ [603/7677] Built Init.Data.Int.Order (2.9s)
✔ [605/7677] Built Init.Data.Nat.Internal.Linear:c.o (1.3s)
✔ [606/7677] Built Init.Data.Sum:c.o (110ms)
✔ [607/7677] Built Init.Data.Range.Polymorphic.PRange (2.6s)
✔ [609/7677] Built Init.Data.Array.BasicAux (566ms)
✔ [611/7677] Built Init.Data.List.BasicAux (845ms)
✔ [613/7677] Built Init.SizeOfLemmas (297ms)
✔ [615/7677] Built Init.Data.Nat.Power2.Basic (280ms)
✔ [617/7677] Built Std.Do.Internal:c.o (115ms)
✔ [618/7677] Built Init.Control.Lawful.MonadLift.Instances:c.o (332ms)
✔ [619/7677] Built Init.Data.Subtype (209ms)
✔ [621/7677] Built Std.Do.SPred.Notation:c.o (9.5s)
✔ [622/7677] Built Lean.Data.RBMap (1.7s)
✔ [624/7677] Built Init.Data.Int.Order:c.o (664ms)
✔ [625/7677] Built Init.Data.Array.BasicAux:c.o (386ms)
✔ [626/7677] Built Init.SizeOfLemmas:c.o (97ms)
✔ [627/7677] Built Init.Data.Nat.Power2.Basic:c.o (100ms)
✔ [628/7677] Built Init.Control.Lawful.MonadLift (165ms)
✔ [630/7677] Built Init.Data.List.BasicAux:c.o (504ms)
✔ [631/7677] Built Init.Data.Range.Polymorphic.PRange:c.o (891ms)
✔ [632/7677] Built Init.Data.Subtype:c.o (83ms)
✔ [633/7677] Built Init.Omega.Int (551ms)
✔ [635/7677] Built Std.Do.SPred.DerivedLaws (2.9s)
✔ [637/7677] Built Init.Data.Range.Polymorphic.Basic (901ms)
✔ [639/7677] Built Init.Data.Slice.Notation (959ms)
✔ [641/7677] Built Init.Data.Int.DivMod.Bootstrap (1.2s)
✔ [643/7677] Built Init.Control.Lawful.MonadLift:c.o (175ms)
✔ [644/7677] Built Init.Omega.Int:c.o (191ms)
✔ [645/7677] Built Std.Do.SPred.DerivedLaws:c.o (85ms)
✔ [646/7677] Built Init.Data.Array.Mem (511ms)
✔ [648/7677] Built Lean.Data.RBTree (354ms)
✔ [650/7677] Built Init.Control.Lawful (157ms)
✔ [652/7677] Built Init.Data.Range.Polymorphic.Basic:c.o (321ms)
✔ [653/7677] Built Init.Data.Slice.Notation:c.o (432ms)
✔ [654/7677] Built Init.Data.Iterators.Internal.LawfulMonadLiftFunction (369ms)
✔ [656/7677] Built Std.Do.SPred (154ms)
✔ [658/7677] Built Init.Data.Int.DivMod.Bootstrap:c.o (353ms)
✔ [659/7677] Built Init.Data.Slice.List.Basic (413ms)
✔ [661/7677] Built Init.Data.Range.Polymorphic.Map (486ms)
✔ [663/7677] Built Init.Control.Lawful:c.o (72ms)
✔ [664/7677] Built Init.Data.Array.Mem:c.o (238ms)
✔ [665/7677] Built Init.Data.Iterators.Internal.LawfulMonadLiftFunction:c.o (303ms)
✔ [666/7677] Built Std.Do.SPred:c.o (141ms)
✔ [667/7677] Built Init.Data.Nat.Internal.SOM (2.8s)
✔ [669/7677] Built Init.Data.Range.Polymorphic.Map:c.o (158ms)
✔ [670/7677] Built Init.Control (129ms)
✔ [672/7677] Built Init.Data.Slice.List.Basic:c.o (527ms)
✔ [673/7677] Built Lean.Data.RBTree:c.o (1.5s)
✔ [674/7677] Built Init.Omega.IntList (1.2s)
✔ [676/7677] Built Init.Data.Option.Monadic (846ms)
✔ [678/7677] Built Init.Data.List.Control (828ms)
✔ [680/7677] Built Init.Data.Iterators.Internal (209ms)
✔ [682/7677] Built Lean.Data.RBMap:c.o (4.3s)
✔ [683/7677] Built Init.Control:c.o (73ms)
✔ [684/7677] Built Std.Data.Iterators.Lemmas.Equivalence.HetT (1.4s)
✔ [686/7677] Built Init.Data.Option.Monadic:c.o (112ms)
✔ [687/7677] Built Init.Data.Iterators.Consumers.Monadic.Loop (1.6s)
✔ [689/7677] Built Init.Data.Nat.Internal.SOM:c.o (785ms)
✔ [690/7677] Built Init.Data.Iterators.Internal:c.o (87ms)
✔ [691/7677] Built Init.Data.Nat.Internal (105ms)
✔ [693/7677] Built Std.Data.Iterators.Lemmas.Equivalence.HetT:c.o (77ms)
✔ [694/7677] Built Init.Omega.Coeffs (217ms)
✔ [696/7677] Built Init.Omega.IntList:c.o (1.1s)
✔ [697/7677] Built Init.Data.Queue (240ms)
✔ [699/7677] Built Init.Data.Nat.Internal:c.o (146ms)
✔ [700/7677] Built Init.Data.List.Control:c.o (847ms)
✔ [701/7677] Built Init.Omega.Coeffs:c.o (267ms)
✔ [702/7677] Built Init.Data.Queue:c.o (278ms)
✔ [703/7677] Built Init.Data.Iterators.Consumers.Monadic (202ms)
✔ [705/7677] Built Std.Data.Iterators.Combinators.Monadic.StepSize (419ms)
✔ [707/7677] Built Std.Do.PostCond (2.3s)
✔ [709/7677] Built Init.Data.Iterators.Combinators.Monadic.FilterMap (774ms)
✔ [711/7677] Built Init.Data.Iterators.Combinators.Monadic.Attach (586ms)
✔ [713/7677] Built Init.Data.Iterators.Consumers.Loop (801ms)
✔ [715/7677] Built Init.Data.Iterators.Consumers.Monadic.Loop:c.o (1.9s)
✔ [716/7677] Built Init.Data.Iterators.Consumers.Monadic:c.o (139ms)
✔ [717/7677] Built Init.Omega.LinearCombo (905ms)
✔ [719/7677] Built Std.Data.Iterators.Combinators.Monadic.StepSize:c.o (612ms)
✔ [720/7677] Built Init.Omega.Constraint (1.2s)
✔ [722/7677] Built Init.Data.Iterators.Combinators.Monadic.Attach:c.o (310ms)
✔ [723/7677] Built Std.Data.Iterators.Producers.Repeat (276ms)
✔ [725/7677] Built Init.Data.Iterators.Combinators.Monadic.FilterMap:c.o (703ms)
✔ [726/7677] Built Init.Data.Iterators.Combinators.Monadic.ULift (546ms)
✔ [728/7677] Built Std.Data.Iterators.Combinators.StepSize (295ms)
✔ [730/7677] Built Std.Do.PostCond:c.o (1.8s)
✔ [731/7677] Built Init.Data.Iterators.Consumers.Loop:c.o (946ms)
✔ [732/7677] Built Init.Data.Iterators.Combinators.FilterMap (217ms)
✔ [734/7677] Built Init.Data.Iterators.Combinators.Attach (174ms)
✔ [736/7677] Built Init.Data.Iterators.Combinators.Monadic.FlatMap (699ms)
✔ [738/7677] Built Std.Do.PredTrans (1.1s)
✔ [740/7677] Built Init.Omega.LinearCombo:c.o (1.1s)
✔ [741/7677] Built Std.Data.Iterators.Producers.Repeat:c.o (329ms)
✔ [742/7677] Built Init.Data.Slice.Operations (335ms)
✔ [744/7677] Built Std.Data.Iterators.Combinators.Monadic.Drop (346ms)
✔ [746/7677] Built Std.Data.Iterators.Producers.Monadic.Empty (249ms)
✔ [748/7677] Built Std.Data.Iterators.Combinators.StepSize:c.o (101ms)
✔ [749/7677] Built Std.Data.Iterators.Combinators.Monadic.Zip (922ms)
✔ [751/7677] Built Init.Data.Iterators.Combinators.Monadic.ULift:c.o (387ms)
✔ [752/7677] Built Init.Data.Iterators.Combinators.FilterMap:c.o (356ms)
✔ [753/7677] Built Init.Data.Iterators.Combinators.Attach:c.o (196ms)
✔ [754/7677] Built Init.Omega (129ms)
✔ [756/7677] Built Init.Omega.Constraint:c.o (1.5s)
✔ [757/7677] Built Std.Do.PredTrans:c.o (418ms)
✔ [758/7677] Built Init.Data.Slice.Operations:c.o (431ms)
✔ [759/7677] Built Init.Data.Iterators.Combinators.Monadic.FlatMap:c.o (579ms)
✔ [760/7677] Built Init.Data.Iterators.Combinators.ULift (234ms)
✔ [762/7677] Built Std.Data.Iterators.Combinators.Monadic.Drop:c.o (414ms)
✔ [763/7677] Built Std.Data.Iterators.Producers.Monadic.Empty:c.o (268ms)
✔ [764/7677] Built Init.Data.String.Iter.Basic (360ms)
✔ [766/7677] Built Init.Data.Iterators.Combinators.FlatMap (298ms)
✔ [768/7677] Built Std.Data.Iterators.Combinators.Monadic.Zip:c.o (455ms)
✔ [769/7677] Built Init.Omega:c.o (204ms)
✔ [770/7677] Built Std.Data.Iterators.Producers.Slice (169ms)
✔ [772/7677] Built Std.Data.Iterators.Combinators.Drop (139ms)
✔ [774/7677] Built Std.Data.Iterators.Producers.Empty (129ms)
✔ [776/7677] Built Init.Data.Iterators.Combinators.ULift:c.o (104ms)
✔ [777/7677] Built Std.Data.Iterators.Combinators.Zip (192ms)
✔ [779/7677] Built Std.Do.WP.Basic (648ms)
✔ [781/7677] Built Init.Data.String.Iter.Basic:c.o (116ms)
✔ [782/7677] Built Init.Data.Array.Subarray (646ms)
✔ [784/7677] Built Init.Data.List.Lemmas (7.8s)
✔ [786/7677] Built Init.Data.Int.Compare (404ms)
✔ [788/7677] Built Init.Data.Iterators.Combinators.Monadic.Take (601ms)
✔ [790/7677] Built Init.Data.Iterators.Combinators.Monadic.Append (671ms)
✔ [792/7677] Built Init.Data.Nat.Mod (332ms)
✔ [794/7677] Built Init.Data.Ord.Array (1.1s)
✔ [796/7677] Built Init.Data.Nat.Control (595ms)
✔ [798/7677] Built Init.Grind.Offset (726ms)
✔ [800/7677] Built Init.Data.Iterators.Combinators.FlatMap:c.o (238ms)
✔ [801/7677] Built Std.Data.Iterators.Producers.Empty:c.o (95ms)
✔ [802/7677] Built Std.Data.Iterators.Producers.Slice:c.o (99ms)
✔ [803/7677] Built Std.Data.Iterators.Combinators.Drop:c.o (132ms)
✔ [804/7677] Built Std.Data.Iterators.Combinators.Zip:c.o (124ms)
✔ [805/7677] Built Init.Data.Range.Basic (1.2s)
✔ [807/7677] Built Init.Data.Int.Compare:c.o (80ms)
✔ [808/7677] Built Init.Data.Array.BinSearch (1.5s)
✔ [810/7677] Built Std.Do.WP.Basic:c.o (437ms)
✔ [811/7677] Built Init.Data.Nat.Mod:c.o (63ms)
✔ [812/7677] Built Init.Data.Iterators.Combinators.Monadic.Take:c.o (313ms)
✔ [813/7677] Built Init.Data.Ord.Array:c.o (228ms)
✔ [814/7677] Built Init.Grind.Offset:c.o (113ms)
✔ [815/7677] Built Init.Data.Iterators.Combinators.Monadic.Append:c.o (374ms)
✔ [816/7677] Built Init.Data.Array.Subarray.Split (281ms)
✔ [818/7677] Built Init.Data.List.Lemmas:c.o (1.0s)
✔ [819/7677] Built Init.Data.Nat.Control:c.o (616ms)
✔ [820/7677] Built Init.Data.Option.List (297ms)
✔ [822/7677] Built Init.Data.Iterators.Combinators.Take (166ms)
✔ [824/7677] Built Std.Do.WP.Monad (926ms)
✔ [826/7677] Built Init.Data.Array.Subarray:c.o (1.8s)
✔ [827/7677] Built Init.Data.Iterators.Combinators.Monadic (262ms)
✔ [829/7677] Built Init.Data.Iterators.Combinators.Append (235ms)
✔ [831/7677] Built Init.Data.Array.Subarray.Split:c.o (275ms)
✔ [832/7677] Built Init.Data.List.TakeDrop (1.1s)
✔ [834/7677] Built Init.Data.Option.List:c.o (87ms)
✔ [835/7677] Built Init.Data.Range.Basic:c.o (964ms)
✔ [836/7677] Built Init.Data.Iterators.Combinators.Take:c.o (128ms)
✔ [837/7677] Built Init.Data.Iterators.Combinators.Monadic:c.o (90ms)
✔ [838/7677] Built Init.Data.Iterators.Combinators.Append:c.o (95ms)
✔ [839/7677] Built Init.Data.Array.BinSearch:c.o (944ms)
✔ [840/7677] Built Std.Do.WP.Monad:c.o (356ms)
✔ [841/7677] Built Init.Data.List.TakeDrop:c.o (479ms)
✔ [842/7677] Built Init.Data.Iterators.Combinators (209ms)
✔ [844/7677] Built Std.Do.WP.Sound (1.9s)
✔ [846/7677] Built Init.Data.Array.Bootstrap (1.2s)
✔ [848/7677] Built Init.Data.List.Zip (2.7s)
✔ [850/7677] Built Init.Data.Iterators.Combinators:c.o (214ms)
✔ [851/7677] Built Init.Data.Array.Bootstrap:c.o (264ms)
✔ [852/7677] Built Std.Do.WP.Sound:c.o (622ms)
✔ [853/7677] Built Init.Data.List.Zip:c.o (377ms)
✔ [854/7677] Built Std.Do.WP.SimpLemmas (3.0s)
✔ [856/7677] Built Init.Data.List.Sublist (3.9s)
✔ [858/7677] Built Init.Data.List.SplitOn.Basic (468ms)
✔ [860/7677] Built Std.Do.WP (196ms)
✔ [862/7677] Built Std.Do.WP.SimpLemmas:c.o (559ms)
✔ [863/7677] Built Init.Data.List.Sublist:c.o (600ms)
✔ [864/7677] Built Init.Data.List.SplitOn.Basic:c.o (442ms)
✔ [865/7677] Built Std.Do.WP:c.o (103ms)
✔ [866/7677] Built Init.Data.List.Impl (1.8s)
✔ [868/7677] Built Init.Data.List.Range (1.1s)
✔ [870/7677] Built Init.Data.List.Count (1.1s)
✔ [872/7677] Built Std.Do.Triple.Basic (877ms)
✔ [874/7677] Built Init.Data.List.ControlImpl (299ms)
✔ [876/7677] Built Init.Data.List.Range:c.o (183ms)
✔ [877/7677] Built Lean.Data.AssocList (362ms)
✔ [879/7677] Built Init.Data.List.Count:c.o (141ms)
✔ [880/7677] Built Init.Data.List.ControlImpl:c.o (220ms)
✔ [881/7677] Built Std.Do.Triple.Basic:c.o (323ms)
✔ [882/7677] Built Init.Data.Nat.Lemmas (7.2s)
✔ [884/7677] Built Lean.Data.AssocList:c.o (795ms)
✔ [885/7677] Built Init.Data.List.Nat.Prod (385ms)
✔ [887/7677] Built Init.Data.List.Nat.Count (1.2s)
✔ [889/7677] Built Init.Data.List.Impl:c.o (2.2s)
✔ [890/7677] Built Init.Data.List.Nat.Prod:c.o (258ms)
✔ [891/7677] Built Init.Data.List.Scan.Lemmas (1.4s)
✔ [893/7677] Built Init.Data.Nat.Lemmas:c.o (494ms)
✔ [894/7677] Built Init.Data.Nat.Power2.Lemmas (342ms)
✔ [896/7677] Built Init.Data.List.Attach (2.0s)
✔ [898/7677] Built Init.Data.Range.Polymorphic.Instances (681ms)
✔ [900/7677] Built Init.Data.Nat.Simproc (358ms)
✔ [902/7677] Built Init.Grind.Ordered.Module (637ms)
✔ [904/7677] Built Init.Data.Nat.Sqrt.Lemmas (796ms)
✔ [906/7677] Built Init.Data.Int.Pow (388ms)
✔ [908/7677] Built Init.Data.Nat.Lcm (683ms)
✔ [910/7677] Built Std.Data.Iterators.Combinators.Monadic.TakeWhile (455ms)
✔ [912/7677] Built Init.Data.List.Nat.BEq (336ms)
✔ [914/7677] Built Init.Data.List.Nat.Count:c.o (137ms)
✔ [915/7677] Built Init.Data.List.Scan.Lemmas:c.o (127ms)
✔ [916/7677] Built Std.Data.Iterators.Combinators.Monadic.DropWhile (565ms)
✔ [918/7677] Built Init.Data.Nat.Simproc:c.o (88ms)
✔ [919/7677] Built Init.Data.Nat.Power2.Lemmas:c.o (105ms)
✔ [920/7677] Built Init.Data.Int.Pow:c.o (68ms)
✔ [921/7677] Built Init.Data.Nat.PowMod (384ms)
✔ [923/7677] Built Init.Data.Nat.Sqrt.Lemmas:c.o (97ms)
✔ [924/7677] Built Init.Grind.Ordered.Module:c.o (110ms)
✔ [925/7677] Built Init.Data.Range.Polymorphic.Instances:c.o (117ms)
✔ [926/7677] Built Init.Data.Nat.Lcm:c.o (132ms)
✔ [927/7677] Built Init.Data.List.Attach:c.o (299ms)
✔ [928/7677] Built Init.Data.List.Scan (125ms)
✔ [930/7677] Built Std.Data.Iterators.Combinators.Monadic.TakeWhile:c.o (420ms)
✔ [931/7677] Built Std.Data.Iterators.Combinators.Monadic.DropWhile:c.o (544ms)
✔ [932/7677] Built Init.Data.List.Nat.BEq:c.o (218ms)
✔ [933/7677] Built Init.Data.Range.Polymorphic.Int (730ms)
✔ [935/7677] Built Init.Data.Range.Polymorphic.Nat (1.1s)
✔ [937/7677] Built Init.GrindInstances.Nat (344ms)
✔ [939/7677] Built Init.Data.List.Pairwise (1.4s)
✔ [941/7677] Built Init.Data.Nat.Sqrt (274ms)
✔ [943/7677] Built Init.Data.Nat.Div.Lemmas (1.3s)
✔ [945/7677] Built Init.Data.List.Int.Prod (517ms)
✔ [947/7677] Built Init.Data.Nat.PowMod:c.o (141ms)
✔ [948/7677] Built Init.Data.List.Monadic (2.1s)
✔ [950/7677] Built Std.Data.Iterators.Combinators.Monadic (395ms)
✔ [952/7677] Built Std.Data.Iterators.Combinators.TakeWhile (466ms)
✔ [954/7677] Built Init.Data.List.Scan:c.o (127ms)
✔ [955/7677] Built Std.Data.Iterators.Combinators.DropWhile (272ms)
✔ [957/7677] Built Init.Data.Range.Polymorphic.Int:c.o (304ms)
✔ [958/7677] Built Init.Data.Array.DecidableEq (922ms)
✔ [960/7677] Built Init.Data.Range.Polymorphic.Nat:c.o (765ms)
✔ [961/7677] Built Init.GrindInstances.Nat:c.o (136ms)
✔ [962/7677] Built Init.Data.List.Pairwise:c.o (182ms)
✔ [963/7677] Built Init.Data.Nat.Sqrt:c.o (95ms)
✔ [964/7677] Built Init.Data.Nat.Div.Lemmas:c.o (91ms)
✔ [965/7677] Built Init.Grind.Module.Envelope (2.9s)
✔ [967/7677] Built Init.Data.List.Int.Prod:c.o (114ms)
✔ [968/7677] Built Std.Data.Iterators.Combinators.Monadic:c.o (93ms)
✔ [969/7677] Built Std.Data.Iterators.Combinators.TakeWhile:c.o (128ms)
✔ [970/7677] Built Std.Data.Iterators.Combinators.DropWhile:c.o (216ms)
✔ [971/7677] Built Init.Data.Int.LemmasAux (3.1s)
✔ [973/7677] Built Init.Data.Nat.Bitwise.Lemmas (3.2s)
✔ [975/7677] Built Init.Data.List.Monadic:c.o (1.0s)
✔ [976/7677] Built Init.Data.Array.DecidableEq:c.o (277ms)
✔ [977/7677] Built Init.Data.Slice.Array.Basic (524ms)
✔ [979/7677] Built Init.Data.Nat.Div (182ms)
✔ [981/7677] Built Init.Grind.Module.Envelope:c.o (535ms)
✔ [982/7677] Built Std.Data.Iterators.Combinators (548ms)
✔ [984/7677] Built Init.Data.List.MinMax (1.4s)
✔ [986/7677] Built Init.Data.Int.LemmasAux:c.o (382ms)
✔ [987/7677] Built Init.Data.Range.Lemmas (1.4s)
✔ [989/7677] Built Init.Data.Nat.Bitwise.Lemmas:c.o (452ms)
✔ [990/7677] Built Init.Grind.Module.OfNatModule (445ms)
✔ [992/7677] Built Init.Data.Nat.Div:c.o (249ms)
✔ [993/7677] Built Init.Data.Slice.Array.Basic:c.o (1.5s)
✔ [994/7677] Built Std.Data.Iterators.Combinators:c.o (232ms)
✔ [995/7677] Built Init.Data.List.MinMax:c.o (272ms)
✔ [996/7677] Built Init.Data.Order.Ord (2.1s)
✔ [998/7677] Built Init.Data.Fin.Lemmas (4.5s)
✔ [1000/7677] Built Init.Data.Nat.Power2.Bitwise (629ms)
✔ [1002/7677] Built Init.Data.Nat.Bitwise (180ms)
✔ [1004/7677] Built Init.Grind.Module.OfNatModule:c.o (89ms)
✔ [1005/7677] Built Init.Data.Fin.Bitwise (491ms)
✔ [1007/7677] Built Init.Data.Range.Lemmas:c.o (415ms)
✔ [1008/7677] Built Lean.Elab.Tactic.Omega.MinNatAbs (728ms)
✔ [1010/7677] Built Init.Data.List.Nat.Sum (648ms)
✔ [1012/7677] Built Init.Data.Order.Ord:c.o (314ms)
✔ [1013/7677] Built Init.Data.Nat.Power2.Bitwise:c.o (182ms)
✔ [1014/7677] Built Init.Data.Fin.Lemmas:c.o (802ms)
✔ [1015/7677] Built Init.Data.Range (412ms)
✔ [1017/7677] Built Init.Data.Nat.Bitwise:c.o (211ms)
✔ [1018/7677] Built Init.Data.BitVec.Basic (2.3s)
✔ [1020/7677] Built Init.Data.Fin.Bitwise:c.o (177ms)
✔ [1021/7677] Built Init.Data.List.Nat.Basic (1.8s)
✔ [1023/7677] Built Init.Data.Order.FactoriesExtra (293ms)
✔ [1025/7677] Built Init.Data.List.Nat.Sum:c.o (95ms)
✔ [1026/7677] Built Std.Data.Internal.Cut (387ms)
✔ [1028/7677] Built Lean.Elab.Tactic.Omega.MinNatAbs:c.o (396ms)
✔ [1029/7677] Built Init.Data.Nat.Power2 (129ms)
✔ [1031/7677] Built Init.Data.Fin.OverflowAware (215ms)
✔ [1033/7677] Built Init.Data.Range:c.o (76ms)
✔ [1034/7677] Built Init.Grind.Homo.Fin (318ms)
✔ [1036/7677] Built Init.Data.List.Nat.Basic:c.o (713ms)
✔ [1037/7677] Built Init.Data.Fin.Fold (1.3s)
✔ [1039/7677] Built Init.Data.Order.FactoriesExtra:c.o (158ms)
✔ [1040/7677] Built Std.Data.Internal.Cut:c.o (100ms)
✔ [1041/7677] Built Init.Data.Nat.Power2:c.o (254ms)
✔ [1042/7677] Built Init.Data.Fin.OverflowAware:c.o (114ms)
✔ [1043/7677] Built Init.Data.Stream (659ms)
✔ [1045/7677] Built Init.Data.Float.Model.Unpacked.Sign (576ms)
✔ [1047/7677] Built Init.Data.BitVec.Bootstrap (805ms)
✔ [1049/7677] Built Init.Grind.Homo.Fin:c.o (109ms)
✔ [1050/7677] Built Init.Data.BitVec.Basic:c.o (2.0s)
✔ [1051/7677] Built Init.Data.UInt.Basic (1.2s)
✔ [1053/7677] Built Init.Data.List.Find (3.7s)
✔ [1055/7677] Built Init.Data.Order.LemmasExtra (486ms)
✔ [1057/7677] Built Init.Data.Fin.Fold:c.o (379ms)
✔ [1058/7677] Built Init.Data.BitVec.Bootstrap:c.o (75ms)
✔ [1059/7677] Built Init.Data.Int.DivMod.Lemmas (9.8s)
✔ [1061/7677] Built Init.Data.Float.Model.Unpacked.Sign:c.o (258ms)
✔ [1062/7677] Built Init.Data.Stream:c.o (349ms)
✔ [1063/7677] Built Init.Data.Order.Opposite (625ms)
✔ [1065/7677] Built Init.Data.Order.LemmasExtra:c.o (83ms)
✔ [1066/7677] Built Init.Data.Iterators.Consumers.Stream (197ms)
✔ [1068/7677] Built Init.Data.List.OfFn (407ms)
✔ [1070/7677] Built Init.Data.List.Find:c.o (407ms)
✔ [1071/7677] Built Init.Data.Hashable (245ms)
✔ [1073/7677] Built Init.Data.BitVec.Decidable (316ms)
✔ [1075/7677] Built Init.ShareCommon (284ms)
✔ [1077/7677] Built Init.Data.UInt.Basic:c.o (931ms)
✔ [1078/7677] Built Init.Data.Order.Opposite:c.o (104ms)
✔ [1079/7677] Built Lean.Meta.TransparencyMode (1.3s)
✔ [1081/7677] Built Init.Data.Iterators.Consumers.Stream:c.o (157ms)
✔ [1082/7677] Built Init.Data.List.OfFn:c.o (147ms)
✔ [1083/7677] Built Init.Data.Int.DivMod.Lemmas:c.o (1.7s)
✔ [1084/7677] Built Init.Data.BitVec.Decidable:c.o (354ms)
✔ [1085/7677] Built Init.Data.Int.DivMod.Pow (323ms)
✔ [1087/7677] Built Init.Data.List.Erase (2.1s)
✔ [1089/7677] Built Init.Data.List.Nat.TakeDrop (2.8s)
✔ [1091/7677] Built Init.Data.Int.Gcd (1.3s)
✔ [1093/7677] Built Init.Data.Int.Bitwise.Lemmas (659ms)
✔ [1095/7677] Built Init.Data.Order.PackageFactories (2.6s)
✔ [1097/7677] Built Init.Data.Int.OfNat (430ms)
✔ [1099/7677] Built Init.Data.Hashable:c.o (394ms)
✔ [1100/7677] Built Init.Data.List.Int.Sum (444ms)
✔ [1102/7677] Built Init.ShareCommon:c.o (345ms)
✔ [1103/7677] Built Lean.Meta.TransparencyMode:c.o (112ms)
✔ [1104/7677] Built Init.Data.Int.DivMod.Pow:c.o (111ms)
✔ [1105/7677] Built Init.Data.Iterators.Consumers (246ms)
✔ [1107/7677] Built Init.Data.List.FinRange (347ms)
✔ [1109/7677] Built Init.Data.List.Nat.TakeDrop:c.o (138ms)
✔ [1110/7677] Built Init.Data.Order.MinMaxOn (542ms)
✔ [1112/7677] Built Init.Data.List.Erase:c.o (272ms)
✔ [1113/7677] Built Init.Grind.Ring.Basic (1.7s)
✔ [1115/7677] Built Init.Data.Int.Bitwise.Lemmas:c.o (169ms)
✔ [1116/7677] Built Init.Data.Int.OfNat:c.o (87ms)
✔ [1117/7677] Built Init.Data.List.Int.Sum:c.o (85ms)
✔ [1118/7677] Built Init.Data.Int.Gcd:c.o (256ms)
✔ [1119/7677] Built Init.Data.Int.DivMod (147ms)
✔ [1121/7677] Built Init.Data.List.Nat.Erase (1.5s)
✔ [1123/7677] Built Init.Data.Iterators.Consumers:c.o (96ms)
✔ [1124/7677] Built Init.Data.List.Perm (1.7s)
✔ [1126/7677] Built Init.Data.List.Nat.Sublist (1.8s)
✔ [1128/7677] Built Init.Data.List.Nat.Range (2.1s)
✔ [1130/7677] Built Init.Grind.Homo.Extra (380ms)
✔ [1132/7677] Built Init.Data.Int.Bitwise (266ms)
✔ [1134/7677] Built Init.Data.Order.MinMaxOn:c.o (247ms)
✔ [1135/7677] Built Init.Data.List.Sort.Basic (994ms)
✔ [1137/7677] Built Init.Data.List.FinRange:c.o (194ms)
✔ [1138/7677] Built Init.Data.Int.Cooper (715ms)
✔ [1140/7677] Built Init.Data.Int.Package (263ms)
✔ [1142/7677] Built Init.Data.Nat.Package (179ms)
✔ [1144/7677] Built Init.Data.Fin.Package (502ms)
✔ [1146/7677] Built Init.Data.Int.DivMod:c.o (54ms)
✔ [1147/7677] Built Init.Data.List.Int (100ms)
✔ [1149/7677] Built Init.Data.List.Lex (1.9s)
✔ [1151/7677] Built Init.Grind.Ring.Basic:c.o (487ms)
✔ [1152/7677] Built Std.Data.Iterators.Producers.Monadic.Array (313ms)
✔ [1154/7677] Built Std.Data.DHashMap.Internal.AssocList.Iterator (347ms)
✔ [1156/7677] Built Init.Data.List.Nat.Erase:c.o (83ms)
✔ [1157/7677] Built Init.Data.List.Nat.Sublist:c.o (101ms)
✔ [1158/7677] Built Init.Grind.Homo.Extra:c.o (67ms)
✔ [1159/7677] Built Init.Data.List.Nat.Range:c.o (149ms)
✔ [1160/7677] Built Init.Data.Iterators.Producers.Monadic.List (361ms)
✔ [1162/7677] Built Init.Data.List.Perm:c.o (245ms)
✔ [1163/7677] Built Init.Data.Int.Bitwise:c.o (73ms)
✔ [1164/7677] Built Init.Data.Order (134ms)
✔ [1166/7677] Built Init.Data.List.Nat.Pairwise (326ms)
✔ [1168/7677] Built Init.Data.Int.Package:c.o (255ms)
✔ [1169/7677] Built Init.Data.List.Sort.Basic:c.o (651ms)
✔ [1170/7677] Built Init.Data.Int.Cooper:c.o (649ms)
✔ [1171/7677] Built Init.Data.List.MinMaxOn (1.4s)
✔ [1173/7677] Built Init.GrindInstances.Ring.Fin (685ms)
✔ [1175/7677] Built Init.Data.Order.PackageFactories:c.o (5.5s)
✔ [1176/7677] Built Init.GrindInstances.Ring.Int (186ms)
✔ [1178/7677] Built Init.Data.Fin.Package:c.o (218ms)
✔ [1179/7677] Built Init.Data.Nat.Package:c.o (284ms)
✔ [1180/7677] Built Init.Grind.Lemmas (790ms)
✔ [1182/7677] Built Init.Data.List.Int:c.o (224ms)
✔ [1183/7677] Built Init.Grind.Ring.Field (900ms)
✔ [1185/7677] Built Init.Grind.Ordered.Ring (1.1s)
✔ [1187/7677] Built Init.Data.List.Lex:c.o (333ms)
✔ [1188/7677] Built Std.Data.Iterators.Producers.Monadic.Array:c.o (274ms)
✔ [1189/7677] Built Std.Data.DHashMap.Internal.AssocList.Iterator:c.o (416ms)
✔ [1190/7677] Built Init.Data.List.Nat.Perm (645ms)
✔ [1192/7677] Built Init.Data.Nat.Fold (3.2s)
✔ [1194/7677] Built Init.Data.List.Nat.Find (767ms)
✔ [1196/7677] Built Init.Data.List.Nat.Pairwise:c.o (97ms)
✔ [1197/7677] Built Init.Data.Iterators.Producers.Monadic.List:c.o (409ms)
✔ [1198/7677] Built Init.Data.Order:c.o (141ms)
✔ [1199/7677] Built Init.GrindInstances.Ring.Fin:c.o (152ms)
✔ [1200/7677] Built Init.GrindInstances.Ring.Int:c.o (139ms)
✔ [1201/7677] Built Init.Data.List.Nat.Modify (1.4s)
✔ [1203/7677] Built Init.Data.List.MinMaxOn:c.o (457ms)
✔ [1204/7677] Built Init.Grind.Lemmas:c.o (308ms)
✔ [1205/7677] Built Init.Data.Fin (291ms)
✔ [1207/7677] Built Init.Grind.Ring.Field:c.o (145ms)
✔ [1208/7677] Built Init.Grind.Ordered.Ring:c.o (216ms)
✔ [1209/7677] Built Std.Data.Iterators.Producers.Array (499ms)
✔ [1211/7677] Built Init.Data.List.Nat.Perm:c.o (205ms)
✔ [1212/7677] Built Init.Data.Iterators.Producers.Monadic (486ms)
✔ [1214/7677] Built Init.Data.List.Nat.Find:c.o (251ms)
✔ [1215/7677] Built Init.Data.Iterators.Producers.List (695ms)
✔ [1217/7677] Built Init.Data.List.Nat.Modify:c.o (298ms)
✔ [1218/7677] Built Init.Grind.Ring.OfScientific (569ms)
✔ [1220/7677] Built Init.Data.Nat.Fold:c.o (1.6s)
✔ [1221/7677] Built Init.Data.Fin:c.o (363ms)
✔ [1222/7677] Built Init.GrindInstances.Ring.Nat (644ms)
✔ [1224/7677] Built Init.Grind.Ordered.Field (1.7s)
✔ [1226/7677] Built Init.Data.List.Sort.Lemmas (4.5s)
✔ [1228/7677] Built Init.Data.List.MinMaxIdx (2.0s)
✔ [1230/7677] Built Std.Data.Iterators.Producers.Array:c.o (263ms)
✔ [1231/7677] Built Init.Grind.Ordered.Int (400ms)
✔ [1233/7677] Built Init.Data.Iterators.Producers.Monadic:c.o (126ms)
✔ [1234/7677] Built Init.Grind.Order (1.5s)
✔ [1236/7677] Built Init.Data.Iterators.Producers.List:c.o (241ms)
✔ [1237/7677] Built Init.Grind.Ring.OfScientific:c.o (151ms)
✔ [1238/7677] Built Init.GrindInstances.Ring.Nat:c.o (168ms)
✔ [1239/7677] Built Init.Data.List.SplitOn.Lemmas (1.1s)
✔ [1241/7677] Built Init.Data.List.Sort.Lemmas:c.o (699ms)
✔ [1242/7677] Built Init.Grind.Ordered.Field:c.o (164ms)
✔ [1243/7677] Built Init.Data.List.Nat.InsertIdx (1.4s)
✔ [1245/7677] Built Init.Grind.Ordered.Int:c.o (99ms)
✔ [1246/7677] Built Init.Grind.Order:c.o (131ms)
✔ [1247/7677] Built Init.Data.Iterators.Producers (245ms)
✔ [1249/7677] Built Init.Data.List.SplitOn.Lemmas:c.o (179ms)
✔ [1250/7677] Built Init.Data.List.MinMaxIdx:c.o (551ms)
✔ [1251/7677] Built Init.Data.List.Nat.InsertIdx:c.o (97ms)
✔ [1252/7677] Built Init.Data.List.SplitOn (127ms)
✔ [1254/7677] Built Init.Data.Iterators.Producers:c.o (175ms)
✔ [1255/7677] Built Init.Data.List.Nat (198ms)
✔ [1257/7677] Built Init.Data.List.SplitOn:c.o (98ms)
✔ [1258/7677] Built Init.Data.List.Nat:c.o (109ms)
✔ [1259/7677] Built Init.Grind.Ring.Envelope (2.0s)
✔ [1261/7677] Built Init.Data.Int.Linear (7.5s)
✔ [1263/7677] Built Init.Grind.Ring.Envelope:c.o (539ms)
✔ [1264/7677] Built Init.Data.List.Sort.Impl (2.7s)
✔ [1266/7677] Built Init.Data.List.Sort (107ms)
✔ [1268/7677] Built Init.Data.List.Sort:c.o (59ms)
✔ [1269/7677] Built Init.Data.List.ToArray (2.8s)
✔ [1271/7677] Built Init.Data.List.Sort.Impl:c.o (694ms)
✔ [1272/7677] Built Init.Data.List.ToArray:c.o (499ms)
✔ [1273/7677] Built Init.Data.Array.InsertIdx (774ms)
✔ [1275/7677] Built Init.Data.Int.Linear:c.o (3.0s)
✔ [1276/7677] Built Init.Data.Array.InsertIdx:c.o (69ms)
✔ [1277/7677] Built Init.Data.Array.Lemmas (5.1s)
✔ [1279/7677] Built Std.Internal.ForIn.Basic (333ms)
✔ [1281/7677] Built Init.Data.Iterators.Lemmas.Consumers.Monadic.Collect (1.1s)
✔ [1283/7677] Built Init.Data.Array.Count (1.1s)
✔ [1285/7677] Built Init.Data.Array.TakeDrop (332ms)
✔ [1287/7677] Built Init.Data.Array.Zip (1.5s)
✔ [1289/7677] Built Init.Data.Array.Lemmas:c.o (1.7s)
✔ [1290/7677] Built Init.Data.Array.Perm (1.2s)
✔ [1292/7677] Built Init.Data.Array.MinMax (1.5s)
✔ [1294/7677] Built Init.Data.Option.Array (618ms)
✔ [1296/7677] Built Init.Data.ByteArray.Basic (1.6s)
✔ [1298/7677] Built Std.Internal.ForIn.Basic:c.o (292ms)
✔ [1299/7677] Built Init.Data.Iterators.Lemmas.Consumers.Monadic.Collect:c.o (309ms)
✔ [1300/7677] Built Init.Data.Array.Count:c.o (166ms)
✔ [1301/7677] Built Init.Data.Array.TakeDrop:c.o (205ms)
✔ [1302/7677] Built Init.Data.Array.MinMax:c.o (197ms)
✔ [1303/7677] Built Init.Data.Array.Perm:c.o (176ms)
✔ [1304/7677] Built Init.Data.Array.Zip:c.o (224ms)
✔ [1305/7677] Built Init.Data.Array.Erase (2.2s)
✔ [1307/7677] Built Init.Data.Option.Array:c.o (143ms)
✔ [1308/7677] Built Init.Data.Iterators.Lemmas.Producers.Monadic.List (557ms)
✔ [1310/7677] Built Init.Data.Iterators.Lemmas.Consumers.Collect (801ms)
✔ [1312/7677] Built Init.Data.Iterators.Lemmas.Combinators.Monadic.Append (769ms)
✔ [1314/7677] Built Init.Data.Iterators.Lemmas.Combinators.Monadic.Take (677ms)
✔ [1316/7677] Built Init.Data.Array.Int (454ms)
✔ [1318/7677] Built Init.Data.Array.Nat (608ms)
✔ [1320/7677] Built Init.Data.ByteArray.Basic:c.o (1.6s)
✔ [1321/7677] Built Init.Data.Array.Erase:c.o (191ms)
✔ [1322/7677] Built Init.Data.Iterators.Lemmas.Consumers.Monadic.Loop (2.7s)
✔ [1324/7677] Built Init.Data.Iterators.Lemmas.Consumers.Collect:c.o (360ms)
✔ [1325/7677] Built Init.Data.Iterators.Lemmas.Producers.Monadic.List:c.o (420ms)
✔ [1326/7677] Built Init.Data.Iterators.Lemmas.Combinators.Monadic.Take:c.o (307ms)
✔ [1327/7677] Built Init.Data.Iterators.Lemmas.Combinators.Monadic.Append:c.o (370ms)
✔ [1328/7677] Built Init.Data.Array.Int:c.o (104ms)
✔ [1329/7677] Built Init.Data.String.PosRaw (767ms)
✔ [1331/7677] Built Init.Data.Array.Nat:c.o (126ms)
✔ [1332/7677] Built Init.Data.Array.Attach (2.5s)
✔ [1334/7677] Built Init.Data.Iterators.Lemmas.Producers.Monadic (183ms)
✔ [1336/7677] Built Init.Data.Iterators.Lemmas.Producers.List (201ms)
✔ [1338/7677] Built Init.Data.String.PosRaw:c.o (487ms)
✔ [1339/7677] Built Init.Data.Iterators.Lemmas.Consumers.Monadic.Loop:c.o (627ms)
✔ [1340/7677] Built Init.Data.Iterators.Lemmas.Combinators.Take (634ms)
✔ [1342/7677] Built Init.Data.Iterators.Lemmas.Combinators.Append (675ms)
✔ [1344/7677] Built Init.Data.Iterators.Lemmas.Consumers.Monadic (136ms)
✔ [1346/7677] Built Init.Data.Array.Attach:c.o (236ms)
✔ [1347/7677] Built Init.Data.Iterators.Lemmas.Combinators.Monadic.Attach (356ms)
✔ [1349/7677] Built Init.Data.Iterators.Lemmas.Producers.List:c.o (80ms)
✔ [1350/7677] Built Init.Data.Iterators.Lemmas.Producers.Monadic:c.o (60ms)
✔ [1351/7677] Built Init.Data.Iterators.Lemmas.Combinators.Monadic.ULift (549ms)
✔ [1353/7677] Built Init.Data.Iterators.Lemmas.Consumers.Monadic:c.o (66ms)
✔ [1354/7677] Built Init.Data.Iterators.Lemmas.Combinators.Append:c.o (200ms)
✔ [1355/7677] Built Init.Data.Iterators.Lemmas.Combinators.Take:c.o (457ms)
✔ [1356/7677] Built Init.Data.Iterators.Lemmas.Combinators.Monadic.Attach:c.o (617ms)
✔ [1357/7677] Built Init.Data.Iterators.Lemmas.Producers (267ms)
✔ [1359/7677] Built Init.Data.Array.Monadic (1.3s)
✔ [1361/7677] Built Init.Data.Option.Attach (1.4s)
✔ [1363/7677] Built Std.Data.Iterators.Lemmas.Producers.Repeat (283ms)
✔ [1365/7677] Built Init.Data.Iterators.Lemmas.Combinators.Monadic.ULift:c.o (360ms)
✔ [1366/7677] Built Init.Data.Array.Extract (10s)
✔ [1368/7677] Built Std.Data.Iterators.Lemmas.Producers.Monadic.Empty (588ms)
✔ [1370/7677] Built Init.Data.Iterators.Lemmas.Producers:c.o (101ms)
✔ [1371/7677] Built Std.Data.Iterators.Lemmas.Combinators.Monadic.Zip (865ms)
✔ [1373/7677] Built Std.Data.Iterators.Lemmas.Combinators.Monadic.DropWhile (937ms)
✔ [1375/7677] Built Std.Data.Iterators.Lemmas.Producers.Repeat:c.o (107ms)
✔ [1376/7677] Built Init.Data.Array.Extract:c.o (98ms)
✔ [1377/7677] Built Std.Data.Iterators.Lemmas.Combinators.Monadic.Drop (288ms)
✔ [1379/7677] Built Init.Data.Array.Monadic:c.o (255ms)
✔ [1380/7677] Built Init.Data.Option.Attach:c.o (305ms)
✔ [1381/7677] Built Std.Data.Iterators.Lemmas.Producers.Monadic.Empty:c.o (218ms)
✔ [1382/7677] Built Std.Data.Iterators.Lemmas.Combinators.Monadic.Zip:c.o (337ms)
✔ [1383/7677] Built Init.Data.Array.OfFn (754ms)
✔ [1385/7677] Built Std.Data.Iterators.Lemmas.Combinators.Monadic.DropWhile:c.o (512ms)
✔ [1386/7677] Built Init.Data.Option (268ms)
✔ [1388/7677] Built Init.Data.Iterators.Lemmas.Consumers.Loop (3.4s)
✔ [1390/7677] Built Init.Data.Range.Polymorphic.RangeIterator (7.4s)
✔ [1392/7677] Built Init.Data.List.MapIdx (3.2s)
✔ [1394/7677] Built Std.Data.Iterators.Lemmas.Combinators.Monadic.Drop:c.o (735ms)
✔ [1395/7677] Built Init.Data.ByteArray.Lemmas (1.8s)
✔ [1397/7677] Built Init.Data.Array.OfFn:c.o (281ms)
✔ [1398/7677] Built Init.Data.Option:c.o (346ms)
✔ [1399/7677] Built Init.Data.Iterators.Lemmas.Consumers.Loop:c.o (1.4s)
✔ [1400/7677] Built Std.Data.Iterators.Lemmas.Combinators.Zip (2.9s)
✔ [1402/7677] Built Std.Data.Iterators.Lemmas.Combinators.Drop (802ms)
✔ [1404/7677] Built Init.Data.List.MapIdx:c.o (363ms)
✔ [1405/7677] Built Init.Data.ByteArray.Lemmas:c.o (195ms)
✔ [1406/7677] Built Init.Data.Array.FinRange (342ms)
✔ [1408/7677] Built Init.Data.Range.Polymorphic.RangeIterator:c.o (2.4s)
✔ [1409/7677] Built Init.Data.Iterators.Lemmas.Consumers (170ms)
✔ [1411/7677] Built Init.Data.Iterators.Lemmas.Combinators.Attach (565ms)
✔ [1413/7677] Built Init.Data.Iterators.Lemmas.Combinators.ULift (603ms)
✔ [1415/7677] Built Init.Data.Iterators.Lemmas.Combinators.Monadic.FilterMap (8.4s)
✔ [1417/7677] Built Init.Data.List (399ms)
✔ [1419/7677] Built Std.Data.Iterators.Lemmas.Combinators.Zip:c.o (726ms)
✔ [1420/7677] Built Std.Data.Iterators.Lemmas.Combinators.Drop:c.o (789ms)
✔ [1421/7677] Built Init.Data.Array.FinRange:c.o (218ms)
✔ [1422/7677] Built Init.Data.Iterators.Lemmas.Consumers:c.o (142ms)
✔ [1423/7677] Built Init.Data.Range.Polymorphic.Iterators (1.0s)
✔ [1425/7677] Built Init.Data.Iterators.Lemmas.Combinators.Attach:c.o (256ms)
✔ [1426/7677] Built Init.Data.Iterators.Lemmas.Combinators.ULift:c.o (471ms)
✔ [1427/7677] Built Init.Data.String.Defs (1.5s)
✔ [1429/7677] Built Init.Data.List:c.o (248ms)
✔ [1430/7677] Built Std.Data.Iterators.Lemmas.Producers.Empty (251ms)
✔ [1432/7677] Built Init.Data.Array.MapIdx (2.4s)
✔ [1434/7677] Built Init.Data.Slice.InternalLemmas (432ms)
✔ [1436/7677] Built Std.Data.Iterators.Lemmas.Combinators.DropWhile (696ms)
✔ [1438/7677] Built Init.Data.Iterators.Lemmas.Combinators.Monadic.FilterMap:c.o (1.0s)
✔ [1439/7677] Built Init.Data.String.Defs:c.o (985ms)
✔ [1440/7677] Built Std.Data.Iterators.Lemmas.Producers.Empty:c.o (231ms)
✔ [1441/7677] Built Init.Data.Range.Polymorphic.Iterators:c.o (2.3s)
✔ [1442/7677] Built Init.Data.Array.Lex.Basic (867ms)
✔ [1444/7677] Built Init.Data.Iterators.Lemmas.Combinators.Monadic.FlatMap (2.4s)
✔ [1446/7677] Built Std.Data.Iterators.Producers.Range (441ms)
✔ [1448/7677] Built Lean.Data.Array (778ms)
✔ [1450/7677] Built Init.Data.Array.MapIdx:c.o (282ms)
✔ [1451/7677] Built Init.Data.Range.Polymorphic.Stream (270ms)
✔ [1453/7677] Built Init.Data.Slice.InternalLemmas:c.o (76ms)
✔ [1454/7677] Built Init.Data.ByteArray.Extra (418ms)
✔ [1456/7677] Built Std.Data.Iterators.Lemmas.Combinators.DropWhile:c.o (613ms)
✔ [1457/7677] Built Init.Data.String.Hashable (313ms)
✔ [1459/7677] Built Init.Data.Iterators.Lemmas.Combinators.FilterMap (4.6s)
✔ [1461/7677] Built Init.Data.Int.Repr (437ms)
✔ [1463/7677] Built Init.Data.String.ToSlice (252ms)
✔ [1465/7677] Built Lean.Data.PersistentArray (1.8s)
✔ [1467/7677] Built Init.Grind.PP (413ms)
✔ [1469/7677] Built Init.Data.Array.Lex.Basic:c.o (371ms)
✔ [1470/7677] Built Lean.Data.PersistentHashMap (2.2s)
✔ [1472/7677] Built Init.Data.String.OrderInstances (1.1s)
✔ [1474/7677] Built Std.Data.Iterators.Producers.Range:c.o (358ms)
✔ [1475/7677] Built Init.Data.Iterators.Lemmas.Combinators.Monadic.FlatMap:c.o (563ms)
✔ [1476/7677] Built Init.Data.Array.Range (1.7s)
✔ [1478/7677] Built Init.Data.Array.Find (3.1s)
✔ [1480/7677] Built Lean.Data.Array:c.o (1.6s)
✔ [1481/7677] Built Init.Data.Vector.Basic (3.6s)
✔ [1483/7677] Built Init.Data.String.Hashable:c.o (95ms)
✔ [1484/7677] Built Init.Data.Slice.Lemmas (321ms)
✔ [1486/7677] Built Init.Data.ByteArray.Extra:c.o (190ms)
✔ [1487/7677] Built Init.Data.Range.Polymorphic.Stream:c.o (303ms)
✔ [1488/7677] Built Init.Data.Int.Repr:c.o (142ms)
✔ [1489/7677] Built Init.Data.String.ToSlice:c.o (78ms)
✔ [1490/7677] Built Init.Grind.PP:c.o (184ms)
✔ [1491/7677] Built Init.Data.Iterators.Lemmas.Combinators.Monadic (165ms)
✔ [1493/7677] Built Init.Data.Iterators.Lemmas.Combinators.FilterMap:c.o (763ms)
✔ [1494/7677] Built Init.Data.String.OrderInstances:c.o (437ms)
✔ [1495/7677] Built Init.Data.Array.Range:c.o (199ms)
✔ [1496/7677] Built Std.Data.Internal.List.Associative (22s)
✔ [1498/7677] Built Init.Data.Array.Find:c.o (232ms)
✔ [1499/7677] Built Init.Data.ByteArray (196ms)
✔ [1501/7677] Built Init.Data.Range.Polymorphic.Lemmas (11s)
✔ [1503/7677] Built Init.Data.Slice.Lemmas:c.o (114ms)
✔ [1504/7677] Built Lean.Data.PersistentHashMap:c.o (2.9s)
✔ [1505/7677] Built Init.Data.ToString.Extra (176ms)
✔ [1507/7677] Built Init.Data.Iterators.Lemmas.Combinators.FlatMap (1.8s)
✔ [1509/7677] Built Lean.Data.PersistentArray:c.o (3.7s)
✔ [1510/7677] Built Init.Data.Vector.Basic:c.o (2.9s)
✔ [1511/7677] Built Init.Data.Float.Model.Unpacked.Basic (454ms)
✔ [1513/7677] Built Init.Data.Iterators.Lemmas.Combinators.Monadic:c.o (151ms)
✔ [1514/7677] Built Lean.Data.PersistentHashSet (571ms)
✔ [1516/7677] Built Std.Time.Internal.Bounded (1.3s)
✔ [1518/7677] Built Init.Data.Vector.Stream (333ms)
✔ [1520/7677] Built Std.Data.Iterators.Producers.Vector (201ms)
✔ [1522/7677] Built Std.Data.Iterators.Producers.Monadic.Vector (208ms)
✔ [1524/7677] Built Init.Grind.Ordered.Linarith (2.4s)
✔ [1526/7677] Built Init.Data.ByteArray:c.o (168ms)
✔ [1527/7677] Built Init.Data.Range.Polymorphic.Lemmas:c.o (1.0s)
✔ [1528/7677] Built Std.Data.Internal.List.Associative:c.o (2.7s)
✔ [1529/7677] Built Std.Data.Iterators.Lemmas.Producers.Slice (365ms)
✔ [1531/7677] Built Init.Data.ToString.Extra:c.o (260ms)
✔ [1532/7677] Built Init.Data.Iterators.Lemmas.Combinators.FlatMap:c.o (693ms)
✔ [1533/7677] Built Init.Data.Float.Model.Unpacked.Basic:c.o (596ms)
✔ [1534/7677] Built Std.Data.DTreeMap.Internal.Cell (1.1s)
✔ [1536/7677] Built Init.Data.Array.QSort.Basic (3.0s)
✔ [1538/7677] Built Std.Data.DHashMap.Internal.AssocList.Lemmas (2.0s)
✔ [1540/7677] Built Init.Data.Vector.Stream:c.o (154ms)
✔ [1541/7677] Built Lean.Data.PersistentHashSet:c.o (527ms)
✔ [1542/7677] Built Std.Data.Iterators.Producers.Vector:c.o (164ms)
✔ [1543/7677] Built Std.Data.Iterators.Producers.Monadic.Vector:c.o (228ms)
✔ [1544/7677] Built Std.Data.ByteSlice (1.4s)
✔ [1546/7677] Built Init.Grind.Ring.CommSolver (8.3s)
✔ [1548/7677] Built Std.Time.Internal.Bounded:c.o (2.4s)
✔ [1549/7677] Built Std.Data.Iterators.Lemmas.Producers.Range (924ms)
✔ [1551/7677] Built Init.Grind.Ordered.Linarith:c.o (3.7s)
✔ [1552/7677] Built Init.Data.Iterators.Lemmas.Combinators (521ms)
✔ [1554/7677] Built Std.Data.Iterators.Lemmas.Producers.Slice:c.o (158ms)
✔ [1555/7677] Built Std.Internal.ForIn.Lemmas (2.8s)
✔ [1557/7677] Built Init.Data.Slice.List.Iterator (917ms)
✔ [1559/7677] Built Init.Data.Rat.Basic (1.8s)
✔ [1561/7677] Built Init.Data.Slice.Array.Iterator (1.1s)
✔ [1563/7677] Built Init.Data.Int.ToString (310ms)
✔ [1565/7677] Built Init.Data.Float.Model.Unpacked.Operations.Status (350ms)
✔ [1567/7677] Built Init.Data.Vector.Lemmas (13s)
✔ [1569/7677] Built Init.Data.Float.Model.Unpacked.Operations.Sign (433ms)
✔ [1571/7677] Built Init.Data.SInt.Basic (2.5s)
✔ [1573/7677] Built Init.Data.Float.Model.Unpacked.Operations.Compare (306ms)
✔ [1575/7677] Built Init.Data.Float.Model.Unpacked.Round (540ms)
✔ [1577/7677] Built Std.Data.DTreeMap.Internal.Cell:c.o (446ms)
✔ [1578/7677] Built Init.Data.Array.QSort.Basic:c.o (635ms)
✔ [1579/7677] Built Std.Data.Iterators.Producers.Monadic (317ms)
✔ [1581/7677] Built Std.Data.DHashMap.Internal.AssocList.Lemmas:c.o (662ms)
✔ [1582/7677] Built Init.Data.Range.Polymorphic.IntLemmas (8.1s)
✔ [1584/7677] Built Init.Grind.Module.NatModuleNorm (777ms)
✔ [1586/7677] Built Init.Data.Iterators.Lemmas.Combinators:c.o (72ms)
✔ [1587/7677] Built Std.Data.Iterators.Lemmas.Producers.Range:c.o (102ms)
✔ [1588/7677] Built Std.Internal.ForIn.Lemmas:c.o (92ms)
✔ [1589/7677] Built Init.Data.Range.Polymorphic.NatLemmas (8.4s)
✔ [1591/7677] Built Std.Data.ByteSlice:c.o (953ms)
✔ [1592/7677] Built Init.Data.Int.ToString:c.o (144ms)
✔ [1593/7677] Built Init.Data.Slice.List.Iterator:c.o (521ms)
✔ [1594/7677] Built Init.Data.Float.Model.Unpacked.Operations.Status:c.o (91ms)
✔ [1595/7677] Built Init.Data.Vector.Lemmas:c.o (136ms)
✔ [1596/7677] Built Init.Data.Float.Model.Unpacked.Operations.Sign:c.o (101ms)
✔ [1597/7677] Built Init.Data.Slice.Array.Iterator:c.o (551ms)
✔ [1598/7677] Built Init.Data.Float.Model.Unpacked.Operations.Compare:c.o (165ms)
✔ [1599/7677] Built Init.Data.Array.QSort (120ms)
✔ [1601/7677] Built Std.Data.Iterators.Producers.Monadic:c.o (74ms)
✔ [1602/7677] Built Init.Data.Float.Model.Unpacked.Round:c.o (332ms)
✔ [1603/7677] Built Init.Data.Rat.Basic:c.o (1.7s)
✔ [1604/7677] Built Init.Data.Range.Polymorphic.IntLemmas:c.o (90ms)
✔ [1605/7677] Built Lean.Meta.Sym.Arith.Poly (904ms)
✔ [1607/7677] Built Init.Data.Iterators.Lemmas (304ms)
✔ [1609/7677] Built Init.Data.SInt.Basic:c.o (1.7s)
✔ [1610/7677] Built Std.Internal.ForIn (223ms)
✔ [1612/7677] Built Init.Grind.Ring.CommSemiringAdapter (1.6s)
✔ [1614/7677] Built Init.Grind.Module.NatModuleNorm:c.o (665ms)
✔ [1615/7677] Built Std.Time.Internal.UnitVal (373ms)
✔ [1617/7677] Built Init.Data.Range.Polymorphic.NatLemmas:c.o (118ms)
✔ [1618/7677] Built Init.Data.Int (243ms)
✔ [1620/7677] Built Init.Data.Vector.DecidableEq (348ms)
✔ [1622/7677] Built Init.Data.Slice.List.Lemmas (1.4s)
✔ [1624/7677] Built Init.Data.Vector.InsertIdx (1.0s)
✔ [1626/7677] Built Init.Data.Vector.Nat (441ms)
✔ [1628/7677] Built Init.Data.Vector.Int (362ms)
✔ [1630/7677] Built Init.Data.Rat.Lemmas (2.7s)
✔ [1632/7677] Built Init.Data.Vector.Zip (1.4s)
✔ [1634/7677] Built Init.Data.Ord.Vector (295ms)
✔ [1636/7677] Built Init.Data.Vector.Erase (1.4s)
✔ [1638/7677] Built Init.Data.Vector.Count (621ms)
✔ [1640/7677] Built Init.Data.Float.Model.Unpacked.Operations.MinMax (730ms)
✔ [1642/7677] Built Init.Data.Vector.Perm (1.4s)
✔ [1644/7677] Built Std.Data.DTreeMap.Internal.Def (406ms)
✔ [1646/7677] Built Init.Data.Float.Model.Unpacked.Operations.ToNat (355ms)
✔ [1648/7677] Built Init.Data.Float.Model.Unpacked.Operations.OfNat (220ms)
✔ [1650/7677] Built Init.Data.Vector.Attach (1.8s)
✔ [1652/7677] Built Init.Data.Float.Model.Unpacked.Operations.Div (172ms)
✔ [1654/7677] Built Init.Data.Float.Model.Unpacked.Operations.Sqrt (174ms)
✔ [1656/7677] Built Init.Data.Float.Model.Unpacked.Operations.Fma (239ms)
✔ [1658/7677] Built Init.Data.Float.Model.Unpacked.Operations.Mul (129ms)
✔ [1660/7677] Built Init.Data.Array.QSort:c.o (57ms)
✔ [1661/7677] Built Init.Data.Float.Model.Unpacked.Operations.Add (205ms)
✔ [1663/7677] Built Init.Data.Float.Model.Unpacked.Operations.Sub (209ms)
✔ [1665/7677] Built Init.Data.Iterators.Lemmas:c.o (59ms)
✔ [1666/7677] Built Std.Data.Iterators.Producers (127ms)
✔ [1668/7677] Built Init.Grind.Module (136ms)
✔ [1670/7677] Built Std.Internal.ForIn:c.o (85ms)
✔ [1671/7677] Built Init.Grind.Ring.CommSolver:c.o (8.7s)
✔ [1672/7677] Built Std.Time.Internal.UnitVal:c.o (486ms)
✔ [1673/7677] Built Init.Data.Int:c.o (92ms)
✔ [1674/7677] Built Init.Data.Vector.DecidableEq:c.o (74ms)
✔ [1675/7677] Built Init.Data.Slice.List.Lemmas:c.o (154ms)
✔ [1676/7677] Built Init.Data.Vector.InsertIdx:c.o (75ms)
✔ [1677/7677] Built Init.Data.Vector.Extract (5.9s)
✔ [1679/7677] Built Init.Data.Vector.Nat:c.o (116ms)
✔ [1680/7677] Built Init.Data.Vector.Int:c.o (79ms)
✔ [1681/7677] Built Lean.Meta.Sym.Arith.Poly:c.o (1.3s)
✔ [1682/7677] Built Init.Data.Ord.Vector:c.o (97ms)
✔ [1683/7677] Built Init.Data.Rat.Lemmas:c.o (196ms)
✔ [1684/7677] Built Init.Data.Vector.Count:c.o (78ms)
✔ [1685/7677] Built Init.Data.Vector.Zip:c.o (179ms)
✔ [1686/7677] Built Init.Data.Vector.Erase:c.o (84ms)
✔ [1687/7677] Built Init.Data.Float.Model.Unpacked.Operations.MinMax:c.o (129ms)
✔ [1688/7677] Built Init.Data.Vector.Perm:c.o (132ms)
✔ [1689/7677] Built Init.Grind.Ring.CommSemiringAdapter:c.o (1.5s)
✔ [1690/7677] Built Init.Data.Float.Model.Unpacked.Operations.OfNat:c.o (137ms)
✔ [1691/7677] Built Std.Data.DTreeMap.Internal.Def:c.o (165ms)
✔ [1692/7677] Built Init.Data.Vector.Attach:c.o (134ms)
✔ [1693/7677] Built Init.Data.Float.Model.Unpacked.Operations.ToNat:c.o (330ms)
✔ [1694/7677] Built Init.Data.Float.Model.Unpacked.Operations.Sqrt:c.o (263ms)
✔ [1695/7677] Built Init.Data.Float.Model.Unpacked.Operations.Mul:c.o (199ms)
✔ [1696/7677] Built Init.Data.Float.Model.Unpacked.Operations.Div:c.o (324ms)
✔ [1697/7677] Built Init.Data.Float.Model.Unpacked.Operations.Fma:c.o (449ms)
✔ [1698/7677] Built Init.Data.Iterators (148ms)
✔ [1700/7677] Built Std.Data.Iterators.Producers:c.o (111ms)
✔ [1701/7677] Built Init.Grind.Module:c.o (57ms)
✔ [1702/7677] Built Init.Data.Array.Lex.Lemmas (2.2s)
✔ [1704/7677] Built Init.Data.Float.Model.Unpacked.Operations.Add:c.o (226ms)
✔ [1705/7677] Built Init.Data.Float.Model.Unpacked.Operations.Sub:c.o (305ms)
✔ [1706/7677] Built Init.Grind.Ring (136ms)
✔ [1708/7677] Built Init.Data.Vector.Extract:c.o (71ms)
✔ [1709/7677] Built Init.Data.Slice.List (145ms)
✔ [1711/7677] Built Std.Time.Internal (130ms)
✔ [1713/7677] Built Init.Data.Rat (124ms)
✔ [1715/7677] Built Init.GrindInstances.Ring.Rat (460ms)
✔ [1717/7677] Built Init.Grind.Norm (655ms)
✔ [1719/7677] Built Init.Grind.FieldNormNum (787ms)
✔ [1721/7677] Built Std.Data.DTreeMap.Internal.Balanced (579ms)
✔ [1723/7677] Built Std.Data.DTreeMap.Internal.Ordered (387ms)
✔ [1725/7677] Built Init.Data.Vector.Monadic (1.4s)
✔ [1727/7677] Built Init.Data.Float.Model.Unpacked.Operations.OfScientific (666ms)
✔ [1729/7677] Built Init.Data.Iterators:c.o (396ms)
✔ [1730/7677] Built Init.Data.Vector.Find (2.3s)
✔ [1732/7677] Built Init.Grind.Ring:c.o (279ms)
✔ [1733/7677] Built Init.Data.Array.Lex.Lemmas:c.o (467ms)
✔ [1734/7677] Built Init.Data.Vector.MapIdx (2.7s)
✔ [1736/7677] Built Init.Data.Slice.List:c.o (100ms)
✔ [1737/7677] Built Init.Data.Rat:c.o (80ms)
✔ [1738/7677] Built Std.Time.Internal:c.o (95ms)
✔ [1739/7677] Built Init.Grind.Norm:c.o (100ms)
✔ [1740/7677] Built Init.GrindInstances.Ring.Rat:c.o (105ms)
✔ [1741/7677] Built Init.Data.Slice.Array.Lemmas (3.0s)
✔ [1743/7677] Built Std.Data.DTreeMap.Internal.Ordered:c.o (73ms)
✔ [1744/7677] Built Init.Grind.FieldNormNum:c.o (146ms)
✔ [1745/7677] Built Std.Data.DTreeMap.Internal.Balanced:c.o (100ms)
✔ [1746/7677] Built Init.Data.Float.Model.Unpacked.Operations.OfScientific:c.o (206ms)
✔ [1747/7677] Built Init.Data.Vector.Monadic:c.o (205ms)
✔ [1748/7677] Built Init.Data.Array.Lex (182ms)
✔ [1750/7677] Built Init.Data.Vector.Find:c.o (129ms)
✔ [1751/7677] Built Init.Data.Vector.MapIdx:c.o (197ms)
✔ [1752/7677] Built Init.Grind.Ordered.Rat (211ms)
✔ [1754/7677] Built Std.Time.Time.Unit.Nanosecond (664ms)
✔ [1756/7677] Built Init.Data.Dyadic.Basic (5.1s)
✔ [1758/7677] Built Init.Data.Slice.Array.Lemmas:c.o (347ms)
✔ [1759/7677] Built Init.Data.Vector.Lex (1.4s)
✔ [1761/7677] Built Init.Data.Float.Model.Unpacked.Operations (336ms)
✔ [1763/7677] Built Init.Data.Array.Lex:c.o (208ms)
✔ [1764/7677] Built Init.Data.Vector.OfFn (2.1s)
✔ [1766/7677] Built Init.Grind.Ordered.Rat:c.o (210ms)
✔ [1767/7677] Built Init.Data.Vector.Range (1.9s)
✔ [1769/7677] Built Std.Time.Time.Unit.Nanosecond:c.o (1.3s)
✔ [1770/7677] Built Init.Data.Slice.Array (495ms)
✔ [1772/7677] Built Init.Data.Range.Polymorphic.GetElemTactic (747ms)
✔ [1774/7677] Built Init.Data.Dyadic.Basic:c.o (4.7s)
✔ [1775/7677] Built Std.Data.DTreeMap.Internal.Queries (8.3s)
✔ [1777/7677] Built Init.Data.Vector.Lex:c.o (283ms)
✔ [1778/7677] Built Init.Data.Float.Model.Unpacked.Operations:c.o (204ms)
✔ [1779/7677] Built Lean.Data.Iterators.Producers.PersistentHashMap (2.7s)
✔ [1781/7677] Built Init.Data.Vector.OfFn:c.o (496ms)
✔ [1782/7677] Built Init.Grind.Ordered (530ms)
✔ [1784/7677] Built Std.Time.Time.Unit.Millisecond (601ms)
✔ [1786/7677] Built Std.Time.Time.Unit.Second (490ms)
✔ [1788/7677] Built Init.Data.Vector.Range:c.o (345ms)
✔ [1789/7677] Built Init.Data.Slice.Array:c.o (159ms)
✔ [1790/7677] Built Init.Data.Dyadic.Inv (627ms)
✔ [1792/7677] Built Init.Data.Dyadic.Instances (699ms)
✔ [1794/7677] Built Init.Data.Range.Polymorphic.GetElemTactic:c.o (611ms)
✔ [1795/7677] Built Init.Data.Vector.FinRange (651ms)
✔ [1797/7677] Built Init.Grind.Ordered:c.o (137ms)
✔ [1798/7677] Built Lean.Data.Iterators.Producers.PersistentHashMap:c.o (1.2s)
✔ [1799/7677] Built Std.Time.Time.Unit.Millisecond:c.o (786ms)
✔ [1800/7677] Built Std.Time.Time.Unit.Second:c.o (578ms)
✔ [1801/7677] Built Init.Data.Slice (317ms)
✔ [1803/7677] Built Init.Data.Array.Sort.Basic (895ms)
✔ [1805/7677] Built Init.Data.Dyadic.Inv:c.o (253ms)
✔ [1806/7677] Built Init.Data.Dyadic.Instances:c.o (214ms)
✔ [1807/7677] Built Lean.Data.Iterators.Producers (293ms)
✔ [1809/7677] Built Init.Data.Vector.FinRange:c.o (207ms)
✔ [1810/7677] Built Init.Data.Slice:c.o (183ms)
✔ [1811/7677] Built Std.Time.Time.Unit.Minute (457ms)
✔ [1813/7677] Built Init.Data.Dyadic.Round (425ms)
✔ [1815/7677] Built Lean.Data.Iterators.Producers:c.o (128ms)
✔ [1816/7677] Built Init.Data.Array.Sort.Basic:c.o (545ms)
✔ [1817/7677] Built Std.Time.Time.Unit.Minute:c.o (550ms)
✔ [1818/7677] Built Lean.Data.Iterators (130ms)
✔ [1820/7677] Built Init.Data.Array.Sort.Lemmas (609ms)
✔ [1822/7677] Built Init.Data.Dyadic.Round:c.o (192ms)
✔ [1823/7677] Built Init.Data.Dyadic (145ms)
✔ [1825/7677] Built Std.Time.Time.Unit.Hour (280ms)
✔ [1827/7677] Built Lean.Data.Iterators:c.o (67ms)
✔ [1828/7677] Built Init.Data.Dyadic:c.o (65ms)
✔ [1829/7677] Built Init.Data.Array.Sort.Lemmas:c.o (224ms)
✔ [1830/7677] Built Std.Data.DTreeMap.Internal.Balancing (14s)
✔ [1832/7677] Built Init.Data.Array.Sort (139ms)
✔ [1834/7677] Built Std.Time.Time.Unit.Hour:c.o (502ms)
✔ [1835/7677] Built Std.Time.Time.Unit.Basic (329ms)
✔ [1837/7677] Built Init.Data.Array.Sort:c.o (64ms)
✔ [1838/7677] Built Init.Data.Array (231ms)
✔ [1840/7677] Built Std.Time.Time.Unit.Basic:c.o (466ms)
✔ [1841/7677] Built Init.Data.Array:c.o (163ms)
✔ [1842/7677] Built Std.Time.Time.Basic (193ms)
✔ [1844/7677] Built Std.Time.Time.Basic:c.o (89ms)
✔ [1845/7677] Built Std.Data.DTreeMap.Internal.Queries:c.o (7.2s)
✔ [1846/7677] Built Std.Time.Time.PlainTime (586ms)
✔ [1848/7677] Built Std.Time.Time.HourMarker (451ms)
✔ [1850/7677] Built Std.Time.Time.HourMarker:c.o (539ms)
✔ [1851/7677] Built Std.Time.Time.PlainTime:c.o (1.1s)
✔ [1852/7677] Built Std.Time.Time (281ms)
✔ [1854/7677] Built Std.Time.Time:c.o (73ms)
✔ [1855/7677] Built Std.Time.Date.Unit.Day (494ms)
✔ [1857/7677] Built Std.Time.Date.Unit.Week (564ms)
✔ [1859/7677] Built Std.Time.Date.Unit.Weekday (971ms)
✔ [1861/7677] Built Std.Time.Date.Unit.Day:c.o (1.1s)
✔ [1862/7677] Built Std.Time.Date.Unit.Week:c.o (1.0s)
✔ [1863/7677] Built Std.Time.Date.Unit.Month (1.9s)
✔ [1865/7677] Built Std.Time.Date.Unit.Weekday:c.o (1.5s)
✔ [1866/7677] Built Std.Time.Format.DateFormat (422ms)
✔ [1868/7677] Built Std.Data.DTreeMap.Internal.Balancing:c.o (8.2s)
✔ [1869/7677] Built Std.Time.Date.Unit.Year (364ms)
✔ [1871/7677] Built Std.Time.Date.ValidDate (1.3s)
✔ [1873/7677] Built Std.Time.Format.DateFormat:c.o (164ms)
✔ [1874/7677] Built Std.Time.Date.Unit.Month:c.o (1.7s)
✔ [1875/7677] Built Std.Time.Date.Unit.Basic (174ms)
✔ [1877/7677] Built Std.Time.Date.Unit.Basic:c.o (129ms)
✔ [1878/7677] Built Std.Time.Date.Unit.Year:c.o (569ms)
✔ [1879/7677] Built Std.Time.Date.ValidDate:c.o (385ms)
✔ [1880/7677] Built Std.Time.Date.Basic (478ms)
✔ [1882/7677] Built Std.Data.DTreeMap.Internal.Operations (9.5s)
✔ [1884/7677] Built Std.Data.DTreeMap.Internal.WF.Defs (427ms)
✔ [1886/7677] Built Std.Time.Date.PlainDate (601ms)
✔ [1888/7677] Built Std.Time.Date (159ms)
✔ [1890/7677] Built Std.Data.DTreeMap.Internal.WF.Defs:c.o (124ms)
✔ [1891/7677] Built Std.Time.Date:c.o (59ms)
✔ [1892/7677] Built Std.Time.Date.Basic:c.o (1.6s)
✔ [1893/7677] Built Std.Time.Date.PlainDate:c.o (2.4s)
✔ [1894/7677] Built Std.Data.DTreeMap.Basic (2.1s)
✔ [1896/7677] Built Init.Data.BitVec.Lemmas (29s)
✔ [1898/7677] Built Std.Data.DTreeMap.Raw.Basic (2.6s)
✔ [1900/7677] Built Std.Data.TreeMap.Basic (1.9s)
✔ [1902/7677] Built Init.Data.BitVec.Lemmas:c.o (651ms)
✔ [1903/7677] Built Init.Data.Float.Model.Unpacked.Pack.Basic (471ms)
✔ [1905/7677] Built Init.Data.BitVec.Package (436ms)
✔ [1907/7677] Built Std.Data.DTreeMap.Basic:c.o (6.7s)
✔ [1908/7677] Built Init.Data.Range.Polymorphic.BitVec (621ms)
✔ [1910/7677] Built Init.Data.BitVec.Folds (274ms)
✔ [1912/7677] Built Init.GrindInstances.Ring.BitVec (233ms)
✔ [1914/7677] Built Init.Data.Ord.BitVec (239ms)
✔ [1916/7677] Built Std.Data.DTreeMap.Internal.Model (10s)
✔ [1918/7677] Built Std.Data.TreeMap.Raw.Basic (985ms)
✔ [1920/7677] Built Init.Data.Float.Model.Unpacked.Pack.Basic:c.o (422ms)
✔ [1921/7677] Built Init.Data.BitVec.Package:c.o (179ms)
✔ [1922/7677] Built Init.Data.Range.Polymorphic.BitVec:c.o (228ms)
✔ [1923/7677] Built Init.Data.BitVec.Folds:c.o (133ms)
✔ [1924/7677] Built Std.Data.TreeMap.Basic:c.o (2.0s)
✔ [1925/7677] Built Init.Data.Ord.BitVec:c.o (117ms)
✔ [1926/7677] Built Init.GrindInstances.Ring.BitVec:c.o (240ms)
✔ [1927/7677] Built Std.Data.DTreeMap.Raw.Basic:c.o (7.3s)
✔ [1928/7677] Built Lake.Util.RBArray (350ms)
✔ [1930/7677] Built Std.Data.TreeSet.Basic (1.0s)
✔ [1932/7677] Built Init.Data.Float.Model.Format.Valid (164ms)
✔ [1934/7677] Built Std.Data.TreeMap.Raw.Basic:c.o (2.3s)
✔ [1935/7677] Built Std.Tactic.BVDecide.Normalize.Bool (1.4s)
✔ [1937/7677] Built Std.Tactic.BVDecide.Normalize.Equal (644ms)
✔ [1939/7677] Built Std.Data.DTreeMap.Internal.Model:c.o (3.4s)
✔ [1940/7677] Built Init.Data.Range.Polymorphic.Internal.SignedBitVec (1.8s)
✔ [1942/7677] Built Lake.Util.RBArray:c.o (2.3s)
✔ [1943/7677] Built Lean.Data.PrefixTree (1.1s)
✔ [1945/7677] Built Init.Data.Float.Model.Format.Valid:c.o (64ms)
✔ [1946/7677] Built Std.Data.TreeSet.Basic:c.o (3.8s)
✔ [1947/7677] Built Init.Data.UInt.Lemmas (17s)
✔ [1949/7677] Built Std.Tactic.BVDecide.Normalize.Bool:c.o (62ms)
✔ [1950/7677] Built Std.Tactic.BVDecide.Normalize.Equal:c.o (74ms)
✔ [1951/7677] Built Init.Data.Range.Polymorphic.Internal.SignedBitVec:c.o (324ms)
✔ [1952/7677] Built Std.Data.DTreeMap.Internal.WF.Lemmas (8.7s)
✔ [1954/7677] Built Lean.Data.PrefixTree:c.o (418ms)
✔ [1955/7677] Built Init.Data.Float.Model.Format (160ms)
✔ [1957/7677] Built Init.Data.Float.Model.Unpacked.Pack.Lemmas (362ms)
✔ [1959/7677] Built Std.Data.TreeSet.Raw.Basic (657ms)
✔ [1961/7677] Built Std.Data.DTreeMap.Internal.WF.Lemmas:c.o (1.7s)
✔ [1962/7677] Built Init.Data.Float.Model.Format:c.o (120ms)
✔ [1963/7677] Built Init.Data.BitVec.Bitblast (11s)
✔ [1965/7677] Built Init.GrindInstances.Ring.UInt (782ms)
✔ [1967/7677] Built Init.Data.Ord.UInt (224ms)
✔ [1969/7677] Built Init.Data.Char.Lemmas (462ms)
✔ [1971/7677] Built Std.Data.DTreeMap.Internal.Operations:c.o (29s)
✔ [1972/7677] Built Init.Data.Float.Model.Unpacked.Pack.Lemmas:c.o (177ms)
✔ [1973/7677] Built Std.Data.DTreeMap.AdditionalOperations (540ms)
✔ [1975/7677] Built Init.GrindInstances.Ring.UInt:c.o (174ms)
✔ [1976/7677] Built Init.Data.Ord.UInt:c.o (127ms)
✔ [1977/7677] Built Std.Data.TreeSet.Raw.Basic:c.o (1.4s)
✔ [1978/7677] Built Init.Data.Float.Model.Float (1.1s)
✔ [1980/7677] Built Init.Data.Char.Lemmas:c.o (200ms)
✔ [1981/7677] Built Init.Data.Float.Model.Unpacked.Pack (169ms)
✔ [1983/7677] Built Init.Data.BitVec.Bitblast:c.o (1.6s)
✔ [1984/7677] Built Init.Data.Float.Model.Float32 (423ms)
✔ [1986/7677] Built Std.Data.DTreeMap.AdditionalOperations:c.o (157ms)
✔ [1987/7677] Built Init.Data.UInt.Bitwise (4.0s)
✔ [1989/7677] Built Init.Data.BitVec (157ms)
✔ [1991/7677] Built Init.Grind.Homo.BitVec (255ms)
✔ [1993/7677] Built Init.Data.Char.Order (153ms)
✔ [1995/7677] Built Init.Data.Float.Model.Unpacked.Pack:c.o (81ms)
✔ [1996/7677] Built Init.Data.UInt.Lemmas:c.o (5.8s)
✔ [1997/7677] Built Init.Data.UInt.Package (452ms)
✔ [1999/7677] Built Std.Data.TreeMap.AdditionalOperations (227ms)
✔ [2001/7677] Built Init.Grind.Homo.BitVec:c.o (62ms)
✔ [2002/7677] Built Init.Data.Float.Model.Float:c.o (485ms)
✔ [2003/7677] Built Std.Data.DTreeMap.Raw.AdditionalOperations (195ms)
✔ [2005/7677] Built Init.Data.BitVec:c.o (77ms)
✔ [2006/7677] Built Init.Data.Char.Order:c.o (87ms)
✔ [2007/7677] Built Init.Data.Float.Float (336ms)
✔ [2009/7677] Built Init.Data.Float.Model.Float32:c.o (483ms)
✔ [2010/7677] Built Init.Data.Float.Model.Unpacked (196ms)
✔ [2012/7677] Built Init.Data.UInt.Package:c.o (172ms)
✔ [2013/7677] Built Std.Data.TreeMap.AdditionalOperations:c.o (155ms)
✔ [2014/7677] Built Init.Data.UInt.Bitwise:c.o (696ms)
✔ [2015/7677] Built Std.Data.DHashMap.Internal.Index (248ms)
✔ [2017/7677] Built Std.Data.DTreeMap.Raw.AdditionalOperations:c.o (204ms)
✔ [2018/7677] Built Std.Data.TreeSet.AdditionalOperations (385ms)
✔ [2020/7677] Built Init.Data.Float.Float:c.o (670ms)
✔ [2021/7677] Built Init.Data.Float.Model.Unpacked:c.o (175ms)
✔ [2022/7677] Built Std.Data.TreeMap.Raw.AdditionalOperations (249ms)
✔ [2024/7677] Built Std.Data.DHashMap.Internal.Index:c.o (278ms)
✔ [2025/7677] Built Init.Data.UInt.IntToBitVec (1.6s)
✔ [2027/7677] Built Std.Data.DTreeMap.Raw.WF (720ms)
✔ [2029/7677] Built Init.Data.SInt.Float (252ms)
✔ [2031/7677] Built Init.Data.Float.Float32 (654ms)
✔ [2033/7677] Built Init.Data.Float.Model (381ms)
✔ [2035/7677] Built Std.Data.TreeSet.AdditionalOperations:c.o (236ms)
✔ [2036/7677] Built Std.Data.TreeMap.Raw.AdditionalOperations:c.o (129ms)
✔ [2037/7677] Built Init.Data.FloatArray.Basic (863ms)
✔ [2039/7677] Built Init.Data.UInt.IntToBitVec:c.o (249ms)
✔ [2040/7677] Built Std.Data.DTreeMap.Raw.WF:c.o (194ms)
✔ [2041/7677] Built Init.Data.SInt.Float:c.o (285ms)
✔ [2042/7677] Built Init.Data.Float.Model:c.o (125ms)
✔ [2043/7677] Built Init.Data.Float.Float32:c.o (748ms)
✔ [2044/7677] Built Init.Data.UInt (526ms)
✔ [2046/7677] Built Std.Data.TreeMap.Raw.WF (577ms)
✔ [2048/7677] Built Init.Data.OfScientific (609ms)
✔ [2050/7677] Built Init.Data.FloatArray.Basic:c.o (1.4s)
✔ [2051/7677] Built Init.Data.SInt.Float32 (189ms)
✔ [2053/7677] Built Init.Data.Float (162ms)
✔ [2055/7677] Built Std.Data.DHashMap.Internal.Defs (2.6s)
✔ [2057/7677] Built Init.Data.FloatArray (236ms)
✔ [2059/7677] Built Init.Data.UInt:c.o (153ms)
✔ [2060/7677] Built Std.Data.TreeMap.Raw.WF:c.o (122ms)
✔ [2061/7677] Built Init.Data.SInt.Float32:c.o (154ms)
✔ [2062/7677] Built Init.Data.Float:c.o (145ms)
✔ [2063/7677] Built Init.Data.OfScientific:c.o (394ms)
✔ [2064/7677] Built Std.Data.TreeSet.Raw.WF (524ms)
✔ [2066/7677] Built Init.Data.FloatArray:c.o (167ms)
✔ [2067/7677] Built Std.Data.DHashMap.Internal.HashesTo (266ms)
✔ [2069/7677] Built Init.Data.String.Decode (6.8s)
✔ [2071/7677] Built Init.Data.Range.Polymorphic.UInt (1.7s)
✔ [2073/7677] Built Std.Data.TreeSet.Raw.WF:c.o (160ms)
✔ [2074/7677] Built Std.Data.DHashMap.Internal.HashesTo:c.o (147ms)
✔ [2075/7677] Built Init.Data.String.Decode:c.o (842ms)
✔ [2076/7677] Built Init.Data.Range.Polymorphic.UInt:c.o (533ms)
✔ [2077/7677] Built Std.Data.DHashMap.Internal.Defs:c.o (3.7s)
✔ [2078/7677] Built Std.Data.DHashMap.Raw (3.2s)
✔ [2080/7677] Built Std.Data.HashMap.Raw (1.6s)
✔ [2082/7677] Built Std.Data.DHashMap.Basic (2.4s)
✔ [2084/7677] Built Std.Data.HashSet.Raw (606ms)
✔ [2086/7677] Built Std.Data.DHashMap.Raw:c.o (3.1s)
✔ [2087/7677] Built Init.Data.String.Basic (5.8s)
✔ [2089/7677] Built Init.Data.SInt.Lemmas (14s)
✔ [2091/7677] Built Std.Data.DHashMap.Iterator (284ms)
✔ [2093/7677] Built Std.Data.HashMap.Raw:c.o (1.0s)
✔ [2094/7677] Built Std.Data.HashSet.Raw:c.o (1.5s)
✔ [2095/7677] Built Std.Data.DHashMap.Internal.Raw (1.2s)
✔ [2097/7677] Built Std.Data.HashMap.Basic (1.3s)
✔ [2099/7677] Built Std.Data.DHashMap.Iterator:c.o (280ms)
✔ [2100/7677] Built Std.Data.DHashMap.Internal.Model (2.1s)
✔ [2102/7677] Built Init.Data.SInt.Lemmas:c.o (771ms)
✔ [2103/7677] Built Init.Sym.Lemmas (560ms)
✔ [2105/7677] Built Std.Data.DHashMap.Basic:c.o (2.6s)
✔ [2106/7677] Built Lean.Data.LOption (323ms)
✔ [2108/7677] Built Init.Data.String.Stream (201ms)
✔ [2110/7677] Built Init.Data.String.Legacy (423ms)
✔ [2112/7677] Built Std.Tactic.BVDecide.Bitblast.BoolExpr.Basic (457ms)
✔ [2114/7677] Built Std.Internal.Parsec.ByteArray (907ms)
✔ [2116/7677] Built Init.Data.String.Lemmas.StringOrder (188ms)
✔ [2118/7677] Built Std.Data.DHashMap.Internal.Raw:c.o (103ms)
✔ [2119/7677] Built Init.Data.String.Length (224ms)
✔ [2121/7677] Built Init.Data.Ord.SInt (281ms)
✔ [2123/7677] Built Init.Data.String.Lemmas.Basic (830ms)
✔ [2125/7677] Built Init.GrindInstances.Ring.SInt (769ms)
✔ [2127/7677] Built Init.Sym.Lemmas:c.o (121ms)
✔ [2128/7677] Built Init.Data.String.Basic:c.o (2.0s)
✔ [2129/7677] Built Lean.Data.LOption:c.o (424ms)
✔ [2130/7677] Built Init.Data.String.Stream:c.o (156ms)
✔ [2131/7677] Built Init.Data.String.Legacy:c.o (192ms)
✔ [2132/7677] Built Std.Tactic.BVDecide.Bitblast.BoolExpr.Basic:c.o (353ms)
✔ [2133/7677] Built Init.Data.String.Lemmas.StringOrder:c.o (101ms)
✔ [2134/7677] Built Std.Data.DHashMap.Internal.Model:c.o (1.2s)
✔ [2135/7677] Built Init.Data.String.Length:c.o (116ms)
✔ [2136/7677] Built Init.Data.Ord.SInt:c.o (111ms)
✔ [2137/7677] Built Std.Data.HashMap.Basic:c.o (1.8s)
✔ [2138/7677] Built Std.Data.HashMap.Iterator (303ms)
✔ [2140/7677] Built Lean.Util.SCC (437ms)
✔ [2142/7677] Built Lean.Util.MonadCache (785ms)
✔ [2144/7677] Built Lean.Util.Diff (1.1s)
✔ [2146/7677] Built Init.Data.String.Lemmas.Basic:c.o (232ms)
✔ [2147/7677] Built Std.Internal.Parsec.ByteArray:c.o (1.9s)
✔ [2148/7677] Built Init.Data.SInt.Bitwise (3.6s)
✔ [2150/7677] Built Init.GrindInstances.Ring.SInt:c.o (221ms)
✔ [2151/7677] Built Init.Sym (210ms)
✔ [2153/7677] Built Std.Data.HashSet.Basic (658ms)
✔ [2155/7677] Built Std.Tactic.BVDecide.Bitblast.BoolExpr (270ms)
✔ [2157/7677] Built Init.Data.Ord.String (528ms)
✔ [2159/7677] Built Lean.Data.EditDistance (711ms)
✔ [2161/7677] Built Std.Time.Duration (1.2s)
✔ [2163/7677] Built Lake.Util.String (843ms)
✔ [2165/7677] Built Init.Data.Nat.ToString (3.1s)
✔ [2167/7677] Built Std.Data.DHashMap.Internal.WF (4.0s)
✔ [2169/7677] Built Init.Data.SInt.Package (876ms)
✔ [2171/7677] Built Std.Data.HashMap.Iterator:c.o (475ms)
✔ [2172/7677] Built Lean.Util.SCC:c.o (696ms)
✔ [2173/7677] Built Init.Data.String.FindPos (673ms)
✔ [2175/7677] Built Std.Tactic.BVDecide.Bitblast.BVExpr.Basic (5.6s)
✔ [2177/7677] Built Init.GrindInstances.Ring (506ms)
✔ [2179/7677] Built Lean.Util.Diff:c.o (2.6s)
✔ [2180/7677] Built Init.Data.String.Lemmas.Order (1.9s)
✔ [2182/7677] Built Init.Data.SInt.Bitwise:c.o (1.0s)
✔ [2183/7677] Built Init.Sym:c.o (136ms)
✔ [2184/7677] Built Std.Tactic.BVDecide.Bitblast.BoolExpr:c.o (130ms)
✔ [2185/7677] Built Init.Data.Ord.String:c.o (100ms)
✔ [2186/7677] Built Lean.Util.MonadCache:c.o (3.5s)
✔ [2187/7677] Built Lake.Util.String:c.o (332ms)
✔ [2188/7677] Built Std.Data.HashSet.Basic:c.o (1.2s)
✔ [2189/7677] Built Lean.Data.SMap (756ms)
✔ [2191/7677] Built Std.Data.DHashMap.Internal.WF:c.o (793ms)
✔ [2192/7677] Built Init.Data.Nat.ToString:c.o (258ms)
✔ [2193/7677] Built Lean.Data.EditDistance:c.o (1.6s)
✔ [2194/7677] Built Init.Data.SInt.Package:c.o (168ms)
✔ [2195/7677] Built Init.GrindInstances.Ring:c.o (130ms)
✔ [2196/7677] Built Std.Time.Duration:c.o (1.0s)
✔ [2197/7677] Built Init.Grind.Homo.ISize (284ms)
✔ [2199/7677] Built Init.Data.String.FindPos:c.o (700ms)
✔ [2200/7677] Built Init.Grind.Homo.Int32 (216ms)
✔ [2202/7677] Built Init.Grind.Homo.Int64 (366ms)
✔ [2204/7677] Built Init.Grind.Homo.Int16 (390ms)
✔ [2206/7677] Built Init.Grind.Homo.Int8 (503ms)
✔ [2208/7677] Built Init.Grind.Homo.USize (524ms)
✔ [2210/7677] Built Init.Data.SInt.IntToBitVec (1.7s)
✔ [2212/7677] Built Init.Grind.Homo.UInt64 (476ms)
✔ [2214/7677] Built Init.Grind.Homo.UInt32 (414ms)
✔ [2216/7677] Built Init.Grind.Homo.UInt16 (439ms)
✔ [2218/7677] Built Init.Grind.Homo.UInt8 (531ms)
✔ [2220/7677] Built Std.Data.HashSet.Iterator (477ms)
✔ [2222/7677] Built Lean.Util.PtrSet (562ms)
✔ [2224/7677] Built Lean.Util.ShareCommon (773ms)
✔ [2226/7677] Built Init.Data.String.Lemmas.Order:c.o (202ms)
✔ [2227/7677] Built Init.Data.Ord (269ms)
✔ [2229/7677] Built Lake.Util.OrdHashSet (712ms)
✔ [2231/7677] Built Std.Data.DHashMap.AdditionalOperations (576ms)
✔ [2233/7677] Built Lean.Data.NameTrie (806ms)
✔ [2235/7677] Built Init.Data.Nat (308ms)
✔ [2237/7677] Built Init.GrindInstances (394ms)
✔ [2239/7677] Built Init.Grind.Homo.ISize:c.o (187ms)
✔ [2240/7677] Built Init.Grind.Homo.Int32:c.o (160ms)
✔ [2241/7677] Built Init.Grind.Homo.Int64:c.o (144ms)
✔ [2242/7677] Built Std.Tactic.BVDecide.Bitblast.BVExpr.Basic:c.o (5.4s)
✔ [2243/7677] Built Init.Grind.Homo.Int16:c.o (161ms)
✔ [2244/7677] Built Init.Grind.Homo.Int8:c.o (164ms)
✔ [2245/7677] Built Init.Grind.Homo.USize:c.o (201ms)
✔ [2246/7677] Built Init.Data.SInt.IntToBitVec:c.o (135ms)
✔ [2247/7677] Built Lean.Data.SMap:c.o (1.7s)
✔ [2248/7677] Built Init.Grind.Homo.UInt32:c.o (89ms)
✔ [2249/7677] Built Init.Grind.Homo.UInt64:c.o (135ms)
✔ [2250/7677] Built Init.Grind.Homo.UInt8:c.o (103ms)
✔ [2251/7677] Built Init.Grind.Homo.UInt16:c.o (150ms)
✔ [2252/7677] Built Std.Data.HashSet.Iterator:c.o (224ms)
✔ [2253/7677] Built Lean.Util.PtrSet:c.o (194ms)
✔ [2254/7677] Built Lake.Util.OrdHashSet:c.o (752ms)
✔ [2255/7677] Built Init.Data.Ord:c.o (252ms)
✔ [2256/7677] Built Std.Data.DHashMap.AdditionalOperations:c.o (244ms)
✔ [2257/7677] Built Init.Data.String.Lemmas.FindPos (1.7s)
✔ [2259/7677] Built Lean.Data.SSet (551ms)
✔ [2261/7677] Built Init.Data.Nat:c.o (312ms)
✔ [2262/7677] Built Lean.Util.ShareCommon:c.o (2.2s)
✔ [2263/7677] Built Init.GrindInstances:c.o (203ms)
✔ [2264/7677] Built Init.Data.SInt (324ms)
✔ [2266/7677] Built Init.Grind.Homo (423ms)
✔ [2268/7677] Built Lean.DocString.Types (2.0s)
✔ [2270/7677] Built Lean.Data.NameTrie:c.o (4.4s)
✔ [2271/7677] Built Std.Data.HashMap.AdditionalOperations (380ms)
✔ [2273/7677] Built Init.Data.String.Lemmas.FindPos:c.o (364ms)
✔ [2274/7677] Built Init.Data.SInt:c.o (193ms)
✔ [2275/7677] Built Lean.Data.SSet:c.o (416ms)
✔ [2276/7677] Built Lean.Meta.Tactic.Grind.AC.Seq (4.1s)
✔ [2278/7677] Built Init.Grind.Homo:c.o (250ms)
✔ [2279/7677] Built Std.Data.HashMap.AdditionalOperations:c.o (260ms)
✔ [2280/7677] Built Init.Data.String.Iterate (3.4s)
✔ [2282/7677] Built Init.Data.Range.Polymorphic.SInt (3.4s)
✔ [2284/7677] Built Init.Grind (665ms)
✔ [2286/7677] Built Lean.Meta.Tactic.Grind.AC.Seq:c.o (1.9s)
✔ [2287/7677] Built Lean.DocString.Types:c.o (6.0s)
✔ [2288/7677] Built Init.Grind:c.o (352ms)
✔ [2289/7677] Built Init.Data.String.Lemmas.IsEmpty (839ms)
✔ [2291/7677] Built Init.Data.Range.Polymorphic.SInt:c.o (1.6s)
✔ [2292/7677] Built Init.Data.String.Iterate:c.o (3.5s)
✔ [2293/7677] Built Init.Data.Vector.Algebra (1.6s)
✔ [2295/7677] Built Init.Data.String.Lemmas.IsEmpty:c.o (252ms)
✔ [2296/7677] Built Init.Data.Range.Polymorphic.Fin (2.1s)
✔ [2298/7677] Built Init.Data.Vector.Algebra:c.o (819ms)
✔ [2299/7677] Built Init.Data.Char.Ordinal (3.3s)
✔ [2301/7677] Built Init.Data.Vector (904ms)
✔ [2303/7677] Built Init.Data.String.Subslice (1.1s)
✔ [2305/7677] Built Init.Data.Char.Ordinal:c.o (496ms)
✔ [2306/7677] Built Init.Data.Range.Polymorphic.Fin:c.o (459ms)
✔ [2307/7677] Built Init.Data.Vector:c.o (372ms)
✔ [2308/7677] Built Init.Data.Char (224ms)
✔ [2310/7677] Built Init.Data.String.Lemmas.Splits (2.9s)
✔ [2312/7677] Built Init.Data.String.Lemmas.Splits:c.o (404ms)
✔ [2313/7677] Built Init.Data.String.Subslice:c.o (941ms)
✔ [2314/7677] Built Init.Data.Char:c.o (166ms)
✔ [2315/7677] Built Init.Data.Range.Polymorphic.Char (581ms)
✔ [2317/7677] Built Init.Data.Range.Polymorphic.Char:c.o (476ms)
✔ [2318/7677] Built Init.Data.Range.Polymorphic (730ms)
✔ [2320/7677] Built Std.Http.Internal.Char (1.4s)
✔ [2322/7677] Built Init.Data.Range.Polymorphic:c.o (349ms)
✔ [2323/7677] Built Init.Data.String.Termination (1.0s)
✔ [2325/7677] Built Lean.Util.ParamMinimizer (1.0s)
✔ [2327/7677] Built Init.Data.String.Termination:c.o (681ms)
✔ [2328/7677] Built Std.Http.Internal.Char:c.o (1.5s)
✔ [2329/7677] Built Std.Http.Data.URI.Encoding (2.6s)
✔ [2331/7677] Built Init.Data.String.Lemmas.Iterate (1.5s)
✔ [2333/7677] Built Init.Data.String.Modify (539ms)
✔ [2335/7677] Built Init.Data.String.Pattern.Basic (1.6s)
✔ [2337/7677] Built Lean.Util.ParamMinimizer:c.o (2.9s)
✔ [2338/7677] Built Init.Data.String.Modify:c.o (268ms)
✔ [2339/7677] Built Init.Data.String.Lemmas.Iterate:c.o (427ms)
✔ [2340/7677] Built Init.System.IOError (678ms)
✔ [2342/7677] Built Std.Http.Data.URI.Encoding:c.o (2.0s)
✔ [2343/7677] Built Init.Data.String.Lemmas.Modify (428ms)
✔ [2345/7677] Built Init.Data.String.Iterator (945ms)
✔ [2347/7677] Built Init.Data.String.Pattern.Basic:c.o (1.0s)
✔ [2348/7677] Built Init.Data.String.Lemmas.Pattern.Memcmp (912ms)
✔ [2350/7677] Built Init.Data.String.Pattern.Pred (644ms)
✔ [2352/7677] Built Init.System.IOError:c.o (891ms)
✔ [2353/7677] Built Init.Data.String.Lemmas.Modify:c.o (145ms)
✔ [2354/7677] Built Init.Data.String.Lemmas.Pattern.Basic (3.7s)
✔ [2356/7677] Built Init.Data.String.Lemmas.Pattern.Memcmp:c.o (127ms)
✔ [2357/7677] Built Init.Data.String.Iterator:c.o (1.2s)
✔ [2358/7677] Built Init.Data.String.Pattern.Pred:c.o (730ms)
✔ [2359/7677] Built Std.Http.Internal.LowerCase (459ms)
✔ [2361/7677] Built Init.Data.String.Lemmas.Pattern.Basic:c.o (364ms)
✔ [2362/7677] Built Std.Http.Internal.LowerCase:c.o (119ms)
✔ [2363/7677] Built Init.Data.String.Pattern.Char (300ms)
✔ [2365/7677] Built Init.Data.String.Pattern.Char:c.o (250ms)
✔ [2366/7677] Built Init.Data.String.Pattern.String (4.9s)
✔ [2368/7677] Built Init.Data.String.Pattern (171ms)
✔ [2370/7677] Built Init.Data.String.Pattern:c.o (89ms)
✔ [2371/7677] Built Init.Data.String.Pattern.String:c.o (1.2s)
✔ [2372/7677] Built Std.Data.DHashMap.Internal.RawLemmas (37s)
✔ [2374/7677] Built Std.Data.DHashMap.DecidableEquiv (166ms)
✔ [2376/7677] Built Std.Data.DHashMap.RawDecidableEquiv (155ms)
✔ [2378/7677] Built Std.Data.DTreeMap.Internal.Lemmas (52s)
✔ [2380/7677] Built Std.Data.DHashMap.RawDecidableEquiv:c.o (208ms)
✔ [2381/7677] Built Init.Data.String.Slice (3.7s)
✔ [2383/7677] Built Std.Data.DHashMap.DecidableEquiv:c.o (160ms)
✔ [2384/7677] Built Std.Data.HashMap.RawDecidableEquiv (504ms)
✔ [2386/7677] Built Std.Data.HashMap.DecidableEquiv (353ms)
✔ [2388/7677] Built Std.Data.DHashMap.Internal.RawLemmas:c.o (2.9s)
✔ [2389/7677] Built Std.Data.DTreeMap.Internal.Lemmas:c.o (4.6s)
✔ [2390/7677] Built Std.Data.DTreeMap.Raw.DecidableEquiv (548ms)
✔ [2392/7677] Built Init.Data.String.Slice:c.o (9.3s)
✔ [2393/7677] Built Std.Data.DTreeMap.Internal.Zipper (10s)
✔ [2395/7677] Built Std.Data.HashMap.RawDecidableEquiv:c.o (376ms)
✔ [2396/7677] Built Std.Data.HashMap.DecidableEquiv:c.o (267ms)
✔ [2397/7677] Built Init.Data.String.Iter.Intercalate (546ms)
✔ [2399/7677] Built Init.Data.String.Lemmas.Intercalate (960ms)
✔ [2401/7677] Built Std.Internal.Parsec.String (1.2s)
✔ [2403/7677] Built Init.Data.String.Substring (1.9s)
✔ [2405/7677] Built Init.Data.String.Lemmas.Slice (599ms)
✔ [2407/7677] Built Std.Data.DHashMap.Lemmas (21s)
✔ [2409/7677] Built Std.Data.DTreeMap.Raw.DecidableEquiv:c.o (141ms)
✔ [2410/7677] Built Init.Data.String.Search (2.6s)
✔ [2412/7677] Built Std.Data.HashSet.RawDecidableEquiv (316ms)
✔ [2414/7677] Built Std.Data.HashSet.DecidableEquiv (418ms)
✔ [2416/7677] Built Init.Data.String.Iter.Intercalate:c.o (374ms)
✔ [2417/7677] Built Init.Data.String.Lemmas.Intercalate:c.o (302ms)
✔ [2418/7677] Built Std.Internal.Parsec.String:c.o (690ms)
✔ [2419/7677] Built Std.Data.DTreeMap.Internal.Zipper:c.o (2.7s)
✔ [2420/7677] Built Init.Data.String.Lemmas.Slice:c.o (101ms)
✔ [2421/7677] Built Std.Data.DHashMap.Lemmas:c.o (106ms)
✔ [2422/7677] Built Std.Data.DTreeMap.Raw.Slice (427ms)
✔ [2424/7677] Built Std.Data.DTreeMap.Raw.Iterator (301ms)
✔ [2426/7677] Built Std.Data.DHashMap.RawLemmas (26s)
✔ [2428/7677] Built Std.Data.HashSet.RawDecidableEquiv:c.o (107ms)
✔ [2429/7677] Built Std.Data.HashSet.DecidableEquiv:c.o (89ms)
✔ [2430/7677] Built Init.Data.String.Iter (178ms)
✔ [2432/7677] Built Init.Data.String.Substring:c.o (2.9s)
✔ [2433/7677] Built Init.Data.String.Search:c.o (1.6s)
✔ [2434/7677] Built Init.Data.String.Lemmas.Iter (305ms)
✔ [2436/7677] Built Init.Data.String.Lemmas.Length (161ms)
✔ [2438/7677] Built Std.Internal.Parsec (392ms)
✔ [2440/7677] Built Init.Data.String.Lemmas.Pattern.String.Basic (1.1s)
✔ [2442/7677] Built Std.Data.DTreeMap.Raw.Lemmas (21s)
✔ [2444/7677] Built Lean.Data.Json.Basic (1.0s)
✔ [2446/7677] Built Init.Data.String.Lemmas.Hashable (209ms)
✔ [2448/7677] Built Init.Data.String.TakeDrop (851ms)
✔ [2450/7677] Built Std.Data.DTreeMap.Raw.Slice:c.o (178ms)
✔ [2451/7677] Built Std.Data.DTreeMap.Raw.Iterator:c.o (154ms)
✔ [2452/7677] Built Init.Data.String.Lemmas.Pattern.Find.Basic (544ms)
✔ [2454/7677] Built Std.Data.ExtDHashMap.Basic (1.6s)
✔ [2456/7677] Built Std.Data.DTreeMap.Lemmas (17s)
✔ [2458/7677] Built Init.Data.String.Lemmas.Pattern.Split.Basic (994ms)
✔ [2460/7677] Built Init.Data.String.Lemmas.Pattern.Pred (1.6s)
✔ [2462/7677] Built Lake.Util.Casing (206ms)
✔ [2464/7677] Built Init.Data.String.Lemmas.Search (304ms)
✔ [2466/7677] Built Init.Data.String.Iter:c.o (70ms)
✔ [2467/7677] Built Init.System.FilePath (606ms)
✔ [2469/7677] Built Init.Data.Format.Instances (300ms)
✔ [2471/7677] Built Init.Data.String.Lemmas.Iter:c.o (137ms)
✔ [2472/7677] Built Init.Data.String.Lemmas.Length:c.o (94ms)
✔ [2473/7677] Built Init.Data.String.Lemmas.Pattern.String.Basic:c.o (87ms)
✔ [2474/7677] Built Std.Internal.Parsec:c.o (88ms)
✔ [2475/7677] Built Init.Data.String.Extra (871ms)
✔ [2477/7677] Built Init.Data.String.Lemmas.Hashable:c.o (75ms)
✔ [2478/7677] Built Std.Data.DHashMap.RawLemmas:c.o (402ms)
✔ [2479/7677] Built Std.Data.DTreeMap.Raw.Lemmas:c.o (143ms)
✔ [2480/7677] Built Std.Data.DTreeMap.Slice (434ms)
✔ [2482/7677] Built Std.Data.TreeMap.Raw.Slice (473ms)
✔ [2484/7677] Built Std.Data.DTreeMap.Iterator (182ms)
✔ [2486/7677] Built Std.Data.TreeMap.Raw.Iterator (309ms)
✔ [2488/7677] Built Init.Data.String.Lemmas.Pattern.Find.Basic:c.o (327ms)
✔ [2489/7677] Built Std.Data.DTreeMap.Lemmas:c.o (233ms)
✔ [2490/7677] Built Init.Data.String.TakeDrop:c.o (1.3s)
✔ [2491/7677] Built Init.Data.String.Lemmas.Pattern.Pred:c.o (167ms)
✔ [2492/7677] Built Init.Data.String.Lemmas.Pattern.Split.Basic:c.o (616ms)
✔ [2493/7677] Built Lake.Util.Casing:c.o (307ms)
✔ [2494/7677] Built Std.Data.ExtDHashMap.Basic:c.o (1.4s)
✔ [2495/7677] Built Init.Data.Format.Instances:c.o (985ms)
✔ [2496/7677] Built Init.Data.String.Lemmas.Search:c.o (148ms)
✔ [2497/7677] Built Init.System.FilePath:c.o (1.8s)
✔ [2498/7677] Built Lean.Data.Json.Basic:c.o (3.9s)
✔ [2499/7677] Built Std.Data.DTreeMap.Raw (198ms)
✔ [2501/7677] Built Std.Time.Zoned.Database.TzIf (1.0s)
✔ [2503/7677] Built Std.Data.HashMap.Lemmas (9.3s)
✔ [2505/7677] Built Lean.Data.Json.Parser (1.6s)
✔ [2507/7677] Built Init.Data.ToString.Name (1000ms)
✔ [2509/7677] Built Init.Data.String.Extra:c.o (1.5s)
✔ [2510/7677] Built Std.Http.Internal.String (1.1s)
✔ [2512/7677] Built Init.Data.String.Lemmas.Pattern.TakeDrop.Basic (2.4s)
✔ [2514/7677] Built Lean.Data.Name (930ms)
✔ [2516/7677] Built Init.Data.String.Lemmas.Pattern.String.ForwardSearcher (6.7s)
✔ [2518/7677] Built Init.Data.String.Lemmas.TakeDrop (421ms)
✔ [2520/7677] Built Std.Data.TreeMap.Raw.Slice:c.o (386ms)
✔ [2521/7677] Built Std.Data.DTreeMap.Iterator:c.o (350ms)
✔ [2522/7677] Built Std.Data.DTreeMap.Slice:c.o (475ms)
✔ [2523/7677] Built Std.Data.TreeMap.Raw.Iterator:c.o (282ms)
✔ [2524/7677] Built Lake.Util.Cli (1.3s)
✔ [2526/7677] Built Std.Data.ExtHashMap.Basic (1.1s)
✔ [2528/7677] Built Std.Data.HashMap.RawLemmas (13s)
✔ [2530/7677] Built Init.Data.String.Lemmas.Pattern.Split.Pred (454ms)
✔ [2532/7677] Built Std.Data.ExtDTreeMap.Basic (3.8s)
✔ [2534/7677] Built Init.Data.String.Lemmas.Pattern.String.ForwardPattern (921ms)
✔ [2536/7677] Built Init.Data.String.Lemmas.Pattern.Find.Pred (1.2s)
✔ [2538/7677] Built Std.Data.TreeMap.Raw.Lemmas (13s)
✔ [2540/7677] Built Lake.Config.Defaults (413ms)
✔ [2542/7677] Built Init.Data.String.Lemmas.Pattern.Char (1.2s)
✔ [2544/7677] Built Lean.Compiler.FFI (506ms)
✔ [2546/7677] Built Std.Data.DTreeMap.Raw:c.o (152ms)
✔ [2547/7677] Built Init.System.Uri (888ms)
✔ [2549/7677] Built Std.Data.HashMap.Lemmas:c.o (283ms)
✔ [2550/7677] Built Init.System.IO (3.1s)
✔ [2552/7677] Built Init.Data.ToString.Name:c.o (1.0s)
✔ [2553/7677] Built Std.Time.Zoned.Database.TzIf:c.o (3.1s)
✔ [2554/7677] Built Std.Http.Internal.String:c.o (837ms)
✔ [2555/7677] Built Std.Data.TreeMap.Lemmas (10s)
✔ [2557/7677] Built Init.Data.String.Lemmas.Pattern.TakeDrop.Basic:c.o (175ms)
✔ [2558/7677] Built Init.Data.String.Lemmas.Pattern.String.ForwardSearcher:c.o (401ms)
✔ [2559/7677] Built Lean.Data.Name:c.o (1.2s)
✔ [2560/7677] Built Init.Data.String.Lemmas.TakeDrop:c.o (105ms)
✔ [2561/7677] Built Std.Data.TreeSet.Raw.Slice (601ms)
✔ [2563/7677] Built Std.Data.TreeMap.Slice (449ms)
✔ [2565/7677] Built Lean.Data.Json.Parser:c.o (3.7s)
✔ [2566/7677] Built Std.Data.HashMap.RawLemmas:c.o (53ms)
✔ [2567/7677] Built Std.Data.TreeMap.Iterator (292ms)
✔ [2569/7677] Built Std.Data.TreeSet.Raw.Iterator (307ms)
✔ [2571/7677] Built Init.Data.String.Lemmas.Pattern.Split.Pred:c.o (111ms)
✔ [2572/7677] Built Init.Data.String.Lemmas.Pattern.String.ForwardPattern:c.o (108ms)
✔ [2573/7677] Built Init.Data.String.Lemmas.Pattern.Find.Pred:c.o (92ms)
✔ [2574/7677] Built Std.Data.TreeMap.Raw.Lemmas:c.o (82ms)
✔ [2575/7677] Built Lake.Config.Defaults:c.o (72ms)
✔ [2576/7677] Built Init.Data.String.Lemmas.Pattern.Char:c.o (123ms)
✔ [2577/7677] Built Std.Data.ExtDHashMap.Lemmas (12s)
✔ [2579/7677] Built Std.Data.ExtHashMap.Basic:c.o (866ms)
✔ [2580/7677] Built Std.Data.DTreeMap.DecidableEquiv (249ms)
✔ [2582/7677] Built Lean.Compiler.FFI:c.o (526ms)
✔ [2583/7677] Built Init.System.Uri:c.o (910ms)
✔ [2584/7677] Built Lake.Util.Cli:c.o (1.0s)
✔ [2585/7677] Built Init.Data.ToString (143ms)
✔ [2587/7677] Built Std.Data.ExtDTreeMap.Basic:c.o (2.0s)
✔ [2588/7677] Built Lean.Data.OpenDecl (235ms)
✔ [2590/7677] Built Init.Data.Format.Syntax (319ms)
✔ [2592/7677] Built Init.CbvSimproc (851ms)
✔ [2594/7677] Built Lean.Data.NameMap.Basic (497ms)
✔ [2596/7677] Built Std.Data.HashSet.Lemmas (2.4s)
✔ [2598/7677] Built Std.Data.TreeMap.Lemmas:c.o (157ms)
✔ [2599/7677] Built Init.Data.String.Lemmas.Pattern.Find.String (344ms)
✔ [2601/7677] Built Std.Data.TreeSet.Raw.Slice:c.o (290ms)
✔ [2602/7677] Built Std.Data.TreeMap.Slice:c.o (302ms)
✔ [2603/7677] Built Init.Simproc (1.8s)
✔ [2605/7677] Built Std.Data.TreeMap.Iterator:c.o (192ms)
✔ [2606/7677] Built Init.Data.String.Lemmas.Pattern.TakeDrop.Pred (1.2s)
✔ [2608/7677] Built Std.Data.ExtHashSet.Basic (564ms)
✔ [2610/7677] Built Std.Data.TreeSet.Raw.Iterator:c.o (107ms)
✔ [2611/7677] Built Init.Data.String.Lemmas.Pattern.String (206ms)
✔ [2613/7677] Built Std.Data.ExtTreeMap.Basic (1.3s)
✔ [2615/7677] Built Init.Data.String.Lemmas.Pattern.TakeDrop.Char (938ms)
✔ [2617/7677] Built Init.System.IO:c.o (5.3s)
✔ [2618/7677] Built Init.Data.String.Lemmas.Pattern.Split.Char (923ms)
✔ [2620/7677] Built Init.Data.String.Lemmas.Pattern.Find.Char (897ms)
✔ [2622/7677] Built Std.Data.ExtDHashMap.Lemmas:c.o (148ms)
✔ [2623/7677] Built Std.Data.DTreeMap.DecidableEquiv:c.o (113ms)
✔ [2624/7677] Built Std.Data.HashSet.RawLemmas (3.8s)
✔ [2626/7677] Built Lean.Cadical.Internal (418ms)
✔ [2628/7677] Built Lean.Server.ServerTask (552ms)
✔ [2630/7677] Built Lake.Util.NativeLib (323ms)
✔ [2632/7677] Built Lake.Util.Lock (403ms)
✔ [2634/7677] Built Lake.Util.Error (340ms)
✔ [2636/7677] Built Lake.Util.Lift (388ms)
✔ [2638/7677] Built Lake.Util.IO (549ms)
✔ [2640/7677] Built Lean.Util.LakePath (220ms)
✔ [2642/7677] Built Std.Data.TreeSet.Raw.Lemmas (4.4s)
✔ [2644/7677] Built Lean.CompactedRegion (225ms)
✔ [2646/7677] Built Lean.InternalExceptionId (392ms)
✔ [2648/7677] Built Lean.LoadDynlib (446ms)
✔ [2650/7677] Built Lean.Compiler.IR.LLVMBindings (916ms)
✔ [2652/7677] Built Lean.ImportingFlag (296ms)
✔ [2654/7677] Built Lean.Util.Path (736ms)
✔ [2656/7677] Built Std.Sync.Basic (168ms)
✔ [2658/7677] Built Init.System.Promise (280ms)
✔ [2660/7677] Built Std.Net.Addr (703ms)
✔ [2662/7677] Built Std.Time.DateTime.WallTime (604ms)
✔ [2664/7677] Built Init.Data.ToString:c.o (141ms)
✔ [2665/7677] Built Init.Data.Random (395ms)
✔ [2667/7677] Built Lean.Data.OpenDecl:c.o (226ms)
✔ [2668/7677] Built Init.Data.Format.Syntax:c.o (454ms)
✔ [2669/7677] Built Init.CbvSimproc:c.o (682ms)
✔ [2670/7677] Built Std.Data.HashSet.Lemmas:c.o (189ms)
✔ [2671/7677] Built Init.Internal.Order.Basic (2.0s)
✔ [2673/7677] Built Init.Data.String.Lemmas.Pattern.Find.String:c.o (206ms)
✔ [2674/7677] Built Std.Data.TreeSet.Slice (611ms)
✔ [2676/7677] Built Std.Data.TreeSet.Iterator (334ms)
✔ [2678/7677] Built Lean.Data.NameMap.Basic:c.o (1.7s)
✔ [2679/7677] Built Init.Data.String.Lemmas.Pattern.TakeDrop.Pred:c.o (176ms)
✔ [2680/7677] Built Init.Data.String.Lemmas.Pattern.String:c.o (139ms)
✔ [2681/7677] Built Std.Data.ExtHashSet.Basic:c.o (557ms)
✔ [2682/7677] Built Init.Data.String.Lemmas.Pattern.TakeDrop.Char:c.o (140ms)
✔ [2683/7677] Built Init.Data.String.Lemmas.Pattern.Split.Char:c.o (201ms)
✔ [2684/7677] Built Init.Simproc:c.o (2.0s)
✔ [2685/7677] Built Std.Data.ExtDHashMap (285ms)
✔ [2687/7677] Built Init.Data.String.Lemmas.Pattern.Find.Char:c.o (147ms)
✔ [2688/7677] Built Std.Data.DTreeMap (256ms)
✔ [2690/7677] Built Std.Data.TreeSet.Lemmas (4.0s)
✔ [2692/7677] Built Std.Data.ExtTreeMap.Basic:c.o (2.2s)
✔ [2693/7677] Built Std.Data.HashSet.RawLemmas:c.o (95ms)
✔ [2694/7677] Built Std.Data.TreeMap.Raw.DecidableEquiv (270ms)
✔ [2696/7677] Built Std.Data.TreeMap.DecidableEquiv (285ms)
✔ [2698/7677] Built Lean.Server.ServerTask:c.o (463ms)
✔ [2699/7677] Built Lake.Util.Lock:c.o (341ms)
✔ [2700/7677] Built Lean.Cadical.Internal:c.o (542ms)
✔ [2701/7677] Built Lake.Util.NativeLib:c.o (115ms)
✔ [2702/7677] Built Lake.Util.Error:c.o (180ms)
✔ [2703/7677] Built Lean.Util.LakePath:c.o (150ms)
✔ [2704/7677] Built Lake.Util.Lift:c.o (313ms)
✔ [2705/7677] Built Std.Data.ExtDTreeMap.Lemmas (11s)
✔ [2707/7677] Built Std.Data.TreeSet.Raw.Lemmas:c.o (100ms)
✔ [2708/7677] Built Lean.CompactedRegion:c.o (141ms)
✔ [2709/7677] Built Lake.Util.IO:c.o (484ms)
✔ [2710/7677] Built Lean.InternalExceptionId:c.o (164ms)
✔ [2711/7677] Built Std.Sync.Basic:c.o (46ms)
✔ [2712/7677] Built Lean.ImportingFlag:c.o (183ms)
✔ [2713/7677] Built Lean.LoadDynlib:c.o (319ms)
✔ [2714/7677] Built Init.System.Promise:c.o (91ms)
✔ [2715/7677] Built Lake.Util.Family (334ms)
✔ [2717/7677] Built Lean.Compiler.IR.LLVMBindings:c.o (849ms)
✔ [2718/7677] Built Std.Sat.CNF.Literal (164ms)
✔ [2720/7677] Built Lean.Util.Path:c.o (859ms)
✔ [2721/7677] Built Std.Net.Addr:c.o (781ms)
✔ [2722/7677] Built Lake.Version (259ms)
✔ [2724/7677] Built Std.Http.Data.Version (253ms)
✔ [2726/7677] Built Std.Http.Internal.ChunkedBuffer (306ms)
✔ [2728/7677] Built Lake.Util.Cycle (443ms)
✔ [2730/7677] Built Init.Data.Format (149ms)
✔ [2732/7677] Built Lake.CLI.Error (670ms)
✔ [2734/7677] Built Lean.Data.KVMap (719ms)
✔ [2736/7677] Built Lake.Toml.Data.Dict (652ms)
✔ [2738/7677] Built Init.Data.Random:c.o (862ms)
✔ [2739/7677] Built Lean.Data.NameMap.AdditionalOperations (251ms)
✔ [2741/7677] Built Lake.Config.MetaClasses (329ms)
✔ [2743/7677] Built Std.Data.TreeSet.Slice:c.o (142ms)
✔ [2744/7677] Built Std.Time.DateTime.WallTime:c.o (1.3s)
✔ [2745/7677] Built Std.Data.TreeSet.Iterator:c.o (108ms)
✔ [2746/7677] Built Std.Tactic.BVDecide.Syntax (287ms)
✔ [2748/7677] Built Init.Internal.Order.Basic:c.o (423ms)
✔ [2749/7677] Built Init.Data.String.Lemmas.Pattern.Split (207ms)
✔ [2751/7677] Built Init.Data.String.Lemmas.Pattern.TakeDrop.String (357ms)
✔ [2753/7677] Built Init.Data.String.Lemmas.Pattern.Find (213ms)
✔ [2755/7677] Built Std.Data.DTreeMap:c.o (100ms)
✔ [2756/7677] Built Std.Data.ExtDHashMap:c.o (101ms)
✔ [2757/7677] Built Std.Data.TreeSet.Lemmas:c.o (130ms)
✔ [2758/7677] Built Std.Data.TreeMap.DecidableEquiv:c.o (65ms)
✔ [2759/7677] Built Std.Data.TreeMap.Raw.DecidableEquiv:c.o (94ms)
✔ [2760/7677] Built Std.Data.ExtDTreeMap.Lemmas:c.o (69ms)
✔ [2761/7677] Built Std.Data.ExtHashMap.Lemmas (6.1s)
✔ [2763/7677] Built Std.Data.ExtTreeSet.Basic (783ms)
✔ [2765/7677] Built Std.Sync.SharedMutex (370ms)
✔ [2767/7677] Built Std.Sync.RecursiveMutex (339ms)
✔ [2769/7677] Built Lean.Server.AsyncList (530ms)
✔ [2771/7677] Built Lake.Config.Glob (430ms)
✔ [2773/7677] Built Std.Internal.UV.Loop (184ms)
✔ [2775/7677] Built Std.Internal.UV.Timer (178ms)
✔ [2777/7677] Built Init.System.CancelToken (208ms)
✔ [2779/7677] Built Std.Sync.Mutex (339ms)
✔ [2781/7677] Built Std.Sat.CNF.Literal:c.o (147ms)
✔ [2782/7677] Built Std.Net (189ms)
✔ [2784/7677] Built Lake.Util.Family:c.o (293ms)
✔ [2785/7677] Built Lake.Version:c.o (125ms)
✔ [2786/7677] Built Std.Http.Data.Version:c.o (348ms)
✔ [2787/7677] Built Std.Http.Internal.ChunkedBuffer:c.o (285ms)
✔ [2788/7677] Built Std.Time.DateTime.Timestamp (581ms)
✔ [2790/7677] Built Lake.Util.Cycle:c.o (300ms)
✔ [2791/7677] Built Init.Data.Format:c.o (162ms)
✔ [2792/7677] Built Std.Time.DateTime.PlainDateTime (991ms)
✔ [2794/7677] Built Std.Async.Basic (1.5s)
✔ [2796/7677] Built Std.Internal.Order.PropLattice (214ms)
✔ [2798/7677] Built Lake.CLI.Error:c.o (1.3s)
✔ [2799/7677] Built Init.Internal.Order.MonadTail (444ms)
✔ [2801/7677] Built Lean.Data.NameMap.AdditionalOperations:c.o (136ms)
✔ [2802/7677] Built Init.Data.String.Lemmas.Pattern.TakeDrop.String:c.o (71ms)
✔ [2803/7677] Built Std.Tactic.BVDecide.Syntax:c.o (155ms)
✔ [2804/7677] Built Lean.Data.KVMap:c.o (1.3s)
✔ [2805/7677] Built Lake.Config.MetaClasses:c.o (161ms)
✔ [2806/7677] Built Init.Data.String.Lemmas.Pattern.Split:c.o (82ms)
✔ [2807/7677] Built Init.Data.String.Lemmas.Pattern.Find:c.o (87ms)
✔ [2808/7677] Built Std.Data.TreeMap.Raw (175ms)
✔ [2810/7677] Built Init.Internal.Order.Lemmas (1.3s)
✔ [2812/7677] Built Std.Data.TreeMap (211ms)
✔ [2814/7677] Built Std.Data.TreeSet.Raw.DecidableEquiv (217ms)
✔ [2816/7677] Built Std.Data.ExtHashMap.Lemmas:c.o (99ms)
✔ [2817/7677] Built Std.Data.TreeSet.DecidableEquiv (249ms)
✔ [2819/7677] Built Lake.Toml.Data.Dict:c.o (1.7s)
✔ [2820/7677] Built Std.Data.ExtDTreeMap (188ms)
✔ [2822/7677] Built Std.Sync.SharedMutex:c.o (446ms)
✔ [2823/7677] Built Lake.Config.Glob:c.o (523ms)
✔ [2824/7677] Built Std.Sync.RecursiveMutex:c.o (240ms)
✔ [2825/7677] Built Std.Internal.UV.Timer:c.o (139ms)
✔ [2826/7677] Built Lean.Server.AsyncList:c.o (658ms)
✔ [2827/7677] Built Std.Internal.UV.Loop:c.o (84ms)
✔ [2828/7677] Built Lake.Util.StoreInsts (361ms)
✔ [2830/7677] Built Std.Sync.Mutex:c.o (386ms)
✔ [2831/7677] Built Init.System.CancelToken:c.o (216ms)
✔ [2832/7677] Built Std.Net:c.o (91ms)
✔ [2833/7677] Built Std.Http.Internal.Encode (186ms)
✔ [2835/7677] Built Lake.CLI.Help (434ms)
✔ [2837/7677] Built Lake.Build.Topological (274ms)
✔ [2839/7677] Built Std.Data.ExtTreeSet.Basic:c.o (2.4s)
✔ [2840/7677] Built Std.Time.DateTime.Timestamp:c.o (1.5s)
✔ [2841/7677] Built Lean.Data.Options (1.4s)
✔ [2843/7677] Built Std.Sat.CNF.Basic (2.7s)
✔ [2845/7677] Built Std.Internal.Order.PropLattice:c.o (145ms)
✔ [2846/7677] Built Init.Internal.Order.MonadTail:c.o (164ms)
✔ [2847/7677] Built Lean.Data.NameMap (232ms)
✔ [2849/7677] Built Init.Data.String.Lemmas.Pattern.TakeDrop (223ms)
✔ [2851/7677] Built Std.Data.TreeMap.Raw:c.o (147ms)
✔ [2852/7677] Built Std.Data.TreeSet.Raw.DecidableEquiv:c.o (145ms)
✔ [2853/7677] Built Std.Tactic.BVDecide.Normalize.Canonicalize (493ms)
✔ [2855/7677] Built Std.Data.TreeMap:c.o (117ms)
✔ [2856/7677] Built Init.Internal.Order.Lemmas:c.o (243ms)
✔ [2857/7677] Built Std.Data.ExtHashMap (226ms)
✔ [2859/7677] Built Std.Data.Iterators.Consumers.Monadic.Set (463ms)
✔ [2861/7677] Built Std.Time.DateTime.PlainDateTime:c.o (2.5s)
✔ [2862/7677] Built Std.Data.TreeSet.DecidableEquiv:c.o (147ms)
✔ [2863/7677] Built Std.Data.ExtDTreeMap:c.o (134ms)
✔ [2864/7677] Built Std.Sync.Barrier (473ms)
✔ [2866/7677] Built Std.Sync.Semaphore (499ms)
✔ [2868/7677] Built Init.System (274ms)
✔ [2870/7677] Built Lake.Util.StoreInsts:c.o (472ms)
✔ [2871/7677] Built Lean.Server.RequestCancellation (411ms)
✔ [2873/7677] Built Std.Internal.UV.TCP (388ms)
✔ [2875/7677] Built Std.Internal.UV.UDP (284ms)
✔ [2877/7677] Built Std.Data.ExtHashSet.Lemmas (2.2s)
✔ [2879/7677] Built Std.Internal.UV.DNS (221ms)
✔ [2881/7677] Built Std.Internal.UV.Signal (285ms)
✔ [2883/7677] Built Std.Http.Internal.Encode:c.o (116ms)
✔ [2884/7677] Built Lake.CLI.Help:c.o (169ms)
✔ [2885/7677] Built Std.Data.ExtTreeMap.Lemmas (7.1s)
✔ [2887/7677] Built Std.Async.Basic:c.o (3.9s)
✔ [2888/7677] Built Std.Internal.UV.System (838ms)
✔ [2890/7677] Built Lake.Build.Topological:c.o (283ms)
✔ [2891/7677] Built Std.Time.Zoned.TimeZone (422ms)
✔ [2893/7677] Built Lean.Data.NameMap:c.o (184ms)
✔ [2894/7677] Built Init.Data.String.Lemmas.Pattern.TakeDrop:c.o (100ms)
✔ [2895/7677] Built Init.Internal.Order.While (285ms)
✔ [2897/7677] Built Std.Tactic.BVDecide.Normalize.Canonicalize:c.o (55ms)
✔ [2898/7677] Built Std.Data.TreeSet.Raw (171ms)
✔ [2900/7677] Built Std.Async.Select (737ms)
✔ [2902/7677] Built Std.Data.ExtHashMap:c.o (84ms)
✔ [2903/7677] Built Std.Http.Data.Extensions (255ms)
✔ [2905/7677] Built Std.Data.TreeSet (245ms)
✔ [2907/7677] Built Std.Sat.CNF.Basic:c.o (743ms)
✔ [2908/7677] Built Init.System:c.o (90ms)
✔ [2909/7677] Built Std.Sync.Barrier:c.o (239ms)
✔ [2910/7677] Built Std.Sync.Semaphore:c.o (295ms)
✔ [2911/7677] Built Std.Internal.UV.TCP:c.o (167ms)
✔ [2912/7677] Built Lean.Server.RequestCancellation:c.o (217ms)
✔ [2913/7677] Built Std.Data.Iterators.Consumers.Monadic.Set:c.o (505ms)
✔ [2914/7677] Built Std.Data.ExtHashSet.Lemmas:c.o (95ms)
✔ [2915/7677] Built Std.Internal.UV.UDP:c.o (157ms)
✔ [2916/7677] Built Std.Internal.UV.DNS:c.o (103ms)
✔ [2917/7677] Built Std.Internal.UV.Signal:c.o (102ms)
✔ [2918/7677] Built Std.Data.ExtTreeMap.Lemmas:c.o (125ms)
✔ [2919/7677] Built Lean.Util.Profile (321ms)
✔ [2921/7677] Built Lean.Compiler.LCNF.ConfigOptions (331ms)
✔ [2923/7677] Built Lean.Util.RecDepth (302ms)
✔ [2925/7677] Built Lean.Data.Format (318ms)
✔ [2927/7677] Built Lean.PrettyPrinter.Delaborator.Options (724ms)
✔ [2929/7677] Built Std.Sat.CNF.Sat (534ms)
✔ [2931/7677] Built Lean.Cadical.Basic (809ms)
✔ [2933/7677] Built Init.Data.String.Lemmas.Pattern (139ms)
✔ [2935/7677] Built Std.Internal.UV.System:c.o (926ms)
✔ [2936/7677] Built Init.Internal.Order.While:c.o (125ms)
✔ [2937/7677] Built Std.Data.TreeSet.Raw:c.o (86ms)
✔ [2938/7677] Built Std.Time.Zoned.TimeZone:c.o (648ms)
✔ [2939/7677] Built Std.Data.Iterators.Consumers.Monadic (198ms)
✔ [2941/7677] Built Std.Data.Iterators.Consumers.Set (344ms)
✔ [2943/7677] Built Std.Http.Data.Extensions:c.o (206ms)
✔ [2944/7677] Built Std.Data.TreeSet:c.o (132ms)
✔ [2945/7677] Built Std.Data.ExtHashSet (203ms)
✔ [2947/7677] Built Std.Data.ExtTreeMap (209ms)
✔ [2949/7677] Built Lean.Util.Profile:c.o (342ms)
✔ [2950/7677] Built Lean.Data.Options:c.o (3.8s)
✔ [2951/7677] Built Lean.Compiler.LCNF.ConfigOptions:c.o (260ms)
✔ [2952/7677] Built Std.Internal.UV (304ms)
✔ [2954/7677] Built Lean.Util.RecDepth:c.o (176ms)
✔ [2955/7677] Built Std.Tactic.BVDecide.Normalize.BitVec (1.8s)
✔ [2957/7677] Built Std.Async.Select:c.o (1.9s)
✔ [2958/7677] Built Std.Sat.CNF.Sat:c.o (205ms)
✔ [2959/7677] Built Lean.Data.Format:c.o (846ms)
✔ [2960/7677] Built Std.Time.Zoned.RecurringRule (589ms)
✔ [2962/7677] Built Init.Internal.Order (197ms)
✔ [2964/7677] Built Init.Data.String.Lemmas.Pattern:c.o (96ms)
✔ [2965/7677] Built Lean.Cadical.Basic:c.o (783ms)
✔ [2966/7677] Built Lean.PrettyPrinter.Delaborator.Options:c.o (1.5s)
✔ [2967/7677] Built Std.Data.Iterators.Consumers.Monadic:c.o (103ms)
✔ [2968/7677] Built Std.Sync.Notify (494ms)
✔ [2970/7677] Built Std.Data.ExtHashSet:c.o (101ms)
✔ [2971/7677] Built Std.Async.IO (300ms)
✔ [2973/7677] Built Std.Data.ExtTreeMap:c.o (126ms)
✔ [2974/7677] Built Std.Internal.UV:c.o (89ms)
✔ [2975/7677] Built Std.Data.Iterators.Consumers.Set:c.o (333ms)
✔ [2976/7677] Built Std.Data.ExtTreeSet.Lemmas (3.0s)
✔ [2978/7677] Built Lean.Hygiene (601ms)
✔ [2980/7677] Built Std.Tactic.BVDecide.Normalize.BitVec:c.o (142ms)
✔ [2981/7677] Built Lean.Data.Trie (783ms)
✔ [2983/7677] Built Std.Sat.CNF.Relabel (579ms)
✔ [2985/7677] Built Std.Sat.CNF.Entails (568ms)
✔ [2987/7677] Built Lean.Cadical (289ms)
✔ [2989/7677] Built Init.Internal.Order:c.o (123ms)
✔ [2990/7677] Built Init.Data.String.Lemmas (196ms)
✔ [2992/7677] Built Lean.Data.Json.Printer (1.6s)
✔ [2994/7677] Built Std.Data.Iterators.Consumers (225ms)
✔ [2996/7677] Built Std.Async.IO:c.o (70ms)
✔ [2997/7677] Built Std.Data.ExtTreeSet.Lemmas:c.o (54ms)
✔ [2998/7677] Built Lean.Syntax (2.4s)
✔ [3000/7677] Built Std.Time.Zoned.RecurringRule:c.o (1.4s)
✔ [3001/7677] Built Std.Tactic.BVDecide.Normalize (420ms)
✔ [3003/7677] Built Std.Sat.CNF.Entails:c.o (87ms)
✔ [3004/7677] Built Std.Sync.Notify:c.o (853ms)
✔ [3005/7677] Built Lean.Hygiene:c.o (561ms)
✔ [3006/7677] Built Std.Sat.CNF.Relabel:c.o (223ms)
✔ [3007/7677] Built Lean.Cadical:c.o (93ms)
✔ [3008/7677] Built Std.Data.Iterators.Lemmas.Equivalence.Basic (683ms)
✔ [3010/7677] Built Std.Time.Zoned.ZoneRules (905ms)
✔ [3012/7677] Built Std.Internal.Order.Basic (833ms)
✔ [3014/7677] Built Init.Internal (185ms)
✔ [3016/7677] Built Lean.Data.Trie:c.o (1.1s)
✔ [3017/7677] Built Init.Data.String.Lemmas:c.o (153ms)
✔ [3018/7677] Built Std.Data.Iterators.Consumers:c.o (87ms)
✔ [3019/7677] Built Std.Data.ExtTreeSet (215ms)
✔ [3021/7677] Built Std.Data.Iterators.Lemmas.Consumers.Monadic.Set (400ms)
✔ [3023/7677] Built Lean.Data.Json.Printer:c.o (978ms)
✔ [3024/7677] Built Std.Tactic.BVDecide.Normalize:c.o (285ms)
✔ [3025/7677] Built Std.Sat.CNF.RelabelFin (612ms)
✔ [3027/7677] Built Std.Sat.CNF.Unit (319ms)
✔ [3029/7677] Built Std.Do.Triple.SpecLemmas (7.2s)
✔ [3031/7677] Built Std.Data.Iterators.Lemmas.Equivalence.Basic:c.o (249ms)
✔ [3032/7677] Built Std.Tactic.BVDecide.LRAT.Internal.Basic (624ms)
✔ [3034/7677] Built Std.Sync.Channel (2.0s)
✔ [3036/7677] Built Lean.Data.Json.Stream (261ms)
✔ [3038/7677] Built Std.Internal.Order.Basic:c.o (347ms)
✔ [3039/7677] Built Lean.Level (2.0s)
✔ [3041/7677] Built Init.Data.String (190ms)
✔ [3043/7677] Built Init.Internal:c.o (78ms)
✔ [3044/7677] Built Std.Data.ExtTreeSet:c.o (100ms)
✔ [3045/7677] Built Std.Data.Iterators.Lemmas.Consumers.Monadic.Set:c.o (99ms)
✔ [3046/7677] Built Std.Sat.CNF.RelabelFin:c.o (327ms)
✔ [3047/7677] Built Std.Sat.CNF.Unit:c.o (85ms)
✔ [3048/7677] Built Std.Time.Zoned.ZoneRules:c.o (1.4s)
✔ [3049/7677] Built Lean.DocString.Links (592ms)
✔ [3051/7677] Built Lean.Data.Json.FromToJson.Basic (1.2s)
✔ [3053/7677] Built Std.Data.Iterators.Lemmas.Producers.Monadic.List (358ms)
✔ [3055/7677] Built Std.Do.Triple.SpecLemmas:c.o (645ms)
✔ [3056/7677] Built Std.Data.Iterators.Lemmas.Equivalence.StepCongr (609ms)
✔ [3058/7677] Built Std.Tactic.BVDecide.LRAT.Internal.Basic:c.o (260ms)
✔ [3059/7677] Built Std.Time.Zoned.Database.PosixTz (763ms)
✔ [3061/7677] Built Lean.Syntax:c.o (4.7s)
✔ [3062/7677] Built Std.Time.DateTime (739ms)
✔ [3064/7677] Built Lean.Data.Json.Stream:c.o (206ms)
✔ [3065/7677] Built Init.Data.String:c.o (144ms)
✔ [3066/7677] Built Std.Data.Iterators.Lemmas.Consumers.Set (412ms)
✔ [3068/7677] Built Std.Internal.Order.PredTrans (891ms)
✔ [3070/7677] Built Std.Internal.Order.Lemmas (650ms)
✔ [3072/7677] Built Std.Sat.CNF.Dimacs (303ms)
✔ [3074/7677] Built Std.Sat.CNF.SpecLemmas (392ms)
✔ [3076/7677] Built Std.Do.Triple (246ms)
✔ [3078/7677] Built Std.Sat.CNF.Negation (701ms)
✔ [3080/7677] Built Std.Data.Iterators.Lemmas.Producers.Monadic.List:c.o (251ms)
✔ [3081/7677] Built Std.Tactic.BVDecide.LRAT.Internal.Delete (263ms)
✔ [3083/7677] Built Std.Tactic.BVDecide.LRAT.Internal.Add (206ms)
✔ [3085/7677] Built Std.Data.Iterators.Lemmas.Equivalence.StepCongr:c.o (95ms)
✔ [3086/7677] Built Lean.Data.Json.FromToJson.Basic:c.o (1.0s)
✔ [3087/7677] Built Lean.DocString.Links:c.o (1.1s)
✔ [3088/7677] Built Std.Time.Zoned.Database.PosixTz:c.o (1.9s)
✔ [3089/7677] Built Init.Data (364ms)
✔ [3091/7677] Built Std.Data.Iterators.Lemmas.Consumers.Set:c.o (96ms)
✔ [3092/7677] Built Std.Internal.Order.PredTrans:c.o (418ms)
✔ [3093/7677] Built Lean.Level:c.o (4.9s)
✔ [3094/7677] Built Std.Internal.Order.Lemmas:c.o (96ms)
✔ [3095/7677] Built Std.Sat.CNF.SpecLemmas:c.o (94ms)
✔ [3096/7677] Built Std.Do.Triple:c.o (148ms)
✔ [3097/7677] Built Std.Sat.CNF.Dimacs:c.o (260ms)
✔ [3098/7677] Built Std.Sync.Channel:c.o (5.8s)
✔ [3099/7677] Built Lean.Data.Lsp.Window (432ms)
✔ [3101/7677] Built Lean.Server.Rpc.Basic (908ms)
✔ [3103/7677] Built Std.Time.DateTime:c.o (4.2s)
✔ [3104/7677] Built Lean.Util.LeanOptions (675ms)
✔ [3106/7677] Built Std.Sat.CNF.Negation:c.o (128ms)
✔ [3107/7677] Built Lean.Data.Json.FromToJson.Extra (265ms)
✔ [3109/7677] Built Lean.Data.JsonRpc (1.4s)
✔ [3111/7677] Built Lean.Data.Lsp.BasicAux (494ms)
✔ [3113/7677] Built Std.Data.Iterators.Lemmas.Equivalence (122ms)
✔ [3115/7677] Built Std.Tactic.BVDecide.LRAT.Internal.Add:c.o (61ms)
✔ [3116/7677] Built Std.Tactic.BVDecide.LRAT.Internal.Delete:c.o (175ms)
✔ [3117/7677] Built Lean.Expr (4.5s)
✔ [3119/7677] Built Init.Data:c.o (243ms)
✔ [3120/7677] Built Std.Time.Zoned.Database.Basic (291ms)
✔ [3122/7677] Built Std.Internal.Order.Instances (267ms)
✔ [3124/7677] Built Std.Do (144ms)
✔ [3126/7677] Built Std.Data.Iterators.Lemmas.Consumers.Monadic.Collect (549ms)
✔ [3128/7677] Built Std.Internal.Order.OfProp (441ms)
✔ [3130/7677] Built Std.Internal.Order.PreservesSup (636ms)
✔ [3132/7677] Built Std.Data.Iterators.Lemmas.Combinators.Monadic.FilterMap (1.2s)
✔ [3134/7677] Built Lean.Data.Lsp.Window:c.o (753ms)
✔ [3135/7677] Built Std.Sat.CNF.Redundancy (445ms)
✔ [3137/7677] Built Lean.Data.Json.FromToJson.Extra:c.o (118ms)
✔ [3138/7677] Built Lean.Data.Lsp.BasicAux:c.o (344ms)
✔ [3139/7677] Built Init (307ms)
✔ [3141/7677] Built Lean.Server.Rpc.Basic:c.o (1.3s)
✔ [3142/7677] Built Std.Data.Iterators.Lemmas.Equivalence:c.o (74ms)
✔ [3143/7677] Built Std.Internal.Order.Instances:c.o (69ms)
✔ [3144/7677] Built Std.Do:c.o (64ms)
✔ [3145/7677] Built Std.Data.Iterators.Lemmas.Consumers.Monadic.Collect:c.o (92ms)
✔ [3146/7677] Built Std.Time.Zoned.Database.Basic:c.o (331ms)
✔ [3147/7677] Built Lean.Util.LeanOptions:c.o (1.4s)
✔ [3148/7677] Built Lean.Widget.Types (321ms)
✔ [3150/7677] Built Std.Internal.Order.OfProp:c.o (157ms)
✔ [3151/7677] Built Std.Internal.Order.PreservesSup:c.o (96ms)
✔ [3152/7677] Built Lean.Widget.TaggedText (676ms)
✔ [3154/7677] Built Std.Data.Iterators.Lemmas.Combinators.Monadic.FilterMap:c.o (258ms)
✔ [3155/7677] Built Lean.Data.Json.FromToJson (236ms)
✔ [3157/7677] Built Lean.Data.Lsp.CancelParams (293ms)
✔ [3159/7677] Built Std.Sat.CNF.Redundancy:c.o (88ms)
✔ [3160/7677] Built Lean.Data.Lsp.Communication (458ms)
✔ [3162/7677] Built Lean.Elab.RecAppSyntax (191ms)
✔ [3164/7677] Built Lean.Setup (1.4s)
✔ [3166/7677] Built Lean.Meta.Tactic.Grind.CastLike (177ms)
✔ [3168/7677] Built Lean.Meta.Sym.ExprPtr (240ms)
✔ [3170/7677] Built Lean.Meta.Sym.LitValues (542ms)
✔ [3172/7677] Built Lean.Util.HasConstCache (458ms)
✔ [3174/7677] Built Lean.Util.NumApps (371ms)
✔ [3176/7677] Built Lean.Util.CollectLevelMVars (334ms)
✔ [3178/7677] Built Lean.LocalContext (1.4s)
✔ [3180/7677] Built Lean.Util.CollectLooseBVars (384ms)
✔ [3182/7677] Built Lean.Meta.MonadSimp (189ms)
✔ [3184/7677] Built Lean.Data.JsonRpc:c.o (3.7s)
✔ [3185/7677] Built Lean.Util.SortExprs (219ms)
✔ [3187/7677] Built Lean.HeadIndex (318ms)
✔ [3189/7677] Built Lean.Util.ForEachExpr (290ms)
✔ [3191/7677] Built Lean.Util.FindLevelMVar (246ms)
✔ [3193/7677] Built Lean.Util.NumObjs (288ms)
✔ [3195/7677] Built Lean.Util.ReplaceLevel (334ms)
✔ [3197/7677] Built Lean.Compiler.BorrowedAnnotation (177ms)
✔ [3199/7677] Built Lean.Util.ForEachExprWhere (294ms)
✔ [3201/7677] Built Lean.Util.FindMVar (294ms)
✔ [3203/7677] Built Lean.Util.UnusedBinders (218ms)
✔ [3205/7677] Built Lean.Util.CollectMVars (222ms)
✔ [3207/7677] Built Lean.Util.CollectLevelParams (276ms)
✔ [3209/7677] Built Lean.Meta.DiscrTree.Types (434ms)
✔ [3211/7677] Built Lean.Util.ReplaceExpr (273ms)
✔ [3213/7677] Built Lean.ToLevel (235ms)
✔ [3215/7677] Built Lean.Util.FindExpr (268ms)
✔ [3217/7677] Built Init:c.o (213ms)
✔ [3218/7677] Built Std.Time.Zoned.Database.Windows (283ms)
✔ [3220/7677] Built Std.Time.Zoned.Database.TZdb (454ms)
✔ [3222/7677] Built Lean.Declaration (1.1s)
✔ [3224/7677] Built Std.Data.Iterators.Lemmas.Consumers.Collect (171ms)
✔ [3226/7677] Built Std.Data.Iterators.Lemmas.Consumers.Monadic.Loop (601ms)
✔ [3228/7677] Built Lean.Widget.Types:c.o (247ms)
✔ [3229/7677] Built Std.Internal.Order.Heyting (398ms)
✔ [3231/7677] Built Lean.Data.Json.FromToJson:c.o (81ms)
✔ [3232/7677] Built Std.Internal.Order.FrameClosure (486ms)
✔ [3234/7677] Built Lean.Data.Lsp.CancelParams:c.o (227ms)
✔ [3235/7677] Built Lean.Expr:c.o (6.3s)
✔ [3236/7677] Built Std.Sat.CNF (216ms)
✔ [3238/7677] Built Lean.Elab.RecAppSyntax:c.o (203ms)
✔ [3239/7677] Built Lean.Meta.Tactic.Grind.CastLike:c.o (94ms)
✔ [3240/7677] Built Lean.Meta.Sym.ExprPtr:c.o (114ms)
✔ [3241/7677] Built Std.Tactic.Do.Syntax (2.1s)
✔ [3243/7677] Built Lean.Meta.Sym.LitValues:c.o (616ms)
✔ [3244/7677] Built Lean.Util.HasConstCache:c.o (401ms)
✔ [3245/7677] Built Lean.Widget.TaggedText:c.o (1.0s)
✔ [3246/7677] Built Lean.Data.Lsp.Communication:c.o (1.6s)
✔ [3247/7677] Built Lean.Util.CollectLevelMVars:c.o (506ms)
✔ [3248/7677] Built Lean.Util.NumApps:c.o (659ms)
✔ [3249/7677] Built Lean.Meta.MonadSimp:c.o (91ms)
✔ [3250/7677] Built Lean.Util.CollectLooseBVars:c.o (533ms)
✔ [3251/7677] Built Lean.HeadIndex:c.o (408ms)
✔ [3252/7677] Built Lean.Util.ForEachExpr:c.o (376ms)
✔ [3253/7677] Built Lean.Util.NumObjs:c.o (319ms)
✔ [3254/7677] Built Lean.Util.SortExprs:c.o (739ms)
✔ [3255/7677] Built Lean.Util.FindMVar:c.o (154ms)
✔ [3256/7677] Built Lean.Compiler.BorrowedAnnotation:c.o (83ms)
✔ [3257/7677] Built Lean.Util.FindLevelMVar:c.o (224ms)
✔ [3258/7677] Built Lean.Util.UnusedBinders:c.o (96ms)
✔ [3259/7677] Built Lean.Util.ReplaceLevel:c.o (464ms)
✔ [3260/7677] Built Lean.Util.CollectMVars:c.o (305ms)
✔ [3261/7677] Built Lean.Util.ForEachExprWhere:c.o (494ms)
✔ [3262/7677] Built Lean.Util.ReplaceExpr:c.o (229ms)
✔ [3263/7677] Built Lean.Meta.DiscrTree.Types:c.o (323ms)
✔ [3264/7677] Built Lean.ToLevel:c.o (52ms)
✔ [3265/7677] Built Lean.Util.CollectLevelParams:c.o (567ms)
✔ [3266/7677] Built Lean.Setup:c.o (3.5s)
✔ [3267/7677] Built Lean.Util.FindExpr:c.o (148ms)
✔ [3268/7677] Built Init:static (212ms)
✔ [3269/7677] Built Init:static (220ms)
✔ [3271/7677] Built Std.Time.Zoned.Database.Windows:c.o (236ms)
✔ [3272/7677] Built Leanc (489ms)
✔ [3274/7677] Built Std.Data.Iterators.Lemmas.Consumers.Monadic.Loop:c.o (57ms)
✔ [3275/7677] Built Std.Data.Iterators.Lemmas.Consumers.Collect:c.o (65ms)
✔ [3276/7677] Built Std.Internal.Order.Heyting:c.o (133ms)
✔ [3277/7677] Built Std.Internal.Order.FrameClosure:c.o (87ms)
✔ [3278/7677] Built Std.Sat.CNF:c.o (82ms)
✔ [3279/7677] Built Std.Time.Zoned.Database.TZdb:c.o (664ms)
✔ [3280/7677] Built Lake.Config.OutFormat (485ms)
✔ [3282/7677] Built Lean.Data.Json.Elab (1.2s)
✔ [3284/7677] Built Lean.Declaration:c.o (1.4s)
✔ [3285/7677] Built Lean.Meta.Sym.Offset (709ms)
✔ [3287/7677] Built Lean.Util.CollectFVars (422ms)
✔ [3289/7677] Built Lean.Meta.Tactic.FVarSubst (272ms)
✔ [3291/7677] Built Lean.Compiler.NameMangling (1.9s)
✔ [3293/7677] Built Lean.Meta.Match.MVarRenaming (257ms)
✔ [3295/7677] Built Lean.Util.InstantiateLevelParams (330ms)
✔ [3297/7677] Built Lean.ToExpr (469ms)
✔ [3299/7677] Built Std.Time.Zoned.Database (299ms)
✔ [3301/7677] Built Lean.Util.Sorry (294ms)
✔ [3303/7677] Built Std.Tactic.Do.Syntax:c.o (2.1s)
✔ [3304/7677] Built Lean.Util.FoldConsts (319ms)
✔ [3306/7677] Built Std.Data.Iterators.Lemmas.Consumers.Monadic (191ms)
✔ [3308/7677] Built Std.Data.Iterators.Lemmas.Consumers.Loop (250ms)
✔ [3310/7677] Built Lean.LocalContext:c.o (6.2s)
✔ [3311/7677] Built Leanc:c.o (464ms)
✔ [3312/7677] Built Std.Tactic.BVDecide.LRAT.Actions (330ms)
✔ [3314/7677] Built Std.WP.Assertion (364ms)
✔ [3316/7677] Built Lake.Config.OutFormat:c.o (375ms)
✔ [3317/7677] Built Std.Tactic.Do (130ms)
✔ [3319/7677] Built Lean.MetavarContext (2.9s)
✔ [3321/7677] Built Lean.Util.CollectFVars:c.o (320ms)
✔ [3322/7677] Built Lean.Meta.Tactic.FVarSubst:c.o (309ms)
✔ [3323/7677] Built Lean.Meta.Match.MVarRenaming:c.o (157ms)
✔ [3324/7677] Built Lean.Meta.Sym.Offset:c.o (524ms)
✔ [3325/7677] Built Lean.Data.Json.Elab:c.o (870ms)
✔ [3326/7677] Built Std.Time.Zoned.Database:c.o (119ms)
✔ [3327/7677] Built Std.Data.Iterators.Lemmas.Consumers.Monadic:c.o (72ms)
✔ [3328/7677] Built Std.Data.Iterators.Lemmas.Consumers.Loop:c.o (64ms)
✔ [3329/7677] Built Lean.Util.InstantiateLevelParams:c.o (466ms)
✔ [3330/7677] Built Lean.Util.Sorry:c.o (310ms)
✔ [3331/7677] Built Leanc:static (6ms)
✔ [3333/7677] Built Lean.Compiler.NameMangling:c.o (867ms)
✔ [3334/7677] Built Lean.Data.Json (191ms)
✔ [3336/7677] Built Lean.Util.FoldConsts:c.o (424ms)
✔ [3337/7677] Built Std.Tactic.Do:c.o (76ms)
✔ [3338/7677] Built Std.WP.Assertion:c.o (87ms)
✔ [3339/7677] Built Lean.ToExpr:c.o (753ms)
✔ [3340/7677] Built Lake.Config.Dynlib (298ms)
✔ [3342/7677] Built Lean.Util.FVarSubset (181ms)
✔ [3344/7677] Built Std.Tactic.BVDecide.LRAT.Actions:c.o (618ms)
✔ [3345/7677] Built Lean.Data.Position (384ms)
✔ [3347/7677] Built Lean.Meta.Sym.Arith.ToExpr (275ms)
✔ [3349/7677] Built Lean.Meta.Tactic.Grind.Arith.Linear.ToExpr (246ms)
✔ [3351/7677] Built Std.Time.Zoned (305ms)
✔ [3353/7677] Built Lean.Meta.Tactic.Grind.AC.ToExpr (272ms)
✔ [3355/7677] Built Lean.Compiler.NameDemangling (1.0s)
✔ [3357/7677] Built Lake.Check.Util (285ms)
✔ [3359/7677] Built Std.Data.Iterators.Lemmas.Consumers (172ms)
✔ [3361/7677] Built Std.Data.Iterators.Lemmas.Producers.Monadic.Array (678ms)
✔ [3363/7677] Built Std.Data.Iterators.Lemmas.Combinators.Monadic.TakeWhile (628ms)
✔ [3365/7677] Built Std.WP.Basic (457ms)
✔ [3366/7677] Built Std.WP.EStack (626ms)
✔ [3368/7677] Built Std.Tactic.BVDecide.LRAT.Parser (853ms)
✔ [3371/7677] Built Lean.Data.Json:c.o (68ms)
✔ [3372/7677] Built Lake.Config.Dynlib:c.o (261ms)
✔ [3373/7677] Built Lean.Util.FVarSubset:c.o (230ms)
✔ [3374/7677] Built Lean.Util.OccursCheck (561ms)
✔ [3376/7677] Built Lean.Meta.Sym.Arith.ToExpr:c.o (350ms)
✔ [3377/7677] Built Lean.Meta.Tactic.Grind.Arith.Linear.ToExpr:c.o (253ms)
✔ [3378/7677] Built Std.Data.String.ToNat (1.3s)
✔ [3380/7677] Built Lean.Data.Position:c.o (673ms)
✔ [3381/7677] Built Lean.Meta.Tactic.Grind.AC.ToExpr:c.o (187ms)
✔ [3382/7677] Built Std.Data.Iterators.Lemmas.Consumers:c.o (66ms)
✔ [3383/7677] Built Lake.Check.Util:c.o (258ms)
✔ [3384/7677] Built Std.Data.Iterators.Lemmas.Producers.Monadic.Array:c.o (184ms)
✔ [3385/7677] Built Std.Data.Iterators.Lemmas.Combinators.Monadic.TakeWhile:c.o (248ms)
✔ [3386/7677] Built Std.Time.Zoned:c.o (1.0s)
✔ [3387/7677] Built Std.WP.EStack:c.o (516ms)
✔ [3388/7677] Built Lean.Linter.CodeQuality.Basic (347ms)
✔ [3390/7677] Built Lake.Util.Date (507ms)
✔ [3392/7677] Built Lake.Util.Name (612ms)
✔ [3394/7677] Built Lake.Util.JsonObject (567ms)
✔ [3396/7677] Built Lake.Build.Trace (976ms)
✔ [3398/7677] Built Lean.Environment (5.6s)
✔ [3400/7677] Built Lean.Compiler.NameDemangling:c.o (2.8s)
✔ [3401/7677] Built Std.WP.Basic:c.o (61ms)
✔ [3402/7677] Built Lake.Util.FilePath (530ms)
✔ [3404/7677] Built Lean.Util.OccursCheck:c.o (745ms)
✔ [3405/7677] Built Lake.Config.InstallPath (1.3s)
✔ [3407/7677] Built Lean.Data.DeclarationRange (549ms)
✔ [3409/7677] Built Std.Data.String.ToNat:c.o (118ms)
✔ [3410/7677] Built Std.Data.Iterators.Lemmas.Producers.Array (328ms)
✔ [3412/7677] Built Lean.Data.Lsp.Basic (2.1s)
✔ [3414/7677] Built Std.Data.Iterators.Lemmas.Producers.Monadic.Vector (564ms)
✔ [3416/7677] Built Std.Data.Iterators.Lemmas.Combinators.Monadic (221ms)
✔ [3418/7677] Built Std.Data.Iterators.Lemmas.Combinators.TakeWhile (788ms)
✔ [3420/7677] Built Std.WP.EPostSlot (165ms)
✔ [3422/7677] Built Lean.Linter.CodeQuality.Basic:c.o (260ms)
✔ [3423/7677] Built Std.Tactic.BVDecide.LRAT.Parser:c.o (3.3s)
✔ [3424/7677] Built Lake.Util.Date:c.o (533ms)
✔ [3425/7677] Built Lean.MetavarContext:c.o (9.6s)
✔ [3426/7677] Built Lake.Util.Name:c.o (540ms)
✔ [3427/7677] Built Std.WP.Monad.Basic (233ms)
✔ [3429/7677] Built Std.WP.Conjunctive (188ms)
✔ [3431/7677] Built Std.WP.Triple.Basic (592ms)
✔ [3433/7677] Built Std.Time.Format.Modifier (3.1s)
✔ [3435/7677] Built Lake.Util.FilePath:c.o (366ms)
✔ [3436/7677] Built Lake.Build.Trace:c.o (1.1s)
✔ [3437/7677] Built Lean.Data.DeclarationRange:c.o (509ms)
✔ [3438/7677] Built Std.Data.Iterators.Lemmas.Producers.Array:c.o (79ms)
✔ [3439/7677] Built Std.Data.String.ToInt (516ms)
✔ [3441/7677] Built Std.Data.Iterators.Lemmas.Producers.Monadic.Vector:c.o (198ms)
✔ [3442/7677] Built Std.Data.Iterators.Lemmas.Combinators.Monadic:c.o (79ms)
✔ [3443/7677] Built Std.Data.Iterators.Lemmas.Combinators.TakeWhile:c.o (367ms)
✔ [3444/7677] Built Std.WP.EPostSlot:c.o (128ms)
✔ [3445/7677] Built Lake.Config.InstallPath:c.o (1.6s)
✔ [3446/7677] Built Lake.Toml.Data.DateTime (849ms)
✔ [3448/7677] Built Lake.Util.JsonObject:c.o (3.0s)
✔ [3449/7677] Built Lake.Config.Pattern (997ms)
✔ [3451/7677] Built Lake.Util.Version (2.3s)
✔ [3453/7677] Built Lake.Util.Reservoir (359ms)
✔ [3455/7677] Built Std.WP.Monad.Basic:c.o (76ms)
✔ [3456/7677] Built Std.WP.Conjunctive:c.o (96ms)
✔ [3457/7677] Built Lake.Build.Key (1.2s)
✔ [3459/7677] Built Lean.Data.PPContext (221ms)
✔ [3461/7677] Built Lake.Config.Artifact (532ms)
✔ [3463/7677] Built Lean.DocString.DeferredCheck (288ms)
✔ [3465/7677] Built Lake.DSL.Extensions (224ms)
✔ [3467/7677] Built Lean.Compiler.ModPkgExt (287ms)
✔ [3469/7677] Built Lean.Data.Lsp.Basic:c.o (4.2s)
✔ [3470/7677] Built Lean.Compiler.LCNF.PublicDeclsExt (347ms)
✔ [3472/7677] Built Lean.Compiler.ClosedTermCache (373ms)
✔ [3474/7677] Built Lean.Util.Recognizers (511ms)
✔ [3476/7677] Built Lean.Compiler.Old (307ms)
✔ [3478/7677] Built Std.Data.String.ToInt:c.o (110ms)
✔ [3479/7677] Built Std.WP.Triple.Basic:c.o (359ms)
✔ [3480/7677] Built Lean.EnvExtension (496ms)
✔ [3482/7677] Built Lean.Data.Lsp.Client (302ms)
✔ [3484/7677] Built Lean.Data.Lsp.Workspace (538ms)
✔ [3486/7677] Built Lean.Data.Lsp.TextSync (731ms)
✔ [3488/7677] Built Std.Data.Iterators.Lemmas.Producers.Vector (444ms)
✔ [3490/7677] Built Std.Data.Iterators.Lemmas.Producers.Monadic (233ms)
✔ [3492/7677] Built Lean.Data.Lsp.Internal (1.9s)
✔ [3494/7677] Built Std.Data.Iterators.Lemmas.Combinators (231ms)
✔ [3496/7677] Built Lake.Config.Pattern:c.o (1.5s)
✔ [3497/7677] Built Lake.Toml.Data.DateTime:c.o (1.0s)
✔ [3498/7677] Built Lake.Util.Reservoir:c.o (401ms)
✔ [3499/7677] Built Std.WP.Monad.Instances (738ms)
✔ [3501/7677] Built Std.WP.Frame (261ms)
✔ [3503/7677] Built Std.Time.Format.Modifier:c.o (6.0s)
✔ [3504/7677] Built Lean.Data.PPContext:c.o (79ms)
✔ [3505/7677] Built Lake.Config.Artifact:c.o (327ms)
✔ [3506/7677] Built Lean.Data.Lsp.LanguageFeatures (5.8s)
✔ [3508/7677] Built Lean.DocString.DeferredCheck:c.o (174ms)
✔ [3509/7677] Built Lake.DSL.Extensions:c.o (92ms)
✔ [3510/7677] Built Lean.Compiler.LCNF.PublicDeclsExt:c.o (211ms)
✔ [3511/7677] Built Lean.Compiler.ModPkgExt:c.o (295ms)
✔ [3512/7677] Built Std.WP.Triple.Monad (296ms)
✔ [3514/7677] Built Lake.Build.Key:c.o (1.6s)
✔ [3515/7677] Built Std.WP.Triple.Conjunctive (251ms)
✔ [3517/7677] Built Lean.Compiler.ClosedTermCache:c.o (451ms)
✔ [3518/7677] Built Lean.Environment:c.o (13s)
✔ [3519/7677] Built Std.Data.String (117ms)
✔ [3521/7677] Built Lean.Compiler.Old:c.o (196ms)
✔ [3522/7677] Built Lake.Util.Version:c.o (3.0s)
✔ [3523/7677] Built Lean.Data.Lsp.Client:c.o (257ms)
✔ [3524/7677] Built Lean.Data.Lsp.Workspace:c.o (683ms)
✔ [3525/7677] Built Std.Data.Iterators.Lemmas.Producers.Monadic:c.o (75ms)
✔ [3526/7677] Built Std.Data.Iterators.Lemmas.Producers.Vector:c.o (216ms)
✔ [3527/7677] Built Lean.EnvExtension:c.o (994ms)
✔ [3528/7677] Built Lean.Util.Recognizers:c.o (2.2s)
✔ [3529/7677] Built Std.Data.Iterators.Lemmas.Combinators:c.o (88ms)
✔ [3530/7677] Built Std.WP.Frame:c.o (75ms)
✔ [3531/7677] Built Lean.Data.Lsp.TextSync:c.o (1.1s)
✔ [3532/7677] Built Std.WP.Monad.Instances:c.o (291ms)
✔ [3533/7677] Built Lake.Build.Target.Basic (158ms)
✔ [3535/7677] Built Lake.Toml.Data.Value (637ms)
✔ [3537/7677] Built Lake.Build.ModuleArtifacts (588ms)
✔ [3539/7677] Built Lean.Elab.InfoTree.Types (1.0s)
✔ [3541/7677] Built Lake.Build.Data (1.2s)
✔ [3543/7677] Built Std.WP.Triple.Conjunctive:c.o (82ms)
✔ [3544/7677] Built Std.WP.Triple.Monad:c.o (90ms)
✔ [3545/7677] Built Lean.DeprecatedModule (269ms)
✔ [3547/7677] Built Std.Data.String:c.o (61ms)
✔ [3548/7677] Built Std.Time.Format.Basic (3.5s)
✔ [3550/7677] Built Lean.OriginalConstKind (217ms)
✔ [3552/7677] Built Lean.ProjFns (326ms)
✔ [3554/7677] Built Lean.Compiler.NoncomputableAttr (219ms)
✔ [3556/7677] Built Lean.Compiler.MetaAttr (387ms)
✔ [3558/7677] Built Lean.Modifiers (268ms)
✔ [3560/7677] Built Lean.AuxRecursor (289ms)
✔ [3562/7677] Built Lean.Namespace (471ms)
✔ [3564/7677] Built Std.Data.Iterators.Lemmas.Producers (158ms)
✔ [3566/7677] Built Std.WP.Monad.Conjunctive (378ms)
✔ [3568/7677] Built Std.WP.Monad.Sound (684ms)
✔ [3570/7677] Built Std.WP.Monad.Frame (292ms)
✔ [3572/7677] Built Lean.Data.Lsp.Extra (1.6s)
✔ [3574/7677] Built Lake.Build.Target.Basic:c.o (163ms)
✔ [3575/7677] Built Std.WP.Monad.Lemmas (1.9s)
✔ [3577/7677] Built Lake.Toml.Data.Value:c.o (933ms)
✔ [3578/7677] Built Lake.Build.ModuleArtifacts:c.o (987ms)
✔ [3579/7677] Built Lean.Data.Lsp.Internal:c.o (5.8s)
✔ [3580/7677] Built Lean.Elab.InfoTree.Types:c.o (557ms)
✔ [3581/7677] Built Std.WP.Gadget.Assert (167ms)
✔ [3583/7677] Built Lean.DeprecatedModule:c.o (253ms)
✔ [3584/7677] Built Lean.OriginalConstKind:c.o (239ms)
✔ [3585/7677] Built Lean.Server.Completion.CompletionItemCompression (1.4s)
✔ [3587/7677] Built Lean.Compiler.NoncomputableAttr:c.o (76ms)
✔ [3588/7677] Built Lake.Build.Data:c.o (1.1s)
✔ [3589/7677] Built Lean.Modifiers:c.o (108ms)
✔ [3590/7677] Built Lean.ProjFns:c.o (374ms)
✔ [3591/7677] Built Lean.AuxRecursor:c.o (286ms)
✔ [3592/7677] Built Lean.Compiler.MetaAttr:c.o (408ms)
✔ [3593/7677] Built Std.Data.Iterators.Lemmas.Producers:c.o (93ms)
✔ [3594/7677] Built Std.WP.Monad.Sound:c.o (120ms)
✔ [3595/7677] Built Std.WP.Monad.Conjunctive:c.o (177ms)
✔ [3596/7677] Built Std.WP.Monad.Frame:c.o (50ms)
✔ [3597/7677] Built Lake.Toml.Data (212ms)
✔ [3599/7677] Built Lake.Toml.Encode (438ms)
✔ [3601/7677] Built Lean.Namespace:c.o (1.3s)
✔ [3602/7677] Built Std.WP.Monad.Lemmas:c.o (406ms)
✔ [3603/7677] Built Lean.Util.PPExt (563ms)
✔ [3605/7677] Built Lean.Elab.InfoTree.Basic (712ms)
✔ [3607/7677] Built Std.WP.Gadget.Assert:c.o (92ms)
✔ [3608/7677] Built Lean.Data.Lsp.Extra:c.o (2.4s)
✔ [3609/7677] Built Lean.Server.Completion.CompletionItemCompression:c.o (768ms)
✔ [3610/7677] Built Lake.Toml.Data:c.o (52ms)
✔ [3611/7677] Built Std.Data.Iterators.Lemmas (174ms)
✔ [3613/7677] Built Std.WP.Monad (134ms)
✔ [3615/7677] Built Lake.Toml.Encode:c.o (279ms)
✔ [3616/7677] Built Std.Time.Notation.Spec (1.5s)
✔ [3618/7677] Built Lean.Util.PPExt:c.o (497ms)
✔ [3619/7677] Built Std.Data.Iterators.Lemmas:c.o (91ms)
✔ [3620/7677] Built Std.WP.Monad:c.o (121ms)
✔ [3621/7677] Built Lake.Toml.Decode (550ms)
✔ [3623/7677] Built Lean.Elab.InfoTree.Basic:c.o (2.3s)
✔ [3624/7677] Built Std.Data.Iterators (289ms)
✔ [3626/7677] Built Lean.Message (2.2s)
✔ [3628/7677] Built Std.Time.Notation.Spec:c.o (2.1s)
✔ [3629/7677] Built Lean.Data.Lsp.LanguageFeatures:c.o (12s)
✔ [3630/7677] Built Std.Data.Iterators:c.o (62ms)
✔ [3631/7677] Built Std.Time.Format (1.3s)
✔ [3633/7677] Built Lake.Toml.Decode:c.o (1.6s)
✔ [3634/7677] Built Std.Data.DHashMap.IteratorLemmas (681ms)
✔ [3636/7677] Built Lean.Elab.ErrorUtils (467ms)
✔ [3638/7677] Built Lean.ErrorExplanation (700ms)
✔ [3640/7677] Built Lake.Util.Log (2.2s)
✔ [3642/7677] Built Std.Data.DHashMap.IteratorLemmas:c.o (154ms)
✔ [3643/7677] Built Lean.Elab.ErrorUtils:c.o (251ms)
✔ [3644/7677] Built Std.WP.Triple.SpecLemmas (4.7s)
✔ [3646/7677] Built Lean.ErrorExplanation:c.o (733ms)
✔ [3647/7677] Built Std.Time.Format:c.o (2.3s)
✔ [3648/7677] Built Std.Data.DHashMap (243ms)
✔ [3650/7677] Built Std.Data.HashMap.IteratorLemmas (596ms)
✔ [3652/7677] Built Lean.Message:c.o (5.6s)
✔ [3653/7677] Built Std.Time.Notation (2.4s)
✔ [3655/7677] Built Std.Time.Format.Basic:c.o (13s)
✔ [3656/7677] Built Std.WP.Triple.SpecLemmas:c.o (305ms)
✔ [3657/7677] Built Lean.Log (405ms)
✔ [3659/7677] Built Lean.Exception (814ms)
✔ [3661/7677] Built Std.Data.DHashMap:c.o (89ms)
✔ [3662/7677] Built Lake.Util.MainM (556ms)
✔ [3664/7677] Built Std.Data.HashMap.IteratorLemmas:c.o (104ms)
✔ [3665/7677] Built Lake.Util.Proc (559ms)
✔ [3667/7677] Built Std.WP.Triple (247ms)
✔ [3669/7677] Built Lake.Build.Job.Basic (764ms)
✔ [3671/7677] Built Std.WP.Gadget.ForIn (376ms)
✔ [3673/7677] Built Lean.Log:c.o (440ms)
✔ [3674/7677] Built Lake.Util.Log:c.o (3.4s)
✔ [3675/7677] Built Std.Data.HashMap (206ms)
✔ [3677/7677] Built Std.Data.HashSet.IteratorLemmas (314ms)
✔ [3679/7677] Built Std.Time (240ms)
✔ [3681/7677] Built Lean.Exception:c.o (942ms)
✔ [3682/7677] Built Std.WP.Triple:c.o (79ms)
✔ [3683/7677] Built Lake.Util.Proc:c.o (543ms)
✔ [3684/7677] Built Lake.Util.MainM:c.o (992ms)
✔ [3685/7677] Built Lean.Elab.Exception (511ms)
✔ [3687/7677] Built Std.Time.Notation:c.o (2.2s)
✔ [3688/7677] Built Lake.Build.Job.Basic:c.o (909ms)
✔ [3689/7677] Built Std.Data.HashMap:c.o (105ms)
✔ [3690/7677] Built Std.Data.HashSet.IteratorLemmas:c.o (120ms)
✔ [3691/7677] Built Std.WP.Gadget.ForIn:c.o (205ms)
✔ [3692/7677] Built Std.Time:c.o (84ms)
✔ [3693/7677] Built Lean.ResolveName (1.1s)
✔ [3695/7677] Built Lean.Structure (1.1s)
✔ [3697/7677] Built Lake.Util.Url (639ms)
✔ [3699/7677] Built Lake.Config.ExternLibConfig (397ms)
✔ [3701/7677] Built Lake.Build.Store (441ms)
✔ [3703/7677] Built Std.WP (138ms)
✔ [3705/7677] Built Lean.Elab.Exception:c.o (199ms)
✔ [3706/7677] Built Lake.Util.Git (748ms)
✔ [3708/7677] Built Lean.Meta.Tactic.BVDecide.LRAT.Trim (1.9s)
✔ [3710/7677] Built Std.Data.HashSet (217ms)
✔ [3712/7677] Built Std.Http.Internal.IndexMultiMap (2.0s)
✔ [3714/7677] Built Std.Tactic.BVDecide.LRAT.Internal.Assignment (2.5s)
✔ [3716/7677] Built Std.Async.Signal (627ms)
✔ [3718/7677] Built Lake.Build.Facets (2.0s)
✔ [3720/7677] Built Std.Async.DNS (289ms)
✔ [3722/7677] Built LeanExport.Parse (2.9s)
✔ [3724/7677] Built Std.Async.System (1.0s)
✔ [3726/7677] Built Std.Async.UDP (495ms)
✔ [3728/7677] Built Std.Async.Process (585ms)
✔ [3730/7677] Built Std.Async.Timer (452ms)
✔ [3732/7677] Built Std.Async.TCP (613ms)
✔ [3734/7677] Built Lake.Build.Store:c.o (406ms)
✔ [3735/7677] Built Lake.Config.ExternLibConfig:c.o (101ms)
✔ [3736/7677] Built Lean.MonadEnv (817ms)
✔ [3738/7677] Built Lake.Util.Url:c.o (594ms)
✔ [3739/7677] Built Std.WP:c.o (135ms)
✔ [3740/7677] Built Lean.Util.Trace (1.2s)
✔ [3742/7677] Built Std.Data.HashSet:c.o (73ms)
✔ [3743/7677] Built Lake.Util.Git:c.o (886ms)
✔ [3744/7677] Built Std.Tactic.BVDecide.LRAT.Internal.Assignment:c.o (825ms)
✔ [3745/7677] Built Std.Http.Internal.IndexMultiMap:c.o (1.2s)
✔ [3746/7677] Built Lake.Build.Facets:c.o (132ms)
✔ [3747/7677] Built Std.Async.DNS:c.o (238ms)
✔ [3748/7677] Built Lean.Meta.Tactic.BVDecide.LRAT.Trim:c.o (2.2s)
✔ [3749/7677] Built Lean.ResolveName:c.o (3.7s)
✔ [3750/7677] Built Lean.Structure:c.o (3.6s)
✔ [3751/7677] Built Std.Async.Signal:c.o (960ms)
✔ [3752/7677] Built Std.Async.Process:c.o (453ms)
✔ [3753/7677] Built Std.Async.UDP:c.o (621ms)
✔ [3754/7677] Built Std.Async.Timer:c.o (668ms)
✔ [3755/7677] Built Std.Async.System:c.o (1.5s)
✔ [3756/7677] Built Lake.CLI.Samply (742ms)
✔ [3758/7677] Built Std.Async.TCP:c.o (1.3s)
✔ [3759/7677] Built Lake.Config.Dependency (415ms)
✔ [3761/7677] Built Std.Data (422ms)
✔ [3763/7677] Built Lake.Load.Manifest (898ms)
✔ [3765/7677] Built Lean.MonadEnv:c.o (1.6s)
✔ [3766/7677] Built Lean.Meta.Tactic.Grind.VarRename (310ms)
✔ [3768/7677] Built Std.Http.Internal (228ms)
✔ [3770/7677] Built Lake.Check.Axioms (577ms)
✔ [3772/7677] Built Lake.Check.Compare (446ms)
✔ [3774/7677] Built Lean.Util.Trace:c.o (2.2s)
✔ [3775/7677] Built Lean.Linter.Init (488ms)
✔ [3777/7677] Built Lean.Util.CollectAxioms (519ms)
✔ [3779/7677] Built Lean.DeclarationRange (259ms)
✔ [3781/7677] Built Std.Tactic.BVDecide.LRAT.Internal.Rup (2.0s)
✔ [3783/7677] Built Lean.Compiler.Options (283ms)
✔ [3785/7677] Built Std.Sat.AIG.Basic (3.9s)
✔ [3787/7677] Built Std.Data:c.o (109ms)
✔ [3788/7677] Built Lake.Config.Dependency:c.o (419ms)
✔ [3789/7677] Built Lean.Util.Profiler (2.1s)
✔ [3791/7677] Built Std.Http.Internal:c.o (91ms)
✔ [3792/7677] Built Lean.Meta.Tactic.Grind.VarRename:c.o (642ms)
✔ [3793/7677] Built Lake.CLI.Samply:c.o (3.1s)
✔ [3794/7677] Built Lake.Check.Axioms:c.o (1.1s)
✔ [3795/7677] Built Lake.Check.Compare:c.o (1.1s)
✔ [3796/7677] Built Lean.DeclarationRange:c.o (249ms)
✔ [3797/7677] Built Lean.Linter.Init:c.o (620ms)
✔ [3798/7677] Built Lean.Compiler.Options:c.o (133ms)
✔ [3799/7677] Built Lean.Util.CollectAxioms:c.o (1.0s)
✔ [3800/7677] Built Std.Tactic.BVDecide.LRAT.Internal.Rup:c.o (835ms)
✔ [3801/7677] Built Lake.Load.Manifest:c.o (3.1s)
✔ [3802/7677] Built Std.Sync.CancellationToken (650ms)
✔ [3804/7677] Built Std.Sync.StreamMap (479ms)
✔ [3806/7677] Built Lean.Meta.Sym.Arith.VarRename (224ms)
✔ [3808/7677] Built Lean.Meta.Tactic.Grind.Arith.Linear.VarRename (273ms)
✔ [3810/7677] Built Lean.Meta.Tactic.Grind.Arith.Cutsat.VarRename (230ms)
✔ [3812/7677] Built LeanExport.Parse:c.o (10s)
✔ [3813/7677] Built Std.Sat.AIG.Basic:c.o (1.7s)
✔ [3814/7677] Built Lean.Meta.Tactic.Grind.AC.VarRename (258ms)
✔ [3816/7677] Built Std.Http.Data.Method (759ms)
✔ [3818/7677] Built Std.Sync.Broadcast (1.6s)
✔ [3820/7677] Built Std.Http.Data.Headers.Value (445ms)
✔ [3822/7677] Built Lean.Linter.AmbiguousOpen (555ms)
✔ [3824/7677] Built Std.Http.Data.URI.Basic (2.1s)
✔ [3826/7677] Built Std.Http.Data.Status (1.3s)
✔ [3828/7677] Built Lean.Data.Lsp.Utf16 (454ms)
✔ [3830/7677] Built Std.Tactic.BVDecide.LRAT.Internal.Empty (230ms)
✔ [3832/7677] Built Std.Tactic.BVDecide.Bitblast.BVExpr.Circuit.Lemmas.Basic (310ms)
✔ [3834/7677] Built Std.Tactic.BVDecide.LRAT.Internal.Rat (882ms)
✔ [3836/7677] Built Lean.DocString.Extension (1.5s)
✔ [3838/7677] Built Std.Sat.AIG.LawfulOperator (778ms)
✔ [3840/7677] Built Std.Http.Data.Headers.Name (3.6s)
✔ [3842/7677] Built Lean.Meta.Sym.Arith.VarRename:c.o (415ms)
✔ [3843/7677] Built Lean.Meta.Tactic.Grind.Arith.Linear.VarRename:c.o (301ms)
✔ [3844/7677] Built Std.Sync.StreamMap:c.o (543ms)
✔ [3845/7677] Built Std.Sync.CancellationToken:c.o (1.0s)
✔ [3846/7677] Built Lean.Meta.Tactic.Grind.AC.VarRename:c.o (235ms)
✔ [3847/7677] Built Lean.Meta.Tactic.Grind.Arith.Cutsat.VarRename:c.o (283ms)
✔ [3848/7677] Built Std.Http.Data.Headers.Value:c.o (238ms)
✔ [3849/7677] Built Lean.Linter.AmbiguousOpen:c.o (487ms)
✔ [3850/7677] Built Std.Http.Data.Method:c.o (1.2s)
✔ [3851/7677] Built Lean.Data.Lsp.Utf16:c.o (432ms)
✔ [3852/7677] Built Std.Tactic.BVDecide.LRAT.Internal.Empty:c.o (85ms)
✔ [3853/7677] Built Std.Tactic.BVDecide.Bitblast.BVExpr.Circuit.Lemmas.Basic:c.o (69ms)
✔ [3854/7677] Built Std.Tactic.BVDecide.LRAT.Internal.Rat:c.o (574ms)
✔ [3855/7677] Built Std.Http.Data.Status:c.o (1.1s)
✔ [3856/7677] Built Lean.Util.Profiler:c.o (6.6s)
✔ [3857/7677] Built Std.Sat.AIG.LawfulOperator:c.o (142ms)
✔ [3858/7677] Built Std.Sync.CancellationContext (676ms)
✔ [3860/7677] Built Std.Http.Data.Headers.Name:c.o (640ms)
✔ [3861/7677] Built Lean.Data.Lsp.Diagnostics (912ms)
✔ [3863/7677] Built Std.Http.Data.URI.Parser (1.8s)
✔ [3865/7677] Built Std.Http.Data.URI.Basic:c.o (4.1s)
✔ [3866/7677] Built Std.Tactic.BVDecide.LRAT.Internal.Checker (1.0s)
✔ [3868/7677] Built Std.Sat.AIG.Lemmas (1.0s)
✔ [3870/7677] Built Lean.Parser.Types (1.4s)
✔ [3872/7677] Built Lean.DocString.Extension:c.o (4.9s)
✔ [3873/7677] Built Std.Sync (287ms)
✔ [3875/7677] Built Std.Sync.Broadcast:c.o (7.5s)
✔ [3876/7677] Built Std.Tactic.BVDecide.LRAT.Internal.Checker:c.o (422ms)
✔ [3877/7677] Built Std.Sat.AIG.Lemmas:c.o (192ms)
✔ [3878/7677] Built Std.Sync.CancellationContext:c.o (3.0s)
✔ [3879/7677] Built Std.Async.ContextAsync (871ms)
✔ [3881/7677] Built Lean.Data.Lsp.Diagnostics:c.o (3.0s)
✔ [3882/7677] Built Std.Http.Data.URI (406ms)
✔ [3884/7677] Built Std.Sync:c.o (108ms)
✔ [3885/7677] Built Std.Tactic.BVDecide.LRAT.Internal (219ms)
✔ [3887/7677] Built Lean.Data.Lsp.CodeActions (1000ms)
✔ [3889/7677] Built Std.Tactic.BVDecide.LRAT.Checker (314ms)
✔ [3891/7677] Built Lean.Data.Lsp.Ipc (1.5s)
✔ [3893/7677] Built Std.Sat.AIG.Cached (676ms)
✔ [3895/7677] Built Std.Sat.AIG.Relabel (991ms)
✔ [3897/7677] Built Lean.Parser.Types:c.o (2.4s)
✔ [3898/7677] Built Std.Http.Data.URI.Parser:c.o (5.6s)
✔ [3899/7677] Built Std.Http.Data.URI:c.o (433ms)
✔ [3900/7677] Built Std.Tactic.BVDecide.LRAT.Internal:c.o (120ms)
✔ [3901/7677] Built Lean.Language.Basic (1.4s)
✔ [3903/7677] Built Std.Tactic.BVDecide.LRAT.Checker:c.o (104ms)
✔ [3904/7677] Built Std.Async.ContextAsync:c.o (2.2s)
✔ [3905/7677] Built Std.Sat.AIG.Cached:c.o (402ms)
✔ [3906/7677] Built Std.Async (447ms)
✔ [3908/7677] Built Lean.Parser.Basic (2.9s)
✔ [3910/7677] Built Std.Sat.AIG.CNF (4.4s)
✔ [3912/7677] Built Std.Sat.AIG.Relabel:c.o (218ms)
✔ [3913/7677] Built Std.Http.Data.Headers.Basic (1.0s)
✔ [3915/7677] Built Std.Tactic.BVDecide.LRAT (293ms)
✔ [3917/7677] Built Lean.Data.Lsp.CodeActions:c.o (2.8s)
✔ [3918/7677] Built Lean.Data.Lsp.Capabilities (1.3s)
✔ [3920/7677] Built Std.Async:c.o (191ms)
✔ [3921/7677] Built Lean.Language.Basic:c.o (1.6s)
✔ [3922/7677] Built Std.Sat.AIG.CachedLemmas (855ms)
✔ [3924/7677] Built Std.Sat.AIG.RelabelNat (1.2s)
✔ [3926/7677] Built Std.Sat.AIG.CNF:c.o (1.0s)
✔ [3927/7677] Built Lean.Data.Lsp.Ipc:c.o (4.0s)
✔ [3928/7677] Built Std.Tactic.BVDecide.LRAT:c.o (96ms)
✔ [3929/7677] Built Lake.Util.Message (317ms)
✔ [3931/7677] Built Std.Http.Data.Headers.Basic:c.o (1.8s)
✔ [3932/7677] Built Lean.Parser.StrInterpolation (339ms)
✔ [3934/7677] Built Std.Sat.AIG.CachedLemmas:c.o (322ms)
✔ [3935/7677] Built Std.Sat.AIG.RelabelNat:c.o (530ms)
✔ [3936/7677] Built Lean.CoreM (2.0s)
✔ [3938/7677] Built Lake.Util.Message:c.o (257ms)
✔ [3939/7677] Built Std.Http.Data.Headers (832ms)
✔ [3941/7677] Built Std.Sat.AIG.CachedGates (295ms)
✔ [3943/7677] Built Lean.Parser.StrInterpolation:c.o (206ms)
✔ [3944/7677] Built Lean.Data.Lsp.InitShutdown (758ms)
✔ [3946/7677] Built Lean.Data.Lsp.Capabilities:c.o (3.5s)
✔ [3947/7677] Built Lean.DocString.Markdown (1.6s)
✔ [3949/7677] Built Std.Http.Data.Headers:c.o (2.0s)
✔ [3950/7677] Built Lean.AutoDecl (393ms)
✔ [3952/7677] Built Lake.Build.Actions (783ms)
✔ [3954/7677] Built Lean.Compiler.LCNF.Util (382ms)
✔ [3956/7677] Built Lean.Meta.Tactic.BVDecide.External (704ms)
✔ [3958/7677] Built Lean.Meta.DiscrTree.Basic (743ms)
✔ [3960/7677] Built Lean.Parser.Basic:c.o (6.0s)
✔ [3961/7677] Built Lean.Util.Heartbeats (330ms)
✔ [3963/7677] Built Lean.ReservedNameAction (486ms)
✔ [3965/7677] Built Lean.Util.SafeExponentiation (413ms)
✔ [3967/7677] Built Lean.ExtraModUses (819ms)
✔ [3969/7677] Built Std.Sat.AIG.CachedGates:c.o (620ms)
✔ [3970/7677] Built Std.Http.Data.Response (691ms)
✔ [3972/7677] Built Std.Http.Data.Request (683ms)
✔ [3974/7677] Built Std.Http.Data.Chunk (729ms)
✔ [3976/7677] Built Lean.AutoDecl:c.o (334ms)
✔ [3977/7677] Built Lean.Attributes (2.2s)
✔ [3979/7677] Built Lean.Data.Lsp.InitShutdown:c.o (1.5s)
✔ [3980/7677] Built Lean.Compiler.LCNF.Util:c.o (458ms)
✔ [3981/7677] Built Lake.Build.Actions:c.o (1.2s)
✔ [3982/7677] Built Lean.Util.Heartbeats:c.o (469ms)
✔ [3983/7677] Built Lean.Meta.Tactic.BVDecide.External:c.o (1.3s)
✔ [3984/7677] Built Std.Sat.AIG.CachedGatesLemmas (510ms)
✔ [3986/7677] Built Lean.Meta.DiscrTree.Basic:c.o (1.4s)
✔ [3987/7677] Built Lean.Util.SafeExponentiation:c.o (405ms)
✔ [3988/7677] Built Std.Http.Data.Response:c.o (796ms)
✔ [3989/7677] Built Lean.ReservedNameAction:c.o (1.7s)
✔ [3990/7677] Built Lean.Data.Lsp (231ms)
✔ [3992/7677] Built Lean.ExtraModUses:c.o (1.2s)
✔ [3993/7677] Built Lean.Server.Logging (652ms)
✔ [3995/7677] Built Lean.CoreM:c.o (9.2s)
✔ [3996/7677] Built Std.Http.Data.Chunk:c.o (748ms)
✔ [3997/7677] Built Lean.DocString.Markdown:c.o (5.1s)
✔ [3998/7677] Built Lean.Meta.DiscrTree.Util (428ms)
✔ [4000/7677] Built Std.Sat.AIG.CachedGatesLemmas:c.o (95ms)
✔ [4001/7677] Built Std.Http.Data.Request:c.o (1.4s)
✔ [4002/7677] Built Lean.Data.Lsp:c.o (112ms)
✔ [4003/7677] Built Lean.Meta.Tactic.BVDecide.LRAT.Cert (743ms)
✔ [4005/7677] Built Std.Http.Data.Body.Basic (372ms)
✔ [4007/7677] Built Std.Http.Protocol.H1.Redirect (624ms)
✔ [4009/7677] Built Lake.Util.OrderedTagAttribute (322ms)
✔ [4011/7677] Built Lean.PrettyPrinter.Delaborator.Attributes (211ms)
✔ [4013/7677] Built Lean.Compiler.ExternAttr (752ms)
✔ [4015/7677] Built Lean.Meta.Match.MatchPatternAttr (292ms)
✔ [4017/7677] Built Lean.Compiler.ExportAttr (398ms)
✔ [4019/7677] Built Lean.Compiler.NeverExtractAttr (260ms)
✔ [4021/7677] Built Lean.Server.Logging:c.o (1.5s)
✔ [4022/7677] Built Lean.Meta.RecExt (238ms)
✔ [4024/7677] Built Lake.Config.Cache (3.3s)
✔ [4026/7677] Built Lean.Class (657ms)
✔ [4028/7677] Built Lean.Meta.DiscrTree.Util:c.o (804ms)
✔ [4029/7677] Built Lean.Server.FileSource (446ms)
✔ [4031/7677] Built Std.Http.Data.Body.Basic:c.o (62ms)
✔ [4032/7677] Built Lean.ScopedEnvExtension (1.2s)
✔ [4034/7677] Built Std.Sat.AIG.RefVec (1.1s)
✔ [4036/7677] Built Lean.PrettyPrinter.Delaborator.Attributes:c.o (112ms)
✔ [4037/7677] Built Lake.Util.OrderedTagAttribute:c.o (678ms)
✔ [4038/7677] Built Lean.Attributes:c.o (4.7s)
✔ [4039/7677] Built Lean.Meta.Match.MatchPatternAttr:c.o (611ms)
✔ [4040/7677] Built Std.Http.Protocol.H1.Redirect:c.o (1.3s)
✔ [4041/7677] Built Lean.Compiler.ExternAttr:c.o (717ms)
✔ [4042/7677] Built Lean.Compiler.NeverExtractAttr:c.o (101ms)
✔ [4043/7677] Built Lean.Compiler.ExportAttr:c.o (357ms)
✔ [4044/7677] Built Lean.Meta.RecExt:c.o (147ms)
✔ [4045/7677] Built Lean.Server.FileSource:c.o (224ms)
✔ [4046/7677] Built Lean.Meta.Tactic.BVDecide.LRAT (213ms)
✔ [4048/7677] Built Lean.Meta.Tactic.BVDecide.LRAT.Cert:c.o (2.1s)
✔ [4049/7677] Built Std.Http.Data.Body.Replayable (292ms)
✔ [4051/7677] Built Lake.DSL.AttributesCore (426ms)
✔ [4053/7677] Built Std.Sat.AIG.RefVec:c.o (455ms)
✔ [4054/7677] Built Lean.Compiler.InlineAttrs (444ms)
✔ [4056/7677] Built Lean.Class:c.o (1.8s)
✔ [4057/7677] Built Lean.Meta.Tactic.BVDecide.LRAT:c.o (141ms)
✔ [4058/7677] Built Lake.Config.Env (980ms)
✔ [4060/7677] Built Lean.ScopedEnvExtension:c.o (2.4s)
✔ [4061/7677] Built Lean.Compiler.CSimpAttr (720ms)
✔ [4063/7677] Built Std.Http.Data.Body.Replayable:c.o (80ms)
✔ [4064/7677] Built Std.Tactic.BVDecide.Bitblast.BVExpr.Circuit.Impl.Operations.GetLsbD (234ms)
✔ [4066/7677] Built Lean.Compiler.IR.Basic (2.1s)
✔ [4068/7677] Built Std.Sat.AIG.LawfulVecOperator (437ms)
✔ [4070/7677] Built Lean.ReducibilityAttrs (807ms)
✔ [4072/7677] Built Lake.DSL.AttributesCore:c.o (452ms)
✔ [4073/7677] Built Std.Http.Data.Body.Any (328ms)
✔ [4075/7677] Built Lean.Compiler.InlineAttrs:c.o (827ms)
✔ [4076/7677] Built Lake.DSL.Attributes (232ms)
✔ [4078/7677] Built Std.Tactic.BVDecide.Bitblast.BVExpr.Circuit.Impl.Operations.GetLsbD:c.o (76ms)
✔ [4079/7677] Built Lake.Reservoir (613ms)
✔ [4081/7677] Built Std.Sat.AIG.LawfulVecOperator:c.o (72ms)
✔ [4082/7677] Built Lake.Config.Env:c.o (2.2s)
✔ [4083/7677] Built Std.Http.Data.Body.Any:c.o (119ms)
✔ [4084/7677] Built Lean.Compiler.CSimpAttr:c.o (2.4s)
✔ [4085/7677] Built Lean.Compiler.IR.UnboxResult (350ms)
✔ [4087/7677] Built Lean.Compiler.IR.NormIds (639ms)
✔ [4089/7677] Built Lean.ReducibilityAttrs:c.o (1.9s)
✔ [4090/7677] Built Lake.DSL.Attributes:c.o (313ms)
✔ [4091/7677] Built Lean.Compiler.IR.Format (808ms)
✔ [4093/7677] Built Std.Tactic.BVDecide.Bitblast.BVExpr.Circuit.Lemmas.Operations.GetLsbD (288ms)
✔ [4095/7677] Built Lean.Meta.Tactic.Cbv.Opaque (299ms)
✔ [4097/7677] Built Lean.Meta.Sym.AlphaShareCommon (979ms)
✔ [4099/7677] Built Lake.Reservoir:c.o (1.6s)
✔ [4100/7677] Built Std.Tactic.BVDecide.Bitblast.BVExpr.Circuit.Impl.Var (550ms)
✔ [4102/7677] Built Lake.Config.Cache:c.o (8.5s)
✔ [4103/7677] Built Std.Tactic.BVDecide.Bitblast.BVExpr.Circuit.Impl.Operations.Append (397ms)
✔ [4105/7677] Built Std.Tactic.BVDecide.Bitblast.BVExpr.Circuit.Impl.Operations.Replicate (709ms)
✔ [4107/7677] Built Std.Tactic.BVDecide.Bitblast.BVExpr.Circuit.Impl.Operations.Extract (745ms)
✔ [4109/7677] Built Std.Tactic.BVDecide.Bitblast.BVExpr.Circuit.Impl.Operations.RotateLeft (612ms)
✔ [4111/7677] Built Std.Tactic.BVDecide.Bitblast.BVExpr.Circuit.Impl.Const (442ms)
✔ [4113/7677] Built Std.Tactic.BVDecide.Bitblast.BVExpr.Circuit.Impl.Operations.RotateRight (943ms)
✔ [4115/7677] Built Std.Tactic.BVDecide.Bitblast.BVExpr.Circuit.Impl.Operations.Reverse (276ms)
✔ [4117/7677] Built Std.Tactic.BVDecide.Bitblast.BVExpr.Circuit.Impl.Operations.ZeroExtend (882ms)
✔ [4119/7677] Built Lean.Compiler.IR.Basic:c.o (7.2s)
✔ [4120/7677] Built Std.Tactic.BVDecide.Bitblast.BVExpr.Circuit.Impl.Operations.Add (1.8s)
✔ [4122/7677] Built Std.Sat.AIG.RefVecOperator.Fold (1.0s)
✔ [4124/7677] Built Std.Sat.AIG.If (2.3s)
✔ [4126/7677] Built Std.Sat.AIG.RefVecOperator.Map (1.8s)
✔ [4128/7677] Built Std.Sat.AIG.RefVecOperator.Zip (1.9s)
✔ [4130/7677] Built Std.Http.Data.Body.Empty (387ms)
✔ [4132/7677] Built Std.Http.Data.Body.Full (582ms)
✔ [4134/7677] Built Lean.Compiler.IR.UnboxResult:c.o (522ms)
✔ [4135/7677] Built Std.Tactic.BVDecide.Bitblast.BVExpr.Circuit.Lemmas.Operations.GetLsbD:c.o (74ms)
✔ [4136/7677] Built Std.Http.Data.Body.Stream (1.0s)
✔ [4138/7677] Built Lean.Meta.Tactic.Cbv.Opaque:c.o (605ms)
✔ [4139/7677] Built Std.Tactic.BVDecide.Bitblast.BVExpr.Circuit.Impl.Var:c.o (428ms)
✔ [4140/7677] Built Lean.Meta.Basic (7.6s)
✔ [4142/7677] Built Lean.Compiler.IR.Format:c.o (1.1s)
✔ [4143/7677] Built Std.Tactic.BVDecide.Bitblast.BVExpr.Circuit.Impl.Operations.Append:c.o (144ms)
✔ [4144/7677] Built Std.Tactic.BVDecide.Bitblast.BVExpr.Circuit.Impl.Operations.Replicate:c.o (136ms)
✔ [4145/7677] Built Std.Tactic.BVDecide.Bitblast.BVExpr.Circuit.Impl.Operations.RotateLeft:c.o (299ms)
✔ [4146/7677] Built Std.Tactic.BVDecide.Bitblast.BVExpr.Circuit.Impl.Const:c.o (107ms)
✔ [4147/7677] Built Std.Tactic.BVDecide.Bitblast.BVExpr.Circuit.Impl.Operations.Extract:c.o (232ms)
✔ [4148/7677] Built Std.Tactic.BVDecide.Bitblast.BVExpr.Circuit.Impl.Operations.Reverse:c.o (88ms)
✔ [4149/7677] Built Std.Tactic.BVDecide.Bitblast.BVExpr.Circuit.Impl.Operations.RotateRight:c.o (270ms)
✔ [4150/7677] Built Std.Tactic.BVDecide.Bitblast.BVExpr.Circuit.Impl.Operations.ZeroExtend:c.o (190ms)
✔ [4151/7677] Built Std.Sat.AIG.RefVecOperator.Fold:c.o (127ms)
✔ [4152/7677] Built Lean.Compiler.IR.NormIds:c.o (2.0s)
✔ [4153/7677] Built Std.Sat.AIG.RefVecOperator.Zip:c.o (185ms)
✔ [4154/7677] Built Std.Sat.AIG.If:c.o (289ms)
✔ [4155/7677] Built Std.Tactic.BVDecide.Bitblast.BVExpr.Circuit.Impl.Operations.Add:c.o (416ms)
✔ [4156/7677] Built Lean.Meta.Sym.AlphaShareCommon:c.o (1.7s)
✔ [4157/7677] Built Std.Sat.AIG.RefVecOperator.Map:c.o (169ms)
✔ [4158/7677] Built Std.Http.Data.Body.Empty:c.o (197ms)
✔ [4159/7677] Built Std.Tactic.BVDecide.Bitblast.BVExpr.Circuit.Lemmas.Operations.Append (285ms)
✔ [4161/7677] Built Std.Tactic.BVDecide.Bitblast.BVExpr.Circuit.Lemmas.Var (508ms)
✔ [4163/7677] Built Std.Http.Data.Body.Full:c.o (735ms)
✔ [4164/7677] Built Std.Tactic.BVDecide.Bitblast.BVExpr.Circuit.Lemmas.Operations.Replicate (650ms)
✔ [4166/7677] Built Std.Tactic.BVDecide.Bitblast.BVExpr.Circuit.Lemmas.Operations.RotateLeft (913ms)
✔ [4168/7677] Built Std.Tactic.BVDecide.Bitblast.BVExpr.Circuit.Lemmas.Operations.Extract (625ms)
✔ [4170/7677] Built Std.Tactic.BVDecide.Bitblast.BVExpr.Circuit.Lemmas.Const (549ms)
✔ [4172/7677] Built Std.Tactic.BVDecide.Bitblast.BVExpr.Circuit.Lemmas.Operations.Reverse (340ms)
✔ [4174/7677] Built Std.Tactic.BVDecide.Bitblast.BVExpr.Circuit.Lemmas.Operations.RotateRight (753ms)
✔ [4176/7677] Built Std.Tactic.BVDecide.Bitblast.BVExpr.Circuit.Lemmas.Operations.ZeroExtend (849ms)
✔ [4178/7677] Built Std.Tactic.BVDecide.Bitblast.BVExpr.Circuit.Impl.Carry (1.1s)
✔ [4180/7677] Built Std.Tactic.BVDecide.Bitblast.BVExpr.Circuit.Lemmas.Operations.Add (1.3s)
✔ [4182/7677] Built Std.Tactic.BVDecide.Bitblast.BVExpr.Circuit.Impl.Operations.Clz (699ms)
✔ [4184/7677] Built Std.Sat.AIG.RefVecOperator (171ms)
✔ [4186/7677] Built Std.Http.Data.Body (450ms)
✔ [4188/7677] Built Std.Tactic.BVDecide.Bitblast.BVExpr.Circuit.Lemmas.Operations.Append:c.o (72ms)
✔ [4189/7677] Built Std.Tactic.BVDecide.Bitblast.BVExpr.Circuit.Lemmas.Var:c.o (74ms)
✔ [4190/7677] Built Std.Tactic.BVDecide.Bitblast.BVExpr.Circuit.Impl.Operations.ShiftLeft (1.6s)
✔ [4192/7677] Built Std.Http.Data.Body.Stream:c.o (4.7s)
✔ [4193/7677] Built Std.Tactic.BVDecide.Bitblast.BVExpr.Circuit.Impl.Operations.ShiftRight (2.0s)
✔ [4195/7677] Built Lean.Meta.CollectFVars (502ms)
✔ [4197/7677] Built Lean.Meta.Tactic.Simp.SimpCongrTheorems (1.3s)
✔ [4199/7677] Built Lean.Meta.CollectMVars (597ms)
✔ [4201/7677] Built Lean.Meta.KAbstract (388ms)
✔ [4203/7677] Built Lean.Meta.KExprMap (380ms)
✔ [4205/7677] Built Lean.Meta.CheckTactic (391ms)
✔ [4207/7677] Built Lean.Elab.Tactic.Do.ConjunctivePre (579ms)
✔ [4209/7677] Built Lean.Meta.Inductive (411ms)
✔ [4211/7677] Built Lean.Meta.Iterator (395ms)
✔ [4213/7677] Built Lean.Meta.Tactic.FunIndInfo (596ms)
✔ [4215/7677] Built Lean.Elab.InfoTree.InlayHints (401ms)
✔ [4217/7677] Built Lean.Meta.Tactic.Repeat (808ms)
✔ [4219/7677] Built Lean.Meta.InferType (1.8s)
✔ [4221/7677] Built Lean.Meta.BinderNameHint (602ms)
✔ [4223/7677] Built Lean.Meta.GeneralizeVars (622ms)
✔ [4225/7677] Built Lean.Meta.IntInstTesters (543ms)
✔ [4227/7677] Built Lean.Elab.Config (258ms)
✔ [4229/7677] Built Lean.Meta.Tactic.Simp.Arith.Util (538ms)
✔ [4231/7677] Built Lean.Meta.HasAssignableMVar (499ms)
✔ [4233/7677] Built Lean.SubExpr (814ms)
✔ [4235/7677] Built Lean.Meta.CasesInfo (646ms)
✔ [4237/7677] Built Lean.Meta.RecursorInfo (1.1s)
✔ [4239/7677] Built Lean.Meta.PPBinder (223ms)
✔ [4241/7677] Built Lean.Meta.AbstractMVars (532ms)
✔ [4243/7677] Built Lean.Meta.NatInstTesters (606ms)
✔ [4245/7677] Built Lean.Meta.GetUnfoldableConst (728ms)
✔ [4247/7677] Built Lean.Meta.Match.MatcherInfo (1.0s)
✔ [4249/7677] Built Std.Tactic.BVDecide.Bitblast.BVExpr.Circuit.Lemmas.Operations.Replicate:c.o (148ms)
✔ [4250/7677] Built Lean.Meta.LitValues (1.2s)
✔ [4252/7677] Built Std.Tactic.BVDecide.Bitblast.BVExpr.Circuit.Lemmas.Operations.Extract:c.o (78ms)
✔ [4253/7677] Built Std.Tactic.BVDecide.Bitblast.BVExpr.Circuit.Lemmas.Operations.RotateLeft:c.o (110ms)
✔ [4254/7677] Built Std.Tactic.BVDecide.Bitblast.BVExpr.Circuit.Lemmas.Const:c.o (62ms)
✔ [4255/7677] Built Std.Tactic.BVDecide.Bitblast.BVExpr.Circuit.Lemmas.Operations.RotateRight:c.o (94ms)
✔ [4256/7677] Built Std.Tactic.BVDecide.Bitblast.BVExpr.Circuit.Lemmas.Operations.ZeroExtend:c.o (58ms)
✔ [4257/7677] Built Std.Tactic.BVDecide.Bitblast.BVExpr.Circuit.Lemmas.Operations.Reverse:c.o (76ms)
✔ [4258/7677] Built Lean.Meta.ForEachExpr (782ms)
✔ [4260/7677] Built Std.Sat.AIG.RefVecOperator:c.o (49ms)
✔ [4261/7677] Built Std.Tactic.BVDecide.Bitblast.BVExpr.Circuit.Lemmas.Operations.Add:c.o (76ms)
✔ [4262/7677] Built Lean.Compiler.Specialize (530ms)
✔ [4264/7677] Built Std.Tactic.BVDecide.Bitblast.BVExpr.Circuit.Impl.Carry:c.o (157ms)
✔ [4265/7677] Built Std.Tactic.BVDecide.Bitblast.BVExpr.Circuit.Impl.Operations.Clz:c.o (182ms)
✔ [4266/7677] Built Std.Http.Data.Body:c.o (77ms)
✔ [4267/7677] Built Std.Tactic.BVDecide.Bitblast.BVExpr.Circuit.Impl.Operations.ShiftLeft:c.o (320ms)
✔ [4268/7677] Built Lean.Meta.CollectFVars:c.o (483ms)
✔ [4269/7677] Built Std.Tactic.BVDecide.Bitblast.BVExpr.Circuit.Impl.Operations.ShiftRight:c.o (637ms)
✔ [4270/7677] Built Lean.Meta.KExprMap:c.o (545ms)
✔ [4271/7677] Built Lean.Meta.KAbstract:c.o (712ms)
✔ [4272/7677] Built Lean.Meta.CheckTactic:c.o (286ms)
✔ [4273/7677] Built Lean.Meta.Inductive:c.o (386ms)
✔ [4274/7677] Built Lean.Elab.Tactic.Do.ConjunctivePre:c.o (749ms)
✔ [4275/7677] Built Lean.Meta.CollectMVars:c.o (1.8s)
✔ [4276/7677] Built Lean.Elab.InfoTree.InlayHints:c.o (179ms)
✔ [4277/7677] Built Lean.Meta.Iterator:c.o (479ms)
✔ [4278/7677] Built Lean.Meta.Tactic.Repeat:c.o (424ms)
✔ [4279/7677] Built Lean.Meta.Tactic.Simp.SimpCongrTheorems:c.o (2.9s)
✔ [4280/7677] Built Lean.Meta.Tactic.FunIndInfo:c.o (977ms)
✔ [4281/7677] Built Lean.Elab.Config:c.o (75ms)
✔ [4282/7677] Built Lean.Meta.BinderNameHint:c.o (970ms)
✔ [4283/7677] Built Lean.Meta.IntInstTesters:c.o (868ms)
✔ [4284/7677] Built Lean.Meta.Tactic.Simp.Arith.Util:c.o (221ms)
✔ [4285/7677] Built Lean.Meta.HasAssignableMVar:c.o (585ms)
✔ [4286/7677] Built Lean.Meta.GeneralizeVars:c.o (2.2s)
✔ [4287/7677] Built Lean.SubExpr:c.o (1.4s)
✔ [4288/7677] Built Lean.Meta.PPBinder:c.o (180ms)
✔ [4289/7677] Built Lean.Meta.CasesInfo:c.o (1.2s)
✔ [4290/7677] Built Lean.Meta.NatInstTesters:c.o (748ms)
✔ [4291/7677] Built Lean.Meta.AbstractMVars:c.o (1.6s)
✔ [4292/7677] Built Lean.Meta.GetUnfoldableConst:c.o (663ms)
✔ [4293/7677] Built Lean.Meta.RecursorInfo:c.o (2.0s)
✔ [4294/7677] Built Lean.Meta.InferType:c.o (6.4s)
✔ [4295/7677] Built Lean.Meta.Match.MatcherInfo:c.o (2.6s)
✔ [4296/7677] Built Std.Tactic.BVDecide.Bitblast.BVExpr.Circuit.Lemmas.Carry (636ms)
✔ [4298/7677] Built Std.Sat.AIG (208ms)
✔ [4300/7677] Built Std.Tactic.BVDecide.Bitblast.BVExpr.Circuit.Impl.Operations.Not (195ms)
✔ [4302/7677] Built Std.Tactic.BVDecide.Bitblast.BVExpr.Circuit.Impl.Operations.Eq (228ms)
✔ [4304/7677] Built Std.Tactic.BVDecide.Bitblast.BVExpr.Circuit.Lemmas.Operations.Clz (1.3s)
✔ [4306/7677] Built Lean.Meta.ForEachExpr:c.o (2.2s)
✔ [4307/7677] Built Std.Http.Data (264ms)
✔ [4309/7677] Built Lean.Meta.LitValues:c.o (3.2s)
✔ [4310/7677] Built Lean.Compiler.Specialize:c.o (1.5s)
✔ [4311/7677] Built Std.Tactic.BVDecide.Bitblast.BVExpr.Circuit.Lemmas.Operations.ShiftLeft (1.4s)
✔ [4313/7677] Built Lean.Compiler.LCNF.Types (1.6s)
✔ [4315/7677] Built Lean.Meta.NatTable (2.0s)
✔ [4317/7677] Built Std.Tactic.BVDecide.Bitblast.BVExpr.Circuit.Impl.Operations.Mul (3.9s)
✔ [4319/7677] Built Std.Tactic.BVDecide.Bitblast.BVExpr.Circuit.Lemmas.Operations.ShiftRight (3.4s)
✔ [4321/7677] Built Lean.Elab.PreDefinition.Structural.IndGroupInfo (649ms)
✔ [4323/7677] Built Lean.Meta.FunInfo (757ms)
✔ [4325/7677] Built Lean.Meta.DecLevel (449ms)
✔ [4327/7677] Built Lean.Meta.ExprTraverse (379ms)
✔ [4329/7677] Built Lean.Meta.PPGoal (599ms)
✔ [4331/7677] Built Lean.Meta.ExprLens (558ms)
✔ [4333/7677] Built Lean.PrettyPrinter.Delaborator.SubExpr (562ms)
✔ [4335/7677] Built Lean.Meta.CompletionName (298ms)
✔ [4337/7677] Built Lean.Meta.Match.MatcherApp.Basic (444ms)
✔ [4339/7677] Built Lean.Meta.Offset (818ms)
✔ [4341/7677] Built Lean.Meta.Match.Value (326ms)
✔ [4343/7677] Built Std.Sat.AIG:c.o (76ms)
✔ [4344/7677] Built Std.Tactic.BVDecide.Bitblast.BVExpr.Circuit.Lemmas.Carry:c.o (79ms)
✔ [4345/7677] Built Lean.Meta.Sorry (418ms)
✔ [4347/7677] Built Lean.Elab.PreDefinition.Structural.Basic (306ms)
✔ [4349/7677] Built Std.Tactic.BVDecide.Bitblast.BVExpr.Circuit.Impl.Operations.Not:c.o (95ms)
✔ [4350/7677] Built Std.Tactic.BVDecide.Bitblast.BVExpr.Circuit.Impl.Operations.Eq:c.o (77ms)
✔ [4351/7677] Built Std.Tactic.BVDecide.Bitblast.BVExpr.Circuit.Lemmas.Operations.ShiftLeft:c.o (61ms)
✔ [4352/7677] Built Std.Tactic.BVDecide.Bitblast.BVExpr.Circuit.Lemmas.Operations.Clz:c.o (75ms)
✔ [4353/7677] Built Std.Http.Data:c.o (89ms)
✔ [4354/7677] Built Std.Tactic.BVDecide.Bitblast.BVExpr.Circuit.Lemmas.Operations.ShiftRight:c.o (79ms)
✔ [4355/7677] Built Lean.Meta.NatTable:c.o (226ms)
✔ [4356/7677] Built Std.Tactic.BVDecide.Bitblast.BVExpr.Circuit.Impl.Operations.Mul:c.o (272ms)
✔ [4357/7677] Built Lean.Meta.ExprTraverse:c.o (343ms)
✔ [4358/7677] Built Lean.Elab.PreDefinition.Structural.IndGroupInfo:c.o (1.1s)
✔ [4359/7677] Built Lean.Meta.Basic:c.o (26s)
✔ [4360/7677] Built Lean.Meta.DecLevel:c.o (863ms)
✔ [4361/7677] Built Lean.Meta.CompletionName:c.o (128ms)
✔ [4362/7677] Built Lean.Meta.PPGoal:c.o (1.1s)
✔ [4363/7677] Built Lean.Meta.ExprLens:c.o (1.0s)
✔ [4364/7677] Built Lean.Meta.FunInfo:c.o (2.2s)
✔ [4365/7677] Built Lean.Compiler.LCNF.Types:c.o (2.6s)
✔ [4366/7677] Built Std.Sat (146ms)
✔ [4368/7677] Built Lean.Meta.Match.Value:c.o (421ms)
✔ [4369/7677] Built Lean.Meta.Match.MatcherApp.Basic:c.o (408ms)
✔ [4370/7677] Built Lean.Elab.PreDefinition.Structural.Basic:c.o (232ms)
✔ [4371/7677] Built Std.Tactic.BVDecide.Bitblast.BVExpr.Circuit.Impl.Operations.Neg (254ms)
✔ [4373/7677] Built Std.Tactic.BVDecide.Bitblast.BVExpr.Circuit.Impl.Operations.Ult (258ms)
✔ [4375/7677] Built Std.Tactic.BVDecide.Bitblast.BVExpr.Circuit.Lemmas.Operations.Not (182ms)
✔ [4377/7677] Built Lean.PrettyPrinter.Delaborator.SubExpr:c.o (1.4s)
✔ [4378/7677] Built Std.Tactic.BVDecide.Bitblast.BVExpr.Circuit.Lemmas.Operations.Eq (211ms)
✔ [4380/7677] Built Std.Http.Server.Handler (362ms)
✔ [4382/7677] Built Std.Http.Protocol.H1.Config (344ms)
✔ [4384/7677] Built Lean.Meta.Sorry:c.o (552ms)
✔ [4385/7677] Built Std.Http.Protocol.H1.Message (526ms)
✔ [4387/7677] Built Lean.Meta.Reduce (430ms)
✔ [4389/7677] Built Lean.Meta.CoeAttr (558ms)
✔ [4391/7677] Built Lean.Meta.Canonicalizer (692ms)
✔ [4393/7677] Built Lean.Meta.ProdN (330ms)
✔ [4395/7677] Built Std.Tactic.BVDecide.Bitblast.BVExpr.Circuit.Lemmas.Operations.Mul (1.4s)
✔ [4397/7677] Built Lean.Meta.Offset:c.o (2.4s)
✔ [4398/7677] Built Lean.Meta.LevelDefEq (773ms)
✔ [4400/7677] Built Lean.Meta.Transform (1.3s)
✔ [4402/7677] Built Std.Sat:c.o (88ms)
✔ [4403/7677] Built Lean.Meta.CtorRecognizer (513ms)
✔ [4405/7677] Built Std.Tactic.BVDecide.Bitblast.BVExpr.Circuit.Impl.Operations.Neg:c.o (149ms)
✔ [4406/7677] Built Std.Tactic.BVDecide.Bitblast.BVExpr.Circuit.Impl.Operations.Ult:c.o (171ms)
✔ [4407/7677] Built Lean.Data.RArray (994ms)
✔ [4409/7677] Built Std.Tactic.BVDecide.Bitblast.BVExpr.Circuit.Lemmas.Operations.Not:c.o (91ms)
✔ [4410/7677] Built Std.Tactic.BVDecide.Bitblast.BVExpr.Circuit.Lemmas.Operations.Eq:c.o (70ms)
✔ [4411/7677] Built Std.Http.Protocol.H1.Config:c.o (74ms)
✔ [4412/7677] Built Std.Http.Server.Handler:c.o (127ms)
✔ [4413/7677] Built Lean.Meta.ReduceEval (820ms)
✔ [4415/7677] Built Lean.Elab.InfoTree.Main (1.2s)
✔ [4417/7677] Built Lean.AddDecl (1.3s)
✔ [4419/7677] Built Lean.Meta.Reduce:c.o (936ms)
✔ [4420/7677] Built Std.Http.Protocol.H1.Message:c.o (1.1s)
✔ [4421/7677] Built Lean.Meta.Check (1.4s)
✔ [4423/7677] Built Std.Tactic.BVDecide.Bitblast.BVExpr.Circuit.Lemmas.Operations.Mul:c.o (78ms)
✔ [4424/7677] Built Lean.Meta.CoeAttr:c.o (1.0s)
✔ [4425/7677] Built Std.Tactic.BVDecide.Bitblast.BVExpr.Circuit.Impl.Operations.Sub (240ms)
✔ [4427/7677] Built Lean.Meta.ProdN:c.o (567ms)
✔ [4428/7677] Built Lean.Data.RArray:c.o (232ms)
✔ [4429/7677] Built Std.Tactic.BVDecide.Bitblast.BVExpr.Circuit.Lemmas.Operations.Neg (274ms)
✔ [4431/7677] Built Std.Tactic.BVDecide.Bitblast.BVExpr.Circuit.Lemmas.Operations.Ult (221ms)
✔ [4433/7677] Built Lean.Meta.Canonicalizer:c.o (1.3s)
✔ [4434/7677] Built Lean.Meta.CtorRecognizer:c.o (945ms)
✔ [4435/7677] Built Lean.Meta.LevelDefEq:c.o (2.5s)
✔ [4436/7677] Built Lean.Meta.ReduceEval:c.o (1.7s)
✔ [4437/7677] Built Std.Http.Protocol.H1.Parser (2.2s)
✔ [4439/7677] Built Lean.Meta.SameCtorUtils (439ms)
✔ [4441/7677] Built Lean.Meta.Sym.Eta (408ms)
✔ [4443/7677] Built Lean.Elab.InfoTree.Main:c.o (3.2s)
✔ [4444/7677] Built Lean.Elab.PreDefinition.WF.FloatRecApp (333ms)
✔ [4446/7677] Built Std.Tactic.BVDecide.Bitblast.BVExpr.Circuit.Impl.Operations.Sub:c.o (98ms)
✔ [4447/7677] Built Lean.Meta.Transform:c.o (5.0s)
✔ [4448/7677] Built Lean.Meta.PProdN (746ms)
✔ [4450/7677] Built Lean.Meta.MatchUtil (452ms)
✔ [4452/7677] Built Std.Tactic.BVDecide.Bitblast.BVExpr.Circuit.Lemmas.Operations.Neg:c.o (54ms)
✔ [4453/7677] Built Lean.Data (362ms)
✔ [4455/7677] Built Std.Tactic.BVDecide.Bitblast.BVExpr.Circuit.Lemmas.Operations.Ult:c.o (76ms)
✔ [4456/7677] Built Lean.Elab.InfoTree (183ms)
✔ [4458/7677] Built Lean.Meta.Tactic.Simp.Arith.Nat.Basic (1.0s)
✔ [4460/7677] Built Lean.Elab.InheritDoc (454ms)
✔ [4462/7677] Built Lean.Linter.EnvLinter.Basic (501ms)
✔ [4464/7677] Built Lean.Meta.WHNF (2.2s)
✔ [4466/7677] Built Lean.Compiler.InitAttr (634ms)
✔ [4468/7677] Built Lean.Meta.Constructions.CasesOn (687ms)
✔ [4470/7677] Built Lean.Replay (734ms)
✔ [4472/7677] Built Lean.Meta.GeneralizeTelescope (371ms)
✔ [4474/7677] Built Lean.Meta.Check:c.o (5.1s)
✔ [4475/7677] Built Lean.Meta.Eval (488ms)
✔ [4477/7677] Built Lean.AddDecl:c.o (5.8s)
✔ [4478/7677] Built Lean.Meta.Tactic.ElimInfo (1.1s)
✔ [4480/7677] Built Lean.Meta.SameCtorUtils:c.o (1.2s)
✔ [4481/7677] Built Lean.Meta.Sym.Eta:c.o (935ms)
✔ [4482/7677] Built Lean.Meta.LetToHave (1.8s)
✔ [4484/7677] Built Lean.Elab.PreDefinition.WF.FloatRecApp:c.o (1.1s)
✔ [4485/7677] Built Lean.Meta.MatchUtil:c.o (915ms)
✔ [4486/7677] Built Std.Tactic.BVDecide.Bitblast.BVExpr.Circuit.Lemmas.Operations.Sub (339ms)
✔ [4488/7677] Built Lean.Data:c.o (205ms)
✔ [4489/7677] Built Lean.Elab.InfoTree:c.o (89ms)
✔ [4490/7677] Built Std.Tactic.BVDecide.Bitblast.BVExpr.Circuit.Impl.Operations.Udiv (2.3s)
✔ [4492/7677] Built Lean.Meta.PProdN:c.o (2.4s)
✔ [4493/7677] Built Std.Tactic.BVDecide.Bitblast.BVExpr.Circuit.Impl.Operations.Cpop (3.3s)
✔ [4495/7677] Built Lean.Linter.EnvLinter.Basic:c.o (1.4s)
✔ [4496/7677] Built Lean.Meta.Tactic.Simp.Arith.Nat.Basic:c.o (2.1s)
✔ [4497/7677] Built Lean.Elab.InheritDoc:c.o (1.4s)
✔ [4498/7677] Built Std.Http.Protocol.H1.Parser:c.o (5.9s)
✔ [4499/7677] Built Lean.Meta.GeneralizeTelescope:c.o (852ms)
✔ [4500/7677] Built Lean.Compiler.InitAttr:c.o (1.7s)
✔ [4501/7677] Built Lean.Meta.Constructions.CasesOn:c.o (2.6s)
✔ [4502/7677] Built Std.Http.Protocol.H1.Error (632ms)
✔ [4504/7677] Built Lean.Meta.Eval:c.o (1.6s)
✔ [4505/7677] Built Lean.Meta.HasNotBit (309ms)
✔ [4507/7677] Built Std.Tactic.BVDecide.Bitblast.BVExpr.Circuit.Lemmas.Operations.Sub:c.o (60ms)
✔ [4508/7677] Built Lean.Language.Util (366ms)
✔ [4510/7677] Built Lean.Replay:c.o (3.6s)
✔ [4511/7677] Built Lean.Elab.SetOption (377ms)
✔ [4513/7677] Built Lean.Compiler.ImplementedByAttr (427ms)
✔ [4515/7677] Built Std.Tactic.BVDecide.Bitblast.BVExpr.Circuit.Impl.Operations.Udiv:c.o (491ms)
✔ [4516/7677] Built Std.Tactic.BVDecide.Bitblast.BVExpr.Circuit.Impl.Operations.Cpop:c.o (521ms)
✔ [4517/7677] Built Lean.DefEqAttrib (1.0s)
✔ [4519/7677] Built Lean.Meta.DiscrTree.Main (1.1s)
✔ [4521/7677] Built Lean.Elab.PreDefinition.Structural.Preprocess (415ms)
✔ [4523/7677] Built Lean.Meta.Tactic.ElimInfo:c.o (4.5s)
✔ [4524/7677] Built Lean.Server.Completion.CompletionUtils (882ms)
✔ [4526/7677] Built Lean.PrettyPrinter.Delaborator.FieldNotation (836ms)
✔ [4528/7677] Built Lean.Meta.Constructions.RecOn (480ms)
✔ [4530/7677] Built Lean.ParserCompiler.Attribute (658ms)
✔ [4532/7677] Built LeanChecker (1.1s)
✔ [4534/7677] Built Std.Http.Protocol.H1.Error:c.o (319ms)
✔ [4535/7677] Built Lean.BuiltinDocAttr (433ms)
✔ [4537/7677] Built Lean.Meta.HasNotBit:c.o (607ms)
✔ [4538/7677] Built Lake.CLI.Check (2.3s)
✔ [4540/7677] Built Lean.Elab.SetOption:c.o (543ms)
✔ [4541/7677] Built Lean.Meta.LetToHave:c.o (6.8s)
✔ [4542/7677] Built Lean.Language.Util:c.o (1.3s)
✔ [4543/7677] Built Std.Tactic.BVDecide.Bitblast.BVExpr.Circuit.Impl.Operations.Umod (494ms)
✔ [4545/7677] Built Lean.Compiler.ImplementedByAttr:c.o (1.4s)
✔ [4546/7677] Built Std.Tactic.BVDecide.Bitblast.BVExpr.Circuit.Lemmas.Operations.Udiv (1.9s)
✔ [4548/7677] Built Std.Tactic.BVDecide.Bitblast.BVExpr.Circuit.Lemmas.Operations.Cpop (2.7s)
✔ [4550/7677] Built Lean.Elab.PreDefinition.Structural.Preprocess:c.o (1.6s)
✔ [4551/7677] Built Lean.Meta.WHNF:c.o (13s)
✔ [4552/7677] Built Lean.DefEqAttrib:c.o (3.2s)
✔ [4553/7677] Built Lean.ParserCompiler.Attribute:c.o (1.0s)
✔ [4554/7677] Built Lean.Meta.Constructions.RecOn:c.o (1.1s)
✔ [4555/7677] Built Lean.Meta.DiscrTree.Main:c.o (3.6s)
✔ [4556/7677] Built Std.Http.Protocol.H1.Reader (788ms)
✔ [4558/7677] Built Lean.PrettyPrinter.Delaborator.FieldNotation:c.o (2.4s)
✔ [4559/7677] Built Lean.Server.Completion.CompletionUtils:c.o (2.0s)
✔ [4560/7677] Built Std.Http.Protocol.H1.Writer (1.0s)
✔ [4562/7677] Built LeanChecker:c.o (1.3s)
✔ [4563/7677] Built Std.Tactic.BVDecide.Bitblast.BVExpr.Circuit.Impl.Operations.Umod:c.o (180ms)
✔ [4564/7677] Built Std.Http.Protocol.H1.Event (613ms)
✔ [4566/7677] Built Lean.BuiltinDocAttr:c.o (489ms)
✔ [4567/7677] Built Lean.Meta.DiscrTree (254ms)
✔ [4569/7677] Built Lean.Meta.Tactic.AuxLemma (533ms)
✔ [4571/7677] Built Std.Tactic.BVDecide.Bitblast.BVExpr.Circuit.Lemmas.Operations.Udiv:c.o (146ms)
✔ [4572/7677] Built Std.Tactic.BVDecide.Bitblast.BVExpr.Circuit.Lemmas.Operations.Cpop:c.o (98ms)
✔ [4573/7677] Built Lean.Meta.ACLt (794ms)
✔ [4575/7677] Built Lean.Data.FuzzyMatching (896ms)
✔ [4577/7677] Built Std.Http.Protocol.H1.Reader:c.o (1.8s)
✔ [4578/7677] Built Lean.Meta.Instances (2.4s)
✔ [4580/7677] Built LeanChecker:static (11ms)
✔ [4582/7677] Built Std.Http.Protocol.H1.Event:c.o (378ms)
✔ [4583/7677] Built Lean.Meta.DiscrTree:c.o (119ms)
✔ [4584/7677] Built Std.Http.Protocol.H1.Writer:c.o (1.7s)
✔ [4585/7677] Built Lean.Parser.Extension (2.5s)
✔ [4587/7677] Built Std.Tactic.BVDecide.Bitblast.BVExpr.Circuit.Lemmas.Operations.Umod (633ms)
✔ [4589/7677] Built Lean.Meta.Tactic.AuxLemma:c.o (1.0s)
✔ [4590/7677] Built Lean.Meta.ACLt:c.o (1.6s)
✔ [4591/7677] Built Lean.Data.FuzzyMatching:c.o (2.2s)
✔ [4592/7677] Built Lake.CLI.Check:c.o (7.6s)
✔ [4593/7677] Built Lean.Meta.Tactic.Ext (644ms)
✔ [4595/7677] Built Std.Http.Protocol.H1 (3.2s)
✔ [4597/7677] Built Lean.Meta.Closure (1.5s)
✔ [4599/7677] Built Lean.Meta.LazyDiscrTree (3.7s)
✔ [4601/7677] Built Std.Tactic.BVDecide.Bitblast.BVExpr.Circuit.Lemmas.Operations.Umod:c.o (105ms)
✔ [4602/7677] Built Lean.Meta.Instances:c.o (6.9s)
✔ [4603/7677] Built Lean.Meta.Tactic.Ext:c.o (1.6s)
✔ [4604/7677] Built Lean.Meta.SynthInstance (3.8s)
✔ [4606/7677] Built Lean.Parser.Extension:c.o (5.5s)
✔ [4607/7677] Built Lean.Parser.Term.Doc (548ms)
✔ [4609/7677] Built Lean.Compiler.LCNF.Basic (5.2s)
✔ [4611/7677] Built Std.Http.Server.Config (381ms)
✔ [4613/7677] Built Std.Http.Transport (586ms)
✔ [4615/7677] Built Std.Tactic.BVDecide.Bitblast.BVExpr.Circuit.Impl.Expr (13s)
✔ [4617/7677] Built Lean.Meta.AbstractNestedProofs (601ms)
✔ [4619/7677] Built Lean.Parser.Term.Doc:c.o (859ms)
✔ [4620/7677] Built Lean.Meta.Closure:c.o (4.0s)
✔ [4621/7677] Built Std.Http.Server.Config:c.o (113ms)
✔ [4622/7677] Built Std.Http.Transport:c.o (819ms)
✔ [4623/7677] Built Lean.Meta.Tactic.Grind.Arith.Util (646ms)
✔ [4625/7677] Built Lean.Meta.UnificationHint (972ms)
✔ [4627/7677] Built Lean.Meta.LazyDiscrTree:c.o (8.1s)
✔ [4628/7677] Built Std.Http.Protocol.H1:c.o (10s)
✔ [4629/7677] Built Lean.Meta.AppBuilder (2.4s)
✔ [4631/7677] Built Lean.PrettyPrinter.Delaborator.TopDownAnalyze (4.8s)
✔ [4633/7677] Built Lean.Meta.AbstractNestedProofs:c.o (1.8s)
✔ [4634/7677] Built Lean.Compiler.LCNF.Basic:c.o (8.9s)
✔ [4635/7677] Built Lean.Compiler.LCNF.Level (515ms)
✔ [4637/7677] Built Lean.Compiler.LCNF.DeclHash (495ms)
✔ [4639/7677] Built Lean.Compiler.IR.CompilerM (741ms)
✔ [4641/7677] Built Lean.Compiler.LCNF.MonadScope (275ms)
✔ [4643/7677] Built Lean.Compiler.LCNF.DependsOn (391ms)
✔ [4645/7677] Built Lean.Compiler.LCNF.FixedParams (761ms)
✔ [4647/7677] Built Lean.Compiler.LCNF.ToExpr (824ms)
✔ [4649/7677] Built Lean.Compiler.LCNF.LCtx (577ms)
✔ [4651/7677] Built Lean.Compiler.LCNF.AlphaEqv (944ms)
✔ [4653/7677] Built Lean.Meta.SynthInstance:c.o (12s)
✔ [4654/7677] Built Lean.Meta.Tactic.Grind.Arith.Util:c.o (730ms)
✔ [4655/7677] Built Std.Tactic.BVDecide.Bitblast.BVExpr.Circuit.Impl.Pred (576ms)
✔ [4657/7677] Built Std.Http.Server.Connection (1.7s)
✔ [4659/7677] Built Std.Tactic.BVDecide.Bitblast.BVExpr.Circuit.Impl.Expr:c.o (6.9s)
✔ [4660/7677] Built Lean.Compiler.LCNF.Level:c.o (1.2s)
✔ [4661/7677] Built Lean.Compiler.LCNF.DeclHash:c.o (299ms)
✔ [4662/7677] Built Lean.Meta.UnificationHint:c.o (3.2s)
✔ [4663/7677] Built Lean.Compiler.LCNF.MonadScope:c.o (182ms)
✔ [4664/7677] Built Lean.Compiler.LCNF.DependsOn:c.o (257ms)
✔ [4665/7677] Built Lean.Compiler.IR.CompilerM:c.o (1.0s)
✔ [4666/7677] Built Lean.Compiler.LCNF.FixedParams:c.o (1.4s)
✔ [4667/7677] Built Lean.Compiler.LCNF.LCtx:c.o (937ms)
✔ [4668/7677] Built Lean.Compiler.LCNF.ToExpr:c.o (1.2s)
✔ [4669/7677] Built Lean.Compiler.LCNF.AlphaEqv:c.o (2.3s)
✔ [4670/7677] Built Lean.Meta.AppBuilder:c.o (7.7s)
✔ [4671/7677] Built Std.Tactic.BVDecide.Bitblast.BVExpr.Circuit.Impl.Pred:c.o (1.7s)
✔ [4672/7677] Built Lean.PrettyPrinter.Delaborator.TopDownAnalyze:c.o (9.7s)
✔ [4673/7677] Built Lean.Meta.Eqns (1.4s)
✔ [4675/7677] Built Lean.Meta.Tactic.Simp.Arith.Nat.Simp (411ms)
✔ [4677/7677] Built Lean.Meta.WrapInstance (2.5s)
✔ [4679/7677] Built Lean.Meta.Order (396ms)
✔ [4681/7677] Built Lean.Meta.Structure (1.1s)
✔ [4683/7677] Built Lean.Meta.ExprDefEq (6.5s)
✔ [4685/7677] Built Lean.Meta.Tactic.Util (1.1s)
✔ [4687/7677] Built Lean.Meta.Match.NamedPatterns (422ms)
✔ [4689/7677] Built Lean.Meta.Tactic.Simp.Arith.Int.Basic (1.1s)
✔ [4691/7677] Built Lean.Meta.SizeOf (2.2s)
✔ [4693/7677] Built Lean.Meta.Tactic.Grind.EqResolution (709ms)
✔ [4695/7677] Built Lean.Meta.HaveTelescope (1.2s)
✔ [4697/7677] Built Lean.Meta.StringLitProof (410ms)
✔ [4699/7677] Built Lean.Meta.Coe (1.4s)
✔ [4701/7677] Built Lean.Meta.ArgsPacker (1.8s)
✔ [4703/7677] Built Lean.Elab.Tactic.Omega.OmegaM (1.8s)
✔ [4705/7677] Built Lean.Compiler.IR.Meta (379ms)
✔ [4707/7677] Built Lean.Compiler.IR.EmitUtil (549ms)
✔ [4709/7677] Built Lean.Compiler.IR.Sorry (426ms)
✔ [4711/7677] Built Lean.KeyedDeclsAttribute (831ms)
✔ [4713/7677] Built Lean.Compiler.IR.Checker (773ms)
✔ [4715/7677] Built Std.Tactic.BVDecide.Bitblast.BVExpr.Circuit.Impl.Substructure (1.6s)
✔ [4717/7677] Built Lean.Compiler.LCNF.CompilerM (1.6s)
✔ [4719/7677] Built Std.Http.Server.Connection:c.o (4.4s)
✔ [4720/7677] Built Lean.Meta.Tactic.Simp.Arith.Nat.Simp:c.o (581ms)
✔ [4721/7677] Built Lean.Meta.Order:c.o (574ms)
✔ [4722/7677] Built Lean.Meta.Eqns:c.o (4.2s)
✔ [4723/7677] Built Std.Tactic.BVDecide.Bitblast.BVExpr.Circuit.Lemmas.Expr (22s)
✔ [4725/7677] Built Lean.Meta.Structure:c.o (4.5s)
✔ [4726/7677] Built Lean.Meta.Match.NamedPatterns:c.o (1.6s)
✔ [4727/7677] Built Lean.Meta.Tactic.Util:c.o (3.6s)
✔ [4728/7677] Built Lean.Meta.Tactic.Simp.Arith.Int.Basic:c.o (2.6s)
✔ [4729/7677] Built Lean.Meta.Tactic.Grind.EqResolution:c.o (2.0s)
✔ [4730/7677] Built Lean.Meta.StringLitProof:c.o (363ms)
✔ [4731/7677] Built Std.Http.Server (645ms)
✔ [4733/7677] Built Lean.Meta.HaveTelescope:c.o (2.1s)
✔ [4734/7677] Built Lean.Meta.WrapInstance:c.o (10s)
✔ [4735/7677] Built Lean.Elab.Tactic.Omega.OmegaM:c.o (2.9s)
✔ [4736/7677] Built Lean.Meta.ArgsPacker:c.o (3.8s)
✔ [4737/7677] Built Lean.Compiler.IR.Meta:c.o (585ms)
✔ [4738/7677] Built Lean.Meta.SizeOf:c.o (8.5s)
✔ [4739/7677] Built Lean.Compiler.IR.EmitUtil:c.o (1.4s)
✔ [4740/7677] Built Lean.Compiler.IR.Sorry:c.o (765ms)
✔ [4741/7677] Built Lean.Meta.Coe:c.o (6.2s)
✔ [4742/7677] Built Lean.Meta.Tactic.Grind.Theorems (1.2s)
✔ [4744/7677] Built Lean.Meta.Tactic.Simp.Arith.Nat (297ms)
✔ [4746/7677] Built Lean.KeyedDeclsAttribute:c.o (3.6s)
✔ [4747/7677] Built Lean.Meta.Tactic.IndependentOf (355ms)
✔ [4749/7677] Built Lean.Compiler.IR.Checker:c.o (3.1s)
✔ [4750/7677] Built Std.Tactic.BVDecide.Bitblast.BVExpr.Circuit.Impl.Substructure:c.o (1.5s)
✔ [4751/7677] Built Lean.Meta.Tactic.Cleanup (795ms)
✔ [4753/7677] Built Lean.Meta.Tactic.Rename (324ms)
✔ [4755/7677] Built Lean.Meta.Tactic.FunIndCollect (692ms)
✔ [4757/7677] Built Lean.Meta.Tactic.Clear (439ms)
✔ [4759/7677] Built Lean.Meta.Tactic.ExposeNames (437ms)
✔ [4761/7677] Built Lean.Meta.Tactic.Intro (580ms)
✔ [4763/7677] Built Lean.Meta.Tactic.Assumption (347ms)
✔ [4765/7677] Built Lean.Meta.Match.AltTelescopes (529ms)
✔ [4767/7677] Built Std.Tactic.BVDecide.Bitblast.BVExpr.Circuit.Lemmas.Expr:c.o (1.2s)
✔ [4768/7677] Built Lean.Meta.Match.Basic (1.0s)
✔ [4770/7677] Built Lean.Meta.Tactic.Simp.Arith.Int.Simp (728ms)
✔ [4772/7677] Built Lean.Compiler.LCNF.CompilerM:c.o (5.6s)
✔ [4773/7677] Built Std.Http.Server:c.o (1.5s)
✔ [4774/7677] Built Lean.ParserCompiler (887ms)
✔ [4776/7677] Built Lean.PrettyPrinter.Basic (371ms)
✔ [4778/7677] Built Lean.Elab.Tactic.Omega.Core (2.6s)
✔ [4780/7677] Built Lean.Compiler.LCNF.Closure (1000ms)
✔ [4782/7677] Built Lean.Compiler.LCNF.SplitSCC (607ms)
✔ [4784/7677] Built Lean.Compiler.LCNF.Renaming (404ms)
✔ [4786/7677] Built Lean.Compiler.LCNF.LiveVars (466ms)
✔ [4788/7677] Built Lean.PrettyPrinter.Delaborator.Basic (2.3s)
✔ [4790/7677] Built Lean.Compiler.LCNF.ScopeM (260ms)
✔ [4792/7677] Built Lean.Compiler.LCNF.Simp.Basic (241ms)
✔ [4794/7677] Built Lean.Compiler.LCNF.BaseTypes (861ms)
✔ [4796/7677] Built Lean.Compiler.LCNF.PassManager (936ms)
✔ [4798/7677] Built Lean.Compiler.LCNF.FVarUtil (1.1s)
✔ [4800/7677] Built Lean.Meta.Tactic.Simp.Arith.Nat:c.o (122ms)
✔ [4801/7677] Built Std.Tactic.BVDecide.Bitblast.BVExpr.Circuit.Impl (245ms)
✔ [4803/7677] Built Lean.Meta.Tactic.IndependentOf:c.o (425ms)
✔ [4804/7677] Built Lean.Meta.Tactic.Rename:c.o (483ms)
✔ [4805/7677] Built Lean.Compiler.IR.EmitLLVM (5.9s)
✔ [4807/7677] Built Lean.Meta.Tactic.Grind.Theorems:c.o (2.2s)
✔ [4808/7677] Built Lean.Meta.Tactic.Cleanup:c.o (2.1s)
✔ [4809/7677] Built Lean.Meta.ExprDefEq:c.o (26s)
✔ [4810/7677] Built Std.Tactic.BVDecide.Bitblast.BVExpr.Circuit.Lemmas.Pred (521ms)
✔ [4812/7677] Built Lean.Meta.Tactic.FunIndCollect:c.o (1.9s)
✔ [4813/7677] Built Lean.Meta.Tactic.ExposeNames:c.o (1.0s)
✔ [4814/7677] Built Lean.Meta.Tactic.Assumption:c.o (737ms)
✔ [4815/7677] Built Lean.Meta.Tactic.Clear:c.o (1.7s)
✔ [4816/7677] Built Lean.Meta.Match.AltTelescopes:c.o (1.4s)
✔ [4817/7677] Built Lean.Meta.Tactic.Intro:c.o (2.6s)
✔ [4818/7677] Built Std.Http.Test.Helpers (1.5s)
✔ [4820/7677] Built Lean.PrettyPrinter.Basic:c.o (554ms)
✔ [4821/7677] Built Lean.Meta.Tactic.Simp.Arith.Int.Simp:c.o (2.3s)
✔ [4822/7677] Built Lean.Meta.Match.Basic:c.o (2.9s)
✔ [4823/7677] Built Lean.ParserCompiler:c.o (2.5s)
✔ [4824/7677] Built Lean.Compiler.LCNF.SplitSCC:c.o (1.4s)
✔ [4825/7677] Built Lean.Compiler.LCNF.Renaming:c.o (1.2s)
✔ [4826/7677] Built Lean.Compiler.LCNF.Simp.Basic:c.o (200ms)
✔ [4827/7677] Built Lean.Compiler.LCNF.Closure:c.o (1.6s)
✔ [4828/7677] Built Lean.Compiler.LCNF.LiveVars:c.o (788ms)
✔ [4829/7677] Built Lean.Compiler.LCNF.ScopeM:c.o (229ms)
✔ [4830/7677] Built Lean.Meta.Tactic.Grind.Extension (866ms)
✔ [4832/7677] Built Lean.Compiler.LCNF.BaseTypes:c.o (870ms)
✔ [4833/7677] Built Lean.Compiler.LCNF.PassManager:c.o (1.2s)
✔ [4834/7677] Built Std.Tactic.BVDecide.Bitblast.BVExpr.Circuit.Impl:c.o (72ms)
✔ [4835/7677] Built Lean.Compiler.LCNF.FVarUtil:c.o (2.4s)
✔ [4836/7677] Built Lean.Meta.Tactic.Backtrack (1.5s)
✔ [4838/7677] Built Lean.Meta.Tactic.Grind.Injection (371ms)
✔ [4840/7677] Built Std.Tactic.BVDecide.Bitblast.BVExpr.Circuit.Lemmas.Pred:c.o (119ms)
✔ [4841/7677] Built Lean.Meta.Tactic.Revert (452ms)
✔ [4843/7677] Built Lean.Meta.Tactic.Simp.Arith.Int (181ms)
✔ [4845/7677] Built Lean.Meta.Match.MatchEqsExt (373ms)
✔ [4847/7677] Built Lean.Elab.Tactic.Omega.Core:c.o (6.2s)
✔ [4848/7677] Built Lean.PrettyPrinter.Delaborator.Basic:c.o (5.4s)
✔ [4849/7677] Built Lean.PrettyPrinter.Parenthesizer (1.0s)
✔ [4851/7677] Built Lean.PrettyPrinter.Delaborator.Metavariable (808ms)
✔ [4853/7677] Built Lean.PrettyPrinter.Formatter (2.2s)
✔ [4855/7677] Built Lean.Compiler.LCNF.Irrelevant (540ms)
✔ [4857/7677] Built Lean.Compiler.LCNF.Simp.FunDeclInfo (617ms)
✔ [4859/7677] Built Lean.Compiler.LCNF.SimpCase (505ms)
✔ [4861/7677] Built Lean.Compiler.LCNF.CoalesceRC (574ms)
✔ [4863/7677] Built Lean.Compiler.LCNF.Toposort (540ms)
✔ [4865/7677] Built Lean.Meta.Tactic.Grind.Extension:c.o (1.0s)
✔ [4866/7677] Built Lean.Compiler.LCNF.CSE (723ms)
✔ [4868/7677] Built Lean.Compiler.LCNF.PullFunDecls (612ms)
✔ [4870/7677] Built Lean.Compiler.LCNF.PullLetDecls (599ms)
✔ [4872/7677] Built Lean.Compiler.LCNF.SimpleGroundExpr (2.3s)
✔ [4874/7677] Built Lean.Compiler.LCNF.ElimDead (696ms)
✔ [4876/7677] Built Lean.Compiler.LCNF.ExpandResetReuse (959ms)
✔ [4878/7677] Built Std.Http.Test.Helpers:c.o (5.9s)
✔ [4879/7677] Built Lean.Compiler.LCNF.PhaseExt (906ms)
✔ [4881/7677] Built Lean.Meta.Tactic.Simp.Arith.Int:c.o (70ms)
✔ [4882/7677] Built Lean.Meta.Tactic.Grind.Injection:c.o (818ms)
✔ [4883/7677] Built Std.Tactic.BVDecide.Bitblast.BVExpr.Circuit.Lemmas (583ms)
✔ [4885/7677] Built Std.Http (281ms)
✔ [4887/7677] Built Lean.Meta.Match.MatchEqsExt:c.o (527ms)
✔ [4888/7677] Built Lean.Meta.Tactic.Revert:c.o (1.0s)
✔ [4889/7677] Built Lean.PrettyPrinter.Delaborator.Metavariable:c.o (1.6s)
✔ [4890/7677] Built Lean.Meta.Tactic.Grind.ExtAttr (300ms)
✔ [4892/7677] Built Lean.Compiler.LCNF.Irrelevant:c.o (1.3s)
✔ [4893/7677] Built Lean.Meta.Tactic.Backtrack:c.o (4.8s)
✔ [4894/7677] Built Lean.Compiler.LCNF.Simp.FunDeclInfo:c.o (902ms)
✔ [4895/7677] Built Lean.PrettyPrinter.Parenthesizer:c.o (4.6s)
✔ [4896/7677] Built Lean.Compiler.LCNF.SimpCase:c.o (1.5s)
✔ [4897/7677] Built Lean.Compiler.LCNF.CoalesceRC:c.o (1.2s)
✔ [4898/7677] Built Lean.Compiler.LCNF.Toposort:c.o (776ms)
✔ [4899/7677] Built Lean.PrettyPrinter.Formatter:c.o (5.9s)
✔ [4900/7677] Built Lean.Compiler.LCNF.PullFunDecls:c.o (1.2s)
✔ [4901/7677] Built Lean.Compiler.LCNF.PullLetDecls:c.o (1.2s)
✔ [4902/7677] Built Lean.Compiler.LCNF.CSE:c.o (2.2s)
✔ [4903/7677] Built Lean.Compiler.LCNF.ElimDead:c.o (1.3s)
✔ [4904/7677] Built Lean.Meta.Tactic.Assert (666ms)
✔ [4906/7677] Built Lean.Meta.Tactic.Generalize (605ms)
✔ [4908/7677] Built Lean.Compiler.IR.EmitLLVM:c.o (17s)
✔ [4909/7677] Built Lean.Meta.Tactic.Grind.MarkAccessible (302ms)
✔ [4911/7677] Built Lean.Meta.Tactic.Simp.Arith (289ms)
✔ [4913/7677] Built Std.Tactic.BVDecide.Bitblast.BVExpr.Circuit.Lemmas:c.o (57ms)
✔ [4914/7677] Built Lean.Compiler.LCNF.PhaseExt:c.o (2.0s)
✔ [4915/7677] Built Std.Http:c.o (80ms)
✔ [4916/7677] Built Lean.Meta.Tactic.Induction (1.1s)
✔ [4918/7677] Built Lean.Meta.Tactic.Grind.ExtAttr:c.o (475ms)
✔ [4919/7677] Built Lean.Compiler.LCNF.ExpandResetReuse:c.o (3.9s)
✔ [4920/7677] Built Lean.Compiler.LCNF.MonoTypes (538ms)
✔ [4922/7677] Built Lean.Compiler.LCNF.SimpleGroundExpr:c.o (4.4s)
✔ [4923/7677] Built Lean.Compiler.LCNF.EmitUtil (456ms)
✔ [4925/7677] Built Lean.Parser.Extra (1.3s)
✔ [4927/7677] Built Lean.Compiler.LCNF.PropagateBorrow (949ms)
✔ [4929/7677] Built Lean.Compiler.LCNF.Probing (959ms)
✔ [4931/7677] Built Lean.Compiler.LCNF.FloatLetIn (1.6s)
✔ [4933/7677] Built Lean.Meta.Tactic.Simp.Arith:c.o (108ms)
✔ [4934/7677] Built Std.Tactic.BVDecide.Bitblast.BVExpr.Circuit (203ms)
✔ [4936/7677] Built Lean.Compiler.LCNF.Visibility (1.8s)
✔ [4938/7677] Built Lean.Meta.Tactic.Grind.MarkAccessible:c.o (498ms)
✔ [4939/7677] Built Std.Internal (291ms)
✔ [4941/7677] Built Lean.Meta.Tactic.Generalize:c.o (1.9s)
✔ [4942/7677] Built Lean.Meta.Tactic.Assert:c.o (2.3s)
✔ [4943/7677] Built Lean.Compiler.LCNF.MonoTypes:c.o (995ms)
✔ [4944/7677] Built Lean.Util.ProfilerServer (1.4s)
✔ [4946/7677] Built Lean.Compiler.LCNF.EmitUtil:c.o (665ms)
✔ [4947/7677] Built Lean.Meta.Tactic.Replace (629ms)
✔ [4949/7677] Built Lean.Meta.Tactic.Subst (1.2s)
✔ [4951/7677] Built Lean.Compiler.LCNF.PropagateBorrow:c.o (2.5s)
✔ [4952/7677] Built Std.Tactic.BVDecide.Bitblast.BVExpr.Circuit:c.o (55ms)
✔ [4953/7677] Built Std.Internal:c.o (73ms)
✔ [4954/7677] Built Lean.Parser.Extra:c.o (3.5s)
✔ [4955/7677] Built Lean.Meta.Tactic.Induction:c.o (4.6s)
✔ [4956/7677] Built Lean.Compiler.IR.ToIRType (245ms)
✔ [4958/7677] Built Lean.Compiler.LCNF.Probing:c.o (3.6s)
✔ [4959/7677] Built Lean.Parser.Attr (774ms)
✔ [4961/7677] Built Lean.Compiler.LCNF.ToImpureType (1.2s)
✔ [4963/7677] Built Lean.Parser.Level (489ms)
✔ [4965/7677] Built Lean.Compiler.LCNF.Visibility:c.o (2.8s)
✔ [4966/7677] Built Lean.Compiler.LCNF.ResetReuse (998ms)
✔ [4968/7677] Built Std.Tactic.BVDecide.Bitblast.BVExpr (188ms)
✔ [4970/7677] Built Lean.Compiler.IR.ToIRType:c.o (125ms)
✔ [4971/7677] Built Lean.Compiler.LCNF.FloatLetIn:c.o (4.8s)
✔ [4972/7677] Built Lean.Parser.Attr:c.o (799ms)
✔ [4973/7677] Built Lean.Parser.Level:c.o (478ms)
✔ [4974/7677] Built Lean.Meta.Tactic.Replace:c.o (2.4s)
✔ [4975/7677] Built Lean.Meta.Tactic.Symm (798ms)
✔ [4977/7677] Built Lean.Meta.Tactic.Delta (422ms)
✔ [4979/7677] Built Lean.Meta.Tactic.Lets (1.4s)
✔ [4981/7677] Built Lean.Meta.Match.CaseValues (375ms)
✔ [4983/7677] Built Lean.Compiler.LCNF.ToImpureType:c.o (3.5s)
✔ [4984/7677] Built Lean.Meta.CongrTheorems (1.5s)
✔ [4986/7677] Built Std.Tactic.BVDecide.Bitblast.BVExpr:c.o (76ms)
✔ [4987/7677] Built Lean.Meta.Tactic.Injection (953ms)
✔ [4989/7677] Built Lean.Compiler.IR.ToIR (726ms)
✔ [4991/7677] Built Lean.Compiler.LCNF.OtherDecl (332ms)
✔ [4993/7677] Built Lean.Parser.Tactic.Doc (1.4s)
✔ [4995/7677] Built Lean.Util.ProfilerServer:c.o (7.2s)
✔ [4996/7677] Built Lean.Meta.Tactic.Subst:c.o (6.2s)
✔ [4997/7677] Built Lean.Compiler.LCNF.ToImpure (1.3s)
✔ [4999/7677] Built Lean.Parser.Term.Basic (774ms)
✔ [5001/7677] Built Lean.Meta.Match.CaseValues:c.o (715ms)
✔ [5002/7677] Built Lean.Meta.Tactic.Delta:c.o (1.4s)
✔ [5003/7677] Built Std.Tactic.BVDecide.Bitblast (197ms)
✔ [5005/7677] Built Lean.Compiler.LCNF.ResetReuse:c.o (4.3s)
✔ [5006/7677] Built Lean.Meta.Tactic.Symm:c.o (3.3s)
✔ [5007/7677] Built Lean.Compiler.LCNF.OtherDecl:c.o (184ms)
✔ [5008/7677] Built Lean.Meta.Tactic.Injection:c.o (2.6s)
✔ [5009/7677] Built Lean.Compiler.IR.ToIR:c.o (2.6s)
✔ [5010/7677] Built Lean.Meta.Tactic.Lets:c.o (4.8s)
✔ [5011/7677] Built Lean.Parser.Term.Basic:c.o (1.7s)
✔ [5012/7677] Built Lean.Meta.Match.CaseArraySizes (485ms)
✔ [5014/7677] Built Std.Tactic.BVDecide.Bitblast:c.o (50ms)
✔ [5015/7677] Built Lean.Meta.CongrTheorems:c.o (4.7s)
✔ [5016/7677] Built Lean.Compiler.IR (309ms)
✔ [5018/7677] Built Lean.Meta.Tactic.UnifyEq (619ms)
✔ [5020/7677] Built Lean.DocString (340ms)
✔ [5022/7677] Built Lean.Meta.Sym.SymM (1.7s)
✔ [5024/7677] Built Lean.Compiler.LCNF.InferType (1.5s)
✔ [5026/7677] Built Std.Tactic.BVDecide.Reflect (517ms)
✔ [5028/7677] Built Lean.DocString.Syntax (1.4s)
✔ [5030/7677] Built Lean.Parser.Tactic.Doc:c.o (5.0s)
✔ [5031/7677] Built Lean.Compiler.IR:c.o (203ms)
✔ [5032/7677] Built Lean.DocString:c.o (211ms)
✔ [5033/7677] Built Lean.Meta.Match.CaseArraySizes:c.o (1.7s)
✔ [5034/7677] Built Lean.Compiler.LCNF.ToImpure:c.o (4.6s)
✔ [5035/7677] Built Std.Tactic.BVDecide.Reflect:c.o (758ms)
✔ [5036/7677] Built Lean.Meta.Tactic.UnifyEq:c.o (2.1s)
✔ [5037/7677] Built Lean.DocString.Syntax:c.o (1.7s)
✔ [5038/7677] Built Lean.LabelAttribute (561ms)
✔ [5040/7677] Built Lean.Meta.Sym.Arith.Types (453ms)
✔ [5042/7677] Built Lean.Meta.Sym.DSimp.DSimpM (508ms)
✔ [5044/7677] Built Lean.Meta.Sym.SynthInstance (475ms)
✔ [5046/7677] Built Lean.Meta.Tactic.Simp.SimpTheorems (1.9s)
✔ [5048/7677] Built Lean.Meta.Sym.InferType (306ms)
✔ [5050/7677] Built Lean.Meta.Sym.Simp.CongrInfo (924ms)
✔ [5052/7677] Built Lean.Compiler.LCNF.InferType:c.o (3.0s)
✔ [5053/7677] Built Lean.Meta.Sym.MaxFVar (396ms)
✔ [5055/7677] Built Lean.Meta.Sym.Util (616ms)
✔ [5057/7677] Built Lean.Meta.Sym.IsClass (265ms)
✔ [5059/7677] Built Lean.Meta.Sym.InstantiateMVarsS (270ms)
✔ [5061/7677] Built Lean.Meta.Sym.AlphaShareBuilder (666ms)
✔ [5063/7677] Built Lean.Compiler.LCNF.SpecInfo (897ms)
✔ [5065/7677] Built Lean.Meta.Sym.SymM:c.o (5.1s)
✔ [5066/7677] Built Lean.Compiler.LCNF.Simp.DiscrM (715ms)
✔ [5068/7677] Built Lean.Compiler.LCNF.JoinPoints (2.3s)
✔ [5070/7677] Built Lean.Compiler.LCNF.ReduceJpArity (569ms)
✔ [5072/7677] Built Lean.Compiler.LCNF.ToMono (2.1s)
✔ [5074/7677] Built Lean.Compiler.LCNF.CompatibleTypes (487ms)
✔ [5076/7677] Built Lean.Compiler.LCNF.Bind (528ms)
✔ [5078/7677] Built Std.Tactic.BVDecide (299ms)
✔ [5080/7677] Built Lean.Compiler.LCNF.ElimDeadBranches (2.3s)
✔ [5082/7677] Built Lean.Meta.Sym.Arith.Types:c.o (385ms)
✔ [5083/7677] Built Lean.LabelAttribute:c.o (774ms)
✔ [5084/7677] Built Lean.Meta.Sym.DSimp.DSimpM:c.o (527ms)
✔ [5085/7677] Built Lean.DocString.View (2.6s)
✔ [5087/7677] Built Lean.Meta.Sym.SynthInstance:c.o (969ms)
✔ [5088/7677] Built Lean.Compiler.LCNF.Simp.ConstantFold (4.6s)
✔ [5090/7677] Built Lean.Meta.Sym.InferType:c.o (543ms)
✔ [5091/7677] Built Lean.Meta.Sym.Simp.CongrInfo:c.o (1.1s)
✔ [5092/7677] Built Lean.Meta.Sym.IsClass:c.o (144ms)
✔ [5093/7677] Built Lean.Meta.Sym.InstantiateMVarsS:c.o (143ms)
✔ [5094/7677] Built Lean.DocString.Parser (3.7s)
✔ [5096/7677] Built Lean.Meta.Sym.MaxFVar:c.o (1.2s)
✔ [5097/7677] Built Lean.Meta.Sym.AlphaShareBuilder:c.o (1.4s)
✔ [5098/7677] Built Lean.Compiler.LCNF.Simp.DiscrM:c.o (1.4s)
✔ [5099/7677] Built Lean.Compiler.LCNF.SpecInfo:c.o (1.8s)
✔ [5100/7677] Built Lean.Meta.Sym.Util:c.o (3.5s)
✔ [5101/7677] Built Lean.Compiler.LCNF.ReduceJpArity:c.o (998ms)
✔ [5102/7677] Built Std.Tactic.BVDecide:c.o (79ms)
✔ [5103/7677] Built Lean.Compiler.LCNF.CompatibleTypes:c.o (747ms)
✔ [5104/7677] Built Lean.Compiler.LCNF.Bind:c.o (1.6s)
✔ [5105/7677] Built Lean.Meta.Sym.Arith.MonadVar (257ms)
✔ [5107/7677] Built Lean.Meta.Sym.Arith.MonadCanon (229ms)
✔ [5109/7677] Built Lean.Meta.Tactic.Simp.SimpTheorems:c.o (7.8s)
✔ [5110/7677] Built Lean.Meta.Sym.Arith.EvalNum (822ms)
✔ [5112/7677] Built Lean.Meta.Sym.DSimp.Variant (405ms)
✔ [5114/7677] Built Lean.Compiler.LCNF.ToMono:c.o (5.0s)
✔ [5115/7677] Built Lean.Meta.Sym.DSimp.Result (337ms)
✔ [5117/7677] Built Lean.Meta.Tactic.Grind.SynthInstance (187ms)
✔ [5119/7677] Built Lean.DocString.View:c.o (2.5s)
✔ [5120/7677] Built Lean.Compiler.LCNF.JoinPoints:c.o (7.7s)
✔ [5121/7677] Built Lean.Meta.Sym.ProofInstInfo (462ms)
✔ [5123/7677] Built Lean.Meta.Tactic.Simp.Types (3.3s)
✔ [5125/7677] Built Lean.Compiler.LCNF.ElimDeadBranches:c.o (6.7s)
✔ [5126/7677] Built Lean.Elab.Tactic.VCGen.WPApp (256ms)
✔ [5128/7677] Built Lean.Meta.Sym.DSimp.EvalGround (5.2s)
✔ [5130/7677] Built Lean.Compiler.LCNF.Internalize (1.2s)
✔ [5132/7677] Built Lean.Meta.Sym.ReplaceS (2.2s)
✔ [5134/7677] Built Lean.Meta.Sym.Arith.MonadVar:c.o (99ms)
✔ [5135/7677] Built Std.Tactic (248ms)
✔ [5137/7677] Built Lean.Meta.Sym.Arith.MonadCanon:c.o (145ms)
✔ [5138/7677] Built Lean.Meta.Sym.DSimp.Variant:c.o (354ms)
✔ [5139/7677] Built Lean.Meta.Sym.DSimp.Result:c.o (94ms)
✔ [5140/7677] Built Lean.Meta.Tactic.Grind.SynthInstance:c.o (55ms)
✔ [5141/7677] Built Lean.Elab.DocString.Builtin.Parsing (780ms)
✔ [5143/7677] Built Lean.Meta.Sym.Arith.EvalNum:c.o (1.9s)
✔ [5144/7677] Built Lean.Compiler.LCNF.ToLCNF (4.3s)
✔ [5146/7677] Built Lean.Meta.Sym.ProofInstInfo:c.o (1.1s)
✔ [5147/7677] Built Lean.DocString.Formatter (1.9s)
✔ [5149/7677] Built Lean.Elab.Tactic.VCGen.WPApp:c.o (222ms)
✔ [5150/7677] Built Lean.Meta.Sym.ReplaceS:c.o (2.3s)
✔ [5151/7677] Built Lean.DocString.Parser:c.o (8.7s)
✔ [5152/7677] Built Lean.Meta.Sym.Arith.MonadSemiring (322ms)
✔ [5154/7677] Built Lean.Meta.Sym.Arith.MonadRing (270ms)
✔ [5156/7677] Built Std.Tactic:c.o (62ms)
✔ [5157/7677] Built Lean.Meta.Sym.Canon (1.6s)
✔ [5159/7677] Built Lean.Compiler.LCNF.Internalize:c.o (4.0s)
✔ [5160/7677] Built Lean.Meta.Sym.Arith.SafePoly (885ms)
✔ [5162/7677] Built Lean.Meta.Sym.DSimp.DSimproc (311ms)
✔ [5164/7677] Built Lean.Meta.Sym.Arith.Insts (424ms)
✔ [5166/7677] Built Lean.Meta.Tactic.Grind.Arith.FieldNormNum (1.4s)
✔ [5168/7677] Built Lean.Elab.DocString.Builtin.Parsing:c.o (1.6s)
✔ [5169/7677] Built Lean.Meta.Sym.DSimp.App (377ms)
✔ [5171/7677] Built Lean.Meta.Tactic.Simp.Types:c.o (10s)
✔ [5172/7677] Built Lean.Meta.Tactic.Simp.LoopProtection (767ms)
✔ [5174/7677] Built Lean.Meta.Tactic.Simp.Simproc (2.2s)
✔ [5176/7677] Built Lean.Meta.Sym.LiftLet (1.2s)
✔ [5178/7677] Built Lean.Meta.Sym.LetToHave (1.8s)
✔ [5180/7677] Built Lean.DocString.Formatter:c.o (4.4s)
✔ [5181/7677] Built Lean.Meta.Sym.AbstractS (828ms)
✔ [5183/7677] Built Lean.Compiler.LCNF.PushProj (404ms)
✔ [5185/7677] Built Lean.Meta.Sym.LooseBVarsS (414ms)
✔ [5187/7677] Built Lean.Compiler.LCNF.AuxDeclCache (311ms)
✔ [5189/7677] Built Lean.Compiler.LCNF.Simp.JpCases (1.2s)
✔ [5191/7677] Built Lean.Compiler.LCNF.ExtractClosed (1.3s)
✔ [5193/7677] Built Lean.Compiler.LCNF.Simp.ConstantFold:c.o (23s)
✔ [5194/7677] Built Lean.Meta.Sym.Arith.MonadSemiring:c.o (272ms)
✔ [5195/7677] Built Lean.Meta.Sym.Arith.MonadRing:c.o (197ms)
✔ [5196/7677] Built Lean.Compiler.LCNF.PrettyPrinter (1.2s)
✔ [5198/7677] Built Lean.Compiler.LCNF.ReduceArity (862ms)
✔ [5200/7677] Built Std (320ms)
✔ [5202/7677] Built Lean.Meta.Sym.DSimp.DSimproc:c.o (431ms)
✔ [5203/7677] Built Lean.Meta.Sym.Arith.Insts:c.o (1.0s)
✔ [5204/7677] Built Lean.Meta.Sym.Arith.SafePoly:c.o (2.3s)
✔ [5205/7677] Built Lean.Compiler.LCNF.ToDecl (1.1s)
✔ [5207/7677] Built Lean.Compiler.LCNF.ToLCNF:c.o (12s)
✔ [5208/7677] Built Lean.Meta.Sym.DSimp.App:c.o (483ms)
✔ [5209/7677] Built Lean.Meta.Tactic.Grind.Arith.FieldNormNum:c.o (2.7s)
✔ [5210/7677] Built Lean.Meta.Tactic.Simp.LoopProtection:c.o (1.6s)
✔ [5211/7677] Built Lean.Meta.Sym.DSimp.EvalGround:c.o (22s)
✔ [5212/7677] Built Lean.Meta.Sym.Canon:c.o (6.1s)
✔ [5213/7677] Built Lean.Meta.Sym.AbstractS:c.o (2.6s)
✔ [5214/7677] Built Lean.Parser.Term (5.2s)
✔ [5216/7677] Built Lean.Compiler.LCNF.PushProj:c.o (1.1s)
✔ [5217/7677] Built Lean.Meta.Tactic.Simp.Simproc:c.o (5.7s)
✔ [5218/7677] Built Lean.Meta.Sym.LiftLet:c.o (5.0s)
✔ [5219/7677] Built Lean.Compiler.LCNF.AuxDeclCache:c.o (664ms)
✔ [5220/7677] Built Lean.Meta.Sym.LooseBVarsS:c.o (2.4s)
✔ [5221/7677] Built Lean.Meta.Sym.LetToHave:c.o (5.9s)
✔ [5222/7677] Built Std:c.o (60ms)
✔ [5223/7677] Built Lean.Meta.Sym.Arith.Functions (695ms)
✔ [5225/7677] Built Lean.Meta.Sym.Arith.Classify (1.2s)
✔ [5227/7677] Built Lean.Compiler.LCNF.Simp.JpCases:c.o (2.8s)
✔ [5228/7677] Built Lean.Compiler.LCNF.ExtractClosed:c.o (3.1s)
✔ [5229/7677] Built Lean.Compiler.LCNF.ReduceArity:c.o (2.3s)
✔ [5230/7677] Built Lean.Meta.Tactic.Simp.BuiltinSimprocs.Core (661ms)
✔ [5232/7677] Built Lean.Compiler.LCNF.PrettyPrinter:c.o (2.8s)
✔ [5233/7677] Built Lean.Meta.Tactic.Simp.BuiltinSimprocs.Util (364ms)
✔ [5235/7677] Built Lean.Meta.Tactic.Grind.Util (777ms)
✔ [5237/7677] Built Lean.Meta.Tactic.Simp.Attr (693ms)
✔ [5239/7677] Built Lean.Meta.Sym.InstantiateS (1.1s)
✔ [5241/7677] Built Lean.Compiler.LCNF.ExplicitBoxing (1.2s)
✔ [5243/7677] Built Lean.Compiler.LCNF.LambdaLifting (1.1s)
✔ [5245/7677] Built Lean.Compiler.LCNF.InferBorrow (2.3s)
✔ [5247/7677] Built Lean.Compiler.LCNF.ToDecl:c.o (4.0s)
✔ [5248/7677] Built Lean.Compiler.LCNF.ExplicitRC (2.4s)
✔ [5250/7677] Built Lean.Compiler.LCNF.Simp.SimpM (975ms)
✔ [5252/7677] Built Lean.Compiler.LCNF.StructProjCases (1.2s)
✔ [5254/7677] Built Std:static (205ms)
✔ [5255/7677] Built Std:static (361ms)
✔ [5257/7677] Built Lean.Compiler.LCNF.Check (1.6s)
✔ [5259/7677] Built Lean.Meta.Sym.Arith.Functions:c.o (1.9s)
✔ [5260/7677] Built Lean.Compiler.LCNF.EmitC (5.8s)
✔ [5262/7677] Built Lean.Meta.Tactic.Simp.BuiltinSimprocs.Util:c.o (330ms)
✔ [5263/7677] Built Lean.Meta.Tactic.Simp.BuiltinSimprocs.Core:c.o (1.5s)
✔ [5264/7677] Built Lean.Elab.Command.Scope (312ms)
✔ [5266/7677] Built Lean.Elab.WhereFinally (432ms)
✔ [5268/7677] Built Lake.Util.Binder (1.1s)
✔ [5270/7677] Built Lean.Parser.Tactic (560ms)
✔ [5272/7677] Built Lean.Elab.PreDefinition.TerminationHint (1.4s)
✔ [5274/7677] Built Lean.Parser.Do (1.9s)
✔ [5276/7677] Built Lean.Meta.Sym.Arith.Classify:c.o (4.4s)
✔ [5277/7677] Built Lean.Meta.Tactic.Simp.Attr:c.o (1.9s)
✔ [5278/7677] Built Lean.Compiler.LCNF.LambdaLifting:c.o (1.0s)
✔ [5279/7677] Built Lean.Meta.Tactic.Grind.Util:c.o (4.2s)
✔ [5280/7677] Built Lean.Meta.Sym.InstantiateS:c.o (3.9s)
✔ [5281/7677] Built Lean.Compiler.LCNF.ExplicitBoxing:c.o (3.8s)
✔ [5282/7677] Built Lean.Parser.Term:c.o (14s)
✔ [5283/7677] Built Lean.Meta.Sym.Arith.DenoteExpr (439ms)
✔ [5285/7677] Built Lean.Meta.Sym.Arith.Reify (799ms)
✔ [5287/7677] Built Lean.Compiler.LCNF.Simp.SimpM:c.o (2.2s)
✔ [5288/7677] Built Lean.Meta.Tactic.Grind.Arith.Simproc (1.1s)
✔ [5290/7677] Built Lean.Compiler.LCNF.StructProjCases:c.o (2.9s)
✔ [5291/7677] Built Lean.Compiler.LCNF.InferBorrow:c.o (5.7s)
✔ [5292/7677] Built Lean.Elab.Command.Scope:c.o (105ms)
✔ [5293/7677] Built Lean.Compiler.LCNF.Check:c.o (3.6s)
✔ [5294/7677] Built Lean.Elab.WhereFinally:c.o (127ms)
✔ [5295/7677] Built Lean.Meta.Tactic.Simp.BuiltinSimprocs.Nat (1.8s)
✔ [5297/7677] Built Lean.Meta.Tactic.Grind.AC.Var (180ms)
✔ [5299/7677] Built Lean.Compiler.LCNF.ExplicitRC:c.o (6.3s)
✔ [5300/7677] Built Lean.Parser.Tactic:c.o (447ms)
✔ [5301/7677] Built Lean.Elab.Tactic.BoolToPropSimps (221ms)
✔ [5303/7677] Built Lake.Util.Binder:c.o (853ms)
✔ [5304/7677] Built Lean.Meta.Tactic.Simp.RegisterCommand (595ms)
✔ [5306/7677] Built Lean.Elab.PreDefinition.TerminationHint:c.o (1.3s)
✔ [5307/7677] Built Lean.Meta.Tactic.NormCast (916ms)
✔ [5309/7677] Built Lean.Meta.Sym.DSimp.Forall (270ms)
✔ [5311/7677] Built Lean.Meta.Sym.DSimp.Let (479ms)
✔ [5313/7677] Built Lean.Meta.Sym.DSimp.Lambda (358ms)
✔ [5315/7677] Built Lean.Elab.Tactic.VCGen.Reduce (535ms)
✔ [5317/7677] Built Lean.Meta.Sym.DSimp.Reduce (697ms)
✔ [5319/7677] Built Lean.Meta.Sym.Intro (770ms)
✔ [5321/7677] Built Lean.Compiler.LCNF.Simp.SimpValue (592ms)
✔ [5323/7677] Built Lean.Meta.Tactic.Simp.Rewrite (3.0s)
✔ [5325/7677] Built Lean.Compiler.LCNF.Simp.InlineProj (797ms)
✔ [5327/7677] Built Lean.Compiler.LCNF.Simp.Used (1.3s)
✔ [5329/7677] Built Lean.Compiler.LCNF.Simp.InlineCandidate (942ms)
✔ [5331/7677] Built Lean.Meta.Sym.Arith.DenoteExpr:c.o (1.1s)
✔ [5332/7677] Built Lean.Parser.Do:c.o (5.3s)
✔ [5333/7677] Built Lean.Meta.Sym.Pattern (4.4s)
✔ [5335/7677] Built Lake.Util (345ms)
✔ [5337/7677] Built Lake.Util.OpaqueType (725ms)
✔ [5339/7677] Built Lean.Meta.Tactic.Grind.AC.Var:c.o (64ms)
✔ [5340/7677] Built Lean.Elab.Tactic.BoolToPropSimps:c.o (53ms)
✔ [5341/7677] Built Lean.Meta.Sym.Arith.Reify:c.o (2.0s)
✔ [5342/7677] Built Lean.Elab.BindersUtil (965ms)
✔ [5344/7677] Built Lean.Meta.Tactic.Simp.RegisterCommand:c.o (469ms)
✔ [5345/7677] Built Lean.Meta.Tactic.Grind.Arith.Simproc:c.o (2.8s)
✔ [5346/7677] Built Lean.Meta.Sym.DSimp.Forall:c.o (489ms)
✔ [5347/7677] Built Lean.Meta.Sym.DSimp.Let:c.o (740ms)
✔ [5348/7677] Built Lean.Meta.Tactic.NormCast:c.o (1.9s)
✔ [5349/7677] Built Lean.Meta.Sym.DSimp.Lambda:c.o (603ms)
✔ [5350/7677] Built Lean.Meta.Sym.DSimp.Reduce:c.o (659ms)
✔ [5351/7677] Built Lean.Elab.Tactic.VCGen.Reduce:c.o (844ms)
✔ [5352/7677] Built Lean.Parser.Command (3.9s)
✔ [5354/7677] Built Lean.Compiler.LCNF.Simp.SimpValue:c.o (477ms)
✔ [5355/7677] Built Lean.Meta.Tactic.Simp.BuiltinSimprocs.Nat:c.o (6.1s)
✔ [5356/7677] Built Lean.Compiler.LCNF.Simp.InlineProj:c.o (866ms)
✔ [5357/7677] Built Lean.Meta.Sym.Intro:c.o (1.5s)
✔ [5358/7677] Built Lean.Compiler.LCNF.Simp.Used:c.o (746ms)
✔ [5359/7677] Built Lean.Meta.Tactic.Simp.BuiltinSimprocs.Array (492ms)
✔ [5361/7677] Built Lake.Util:c.o (117ms)
✔ [5362/7677] Built Lean.Compiler.LCNF.Simp.InlineCandidate:c.o (1.3s)
✔ [5363/7677] Built Lean.Meta.Tactic.Simp.BuiltinSimprocs.List (373ms)
✔ [5365/7677] Built Lean.Meta.Tactic.Simp.BuiltinSimprocs.Int (1.3s)
✔ [5367/7677] Built Lean.Meta.Tactic.Simp.BuiltinSimprocs.Fin (1.7s)
✔ [5369/7677] Built Lake.Util.OpaqueType:c.o (746ms)
✔ [5370/7677] Built Lean.Meta.Tactic.Simp.BuiltinSimprocs.UInt (3.6s)
✔ [5372/7677] Built Lean.Elab.BindersUtil:c.o (776ms)
✔ [5373/7677] Built Lean.Meta.Sym.DSimp.Main (635ms)
✔ [5375/7677] Built Lean.Meta.Tactic.Grind.MatchDiscrOnly (518ms)
✔ [5377/7677] Built Lean.Compiler.LCNF.EmitC:c.o (21s)
✔ [5378/7677] Built Lean.Compiler.LCNF.Simp.DefaultAlt (405ms)
✔ [5380/7677] Built Lean.Meta.Sym.Apply (560ms)
✔ [5382/7677] Built Lean.Meta.Sym.Simp.DiscrTree (563ms)
✔ [5384/7677] Built Lean.Meta.Sym.Simp.SimpM (701ms)
✔ [5386/7677] Built Lean.Meta.Tactic.Simp.BuiltinSimprocs.Array:c.o (560ms)
✔ [5387/7677] Built Lean.Meta.Tactic.Simp.BuiltinSimprocs.List:c.o (179ms)
✔ [5388/7677] Built Lean.Meta.Tactic.Simp.Rewrite:c.o (10s)
✔ [5389/7677] Built Lake.Config.Opaque (273ms)
✔ [5391/7677] Built Lean.Meta.Sym.Pattern:c.o (11s)
✔ [5392/7677] Built Lean.Meta.Tactic.Simp.BuiltinSimprocs.Int:c.o (4.4s)
✔ [5393/7677] Built Lean.Elab.Util (931ms)
✔ [5395/7677] Built Lean.Meta.Tactic.Simp.BuiltinSimprocs.Fin:c.o (5.4s)
✔ [5396/7677] Built Lean.PrettyPrinter.Delaborator.DeclWithSig (379ms)
✔ [5398/7677] Built Lean.Elab.DeclUtil (541ms)
✔ [5400/7677] Built Lake.Config.Meta (2.1s)
✔ [5402/7677] Built Lean.Elab.DeclarationRange (428ms)
✔ [5404/7677] Built Lean.Meta.Tactic.Grind.Parser (675ms)
✔ [5406/7677] Built Lean.Parser.Module.Syntax (518ms)
✔ [5408/7677] Built Lean.Parser.Command:c.o (9.1s)
✔ [5409/7677] Built Lean.Parser.Syntax (1.2s)
✔ [5411/7677] Built Lean.Meta.Sym.DSimp.Main:c.o (1.2s)
✔ [5412/7677] Built Lean.Compiler.LCNF.Simp.DefaultAlt:c.o (864ms)
✔ [5413/7677] Built Lean.Meta.Sym.Apply:c.o (1.1s)
✔ [5414/7677] Built Lean.Meta.Tactic.Grind.MatchDiscrOnly:c.o (1.6s)
✔ [5415/7677] Built Lean.Meta.Sym.Simp.DiscrTree:c.o (802ms)
✔ [5416/7677] Built Lake.Config.Opaque:c.o (74ms)
✔ [5417/7677] Built Lean.Meta.Sym.Simp.SimpM:c.o (914ms)
✔ [5418/7677] Built Lean.Meta.Tactic.Simp.BuiltinSimprocs.Char (1.2s)
✔ [5420/7677] Built Lean.Elab.DeclUtil:c.o (961ms)
✔ [5421/7677] Built Lean.PrettyPrinter.Delaborator.DeclWithSig:c.o (146ms)
✔ [5422/7677] Built Lean.Meta.Tactic.Simp.BuiltinSimprocs.BitVec (2.6s)
✔ [5424/7677] Built Lean.Elab.Util:c.o (2.3s)
✔ [5425/7677] Built Lean.Elab.DeclarationRange:c.o (216ms)
✔ [5426/7677] Built Lean.Meta.Sym.DSimp (201ms)
✔ [5428/7677] Built Lean.Parser.Module.Syntax:c.o (475ms)
✔ [5429/7677] Built Lean.Meta.Tactic.Grind.Parser:c.o (1.1s)
✔ [5430/7677] Built Lean.Meta.Tactic.Simp.BuiltinSimprocs.UInt:c.o (11s)
✔ [5431/7677] Built Lean.Meta.Tactic.Simp.BuiltinSimprocs.SInt (4.5s)
✔ [5433/7677] Built Lean.Meta.Sym.Simp.Variant (308ms)
✔ [5435/7677] Built Lean.Compiler.LCNF.Simp.Main (1.6s)
✔ [5437/7677] Built Lean.Meta.Sym.Simp.Theorems (1.0s)
✔ [5439/7677] Built Lean.Meta.Sym.Simp.Goal (388ms)
✔ [5441/7677] Built Lean.Meta.Tactic.Cbv.Util (375ms)
✔ [5443/7677] Built Lean.Meta.Sym.Simp.Lambda (529ms)
✔ [5445/7677] Built Lean.Meta.Sym.Simp.Discharger (507ms)
✔ [5447/7677] Built Lean.Meta.Sym.Simp.Result (339ms)
✔ [5449/7677] Built Lake.Config.Context (189ms)
✔ [5451/7677] Built Lean.Parser.Syntax:c.o (3.1s)
✔ [5452/7677] Built Lean.Elab.DeprecatedSyntax (391ms)
✔ [5454/7677] Built Lean.Meta.Sym.Simp.App (1.4s)
✔ [5456/7677] Built Lean.Elab.Attributes (509ms)
✔ [5458/7677] Built Lean.Elab.Open (841ms)
✔ [5460/7677] Built Lake.Config.LakeConfig (558ms)
✔ [5462/7677] Built Lake.Config.Meta:c.o (6.3s)
✔ [5463/7677] Built Lake.Config.LeanConfig (959ms)
✔ [5465/7677] Built Lake.Config.InputFileConfig (509ms)
✔ [5467/7677] Built Lake.Config.WorkspaceConfig (330ms)
✔ [5469/7677] Built Lean.Meta.Native (569ms)
✔ [5471/7677] Built Lean.Meta.Tactic.Simp.BuiltinSimprocs.Char:c.o (2.9s)
✔ [5472/7677] Built Lean.Meta.Sym.DSimp:c.o (80ms)
✔ [5473/7677] Built Lean.Linter.PersistentLintLog (462ms)
✔ [5475/7677] Built Lean.Meta.Sym.Simp.EvalGround (5.8s)
✔ [5477/7677] Built Lean.Parser.Module (637ms)
✔ [5479/7677] Built Lean.Meta.Sym.Simp.Variant:c.o (372ms)
✔ [5480/7677] Built Lean.Meta.Sym.Simp.Goal:c.o (670ms)
✔ [5481/7677] Built Lean.Meta.Sym.Simp.Theorems:c.o (3.5s)
✔ [5482/7677] Built Lean.Meta.Tactic.Cbv.Util:c.o (866ms)
✔ [5483/7677] Built Lean.Compiler.LCNF.Simp.Main:c.o (5.5s)
✔ [5484/7677] Built Lean.Meta.Sym.Simp.Lambda:c.o (1.1s)
✔ [5485/7677] Built Lean.Meta.Sym.Simp.Result:c.o (192ms)
✔ [5486/7677] Built Lean.Meta.Sym.Simp.Discharger:c.o (983ms)
✔ [5487/7677] Built Lake.Config.Context:c.o (151ms)
✔ [5488/7677] Built Lean.Elab.DeprecatedSyntax:c.o (355ms)
✔ [5489/7677] Built Lean.Meta.Tactic.Simp.BuiltinSimprocs.String (951ms)
✔ [5491/7677] Built Lean.PrettyPrinter.Delaborator.Builtins (11s)
✔ [5493/7677] Built Lean.Elab.Attributes:c.o (611ms)
✔ [5494/7677] Built Lean.Elab.Open:c.o (1.5s)
✔ [5495/7677] Built Lake.Config.InputFileConfig:c.o (373ms)
✔ [5496/7677] Built Lake.Config.LakeConfig:c.o (610ms)
✔ [5497/7677] Built Lean.Meta.Tactic.Simp.BuiltinSimprocs.BitVec:c.o (11s)
✔ [5498/7677] Built Lake.Config.WorkspaceConfig:c.o (174ms)
✔ [5499/7677] Built Lean.Meta.Sym.Simp.App:c.o (3.8s)
✔ [5500/7677] Built Lean.Linter.PersistentLintLog:c.o (583ms)
✔ [5501/7677] Built Lean.Meta.Native:c.o (1.8s)
✔ [5502/7677] Built Lean.Compiler.LCNF.Simp (508ms)
✔ [5504/7677] Built Lake.Config.LeanConfig:c.o (2.6s)
✔ [5505/7677] Built Lean.Parser.Module:c.o (1.5s)
✔ [5506/7677] Built Lean.Meta.Sym.Simp.Attr (371ms)
✔ [5508/7677] Built Lean.Meta.Tactic.Cbv.TheoremsLookup (523ms)
✔ [5510/7677] Built Lean.Meta.Tactic.Cbv.CbvEvalExt (794ms)
✔ [5512/7677] Built Lean.Meta.Sym.Simp.Simproc (482ms)
✔ [5514/7677] Built Lean.Meta.Tactic.Simp.BuiltinSimprocs.SInt:c.o (14s)
✔ [5515/7677] Built Lake.Build.Context (403ms)
✔ [5517/7677] Built Lean.Meta.Sym.Simp.Forall (996ms)
✔ [5519/7677] Built Lean.Meta.Sym.Simp.Have (1.3s)
✔ [5521/7677] Built Lake.Config.Script (241ms)
✔ [5523/7677] Built Lean.Meta.Sym.Simp.ControlFlow (947ms)
✔ [5525/7677] Built Lean.Meta.Tactic.Cbv.CbvSimproc (1.7s)
✔ [5527/7677] Built Lean.Meta.Tactic.Simp.BuiltinSimprocs.String:c.o (1.7s)
✔ [5528/7677] Built Lake.Load.Config (312ms)
✔ [5530/7677] Built Lean.Elab.Mixfix (834ms)
✔ [5532/7677] Built Lake.Config.LeanExeConfig (570ms)
✔ [5534/7677] Built Lake.Config.LeanLibConfig (783ms)
✔ [5536/7677] Built Lake.Config.PackageConfig (1.5s)
✔ [5538/7677] Built Lean.Parser (966ms)
✔ [5540/7677] Built Lean.Meta.Sym.Arith.Norm (4.5s)
✔ [5542/7677] Built Lean.Server.Completion.ImportCompletion (955ms)
✔ [5544/7677] Built Lean.Elab.ParseImportsFast (858ms)
✔ [5546/7677] Built Lean.Elab.Import (1.0s)
✔ [5548/7677] Built Lean.Compiler.LCNF.Simp:c.o (978ms)
✔ [5549/7677] Built Lean.Meta.Sym.Simp.Attr:c.o (1.0s)
✔ [5550/7677] Built Lean.Meta.Tactic.Cbv.TheoremsLookup:c.o (908ms)
✔ [5551/7677] Built Lake.CLI.Shake (4.0s)
✔ [5553/7677] Built Lake.Build.Context:c.o (253ms)
✔ [5554/7677] Built Lean.Meta.Sym.Simp.Simproc:c.o (649ms)
✔ [5555/7677] Built Lean.Meta.Tactic.Cbv.CbvEvalExt:c.o (3.3s)
✔ [5556/7677] Built Lake.Config.Script:c.o (96ms)
✔ [5557/7677] Built Lean.Meta.Sym.Simp.ControlFlow:c.o (2.1s)
✔ [5558/7677] Built Lean.Meta.Sym.Simp.Forall:c.o (3.2s)
✔ [5559/7677] Built Lean.PrettyPrinter.Delaborator (233ms)
✔ [5561/7677] Built Lake.Load.Config:c.o (109ms)
✔ [5562/7677] Built Lean.Meta.Sym.Simp.Have:c.o (4.5s)
✔ [5563/7677] Built Lean.Elab.Mixfix:c.o (1.3s)
✔ [5564/7677] Built Lake.Config.LeanExeConfig:c.o (789ms)
✔ [5565/7677] Built Lake.Config.LeanLibConfig:c.o (1.2s)
✔ [5566/7677] Built Lean.Meta.Tactic.Cbv.CbvSimproc:c.o (3.9s)
✔ [5567/7677] Built Lean.Parser:c.o (1.2s)
✔ [5568/7677] Built Lean.Server.Completion.ImportCompletion:c.o (1.5s)
✔ [5569/7677] Built Lean.Elab.ParseImportsFast:c.o (1.9s)
✔ [5570/7677] Built Lake.Config.PackageConfig:c.o (6.4s)
✔ [5571/7677] Built Lean.Elab.Import:c.o (1.8s)
✔ [5572/7677] Built Lean.Compiler.LCNF.Specialize (3.5s)
✔ [5574/7677] Built Lean.Meta.Sym.Simp.RegisterCommand (386ms)
✔ [5576/7677] Built Lean.Meta.Tactic.Grind.Homo (926ms)
✔ [5578/7677] Built Lean.Meta.Sym.Simp.Rewrite (644ms)
✔ [5580/7677] Built Lean.PrettyPrinter.Delaborator.Builtins:c.o (23s)
✔ [5581/7677] Built Lean.Meta.Sym.Simp.Telescope (280ms)
✔ [5583/7677] Built Lean.Meta.Sym.Simp.Main (1.1s)
✔ [5585/7677] Built Lean.Meta.Tactic.Cbv.BuiltinCbvSimprocs.Core (538ms)
✔ [5587/7677] Built Lean.Meta.Tactic.Cbv.BuiltinCbvSimprocs.Array (599ms)
✔ [5589/7677] Built Lean.PrettyPrinter.Delaborator:c.o (152ms)
✔ [5590/7677] Built Lean.Meta.Tactic.Cbv.BuiltinCbvSimprocs.String (543ms)
✔ [5592/7677] Built Lake.Toml.ParserUtil (942ms)
✔ [5594/7677] Built Lake.Config.ConfigDecl (1.1s)
✔ [5596/7677] Built Lean.Meta.Sym.Arith (225ms)
✔ [5598/7677] Built Lean.Meta.Sym.Simp.Arith (1.8s)
✔ [5600/7677] Built Lean.Meta.Sym.Simp.RegisterCommand:c.o (220ms)
✔ [5601/7677] Built Lean.Meta.Sym.Simp.EvalGround:c.o (33s)
✔ [5602/7677] Built Lean.Meta.Tactic.Grind.Homo:c.o (1.6s)
✔ [5603/7677] Built Lean.Meta.Sym.Simp.Telescope:c.o (124ms)
✔ [5604/7677] Built Lean.Meta.Sym.Simp.Rewrite:c.o (1.7s)
✔ [5605/7677] Built Lean.Meta.Tactic.Cbv.BuiltinCbvSimprocs.Core:c.o (584ms)
✔ [5606/7677] Built Lake.CLI.Shake:c.o (9.1s)
✔ [5607/7677] Built Lean.Meta.Sym.Simp.Main:c.o (1.0s)
✔ [5608/7677] Built Lean.Meta.Tactic.Cbv.BuiltinCbvSimprocs.Array:c.o (486ms)
✔ [5609/7677] Built Lean.PrettyPrinter (745ms)
✔ [5611/7677] Built Lean.Meta.Tactic.Cbv.BuiltinCbvSimprocs.String:c.o (644ms)
✔ [5612/7677] Built Lean.Meta.Sym.Arith:c.o (91ms)
✔ [5613/7677] Built Lean.Compiler.LCNF.Passes (536ms)
✔ [5615/7677] Built Lean.Meta.Sym.Arith.Norm:c.o (17s)
✔ [5616/7677] Built Lake.Config.ConfigDecl:c.o (593ms)
✔ [5617/7677] Built Lean.Meta.Sym.Simp.Debug (319ms)
✔ [5619/7677] Built Lake.Toml.ParserUtil:c.o (1.6s)
✔ [5620/7677] Built Lean.Elab.Tactic.VCGen.LatticeOp (1.1s)
✔ [5622/7677] Built Lake.Toml.Grammar (1.2s)
✔ [5624/7677] Built Lean.Meta.Tactic.Cbv.ControlFlow (1.0s)
✔ [5626/7677] Built Lake.Config.Package (1.0s)
✔ [5628/7677] Built Lean.Compiler.LCNF.Specialize:c.o (9.2s)
✔ [5629/7677] Built Lean.Meta.Sym.Simp.Debug:c.o (219ms)
✔ [5630/7677] Built Lean.PrettyPrinter:c.o (1.5s)
✔ [5631/7677] Built Lean.Compiler.LCNF.Passes:c.o (1.4s)
✔ [5632/7677] Built Lean.Elab.Tactic.VCGen.LatticeOp:c.o (1.9s)
✔ [5633/7677] Built Lake.Toml.Grammar:c.o (1.8s)
✔ [5634/7677] Built Lean.Meta.Tactic.Apply (1.4s)
✔ [5636/7677] Built Lean.Elab.InfoTree.Util (1.4s)
✔ [5638/7677] Built Lean.Meta.Diagnostics (885ms)
✔ [5640/7677] Built Lean.Elab.PreDefinition.MkInhabitant (861ms)
✔ [5642/7677] Built Lean.Meta.TryThis (711ms)
✔ [5644/7677] Built Lean.Meta.Sym.Simp (300ms)
✔ [5646/7677] Built Lake.Config.Package:c.o (1.6s)
✔ [5647/7677] Built Lean.Compiler.LCNF.Main (1.8s)
✔ [5649/7677] Built Lake.Toml.Elab.Value (1.4s)
✔ [5651/7677] Built Lean.Elab.PreDefinition.MkInhabitant:c.o (660ms)
✔ [5652/7677] Built Lean.Meta.Sym.Simp.Arith:c.o (9.9s)
✔ [5653/7677] Built Lean.Meta.Diagnostics:c.o (2.5s)
✔ [5654/7677] Built Lake.Load.Materialize (1.3s)
✔ [5656/7677] Built Lean.Meta.Tactic.Apply:c.o (4.3s)
✔ [5657/7677] Built Lean.Elab.InfoTree.Util:c.o (4.4s)
✔ [5658/7677] Built Lake.Config.ConfigTarget (442ms)
✔ [5660/7677] Built Lean.Meta.Sym.Simp:c.o (125ms)
✔ [5661/7677] Built Lake.Build.Info (415ms)
✔ [5663/7677] Built Lean.Widget.Basic (401ms)
✔ [5665/7677] Built Lean.Meta.Tactic.Cbv.ControlFlow:c.o (7.5s)
✔ [5666/7677] Built Lean.Server.Utils (556ms)
✔ [5668/7677] Built Lean.Server.InfoUtils (251ms)
✔ [5670/7677] Built Lean.Meta.TryThis:c.o (1.0s)
✔ [5671/7677] Built Lake.CLI.Translate.Toml (2.2s)
✔ [5673/7677] Built Lean.Meta.Tactic.Refl (513ms)
✔ [5675/7677] Built Lean.Server.FileWorker.SignatureHelp (830ms)
✔ [5677/7677] Built Lean.Server.Completion.SyntheticCompletion (873ms)
✔ [5679/7677] Built Lean.Meta.Tactic.Rewrite (782ms)
✔ [5681/7677] Built Lean.Meta.Tactic.Constructor (484ms)
✔ [5683/7677] Built Lean.Meta.Tactic.Simp.Diagnostics (546ms)
✔ [5685/7677] Built Lake.Config.ConfigTarget:c.o (154ms)
✔ [5686/7677] Built Lean.Widget.Basic:c.o (58ms)
✔ [5687/7677] Built Lake.Build.Info:c.o (157ms)
✔ [5688/7677] Built Lean.Meta.Hint (1.2s)
✔ [5690/7677] Built Lean.Server.InfoUtils:c.o (80ms)
✔ [5691/7677] Built Lean.Server.Utils:c.o (881ms)
✔ [5692/7677] Built Lean.Compiler.LCNF (217ms)
✔ [5694/7677] Built Lean.Meta.Tactic.Refl:c.o (1.0s)
✔ [5695/7677] Built Lake.Toml.Elab.Value:c.o (2.9s)
✔ [5696/7677] Built Lake.Toml.Elab.Expression (1.5s)
✔ [5698/7677] Built Lake.Load.Materialize:c.o (4.7s)
✔ [5699/7677] Built Lean.Server.Completion.SyntheticCompletion:c.o (2.1s)
✔ [5700/7677] Built Lean.Server.FileWorker.SignatureHelp:c.o (1.3s)
✔ [5701/7677] Built Lean.Meta.Tactic.Constructor:c.o (1.4s)
✔ [5702/7677] Built Lake.CLI.Translate.Toml:c.o (4.7s)
✔ [5703/7677] Built Lean.Compiler.LCNF.Main:c.o (7.3s)
✔ [5704/7677] Built Lean.Meta.Tactic.Rewrite:c.o (1.8s)
✔ [5705/7677] Built Lake.Config.ExternLib (403ms)
✔ [5707/7677] Built Lake.Config.InputFile (684ms)
✔ [5709/7677] Built Lean.Widget.InteractiveCode (539ms)
✔ [5711/7677] Built Lake.Config.LeanLib (508ms)
✔ [5713/7677] Built Lean.Meta.Tactic.Simp.Diagnostics:c.o (1.9s)
✔ [5714/7677] Built Lean.Server.FileWorker.SetupFile (593ms)
✔ [5716/7677] Built Lean.Compiler.LCNF:c.o (184ms)
✔ [5717/7677] Built Lean.Server.GoTo (1.3s)
✔ [5719/7677] Built Lean.Meta.Tactic.Congr (652ms)
✔ [5721/7677] Built Lean.Meta.Match.Rewrite (1.3s)
✔ [5723/7677] Built Lean.Server.Completion.CompletionInfoSelection (540ms)
✔ [5725/7677] Built Lean.Server.References (2.3s)
✔ [5727/7677] Built Lake.Config.ExternLib:c.o (147ms)
✔ [5728/7677] Built Lake.Config.InputFile:c.o (163ms)
✔ [5729/7677] Built Lake.Config.LeanLib:c.o (523ms)
✔ [5730/7677] Built Lean.Widget.InteractiveCode:c.o (858ms)
✔ [5731/7677] Built Lake.Toml.Elab.Expression:c.o (2.3s)
✔ [5732/7677] Built Lean.Meta.Hint:c.o (4.2s)
✔ [5733/7677] Built Lean.Meta.Injective (3.2s)
✔ [5735/7677] Built Lean.Elab.AutoBound (335ms)
✔ [5737/7677] Built Lean.Compiler.Main (341ms)
✔ [5739/7677] Built Lean.Elab.StructInstHint (809ms)
✔ [5741/7677] Built Lean.Server.FileWorker.SetupFile:c.o (544ms)
✔ [5742/7677] Built Lean.Linter.Deprecated (1.5s)
✔ [5744/7677] Built Lake.Toml.Elab (249ms)
✔ [5746/7677] Built Lean.Meta.Tactic.Simp.Main (4.5s)
✔ [5748/7677] Built Lean.Meta.Tactic.Congr:c.o (1.5s)
✔ [5749/7677] Built Lean.Server.Completion.CompletionInfoSelection:c.o (1.1s)
✔ [5750/7677] Built Lake.Config.Module (608ms)
✔ [5752/7677] Built Lean.Meta.Match.Rewrite:c.o (2.9s)
✔ [5753/7677] Built Lean.Widget.InteractiveGoal (1.5s)
✔ [5755/7677] Built Lean.Server.GoTo:c.o (3.4s)
✔ [5756/7677] Built Lean.Elab.AutoBound:c.o (370ms)
✔ [5757/7677] Built Lean.Compiler.Main:c.o (682ms)
✔ [5758/7677] Built Lake.Toml.Elab:c.o (52ms)
✔ [5759/7677] Built Lean.Elab.StructInstHint:c.o (1.1s)
✔ [5760/7677] Built Lake.Config.Module:c.o (1.2s)
✔ [5761/7677] Built Lean.Elab.Level (539ms)
✔ [5763/7677] Built Lean.Linter.Deprecated:c.o (4.1s)
✔ [5764/7677] Built Lean.Compiler (307ms)
✔ [5766/7677] Built Lean.Server.Completion.CompletionResolution (472ms)
✔ [5768/7677] Built Lean.Meta.Constructions.CtorIdx (566ms)
✔ [5770/7677] Built Lean.Meta.Injective:c.o (7.2s)
✔ [5771/7677] Built Lean.Server.Completion.EligibleHeaderDecls (571ms)
✔ [5773/7677] Built Lake.Toml.Load (409ms)
✔ [5775/7677] Built Lean.Meta.Tactic.Unfold (595ms)
✔ [5777/7677] Built Lean.Meta.MethodSpecs (1.3s)
✔ [5779/7677] Built Lean.Meta.Tactic.Acyclic (550ms)
✔ [5781/7677] Built Lean.Widget.InteractiveGoal:c.o (4.9s)
✔ [5782/7677] Built Lake.Config.LeanExe (482ms)
✔ [5784/7677] Built Lean.Meta.Tactic.Simp.SimpAll (717ms)
✔ [5786/7677] Built Lean.Compiler:c.o (80ms)
✔ [5787/7677] Built Lean.Elab.Level:c.o (1.0s)
✔ [5788/7677] Built Lean.Server.References:c.o (10s)
✔ [5789/7677] Built Lean.Server.Completion.CompletionResolution:c.o (630ms)
✔ [5790/7677] Built Lean.Widget.Diff (988ms)
✔ [5792/7677] Built Lake.Toml.Load:c.o (370ms)
✔ [5793/7677] Built Lean.Meta.Tactic.Unfold:c.o (963ms)
✔ [5794/7677] Built Lean.Server.Completion.EligibleHeaderDecls:c.o (1.3s)
✔ [5795/7677] Built Lean.Meta.Constructions.CtorIdx:c.o (1.8s)
✔ [5796/7677] Built Lake.Config.LeanExe:c.o (561ms)
✔ [5797/7677] Built Lean.Meta.Tactic.Acyclic:c.o (1.1s)
✔ [5798/7677] Built Lean.Meta.CtorIdxHInj (494ms)
✔ [5800/7677] Built Lean.Meta.Tactic.Simp.BuiltinSimprocs.CtorIdx (405ms)
✔ [5802/7677] Built Lean.Meta.Constructions.SparseCasesOn (845ms)
✔ [5804/7677] Built Lean.Meta.Tactic.Simp.SimpAll:c.o (1.9s)
✔ [5805/7677] Built Lean.Meta.MethodSpecs:c.o (3.5s)
✔ [5806/7677] Built Lake.Toml (266ms)
✔ [5808/7677] Built Lean.Meta.Tactic.Simp.BuiltinSimprocs.MethodSpecs (447ms)
✔ [5810/7677] Built Lake.Build.Infos (1.2s)
✔ [5812/7677] Built Lean.Meta.Tactic.Simp.BuiltinSimprocs.CtorIdx:c.o (368ms)
✔ [5813/7677] Built Lean.Meta.CtorIdxHInj:c.o (1.2s)
✔ [5814/7677] Built Lake.Toml:c.o (92ms)
✔ [5815/7677] Built Lean.Meta.Tactic.Simp.BuiltinSimprocs.MethodSpecs:c.o (752ms)
✔ [5816/7677] Built Lake.Build.Infos:c.o (870ms)
✔ [5817/7677] Built Lean.Widget.Diff:c.o (3.5s)
✔ [5818/7677] Built Lean.Meta.Tactic.Simp.BuiltinSimprocs (289ms)
✔ [5820/7677] Built Lean.Meta.Tactic.Simp.Main:c.o (16s)
✔ [5821/7677] Built Lean.Elab.Term.TermElabM (6.7s)
✔ [5823/7677] Built Lean.Meta.Tactic.Simp.BuiltinSimprocs:c.o (117ms)
✔ [5824/7677] Built Lean.Meta.Constructions.SparseCasesOn:c.o (2.6s)
✔ [5825/7677] Built Lake.Build.Fetch (422ms)
✔ [5827/7677] Built Lean.Meta.Tactic.Simp (522ms)
✔ [5829/7677] Built Lean.Meta.Tactic.Cases (1.3s)
✔ [5831/7677] Built Lean.Elab.ConfigEval.Types (420ms)
✔ [5833/7677] Built Lean.Elab.Do.ForwardSyntax (743ms)
✔ [5835/7677] Built Lean.Elab.DocString.Builtin.Postponed (746ms)
✔ [5837/7677] Built Lean.Meta.Tactic.Simp:c.o (135ms)
✔ [5838/7677] Built Lean.Elab.ConfigEval.Types:c.o (83ms)
✔ [5839/7677] Built Lake.Build.Fetch:c.o (396ms)
✔ [5840/7677] Built Lake.Build.Job.Register (487ms)
✔ [5842/7677] Built Lake.Config.TargetConfig (356ms)
✔ [5844/7677] Built Lake.Config.FacetConfig (639ms)
✔ [5846/7677] Built Lean.Elab.Do.ForwardSyntax:c.o (250ms)
✔ [5847/7677] Built Lake.Build.Job.Monad (1.4s)
✔ [5849/7677] Built Lean.Elab.Tactic.Do.LetElim (1.3s)
✔ [5851/7677] Built Lean.Elab.Tactic.TreeTacAttr (368ms)
✔ [5853/7677] Built Lean.Meta.Tactic.BVDecide.Normalize.ApplyControlFlow (821ms)
✔ [5855/7677] Built Lean.Elab.Tactic.Do.Attr (2.2s)
✔ [5857/7677] Built Lean.Meta.Constructions.SparseCasesOnEq (617ms)
✔ [5859/7677] Built Lean.Elab.DocString.Builtin.Postponed:c.o (1.1s)
✔ [5860/7677] Built Lean.Meta.Tactic.Cases:c.o (5.2s)
✔ [5861/7677] Built Lean.Meta.Tactic.CasesOnStuckLHS (370ms)
✔ [5863/7677] Built Lean.Meta.Tactic.Contradiction (1.4s)
✔ [5865/7677] Built Lean.Meta.Constructions.BRecOn (1.2s)
✔ [5867/7677] Built Lean.Meta.Tactic.Grind.Cases (778ms)
✔ [5869/7677] Built Lake.Config.TargetConfig:c.o (326ms)
✔ [5870/7677] Built Lake.Build.Job.Register:c.o (592ms)
✔ [5871/7677] Built Lean.Meta.Tactic.SplitIf (1.5s)
✔ [5873/7677] Built Lake.Config.FacetConfig:c.o (1.0s)
✔ [5874/7677] Built Lean.Elab.Tactic.TreeTacAttr:c.o (55ms)
✔ [5875/7677] Built Lean.Meta.Tactic.BVDecide.Normalize.ApplyControlFlow:c.o (634ms)
✔ [5876/7677] Built Lake.Build.Job.Monad:c.o (3.2s)
✔ [5877/7677] Built Lean.Elab.Tactic.Do.LetElim:c.o (4.4s)
✔ [5878/7677] Built Lean.Meta.Constructions.SparseCasesOnEq:c.o (2.1s)
✔ [5879/7677] Built Lean.Meta.Tactic.CasesOnStuckLHS:c.o (496ms)
✔ [5880/7677] Built Lean.Elab.DocString (13s)
✔ [5882/7677] Built Lean.Meta.Tactic.Grind.Cases:c.o (2.2s)
✔ [5883/7677] Built Lean.Elab.Tactic.Do.Attr:c.o (7.5s)
✔ [5884/7677] Built Lake.Config.LakefileConfig (373ms)
✔ [5886/7677] Built Lake.Config.Workspace (1.5s)
✔ [5888/7677] Built Lake.Build.Job (322ms)
✔ [5890/7677] Built Lean.Elab.Tactic.VCGen.SpecDB (736ms)
✔ [5892/7677] Built Lean.Meta.SplitSparseCasesOn (834ms)
✔ [5894/7677] Built Lean.Meta.Match.SimpH (690ms)
✔ [5896/7677] Built Lean.Meta.Constructions.BRecOn:c.o (6.7s)
✔ [5897/7677] Built Lean.Meta.Match.SolveOverlap (1.1s)
✔ [5899/7677] Built Lake.Config.LakefileConfig:c.o (91ms)
✔ [5900/7677] Built Lean.Meta.Tactic.SplitIf:c.o (4.1s)
✔ [5901/7677] Built Lake.Build.Job:c.o (71ms)
✔ [5902/7677] Built Lean.Meta.Tactic.Contradiction:c.o (8.8s)
✔ [5903/7677] Built Lean.Meta.Tactic.Split (1.7s)
✔ [5905/7677] Built Lake.Config.Workspace:c.o (1.5s)
✔ [5906/7677] Built Lean.Elab.Tactic.VCGen.SpecDB:c.o (2.1s)
✔ [5907/7677] Built Lean.Elab.DocString.Builtin.Scopes (537ms)
✔ [5909/7677] Built Lean.Elab.Term.TermElabM:c.o (25s)
✔ [5910/7677] Built Lean.Meta.Match.SimpH:c.o (1.8s)
✔ [5911/7677] Built Lean.Meta.SplitSparseCasesOn:c.o (2.5s)
✔ [5912/7677] Built Lean.DocString.Add (1.3s)
✔ [5914/7677] Built Lake.CLI.Build (918ms)
✔ [5916/7677] Built Lake.Load.Lean.Eval (1.0s)
✔ [5918/7677] Built Lake.Config.Monad (842ms)
✔ [5920/7677] Built Lean.Elab.DocString.Builtin.Scopes:c.o (615ms)
✔ [5921/7677] Built Lake.Load.Toml (3.7s)
✔ [5923/7677] Built Lean.Meta.Match.SolveOverlap:c.o (4.6s)
✔ [5924/7677] Built Lake.CLI.Build:c.o (2.2s)
✔ [5925/7677] Built Lean.Meta.Match.Match (4.6s)
✔ [5927/7677] Built Lean.DocString.Add:c.o (4.9s)
✔ [5928/7677] Built Lean.Meta.Match.MatcherApp.Transform (1.5s)
✔ [5930/7677] Built Lake.Load.Lean.Eval:c.o (2.1s)
✔ [5931/7677] Built Lean.Elab.PreDefinition.EqnsUtils (341ms)
✔ [5933/7677] Built Lake.Config.Monad:c.o (1.1s)
✔ [5934/7677] Built Lean.Meta.Tactic.Split:c.o (8.6s)
✔ [5935/7677] Built Lean.Elab.DeclModifiers (1.4s)
✔ [5937/7677] Built Lean.Elab.DocString.Builtin.Keywords (3.7s)
✔ [5939/7677] Built Lake.Build.Common (5.4s)
✔ [5941/7677] Built Lean.Meta.Match.MatcherApp.Transform:c.o (7.3s)
✔ [5942/7677] Built Lake.Config (315ms)
✔ [5944/7677] Built Lake.Build.Target.Fetch (1.3s)
✔ [5946/7677] Built Lake.Build.Index (568ms)
✔ [5948/7677] Built Lean.Elab.PreDefinition.EqnsUtils:c.o (719ms)
✔ [5949/7677] Built Lake.Build.Targets (1.1s)
✔ [5951/7677] Built Lean.Meta.Match.MatchEqs (1.8s)
✔ [5953/7677] Built Lean.Meta.IndPredBelow (3.4s)
✔ [5955/7677] Built Lean.Elab.Tactic.Do.VCGen.Split (756ms)
✔ [5957/7677] Built Lean.Meta.Match.MatcherApp (198ms)
✔ [5959/7677] Built Lean.Elab.DeclModifiers:c.o (3.8s)
✔ [5960/7677] Built Lake.Load.Toml:c.o (17s)
✔ [5961/7677] Built Lake.Config:c.o (203ms)
✔ [5962/7677] Built Lean.Elab.DocString:c.o (32s)
✔ [5963/7677] Built Lake.Build.Target.Fetch:c.o (1.0s)
✔ [5964/7677] Built Lean.Elab.PreDefinition.Eqns (2.8s)
✔ [5966/7677] Built Lake.Build.Index:c.o (1.6s)
✔ [5967/7677] Built Lake.Build.Targets:c.o (1.2s)
✔ [5968/7677] Built Lean.Meta.Match.Match:c.o (22s)
✔ [5969/7677] Built Lean.IdentifierSuggestion (1.0s)
✔ [5971/7677] Built Lean.Elab.Term (569ms)
✔ [5973/7677] Built Lean.Elab.Tactic.Do.VCGen.Split:c.o (3.0s)
✔ [5974/7677] Built Lean.Meta.Match.MatcherApp:c.o (76ms)
✔ [5975/7677] Built Lake.Build.Common:c.o (11s)
✔ [5976/7677] Built Lake.Build.InputFile (480ms)
✔ [5978/7677] Built Lake.Build.Executable (466ms)
✔ [5980/7677] Built Lake.Build.ExternLib (683ms)
✔ [5982/7677] Built Lake.Build.Target (242ms)
✔ [5984/7677] Built Lean.Meta.Match.MatchEqs:c.o (8.6s)
✔ [5985/7677] Built Lake.Build.Run (1.8s)
✔ [5987/7677] Built Lake.Build.Library (2.4s)
✔ [5989/7677] Built Lake.Build.Package (1.6s)
✔ [5991/7677] Built Lean.Meta.Match (309ms)
✔ [5993/7677] Built Lean.Elab.DocString.Builtin.Keywords:c.o (17s)
✔ [5994/7677] Built Lean.Meta.Tactic.Grind.CasesMatch (502ms)
✔ [5996/7677] Built Lean.Elab.Term:c.o (603ms)
✔ [5997/7677] Built Lake.Build.InputFile:c.o (782ms)
✔ [5998/7677] Built Lake.Build.Executable:c.o (1.1s)
✔ [5999/7677] Built Lean.IdentifierSuggestion:c.o (1.0s)
✔ [6000/7677] Built Lake.Build.Target:c.o (85ms)
✔ [6001/7677] Built Lake.Build.ExternLib:c.o (1.2s)
✔ [6002/7677] Built Lean.Meta.IndPredBelow:c.o (12s)
✔ [6003/7677] Built Lean.Meta.Match:c.o (102ms)
✔ [6004/7677] Built Lake.Build.Run:c.o (2.7s)
✔ [6005/7677] Built Lean.Linter.Util (557ms)
✔ [6007/7677] Built Lean.Meta.Tactic.SolveByElim (1.1s)
✔ [6009/7677] Built Lean.Elab.DeprecatedArg (721ms)
✔ [6011/7677] Built Lean.Elab.PreDefinition.Eqns:c.o (9.9s)
✔ [6012/7677] Built Lake.Build.Library:c.o (4.9s)
✔ [6013/7677] Built Lake.Build.Package:c.o (4.3s)
✔ [6014/7677] Built Lean.Elab.Quotation.Util (697ms)
✔ [6016/7677] Built Lean.Elab.MatchAltView (308ms)
✔ [6018/7677] Built Lean.Elab.Arg (509ms)
✔ [6020/7677] Built Lean.Elab.MatchExpr (1.5s)
✔ [6022/7677] Built Lean.Linter.Util:c.o (494ms)
✔ [6023/7677] Built Lean.Elab.Tactic.Basic (3.6s)
✔ [6025/7677] Built Lean.Elab.DeprecatedArg:c.o (1.2s)
✔ [6026/7677] Built Lean.Elab.MatchAltView:c.o (141ms)
✔ [6027/7677] Built Lean.Meta.Tactic.Grind.CasesMatch:c.o (2.2s)
✔ [6028/7677] Built Lean.Elab.Quotation.Util:c.o (876ms)
✔ [6029/7677] Built Lean.Elab.Arg:c.o (557ms)
✔ [6030/7677] Built Lean.Elab.MatchExpr:c.o (1.5s)
✔ [6031/7677] Built Lean.Elab.Quotation.Precheck (1.3s)
✔ [6033/7677] Built Lean.Meta.Tactic.SolveByElim:c.o (3.8s)
✔ [6034/7677] Built Lean.Elab.Tactic.Congr (303ms)
✔ [6036/7677] Built Lean.Elab.Tactic.ExposeNames (331ms)
✔ [6038/7677] Built Lean.Elab.Tactic.Monotonicity (1.5s)
✔ [6040/7677] Built Lean.Elab.Tactic.Repeat (414ms)
✔ [6042/7677] Built Lean.Meta.MkIffOfInductiveProp (1.7s)
✔ [6044/7677] Built Lean.Elab.PatternVar (4.1s)
✔ [6046/7677] Built Lean.Elab.Tactic.Do.ProofMode.MGoal (1.0s)
✔ [6048/7677] Built Lean.Elab.Task (552ms)
✔ [6050/7677] Built Lean.Elab.SyntheticMVars (2.9s)
✔ [6052/7677] Built Lean.Elab.Tactic.Classical (434ms)
✔ [6054/7677] Built Lean.Elab.Tactic.FalseOrByContra (441ms)
✔ [6056/7677] Built Lean.Elab.PreDefinition.WF.Basic (365ms)
✔ [6058/7677] Built Lean.Meta.Tactic.Rfl (658ms)
✔ [6060/7677] Built Lean.Elab.Tactic.ExposeNames:c.o (117ms)
✔ [6061/7677] Built Lean.Elab.Tactic.Congr:c.o (188ms)
✔ [6062/7677] Built Lean.Elab.Tactic.Repeat:c.o (1.0s)
✔ [6063/7677] Built Lean.Elab.Quotation.Precheck:c.o (2.6s)
✔ [6064/7677] Built Lake.Build.Module (12s)
✔ [6066/7677] Built Lean.Elab.Tactic.Basic:c.o (11s)
✔ [6067/7677] Built Lean.Elab.Tactic.Monotonicity:c.o (4.7s)
✔ [6068/7677] Built Lean.Elab.Task:c.o (605ms)
✔ [6069/7677] Built Lean.Elab.Tactic.Do.ProofMode.MGoal:c.o (2.2s)
✔ [6070/7677] Built Lean.Meta.MkIffOfInductiveProp:c.o (4.0s)
✔ [6071/7677] Built Lean.Elab.Tactic.FalseOrByContra:c.o (566ms)
✔ [6072/7677] Built Lean.Elab.PreDefinition.WF.Basic:c.o (130ms)
✔ [6073/7677] Built Lean.Elab.Tactic.Classical:c.o (1.2s)
✔ [6074/7677] Built Lean.Elab.PatternVar:c.o (6.8s)
✔ [6075/7677] Built Lean.Meta.Tactic.Rfl:c.o (3.1s)
✔ [6076/7677] Built Lean.Elab.Tactic.Do.ProofMode.Basic (689ms)
✔ [6078/7677] Built Lean.Elab.Tactic.Do.ProofMode.LeftRight (725ms)
✔ [6080/7677] Built Lean.Elab.Tactic.Do.ProofMode.Constructor (680ms)
✔ [6082/7677] Built Lean.Elab.Tactic.Do.VCGen.SuggestInvariant (2.7s)
✔ [6084/7677] Built Lean.Elab.Tactic.Do.ProofMode.Focus (539ms)
✔ [6086/7677] Built Lean.Elab.Tactic.Do.ProofMode.Delab (1.0s)
✔ [6088/7677] Built Lean.Elab.Parallel (2.3s)
✔ [6090/7677] Built Lean.Elab.Eval (478ms)
✔ [6092/7677] Built Lean.Elab.Tactic.Meta (536ms)
✔ [6094/7677] Built Lean.Elab.PreDefinition.EqUnfold (755ms)
✔ [6096/7677] Built Lean.Elab.Tactic.Rfl (297ms)
✔ [6098/7677] Built Lake.CLI.Actions (713ms)
✔ [6100/7677] Built Lake.Build.InitFacets (270ms)
✔ [6102/7677] Built Lean.Elab.Tactic.Do.ProofMode.Basic:c.o (1.3s)
✔ [6103/7677] Built Lean.Elab.SyntheticMVars:c.o (13s)
✔ [6104/7677] Built Lean.Elab.Match (6.4s)
✔ [6106/7677] Built Lean.Elab.Tactic.Do.ProofMode.LeftRight:c.o (952ms)
✔ [6107/7677] Built Lean.Elab.Tactic.Do.ProofMode.Constructor:c.o (1.1s)
✔ [6108/7677] Built Lean.Elab.Tactic.Do.ProofMode.Focus:c.o (583ms)
✔ [6109/7677] Built Lean.Elab.Tactic.Do.ProofMode.Delab:c.o (902ms)
✔ [6110/7677] Built Lean.Elab.Eval:c.o (446ms)
✔ [6111/7677] Built Lean.Elab.Tactic.Meta:c.o (1.1s)
✔ [6112/7677] Built Lean.Elab.Parallel:c.o (3.5s)
✔ [6113/7677] Built Lean.Elab.PreDefinition.EqUnfold:c.o (1.5s)
✔ [6114/7677] Built Lean.Elab.Tactic.Rfl:c.o (156ms)
✔ [6115/7677] Built Lake.Build.InitFacets:c.o (167ms)
✔ [6116/7677] Built Lean.Elab.Tactic.Do.ProofMode.Exfalso (412ms)
✔ [6118/7677] Built Lean.Elab.Tactic.Do.VCGen.SuggestInvariant:c.o (5.0s)
✔ [6119/7677] Built Lake.CLI.Actions:c.o (894ms)
✔ [6120/7677] Built Lean.Elab.Tactic.Do.ProofMode.RenameI (477ms)
✔ [6122/7677] Built Lean.Elab.Tactic.Do.ProofMode.Clear (437ms)
✔ [6124/7677] Built Lean.Elab.Tactic.Do.ProofMode.Intro (960ms)
✔ [6126/7677] Built Lean.Elab.Tactic.Do.ProofMode.Frame (619ms)
✔ [6128/7677] Built Lean.Elab.Tactic.Do.ProofMode.Revert (743ms)
✔ [6130/7677] Built Lean.Elab.Do.Legacy (19s)
✔ [6132/7677] Built Lean.Elab.Tactic.AsAuxLemma (553ms)
✔ [6134/7677] Built Lean.Elab.Tactic.Do.ProofMode.Pure (926ms)
✔ [6136/7677] Built Lake.Build (302ms)
✔ [6138/7677] Built Lean.Elab.Tactic.Do.ProofMode.Exfalso:c.o (707ms)
✔ [6139/7677] Built Lean.Elab.Tactic.Do.ProofMode.RenameI:c.o (692ms)
✔ [6140/7677] Built Lean.Elab.BuiltinTerm (2.9s)
✔ [6142/7677] Built Lean.Elab.Tactic.Do.ProofMode.Clear:c.o (704ms)
✔ [6143/7677] Built Lake.Build.Module:c.o (24s)
✔ [6144/7677] Built Lean.Elab.Tactic.Do.ProofMode.Intro:c.o (2.2s)
✔ [6145/7677] Built Lean.Elab.Tactic.Do.ProofMode.Frame:c.o (2.4s)
✔ [6146/7677] Built Lean.Elab.Binders (5.0s)
✔ [6148/7677] Built Lean.Elab.Tactic.AsAuxLemma:c.o (605ms)
✔ [6149/7677] Built Lake.Build:c.o (139ms)
✔ [6150/7677] Built Lean.Elab.Tactic.Do.ProofMode.Revert:c.o (2.6s)
✔ [6151/7677] Built Lean.Elab.Tactic.Do.ProofMode.Pure:c.o (2.3s)
✔ [6152/7677] Built Lean.Elab.Tactic.Do.ProofMode.Cases (1.1s)
✔ [6154/7677] Built Lean.Elab.Tactic.Do.ProofMode.Cases:c.o (3.0s)
✔ [6155/7677] Built Lean.Elab.BuiltinNotation (4.7s)
✔ [6157/7677] Built Lean.Elab.Tactic.RenameInaccessibles (580ms)
✔ [6159/7677] Built Lean.Elab.Binders:c.o (9.8s)
✔ [6160/7677] Built Lean.Elab.Match:c.o (20s)
✔ [6161/7677] Built Lean.Elab.BuiltinTerm:c.o (12s)
✔ [6162/7677] Built Lean.Elab.PreDefinition.TerminationMeasure (1.6s)
✔ [6164/7677] Built Lean.Elab.Tactic.RenameInaccessibles:c.o (1.9s)
✔ [6165/7677] Built Lean.Elab.Tactic.Do.Syntax (1.1s)
✔ [6167/7677] Built Lean.Elab.Command (6.4s)
✔ [6169/7677] Built Lean.Elab.Do.Legacy:c.o (19s)
✔ [6170/7677] Built Lean.Elab.PreDefinition.TerminationMeasure:c.o (1.2s)
✔ [6171/7677] Built Lean.Elab.Tactic.Do.Syntax:c.o (1.1s)
✔ [6172/7677] Built Lean.Linter.Builtin (1.4s)
✔ [6174/7677] Built Lean.Util.TestExtern (487ms)
✔ [6176/7677] Built Lean.Elab.Tactic.Doc (1.6s)
✔ [6178/7677] Built Lean.Elab.Tactic.CbvSimproc (527ms)
✔ [6180/7677] Built Lean.Elab.BuiltinNotation:c.o (8.7s)
✔ [6181/7677] Built Lean.Linter.DocsOnAlt (763ms)
✔ [6183/7677] Built Lean.Elab.Tactic.Simproc (686ms)
✔ [6185/7677] Built Lake.DSL.DeclUtil (1.1s)
✔ [6187/7677] Built Lean.Linter.MissingDocs (2.2s)
✔ [6189/7677] Built Lean.Elab.App (10s)
✔ [6191/7677] Built Lean.Linter.Basic (544ms)
✔ [6193/7677] Built Lean.Linter.EnvLinter.Frontend (1.0s)
✔ [6195/7677] Built Lean.Linter.CodeQuality.Frontend (758ms)
✔ [6197/7677] Built Lean.Linter.Sets (372ms)
✔ [6199/7677] Built Lean.Elab.Print (1.9s)
✔ [6201/7677] Built Lean.Linter.Coe (506ms)
✔ [6203/7677] Built Lean.Linter.TacticTypeCheck (769ms)
✔ [6205/7677] Built Lean.PostprocessTraces.Basic (847ms)
✔ [6207/7677] Built Lean.Linter.Omit (474ms)
✔ [6209/7677] Built Lean.Util.Reprove (492ms)
✔ [6211/7677] Built Lean.Linter.ConstructorAsVariable (725ms)
✔ [6213/7677] Built Lean.Elab.InfoTrees (452ms)
✔ [6215/7677] Built Lean.Elab.Time (373ms)
✔ [6217/7677] Built Lean.Elab.RecommendedSpelling (561ms)
✔ [6219/7677] Built Lean.Elab.Command.WithWeakNamespace (428ms)
✔ [6221/7677] Built Lean.Elab.GenInjective (366ms)
✔ [6223/7677] Built Lean.Elab.Tactic.Grind.Annotated (438ms)
✔ [6225/7677] Built Lean.Elab.AssertExists (780ms)
✔ [6227/7677] Built Lean.Server.Test.Cancel (1.9s)
✔ [6229/7677] Built Lean.Elab.Tactic.DiscrTreeKey (967ms)
✔ [6231/7677] Built Lean.Language.Lean.Types (607ms)
✔ [6233/7677] Built Lean.Elab.AuxDef (987ms)
✔ [6235/7677] Built Lean.Elab.ConfigEval.Util (1.2s)
✔ [6237/7677] Built Lean.Linter.UnusedVariables (2.2s)
✔ [6239/7677] Built Lean.Linter.Builtin:c.o (1.1s)
✔ [6240/7677] Built Lean.Util.TestExtern:c.o (507ms)
✔ [6241/7677] Built Lean.Elab.DeclNameGen (2.1s)
✔ [6243/7677] Built Lean.Elab.Tactic.CbvSimproc:c.o (1.1s)
✔ [6244/7677] Built Lean.Linter.DocsOnAlt:c.o (1.2s)
✔ [6245/7677] Built Lean.Elab.Tactic.Simproc:c.o (948ms)
✔ [6246/7677] Built Lake.DSL.DeclUtil:c.o (1.6s)
✔ [6247/7677] Built Lean.Elab.Syntax (6.6s)
✔ [6249/7677] Built Lean.Elab.Tactic.Doc:c.o (5.6s)
✔ [6250/7677] Built Lean.Linter.Basic:c.o (821ms)
✔ [6251/7677] Built Lean.Linter.CodeQuality.Frontend:c.o (1.1s)
✔ [6252/7677] Built Lean.Linter.MissingDocs:c.o (4.0s)
✔ [6253/7677] Built Lean.Linter.Sets:c.o (472ms)
✔ [6254/7677] Built Lean.Linter.EnvLinter.Frontend:c.o (3.1s)
✔ [6255/7677] Built Lean.Linter.Coe:c.o (1.3s)
✔ [6256/7677] Built Lean.PostprocessTraces.Basic:c.o (1.8s)
✔ [6257/7677] Built Lean.Linter.TacticTypeCheck:c.o (2.3s)
✔ [6258/7677] Built Lean.Linter.Omit:c.o (503ms)
✔ [6259/7677] Built Lean.Util.Reprove:c.o (469ms)
✔ [6260/7677] Built Lean.Elab.InfoTrees:c.o (757ms)
✔ [6261/7677] Built Lean.Elab.RecommendedSpelling:c.o (1.0s)
✔ [6262/7677] Built Lean.Linter.ConstructorAsVariable:c.o (1.0s)
✔ [6263/7677] Built Lean.Elab.Command.WithWeakNamespace:c.o (314ms)
✔ [6264/7677] Built Lean.Elab.Time:c.o (420ms)
✔ [6265/7677] Built Lean.Elab.GenInjective:c.o (115ms)
✔ [6266/7677] Built Lean.Elab.Tactic.Grind.Annotated:c.o (421ms)
✔ [6267/7677] Built Lean.Elab.Print:c.o (7.7s)
✔ [6268/7677] Built Lean.Elab.Command:c.o (25s)
✔ [6269/7677] Built Lean.Elab.AuxDef:c.o (407ms)
✔ [6270/7677] Built Lean.Language.Lean.Types:c.o (222ms)
✔ [6271/7677] Built Lean.Elab.AssertExists:c.o (2.2s)
✔ [6272/7677] Built Lean.Elab.Tactic.DiscrTreeKey:c.o (1.2s)
✔ [6273/7677] Built Lean.Server.Test.Cancel:c.o (2.2s)
✔ [6274/7677] Built Lean.Server.Completion.CompletionCollectors (2.2s)
✔ [6276/7677] Built Lean.Elab.ConfigEval.Util:c.o (3.2s)
✔ [6277/7677] Built Lake.DSL.Syntax (843ms)
✔ [6279/7677] Built Lean.Meta.Constructions.CtorElim (987ms)
✔ [6281/7677] Built Lean.Elab.DeclNameGen:c.o (3.5s)
✔ [6282/7677] Built Lean.Linter.UnusedVariables:c.o (7.1s)
✔ [6283/7677] Built Lean.Elab.Calc (1.3s)
✔ [6285/7677] Built Lean.Elab.Extra (2.7s)
✔ [6287/7677] Built Lean.Linter.GlobalAttributeIn (688ms)
✔ [6289/7677] Built Lean.Linter.Extra.DupNamespace (641ms)
✔ [6291/7677] Built Lean.Linter.Extra.UnnecessarySeqFocus (778ms)
✔ [6293/7677] Built Lean.Linter.Extra.UnreachableTactic (713ms)
✔ [6295/7677] Built Lean.Linter.InternalModule (504ms)
✔ [6297/7677] Built Lean.Elab.DocString.Builtin (12s)
✔ [6299/7677] Built Lean.Linter.Extra.UnusedDecidableInType (1.4s)
✔ [6301/7677] Built Lean.Linter.List (1.5s)
✔ [6303/7677] Built Lean.Linter.DefProp (457ms)
✔ [6305/7677] Built Lean.Linter.EnvLinter (243ms)
✔ [6307/7677] Built Lean.Linter.CodeQuality (320ms)
✔ [6309/7677] Built Lean.Linter.CheckUnivs (695ms)
✔ [6311/7677] Built Lean.Elab.StructInst (9.6s)
✔ [6313/7677] Built Lean.PostprocessTraces.Postprocessors (544ms)
✔ [6315/7677] Built Lean.PostprocessTraces.PostprocessTracesCommand (522ms)
✔ [6317/7677] Built Lean.PostprocessTraces.StoredTraces (694ms)
✔ [6319/7677] Built Lean.Util (345ms)
✔ [6321/7677] Built Lean.Language.Lean.Util (564ms)
✔ [6323/7677] Built Lean.Elab.ConfigEval.Basic (1.3s)
✔ [6325/7677] Built Lean.LibrarySuggestions.Basic (1.7s)
✔ [6327/7677] Built Lean.Widget.InteractiveDiagnostic (1.7s)
✔ [6329/7677] Built Lean.Elab.Syntax:c.o (10s)
✔ [6330/7677] Built Lean.Elab.Deriving.Util (1.9s)
✔ [6332/7677] Built Lean.Elab.Deriving.Basic (2.7s)
✔ [6334/7677] Built Lake.DSL.Syntax:c.o (260ms)
✔ [6335/7677] Built Lean.Elab.DefView (1.2s)
✔ [6337/7677] Built Lean.Elab.App:c.o (35s)
✔ [6338/7677] Built Lean.Elab.Calc:c.o (3.5s)
✔ [6339/7677] Built Lean.Meta.Constructions.CtorElim:c.o (4.0s)
✔ [6340/7677] Built Lean.Server.Completion.CompletionCollectors:c.o (8.2s)
✔ [6341/7677] Built Lean.Elab.MacroArgUtil (1.0s)
✔ [6343/7677] Built Lean.Elab.MacroRules (2.9s)
✔ [6345/7677] Built Lean.Linter.GlobalAttributeIn:c.o (825ms)
✔ [6346/7677] Built Lean.Elab.Notation (3.7s)
✔ [6348/7677] Built Lean.Linter.Extra.DupNamespace:c.o (1.3s)
✔ [6349/7677] Built Lean.Linter.InternalModule:c.o (1.2s)
✔ [6350/7677] Built Lean.Elab.Quotation (7.8s)
✔ [6352/7677] Built Lean.Linter.Extra.UnnecessarySeqFocus:c.o (2.1s)
✔ [6353/7677] Built Lean.Linter.Extra.UnreachableTactic:c.o (1.9s)
✔ [6354/7677] Built Lean.Linter.DefProp:c.o (1.0s)
✔ [6355/7677] Built Lean.Linter.CodeQuality:c.o (73ms)
✔ [6356/7677] Built Lean.Linter.EnvLinter:c.o (53ms)
✔ [6357/7677] Built Lean.Linter.Extra.UnusedDecidableInType:c.o (2.0s)
✔ [6358/7677] Built Lean.Linter.List:c.o (3.3s)
✔ [6359/7677] Built Lean.Elab.Extra:c.o (6.9s)
✔ [6360/7677] Built Lean.Linter.CheckUnivs:c.o (1.9s)
✔ [6361/7677] Built Lean.PostprocessTraces.PostprocessTracesCommand:c.o (679ms)
✔ [6362/7677] Built Lean.Util:c.o (116ms)
✔ [6363/7677] Built Lean.PostprocessTraces.Postprocessors:c.o (1.0s)
✔ [6364/7677] Built Lean.Language.Lean.Util:c.o (706ms)
✔ [6365/7677] Built Lean.PostprocessTraces.StoredTraces:c.o (1.7s)
✔ [6366/7677] Built Lean.Server.Completion (465ms)
✔ [6368/7677] Built Lean.Elab.ConfigEval.Basic:c.o (4.1s)
✔ [6369/7677] Built Lean.Widget.InteractiveDiagnostic:c.o (4.2s)
✔ [6370/7677] Built Lake.DSL.Meta (779ms)
✔ [6372/7677] Built Lake.DSL.Config (676ms)
✔ [6374/7677] Built Lean.Elab.Deriving.Util:c.o (2.8s)
✔ [6375/7677] Built Lean.LibrarySuggestions.Basic:c.o (6.1s)
✔ [6376/7677] Built Lake.DSL.VerLit (661ms)
✔ [6378/7677] Built Lake.DSL.Key (799ms)
✔ [6380/7677] Built Lake.DSL.Script (3.0s)
✔ [6382/7677] Built Lake.CLI.Translate.Lean (4.1s)
✔ [6384/7677] Built Lake.DSL.Require (1.8s)
✔ [6386/7677] Built Lake.DSL.Targets (3.7s)
✔ [6388/7677] Built Lean.Meta.Constructions.CasesOnSameCtor (917ms)
✔ [6390/7677] Built Lake.DSL.Package (3.5s)
✔ [6392/7677] Built Lean.Meta.Constructions.NoConfusion (1.6s)
✔ [6394/7677] Built Lean.Elab.DefView:c.o (2.5s)
✔ [6395/7677] Built Lean.Elab.MacroRules:c.o (2.2s)
✔ [6396/7677] Built Lean.Elab.MacroArgUtil:c.o (5.9s)
✔ [6397/7677] Built Lean.Linter.CoreInternal (260ms)
✔ [6399/7677] Built Lean.Linter.Extra (292ms)
✔ [6401/7677] Built Lean.Elab.Notation:c.o (3.3s)
✔ [6402/7677] Built Lean.Elab.Deriving.Basic:c.o (11s)
✔ [6403/7677] Built Lean.PostprocessTraces (369ms)
✔ [6405/7677] Built Lake.CLI.BuiltinLint (1.9s)
✔ [6407/7677] Built Lean.Language.Lean (1.9s)
✔ [6409/7677] Built Lean.Elab.StructInst:c.o (26s)
✔ [6410/7677] Built Lean.Elab.ConfigEval.Instances (2.1s)
✔ [6412/7677] Built Lean.LibrarySuggestions.SymbolFrequency (446ms)
✔ [6414/7677] Built Lean.Elab.ConfigEval.DeriveEvalExpr (2.0s)
✔ [6416/7677] Built Lean.Server.Snapshots (419ms)
✔ [6418/7677] Built Lean.Server.Completion:c.o (754ms)
✔ [6419/7677] Built Lean.Elab.ConfigEval.DeriveEvalTerm (2.0s)
✔ [6421/7677] Built Lake.DSL.Config:c.o (838ms)
✔ [6422/7677] Built Lake.DSL.Key:c.o (602ms)
✔ [6423/7677] Built Lake.DSL.VerLit:c.o (694ms)
✔ [6424/7677] Built Lake.DSL.Meta:c.o (1.8s)
✔ [6425/7677] Built Lake.DSL.Script:c.o (532ms)
✔ [6426/7677] Built Lean.Elab.Deriving.SizeOf (379ms)
✔ [6428/7677] Built Lake.DSL.Require:c.o (1.4s)
✔ [6429/7677] Built Lean.Elab.Quotation:c.o (10s)
✔ [6430/7677] Built Lean.Elab.Deriving.Repr (2.7s)
✔ [6432/7677] Built Lean.Elab.Deriving.LawfulBEq (822ms)
✔ [6434/7677] Built Lean.Elab.DocString.Builtin:c.o (37s)
✔ [6435/7677] Built Lean.Elab.Deriving.Hashable (3.0s)
✔ [6437/7677] Built Lean.Elab.Deriving.ReflBEq (649ms)
✔ [6439/7677] Built Lean.Elab.Deriving.TypeName (1.2s)
✔ [6441/7677] Built Lean.Server.Rpc.Deriving (3.5s)
✔ [6443/7677] Built Lean.Elab.Deriving.ToExpr (2.1s)
✔ [6445/7677] Built Lean.Elab.Deriving.Nonempty (924ms)
✔ [6447/7677] Built Lake.CLI.Translate.Lean:c.o (7.0s)
✔ [6448/7677] Built Lean.Elab.Deriving.Inhabited (2.2s)
✔ [6450/7677] Built Lake.DSL.Package:c.o (2.2s)
✔ [6451/7677] Built Lean.Elab.PreDefinition.Basic (2.1s)
✔ [6453/7677] Built Lean.Elab.Deriving.FromToJson (6.1s)
✔ [6455/7677] Built Lean.Meta.Constructions.CasesOnSameCtor:c.o (4.1s)
✔ [6456/7677] Built Lean.Linter.CoreInternal:c.o (53ms)
✔ [6457/7677] Built Lean.Linter.Extra:c.o (85ms)
✔ [6458/7677] Built Lean.Elab.BinderPredicates (1.3s)
✔ [6460/7677] Built Lean.PostprocessTraces:c.o (78ms)
✔ [6461/7677] Built Lean.Elab.Macro (1.7s)
✔ [6463/7677] Built Lean.Elab.Do.PatternVar (1.1s)
✔ [6465/7677] Built Lake.DSL.Targets:c.o (8.0s)
✔ [6466/7677] Built Lean.LibrarySuggestions.SymbolFrequency:c.o (713ms)
✔ [6467/7677] Built Lean.Language.Lean:c.o (3.5s)
✔ [6468/7677] Built Lean.Server.Snapshots:c.o (181ms)
✔ [6469/7677] Built Lean.Elab.ConfigEval.Instances:c.o (3.9s)
✔ [6470/7677] Built Lean.Elab.Deriving.SizeOf:c.o (210ms)
✔ [6471/7677] Built Lean.Meta.Constructions.NoConfusion:c.o (6.9s)
✔ [6472/7677] Built Lean.Elab.Deriving.LawfulBEq:c.o (696ms)
✔ [6473/7677] Built Lake.CLI.BuiltinLint:c.o (6.3s)
✔ [6474/7677] Built Lean.Elab.ConfigEval.DeriveEvalExpr:c.o (3.5s)
✔ [6475/7677] Built Lean.Elab.Deriving.Repr:c.o (2.6s)
✔ [6476/7677] Built Lean.Elab.Deriving.ReflBEq:c.o (835ms)
✔ [6477/7677] Built Lean.Elab.ConfigEval.DeriveEvalTerm:c.o (3.6s)
✔ [6478/7677] Built Lean.Elab.Deriving.TypeName:c.o (859ms)
✔ [6479/7677] Built Lean.Elab.Deriving.Hashable:c.o (2.3s)
✔ [6480/7677] Built Lean.Elab.Deriving.Nonempty:c.o (929ms)
✔ [6481/7677] Built Lean.Server.Rpc.Deriving:c.o (2.9s)
✔ [6482/7677] Built Lake.DSL (483ms)
✔ [6484/7677] Built Lean.Elab.Deriving.Ord (3.2s)
✔ [6486/7677] Built Lean.Meta.Constructions (265ms)
✔ [6488/7677] Built Lean.Elab.Deriving.ToExpr:c.o (4.5s)
✔ [6489/7677] Built Lean.Elab.Deriving.DecEq (3.9s)
✔ [6491/7677] Built Lean.Elab.Deriving.BEq (5.7s)
✔ [6493/7677] Built Lean.Elab.BinderPredicates:c.o (2.0s)
✔ [6494/7677] Built LeanIR (1.2s)
✔ [6496/7677] Built Lean.Elab.Macro:c.o (2.0s)
✔ [6497/7677] Built Lean.Elab.Do.PatternVar:c.o (736ms)
✔ [6498/7677] Built Lean.Elab.Deriving.Inhabited:c.o (6.1s)
✔ [6499/7677] Built Lean.Elab.Deriving.FromToJson:c.o (5.1s)
✔ [6500/7677] Built Lean.Elab.ConfigEval.Extra (392ms)
✔ [6502/7677] Built Lean.Elab.Frontend (1.3s)
✔ [6504/7677] Built Lean.LibrarySuggestions.MePo (874ms)
✔ [6506/7677] Built Lean.Server.FileWorker.Utils (691ms)
✔ [6508/7677] Built Lean.Elab.ConfigEval.MetaInstances (743ms)
✔ [6510/7677] Built Lake.DSL:c.o (90ms)
✔ [6511/7677] Built Lean.Meta.Constructions:c.o (83ms)
✔ [6512/7677] Built Lean.LibrarySuggestions.SineQuaNon (1.0s)
✔ [6514/7677] Built Lean.Elab.PreDefinition.Basic:c.o (7.9s)
✔ [6515/7677] Built Lean.Elab.PreDefinition.Structural.SmartUnfolding (565ms)
✔ [6517/7677] Built Lean.Elab.PreDefinition.WF.Unfold (1.8s)
✔ [6519/7677] Built Lean.Elab.PreDefinition.WF.Fix (2.0s)
✔ [6521/7677] Built Lean.Elab.PreDefinition.Mutual (455ms)
✔ [6523/7677] Built Lean.Elab.PreDefinition.FixedParams (1.8s)
✔ [6525/7677] Built Lean.Elab.Deriving.Ord:c.o (3.7s)
✔ [6526/7677] Built Lean.Elab.ConfigEval.DeriveEvalConfigItem (3.0s)
✔ [6528/7677] Built Lean.Elab.Frontend:c.o (2.9s)
✔ [6529/7677] Built Lean.Elab.Deriving.DecEq:c.o (4.7s)
✔ [6530/7677] Built Lean.Elab.ConfigEval.Extra:c.o (505ms)
✔ [6531/7677] Built LeanIR:c.o (3.9s)
✔ [6532/7677] Built Lean.Elab.Deriving.BEq:c.o (5.3s)
✔ [6533/7677] Built Lean.Server.FileWorker.Utils:c.o (631ms)
✔ [6534/7677] Built Lake (361ms)
✔ [6536/7677] Built Lean.Elab.ConfigEval.MetaInstances:c.o (857ms)
✔ [6537/7677] Built Lean.Elab.PreDefinition.Structural.SmartUnfolding:c.o (1.8s)
✔ [6538/7677] Built Lean.LibrarySuggestions.MePo:c.o (3.7s)
✔ [6539/7677] Built Lean.Elab.Do.InferControlInfo (6.7s)
✔ [6541/7677] Built Lean.Elab.Deriving (284ms)
✔ [6543/7677] Built Lean.Elab.PreDefinition.Mutual:c.o (836ms)
✔ [6544/7677] Built Lean.Elab.PreDefinition.WF.Unfold:c.o (5.5s)
✔ [6545/7677] Built Lean.LibrarySuggestions.SineQuaNon:c.o (5.8s)
✔ [6546/7677] Built Lake.Load.Lean.Elab (1.1s)
✔ [6548/7677] Built LeanIR:static (7ms)
✔ [6550/7677] Built Lean.LibrarySuggestions.Default (335ms)
✔ [6552/7677] Built Lake:c.o (167ms)
✔ [6553/7677] Built Lean.Server.Requests (1.5s)
✔ [6555/7677] Built Lean.Elab.Deriving:c.o (116ms)
✔ [6556/7677] Built Lean.Elab.PreDefinition.WF.Rel (638ms)
✔ [6558/7677] Built Lean.Elab.PreDefinition.PartialFixpoint.Eqns (776ms)
✔ [6560/7677] Built Lean.Elab.PreDefinition.WF.Eqns (579ms)
✔ [6562/7677] Built Lean.Elab.PreDefinition.FixedParams:c.o (6.7s)
✔ [6563/7677] Built Lean.Elab.PreDefinition.WF.Fix:c.o (7.1s)
✔ [6564/7677] Built Lean.Elab.PreDefinition.Structural.RecArgInfo (465ms)
✔ [6566/7677] Built Lean.Elab.ConfigEval (351ms)
✔ [6568/7677] Built Lean.Elab.PreDefinition.Structural.Eqns (1.3s)
✔ [6570/7677] Built Lean.LibrarySuggestions.Default:c.o (78ms)
✔ [6571/7677] Built Lean.Elab.ConfigEval.Builtins (3.2s)
✔ [6573/7677] Built Lake.Load.Lean.Elab:c.o (3.8s)
✔ [6574/7677] Built Lean.Elab.Do.InferControlInfo:c.o (6.9s)
✔ [6575/7677] Built Lean.Elab.Do.Basic (4.0s)
✔ [6577/7677] Built Lean.Elab.PreDefinition.WF.Rel:c.o (1.3s)
✔ [6578/7677] Built Lean.Elab.ConfigEval:c.o (85ms)
✔ [6579/7677] Built Lean.Elab.PreDefinition.Structural.RecArgInfo:c.o (460ms)
✔ [6580/7677] Built Lean.Server.Requests:c.o (2.7s)
✔ [6581/7677] Built Lake.CLI.Translate (355ms)
✔ [6583/7677] Built Lake.Load.Lean (237ms)
✔ [6585/7677] Built Lean.Elab.PreDefinition.PartialFixpoint.Eqns:c.o (2.3s)
✔ [6586/7677] Built Lean.LibrarySuggestions (336ms)
✔ [6588/7677] Built Lean.Elab.PreDefinition.WF.Eqns:c.o (1.0s)
✔ [6589/7677] Built Lean.Server.FileWorker.InlayHints (922ms)
✔ [6591/7677] Built Lean.Elab.ConfigEval.DeriveEvalConfigItem:c.o (14s)
✔ [6592/7677] Built Lean.Server.Rpc.RequestHandling (794ms)
✔ [6594/7677] Built Lean.Elab.ConfigEval.Builtins:c.o (2.2s)
✔ [6595/7677] Built Lean.Server.CodeActions.Basic (908ms)
✔ [6597/7677] Built Lean.Server.FileWorker.SemanticHighlighting (2.3s)
✔ [6599/7677] Built Lean.Elab.PreDefinition.PartialFixpoint.Main (1.4s)
✔ [6601/7677] Built Lean.Elab.PreDefinition.WF.PackMutual (941ms)
✔ [6603/7677] Built Lean.Elab.PreDefinition.Structural.Eqns:c.o (5.2s)
✔ [6604/7677] Built Lean.Elab.PreDefinition.PartialFixpoint.Induction (2.2s)
✔ [6606/7677] Built Lean.Server.Watchdog (4.9s)
✔ [6608/7677] Built Lean.Elab.ComputedFields (1.2s)
✔ [6610/7677] Built Lean.Elab.Tactic.SolveByElim (1.5s)
✔ [6612/7677] Built Lean.Elab.Tactic.ElabTerm (1.8s)
✔ [6614/7677] Built Lean.Meta.Tactic.BVDecide.Attr (1.4s)
✔ [6616/7677] Built Lean.Elab.Tactic.Impossible (882ms)
✔ [6618/7677] Built Lean.Elab.PreDefinition.Structural.FindRecArg (1.6s)
✔ [6620/7677] Built Lean.Elab.Tactic.Config (1.7s)
✔ [6622/7677] Built Lean.Elab.PreDefinition.Structural.BRecOn (1.9s)
✔ [6624/7677] Built Lean.Elab.BuiltinCommand (4.1s)
✔ [6626/7677] Built Lake.CLI.Translate:c.o (318ms)
✔ [6627/7677] Built Lean.LibrarySuggestions:c.o (90ms)
✔ [6628/7677] Built Lake.Load.Lean:c.o (135ms)
✔ [6629/7677] Built Lean.Elab.PreDefinition.Structural.IndPred (923ms)
✔ [6631/7677] Built Lean.Server.Rpc.RequestHandling:c.o (1.3s)
✔ [6632/7677] Built Lean.Server.CodeActions.Basic:c.o (2.1s)
✔ [6633/7677] Built Lean.Server.FileWorker.InlayHints:c.o (2.6s)
✔ [6634/7677] Built Lean.Elab.Do.Switch (423ms)
✔ [6636/7677] Built Lean.Elab.Do.Control (1.2s)
✔ [6638/7677] Built Lean.Elab.Tactic.Do.Contract (2.7s)
✔ [6640/7677] Built Lean.Server.FileWorker.SemanticHighlighting:c.o (4.6s)
✔ [6641/7677] Built Lean.Elab.BuiltinDo.Jump (518ms)
✔ [6643/7677] Built Lean.Elab.ElabRules (4.1s)
✔ [6645/7677] Built Lean.Elab.BuiltinDo.Basic (384ms)
✔ [6647/7677] Built Lean.Elab.Idbg (1.7s)
✔ [6649/7677] Built Lean.Elab.Do.Basic:c.o (11s)
✔ [6650/7677] Built Lean.Elab.PreDefinition.WF.PackMutual:c.o (3.3s)
✔ [6651/7677] Built Lean.Elab.PreDefinition.PartialFixpoint.Main:c.o (6.1s)
✔ [6652/7677] Built Lean.Elab.ComputedFields:c.o (5.0s)
✔ [6653/7677] Built Lean.Elab.Tactic.SolveByElim:c.o (3.7s)
✔ [6654/7677] Built Lean.Elab.PreDefinition.PartialFixpoint.Induction:c.o (8.5s)
✔ [6655/7677] Built Lean.Elab.Tactic.Impossible:c.o (2.1s)
✔ [6656/7677] Built Lean.Meta.Tactic.BVDecide.Attr:c.o (2.0s)
✔ [6657/7677] Built Lean.Elab.Tactic.ElabTerm:c.o (4.7s)
✔ [6658/7677] Built Lake.Load.Package (605ms)
✔ [6660/7677] Built Lean.Elab.Tactic.Config:c.o (3.5s)
✔ [6661/7677] Built Lean.Server.Rpc (339ms)
✔ [6663/7677] Built Lean.Elab.PreDefinition.Structural.FindRecArg:c.o (4.0s)
✔ [6664/7677] Built Lean.Widget.UserWidget (1.6s)
✔ [6666/7677] Built Lean.Server.CodeActions.UnknownIdentifier (1.3s)
✔ [6668/7677] Built Lean.Elab.PreDefinition.Structural.BRecOn:c.o (5.5s)
✔ [6669/7677] Built Lean.Elab.Do.Switch:c.o (230ms)
✔ [6670/7677] Built Lean.Server.CodeActions.Attr (822ms)
✔ [6672/7677] Built Lean.Elab.Tactic.Do.Contract:c.o (2.2s)
✔ [6673/7677] Built Lean.Elab.PreDefinition.Structural.IndPred:c.o (3.0s)
✔ [6674/7677] Built Lean.Elab.BuiltinDo.Jump:c.o (441ms)
✔ [6675/7677] Built Lean.Elab.Do.Control:c.o (2.9s)
✔ [6676/7677] Built Lean.Elab.BuiltinDo.Basic:c.o (162ms)
✔ [6677/7677] Built Lean.Elab.PreDefinition.PartialFixpoint (286ms)
✔ [6679/7677] Built Lean.Server.Watchdog:c.o (19s)
✔ [6680/7677] Built Lean.Meta.Tactic.BVDecide.TacticContext (502ms)
✔ [6682/7677] Built Lean.Elab.Tactic.Calc (1000ms)
✔ [6684/7677] Built Lean.Elab.Tactic.Do.ProofMode.Have (759ms)
✔ [6686/7677] Built Lean.Elab.ElabRules:c.o (4.3s)
✔ [6687/7677] Built Lean.Elab.Tactic.Do.ProofMode.Exact (749ms)
✔ [6689/7677] Built Lean.Elab.Tactic.Decide (1.4s)
✔ [6691/7677] Built Lean.Elab.Idbg:c.o (5.7s)
✔ [6692/7677] Built Lean.Elab.Tactic.Injection (611ms)
✔ [6694/7677] Built Lean.Elab.CheckTactic (772ms)
✔ [6696/7677] Built Lean.Elab.Tactic.Location (621ms)
✔ [6698/7677] Built Lean.Meta.Tactic.BVDecide.Normalize.Simproc (6.9s)
✔ [6700/7677] Built Lean.Elab.Tactic.Do.ProofMode.Specialize (1.2s)
✔ [6702/7677] Built Lean.Server.Rpc:c.o (85ms)
✔ [6703/7677] Built Lake.Load.Package:c.o (533ms)
✔ [6704/7677] Built Lean.Elab.BuiltinCommand:c.o (16s)
✔ [6705/7677] Built Lean.Elab.Tactic.Induction (5.7s)
✔ [6707/7677] Built Lean.Elab.Do (383ms)
✔ [6709/7677] Built Lean.Elab.BuiltinDo.Forward (941ms)
✔ [6711/7677] Built Lean.Server.CodeActions.UnknownIdentifier:c.o (3.7s)
✔ [6712/7677] Built Lean.Widget.UserWidget:c.o (4.2s)
✔ [6713/7677] Built Lean.Elab.BuiltinDo.TryCatch (1.2s)
✔ [6715/7677] Built Lean.Server.CodeActions.Attr:c.o (1.5s)
✔ [6716/7677] Built Lean.Elab.BuiltinDo.If (2.4s)
✔ [6718/7677] Built Lean.Elab.BuiltinDo.MatchExpr (2.6s)
✔ [6720/7677] Built Lean.Elab.PreDefinition.PartialFixpoint:c.o (69ms)
✔ [6721/7677] Built Lean.Meta.Tactic.BVDecide.TacticContext:c.o (378ms)
✔ [6722/7677] Built Lean.Elab.BuiltinDo.Match (3.4s)
✔ [6724/7677] Built Lean.Elab.Tactic.Calc:c.o (1.5s)
✔ [6725/7677] Built Lean.Elab.Tactic.Do.ProofMode.Have:c.o (1.4s)
✔ [6726/7677] Built Lean.Meta.Tactic.FunInd (9.4s)
✔ [6728/7677] Built Lean.Elab.Tactic.Injection:c.o (718ms)
✔ [6729/7677] Built Lean.Elab.Tactic.Do.ProofMode.Exact:c.o (1.0s)
✔ [6730/7677] Built Lean.Elab.Tactic.Location:c.o (1.5s)
✔ [6731/7677] Built Lean.Elab.CheckTactic:c.o (1.7s)
✔ [6732/7677] Built Lean.Elab.BuiltinDo.Let (7.1s)
✔ [6734/7677] Built Lean.Elab.BuiltinDo.For (5.9s)
✔ [6736/7677] Built Lean.Elab.Tactic.Decide:c.o (4.3s)
✔ [6737/7677] Built Lean.Widget.Commands (1.1s)
✔ [6739/7677] Built Lake.Load.Resolve (2.2s)
✔ [6741/7677] Built Lean.Elab.Do:c.o (55ms)
✔ [6742/7677] Built Lean.Elab.ErrorExplanation (2.0s)
✔ [6744/7677] Built Lean.Elab.Tactic.Do.ProofMode.Specialize:c.o (3.0s)
✔ [6745/7677] Built Lean.Elab.BuiltinDo.Forward:c.o (2.6s)
✔ [6746/7677] Built Lean.Server.CodeActions.Provider (1.2s)
✔ [6748/7677] Built Lean.Elab.BuiltinDo.TryCatch:c.o (842ms)
✔ [6749/7677] Built Lean.Elab.GuardMsgs (2.0s)
✔ [6751/7677] Built Lean.Elab.BuiltinDo.MatchExpr:c.o (572ms)
✔ [6752/7677] Built Lean.Elab.BuiltinDo.If:c.o (1.3s)
✔ [6753/7677] Built Lean.Elab.Tactic.Do.ProofMode.Assumption (531ms)
✔ [6755/7677] Built Lean.Elab.Tactic.Simp (6.2s)
✔ [6757/7677] Built Lean.Elab.BuiltinDo.Match:c.o (7.3s)
✔ [6758/7677] Built Lean.Elab.Tactic.Generalize (503ms)
✔ [6760/7677] Built Lean.Elab.Tactic.Split (1.0s)
✔ [6762/7677] Built Lean.Elab.Tactic.Unfold (553ms)
✔ [6764/7677] Built Lean.Elab.Tactic.Lets (1.2s)
✔ [6766/7677] Built Lean.Elab.Tactic.Rewrite (1.5s)
✔ [6768/7677] Built Lean.Elab.Tactic.Delta (447ms)
✔ [6770/7677] Built Lean.Elab.Tactic.Symm (398ms)
✔ [6772/7677] Built Lean.Elab.Tactic.Change (566ms)
✔ [6774/7677] Built Lean.Elab.Tactic.Induction:c.o (14s)
✔ [6775/7677] Built Lean.Meta.Tactic.BVDecide.Normalize.Simproc:c.o (19s)
✔ [6776/7677] Built Lean.Widget.Commands:c.o (4.4s)
✔ [6777/7677] Built Lean.Elab.Tactic.RCases (2.6s)
✔ [6779/7677] Built Lean.Elab.BuiltinDo.Let:c.o (5.0s)
✔ [6780/7677] Built Lean.Elab.Tactic.Match (793ms)
✔ [6782/7677] Built Lean.Server.FileWorker.ExampleHover (467ms)
✔ [6784/7677] Built Lean.Elab.BuiltinDo.Misc (737ms)
✔ [6786/7677] Built Lean.Elab.BuiltinDo.For:c.o (8.7s)
✔ [6787/7677] Built Lean.Elab.ErrorExplanation:c.o (3.4s)
✔ [6788/7677] Built Lean.Server.CodeActions.Provider:c.o (2.1s)
✔ [6789/7677] Built Lean.Elab.Tactic.BuiltinTactic (5.3s)
✔ [6791/7677] Built Lean.Elab.Tactic.Do.ProofMode.Assumption:c.o (959ms)
✔ [6792/7677] Built Lake.Load.Resolve:c.o (6.7s)
✔ [6793/7677] Built Lean.Elab.Tactic.Generalize:c.o (949ms)
✔ [6794/7677] Built Lean.Elab.Tactic.Unfold:c.o (602ms)
✔ [6795/7677] Built Lean.Elab.Tactic.Split:c.o (1.0s)
✔ [6796/7677] Built Lean.Elab.GuardMsgs:c.o (5.3s)
✔ [6797/7677] Built Lean.Elab.Tactic.Delta:c.o (442ms)
✔ [6798/7677] Built Lean.Elab.Tactic.Lets:c.o (3.2s)
✔ [6799/7677] Built Lean.Elab.Tactic.Symm:c.o (409ms)
✔ [6800/7677] Built Lean.Elab.Tactic.Change:c.o (999ms)
✔ [6801/7677] Built Lean.Widget (469ms)
✔ [6803/7677] Built Lean.Elab.BuiltinDo.Repeat (2.0s)
✔ [6805/7677] Built Lake.Load.Workspace (466ms)
✔ [6807/7677] Built Lean.Elab.Tactic.Rewrite:c.o (4.7s)
✔ [6808/7677] Built Lean.Server.FileWorker.ExampleHover:c.o (792ms)
✔ [6809/7677] Built Lean.Elab.BuiltinDo.Misc:c.o (673ms)
✔ [6810/7677] Built Lean.Server.CodeActions (316ms)
✔ [6812/7677] Built Lean.Elab.Tactic.Match:c.o (2.2s)
✔ [6813/7677] Built Lean.Elab.Tactic.Do.ProofMode.Refine (1.1s)
✔ [6815/7677] Built Lean.Elab.Tactic.Do.Spec (1.9s)
✔ [6817/7677] Built Lean.Linter.UnusedSimpArgs (603ms)
✔ [6819/7677] Built Lean.Elab.Tactic.Do.VCGen.Basic (2.2s)
✔ [6821/7677] Built Lean.Elab.Tactic.RCases:c.o (7.6s)
✔ [6822/7677] Built Lean.Elab.PreDefinition.WF.Preprocess (982ms)
✔ [6824/7677] Built Lean.Elab.Coinductive (1.2s)
✔ [6826/7677] Built Lean.Elab.Tactic.Show (406ms)
✔ [6828/7677] Built Lean.Widget:c.o (111ms)
✔ [6829/7677] Built Lean.Meta.Tactic.AC.Main (1.8s)
✔ [6831/7677] Built Lean.Elab.BuiltinDo.Repeat:c.o (1.1s)
✔ [6832/7677] Built Lean.Server.CodeActions:c.o (70ms)
✔ [6833/7677] Built Lean.Elab.Tactic.Ext (1.0s)
✔ [6835/7677] Built Lake.Load.Workspace:c.o (1.0s)
✔ [6836/7677] Built Lean.Elab.Tactic.Simp:c.o (19s)
✔ [6837/7677] Built Lean.Elab.Tactic.Do.ProofMode.Refine:c.o (2.4s)
✔ [6838/7677] Built Lean.Meta.Tactic.FunInd:c.o (43s)
✔ [6839/7677] Built Lean.Elab.Tactic.Conv.Basic (1.4s)
✔ [6841/7677] Built Lean.Server.FileWorker.RequestHandling (4.1s)
✔ [6843/7677] Built Lean.Linter.UnusedSimpArgs:c.o (1.8s)
✔ [6844/7677] Built Lean.Elab.Tactic.Omega.Frontend (5.2s)
✔ [6846/7677] Built Lean.Elab.Tactic.BuiltinTactic:c.o (17s)
✔ [6847/7677] Built Lean.Elab.Tactic.Do.VCGen.Basic:c.o (4.0s)
✔ [6848/7677] Built Lean.Elab.BuiltinDo (271ms)
✔ [6850/7677] Built Lean.Elab.Tactic.Show:c.o (506ms)
✔ [6851/7677] Built Lake.Load (225ms)
✔ [6853/7677] Built Lake.CLI.Serve (388ms)
✔ [6855/7677] Built Lean.Elab.PreDefinition.WF.Preprocess:c.o (4.7s)
✔ [6856/7677] Built Lean.Elab.Coinductive:c.o (4.4s)
✔ [6857/7677] Built Lake.CLI.Init (1.1s)
✔ [6859/7677] Built Lean.Elab.Tactic.Do.ProofMode (303ms)
✔ [6861/7677] Built Lean.Elab.Tactic.Do.Spec:c.o (8.5s)
✔ [6862/7677] Built Lean.Meta.Tactic.AC.Main:c.o (2.9s)
✔ [6863/7677] Built Lean.Meta.Tactic.TryThis (1.7s)
✔ [6865/7677] Built Lean.Linter (344ms)
✔ [6867/7677] Built Lean.Elab.Tactic.Conv.Basic:c.o (4.1s)
✔ [6868/7677] Built Lean.Elab.BuiltinDo:c.o (85ms)
✔ [6869/7677] Built Lean.Meta.Tactic.AC (257ms)
✔ [6871/7677] Built Lake.Load:c.o (76ms)
✔ [6872/7677] Built Lake.CLI.Serve:c.o (358ms)
✔ [6873/7677] Built Lean.Elab.Tactic.Ext:c.o (7.5s)
✔ [6874/7677] Built Lean.Elab.Tactic.Do.ProofMode:c.o (89ms)
✔ [6875/7677] Built Lean.Elab.Tactic.Conv.Change (538ms)
✔ [6877/7677] Built Lean.Elab.Tactic.Conv.Delta (525ms)
✔ [6879/7677] Built Lake.CLI.Init:c.o (2.5s)
✔ [6880/7677] Built Lean.Elab.Tactic.Conv.Rewrite (455ms)
✔ [6882/7677] Built Lean.Elab.Tactic.Conv.Lets (752ms)
✔ [6884/7677] Built Lean.Elab.Tactic.Conv.Pattern (1.2s)
✔ [6886/7677] Built Lean.Elab.Tactic.Guard (1.3s)
✔ [6888/7677] Built Lean.Server.FileWorker.RequestHandling:c.o (9.7s)
✔ [6889/7677] Built Lean.Elab.MutualInductive (9.5s)
✔ [6891/7677] Built Lean.Elab.Tactic.Conv.Congr (1.5s)
✔ [6893/7677] Built Lean.Linter:c.o (130ms)
✔ [6894/7677] Built Lean.Meta.Tactic.AC:c.o (105ms)
✔ [6895/7677] Built Lean.Elab.Tactic.Conv.Change:c.o (220ms)
✔ [6896/7677] Built Lean.Elab.Tactic.Omega (317ms)
✔ [6898/7677] Built Lean.Elab.Tactic.Conv.Rewrite:c.o (262ms)
✔ [6899/7677] Built Lean.Elab.Tactic.Conv.Delta:c.o (386ms)
✔ [6900/7677] Built Lean.Server.FileWorker.WidgetRequests (2.3s)
✔ [6902/7677] Built Lean.Elab.Tactic.Conv.Lets:c.o (1.1s)
✔ [6903/7677] Built Lean.Elab.Tactic.Omega.Frontend:c.o (11s)
✔ [6904/7677] Built Lean.Elab.Tactic.Conv.Pattern:c.o (1.9s)
✔ [6905/7677] Built Lean.Meta.Tactic.TryThis:c.o (3.0s)
✔ [6906/7677] Built Lean.Elab.Tactic.Guard:c.o (2.2s)
✔ [6907/7677] Built Lean.Elab.Tactic.Rwa (693ms)
✔ [6909/7677] Built Lean.Elab.Tactic.SimpArith (608ms)
✔ [6911/7677] Built Lean.Elab.Tactic.ShowTerm (483ms)
✔ [6913/7677] Built Lean.Elab.Tactic.SimpTrace (1.9s)
✔ [6915/7677] Built Lean.Elab.PreDefinition.Structural.Main (1.5s)
✔ [6917/7677] Built Lean.Elab.Recall (1.1s)
✔ [6919/7677] Built Lean.Meta.Tactic.Rewrites (1.5s)
✔ [6921/7677] Built Lean.Elab.Tactic.Conv.Congr:c.o (6.9s)
✔ [6922/7677] Built Lean.Elab.Tactic.Omega:c.o (73ms)
✔ [6923/7677] Built Lean.Elab.Tactic.Do.VCGen (5.0s)
✔ [6925/7677] Built Lean.Elab.PreDefinition.WF.GuessLex (3.6s)
✔ [6927/7677] Built Lean.Elab.Tactic.Simpa (2.2s)
✔ [6929/7677] Built Lean.Elab.Inductive (2.7s)
✔ [6931/7677] Built Lean.Meta.Tactic.Grind.EMatchTheorem (6.7s)
✔ [6933/7677] Built Lean.Server.FileWorker.WidgetRequests:c.o (5.7s)
✔ [6934/7677] Built Lean.Elab.Tactic.ShowTerm:c.o (329ms)
✔ [6935/7677] Built Lean.Elab.Tactic.Rwa:c.o (1.3s)
✔ [6936/7677] Built Lean.Elab.Tactic.SimpArith:c.o (652ms)
✔ [6937/7677] Built Lean.Elab.Recall:c.o (3.5s)
✔ [6938/7677] Built Lean.Elab.Tactic.SimpTrace:c.o (3.8s)
✔ [6939/7677] Built Lean.Elab.PreDefinition.Structural.Main:c.o (4.6s)
✔ [6940/7677] Built Lean.Elab.Structure (9.7s)
✔ [6942/7677] Built Lean.Server.FileWorker (2.7s)
✔ [6944/7677] Built Lean.Meta.Tactic.Rewrites:c.o (4.0s)
✔ [6945/7677] Built Lean.Server.ProtocolOverview (666ms)
✔ [6947/7677] Built Lean.Server.Test.Runner (4.6s)
✔ [6949/7677] Built Lean.Elab.Tactic.Simpa:c.o (5.9s)
✔ [6950/7677] Built Lean.Elab.MutualInductive:c.o (28s)
✔ [6951/7677] Built Lean.Elab.Tactic.Conv.Simp (716ms)
✔ [6953/7677] Built Lean.Elab.PreDefinition.Structural (257ms)
✔ [6955/7677] Built Lean.Elab.PreDefinition.WF.GuessLex:c.o (9.8s)
✔ [6956/7677] Built Lean.Elab.Tactic.Rewrites (783ms)
✔ [6958/7677] Built Lean.Elab.Tactic.Do (291ms)
✔ [6960/7677] Built Lean.Elab.Inductive:c.o (9.3s)
✔ [6961/7677] Built Lean.Elab.PreDefinition.WF.Main (958ms)
✔ [6963/7677] Built Lean.Server.ProtocolOverview:c.o (192ms)
✔ [6964/7677] Built Lean.Elab.Tactic.Do.VCGen:c.o (24s)
✔ [6965/7677] Built Lean.Meta.Tactic.Grind.EMatchTheoremPtr (358ms)
✔ [6967/7677] Built Lean.Meta.Tactic.Grind.Injective (468ms)
✔ [6969/7677] Built Lean.Elab.Tactic.Conv.Simp:c.o (1.3s)
✔ [6970/7677] Built Lean.Elab.PreDefinition.Structural:c.o (83ms)
✔ [6971/7677] Built Lean.Meta.Tactic.Grind.EMatchTheorem:c.o (17s)
✔ [6972/7677] Built Lean.Elab.Tactic.Do:c.o (95ms)
✔ [6973/7677] Built Lean.Server.FileWorker:c.o (13s)
✔ [6974/7677] Built Lean.Elab.Tactic.Rewrites:c.o (1.5s)
✔ [6975/7677] Built Lean.Server.Test (499ms)
✔ [6977/7677] Built Lean.Meta.Tactic.Grind.EMatchTheoremPtr:c.o (105ms)
✔ [6978/7677] Built Lean.Shell (1.9s)
✔ [6980/7677] Built Lean.Meta.Tactic.Grind.Injective:c.o (1.2s)
✔ [6981/7677] Built Lean.Elab.Tactic.Conv.Unfold (636ms)
✔ [6983/7677] Built Lean.Elab.PreDefinition.WF.Main:c.o (3.3s)
✔ [6984/7677] Built Lean.Elab.PreDefinition.WF (410ms)
✔ [6986/7677] Built Lean.Server.Test:c.o (76ms)
✔ [6987/7677] Built Lean.Meta.Tactic.Grind.Attr (1.2s)
✔ [6989/7677] Built Lean.Elab.Tactic.NormCast (3.1s)
✔ [6991/7677] Built Lean.Elab.PreDefinition.Main (3.0s)
✔ [6993/7677] Built Lean.Elab.PreDefinition.WF:c.o (68ms)
✔ [6994/7677] Built Lean.Elab.Tactic.Conv.Unfold:c.o (468ms)
✔ [6995/7677] Built Lean.Server (344ms)
✔ [6997/7677] Built Lean.Server.Test.Runner:c.o (21s)
✔ [6998/7677] Built Lean.Meta.Tactic.Grind.Attr:c.o (5.2s)
✔ [6999/7677] Built Lean.Server:c.o (84ms)
✔ [7000/7677] Built Lean.Shell:c.o (6.0s)
✔ [7001/7677] Built Lean.Meta.Tactic.Grind.RegisterCommand (468ms)
✔ [7003/7677] Built Lean.Elab.PreDefinition (382ms)
✔ [7005/7677] Built Lean.Elab.Tactic.NormCast:c.o (12s)
✔ [7006/7677] Built Lean.Meta.Tactic.Grind.RegisterCommand:c.o (211ms)
✔ [7007/7677] Built Lean.Elab.PreDefinition:c.o (72ms)
✔ [7008/7677] Built Lean.Elab.PreDefinition.Main:c.o (8.2s)
✔ [7009/7677] Built Lean.Elab.MutualDef (7.4s)
✔ [7011/7677] Built Lean.Meta.Tactic.Grind.Types (8.5s)
✔ [7013/7677] Built Lean.Elab.LetRec (1.6s)
✔ [7015/7677] Built Lean.Elab.Structure:c.o (35s)
✔ [7016/7677] Built Lean.Elab.Declaration (2.7s)
✔ [7018/7677] Built Lean.Elab.BuiltinEvalCommand (2.9s)
✔ [7020/7677] Built Lean.Elab.Tactic.VCGen.FrameProc (547ms)
✔ [7022/7677] Built Lean.Meta.Tactic.Grind.AC.Types (698ms)
✔ [7024/7677] Built Lean.Meta.Tactic.Grind.Arith.CommRing.Types (760ms)
✔ [7026/7677] Built Lean.Meta.Tactic.Grind.Order.Types (415ms)
✔ [7028/7677] Built Lean.Meta.Tactic.Grind.Arith.Linear.Types (976ms)
✔ [7030/7677] Built Lean.Meta.Tactic.Grind.Ext (956ms)
✔ [7032/7677] Built Lean.Meta.Tactic.Grind.MBTC (1.2s)
✔ [7034/7677] Built Lean.Meta.Tactic.Grind.ProofUtil (322ms)
✔ [7036/7677] Built Lean.Meta.Tactic.Grind.Filter (387ms)
✔ [7038/7677] Built Lean.Meta.Tactic.Grind.Diseq (684ms)
✔ [7040/7677] Built Lean.Meta.Tactic.Grind.CollectParams (715ms)
✔ [7042/7677] Built Lean.Elab.Tactic.Grind.Anchor (341ms)
✔ [7044/7677] Built Lean.Meta.Tactic.Grind.BVDecide.Types (336ms)
✔ [7046/7677] Built Lean.Elab.LetRec:c.o (5.5s)
✔ [7047/7677] Built Lean.Meta.Tactic.Grind.ReflCmp (642ms)
✔ [7049/7677] Built Lean.Meta.Tactic.Grind.EMatchDiagnostics (792ms)
✔ [7051/7677] Built Lean.Meta.Tactic.Grind.LawfulEqCmp (505ms)
✔ [7053/7677] Built Lean.Meta.Tactic.Grind.Arith.ModelUtil (676ms)
✔ [7055/7677] Built Lean.Meta.Tactic.Grind.CtorIdx (789ms)
✔ [7057/7677] Built Lean.Meta.Tactic.Grind.Inv (1.6s)
✔ [7059/7677] Built Lean.Meta.Tactic.Grind.Action (1.3s)
✔ [7061/7677] Built Lean.Meta.Tactic.Grind.Beta (797ms)
✔ [7063/7677] Built Lean.Meta.Tactic.Grind.MarkNestedSubsingletons (1.3s)
✔ [7065/7677] Built Lean.Meta.Tactic.Grind.Proj (511ms)
✔ [7067/7677] Built Lean.Meta.Tactic.Grind.Proof (1.7s)
✔ [7069/7677] Built Lean.Elab.Tactic.VCGen.FrameProc:c.o (1.0s)
✔ [7070/7677] Built Lean.Meta.Tactic.Grind.AC.Types:c.o (404ms)
✔ [7071/7677] Built Lean.Meta.Tactic.Grind.Arith.CommRing.Types:c.o (882ms)
✔ [7072/7677] Built Lean.Meta.Tactic.Grind.Order.Types:c.o (263ms)
✔ [7073/7677] Built Lean.Meta.Tactic.Grind.Arith.Linear.Types:c.o (700ms)
✔ [7074/7677] Built Lean.Meta.Tactic.Grind.Ext:c.o (1.5s)
✔ [7075/7677] Built Lean.Meta.Tactic.Grind.MBTC:c.o (2.8s)
✔ [7076/7677] Built Lean.Meta.Tactic.Grind.Filter:c.o (404ms)
✔ [7077/7677] Built Lean.Meta.Tactic.Grind.ProofUtil:c.o (187ms)
✔ [7078/7677] Built Lean.Elab.BuiltinEvalCommand:c.o (8.2s)
✔ [7079/7677] Built Lean.Elab.Declaration:c.o (8.8s)
✔ [7080/7677] Built Lean.Elab.Tactic.Grind.Anchor:c.o (158ms)
✔ [7081/7677] Built Lean.Meta.Tactic.Grind.CollectParams:c.o (746ms)
✔ [7082/7677] Built Lean.Meta.Tactic.Grind.Diseq:c.o (803ms)
✔ [7083/7677] Built Lean.Meta.Tactic.Grind.BVDecide.Types:c.o (135ms)
✔ [7084/7677] Built Lean.Meta.Tactic.Grind.ReflCmp:c.o (833ms)
✔ [7085/7677] Built Lean.Meta.Tactic.Grind.LawfulEqCmp:c.o (867ms)
✔ [7086/7677] Built Lean.Meta.Tactic.Grind.Types:c.o (19s)
✔ [7087/7677] Built Lean.Meta.Tactic.Grind.CtorIdx:c.o (877ms)
✔ [7088/7677] Built Lean.Meta.Tactic.Grind.EMatchDiagnostics:c.o (1.9s)
✔ [7089/7677] Built Lean.Meta.Tactic.Grind.Arith.ModelUtil:c.o (2.3s)
✔ [7090/7677] Built Lean.Meta.Tactic.Grind.Beta:c.o (1.6s)
✔ [7091/7677] Built Lean.Meta.Tactic.Grind.Proj:c.o (671ms)
✔ [7092/7677] Built Lean.Meta.Tactic.Grind.Action:c.o (3.3s)
✔ [7093/7677] Built Lean.Meta.Tactic.Grind.Inv:c.o (3.6s)
✔ [7094/7677] Built Lean.Meta.Tactic.Grind.MarkNestedSubsingletons:c.o (2.5s)
✔ [7095/7677] Built Lean.Elab.Tactic.VCGen.Context (774ms)
✔ [7097/7677] Built Lean.Meta.Tactic.Grind.Arith.CommRing.DenoteExpr (294ms)
✔ [7099/7677] Built Lean.Meta.Tactic.Grind.Arith.CommRing.RingM (1.1s)
✔ [7101/7677] Built Lean.Meta.Tactic.Grind.Order.StructId (373ms)
✔ [7103/7677] Built Lean.Meta.Tactic.Grind.Order.OrderM (792ms)
✔ [7105/7677] Built Lean.Meta.Tactic.Grind.Proof:c.o (3.8s)
✔ [7106/7677] Built Lean.Meta.Tactic.Grind.Homomorphism (1.4s)
✔ [7108/7677] Built Lean.Meta.Tactic.Grind.BVDecide (246ms)
✔ [7110/7677] Built Lean.Elab.MutualDef:c.o (28s)
✔ [7111/7677] Built Lean.Meta.Tactic.Grind.Anchor (920ms)
✔ [7113/7677] Built Lean.Meta.Tactic.Grind.Arith.Cutsat.Types (3.5s)
✔ [7115/7677] Built Lean.Meta.Tactic.Grind.Simp (931ms)
✔ [7117/7677] Built Lean.Meta.Tactic.Grind.PropagatorAttr (541ms)
✔ [7119/7677] Built Lean.Meta.Tactic.Grind.Arith.CommRing.DenoteExpr:c.o (147ms)
✔ [7120/7677] Built Lean.Meta.Tactic.Grind.Order.StructId:c.o (111ms)
✔ [7121/7677] Built Lean.Meta.Tactic.BVDecide.Normalize.Basic (2.8s)
✔ [7123/7677] Built Lean.Elab.Tactic.VCGen.Context:c.o (1.2s)
✔ [7124/7677] Built Lean.Meta.Tactic.Grind.BVDecide:c.o (66ms)
✔ [7125/7677] Built Lean.Meta.Tactic.Grind.Order.OrderM:c.o (1.2s)
✔ [7126/7677] Built Lean.Elab.Tactic.VCGen.FrameProcAttr (483ms)
✔ [7128/7677] Built Lean.Meta.Tactic.Grind.Anchor:c.o (1.3s)
✔ [7129/7677] Built Lean.Meta.Tactic.Grind.Homomorphism:c.o (2.4s)
✔ [7130/7677] Built Lean.Meta.Tactic.Grind.Arith.Cutsat.Types:c.o (771ms)
✔ [7131/7677] Built Lean.Elab.Tactic.VCGen.RuleConstruction (1.7s)
✔ [7133/7677] Built Lean.Meta.Tactic.Grind.Arith.CommRing.PP (720ms)
✔ [7135/7677] Built Lean.Meta.Tactic.Grind.Arith.Linear.LinearM (552ms)
✔ [7137/7677] Built Lean.Meta.Tactic.Grind.Arith.CommRing.Inv (627ms)
✔ [7139/7677] Built Lean.Meta.Tactic.Grind.Arith.CommRing.SafePoly (809ms)
✔ [7141/7677] Built Lean.Meta.Tactic.Grind.Arith.CommRing.RingM:c.o (3.9s)
✔ [7142/7677] Built Lean.Meta.Tactic.Grind.Simp:c.o (1.4s)
✔ [7143/7677] Built Lean.Meta.Tactic.Grind.Arith.CommRing.NonCommRingM (630ms)
✔ [7145/7677] Built Lean.Meta.Tactic.Grind.Arith.CommRing.RingId (320ms)
✔ [7147/7677] Built Lean.Meta.Tactic.Grind.Arith.CommRing.SemiringM (881ms)
✔ [7149/7677] Built Lean.Meta.Tactic.Grind.Order.Util (474ms)
✔ [7151/7677] Built Lean.Elab.Tactic.VCGen.FrameProcAttr:c.o (425ms)
✔ [7152/7677] Built Lean.Meta.Tactic.Grind.Order.Proof (940ms)
✔ [7154/7677] Built Lean.Meta.Tactic.Grind.EMatchTheoremParam (880ms)
✔ [7156/7677] Built Lean.Meta.Tactic.Grind.Arith.Cutsat.Model (517ms)
✔ [7158/7677] Built Lean.Meta.Tactic.Grind.PropagatorAttr:c.o (1.8s)
✔ [7159/7677] Built Lean.Meta.Tactic.Grind.Arith.Cutsat.Util (1.2s)
✔ [7161/7677] Built Lean.Meta.Tactic.Grind.ProveEq (1.5s)
✔ [7163/7677] Built Lean.Meta.Tactic.Grind.Ctor (957ms)
✔ [7165/7677] Built Lean.Meta.Tactic.Grind.Arith.Linear.LinearM:c.o (967ms)
✔ [7166/7677] Built Lean.Meta.Tactic.Grind.Arith.CommRing.Inv:c.o (1.7s)
✔ [7167/7677] Built Lean.Meta.Tactic.Grind.Arith.CommRing.PP:c.o (2.4s)
✔ [7168/7677] Built Lean.Meta.Tactic.Grind.Arith.CommRing.SafePoly:c.o (2.2s)
✔ [7169/7677] Built Lean.Meta.Tactic.Grind.PropagateInj (636ms)
✔ [7171/7677] Built Lean.Meta.Tactic.Grind.BitVec (1.7s)
✔ [7173/7677] Built Lean.Meta.Tactic.BVDecide.Normalize.Basic:c.o (6.6s)
✔ [7174/7677] Built Lean.Meta.Tactic.Grind.Propagate (2.5s)
✔ [7176/7677] Built Lean.Meta.Tactic.Grind.Arith.CommRing.Power (487ms)
✔ [7178/7677] Built Lean.Meta.Tactic.Grind.Arith.CommRing.NonCommRingM:c.o (1.3s)
✔ [7179/7677] Built Lean.Meta.Tactic.BVDecide.Reflect.Basic (1.5s)
✔ [7181/7677] Built Lean.Meta.Tactic.BVDecide.Normalize.AC (1.9s)
✔ [7183/7677] Built Lean.Meta.Tactic.BVDecide.Normalize.AndFlatten (1.1s)
✔ [7185/7677] Built Lean.Meta.Tactic.BVDecide.Normalize.EmbeddedConstraint (961ms)
✔ [7187/7677] Built Lean.Meta.Tactic.BVDecide.Normalize.Reduction (560ms)
✔ [7189/7677] Built Lean.Meta.Tactic.Grind.Arith.CommRing.SemiringM:c.o (3.2s)
✔ [7190/7677] Built Lean.Meta.Tactic.BVDecide.Normalize.TypeAnalysis (2.4s)
✔ [7192/7677] Built Lean.Meta.Tactic.BVDecide.Normalize.ShortCircuit (531ms)
✔ [7194/7677] Built Lean.Meta.Tactic.Grind.Arith.CommRing.RingId:c.o (292ms)
✔ [7195/7677] Built Lean.Meta.Tactic.BVDecide.Normalize.IntToBitVec (762ms)
✔ [7197/7677] Built Lean.Meta.Tactic.Grind.Order.Util:c.o (456ms)
✔ [7198/7677] Built Lean.Meta.Tactic.BVDecide.Normalize.Rewrite (1.4s)
✔ [7200/7677] Built Lean.Elab.Tactic.VCGen.RuleConstruction:c.o (9.7s)
✔ [7201/7677] Built Lean.Meta.Tactic.Grind.Arith.Cutsat.Model:c.o (1.4s)
✔ [7202/7677] Built Lean.Meta.Tactic.Grind.Order.Proof:c.o (2.3s)
✔ [7203/7677] Built Lean.Meta.Tactic.Grind.Arith.Linear.SearchM (499ms)
✔ [7205/7677] Built Lean.Meta.Tactic.Grind.Arith.Linear.OfNatModule (1.2s)
✔ [7207/7677] Built Lean.Meta.Tactic.Grind.Ctor:c.o (2.3s)
✔ [7208/7677] Built Lean.Meta.Tactic.Grind.EMatchTheoremParam:c.o (3.4s)
✔ [7209/7677] Built Lean.Meta.Tactic.Grind.Arith.Linear.Den (335ms)
✔ [7211/7677] Built Lean.Meta.Tactic.Grind.Arith.Linear.Util (1.1s)
✔ [7213/7677] Built Lean.Meta.Tactic.Grind.Arith.Cutsat.Util:c.o (3.9s)
✔ [7214/7677] Built Lean.Meta.Tactic.Grind.PropagateInj:c.o (1.4s)
✔ [7215/7677] Built Lean.Meta.Tactic.Grind.Arith.CommRing.NonCommSemiringM (561ms)
✔ [7217/7677] Built Lean.Meta.Tactic.Grind.Arith.CommRing.Power:c.o (770ms)
✔ [7218/7677] Built Lean.Meta.Tactic.Grind.ProveEq:c.o (2.0s)
✔ [7219/7677] Built Lean.Meta.Tactic.BVDecide.Normalize.AndFlatten:c.o (1.4s)
✔ [7220/7677] Built Lean.Meta.Tactic.BVDecide.Reflect.Basic:c.o (2.1s)
✔ [7221/7677] Built Lean.Meta.Tactic.BVDecide.Normalize.Reduction:c.o (1.4s)
✔ [7222/7677] Built Lean.Meta.Tactic.BVDecide.Normalize.EmbeddedConstraint:c.o (2.2s)
✔ [7223/7677] Built Lean.Meta.Tactic.BVDecide.Normalize.ShortCircuit:c.o (493ms)
✔ [7224/7677] Built Lean.Meta.Tactic.Grind.BitVec:c.o (6.3s)
✔ [7225/7677] Built Lean.Meta.Tactic.BVDecide.Normalize.AC:c.o (4.6s)
✔ [7226/7677] Built Lean.Meta.Tactic.Grind.Propagate:c.o (6.6s)
✔ [7227/7677] Built Lean.Meta.Tactic.Grind.Arith.Model (539ms)
✔ [7229/7677] Built Lean.Meta.Tactic.BVDecide.Normalize.IntToBitVec:c.o (1.3s)
✔ [7230/7677] Built Lean.Meta.Tactic.Grind.Arith.Cutsat.SearchM (547ms)
✔ [7232/7677] Built Lean.Meta.Tactic.Grind.Arith.Cutsat.MBTC (758ms)
✔ [7234/7677] Built Lean.Meta.Tactic.Grind.Order.Assert (2.6s)
✔ [7236/7677] Built Lean.Meta.Tactic.Grind.Arith.Cutsat.Norm (475ms)
✔ [7238/7677] Built Lean.Meta.Tactic.Grind.Arith.Cutsat.Inv (1.5s)
✔ [7240/7677] Built Lean.Meta.Tactic.Grind.Arith.Linear.SearchM:c.o (470ms)
✔ [7241/7677] Built Lean.Meta.Tactic.BVDecide.Normalize.Rewrite:c.o (2.7s)
✔ [7242/7677] Built Lean.Meta.Tactic.Grind.Arith.Cutsat.Nat (742ms)
✔ [7244/7677] Built Lean.Meta.Tactic.Grind.AC.Util (1.9s)
✔ [7246/7677] Built Lean.Meta.Tactic.Grind.Arith.Linear.Den:c.o (454ms)
✔ [7247/7677] Built Lean.Meta.Tactic.Grind.Arith.Linear.OfNatModule:c.o (2.8s)
✔ [7248/7677] Built Lean.Meta.Tactic.BVDecide.Normalize.TypeAnalysis:c.o (7.2s)
✔ [7249/7677] Built Lean.Meta.Tactic.Grind.MatchCond (3.8s)
✔ [7251/7677] Built Lean.Meta.Tactic.BVDecide.Reflect.ReifiedBVExpr (956ms)
✔ [7253/7677] Built Lean.Meta.Tactic.Grind.Arith.CommRing.NonCommSemiringM:c.o (1.3s)
✔ [7254/7677] Built Lean.Meta.Tactic.Grind.Arith.Model:c.o (121ms)
✔ [7255/7677] Built Lean.Meta.Tactic.Grind.Arith.Cutsat.SearchM:c.o (796ms)
✔ [7256/7677] Built Lean.Meta.Tactic.Grind.Arith.Cutsat.MBTC:c.o (1.2s)
✔ [7257/7677] Built Lean.Meta.Tactic.BVDecide.Normalize.Structures (1.8s)
✔ [7259/7677] Built Lean.Meta.Tactic.Grind.Arith.Cutsat.Norm:c.o (529ms)
✔ [7260/7677] Built Lean.Meta.Tactic.Grind.Arith.Linear.Util:c.o (3.7s)
✔ [7261/7677] Built Lean.Meta.Tactic.Grind.Arith.Cutsat.Nat:c.o (1.7s)
✔ [7262/7677] Built Lean.Meta.Tactic.Grind.EMatch (7.5s)
✔ [7264/7677] Built Lean.Meta.Tactic.Grind.Arith.Linear.Var (362ms)
✔ [7266/7677] Built Lean.Meta.Tactic.Grind.Arith.Linear.DenoteExpr (634ms)
✔ [7268/7677] Built Lean.Meta.Tactic.Grind.AC.Util:c.o (2.5s)
✔ [7269/7677] Built Lean.Meta.Tactic.Grind.Arith.Linear.Inv (1.2s)
✔ [7271/7677] Built Lean.Meta.Tactic.Grind.Arith.Propagate (739ms)
✔ [7273/7677] Built Lean.Meta.Tactic.Grind.Arith.Cutsat.Inv:c.o (5.1s)
✔ [7274/7677] Built Lean.Meta.Tactic.Grind.Arith.CommRing.Reify (2.2s)
✔ [7276/7677] Built Lean.Meta.Tactic.BVDecide.Reflect.ReifiedBVExpr:c.o (410ms)
✔ [7277/7677] Built Lean.Meta.Tactic.Grind.Order.Assert:c.o (6.8s)
✔ [7278/7677] Built Lean.Meta.Tactic.Grind.Arith.Cutsat.Var (964ms)
✔ [7280/7677] Built Lean.Meta.Tactic.Grind.AC.Inv (799ms)
✔ [7282/7677] Built Lean.Meta.Tactic.Grind.AC.DenoteExpr (504ms)
✔ [7284/7677] Built Lean.Meta.Tactic.Grind.Arith.CommRing.Proof (5.4s)
✔ [7286/7677] Built Lean.Meta.Tactic.Grind.MatchCond:c.o (4.5s)
✔ [7287/7677] Built Lean.Meta.Tactic.Grind.Arith.Linear.Var:c.o (576ms)
✔ [7288/7677] Built Lean.Meta.Tactic.Grind.AC.Proof (3.0s)
✔ [7290/7677] Built Lean.Meta.Tactic.BVDecide.Normalize.Structures:c.o (4.5s)
✔ [7291/7677] Built Lean.Meta.Tactic.Grind.Arith.Linear.DenoteExpr:c.o (1.9s)
✔ [7292/7677] Built Lean.Meta.Tactic.BVDecide.Reflect.ReifiedBVPred (487ms)
✔ [7294/7677] Built Lean.Meta.Tactic.Grind.Arith.Propagate:c.o (1.3s)
✔ [7295/7677] Built Lean.Meta.Tactic.Grind.Arith.Linear.Inv:c.o (3.5s)
✔ [7296/7677] Built Lean.Meta.Tactic.BVDecide.Normalize.Enums (2.3s)
✔ [7298/7677] Built Lean.Meta.Tactic.Grind.AC.DenoteExpr:c.o (264ms)
✔ [7299/7677] Built Lean.Meta.Tactic.Grind.Arith.Cutsat.Var:c.o (2.6s)
✔ [7300/7677] Built Lean.Meta.Tactic.Grind.AC.Inv:c.o (1.7s)
✔ [7301/7677] Built Lean.Meta.Tactic.Grind.Arith.Linear.Reify (876ms)
✔ [7303/7677] Built Lean.Meta.Tactic.Grind.Arith.Linear.StructId (3.7s)
✔ [7305/7677] Built Lean.Meta.Tactic.Grind.Arith.Linear.Proof (4.8s)
✔ [7307/7677] Built Lean.Meta.Tactic.Grind.Arith.CommRing.Reify:c.o (11s)
✔ [7308/7677] Built Lean.Meta.Tactic.Grind.Arith.CommRing.Internalize (2.4s)
✔ [7310/7677] Built Lean.Meta.Tactic.BVDecide.Reflect.ReifiedBVPred:c.o (706ms)
✔ [7311/7677] Built Lean.Meta.Tactic.Grind.Arith.Cutsat.CommRing (877ms)
✔ [7313/7677] Built Lean.Meta.Tactic.Grind.EMatch:c.o (16s)
✔ [7314/7677] Built Lean.Meta.Tactic.Grind.AC.Internalize (581ms)
✔ [7316/7677] Built Lean.Meta.Tactic.Grind.AC.PP (507ms)
✔ [7318/7677] Built Lean.Meta.Tactic.Grind.Order.Internalize (3.1s)
✔ [7320/7677] Built Lean.Meta.Tactic.Grind.AC.Proof:c.o (10s)
✔ [7321/7677] Built Lean.Meta.Tactic.Grind.Arith.Linear.Reify:c.o (1.6s)
✔ [7322/7677] Built Lean.Meta.Tactic.Grind.Arith.CommRing.Proof:c.o (15s)
✔ [7323/7677] Built Lean.Meta.Tactic.BVDecide.Normalize.Enums:c.o (8.0s)
✔ [7324/7677] Built Lean.Meta.Tactic.BVDecide.Reflect.ReifiedBVLogical (516ms)
✔ [7326/7677] Built Lean.Meta.Tactic.Grind.Arith.CommRing.EqCnstr (8.5s)
✔ [7328/7677] Built Lean.Meta.Tactic.Grind.Arith.Cutsat.CommRing:c.o (2.4s)
✔ [7329/7677] Built Lean.Meta.Tactic.Grind.AC.Eq (6.6s)
✔ [7331/7677] Built Lean.Meta.Tactic.Grind.AC.Internalize:c.o (855ms)
✔ [7332/7677] Built Lean.Meta.Tactic.Grind.Arith.CommRing.Internalize:c.o (4.1s)
✔ [7333/7677] Built Lean.Meta.Tactic.Grind.AC.PP:c.o (1.1s)
✔ [7334/7677] Built Lean.Meta.Tactic.Grind.Arith.Linear.Model (699ms)
✔ [7336/7677] Built Lean.Meta.Tactic.Grind.Arith.Linear.Internalize (679ms)
✔ [7338/7677] Built Lean.Meta.Tactic.Grind.Arith.IsRelevant (295ms)
✔ [7340/7677] Built Lean.Meta.Tactic.Grind.Arith.Linear.IneqCnstr (1.3s)
✔ [7342/7677] Built Lean.Meta.Tactic.BVDecide.Reflect.ReifiedBVLogical:c.o (1.2s)
✔ [7343/7677] Built Lean.Meta.Tactic.Grind.Arith.Linear.StructId:c.o (10s)
✔ [7344/7677] Built Lean.Meta.Tactic.Grind.Arith.Linear.Proof:c.o (12s)
✔ [7345/7677] Built Lean.Meta.Tactic.Grind.Order (428ms)
✔ [7347/7677] Built Lean.Meta.Tactic.Grind.Arith.Linear.Model:c.o (2.4s)
✔ [7348/7677] Built Lean.Meta.Tactic.Grind.Order.Internalize:c.o (9.0s)
✔ [7349/7677] Built Lean.Meta.Tactic.Grind.Arith.Linear.Internalize:c.o (843ms)
✔ [7350/7677] Built Lean.Meta.Tactic.Grind.Arith.IsRelevant:c.o (176ms)
✔ [7351/7677] Built Lean.Meta.Tactic.Grind.Arith.Cutsat.Proof (6.9s)
✔ [7353/7677] Built Lean.Meta.Tactic.BVDecide.Reflect.ReifiedLemmas (491ms)
✔ [7355/7677] Built Lean.Meta.Tactic.Grind.Arith.CommRing.Action (292ms)
✔ [7357/7677] Built Lean.Meta.Tactic.Grind.AC.Action (287ms)
✔ [7359/7677] Built Lean.Meta.Tactic.Grind.Order:c.o (221ms)
✔ [7360/7677] Built Lean.Meta.Tactic.Grind.Arith.Linear.PP (306ms)
✔ [7362/7677] Built Lean.Meta.Tactic.Grind.Arith.Linear.MBTC (369ms)
✔ [7364/7677] Built Lean.Meta.Tactic.Grind.Arith.Linear.IneqCnstr:c.o (2.6s)
✔ [7365/7677] Built Lean.Meta.Tactic.Grind.Internalize (3.0s)
✔ [7367/7677] Built Lean.Meta.Tactic.Grind.Arith.Linear.PropagateEq (2.6s)
✔ [7369/7677] Built Lean.Meta.Tactic.Grind.Arith.CommRing.Action:c.o (157ms)
✔ [7370/7677] Built Lean.Meta.Tactic.BVDecide.Reflect.ReifiedLemmas:c.o (786ms)
✔ [7371/7677] Built Lean.Meta.Tactic.Grind.AC.Action:c.o (100ms)
✔ [7372/7677] Built Lean.Meta.Tactic.Grind.Arith.Linear.PP:c.o (298ms)
✔ [7373/7677] Built Lean.Meta.Tactic.Grind.Arith.Linear.MBTC:c.o (447ms)
✔ [7374/7677] Built Lean.Meta.Tactic.Grind.AC.Eq:c.o (13s)
✔ [7375/7677] Built Lean.Meta.Tactic.Grind.Arith.Linear.Search (3.4s)
✔ [7377/7677] Built Lean.Meta.Tactic.Grind.Arith.Cutsat.DvdCnstr (1.3s)
✔ [7379/7677] Built Lean.Meta.Tactic.Grind.Arith.Cutsat.LeCnstr (1.5s)
✔ [7381/7677] Built Lean.Meta.Tactic.Grind.Arith.CommRing (491ms)
✔ [7383/7677] Built Lean.Meta.Tactic.Grind.Arith.CommRing.EqCnstr:c.o (16s)
✔ [7384/7677] Built Lean.Meta.Tactic.Grind.AC (349ms)
✔ [7386/7677] Built Lean.Meta.Tactic.BVDecide.Reflect.Reify (1.7s)
✔ [7388/7677] Built Lean.Meta.Tactic.Grind.PP (1.3s)
✔ [7390/7677] Built Lean.Meta.Tactic.Grind.ForallProp (1.5s)
✔ [7392/7677] Built Lean.Meta.Tactic.Grind.Arith.Cutsat.DvdCnstr:c.o (2.4s)
✔ [7393/7677] Built Lean.Meta.Tactic.Grind.Arith.Linear.PropagateEq:c.o (7.9s)
✔ [7394/7677] Built Lean.Meta.Tactic.Grind.Arith.CommRing:c.o (293ms)
✔ [7395/7677] Built Lean.Meta.Tactic.Grind.AC:c.o (193ms)
✔ [7396/7677] Built Lean.Meta.Tactic.Grind.Arith.Cutsat.Proof:c.o (17s)
✔ [7397/7677] Built Lean.Meta.Tactic.Grind.Arith.Linear.Action (297ms)
✔ [7399/7677] Built Lean.Meta.Tactic.Grind.Arith.Cutsat.LeCnstr:c.o (4.4s)
✔ [7400/7677] Built Lean.Meta.Tactic.BVDecide.Reflect.Reify:c.o (3.2s)
✔ [7401/7677] Built Lean.Meta.Tactic.Grind.Arith.Linear.Search:c.o (10s)
✔ [7402/7677] Built Lean.Meta.Tactic.Grind.PP:c.o (2.8s)
✔ [7403/7677] Built Lean.Meta.Tactic.Grind.Arith.Main (275ms)
✔ [7405/7677] Built Lean.Meta.Tactic.Grind.Arith.Linear.Action:c.o (207ms)
✔ [7406/7677] Built Lean.Meta.Tactic.Grind.Internalize:c.o (13s)
✔ [7407/7677] Built Lean.Meta.Tactic.BVDecide.Reflect.SatAtBVLogical (507ms)
✔ [7409/7677] Built Lean.Meta.Tactic.Grind.Arith.Main:c.o (271ms)
✔ [7410/7677] Built Lean.Meta.Tactic.Grind.Arith.Linear (532ms)
✔ [7412/7677] Built Lean.Meta.Tactic.Grind.ForallProp:c.o (3.4s)
✔ [7413/7677] Built Lean.Meta.Tactic.Grind.SimpUtil (1.1s)
✔ [7415/7677] Built Lean.Meta.Tactic.Grind.Arith.Linear:c.o (165ms)
✔ [7416/7677] Built Lean.Meta.Tactic.BVDecide.Reflect.SatAtBVLogical:c.o (637ms)
✔ [7417/7677] Built Lean.Meta.Tactic.BVDecide.Reflect (570ms)
✔ [7419/7677] Built Lean.Meta.Tactic.BVDecide.Reflect:c.o (99ms)
✔ [7420/7677] Built Lean.Meta.Tactic.BVDecide.Counterexample (1.2s)
✔ [7422/7677] Built Lean.Meta.Tactic.Grind.Core (2.9s)
✔ [7424/7677] Built Lean.Meta.Tactic.Grind.Arith.Cutsat.EqCnstr (4.8s)
✔ [7426/7677] Built Lean.Meta.Tactic.BVDecide.Prover.Basic (881ms)
✔ [7428/7677] Built Lean.Meta.Tactic.Grind.SimpUtil:c.o (1.7s)
✔ [7429/7677] Built Lean.Meta.Tactic.Grind.Intro (1.7s)
✔ [7431/7677] Built Lean.Meta.Tactic.Grind.Arith.Cutsat.ReorderVars (1.4s)
✔ [7433/7677] Built Lean.Meta.Tactic.BVDecide.Counterexample:c.o (3.4s)
✔ [7434/7677] Built Lean.Meta.Tactic.BVDecide.Prover.Basic:c.o (1.9s)
✔ [7435/7677] Built Lean.Meta.Tactic.BVDecide.Prover.Bitblast (1.2s)
✔ [7437/7677] Built Lean.Meta.Tactic.Grind.Core:c.o (6.5s)
✔ [7438/7677] Built Lean.Meta.Tactic.Grind.Split (2.9s)
✔ [7440/7677] Built Lean.Meta.Tactic.Grind.Arith.Cutsat.ReorderVars:c.o (3.2s)
✔ [7441/7677] Built Lean.Meta.Tactic.Grind.Intro:c.o (5.2s)
✔ [7442/7677] Built Lean.Meta.Tactic.Grind.EMatchAction (1.4s)
✔ [7444/7677] Built Lean.Meta.Tactic.BVDecide.Prover (303ms)
✔ [7446/7677] Built Lean.Meta.Tactic.BVDecide.Prover.Bitblast:c.o (4.1s)
✔ [7447/7677] Built Lean.Meta.Tactic.Grind.Lookahead (782ms)
✔ [7449/7677] Built Lean.Meta.Tactic.Grind.Finish (295ms)
✔ [7451/7677] Built Lean.Meta.Tactic.BVDecide.Prover:c.o (68ms)
✔ [7452/7677] Built Lean.Meta.Tactic.Grind.EMatchAction:c.o (4.2s)
✔ [7453/7677] Built Lean.Meta.Tactic.Grind.Finish:c.o (250ms)
✔ [7454/7677] Built Lean.Meta.Tactic.Grind.Arith.Cutsat.Search (5.7s)
✔ [7456/7677] Built Lean.Meta.Tactic.Grind.Solve (299ms)
✔ [7458/7677] Built Lean.Meta.Tactic.Grind.Arith.Cutsat.Action (344ms)
✔ [7460/7677] Built Lean.Meta.Tactic.Grind.Solve:c.o (149ms)
✔ [7461/7677] Built Lean.Meta.Tactic.Grind.Arith.Cutsat.EqCnstr:c.o (13s)
✔ [7462/7677] Built Lean.Meta.Tactic.Grind.Arith.Cutsat.Action:c.o (102ms)
✔ [7463/7677] Built Lean.Meta.Tactic.Grind.Lookahead:c.o (1.3s)
✔ [7464/7677] Built Lean.Meta.Tactic.Grind.Split:c.o (6.5s)
✔ [7465/7677] Built Lean.Meta.Tactic.Grind.Arith.Cutsat (366ms)
✔ [7467/7677] Built Lean.Meta.Tactic.Grind.Arith.Cutsat:c.o (173ms)
✔ [7468/7677] Built Lean.Meta.Tactic.Grind.Arith (197ms)
✔ [7470/7677] Built Lean.Meta.Tactic.Grind.Arith:c.o (75ms)
✔ [7471/7677] Built Lean.Meta.Tactic.Grind.Main (2.1s)
✔ [7473/7677] Built Lean.Meta.Tactic.Grind (625ms)
✔ [7475/7677] Built Lean.Meta.Sym.Grind (707ms)
✔ [7477/7677] Built Lean.Meta.Tactic.LibrarySearch (1.2s)
✔ [7479/7677] Built Lean.Meta.Tactic.Grind:c.o (561ms)
✔ [7480/7677] Built Lean.Meta.Sym.Grind:c.o (1.1s)
✔ [7481/7677] Built Lean.Elab.Tactic.VCGen.Util (1.2s)
✔ [7483/7677] Built Lean.Elab.Tactic.Grind.Basic (2.7s)
✔ [7485/7677] Built Lean.Meta.Sym (285ms)
✔ [7487/7677] Built Lean.Meta.Tactic.BVDecide.Normalize.CollectHyps (2.1s)
✔ [7489/7677] Built Lean.Elab.Tactic.VCGen.Util:c.o (2.3s)
✔ [7490/7677] Built Lean.Meta.Tactic.Try.Collect (1.3s)
✔ [7492/7677] Built Lean.Meta.Tactic.LibrarySearch:c.o (3.7s)
✔ [7493/7677] Built Lean.Elab.Tactic.LibrarySearch (927ms)
✔ [7495/7677] Built Lean.Meta.Sym:c.o (120ms)
✔ [7496/7677] Built Lean.Elab.Tactic.VCGen.RuleCache (714ms)
✔ [7498/7677] Built Lean.Elab.Tactic.VCGen.BinderName (1.3s)
✔ [7500/7677] Built Lean.Meta.Tactic.Grind.Arith.Cutsat.Search:c.o (12s)
✔ [7501/7677] Built Lean.Elab.Tactic.Grind.WithGrindTacticM (453ms)
✔ [7503/7677] Built Lean.Meta.Tactic.Try.Collect:c.o (2.7s)
✔ [7504/7677] Built Lean.Elab.Tactic.Grind.LetToHave (361ms)
✔ [7506/7677] Built Lean.Elab.Tactic.Grind.LiftLet (375ms)
✔ [7508/7677] Built Lean.Meta.Tactic.Grind.Main:c.o (10s)
✔ [7509/7677] Built Lean.Elab.Tactic.Grind.DSimprocDSL (389ms)
✔ [7511/7677] Built Lean.Meta.Tactic.BVDecide.Normalize.CollectHyps:c.o (4.2s)
✔ [7512/7677] Built Lean.Elab.Tactic.Grind.SimprocDSL (468ms)
✔ [7514/7677] Built Lean.Elab.Tactic.Grind.Rewrite (742ms)
✔ [7516/7677] Built Lean.Elab.Tactic.Grind.Filter (532ms)
✔ [7518/7677] Built Lean.Elab.Tactic.Grind.Have (855ms)
✔ [7520/7677] Built Lean.Elab.Tactic.Grind.Param (2.5s)
✔ [7522/7677] Built Lean.Elab.Tactic.Grind.Config (2.7s)
✔ [7524/7677] Built Lean.Elab.Tactic.LibrarySearch:c.o (3.0s)
✔ [7525/7677] Built Lean.Meta.Tactic.Cbv.Main (3.3s)
✔ [7527/7677] Built Lean.Elab.Tactic.VCGen.RuleCache:c.o (1.2s)
✔ [7528/7677] Built Lean.Elab.Tactic.Grind.WithGrindTacticM:c.o (224ms)
✔ [7529/7677] Built Lean.Meta.Tactic.BVDecide.Normalize (1.2s)
✔ [7531/7677] Built Lean.Meta.Tactic.Try (414ms)
✔ [7533/7677] Built Lean.Elab.Tactic.Grind.LetToHave:c.o (304ms)
✔ [7534/7677] Built Lean.Elab.Tactic.Grind.LiftLet:c.o (340ms)
✔ [7535/7677] Built Lean.Elab.Tactic.Grind.DSimprocDSL:c.o (432ms)
✔ [7536/7677] Built Lean.Elab.Tactic.Grind.Basic:c.o (10s)
✔ [7537/7677] Built Lean.Elab.Tactic.Grind.SimprocDSL:c.o (752ms)
✔ [7538/7677] Built Lean.Elab.Tactic.Grind.Filter:c.o (643ms)
✔ [7539/7677] Built Lean.Elab.Tactic.Grind.Have:c.o (813ms)
✔ [7540/7677] Built Lean.Elab.Tactic.VCGen.BinderName:c.o (2.2s)
✔ [7541/7677] Built Lean.Elab.Tactic.VCGen.Entails (1.1s)
✔ [7543/7677] Built Lean.Elab.Tactic.Grind.Rewrite:c.o (2.4s)
✔ [7544/7677] Built Lean.Meta.Tactic.Try:c.o (105ms)
✔ [7545/7677] Built Lean.Elab.Tactic.Grind.DSimp (726ms)
✔ [7547/7677] Built Lean.Elab.Tactic.Grind.RegisterSymDSimp (440ms)
✔ [7549/7677] Built Lean.Elab.Tactic.Grind.DSimprocDSLBuiltin (496ms)
✔ [7551/7677] Built Lean.Meta.Tactic.BVDecide.Normalize:c.o (2.4s)
✔ [7552/7677] Built Lean.Elab.Tactic.Grind.RegisterSymSimp (579ms)
✔ [7554/7677] Built Lean.Elab.Tactic.Grind.Sym (1.1s)
✔ [7556/7677] Built Lean.Elab.Tactic.Grind.SimprocDSLBuiltin (803ms)
✔ [7558/7677] Built Lean.Elab.Tactic.Grind.ShowState (1.0s)
✔ [7560/7677] Built Lean.Elab.Tactic.Grind.Trace (883ms)
✔ [7562/7677] Built Lean.Elab.Tactic.Grind.Param:c.o (6.7s)
✔ [7563/7677] Built Lean.Elab.Tactic.Grind.Cbv (384ms)
✔ [7565/7677] Built Lean.Elab.Tactic.Grind.Lint (1.2s)
✔ [7567/7677] Built Lean.Meta.Tactic.Cbv (292ms)
✔ [7569/7677] Built Lean.Meta.Tactic.BVDecide.Main (531ms)
✔ [7571/7677] Built Lean.Meta.Tactic.Cbv.Main:c.o (7.9s)
✔ [7572/7677] Built Lean.Elab.Tactic.Grind.Main (3.6s)
✔ [7574/7677] Built Lean.Elab.Tactic.VCGen.Entails:c.o (2.1s)
✔ [7575/7677] Built Lean.Elab.Tactic.Grind.RegisterSymDSimp:c.o (796ms)
✔ [7576/7677] Built Lean.Elab.Tactic.Grind.DSimp:c.o (1.9s)
✔ [7577/7677] Built Lean.Elab.Tactic.Grind.DSimprocDSLBuiltin:c.o (590ms)
✔ [7578/7677] Built Lean.Elab.Tactic.Grind.RegisterSymSimp:c.o (863ms)
✔ [7579/7677] Built Lean.Elab.Tactic.Grind.SimprocDSLBuiltin:c.o (1.3s)
✔ [7580/7677] Built Lean.Elab.Tactic.Grind.Cbv:c.o (189ms)
✔ [7581/7677] Built Lean.Elab.Tactic.Grind.Trace:c.o (1.0s)
✔ [7582/7677] Built Lean.Elab.Tactic.Grind.Config:c.o (11s)
✔ [7583/7677] Built Lean.Meta.Tactic.Cbv:c.o (109ms)
✔ [7584/7677] Built Lean.Elab.Tactic.Grind.ShowState:c.o (2.6s)
✔ [7585/7677] Built Lean.Meta.Tactic.BVDecide.Main:c.o (406ms)
✔ [7586/7677] Built Lean.Elab.Tactic.Grind.Sym:c.o (3.8s)
✔ [7587/7677] Built Lean.Elab.Tactic.Grind.LintExceptions (514ms)
✔ [7589/7677] Built Lean.Elab.Tactic.Conv.Cbv (540ms)
✔ [7591/7677] Built Lean.Meta.Tactic.BVDecide (301ms)
✔ [7593/7677] Built Lean.Elab.Tactic.Grind.Lint:c.o (3.8s)
✔ [7594/7677] Built Lean.Elab.Tactic.BVDecide (1.3s)
✔ [7596/7677] Built Lean.Elab.Tactic.Grind.LintExceptions:c.o (85ms)
✔ [7597/7677] Built Lean.Elab.Tactic.VCGen.Solve (4.9s)
✔ [7599/7677] Built Lean.Meta.Tactic.BVDecide:c.o (125ms)
✔ [7600/7677] Built Lean.Elab.Tactic.Conv.Cbv:c.o (393ms)
✔ [7601/7677] Built Lean.Elab.Tactic.Grind.BuiltinTactic (3.8s)
✔ [7603/7677] Built Lean.Elab.Tactic.Conv (548ms)
✔ [7605/7677] Built Lean.Meta.Tactic (560ms)
✔ [7607/7677] Built Lean.Elab.Tactic.Grind.BVDecide (1.1s)
✔ [7609/7677] Built Lean.Elab.Tactic.BVDecide:c.o (2.6s)
✔ [7610/7677] Built Lean.Elab.Tactic.Conv:c.o (66ms)
✔ [7611/7677] Built Lean.Elab.Tactic.VCGen.Driver (1.0s)
✔ [7613/7677] Built Lean.Meta.Tactic:c.o (130ms)
✔ [7614/7677] Built Lean.Elab.Tactic.Grind.Main:c.o (8.7s)
✔ [7615/7677] Built Lean.Elab.Tactic.Try (6.4s)
✔ [7617/7677] Built Lean.Elab.Tactic.Cbv (678ms)
✔ [7619/7677] Built Lean.Meta (419ms)
✔ [7621/7677] Built Lean.Elab.Tactic.Grind.BVDecide:c.o (1.7s)
✔ [7622/7677] Built Lean.Elab.Tactic.Grind (323ms)
✔ [7624/7677] Built Lean.Elab.Tactic.VCGen.Driver:c.o (1.9s)
✔ [7625/7677] Built Lean.Elab.Tactic.Cbv:c.o (794ms)
✔ [7626/7677] Built Lean.Meta:c.o (147ms)
✔ [7627/7677] Built Lean.Elab.Tactic.Grind:c.o (104ms)
✔ [7628/7677] Built Lean.Elab.Tactic.VCGen.Frontend (2.7s)
✔ [7630/7677] Built Lean.Elab.Tactic.AutoTry (2.0s)
✔ [7632/7677] Built Lean.Elab.Tactic.VCGen.Solve:c.o (9.8s)
✔ [7633/7677] Built Lean.Elab.Tactic.VCGen (352ms)
✔ [7635/7677] Built Lean.Elab.Tactic.VCGen:c.o (88ms)
✔ [7636/7677] Built Lean.Elab.Tactic (521ms)
✔ [7638/7677] Built Lean.Elab.Tactic:c.o (173ms)
✔ [7639/7677] Built Lean.Elab (548ms)
✔ [7641/7677] Built Lean.Elab:c.o (279ms)
✔ [7642/7677] Built Lean (622ms)
✔ [7644/7677] Built Lean.Elab.Tactic.Grind.BuiltinTactic:c.o (10s)
✔ [7645/7677] Built Lean:c.o (168ms)
✔ [7646/7677] Built LeanExport.Basic (1.8s)
✔ [7648/7677] Built Lean.Elab.Tactic.AutoTry:c.o (4.5s)
✔ [7649/7677] Built LeanExport (1.3s)
✔ [7651/7677] Built LeanExport:c.o (268ms)
✔ [7652/7677] Built Lean.Elab.Tactic.VCGen.Frontend:c.o (8.2s)
✔ [7653/7677] Built Lean.Elab.Tactic.Try:c.o (14s)
✔ [7654/7677] Built LeanExport.Basic:c.o (6.3s)
✔ [7655/7677] Built LeanExport:static (7ms)
✔ [7656/7677] Built LeanExport:static (9ms)
✔ [7658/7677] Built Lake.CLI.Main (6.5s)
✔ [7660/7677] Built Lake.CLI (258ms)
✔ [7662/7677] Built Lake.CLI:c.o (93ms)
✔ [7663/7677] Built LakeMain (387ms)
✔ [7665/7677] Built LakeMain:c.o (97ms)
✔ [7666/7677] Built LakeMain:static (8ms)
✔ [7668/7677] Built Lake.All (400ms)
✔ [7670/7677] Built Lake.All:c.o (76ms)
✔ [7671/7677] Built Lean:static (1.3s)
✔ [7672/7677] Built Lean:static (1.3s)
✔ [7674/7677] Built Lake.CLI.Main:c.o (18s)
✔ [7675/7677] Built Lake:static (85ms)
✔ [7676/7677] Built Lake:static (85ms)
Build completed successfully (7677 jobs).
[100%] Built target make_stdlib
[    ] Building /workspace/shared/lean4-pr15373-head/build/release/stage1/lib/lean/libInit_shared.so
[100%] Built target Init_shared
[    ] Building /workspace/shared/lean4-pr15373-head/build/release/stage1/lib/lean/libleanshared.so
[100%] Built target leanshared
[    ] Building /workspace/shared/lean4-pr15373-head/build/release/stage1/bin/leanexport
[    ] Building /workspace/shared/lean4-pr15373-head/build/release/stage1/bin/leanir
[    ] Building /workspace/shared/lean4-pr15373-head/build/release/stage1/bin/leanc
[    ] Building /workspace/shared/lean4-pr15373-head/build/release/stage1/lib/lean/libLake_shared.so
[100%] Built target leanc
[100%] Built target leanir
[    ] Building /workspace/shared/lean4-pr15373-head/build/release/stage1/bin/lean
[100%] Built target leanexport
[100%] Built target lake_shared
[    ] Building /workspace/shared/lean4-pr15373-head/build/release/stage1/bin/leanchecker
[    ] Building /workspace/shared/lean4-pr15373-head/build/release/stage1/bin/lake
[100%] Built target lean
[100%] Built target leanchecker
[100%] Built target lake
[ 95%] No install step for 'stage1'
[100%] Completed 'stage1'
[100%] Built target stage1
make: Leaving directory '/workspace/shared/lean4-pr15373-head/build/release'
