00000001000bdd6c s GCC_except_table0
00000001000b696c s GCC_except_table1
00000001000bd73c s GCC_except_table1008
00000001000bd750 s GCC_except_table1011
00000001000bd764 s GCC_except_table1014
00000001000bd770 s GCC_except_table1020
00000001000bd784 s GCC_except_table1025
00000001000bd798 s GCC_except_table1028
00000001000b72dc s GCC_except_table103
00000001000bd7a8 s GCC_except_table1033
00000001000bd7b8 s GCC_except_table1038
00000001000bd7cc s GCC_except_table1039
00000001000bd7f8 s GCC_except_table1041
00000001000bd81c s GCC_except_table1046
00000001000bd828 s GCC_except_table1052
00000001000bd83c s GCC_except_table1053
00000001000bd850 s GCC_except_table1061
00000001000bd864 s GCC_except_table1062
00000001000bd880 s GCC_except_table1066
00000001000bd8c0 s GCC_except_table1071
00000001000bd8d0 s GCC_except_table1072
00000001000bd8e4 s GCC_except_table1075
00000001000bd904 s GCC_except_table1095
00000001000bd92c s GCC_except_table1097
00000001000bd938 s GCC_except_table1099
00000001000bd94c s GCC_except_table1100
00000001000bd958 s GCC_except_table1109
00000001000bd960 s GCC_except_table1111
00000001000bd968 s GCC_except_table1116
00000001000bd990 s GCC_except_table1120
00000001000bd9c8 s GCC_except_table1121
00000001000bd9d4 s GCC_except_table1122
00000001000bda04 s GCC_except_table1123
00000001000bda10 s GCC_except_table1125
00000001000bda34 s GCC_except_table1127
00000001000bda58 s GCC_except_table1131
00000001000bdac8 s GCC_except_table1137
00000001000bdafc s GCC_except_table1139
00000001000bdb08 s GCC_except_table1140
00000001000bdb2c s GCC_except_table1144
00000001000bdb48 s GCC_except_table1146
00000001000bdb64 s GCC_except_table1147
00000001000bdb84 s GCC_except_table1148
00000001000bdba4 s GCC_except_table1149
00000001000bdbc0 s GCC_except_table1150
00000001000bdbdc s GCC_except_table1157
00000001000bdbf8 s GCC_except_table1162
00000001000bdc2c s GCC_except_table1163
00000001000bdc38 s GCC_except_table1168
00000001000bdc64 s GCC_except_table1169
00000001000bdc78 s GCC_except_table1175
00000001000bdcb4 s GCC_except_table1177
00000001000bdce4 s GCC_except_table1178
00000001000bdcf4 s GCC_except_table1179
00000001000bdd08 s GCC_except_table1183
00000001000bdd28 s GCC_except_table1184
00000001000bdd44 s GCC_except_table1188
00000001000b72ec s GCC_except_table146
00000001000b7344 s GCC_except_table148
00000001000b7360 s GCC_except_table149
00000001000b6a28 s GCC_except_table15
00000001000b73a0 s GCC_except_table151
00000001000b73c8 s GCC_except_table153
00000001000b73f0 s GCC_except_table154
00000001000b740c s GCC_except_table156
00000001000b742c s GCC_except_table160
00000001000b7540 s GCC_except_table161
00000001000b755c s GCC_except_table163
00000001000b7584 s GCC_except_table167
00000001000b75c4 s GCC_except_table168
00000001000b75f0 s GCC_except_table169
00000001000b772c s GCC_except_table170
00000001000b7754 s GCC_except_table171
00000001000b7770 s GCC_except_table172
00000001000b778c s GCC_except_table173
00000001000b77b0 s GCC_except_table174
00000001000b77d4 s GCC_except_table176
00000001000b77f8 s GCC_except_table177
00000001000b781c s GCC_except_table178
00000001000b6a74 s GCC_except_table18
00000001000b7840 s GCC_except_table182
00000001000b784c s GCC_except_table198
00000001000b8070 s GCC_except_table199
00000001000b697c s GCC_except_table2
00000001000b8094 s GCC_except_table201
00000001000b80d4 s GCC_except_table204
00000001000b80e8 s GCC_except_table206
00000001000b810c s GCC_except_table208
00000001000b8128 s GCC_except_table209
00000001000b8144 s GCC_except_table210
00000001000b8154 s GCC_except_table214
00000001000b8164 s GCC_except_table216
00000001000b8174 s GCC_except_table218
00000001000b8184 s GCC_except_table223
00000001000b819c s GCC_except_table230
00000001000b81b4 s GCC_except_table231
00000001000b81c8 s GCC_except_table232
00000001000b81e8 s GCC_except_table233
00000001000b820c s GCC_except_table234
00000001000b8220 s GCC_except_table235
00000001000b7200 s GCC_except_table24
00000001000b8234 s GCC_except_table240
00000001000b824c s GCC_except_table241
00000001000b8274 s GCC_except_table245
00000001000b8284 s GCC_except_table256
00000001000b8294 s GCC_except_table257
00000001000b82b4 s GCC_except_table272
00000001000b82ec s GCC_except_table274
00000001000b8300 s GCC_except_table275
00000001000b831c s GCC_except_table276
00000001000b8344 s GCC_except_table277
00000001000b835c s GCC_except_table278
00000001000b8370 s GCC_except_table279
00000001000b8380 s GCC_except_table281
00000001000b8398 s GCC_except_table284
00000001000b83a4 s GCC_except_table288
00000001000b8530 s GCC_except_table290
00000001000b8570 s GCC_except_table291
00000001000b863c s GCC_except_table292
00000001000b867c s GCC_except_table293
00000001000b86ac s GCC_except_table295
00000001000b86e0 s GCC_except_table296
00000001000b8730 s GCC_except_table298
00000001000b69e0 s GCC_except_table3
00000001000b874c s GCC_except_table302
00000001000b8760 s GCC_except_table304
00000001000b8788 s GCC_except_table308
00000001000b879c s GCC_except_table309
00000001000b87b8 s GCC_except_table310
00000001000b87e4 s GCC_except_table313
00000001000b8818 s GCC_except_table315
00000001000b89bc s GCC_except_table316
00000001000b8a00 s GCC_except_table319
00000001000b8a6c s GCC_except_table320
00000001000b8ab0 s GCC_except_table321
00000001000b8b1c s GCC_except_table323
00000001000b8b44 s GCC_except_table324
00000001000b8c2c s GCC_except_table328
00000001000b8c60 s GCC_except_table329
00000001000b7274 s GCC_except_table33
00000001000b8c8c s GCC_except_table330
00000001000b8ef8 s GCC_except_table331
00000001000b8f30 s GCC_except_table334
00000001000b9000 s GCC_except_table339
00000001000b9028 s GCC_except_table340
00000001000b9034 s GCC_except_table341
00000001000b9044 s GCC_except_table342
00000001000b9060 s GCC_except_table347
00000001000b908c s GCC_except_table352
00000001000b9120 s GCC_except_table354
00000001000b91ac s GCC_except_table355
00000001000b9260 s GCC_except_table356
00000001000b9310 s GCC_except_table357
00000001000b93a4 s GCC_except_table358
00000001000b7290 s GCC_except_table36
00000001000b93b8 s GCC_except_table360
00000001000b93cc s GCC_except_table361
00000001000b93e0 s GCC_except_table367
00000001000b93f4 s GCC_except_table369
00000001000b72a4 s GCC_except_table37
00000001000ba3cc s GCC_except_table371
00000001000b72b0 s GCC_except_table38
00000001000ba3d8 s GCC_except_table384
00000001000ba50c s GCC_except_table385
00000001000ba51c s GCC_except_table387
00000001000ba544 s GCC_except_table388
00000001000ba554 s GCC_except_table389
00000001000b72bc s GCC_except_table39
00000001000b69fc s GCC_except_table4
00000001000ba560 s GCC_except_table403
00000001000ba570 s GCC_except_table414
00000001000ba580 s GCC_except_table417
00000001000ba5a8 s GCC_except_table418
00000001000ba5c4 s GCC_except_table420
00000001000ba5d8 s GCC_except_table424
00000001000ba5ec s GCC_except_table425
00000001000ba620 s GCC_except_table427
00000001000ba654 s GCC_except_table430
00000001000ba688 s GCC_except_table432
00000001000ba6bc s GCC_except_table434
00000001000ba6f0 s GCC_except_table436
00000001000ba724 s GCC_except_table438
00000001000ba758 s GCC_except_table440
00000001000ba78c s GCC_except_table443
00000001000ba7b0 s GCC_except_table462
00000001000ba828 s GCC_except_table463
00000001000babe4 s GCC_except_table464
00000001000bac30 s GCC_except_table465
00000001000bac50 s GCC_except_table470
00000001000bac6c s GCC_except_table471
00000001000baca0 s GCC_except_table472
00000001000bad84 s GCC_except_table473
00000001000badcc s GCC_except_table474
00000001000bae48 s GCC_except_table475
00000001000baf60 s GCC_except_table476
00000001000baf88 s GCC_except_table477
00000001000b72d0 s GCC_except_table48
00000001000bb07c s GCC_except_table480
00000001000bb094 s GCC_except_table481
00000001000bb0ac s GCC_except_table482
00000001000bb0c4 s GCC_except_table483
00000001000bb0f4 s GCC_except_table484
00000001000bb11c s GCC_except_table485
00000001000bb168 s GCC_except_table486
00000001000bb1a8 s GCC_except_table487
00000001000bb1d0 s GCC_except_table488
00000001000bb30c s GCC_except_table489
00000001000bb4c8 s GCC_except_table490
00000001000bb4e4 s GCC_except_table491
00000001000bb56c s GCC_except_table494
00000001000bb5a0 s GCC_except_table496
00000001000bb8ac s GCC_except_table497
00000001000bb8d8 s GCC_except_table499
00000001000b6a0c s GCC_except_table5
00000001000bb8e4 s GCC_except_table500
00000001000bb8f0 s GCC_except_table501
00000001000bb908 s GCC_except_table503
00000001000bb93c s GCC_except_table513
00000001000bb948 s GCC_except_table515
00000001000bb96c s GCC_except_table516
00000001000bb988 s GCC_except_table517
00000001000bb994 s GCC_except_table518
00000001000bb9c8 s GCC_except_table519
00000001000bb9e4 s GCC_except_table520
00000001000bba10 s GCC_except_table521
00000001000bba40 s GCC_except_table522
00000001000bba4c s GCC_except_table524
00000001000bba58 s GCC_except_table525
00000001000bba94 s GCC_except_table528
00000001000bbad0 s GCC_except_table529
00000001000bbb00 s GCC_except_table552
00000001000bbb24 s GCC_except_table555
00000001000bbb44 s GCC_except_table557
00000001000bbb50 s GCC_except_table564
00000001000bbbe0 s GCC_except_table565
00000001000bbc00 s GCC_except_table566
00000001000bbc2c s GCC_except_table567
00000001000bbc48 s GCC_except_table568
00000001000bbc58 s GCC_except_table575
00000001000bbc64 s GCC_except_table577
00000001000bbc70 s GCC_except_table578
00000001000bbc8c s GCC_except_table580
00000001000bbcac s GCC_except_table588
00000001000bbcf0 s GCC_except_table590
00000001000bbda4 s GCC_except_table591
00000001000bbdb8 s GCC_except_table592
00000001000bbdd0 s GCC_except_table593
00000001000b6a1c s GCC_except_table6
00000001000bbde4 s GCC_except_table600
00000001000bbe24 s GCC_except_table601
00000001000bbf28 s GCC_except_table624
00000001000bbf48 s GCC_except_table628
00000001000bbf60 s GCC_except_table636
00000001000bc010 s GCC_except_table637
00000001000bc024 s GCC_except_table639
00000001000bc040 s GCC_except_table640
00000001000bc05c s GCC_except_table642
00000001000bc078 s GCC_except_table646
00000001000bc094 s GCC_except_table649
00000001000bc0b0 s GCC_except_table650
00000001000bc0cc s GCC_except_table655
00000001000bc0e8 s GCC_except_table657
00000001000bc110 s GCC_except_table663
00000001000bc218 s GCC_except_table664
00000001000bc2f0 s GCC_except_table665
00000001000bc3f8 s GCC_except_table666
00000001000bc534 s GCC_except_table667
00000001000bc598 s GCC_except_table668
00000001000bc5ac s GCC_except_table669
00000001000bc5c4 s GCC_except_table675
00000001000bc604 s GCC_except_table676
00000001000bc620 s GCC_except_table677
00000001000bc63c s GCC_except_table680
00000001000bc654 s GCC_except_table681
00000001000bc674 s GCC_except_table701
00000001000bc694 s GCC_except_table702
00000001000bc6a8 s GCC_except_table703
00000001000bc6c0 s GCC_except_table704
00000001000bc6cc s GCC_except_table706
00000001000bc6f4 s GCC_except_table707
00000001000bc704 s GCC_except_table708
00000001000bc7e8 s GCC_except_table710
00000001000bc7f8 s GCC_except_table711
00000001000bc840 s GCC_except_table712
00000001000bc868 s GCC_except_table713
00000001000bc890 s GCC_except_table718
00000001000bc8c8 s GCC_except_table719
00000001000bc8e0 s GCC_except_table720
00000001000bc900 s GCC_except_table723
00000001000bc914 s GCC_except_table724
00000001000bca50 s GCC_except_table725
00000001000bca68 s GCC_except_table727
00000001000bca88 s GCC_except_table728
00000001000bcaa8 s GCC_except_table729
00000001000bcac8 s GCC_except_table731
00000001000bcaf0 s GCC_except_table732
00000001000bcb14 s GCC_except_table733
00000001000bcb30 s GCC_except_table734
00000001000bcb58 s GCC_except_table735
00000001000bcb7c s GCC_except_table737
00000001000bcbb0 s GCC_except_table738
00000001000bcc10 s GCC_except_table741
00000001000bcc30 s GCC_except_table742
00000001000bcc3c s GCC_except_table743
00000001000bcc44 s GCC_except_table744
00000001000bcc50 s GCC_except_table828
00000001000bcc6c s GCC_except_table829
00000001000bcc88 s GCC_except_table830
00000001000bcca4 s GCC_except_table835
00000001000bccc0 s GCC_except_table837
00000001000bcce0 s GCC_except_table838
00000001000bccfc s GCC_except_table844
00000001000bcd14 s GCC_except_table846
00000001000bcd2c s GCC_except_table847
00000001000bcd60 s GCC_except_table851
00000001000bcd7c s GCC_except_table860
00000001000bcd90 s GCC_except_table861
00000001000bcdec s GCC_except_table867
00000001000bce0c s GCC_except_table875
00000001000bce54 s GCC_except_table876
00000001000bce70 s GCC_except_table877
00000001000bce84 s GCC_except_table885
00000001000bceb4 s GCC_except_table887
00000001000bced8 s GCC_except_table888
00000001000bceec s GCC_except_table891
00000001000bd044 s GCC_except_table901
00000001000bd094 s GCC_except_table902
00000001000bd248 s GCC_except_table903
00000001000bd270 s GCC_except_table905
00000001000bd280 s GCC_except_table906
00000001000bd2a0 s GCC_except_table907
00000001000bd2d8 s GCC_except_table908
00000001000bd2f0 s GCC_except_table911
00000001000bd360 s GCC_except_table918
00000001000bd370 s GCC_except_table921
00000001000bd398 s GCC_except_table926
00000001000bd3ac s GCC_except_table929
00000001000bd3dc s GCC_except_table930
00000001000bd3fc s GCC_except_table933
00000001000bd438 s GCC_except_table934
00000001000bd464 s GCC_except_table939
00000001000bd474 s GCC_except_table943
00000001000bd488 s GCC_except_table954
00000001000bd49c s GCC_except_table962
00000001000bd4b0 s GCC_except_table965
00000001000bd4d4 s GCC_except_table966
00000001000bd4e4 s GCC_except_table967
00000001000bd4f0 s GCC_except_table969
00000001000bd500 s GCC_except_table970
00000001000bd524 s GCC_except_table971
00000001000bd534 s GCC_except_table976
00000001000bd550 s GCC_except_table977
00000001000bd56c s GCC_except_table978
00000001000bd57c s GCC_except_table979
00000001000bd58c s GCC_except_table980
00000001000bd5a8 s GCC_except_table981
00000001000bd5b8 s GCC_except_table982
00000001000bd5d8 s GCC_except_table983
00000001000bd5fc s GCC_except_table985
00000001000bd608 s GCC_except_table987
00000001000bd624 s GCC_except_table989
00000001000bd634 s GCC_except_table991
00000001000bd644 s GCC_except_table992
00000001000bd6d4 s GCC_except_table994
00000001000bd6f0 s GCC_except_table995
00000001000bd70c s GCC_except_table998
00000001000bd72c s GCC_except_table999
                 U _CCRandomGenerateBytes
00000001000a8870 t _OUTLINED_FUNCTION_0
00000001000a8888 t _OUTLINED_FUNCTION_1
00000001000a88f0 t _OUTLINED_FUNCTION_10
00000001000a8914 t _OUTLINED_FUNCTION_11
00000001000a891c t _OUTLINED_FUNCTION_12
00000001000a8930 t _OUTLINED_FUNCTION_13
00000001000a893c t _OUTLINED_FUNCTION_14
00000001000a8944 t _OUTLINED_FUNCTION_15
00000001000a894c t _OUTLINED_FUNCTION_16
00000001000a8954 t _OUTLINED_FUNCTION_17
00000001000a8964 t _OUTLINED_FUNCTION_18
00000001000a8974 t _OUTLINED_FUNCTION_19
00000001000a8894 t _OUTLINED_FUNCTION_2
00000001000a8984 t _OUTLINED_FUNCTION_20
00000001000a898c t _OUTLINED_FUNCTION_21
00000001000a8994 t _OUTLINED_FUNCTION_22
00000001000a89ac t _OUTLINED_FUNCTION_23
00000001000a89c4 t _OUTLINED_FUNCTION_24
00000001000a89dc t _OUTLINED_FUNCTION_25
00000001000a89e8 t _OUTLINED_FUNCTION_26
00000001000a89f4 t _OUTLINED_FUNCTION_27
00000001000a8a00 t _OUTLINED_FUNCTION_28
00000001000a8a08 t _OUTLINED_FUNCTION_29
00000001000a88a0 t _OUTLINED_FUNCTION_3
00000001000a8a14 t _OUTLINED_FUNCTION_30
00000001000a8a20 t _OUTLINED_FUNCTION_31
00000001000a8a2c t _OUTLINED_FUNCTION_32
00000001000a8a38 t _OUTLINED_FUNCTION_33
00000001000a8a48 t _OUTLINED_FUNCTION_34
00000001000a8a54 t _OUTLINED_FUNCTION_35
00000001000a8a60 t _OUTLINED_FUNCTION_36
00000001000a8a6c t _OUTLINED_FUNCTION_37
00000001000a8a80 t _OUTLINED_FUNCTION_38
00000001000a8a8c t _OUTLINED_FUNCTION_39
00000001000a88ac t _OUTLINED_FUNCTION_4
00000001000a8aa0 t _OUTLINED_FUNCTION_40
00000001000a88b8 t _OUTLINED_FUNCTION_5
00000001000a88c4 t _OUTLINED_FUNCTION_6
00000001000a88d0 t _OUTLINED_FUNCTION_7
00000001000a88d8 t _OUTLINED_FUNCTION_8
00000001000a88e4 t _OUTLINED_FUNCTION_9
00000001000ecbe8 d __MergedGlobals
00000001000ecdb8 b __MergedGlobals.2692
                 U __NSGetArgc
                 U __NSGetArgv
00000001000270d0 t __RINvMNtCsf0LoT3TAtAe_4core6optionINtB3_6OptionReE11map_or_elseNtNtCs8FVZETqzQuY_5alloc6string6StringNCNvNtB12_3fmt6format0NvYeNtNtB12_6borrow7ToOwned8to_ownedECsaHq5tZPZTZc_10nanoda_lib
00000001000a0b38 t __RINvMNtNtCs8FVZETqzQuY_5alloc2io5errorNtNtNtCsf0LoT3TAtAe_4core2io5error5Error3newReECs8nMiDB8lWwf_3std
00000001000b6178 t __RINvMNtNtCs8nMiDB8lWwf_3std4sync9once_lockINtB3_8OnceLockINtNtB5_14reentrant_lock13ReentrantLockINtNtCsf0LoT3TAtAe_4core4cell7RefCellINtNtNtNtB7_2io8buffered10linewriter10LineWriterNtNtB2e_5stdio9StdoutRawEEEE10initializeNCINvB2_11get_or_initNCNvB2V_6stdout0E0zEB7_
00000001000b5e60 t __RINvMNtNtCs8nMiDB8lWwf_3std4sync9once_lockINtB3_8OnceLockINtNtB5_14reentrant_lock13ReentrantLockINtNtCsf0LoT3TAtAe_4core4cell7RefCellINtNtNtNtB7_2io8buffered10linewriter10LineWriterNtNtB2e_5stdio9StdoutRawEEEE10initializeNCINvB2_11get_or_initNCNvB2V_7cleanup0E0zEB7_
00000001000b6124 t __RINvMNtNtCs8nMiDB8lWwf_3std4sync9once_lockINtB3_8OnceLockINtNtNtB5_6poison5mutex5MutexINtNtNtNtB7_2io8buffered9bufreader9BufReaderNtNtB1t_5stdio8StdinRawEEE10initializeNCINvB2_11get_or_initNCNvB26_5stdin0E0zEB7_
00000001000b3fc8 t __RINvMNtNtCsf0LoT3TAtAe_4core4cell4onceINtB3_8OnceCellINtNtB7_6result6ResultINtNtB7_6option6OptionINtNtCs8FVZETqzQuY_5alloc5boxed3BoxINtNtCskVK6E6MebBV_9addr2line4unit7DwoUnitINtNtNtCseAcyr1bdVEo_5gimli4read12endian_slice11EndianSliceNtNtB2T_9endianity12LittleEndianEEEENtB2R_5ErrorEE8try_initNCINvB2_11get_or_initNCNCNvMB29_INtB29_7ResUnitB2M_E14dwarf_and_units4_00E0zECs8nMiDB8lWwf_3std
00000001000b53d0 t __RINvMNtNtCsf0LoT3TAtAe_4core4cell4onceINtB3_8OnceCellINtNtB7_6result6ResultINtNtB7_6option6OptionINtNtCs8FVZETqzQuY_5alloc5boxed3BoxINtNtCskVK6E6MebBV_9addr2line4unit7DwoUnitINtNtNtCseAcyr1bdVEo_5gimli4read12endian_slice11EndianSliceNtNtB2T_9endianity12LittleEndianEEEENtB2R_5ErrorEE8try_initNCINvB2_11get_or_initNCNvMB29_INtB29_7ResUnitB2M_E14dwarf_and_units2_0E0zECs8nMiDB8lWwf_3std
00000001000b4c84 t __RINvMNtNtCsf0LoT3TAtAe_4core4cell4onceINtB3_8OnceCellINtNtB7_6result6ResultINtNtCskVK6E6MebBV_9addr2line8function8FunctionINtNtNtCseAcyr1bdVEo_5gimli4read12endian_slice11EndianSliceNtNtB23_9endianity12LittleEndianEENtB21_5ErrorEE8try_initNCINvB2_11get_or_initNCNvMs_B1e_INtB1e_12LazyFunctionB1W_E6borrow0E0zECs8nMiDB8lWwf_3std
00000001000b4010 t __RINvMNtNtCsf0LoT3TAtAe_4core4cell4onceINtB3_8OnceCellINtNtB7_6result6ResultINtNtCskVK6E6MebBV_9addr2line8function9FunctionsINtNtNtCseAcyr1bdVEo_5gimli4read12endian_slice11EndianSliceNtNtB24_9endianity12LittleEndianEENtB22_5ErrorEE8try_initNCINvB2_11get_or_initNCNvMB1e_INtB1e_13LazyFunctionsB1X_E6borrow0E0zECs8nMiDB8lWwf_3std
00000001000b2884 t __RINvMNtNtCsf0LoT3TAtAe_4core4cell4onceINtB3_8OnceCellINtNtB7_6result6ResultNtNtCskVK6E6MebBV_9addr2line4line5LinesNtNtCseAcyr1bdVEo_5gimli4read5ErrorEE8try_initNCINvB2_11get_or_initNCINvMB1d_NtB1d_9LazyLines6borrowINtNtB1Q_12endian_slice11EndianSliceNtNtB1S_9endianity12LittleEndianEE0E0zECs8nMiDB8lWwf_3std
00000001000b2100 t __RINvMNtNtCsf0LoT3TAtAe_4core4cell4onceINtB3_8OnceCellNtNtNtCs8nMiDB8lWwf_3std6thread6thread6ThreadE8try_initNCINvB2_11get_or_initNvNtBT_7current18current_or_unnamedE0zEBV_
00000001000b2454 t __RINvMNtNtNtCs8nMiDB8lWwf_3std3sys4sync8once_boxINtB3_7OnceBoxNtNtNtNtNtB7_3pal4unix4sync5mutex5MutexE10initializeNCNvMNtNtB5_5mutex7pthreadNtB1S_5Mutex3get0EB9_
00000001000130a0 t __RINvMs0_NtCsaHq5tZPZTZc_10nanoda_lib4exprNtNtB8_4util5TcCtx10foldl_appsINtNtNtCs8FVZETqzQuY_5alloc3vec9into_iter8IntoIterINtBF_3PtrRNtB6_4ExprEEEB8_
0000000100013be8 t __RINvMs0_NtCsaHq5tZPZTZc_10nanoda_lib4exprNtNtB8_4util5TcCtx10foldl_appsINtNtNtNtCsf0LoT3TAtAe_4core4iter8adapters4skip4SkipINtNtB1c_6copied6CopiedINtNtNtB1g_5slice4iter4IterINtBF_3PtrRNtB6_4ExprEEEEEB8_
0000000100013c58 t __RINvMs0_NtCsaHq5tZPZTZc_10nanoda_lib4exprNtNtB8_4util5TcCtx10foldl_appsINtNtNtNtCsf0LoT3TAtAe_4core4iter8adapters4take4TakeINtNtB1c_6copied6CopiedINtNtNtB1g_5slice4iter4IterINtBF_3PtrRNtB6_4ExprEEEEEB8_
0000000100013cbc t __RINvMs0_NtCsaHq5tZPZTZc_10nanoda_lib4exprNtNtB8_4util5TcCtx10foldl_appsINtNtNtNtCsf0LoT3TAtAe_4core4iter8adapters6copied6CopiedINtNtB1c_4skip4SkipINtNtNtB1g_5slice4iter4IterINtBF_3PtrRNtB6_4ExprEEEEEB8_
0000000100013d2c t __RINvMs0_NtCsaHq5tZPZTZc_10nanoda_lib4exprNtNtB8_4util5TcCtx10foldl_appsINtNtNtNtCsf0LoT3TAtAe_4core4iter8adapters6copied6CopiedINtNtNtB1g_5slice4iter4IterINtBF_3PtrRNtB6_4ExprEEEEB8_
000000010001d6cc t __RINvMs0_NtCsaHq5tZPZTZc_10nanoda_lib4exprNtNtB8_4util5TcCtx14find_const_auxNCNCNvMNtB8_9inductiveNtBF_10ExportFile12is_recursive00EB8_
0000000100012b24 t __RINvMs0_NtCsaHq5tZPZTZc_10nanoda_lib4exprNtNtB8_4util5TcCtx14find_const_auxNCNvMs1_NtB8_9inductiveNtNtB8_2tc11TypeChecker11has_ind_occ0EB8_
0000000100012e14 t __RINvMs0_NtCsaHq5tZPZTZc_10nanoda_lib4exprNtNtB8_4util5TcCtx14find_const_auxNCNvMs1_NtB8_9inductiveNtNtB8_2tc11TypeChecker17is_nested_ind_app0EB8_
000000010001de10 t __RINvMs0_NtCsaHq5tZPZTZc_10nanoda_lib4exprNtNtB8_4util5TcCtx8find_auxNCNvB2_14has_nested_pfx0EB8_
00000001000afaec t __RINvMs0_NtCsqfweSlTIyW_10serde_json5errorNtB6_5Error12fix_positionNCNvMs3_NtB8_2deINtB1a_12DeserializerINtNtB8_4read6IoReadINtNtNtNtCs8nMiDB8lWwf_3std2io8buffered9bufreader9BufReaderNtNtB26_2fs4FileEEE12fix_position0ECsaHq5tZPZTZc_10nanoda_lib
00000001000afb38 t __RINvMs0_NtCsqfweSlTIyW_10serde_json5errorNtB6_5Error12fix_positionNCNvMs3_NtB8_2deINtB1a_12DeserializerNtNtB8_4read7StrReadE12fix_position0ECsaHq5tZPZTZc_10nanoda_lib
000000010008d398 t __RINvMs0_NtNtCshNmMiv247NE_6object4read7archiveNtB6_13ArchiveMember5parseRShECs8nMiDB8lWwf_3std
00000001000b0d88 t __RINvMs0_NtNtNtNtCs8nMiDB8lWwf_3std3sys12thread_local6native4lazyINtB6_7StorageINtNtCsf0LoT3TAtAe_4core4cell4CellTyyEEzE16get_or_init_slowNvNvNvMNtNtBe_4hash6randomNtB2i_11RandomState3new4KEYS27___rust_std_internal_init_fnECsaHq5tZPZTZc_10nanoda_lib
00000001000a51d4 t __RINvMs10_NtNtNtCs8FVZETqzQuY_5alloc11collections5btree4nodeINtB7_16BalancingContextjNtNtNtNtNtNtCs8nMiDB8lWwf_3std3sys3pal4unix14stack_overflow11thread_info10ThreadInfoE25merge_tracking_child_edgeNtNtBd_5alloc6GlobalEB1w_
000000010005690c t __RINvMs1_NtCskVSbilJxPKa_9hashbrown3mapINtB6_7HashMapINtNtCsaHq5tZPZTZc_10nanoda_lib4util3PtrRNtNtBT_4name4NameENtNtBT_3env8NotationINtNtCsf0LoT3TAtAe_4core4hash18BuildHasherDefaultNtCsfSrsiEmBR8f_10rustc_hash8FxHasherEE3getBO_EBT_
0000000100071bbc t __RINvMs1_NtCskVSbilJxPKa_9hashbrown3mapINtB6_7HashMapNtNtCsaHq5tZPZTZc_10nanoda_lib4util10SortedPairuINtNtCsf0LoT3TAtAe_4core4hash18BuildHasherDefaultNtCsfSrsiEmBR8f_10rustc_hash8FxHasherEE12contains_keyBO_EBS_
0000000100071c88 t __RINvMs1_NtCskVSbilJxPKa_9hashbrown3mapINtB6_7HashMapReuINtNtCsf0LoT3TAtAe_4core4hash18BuildHasherDefaultNtCsfSrsiEmBR8f_10rustc_hash8FxHasherEE6removeeECsaHq5tZPZTZc_10nanoda_lib
0000000100057398 t __RINvMs2_NtCsaHq5tZPZTZc_10nanoda_lib14pretty_printerNtB6_6DocPtr11concat_lineBO_EB8_
00000001000550f8 t __RINvMs2_NtCsaHq5tZPZTZc_10nanoda_lib14pretty_printerNtB6_6DocPtr14concat_w_spaceBO_EB8_
00000001000571ec t __RINvMs2_NtCsaHq5tZPZTZc_10nanoda_lib14pretty_printerNtB6_6DocPtr14concat_w_spaceReEB8_
0000000100056a90 t __RINvMs2_NtCsaHq5tZPZTZc_10nanoda_lib14pretty_printerNtB6_6DocPtr6concatBO_EB8_
0000000100054810 t __RINvMs2_NtCsaHq5tZPZTZc_10nanoda_lib14pretty_printerNtB6_6DocPtr6concatReEB8_
0000000100066288 t __RINvMs3_NtCs5QtJyBtwgZZ_8indexmap3mapINtB6_8IndexMapINtNtCs8FVZETqzQuY_5alloc4sync3ArcSINtNtCsaHq5tZPZTZc_10nanoda_lib4util3PtrRNtNtB1s_5level5LevelEEuINtNtCsf0LoT3TAtAe_4core4hash18BuildHasherDefaultNtCsfSrsiEmBR8f_10rustc_hash8FxHasherEE12get_index_ofB1m_EB1s_
0000000100066454 t __RINvMs3_NtCs5QtJyBtwgZZ_8indexmap3mapINtB6_8IndexMapINtNtCsaHq5tZPZTZc_10nanoda_lib4util3PtrRNtNtBT_4name4NameEBO_INtNtCsf0LoT3TAtAe_4core4hash18BuildHasherDefaultNtCsfSrsiEmBR8f_10rustc_hash8FxHasherEE3getBO_EBT_
0000000100066578 t __RINvMs3_NtCs5QtJyBtwgZZ_8indexmap3mapINtB6_8IndexMapNtNtCsaHq5tZPZTZc_10nanoda_lib4name4NameuINtNtCsf0LoT3TAtAe_4core4hash18BuildHasherDefaultNtNtBS_13unique_hasher12UniqueHasherEE12get_index_ofBO_EBS_
000000010006677c t __RINvMs3_NtCs5QtJyBtwgZZ_8indexmap3mapINtB6_8IndexMapNtNtCsaHq5tZPZTZc_10nanoda_lib5level5LeveluINtNtCsf0LoT3TAtAe_4core4hash18BuildHasherDefaultNtNtBS_13unique_hasher12UniqueHasherEE12get_index_ofBO_EBS_
000000010007c198 t __RINvMs4_NtCs14PaYreGDoz_14rustc_demangle2v0NtB6_7Printer13print_backrefNCNvB2_10print_paths_0EB8_
000000010007d9f0 t __RINvMs4_NtCs14PaYreGDoz_14rustc_demangle2v0NtB6_7Printer13print_backrefNCNvB2_11print_consts4_0EB8_
000000010007ec90 t __RINvMs4_NtCs14PaYreGDoz_14rustc_demangle2v0NtB6_7Printer13print_backrefNvB2_10print_typeEB8_
000000010007e008 t __RINvMs4_NtCs14PaYreGDoz_14rustc_demangle2v0NtB6_7Printer14print_sep_listNCNvB2_11print_consts0_0EB8_
000000010007e0ac t __RINvMs4_NtCs14PaYreGDoz_14rustc_demangle2v0NtB6_7Printer14print_sep_listNCNvB2_11print_consts1_0EB8_
000000010007e15c t __RINvMs4_NtCs14PaYreGDoz_14rustc_demangle2v0NtB6_7Printer14print_sep_listNCNvB2_11print_consts3_0EB8_
000000010007ed74 t __RINvMs4_NtCs14PaYreGDoz_14rustc_demangle2v0NtB6_7Printer14print_sep_listNvB2_10print_typeEB8_
000000010007f170 t __RINvMs4_NtCs14PaYreGDoz_14rustc_demangle2v0NtB6_7Printer14print_sep_listNvB2_15print_dyn_traitEB8_
000000010007cec4 t __RINvMs4_NtCs14PaYreGDoz_14rustc_demangle2v0NtB6_7Printer14print_sep_listNvB2_17print_generic_argEB8_
000000010007c978 t __RINvMs4_NtCs14PaYreGDoz_14rustc_demangle2v0NtB6_7Printer17skipping_printingNCNvB2_10print_path0EB8_
000000010007dccc t __RINvMs4_NtCs14PaYreGDoz_14rustc_demangle2v0NtB6_7Printer26print_quoted_escaped_charsINtNtNtNtCsf0LoT3TAtAe_4core4iter7sources4once4OncecEEB8_
000000010007eae8 t __RINvMs4_NtCs14PaYreGDoz_14rustc_demangle2v0NtB6_7Printer9in_binderNCNvB2_10print_type0EB8_
000000010007ee20 t __RINvMs4_NtCs14PaYreGDoz_14rustc_demangle2v0NtB6_7Printer9in_binderNCNvB2_10print_types_0EB8_
00000001000aa614 t __RINvMs6_NtCs31fSfFKH9QI_9hashbrown3rawINtB6_8RawTablejE14reserve_rehashNCINvNtCs5QtJyBtwgZZ_8indexmap5inner8get_hashINtNtCs8FVZETqzQuY_5alloc4sync3ArcSINtNtCsaHq5tZPZTZc_10nanoda_lib4util3PtrRNtNtB2u_5level5LevelEEuE0EB2u_
00000001000aaa18 t __RINvMs6_NtCs31fSfFKH9QI_9hashbrown3rawINtB6_8RawTablejE14reserve_rehashNCINvNtCs5QtJyBtwgZZ_8indexmap5inner8get_hashINtNtCs8FVZETqzQuY_5alloc6borrow3CoweEuE0ECsaHq5tZPZTZc_10nanoda_lib
00000001000aae18 t __RINvMs6_NtCs31fSfFKH9QI_9hashbrown3rawINtB6_8RawTablejE14reserve_rehashNCINvNtCs5QtJyBtwgZZ_8indexmap5inner8get_hashINtNtCsaHq5tZPZTZc_10nanoda_lib4util3PtrRNtNtB1V_4name4NameEB1Q_E0EB1V_
00000001000ab218 t __RINvMs6_NtCs31fSfFKH9QI_9hashbrown3rawINtB6_8RawTablejE14reserve_rehashNCINvNtCs5QtJyBtwgZZ_8indexmap5inner8get_hashINtNtCsaHq5tZPZTZc_10nanoda_lib4util3PtrRNtNtB1V_4name4NameENtNtB1V_3env6DeclarE0EB1V_
00000001000ab61c t __RINvMs6_NtCs31fSfFKH9QI_9hashbrown3rawINtB6_8RawTablejE14reserve_rehashNCINvNtCs5QtJyBtwgZZ_8indexmap5inner8get_hashNtNtCsaHq5tZPZTZc_10nanoda_lib4expr4ExpruE0EB1U_
00000001000aba20 t __RINvMs6_NtCs31fSfFKH9QI_9hashbrown3rawINtB6_8RawTablejE14reserve_rehashNCINvNtCs5QtJyBtwgZZ_8indexmap5inner8get_hashNtNtCsaHq5tZPZTZc_10nanoda_lib4name4NameuE0EB1U_
00000001000abe20 t __RINvMs6_NtCs31fSfFKH9QI_9hashbrown3rawINtB6_8RawTablejE14reserve_rehashNCINvNtCs5QtJyBtwgZZ_8indexmap5inner8get_hashNtNtCslgqtUP0bYJ1_10num_bigint7biguint7BigUintuE0ECsaHq5tZPZTZc_10nanoda_lib
00000001000ac220 t __RINvMs6_NtCskVSbilJxPKa_9hashbrown3rawINtB6_8RawTableTINtNtCsaHq5tZPZTZc_10nanoda_lib4util3PtrRNtNtBV_4expr4ExprEBQ_EE14reserve_rehashNCINvNtB8_3map11make_hasherBQ_BQ_INtNtCsf0LoT3TAtAe_4core4hash18BuildHasherDefaultNtNtBV_13unique_hasher12UniqueHasherEE0EBV_
00000001000ac69c t __RINvMs6_NtCskVSbilJxPKa_9hashbrown3rawINtB6_8RawTableTINtNtCsaHq5tZPZTZc_10nanoda_lib4util3PtrRNtNtBV_4expr4ExprEbEE14reserve_rehashNCINvNtB8_3map11make_hasherBQ_bINtNtCsf0LoT3TAtAe_4core4hash18BuildHasherDefaultNtCsfSrsiEmBR8f_10rustc_hash8FxHasherEE0EBV_
00000001000acb4c t __RINvMs6_NtCskVSbilJxPKa_9hashbrown3rawINtB6_8RawTableTINtNtCsaHq5tZPZTZc_10nanoda_lib4util3PtrRNtNtBV_4name4NameEINtNtNtNtCs8nMiDB8lWwf_3std11collections4hash3set7HashSetBQ_INtNtCsf0LoT3TAtAe_4core4hash18BuildHasherDefaultNtCsfSrsiEmBR8f_10rustc_hash8FxHasherEEEE14reserve_rehashNCINvNtB8_3map11make_hasherBQ_B1N_B2L_E0EBV_
00000001000ad05c t __RINvMs6_NtCskVSbilJxPKa_9hashbrown3rawINtB6_8RawTableTINtNtCsaHq5tZPZTZc_10nanoda_lib4util3PtrRNtNtBV_4name4NameETjjEEE14reserve_rehashNCINvNtB8_3map11make_hasherBQ_B1N_INtNtCsf0LoT3TAtAe_4core4hash18BuildHasherDefaultNtCsfSrsiEmBR8f_10rustc_hash8FxHasherEE0EBV_
00000001000ad54c t __RINvMs6_NtCskVSbilJxPKa_9hashbrown3rawINtB6_8RawTableTINtNtCsaHq5tZPZTZc_10nanoda_lib4util3PtrRNtNtBV_4name4NameEuEE14reserve_rehashNCINvNtB8_3map11make_hasherBQ_uINtNtCsf0LoT3TAtAe_4core4hash18BuildHasherDefaultNtCsfSrsiEmBR8f_10rustc_hash8FxHasherEE0EBV_
00000001000ada0c t __RINvMs6_NtCskVSbilJxPKa_9hashbrown3rawINtB6_8RawTableTINtNtCsaHq5tZPZTZc_10nanoda_lib4util3PtrRNtNtBV_5level5LevelEuEE14reserve_rehashNCINvNtB8_3map11make_hasherBQ_uINtNtCsf0LoT3TAtAe_4core4hash18BuildHasherDefaultNtCsfSrsiEmBR8f_10rustc_hash8FxHasherEE0EBV_
00000001000adecc t __RINvMs6_NtCskVSbilJxPKa_9hashbrown3rawINtB6_8RawTableTNtNtCsaHq5tZPZTZc_10nanoda_lib4util10SortedPairuEE14reserve_rehashNCINvNtB8_3map11make_hasherBQ_uINtNtCsf0LoT3TAtAe_4core4hash18BuildHasherDefaultNtCsfSrsiEmBR8f_10rustc_hash8FxHasherEE0EBU_
00000001000ae38c t __RINvMs6_NtCskVSbilJxPKa_9hashbrown3rawINtB6_8RawTableTRINtNtCsaHq5tZPZTZc_10nanoda_lib4util3PtrRNtNtBW_4name4NameEuEE14reserve_rehashNCINvNtB8_3map11make_hasherBQ_uNtNtNtCs8nMiDB8lWwf_3std4hash6random11RandomStateE0EBW_
00000001000ae87c t __RINvMs6_NtCskVSbilJxPKa_9hashbrown3rawINtB6_8RawTableTReuEE14reserve_rehashNCINvNtB8_3map11make_hasherBQ_uINtNtCsf0LoT3TAtAe_4core4hash18BuildHasherDefaultNtCsfSrsiEmBR8f_10rustc_hash8FxHasherEE0ECsaHq5tZPZTZc_10nanoda_lib
00000001000aebdc t __RINvMs6_NtCskVSbilJxPKa_9hashbrown3rawINtB6_8RawTableTTINtNtCsaHq5tZPZTZc_10nanoda_lib4util3PtrRNtNtBW_4expr4ExprEIBS_RINtNtCs8FVZETqzQuY_5alloc4sync3ArcSIBS_RNtNtBW_5level5LevelEEEB1O_EBR_EE14reserve_rehashNCINvNtB8_3map11make_hasherBQ_BR_INtNtCsf0LoT3TAtAe_4core4hash18BuildHasherDefaultNtCsfSrsiEmBR8f_10rustc_hash8FxHasherEE0EBW_
00000001000af0c4 t __RINvMs6_NtCskVSbilJxPKa_9hashbrown3rawINtB6_8RawTableTTINtNtCsaHq5tZPZTZc_10nanoda_lib4util3PtrRNtNtBW_4expr4ExprEtEBR_EE14reserve_rehashNCINvNtB8_3map11make_hasherBQ_BR_INtNtCsf0LoT3TAtAe_4core4hash18BuildHasherDefaultNtCsfSrsiEmBR8f_10rustc_hash8FxHasherEE0EBW_
00000001000af5cc t __RINvMs6_NtCskVSbilJxPKa_9hashbrown3rawINtB6_8RawTableTTINtNtCsaHq5tZPZTZc_10nanoda_lib4util3PtrRNtNtBW_4expr4ExprEttEBR_EE14reserve_rehashNCINvNtB8_3map11make_hasherBQ_BR_INtNtCsf0LoT3TAtAe_4core4hash18BuildHasherDefaultNtCsfSrsiEmBR8f_10rustc_hash8FxHasherEE0EBW_
0000000100069ecc t __RINvMs_NtCs5QtJyBtwgZZ_8indexmap5innerINtB5_4CoreINtNtCsaHq5tZPZTZc_10nanoda_lib4util3PtrRNtNtBQ_4name4NameENtNtBQ_3env6DeclarE12get_index_ofBL_EBQ_
00000001000a4b20 t __RINvMs_NtNtNtCs8FVZETqzQuY_5alloc11collections5btree6removeINtNtB7_4node6HandleINtBY_7NodeRefNtNtBY_6marker3MutjNtNtNtNtNtNtCs8nMiDB8lWwf_3std3sys3pal4unix14stack_overflow11thread_info10ThreadInfoNtB1v_4LeafENtB1v_2KVE14remove_leaf_kvNCNvMs5_NtNtB7_3map5entryINtB3S_13OccupiedEntryjB1M_E9remove_kv0NtNtBb_5alloc6GlobalEB1Y_
000000010009afc0 t __RINvMse_NtNtCseAcyr1bdVEo_5gimli4read4lineNtB6_15FileEntryFormat5parseINtNtB8_12endian_slice11EndianSliceNtNtBa_9endianity12LittleEndianEECs8nMiDB8lWwf_3std
000000010005bf0c t __RINvNtCs8nMiDB8lWwf_3std2io24uninlined_slow_read_byteINtNtNtB2_8buffered9bufreader9BufReaderNtNtB4_2fs4FileEECsaHq5tZPZTZc_10nanoda_lib
00000001000b60fc t __RINvNtCs8nMiDB8lWwf_3std2rt15handle_rt_paniciEB4_
00000001000b20e4 t __RINvNtCs8nMiDB8lWwf_3std9panicking11begin_panicReEB4_
0000000100058f54 t __RINvNtCsaHq5tZPZTZc_10nanoda_lib14pretty_printer9tile_docsINtNtNtCs8FVZETqzQuY_5alloc3vec9into_iter8IntoIterNtB2_6DocPtrEEB4_
0000000100000838 t __RINvNtCsf0LoT3TAtAe_4core3ptr9drop_glueINtCs5QtJyBtwgZZ_8indexmap6BucketINtNtCsaHq5tZPZTZc_10nanoda_lib4util3PtrRNtNtB1d_4name4NameENtNtB1d_3env6DeclarEECskAKTUtOaNfB_10nanoda_bin
000000010009af50 t __RINvNtCsf0LoT3TAtAe_4core3ptr9drop_glueINtCskVK6E6MebBV_9addr2line7ContextINtNtNtCseAcyr1bdVEo_5gimli4read12endian_slice11EndianSliceNtNtB1h_9endianity12LittleEndianEEECs8nMiDB8lWwf_3std
000000010005c8dc t __RINvNtCsf0LoT3TAtAe_4core3ptr9drop_glueINtNtB4_4cell10UnsafeCellINtNtB4_6option6OptionINtNtB4_6result6ResultuINtNtCs8FVZETqzQuY_5alloc5boxed3BoxDNtNtB4_3any3AnyNtNtB4_6marker4SendEL_EEEEECsaHq5tZPZTZc_10nanoda_lib
000000010005dfa4 t __RINvNtCsf0LoT3TAtAe_4core3ptr9drop_glueINtNtB4_4cell10UnsafeCellINtNtB4_6option6OptionINtNtB4_6result6ResultuINtNtCs8FVZETqzQuY_5alloc5boxed3BoxDNtNtB4_3any3AnyNtNtB4_6marker4SendEL_EEEEECsaHq5tZPZTZc_10nanoda_lib.807
00000001000a6c78 t __RINvNtCsf0LoT3TAtAe_4core3ptr9drop_glueINtNtB4_6option6OptionINtNtB4_4cell4CellNtNtNtCs8nMiDB8lWwf_3std6thread9spawnhook10SpawnHooksEEEB1l_
000000010001f0e8 t __RINvNtCsf0LoT3TAtAe_4core3ptr9drop_glueINtNtB4_6option6OptionINtNtCs5QtJyBtwgZZ_8indexmap3set8IndexSetNtNtCslgqtUP0bYJ1_10num_bigint7biguint7BigUintINtNtB4_4hash18BuildHasherDefaultNtCsfSrsiEmBR8f_10rustc_hash8FxHasherEEEECsaHq5tZPZTZc_10nanoda_lib
00000001000008c0 t __RINvNtCsf0LoT3TAtAe_4core3ptr9drop_glueINtNtB4_6option6OptionINtNtCs5QtJyBtwgZZ_8indexmap3set8IndexSetNtNtCslgqtUP0bYJ1_10num_bigint7biguint7BigUintINtNtB4_4hash18BuildHasherDefaultNtCsfSrsiEmBR8f_10rustc_hash8FxHasherEEEECskAKTUtOaNfB_10nanoda_bin
000000010004c024 t __RINvNtCsf0LoT3TAtAe_4core3ptr9drop_glueINtNtB4_6option6OptionINtNtCs8FVZETqzQuY_5alloc3vec3VecNtNtB12_6string6StringEEECsaHq5tZPZTZc_10nanoda_lib.570
00000001000970b0 t __RINvNtCsf0LoT3TAtAe_4core3ptr9drop_glueINtNtB4_6option6OptionINtNtNtCseAcyr1bdVEo_5gimli4read4line21IncompleteLineProgramINtNtB12_12endian_slice11EndianSliceNtNtB14_9endianity12LittleEndianEjEEECs8nMiDB8lWwf_3std
000000010000097c t __RINvNtCsf0LoT3TAtAe_4core3ptr9drop_glueINtNtB4_6option6OptionNtNtCsaHq5tZPZTZc_10nanoda_lib4util13PpDestinationEECskAKTUtOaNfB_10nanoda_bin
000000010009e28c t __RINvNtCsf0LoT3TAtAe_4core3ptr9drop_glueINtNtB4_6option6OptionNtNtCshNmMiv247NE_6object4read9ObjectMapEECs8nMiDB8lWwf_3std
0000000100097b38 t __RINvNtCsf0LoT3TAtAe_4core3ptr9drop_glueINtNtB4_6option6OptionNtNtNtNtCs8nMiDB8lWwf_3std12backtrace_rs9symbolize5gimli7MappingEEB15_
000000010004f91c t __RINvNtCsf0LoT3TAtAe_4core3ptr9drop_glueINtNtB4_6option6OptionTNtNtNtCsleWiFORkTeD_10serde_core7private7content7ContentBY_EEECsaHq5tZPZTZc_10nanoda_lib
0000000100071740 t __RINvNtCsf0LoT3TAtAe_4core3ptr9drop_glueINtNtB4_6option6OptionTNtNtNtCsleWiFORkTeD_10serde_core7private7content7ContentBY_EEECsaHq5tZPZTZc_10nanoda_lib.1442
0000000100096e80 t __RINvNtCsf0LoT3TAtAe_4core3ptr9drop_glueINtNtB4_6result6ResultINtNtB4_6option6OptionINtNtCs8FVZETqzQuY_5alloc5boxed3BoxINtNtCskVK6E6MebBV_9addr2line4unit7DwoUnitINtNtNtCseAcyr1bdVEo_5gimli4read12endian_slice11EndianSliceNtNtB2F_9endianity12LittleEndianEEEENtB2D_5ErrorEECs8nMiDB8lWwf_3std
000000010004d160 t __RINvNtCsf0LoT3TAtAe_4core3ptr9drop_glueINtNtB4_6result6ResultINtNtCs8FVZETqzQuY_5alloc3vec3VecNtNtB12_6string6StringENtNtCsqfweSlTIyW_10serde_json5error5ErrorEECsaHq5tZPZTZc_10nanoda_lib
0000000100096024 t __RINvNtCsf0LoT3TAtAe_4core3ptr9drop_glueINtNtB4_6result6ResultINtNtCskVK6E6MebBV_9addr2line8function9FunctionsINtNtNtCseAcyr1bdVEo_5gimli4read12endian_slice11EndianSliceNtNtB1Q_9endianity12LittleEndianEENtB1O_5ErrorEECs8nMiDB8lWwf_3std
00000001000a4ad4 t __RINvNtCsf0LoT3TAtAe_4core3ptr9drop_glueINtNtB4_6result6ResultINtNtNtNtCs8nMiDB8lWwf_3std4sync6poison5mutex10MutexGuarduEINtB12_11PoisonErrorBX_EEEB16_
000000010004e4e0 t __RINvNtCsf0LoT3TAtAe_4core3ptr9drop_glueINtNtB4_6result6ResultNtNtCsaHq5tZPZTZc_10nanoda_lib14pretty_printer9PpOptionsNtNtCsqfweSlTIyW_10serde_json5error5ErrorEEB11_
000000010004f624 t __RINvNtCsf0LoT3TAtAe_4core3ptr9drop_glueINtNtB4_6result6ResultNtNtCsaHq5tZPZTZc_10nanoda_lib4util6ConfigNtNtCsqfweSlTIyW_10serde_json5error5ErrorEEB11_
000000010004fa28 t __RINvNtCsf0LoT3TAtAe_4core3ptr9drop_glueINtNtB4_6result6ResultNtNtCsaHq5tZPZTZc_10nanoda_lib6parser16ExportJsonObjectNtNtCsqfweSlTIyW_10serde_json5error5ErrorEEB11_
000000010008eb94 t __RINvNtCsf0LoT3TAtAe_4core3ptr9drop_glueINtNtB4_6result6ResultNtNtCskVK6E6MebBV_9addr2line4line5LinesNtNtCseAcyr1bdVEo_5gimli4read5ErrorEECs8nMiDB8lWwf_3std
000000010005013c t __RINvNtCsf0LoT3TAtAe_4core3ptr9drop_glueINtNtB4_6result6ResultNtNtNtCsleWiFORkTeD_10serde_core7private7content7ContentNtNtCsqfweSlTIyW_10serde_json5error5ErrorEECsaHq5tZPZTZc_10nanoda_lib
0000000100096e7c t __RINvNtCsf0LoT3TAtAe_4core3ptr9drop_glueINtNtB4_6result6ResultRIBC_INtNtB4_6option6OptionINtNtCs8FVZETqzQuY_5alloc5boxed3BoxINtNtCskVK6E6MebBV_9addr2line4unit7DwoUnitINtNtNtCseAcyr1bdVEo_5gimli4read12endian_slice11EndianSliceNtNtB2K_9endianity12LittleEndianEEEENtB2I_5ErrorETBX_BY_EEECs8nMiDB8lWwf_3std
0000000100093584 t __RINvNtCsf0LoT3TAtAe_4core3ptr9drop_glueINtNtB4_6result6ResultRIBC_INtNtCskVK6E6MebBV_9addr2line8function8FunctionINtNtNtCseAcyr1bdVEo_5gimli4read12endian_slice11EndianSliceNtNtB1U_9endianity12LittleEndianEENtB1S_5ErrorETBX_BY_EEECs8nMiDB8lWwf_3std
0000000100095f7c t __RINvNtCsf0LoT3TAtAe_4core3ptr9drop_glueINtNtB4_6result6ResultRIBC_INtNtCskVK6E6MebBV_9addr2line8function9FunctionsINtNtNtCseAcyr1bdVEo_5gimli4read12endian_slice11EndianSliceNtNtB1V_9endianity12LittleEndianEENtB1T_5ErrorETBX_BY_EEECs8nMiDB8lWwf_3std
000000010008eadc t __RINvNtCsf0LoT3TAtAe_4core3ptr9drop_glueINtNtB4_6result6ResultRIBC_NtNtCskVK6E6MebBV_9addr2line4line5LinesNtNtCseAcyr1bdVEo_5gimli4read5ErrorETBX_BY_EEECs8nMiDB8lWwf_3std
00000001000a30e4 t __RINvNtCsf0LoT3TAtAe_4core3ptr9drop_glueINtNtB4_6result6ResultRNtNtNtCs8nMiDB8lWwf_3std6thread6thread6ThreadTBX_BY_EEEB14_
000000010005ca4c t __RINvNtCsf0LoT3TAtAe_4core3ptr9drop_glueINtNtB4_6result6ResultuINtNtCs8FVZETqzQuY_5alloc5boxed3BoxDNtNtB4_3any3AnyNtNtB4_6marker4SendEL_EEECsaHq5tZPZTZc_10nanoda_lib
0000000100085848 t __RINvNtCsf0LoT3TAtAe_4core3ptr9drop_glueINtNtB4_6result6ResultuNtNtNtB4_2io5error5ErrorEECs8nMiDB8lWwf_3std
0000000100050520 t __RINvNtCsf0LoT3TAtAe_4core3ptr9drop_glueINtNtCs31fSfFKH9QI_9hashbrown10scopeguard10ScopeGuardNtNtBG_3raw13RawTableInnerNCINvMsa_B1u_B1s_14prepare_resizeNtNtNtB1u_5alloc5inner6GlobalE0EECsaHq5tZPZTZc_10nanoda_lib
00000001000505ac t __RINvNtCsf0LoT3TAtAe_4core3ptr9drop_glueINtNtCs31fSfFKH9QI_9hashbrown10scopeguard10ScopeGuardQNtNtBG_3raw13RawTableInnerNCNvMsa_B1v_B1t_15rehash_in_place0EECsaHq5tZPZTZc_10nanoda_lib
000000010001ec6c t __RINvNtCsf0LoT3TAtAe_4core3ptr9drop_glueINtNtCs5QtJyBtwgZZ_8indexmap3map8IndexMapINtNtCsaHq5tZPZTZc_10nanoda_lib4util3PtrRNtNtB1l_4name4NameEB1g_INtNtB4_4hash18BuildHasherDefaultNtCsfSrsiEmBR8f_10rustc_hash8FxHasherEEEB1l_
000000010001e818 t __RINvNtCsf0LoT3TAtAe_4core3ptr9drop_glueINtNtCs5QtJyBtwgZZ_8indexmap3map8IndexMapINtNtCsaHq5tZPZTZc_10nanoda_lib4util3PtrRNtNtB1l_4name4NameENtNtB1l_3env6DeclarINtNtB4_4hash18BuildHasherDefaultNtCsfSrsiEmBR8f_10rustc_hash8FxHasherEEEB1l_
0000000100000d88 t __RINvNtCsf0LoT3TAtAe_4core3ptr9drop_glueINtNtCs5QtJyBtwgZZ_8indexmap3map8IndexMapINtNtCsaHq5tZPZTZc_10nanoda_lib4util3PtrRNtNtB1l_4name4NameENtNtB1l_3env6DeclarINtNtB4_4hash18BuildHasherDefaultNtCsfSrsiEmBR8f_10rustc_hash8FxHasherEEECskAKTUtOaNfB_10nanoda_bin
000000010001ee40 t __RINvNtCsf0LoT3TAtAe_4core3ptr9drop_glueINtNtCs5QtJyBtwgZZ_8indexmap3set8IndexSetINtNtCs8FVZETqzQuY_5alloc4sync3ArcSINtNtCsaHq5tZPZTZc_10nanoda_lib4util3PtrRNtNtB1U_5level5LevelEEINtNtB4_4hash18BuildHasherDefaultNtCsfSrsiEmBR8f_10rustc_hash8FxHasherEEEB1U_
0000000100000e30 t __RINvNtCsf0LoT3TAtAe_4core3ptr9drop_glueINtNtCs5QtJyBtwgZZ_8indexmap3set8IndexSetINtNtCs8FVZETqzQuY_5alloc4sync3ArcSINtNtCsaHq5tZPZTZc_10nanoda_lib4util3PtrRNtNtB1U_5level5LevelEEINtNtB4_4hash18BuildHasherDefaultNtCsfSrsiEmBR8f_10rustc_hash8FxHasherEEECskAKTUtOaNfB_10nanoda_bin
000000010001efa0 t __RINvNtCsf0LoT3TAtAe_4core3ptr9drop_glueINtNtCs5QtJyBtwgZZ_8indexmap3set8IndexSetINtNtCs8FVZETqzQuY_5alloc6borrow3CoweEINtNtB4_4hash18BuildHasherDefaultNtCsfSrsiEmBR8f_10rustc_hash8FxHasherEEECsaHq5tZPZTZc_10nanoda_lib
0000000100000f00 t __RINvNtCsf0LoT3TAtAe_4core3ptr9drop_glueINtNtCs5QtJyBtwgZZ_8indexmap3set8IndexSetINtNtCs8FVZETqzQuY_5alloc6borrow3CoweEINtNtB4_4hash18BuildHasherDefaultNtCsfSrsiEmBR8f_10rustc_hash8FxHasherEEECskAKTUtOaNfB_10nanoda_bin
0000000100000fb8 t __RINvNtCsf0LoT3TAtAe_4core3ptr9drop_glueINtNtCs5QtJyBtwgZZ_8indexmap3set8IndexSetNtNtCsaHq5tZPZTZc_10nanoda_lib4expr4ExprINtNtB4_4hash18BuildHasherDefaultNtNtB1k_13unique_hasher12UniqueHasherEEECskAKTUtOaNfB_10nanoda_bin
0000000100054240 t __RINvNtCsf0LoT3TAtAe_4core3ptr9drop_glueINtNtCs8FVZETqzQuY_5alloc2rc7RcInnerNtNtCsaHq5tZPZTZc_10nanoda_lib14pretty_printer3DocEEB1f_
000000010001edd4 t __RINvNtCsf0LoT3TAtAe_4core3ptr9drop_glueINtNtCs8FVZETqzQuY_5alloc3vec3VecIBC_INtNtCsaHq5tZPZTZc_10nanoda_lib4util3PtrRNtNtB1h_4expr4ExprEEEEB1h_
000000010001ef20 t __RINvNtCsf0LoT3TAtAe_4core3ptr9drop_glueINtNtCs8FVZETqzQuY_5alloc3vec3VecINtCs5QtJyBtwgZZ_8indexmap6BucketINtNtBG_4sync3ArcSINtNtCsaHq5tZPZTZc_10nanoda_lib4util3PtrRNtNtB22_5level5LevelEEuEEEB22_
0000000100001038 t __RINvNtCsf0LoT3TAtAe_4core3ptr9drop_glueINtNtCs8FVZETqzQuY_5alloc3vec3VecINtCs5QtJyBtwgZZ_8indexmap6BucketINtNtBG_4sync3ArcSINtNtCsaHq5tZPZTZc_10nanoda_lib4util3PtrRNtNtB22_5level5LevelEEuEEECskAKTUtOaNfB_10nanoda_bin
000000010001f074 t __RINvNtCsf0LoT3TAtAe_4core3ptr9drop_glueINtNtCs8FVZETqzQuY_5alloc3vec3VecINtCs5QtJyBtwgZZ_8indexmap6BucketINtNtBG_6borrow3CoweEuEEECsaHq5tZPZTZc_10nanoda_lib
00000001000010c4 t __RINvNtCsf0LoT3TAtAe_4core3ptr9drop_glueINtNtCs8FVZETqzQuY_5alloc3vec3VecINtCs5QtJyBtwgZZ_8indexmap6BucketINtNtBG_6borrow3CoweEuEEECskAKTUtOaNfB_10nanoda_bin
000000010001e7b8 t __RINvNtCsf0LoT3TAtAe_4core3ptr9drop_glueINtNtCs8FVZETqzQuY_5alloc3vec3VecINtCs5QtJyBtwgZZ_8indexmap6BucketINtNtCsaHq5tZPZTZc_10nanoda_lib4util3PtrRNtNtB1K_4name4NameENtNtB1K_3env6DeclarEEEB1K_
0000000100001138 t __RINvNtCsf0LoT3TAtAe_4core3ptr9drop_glueINtNtCs8FVZETqzQuY_5alloc3vec3VecINtCs5QtJyBtwgZZ_8indexmap6BucketINtNtCsaHq5tZPZTZc_10nanoda_lib4util3PtrRNtNtB1K_4name4NameENtNtB1K_3env6DeclarEEECskAKTUtOaNfB_10nanoda_bin
000000010001f1cc t __RINvNtCsf0LoT3TAtAe_4core3ptr9drop_glueINtNtCs8FVZETqzQuY_5alloc3vec3VecINtCs5QtJyBtwgZZ_8indexmap6BucketNtNtCslgqtUP0bYJ1_10num_bigint7biguint7BigUintuEEECsaHq5tZPZTZc_10nanoda_lib
0000000100001198 t __RINvNtCsf0LoT3TAtAe_4core3ptr9drop_glueINtNtCs8FVZETqzQuY_5alloc3vec3VecINtCs5QtJyBtwgZZ_8indexmap6BucketNtNtCslgqtUP0bYJ1_10num_bigint7biguint7BigUintuEEECskAKTUtOaNfB_10nanoda_bin
000000010009dcec t __RINvNtCsf0LoT3TAtAe_4core3ptr9drop_glueINtNtCs8FVZETqzQuY_5alloc3vec3VecINtNtB4_6option6OptionIB19_NtNtNtNtCs8nMiDB8lWwf_3std12backtrace_rs9symbolize5gimli7MappingEEEEB1H_
000000010004f828 t __RINvNtCsf0LoT3TAtAe_4core3ptr9drop_glueINtNtCs8FVZETqzQuY_5alloc3vec3VecINtNtB4_6option6OptionTNtNtNtCsleWiFORkTeD_10serde_core7private7content7ContentB1v_EEEECsaHq5tZPZTZc_10nanoda_lib
00000001000a6df0 t __RINvNtCsf0LoT3TAtAe_4core3ptr9drop_glueINtNtCs8FVZETqzQuY_5alloc3vec3VecINtNtBG_5boxed3BoxDINtNtNtB4_3ops8function6FnOnceuEp6OutputuNtNtB4_6marker4SendEL_EEECs8nMiDB8lWwf_3std
000000010005c564 t __RINvNtCsf0LoT3TAtAe_4core3ptr9drop_glueINtNtCs8FVZETqzQuY_5alloc3vec3VecINtNtBG_5boxed3BoxDINtNtNtB4_3ops8function6FnOnceuEp6OutputuNtNtB4_6marker4SendEL_EEECsaHq5tZPZTZc_10nanoda_lib
000000010009a690 t __RINvNtCsf0LoT3TAtAe_4core3ptr9drop_glueINtNtCs8FVZETqzQuY_5alloc3vec3VecINtNtCskVK6E6MebBV_9addr2line4unit7ResUnitINtNtNtCseAcyr1bdVEo_5gimli4read12endian_slice11EndianSliceNtNtB1V_9endianity12LittleEndianEEEECs8nMiDB8lWwf_3std
000000010009a73c t __RINvNtCsf0LoT3TAtAe_4core3ptr9drop_glueINtNtCs8FVZETqzQuY_5alloc3vec3VecINtNtCskVK6E6MebBV_9addr2line4unit7SupUnitINtNtNtCseAcyr1bdVEo_5gimli4read12endian_slice11EndianSliceNtNtB1V_9endianity12LittleEndianEEEECs8nMiDB8lWwf_3std
0000000100095e78 t __RINvNtCsf0LoT3TAtAe_4core3ptr9drop_glueINtNtCs8FVZETqzQuY_5alloc3vec3VecINtNtCskVK6E6MebBV_9addr2line8function12LazyFunctionINtNtNtCseAcyr1bdVEo_5gimli4read12endian_slice11EndianSliceNtNtB25_9endianity12LittleEndianEEEECs8nMiDB8lWwf_3std
000000010008e604 t __RINvNtCsf0LoT3TAtAe_4core3ptr9drop_glueINtNtCs8FVZETqzQuY_5alloc3vec3VecNtNtBG_6string6StringEECs8nMiDB8lWwf_3std
0000000100038520 t __RINvNtCsf0LoT3TAtAe_4core3ptr9drop_glueINtNtCs8FVZETqzQuY_5alloc3vec3VecNtNtBG_6string6StringEECsaHq5tZPZTZc_10nanoda_lib
0000000100001208 t __RINvNtCsf0LoT3TAtAe_4core3ptr9drop_glueINtNtCs8FVZETqzQuY_5alloc3vec3VecNtNtBG_6string6StringEECskAKTUtOaNfB_10nanoda_bin
0000000100058e5c t __RINvNtCsf0LoT3TAtAe_4core3ptr9drop_glueINtNtCs8FVZETqzQuY_5alloc3vec3VecNtNtCsaHq5tZPZTZc_10nanoda_lib14pretty_printer6DocPtrEEB1c_
000000010001ed08 t __RINvNtCsf0LoT3TAtAe_4core3ptr9drop_glueINtNtCs8FVZETqzQuY_5alloc3vec3VecNtNtCsaHq5tZPZTZc_10nanoda_lib3env6DeclarEEB1c_
000000010000fe54 t __RINvNtCsf0LoT3TAtAe_4core3ptr9drop_glueINtNtCs8FVZETqzQuY_5alloc3vec3VecNtNtCsaHq5tZPZTZc_10nanoda_lib6parser11ConstructorEEB1c_
0000000100011118 t __RINvNtCsf0LoT3TAtAe_4core3ptr9drop_glueINtNtCs8FVZETqzQuY_5alloc3vec3VecNtNtCsaHq5tZPZTZc_10nanoda_lib6parser7IndInfoEEB1c_
000000010000fec0 t __RINvNtCsf0LoT3TAtAe_4core3ptr9drop_glueINtNtCs8FVZETqzQuY_5alloc3vec3VecNtNtCsaHq5tZPZTZc_10nanoda_lib6parser8RecursorEEB1c_
000000010001ed68 t __RINvNtCsf0LoT3TAtAe_4core3ptr9drop_glueINtNtCs8FVZETqzQuY_5alloc3vec3VecNtNtCsaHq5tZPZTZc_10nanoda_lib9inductive11IndTyHeaderEEB1c_
0000000100071438 t __RINvNtCsf0LoT3TAtAe_4core3ptr9drop_glueINtNtCs8FVZETqzQuY_5alloc3vec3VecNtNtCsaHq5tZPZTZc_10nanoda_lib9inductive11IndTyHeaderEEB1c_.1397
000000010008e380 t __RINvNtCsf0LoT3TAtAe_4core3ptr9drop_glueINtNtCs8FVZETqzQuY_5alloc3vec3VecNtNtCskVK6E6MebBV_9addr2line4line12LineSequenceEECs8nMiDB8lWwf_3std
0000000100010b40 t __RINvNtCsf0LoT3TAtAe_4core3ptr9drop_glueINtNtCs8FVZETqzQuY_5alloc3vec3VecNtNtCsqfweSlTIyW_10serde_json5value5ValueEECsaHq5tZPZTZc_10nanoda_lib
00000001000a7388 t __RINvNtCsf0LoT3TAtAe_4core3ptr9drop_glueINtNtCs8FVZETqzQuY_5alloc3vec3VecNtNtNtCs8nMiDB8lWwf_3std3ffi6os_str8OsStringEEB1e_
0000000100012578 t __RINvNtCsf0LoT3TAtAe_4core3ptr9drop_glueINtNtCs8FVZETqzQuY_5alloc3vec3VecNtNtNtCsleWiFORkTeD_10serde_core7private7content7ContentEECsaHq5tZPZTZc_10nanoda_lib
0000000100012460 t __RINvNtCsf0LoT3TAtAe_4core3ptr9drop_glueINtNtCs8FVZETqzQuY_5alloc3vec3VecTNtNtNtCsleWiFORkTeD_10serde_core7private7content7ContentB19_EEECsaHq5tZPZTZc_10nanoda_lib
00000001000645c8 t __RINvNtCsf0LoT3TAtAe_4core3ptr9drop_glueINtNtCs8FVZETqzQuY_5alloc4sync3ArcSINtNtCsaHq5tZPZTZc_10nanoda_lib4util3PtrRNtNtB1f_4name4NameEEEB1f_
000000010005c22c t __RINvNtCsf0LoT3TAtAe_4core3ptr9drop_glueINtNtCs8FVZETqzQuY_5alloc4sync8ArcInnerINtNtNtCs8nMiDB8lWwf_3std6thread9lifecycle6PacketuEEECsaHq5tZPZTZc_10nanoda_lib
00000001000982dc t __RINvNtCsf0LoT3TAtAe_4core3ptr9drop_glueINtNtCs8FVZETqzQuY_5alloc4sync8ArcInnerINtNtNtCseAcyr1bdVEo_5gimli4read5dwarf5DwarfINtNtB1j_12endian_slice11EndianSliceNtNtB1l_9endianity12LittleEndianEEEECs8nMiDB8lWwf_3std
0000000100098134 t __RINvNtCsf0LoT3TAtAe_4core3ptr9drop_glueINtNtCs8FVZETqzQuY_5alloc4sync8ArcInnerNtNtNtNtCs8nMiDB8lWwf_3std3sys2fs4unix12InnerReadDirEEB1m_
00000001000a46d8 t __RINvNtCsf0LoT3TAtAe_4core3ptr9drop_glueINtNtCs8FVZETqzQuY_5alloc5boxed3BoxDINtNtNtB4_3ops8function6FnOnceuEp6OutputuNtNtB4_6marker4SendEL_EECs8nMiDB8lWwf_3std
000000010005c150 t __RINvNtCsf0LoT3TAtAe_4core3ptr9drop_glueINtNtCs8FVZETqzQuY_5alloc5boxed3BoxDNtNtB4_3any3AnyNtNtB4_6marker4SendEL_EECsaHq5tZPZTZc_10nanoda_lib
000000010007ae10 t __RINvNtCsf0LoT3TAtAe_4core3ptr9drop_glueINtNtCs8FVZETqzQuY_5alloc5boxed3BoxNtNtCsfU72fc8GLFq_12panic_unwind3imp9ExceptionEEB1e_
00000001000a4428 t __RINvNtCsf0LoT3TAtAe_4core3ptr9drop_glueINtNtCs8FVZETqzQuY_5alloc5boxed3BoxNtNtNtCs8nMiDB8lWwf_3std6thread9lifecycle10ThreadInitEEB1g_
0000000100095f04 t __RINvNtCsf0LoT3TAtAe_4core3ptr9drop_glueINtNtCs8FVZETqzQuY_5alloc5boxed3BoxSINtNtCskVK6E6MebBV_9addr2line8function12LazyFunctionINtNtNtCseAcyr1bdVEo_5gimli4read12endian_slice11EndianSliceNtNtB28_9endianity12LittleEndianEEEECs8nMiDB8lWwf_3std
000000010008e3f0 t __RINvNtCsf0LoT3TAtAe_4core3ptr9drop_glueINtNtCs8FVZETqzQuY_5alloc5boxed3BoxSNtNtBG_6string6StringEECs8nMiDB8lWwf_3std
0000000100097e1c t __RINvNtCsf0LoT3TAtAe_4core3ptr9drop_glueINtNtCskVK6E6MebBV_9addr2line4unit7ResUnitINtNtNtCseAcyr1bdVEo_5gimli4read12endian_slice11EndianSliceNtNtB1o_9endianity12LittleEndianEEECs8nMiDB8lWwf_3std
0000000100097d78 t __RINvNtCsf0LoT3TAtAe_4core3ptr9drop_glueINtNtCskVK6E6MebBV_9addr2line4unit7SupUnitINtNtNtCseAcyr1bdVEo_5gimli4read12endian_slice11EndianSliceNtNtB1o_9endianity12LittleEndianEEECs8nMiDB8lWwf_3std
00000001000978c4 t __RINvNtCsf0LoT3TAtAe_4core3ptr9drop_glueINtNtCskVK6E6MebBV_9addr2line4unit8ResUnitsINtNtNtCseAcyr1bdVEo_5gimli4read12endian_slice11EndianSliceNtNtB1p_9endianity12LittleEndianEEECs8nMiDB8lWwf_3std
0000000100097974 t __RINvNtCsf0LoT3TAtAe_4core3ptr9drop_glueINtNtCskVK6E6MebBV_9addr2line4unit8SupUnitsINtNtNtCseAcyr1bdVEo_5gimli4read12endian_slice11EndianSliceNtNtB1p_9endianity12LittleEndianEEECs8nMiDB8lWwf_3std
0000000100095e28 t __RINvNtCsf0LoT3TAtAe_4core3ptr9drop_glueINtNtCskVK6E6MebBV_9addr2line8function12LazyFunctionINtNtNtCseAcyr1bdVEo_5gimli4read12endian_slice11EndianSliceNtNtB1y_9endianity12LittleEndianEEECs8nMiDB8lWwf_3std
0000000100050adc t __RINvNtCsf0LoT3TAtAe_4core3ptr9drop_glueINtNtCskVSbilJxPKa_9hashbrown10scopeguard10ScopeGuardQNtNtBG_3raw13RawTableInnerNCNvMsa_B1v_B1t_15rehash_in_place0EECsaHq5tZPZTZc_10nanoda_lib
000000010004bfd8 t __RINvNtCsf0LoT3TAtAe_4core3ptr9drop_glueINtNtCsqfweSlTIyW_10serde_json2de12DeserializerINtNtBG_4read6IoReadINtNtNtNtCs8nMiDB8lWwf_3std2io8buffered9bufreader9BufReaderNtNtB1P_2fs4FileEEEECsaHq5tZPZTZc_10nanoda_lib
000000010005ed14 t __RINvNtCsf0LoT3TAtAe_4core3ptr9drop_glueINtNtCsqfweSlTIyW_10serde_json3map3MapNtNtCs8FVZETqzQuY_5alloc6string6StringNtNtBG_5value5ValueEECsaHq5tZPZTZc_10nanoda_lib
00000001000a41d8 t __RINvNtCsf0LoT3TAtAe_4core3ptr9drop_glueINtNtNtB4_3mem10drop_guard9DropGuardQINtNtBG_12maybe_uninit11MaybeUninitNtNtNtNtNtNtNtCs1GBswb0pS55_4libc3new5apple10libpthread3sys8__pthread14__pthread_types14pthread_attr_tENCNvMs0_NtNtNtCs8nMiDB8lWwf_3std3sys6thread4unixNtB3y_6Thread3new0EEB3E_
00000001000a6d04 t __RINvNtCsf0LoT3TAtAe_4core3ptr9drop_glueINtNtNtCs8FVZETqzQuY_5alloc3vec9into_iter8IntoIterINtNtBI_5boxed3BoxDINtNtNtB4_3ops8function6FnOnceuEp6OutputuNtNtB4_6marker4SendEL_EEECs8nMiDB8lWwf_3std
000000010005c1c4 t __RINvNtCsf0LoT3TAtAe_4core3ptr9drop_glueINtNtNtCs8nMiDB8lWwf_3std6thread6scoped16ScopedJoinHandleuEECsaHq5tZPZTZc_10nanoda_lib
000000010008e31c t __RINvNtCsf0LoT3TAtAe_4core3ptr9drop_glueINtNtNtCseAcyr1bdVEo_5gimli4read4line8LineRowsINtNtBG_12endian_slice11EndianSliceNtNtBI_9endianity12LittleEndianEINtBE_21IncompleteLineProgramB1l_jEjEECs8nMiDB8lWwf_3std
0000000100096f84 t __RINvNtCsf0LoT3TAtAe_4core3ptr9drop_glueINtNtNtCseAcyr1bdVEo_5gimli4read5dwarf4UnitINtNtBG_12endian_slice11EndianSliceNtNtBI_9endianity12LittleEndianEjEECs8nMiDB8lWwf_3std
000000010002d084 t __RINvNtCsf0LoT3TAtAe_4core3ptr9drop_glueINtNtNtNtB4_4iter8adapters3zip3ZipINtNtNtCs8FVZETqzQuY_5alloc3vec9into_iter8IntoIterINtNtCsaHq5tZPZTZc_10nanoda_lib4util3PtrRNtNtB22_4expr4ExprEEB19_EEB22_
000000010005ef48 t __RINvNtCsf0LoT3TAtAe_4core3ptr9drop_glueINtNtNtNtCs8FVZETqzQuY_5alloc11collections5btree3map8IntoIterNtNtBK_6string6StringNtNtCsqfweSlTIyW_10serde_json5value5ValueEECsaHq5tZPZTZc_10nanoda_lib
0000000100001278 t __RINvNtCsf0LoT3TAtAe_4core3ptr9drop_glueINtNtNtNtCs8nMiDB8lWwf_3std11collections4hash3map7HashMapINtNtCsaHq5tZPZTZc_10nanoda_lib4util3PtrRNtNtB1B_4name4NameEINtNtBG_3set7HashSetB1w_INtNtB4_4hash18BuildHasherDefaultNtCsfSrsiEmBR8f_10rustc_hash8FxHasherEEB2S_EECskAKTUtOaNfB_10nanoda_bin
0000000100001380 t __RINvNtCsf0LoT3TAtAe_4core3ptr9drop_glueINtNtNtNtCs8nMiDB8lWwf_3std11collections4hash3map7HashMapINtNtCsaHq5tZPZTZc_10nanoda_lib4util3PtrRNtNtB1B_4name4NameENtNtB1B_3env8NotationINtNtB4_4hash18BuildHasherDefaultNtCsfSrsiEmBR8f_10rustc_hash8FxHasherEEECskAKTUtOaNfB_10nanoda_bin
00000001000a66c0 t __RINvNtCsf0LoT3TAtAe_4core3ptr9drop_glueINtNtNtNtCs8nMiDB8lWwf_3std2io8buffered10linewriter10LineWriterNtNtBI_5stdio9StdoutRawEEBK_
0000000100039b20 t __RINvNtCsf0LoT3TAtAe_4core3ptr9drop_glueINtNtNtNtCs8nMiDB8lWwf_3std2io8buffered9bufreader9BufReaderNtNtBK_2fs4FileEECsaHq5tZPZTZc_10nanoda_lib
00000001000a2ccc t __RINvNtCsf0LoT3TAtAe_4core3ptr9drop_glueINtNtNtNtCs8nMiDB8lWwf_3std4sync6poison6rwlock15RwLockReadGuarduEEBK_
000000010000fc7c t __RINvNtCsf0LoT3TAtAe_4core3ptr9drop_glueINtNtNtNtCsbcFOZH0T4Uy_5serde7private2de7content15MapDeserializerNtNtCsqfweSlTIyW_10serde_json5error5ErrorEECsaHq5tZPZTZc_10nanoda_lib
00000001000a21b4 t __RINvNtCsf0LoT3TAtAe_4core3ptr9drop_glueINtNvNtCs8nMiDB8lWwf_3std2io17default_write_fmt7AdapterINtNtNtB4_2io6cursor6CursorQShEEEBI_
000000010005f15c t __RINvNtCsf0LoT3TAtAe_4core3ptr9drop_glueINtNvXsy_NtNtNtCs8FVZETqzQuY_5alloc11collections5btree3mapINtBK_8IntoIterpppENtNtNtB4_3ops4drop4Drop4drop9DropGuardNtNtBQ_6string6StringNtNtCsqfweSlTIyW_10serde_json5value5ValueNtNtBQ_5alloc6GlobalEECsaHq5tZPZTZc_10nanoda_lib
0000000100097560 t __RINvNtCsf0LoT3TAtAe_4core3ptr9drop_glueINtNvXsy_NtNtNtCs8FVZETqzQuY_5alloc11collections5btree3mapINtBK_8IntoIterpppENtNtNtB4_3ops4drop4Drop4drop9DropGuardyINtNtB4_6result6ResultINtNtBQ_4sync3ArcNtNtNtCseAcyr1bdVEo_5gimli4read6abbrev13AbbreviationsENtB3a_5ErrorENtNtBQ_5alloc6GlobalEECs8nMiDB8lWwf_3std
000000010005c314 t __RINvNtCsf0LoT3TAtAe_4core3ptr9drop_glueNCINvNtNtCs8nMiDB8lWwf_3std6thread9lifecycle15spawn_uncheckedNCNCNvMNtCsaHq5tZPZTZc_10nanoda_lib2tcNtNtB1J_4util10ExportFile21check_all_declars_par00uEs_0EB1J_
00000001000a16a0 t __RINvNtCsf0LoT3TAtAe_4core3ptr9drop_glueNCNvNtNtCs8nMiDB8lWwf_3std3sys9backtrace10__print_fmt0EBJ_
00000001000399f0 t __RINvNtCsf0LoT3TAtAe_4core3ptr9drop_glueNtCshadIWLSE2I4_6semver7VersionECsaHq5tZPZTZc_10nanoda_lib
0000000100009bec t __RINvNtCsf0LoT3TAtAe_4core3ptr9drop_glueNtNtCs8FVZETqzQuY_5alloc6string6StringEBF_
00000001000a3c6c t __RINvNtCsf0LoT3TAtAe_4core3ptr9drop_glueNtNtCs8FVZETqzQuY_5alloc6string6StringECs8nMiDB8lWwf_3std
0000000100082224 t __RINvNtCsf0LoT3TAtAe_4core3ptr9drop_glueNtNtCs8FVZETqzQuY_5alloc6string6StringECsqfweSlTIyW_10serde_json
0000000100001488 t __RINvNtCsf0LoT3TAtAe_4core3ptr9drop_glueNtNtCs8nMiDB8lWwf_3std3env4ArgsECskAKTUtOaNfB_10nanoda_bin
0000000100015108 t __RINvNtCsf0LoT3TAtAe_4core3ptr9drop_glueNtNtCsaHq5tZPZTZc_10nanoda_lib2tc11TypeCheckerEBF_
00000001000321f0 t __RINvNtCsf0LoT3TAtAe_4core3ptr9drop_glueNtNtCsaHq5tZPZTZc_10nanoda_lib3env12RecursorDataEBF_
000000010006380c t __RINvNtCsf0LoT3TAtAe_4core3ptr9drop_glueNtNtCsaHq5tZPZTZc_10nanoda_lib3env6DeclarEBF_.1111
0000000100001510 t __RINvNtCsf0LoT3TAtAe_4core3ptr9drop_glueNtNtCsaHq5tZPZTZc_10nanoda_lib4util10ExportFileECskAKTUtOaNfB_10nanoda_bin
000000010001d1f8 t __RINvNtCsf0LoT3TAtAe_4core3ptr9drop_glueNtNtCsaHq5tZPZTZc_10nanoda_lib4util5TcCtxEBF_
0000000100025b08 t __RINvNtCsf0LoT3TAtAe_4core3ptr9drop_glueNtNtCsaHq5tZPZTZc_10nanoda_lib4util6ConfigEBF_
0000000100001828 t __RINvNtCsf0LoT3TAtAe_4core3ptr9drop_glueNtNtCsaHq5tZPZTZc_10nanoda_lib4util6ConfigECskAKTUtOaNfB_10nanoda_bin
000000010001d320 t __RINvNtCsf0LoT3TAtAe_4core3ptr9drop_glueNtNtCsaHq5tZPZTZc_10nanoda_lib4util7LeanDagEBF_
000000010000ff4c t __RINvNtCsf0LoT3TAtAe_4core3ptr9drop_glueNtNtCsaHq5tZPZTZc_10nanoda_lib6parser12ExporterMetaEBF_
000000010000fa04 t __RINvNtCsf0LoT3TAtAe_4core3ptr9drop_glueNtNtCsaHq5tZPZTZc_10nanoda_lib6parser13ExportJsonValEBF_
000000010003955c t __RINvNtCsf0LoT3TAtAe_4core3ptr9drop_glueNtNtCsaHq5tZPZTZc_10nanoda_lib6parser13ExportJsonValEBF_.307
000000010004cd40 t __RINvNtCsf0LoT3TAtAe_4core3ptr9drop_glueNtNtCsaHq5tZPZTZc_10nanoda_lib6parser13ExportJsonValEBF_.575
00000001000127e0 t __RINvNtCsf0LoT3TAtAe_4core3ptr9drop_glueNtNtCsaHq5tZPZTZc_10nanoda_lib6parser7IndInfoEBF_
000000010000fce0 t __RINvNtCsf0LoT3TAtAe_4core3ptr9drop_glueNtNtCsaHq5tZPZTZc_10nanoda_lib6parser8FileMetaEBF_
0000000100038e24 t __RINvNtCsf0LoT3TAtAe_4core3ptr9drop_glueNtNtCsaHq5tZPZTZc_10nanoda_lib6parser8FileMetaEBF_.301
000000010001e514 t __RINvNtCsf0LoT3TAtAe_4core3ptr9drop_glueNtNtCsaHq5tZPZTZc_10nanoda_lib9inductive19InductiveCheckStateEBF_
000000010007ad88 t __RINvNtCsf0LoT3TAtAe_4core3ptr9drop_glueNtNtCsfU72fc8GLFq_12panic_unwind3imp9ExceptionEBF_
000000010009e248 t __RINvNtCsf0LoT3TAtAe_4core3ptr9drop_glueNtNtCshNmMiv247NE_6object4read9ObjectMapECs8nMiDB8lWwf_3std
0000000100027054 t __RINvNtCsf0LoT3TAtAe_4core3ptr9drop_glueNtNtCsqfweSlTIyW_10serde_json5error5ErrorECsaHq5tZPZTZc_10nanoda_lib
000000010004d22c t __RINvNtCsf0LoT3TAtAe_4core3ptr9drop_glueNtNtCsqfweSlTIyW_10serde_json5error5ErrorECsaHq5tZPZTZc_10nanoda_lib.581
0000000100082880 t __RINvNtCsf0LoT3TAtAe_4core3ptr9drop_glueNtNtCsqfweSlTIyW_10serde_json5error9ErrorCodeEBF_
00000001000830d4 t __RINvNtCsf0LoT3TAtAe_4core3ptr9drop_glueNtNtCsqfweSlTIyW_10serde_json5error9ErrorImplEBF_
000000010000fd68 t __RINvNtCsf0LoT3TAtAe_4core3ptr9drop_glueNtNtCsqfweSlTIyW_10serde_json5value5ValueECsaHq5tZPZTZc_10nanoda_lib
0000000100071900 t __RINvNtCsf0LoT3TAtAe_4core3ptr9drop_glueNtNtCsqfweSlTIyW_10serde_json5value5ValueECsaHq5tZPZTZc_10nanoda_lib.1475
000000010005edd0 t __RINvNtCsf0LoT3TAtAe_4core3ptr9drop_glueNtNtCsqfweSlTIyW_10serde_json5value5ValueECsaHq5tZPZTZc_10nanoda_lib.955
0000000100085b5c t __RINvNtCsf0LoT3TAtAe_4core3ptr9drop_glueNtNtNtB4_2io5error5ErrorECs8nMiDB8lWwf_3std
00000001000a3128 t __RINvNtCsf0LoT3TAtAe_4core3ptr9drop_glueNtNtNtCs8FVZETqzQuY_5alloc3ffi5c_str8NulErrorECs8nMiDB8lWwf_3std
00000001000a81a0 t __RINvNtCsf0LoT3TAtAe_4core3ptr9drop_glueNtNtNtCs8nMiDB8lWwf_3std3ffi6os_str8OsStringEBH_
000000010008600c t __RINvNtCsf0LoT3TAtAe_4core3ptr9drop_glueNtNtNtCs8nMiDB8lWwf_3std3sys9backtrace13BacktraceLockEBH_
000000010005c38c t __RINvNtCsf0LoT3TAtAe_4core3ptr9drop_glueNtNtNtCs8nMiDB8lWwf_3std6thread9lifecycle10ThreadInitECsaHq5tZPZTZc_10nanoda_lib
00000001000a8120 t __RINvNtCsf0LoT3TAtAe_4core3ptr9drop_glueNtNtNtCs8nMiDB8lWwf_3std6thread9spawnhook10SpawnHooksEBH_
000000010005c414 t __RINvNtCsf0LoT3TAtAe_4core3ptr9drop_glueNtNtNtCs8nMiDB8lWwf_3std6thread9spawnhook15ChildSpawnHooksECsaHq5tZPZTZc_10nanoda_lib
0000000100097120 t __RINvNtCsf0LoT3TAtAe_4core3ptr9drop_glueNtNtNtCseAcyr1bdVEo_5gimli4read6abbrev13AbbreviationsECs8nMiDB8lWwf_3std
0000000100097320 t __RINvNtCsf0LoT3TAtAe_4core3ptr9drop_glueNtNtNtCseAcyr1bdVEo_5gimli4read6abbrev18AbbreviationsCacheECs8nMiDB8lWwf_3std
000000010000f614 t __RINvNtCsf0LoT3TAtAe_4core3ptr9drop_glueNtNtNtCsleWiFORkTeD_10serde_core7private7content7ContentECsaHq5tZPZTZc_10nanoda_lib
0000000100071578 t __RINvNtCsf0LoT3TAtAe_4core3ptr9drop_glueNtNtNtCsleWiFORkTeD_10serde_core7private7content7ContentECsaHq5tZPZTZc_10nanoda_lib.1441
00000001000b27fc t __RINvNtCsf0LoT3TAtAe_4core3ptr9drop_glueNtNtNtNtCs8nMiDB8lWwf_3std12backtrace_rs9backtrace9libunwind4BombEBJ_
000000010008cbb4 t __RINvNtCsf0LoT3TAtAe_4core3ptr9drop_glueNtNtNtNtCs8nMiDB8lWwf_3std12backtrace_rs9symbolize5gimli7ContextEBJ_
0000000100097a9c t __RINvNtCsf0LoT3TAtAe_4core3ptr9drop_glueNtNtNtNtNtCs8nMiDB8lWwf_3std12backtrace_rs9symbolize5gimli5macho6ObjectEBL_
000000010008923c t __RINvNtCsf0LoT3TAtAe_4core3ptr9drop_glueNtNtNtNtNtCs8nMiDB8lWwf_3std12backtrace_rs9symbolize5gimli5stash5StashEBL_
00000001000a4748 t __RINvNtCsf0LoT3TAtAe_4core3ptr9drop_glueNtNtNtNtNtCs8nMiDB8lWwf_3std3sys3pal4unix14stack_overflow7HandlerEBL_
0000000100085b84 t __RINvNtCsf0LoT3TAtAe_4core3ptr9drop_glueNtNtNtNtNtNtCs8nMiDB8lWwf_3std3sys3pal4unix4sync5mutex9AttrGuardEBN_
00000001000a68c8 t __RINvNtCsf0LoT3TAtAe_4core3ptr9drop_glueNtNvMs_NtNtNtCs8nMiDB8lWwf_3std2io8buffered9bufwriterINtBI_9BufWriterpE9flush_buf8BufGuardEBO_
00000001000a7558 t __RINvNtCsf0LoT3TAtAe_4core3ptr9drop_glueNtNvNtCs8nMiDB8lWwf_3std9panicking13resume_unwind9RewrapBoxEBH_
0000000100009f58 t __RINvNtCsf0LoT3TAtAe_4core3ptr9drop_glueNtNvXsf_NtNtCs8FVZETqzQuY_5alloc5boxed7convertINtBL_3BoxDNtNtB4_5error5ErrorNtNtB4_6marker4SendNtB1R_4SyncEL_EINtNtB4_7convert4FromNtNtBN_6string6StringE4from11StringErrorEBN_
00000001000a0c28 t __RINvNtCsf0LoT3TAtAe_4core3ptr9drop_glueNtNvXsf_NtNtCs8FVZETqzQuY_5alloc5boxed7convertINtBL_3BoxDNtNtB4_5error5ErrorNtNtB4_6marker4SendNtB1R_4SyncEL_EINtNtB4_7convert4FromNtNtBN_6string6StringE4from11StringErrorECs8nMiDB8lWwf_3std
0000000100097c1c t __RINvNtCsf0LoT3TAtAe_4core3ptr9drop_glueSINtNtB4_6option6OptionIBD_NtNtNtNtCs8nMiDB8lWwf_3std12backtrace_rs9symbolize5gimli7MappingEEEB1a_
000000010005f1c8 t __RINvNtCsf0LoT3TAtAe_4core3ptr9drop_glueTNtNtCs8FVZETqzQuY_5alloc6string6StringNtNtCsqfweSlTIyW_10serde_json5value5ValueEECsaHq5tZPZTZc_10nanoda_lib
000000010001253c t __RINvNtCsf0LoT3TAtAe_4core3ptr9drop_glueTNtNtNtCsleWiFORkTeD_10serde_core7private7content7ContentBC_EECsaHq5tZPZTZc_10nanoda_lib
0000000100071794 t __RINvNtCsf0LoT3TAtAe_4core3ptr9drop_glueTNtNtNtCsleWiFORkTeD_10serde_core7private7content7ContentBC_EECsaHq5tZPZTZc_10nanoda_lib.1443
00000001000b0e14 t __RINvNtCsf0LoT3TAtAe_4core9panicking13assert_failedINtNtCsaHq5tZPZTZc_10nanoda_lib4util3PtrRNtNtBR_4name4NameEBM_EBR_
00000001000b0e34 t __RINvNtCsf0LoT3TAtAe_4core9panicking13assert_failedRNtNtCsaHq5tZPZTZc_10nanoda_lib3env6DeclarBM_EBR_
00000001000b0e64 t __RINvNtCsf0LoT3TAtAe_4core9panicking13assert_failedRNtNtCsaHq5tZPZTZc_10nanoda_lib3env7RecRuleBM_EBR_
00000001000b0e94 t __RINvNtCsf0LoT3TAtAe_4core9panicking13assert_failedbbECsaHq5tZPZTZc_10nanoda_lib
00000001000a90c4 t __RINvNtCsf0LoT3TAtAe_4core9panicking13assert_failedjjEB4_
00000001000b27c4 t __RINvNtCsf0LoT3TAtAe_4core9panicking13assert_failedllECs8nMiDB8lWwf_3std
00000001000b0eb8 t __RINvNtCsf0LoT3TAtAe_4core9panicking13assert_failedttECsaHq5tZPZTZc_10nanoda_lib
00000001000a90e4 t __RINvNtCsf0LoT3TAtAe_4core9panicking13assert_failedyyEB4_
000000010008e674 t __RINvNtCskVK6E6MebBV_9addr2line4line11render_fileINtNtNtCseAcyr1bdVEo_5gimli4read12endian_slice11EndianSliceNtNtBR_9endianity12LittleEndianEECs8nMiDB8lWwf_3std
0000000100094554 t __RINvNtCskVK6E6MebBV_9addr2line8function10name_entryINtNtNtCseAcyr1bdVEo_5gimli4read12endian_slice11EndianSliceNtNtBU_9endianity12LittleEndianEECs8nMiDB8lWwf_3std
0000000100093144 t __RINvNtCskVK6E6MebBV_9addr2line8function9name_attrINtNtNtCseAcyr1bdVEo_5gimli4read12endian_slice11EndianSliceNtNtBS_9endianity12LittleEndianEECs8nMiDB8lWwf_3std
000000010004c094 t __RINvNtCsqfweSlTIyW_10serde_json2de10from_traitNtNtB4_4read7StrReadNtNtCsaHq5tZPZTZc_10nanoda_lib6parser16ExportJsonObjectEB16_
00000001000b023c t __RINvNtCsqfweSlTIyW_10serde_json4read20parse_unicode_escapeINtB2_6IoReadINtNtNtNtCs8nMiDB8lWwf_3std2io8buffered9bufreader9BufReaderNtNtB1g_2fs4FileEEECsaHq5tZPZTZc_10nanoda_lib
00000001000b147c t __RINvNtCsqfweSlTIyW_10serde_json4read20parse_unicode_escapeNtB2_9SliceReadEB4_
00000001000b18d4 t __RINvNtCsqfweSlTIyW_10serde_json4read5errorNtB2_9SliceReadINtB2_9ReferenceeEEB4_
00000001000b136c t __RINvNtCsqfweSlTIyW_10serde_json4read5errorNtB2_9SliceReadhEB4_
00000001000b13d4 t __RINvNtCsqfweSlTIyW_10serde_json4read5errorNtB2_9SliceReadtEB4_
00000001000b1314 t __RINvNtCsqfweSlTIyW_10serde_json4read5errorNtB2_9SliceReaduEB4_
000000010005d8e0 t __RINvNtNtCs8FVZETqzQuY_5alloc3vec16in_place_collect18from_iter_in_placeINtNtNtNtCsf0LoT3TAtAe_4core4iter8adapters4skip4SkipINtNtB4_9into_iter8IntoIterINtNtCsaHq5tZPZTZc_10nanoda_lib4util3PtrRNtNtB2s_4expr4ExprEEEB2n_EB2s_
0000000100084c54 t __RINvNtNtCs8nMiDB8lWwf_3std3sys9backtrace26___rust_end_short_backtraceNCINvNtB6_9panicking11begin_panicReE0zEB6_
00000001000b5bf8 t __RINvNtNtCs8nMiDB8lWwf_3std3sys9backtrace26___rust_end_short_backtraceNCNvNtB6_5alloc8rust_oom0zEB6_
00000001000a3a1c t __RINvNtNtCs8nMiDB8lWwf_3std3sys9backtrace26___rust_end_short_backtraceNCNvNtB6_9panicking13panic_handler0zEB6_
0000000100001930 t __RINvNtNtCs8nMiDB8lWwf_3std3sys9backtrace28___rust_begin_short_backtraceFEINtNtCsf0LoT3TAtAe_4core6result6ResultuNtCskAKTUtOaNfB_10nanoda_bin9MainErrorEB19_EB1O_
000000010005f5ac t __RINvNtNtCs8nMiDB8lWwf_3std3sys9backtrace28___rust_begin_short_backtraceNCNCNCINvNtNtB6_6thread9lifecycle15spawn_uncheckedNCNCNvMNtCsaHq5tZPZTZc_10nanoda_lib2tcNtNtB24_4util10ExportFile21check_all_declars_par00uEs_000uEB24_
000000010005f754 t __RINvNtNtCs8nMiDB8lWwf_3std3sys9backtrace28___rust_begin_short_backtraceNCNCNvMNtCsaHq5tZPZTZc_10nanoda_lib2tcNtNtB1g_4util10ExportFile21check_all_declars_par00uEB1g_
000000010009b42c t __RINvNtNtCseAcyr1bdVEo_5gimli4read4line13parse_file_v5INtNtB4_12endian_slice11EndianSliceNtNtB6_9endianity12LittleEndianEECs8nMiDB8lWwf_3std
000000010009b8bc t __RINvNtNtCseAcyr1bdVEo_5gimli4read4line15parse_attributeINtNtB4_12endian_slice11EndianSliceNtNtB6_9endianity12LittleEndianEECs8nMiDB8lWwf_3std
000000010009b348 t __RINvNtNtCseAcyr1bdVEo_5gimli4read4line18parse_directory_v5INtNtB4_12endian_slice11EndianSliceNtNtB6_9endianity12LittleEndianEECs8nMiDB8lWwf_3std
0000000100090778 t __RINvNtNtCseAcyr1bdVEo_5gimli4read4unit15parse_attributeINtNtB4_12endian_slice11EndianSliceNtNtB6_9endianity12LittleEndianEECs8nMiDB8lWwf_3std
0000000100094a3c t __RINvNtNtCseAcyr1bdVEo_5gimli4read4unit15skip_attributesINtNtB4_12endian_slice11EndianSliceNtNtB6_9endianity12LittleEndianEECs8nMiDB8lWwf_3std
0000000100080d24 t __RINvNtNtCsf0LoT3TAtAe_4core3str11validations15next_code_pointINtNtNtB6_5slice4iter4IterhEECshadIWLSE2I4_6semver
00000001000b5748 t __RINvNtNtNtCs8nMiDB8lWwf_3std3sys7helpers14small_c_string24run_with_cstr_allocatingNtNtNtB6_2fs4unix4FileEB8_
00000001000b5438 t __RINvNtNtNtCs8nMiDB8lWwf_3std3sys7helpers14small_c_string24run_with_cstr_allocatingONtNtCs1GBswb0pS55_4libc4unix3DIREB8_
000000010009e080 t __RINvNtNtNtCsf0LoT3TAtAe_4core5slice4sort6stable14driftsort_mainNtNtCshNmMiv247NE_6object4read14ObjectMapEntryNCINvMNtCs8FVZETqzQuY_5alloc5sliceSBZ_11sort_by_keyyNCNvMs7_B11_INtB11_9SymbolMapBZ_E3new0E0INtNtB1R_3vec3VecBZ_EECs8nMiDB8lWwf_3std
000000010008e44c t __RINvNtNtNtCsf0LoT3TAtAe_4core5slice4sort6stable14driftsort_mainNtNtCskVK6E6MebBV_9addr2line4line12LineSequenceNCINvMNtCs8FVZETqzQuY_5alloc5sliceSBZ_11sort_by_keyyNCINvMs_B11_NtB11_5Lines5parseINtNtNtCseAcyr1bdVEo_5gimli4read12endian_slice11EndianSliceNtNtB3b_9endianity12LittleEndianEEs_0E0INtNtB1S_3vec3VecBZ_EECs8nMiDB8lWwf_3std
0000000100098b2c t __RINvNtNtNtCsf0LoT3TAtAe_4core5slice4sort6stable14driftsort_mainNtNtCskVK6E6MebBV_9addr2line4unit9UnitRangeNCINvMNtCs8FVZETqzQuY_5alloc5sliceSBZ_11sort_by_keyyNCNvMs_B11_INtB11_8ResUnitsINtNtNtCseAcyr1bdVEo_5gimli4read12endian_slice11EndianSliceNtNtB34_9endianity12LittleEndianEE5parses2_0E0INtNtB1O_3vec3VecBZ_EECs8nMiDB8lWwf_3std
0000000100095d18 t __RINvNtNtNtCsf0LoT3TAtAe_4core5slice4sort6stable14driftsort_mainNtNtCskVK6E6MebBV_9addr2line8function15FunctionAddressNCINvMNtCs8FVZETqzQuY_5alloc5sliceSBZ_11sort_by_keyyNCNvMs0_B11_INtB11_9FunctionsINtNtNtCseAcyr1bdVEo_5gimli4read12endian_slice11EndianSliceNtNtB3h_9endianity12LittleEndianEE5parses_0E0INtNtB1Z_3vec3VecBZ_EECs8nMiDB8lWwf_3std
00000001000933c8 t __RINvNtNtNtCsf0LoT3TAtAe_4core5slice4sort6stable14driftsort_mainNtNtCskVK6E6MebBV_9addr2line8function22InlinedFunctionAddressNCINvMNtCs8FVZETqzQuY_5alloc5sliceSBZ_7sort_byNCNvMs1_B11_INtB11_8FunctionINtNtNtCseAcyr1bdVEo_5gimli4read12endian_slice11EndianSliceNtNtB3h_9endianity12LittleEndianEE5parse0E0INtNtB26_3vec3VecBZ_EECs8nMiDB8lWwf_3std
00000001000985f4 t __RINvNtNtNtCsf0LoT3TAtAe_4core5slice4sort6stable14driftsort_mainTNtNtCseAcyr1bdVEo_5gimli6common15DebugInfoOffsetNtB12_18DebugArangesOffsetENCINvMNtCs8FVZETqzQuY_5alloc5sliceSBZ_11sort_by_keyB10_NCNvMs_NtCskVK6E6MebBV_9addr2line4unitINtB3d_8ResUnitsINtNtNtB14_4read12endian_slice11EndianSliceNtNtB14_9endianity12LittleEndianEE5parse0E0INtNtB2l_3vec3VecBZ_EECs8nMiDB8lWwf_3std
000000010009de18 t __RINvNtNtNtCsf0LoT3TAtAe_4core5slice4sort8unstable7ipnsortTRShyENCINvMB6_SBT_20sort_unstable_by_keyBU_NCNvMs_NtNtNtNtCs8nMiDB8lWwf_3std12backtrace_rs9symbolize5gimli5machoNtB1I_6Object5parses_0E0EB1Q_
000000010009dd54 t __RINvNtNtNtCsf0LoT3TAtAe_4core5slice4sort8unstable7ipnsortTRShyENCINvMB6_SBT_20sort_unstable_by_keyyNCNvMs_NtNtNtNtCs8nMiDB8lWwf_3std12backtrace_rs9symbolize5gimli5machoNtB1G_6Object5parses0_0E0EB1O_
00000001000a69e8 t __RINvNtNtNtNtCs8nMiDB8lWwf_3std3sys12thread_local6native5eager7destroyINtNtCsf0LoT3TAtAe_4core4cell4CellNtNtNtBa_6thread9spawnhook10SpawnHooksEEBa_
000000010009eff8 t __RINvNtNtNtNtCsf0LoT3TAtAe_4core5slice4sort6shared5pivot11median3_recNtNtCshNmMiv247NE_6object4read14ObjectMapEntryNCINvMNtCs8FVZETqzQuY_5alloc5sliceSB14_11sort_by_keyyNCNvMs7_B16_INtB16_9SymbolMapB14_E3new0E0ECs8nMiDB8lWwf_3std
000000010008f9ec t __RINvNtNtNtNtCsf0LoT3TAtAe_4core5slice4sort6shared5pivot11median3_recNtNtCskVK6E6MebBV_9addr2line4line12LineSequenceNCINvMNtCs8FVZETqzQuY_5alloc5sliceSB14_11sort_by_keyyNCINvMs_B16_NtB16_5Lines5parseINtNtNtCseAcyr1bdVEo_5gimli4read12endian_slice11EndianSliceNtNtB3h_9endianity12LittleEndianEEs_0E0ECs8nMiDB8lWwf_3std
000000010009cbec t __RINvNtNtNtNtCsf0LoT3TAtAe_4core5slice4sort6shared5pivot11median3_recNtNtCskVK6E6MebBV_9addr2line4unit9UnitRangeNCINvMNtCs8FVZETqzQuY_5alloc5sliceSB14_11sort_by_keyyNCNvMs_B16_INtB16_8ResUnitsINtNtNtCseAcyr1bdVEo_5gimli4read12endian_slice11EndianSliceNtNtB3a_9endianity12LittleEndianEE5parses2_0E0ECs8nMiDB8lWwf_3std
0000000100096dac t __RINvNtNtNtNtCsf0LoT3TAtAe_4core5slice4sort6shared5pivot11median3_recNtNtCskVK6E6MebBV_9addr2line8function15FunctionAddressNCINvMNtCs8FVZETqzQuY_5alloc5sliceSB14_11sort_by_keyyNCNvMs0_B16_INtB16_9FunctionsINtNtNtCseAcyr1bdVEo_5gimli4read12endian_slice11EndianSliceNtNtB3n_9endianity12LittleEndianEE5parses_0E0ECs8nMiDB8lWwf_3std
000000010009443c t __RINvNtNtNtNtCsf0LoT3TAtAe_4core5slice4sort6shared5pivot11median3_recNtNtCskVK6E6MebBV_9addr2line8function22InlinedFunctionAddressNCINvMNtCs8FVZETqzQuY_5alloc5sliceSB14_7sort_byNCNvMs1_B16_INtB16_8FunctionINtNtNtCseAcyr1bdVEo_5gimli4read12endian_slice11EndianSliceNtNtB3n_9endianity12LittleEndianEE5parse0E0ECs8nMiDB8lWwf_3std
000000010009dc20 t __RINvNtNtNtNtCsf0LoT3TAtAe_4core5slice4sort6shared5pivot11median3_recTNtNtCseAcyr1bdVEo_5gimli6common15DebugInfoOffsetNtB17_18DebugArangesOffsetENCINvMNtCs8FVZETqzQuY_5alloc5sliceSB14_11sort_by_keyB15_NCNvMs_NtCskVK6E6MebBV_9addr2line4unitINtB3j_8ResUnitsINtNtNtB19_4read12endian_slice11EndianSliceNtNtB19_9endianity12LittleEndianEE5parse0E0ECs8nMiDB8lWwf_3std
000000010009fafc t __RINvNtNtNtNtCsf0LoT3TAtAe_4core5slice4sort6shared5pivot11median3_recTRShyENCINvMB8_SB14_20sort_unstable_by_keyB15_NCNvMs_NtNtNtNtCs8nMiDB8lWwf_3std12backtrace_rs9symbolize5gimli5machoNtB1V_6Object5parses_0E0EB23_
00000001000a0714 t __RINvNtNtNtNtCsf0LoT3TAtAe_4core5slice4sort6shared5pivot11median3_recTRShyENCINvMB8_SB14_20sort_unstable_by_keyyNCNvMs_NtNtNtNtCs8nMiDB8lWwf_3std12backtrace_rs9symbolize5gimli5machoNtB1S_6Object5parses0_0E0EB20_
00000001000942c0 t __RINvNtNtNtNtCsf0LoT3TAtAe_4core5slice4sort6shared9smallsort12sort4_stableNtNtCskVK6E6MebBV_9addr2line8function22InlinedFunctionAddressNCINvMNtCs8FVZETqzQuY_5alloc5sliceSB19_7sort_byNCNvMs1_B1b_INtB1b_8FunctionINtNtNtCseAcyr1bdVEo_5gimli4read12endian_slice11EndianSliceNtNtB3s_9endianity12LittleEndianEE5parse0E0ECs8nMiDB8lWwf_3std
000000010009fc30 t __RINvNtNtNtNtCsf0LoT3TAtAe_4core5slice4sort6shared9smallsort12sort4_stableTRShyENCINvMB8_SB19_20sort_unstable_by_keyB1a_NCNvMs_NtNtNtNtCs8nMiDB8lWwf_3std12backtrace_rs9symbolize5gimli5machoNtB20_6Object5parses_0E0EB28_
000000010009d968 t __RINvNtNtNtNtCsf0LoT3TAtAe_4core5slice4sort6shared9smallsort12sort8_stableTNtNtCseAcyr1bdVEo_5gimli6common15DebugInfoOffsetNtB1c_18DebugArangesOffsetENCINvMNtCs8FVZETqzQuY_5alloc5sliceSB19_11sort_by_keyB1a_NCNvMs_NtCskVK6E6MebBV_9addr2line4unitINtB3o_8ResUnitsINtNtNtB1e_4read12endian_slice11EndianSliceNtNtB1e_9endianity12LittleEndianEE5parse0E0ECs8nMiDB8lWwf_3std
000000010009f5b8 t __RINvNtNtNtNtCsf0LoT3TAtAe_4core5slice4sort6shared9smallsort18small_sort_generalTRShyENCINvMB8_SB1f_20sort_unstable_by_keyB1g_NCNvMs_NtNtNtNtCs8nMiDB8lWwf_3std12backtrace_rs9symbolize5gimli5machoNtB26_6Object5parses_0E0EB2e_
00000001000a0180 t __RINvNtNtNtNtCsf0LoT3TAtAe_4core5slice4sort6shared9smallsort18small_sort_generalTRShyENCINvMB8_SB1f_20sort_unstable_by_keyyNCNvMs_NtNtNtNtCs8nMiDB8lWwf_3std12backtrace_rs9symbolize5gimli5machoNtB23_6Object5parses0_0E0EB2b_
000000010009e190 t __RINvNtNtNtNtCsf0LoT3TAtAe_4core5slice4sort6shared9smallsort25insertion_sort_shift_leftNtNtCshNmMiv247NE_6object4read14ObjectMapEntryNCINvMNtCs8FVZETqzQuY_5alloc5sliceSB1m_11sort_by_keyyNCNvMs7_B1o_INtB1o_9SymbolMapB1m_E3new0E0ECs8nMiDB8lWwf_3std
000000010008e560 t __RINvNtNtNtNtCsf0LoT3TAtAe_4core5slice4sort6shared9smallsort25insertion_sort_shift_leftNtNtCskVK6E6MebBV_9addr2line4line12LineSequenceNCINvMNtCs8FVZETqzQuY_5alloc5sliceSB1m_11sort_by_keyyNCINvMs_B1o_NtB1o_5Lines5parseINtNtNtCseAcyr1bdVEo_5gimli4read12endian_slice11EndianSliceNtNtB3z_9endianity12LittleEndianEEs_0E0ECs8nMiDB8lWwf_3std
00000001000934cc t __RINvNtNtNtNtCsf0LoT3TAtAe_4core5slice4sort6shared9smallsort25insertion_sort_shift_leftNtNtCskVK6E6MebBV_9addr2line8function22InlinedFunctionAddressNCINvMNtCs8FVZETqzQuY_5alloc5sliceSB1m_7sort_byNCNvMs1_B1o_INtB1o_8FunctionINtNtNtCseAcyr1bdVEo_5gimli4read12endian_slice11EndianSliceNtNtB3F_9endianity12LittleEndianEE5parse0E0ECs8nMiDB8lWwf_3std
000000010009df8c t __RINvNtNtNtNtCsf0LoT3TAtAe_4core5slice4sort6shared9smallsort25insertion_sort_shift_leftTRShyENCINvMB8_SB1m_20sort_unstable_by_keyB1n_NCNvMs_NtNtNtNtCs8nMiDB8lWwf_3std12backtrace_rs9symbolize5gimli5machoNtB2d_6Object5parses_0E0EB2l_
000000010009e2d8 t __RINvNtNtNtNtCsf0LoT3TAtAe_4core5slice4sort6stable5drift4sortNtNtCshNmMiv247NE_6object4read14ObjectMapEntryNCINvMNtCs8FVZETqzQuY_5alloc5sliceSBW_11sort_by_keyyNCNvMs7_BY_INtBY_9SymbolMapBW_E3new0E0ECs8nMiDB8lWwf_3std
000000010008ee60 t __RINvNtNtNtNtCsf0LoT3TAtAe_4core5slice4sort6stable5drift4sortNtNtCskVK6E6MebBV_9addr2line4line12LineSequenceNCINvMNtCs8FVZETqzQuY_5alloc5sliceSBW_11sort_by_keyyNCINvMs_BY_NtBY_5Lines5parseINtNtNtCseAcyr1bdVEo_5gimli4read12endian_slice11EndianSliceNtNtB36_9endianity12LittleEndianEEs_0E0ECs8nMiDB8lWwf_3std
000000010009c058 t __RINvNtNtNtNtCsf0LoT3TAtAe_4core5slice4sort6stable5drift4sortNtNtCskVK6E6MebBV_9addr2line4unit9UnitRangeNCINvMNtCs8FVZETqzQuY_5alloc5sliceSBW_11sort_by_keyyNCNvMs_BY_INtBY_8ResUnitsINtNtNtCseAcyr1bdVEo_5gimli4read12endian_slice11EndianSliceNtNtB2Z_9endianity12LittleEndianEE5parses2_0E0ECs8nMiDB8lWwf_3std
00000001000960c0 t __RINvNtNtNtNtCsf0LoT3TAtAe_4core5slice4sort6stable5drift4sortNtNtCskVK6E6MebBV_9addr2line8function15FunctionAddressNCINvMNtCs8FVZETqzQuY_5alloc5sliceSBW_11sort_by_keyyNCNvMs0_BY_INtBY_9FunctionsINtNtNtCseAcyr1bdVEo_5gimli4read12endian_slice11EndianSliceNtNtB3c_9endianity12LittleEndianEE5parses_0E0ECs8nMiDB8lWwf_3std
00000001000935d4 t __RINvNtNtNtNtCsf0LoT3TAtAe_4core5slice4sort6stable5drift4sortNtNtCskVK6E6MebBV_9addr2line8function22InlinedFunctionAddressNCINvMNtCs8FVZETqzQuY_5alloc5sliceSBW_7sort_byNCNvMs1_BY_INtBY_8FunctionINtNtNtCseAcyr1bdVEo_5gimli4read12endian_slice11EndianSliceNtNtB3c_9endianity12LittleEndianEE5parse0E0ECs8nMiDB8lWwf_3std
000000010009ccb8 t __RINvNtNtNtNtCsf0LoT3TAtAe_4core5slice4sort6stable5drift4sortTNtNtCseAcyr1bdVEo_5gimli6common15DebugInfoOffsetNtBZ_18DebugArangesOffsetENCINvMNtCs8FVZETqzQuY_5alloc5sliceSBW_11sort_by_keyBX_NCNvMs_NtCskVK6E6MebBV_9addr2line4unitINtB38_8ResUnitsINtNtNtB11_4read12endian_slice11EndianSliceNtNtB11_9endianity12LittleEndianEE5parse0E0ECs8nMiDB8lWwf_3std
000000010009e808 t __RINvNtNtNtNtCsf0LoT3TAtAe_4core5slice4sort6stable9quicksort9quicksortNtNtCshNmMiv247NE_6object4read14ObjectMapEntryNCINvMNtCs8FVZETqzQuY_5alloc5sliceSB15_11sort_by_keyyNCNvMs7_B17_INtB17_9SymbolMapB15_E3new0E0ECs8nMiDB8lWwf_3std
000000010008f344 t __RINvNtNtNtNtCsf0LoT3TAtAe_4core5slice4sort6stable9quicksort9quicksortNtNtCskVK6E6MebBV_9addr2line4line12LineSequenceNCINvMNtCs8FVZETqzQuY_5alloc5sliceSB15_11sort_by_keyyNCINvMs_B17_NtB17_5Lines5parseINtNtNtCseAcyr1bdVEo_5gimli4read12endian_slice11EndianSliceNtNtB3i_9endianity12LittleEndianEEs_0E0ECs8nMiDB8lWwf_3std
000000010009c53c t __RINvNtNtNtNtCsf0LoT3TAtAe_4core5slice4sort6stable9quicksort9quicksortNtNtCskVK6E6MebBV_9addr2line4unit9UnitRangeNCINvMNtCs8FVZETqzQuY_5alloc5sliceSB15_11sort_by_keyyNCNvMs_B17_INtB17_8ResUnitsINtNtNtCseAcyr1bdVEo_5gimli4read12endian_slice11EndianSliceNtNtB3b_9endianity12LittleEndianEE5parses2_0E0ECs8nMiDB8lWwf_3std
00000001000965e8 t __RINvNtNtNtNtCsf0LoT3TAtAe_4core5slice4sort6stable9quicksort9quicksortNtNtCskVK6E6MebBV_9addr2line8function15FunctionAddressNCINvMNtCs8FVZETqzQuY_5alloc5sliceSB15_11sort_by_keyyNCNvMs0_B17_INtB17_9FunctionsINtNtNtCseAcyr1bdVEo_5gimli4read12endian_slice11EndianSliceNtNtB3o_9endianity12LittleEndianEE5parses_0E0ECs8nMiDB8lWwf_3std
0000000100093bc4 t __RINvNtNtNtNtCsf0LoT3TAtAe_4core5slice4sort6stable9quicksort9quicksortNtNtCskVK6E6MebBV_9addr2line8function22InlinedFunctionAddressNCINvMNtCs8FVZETqzQuY_5alloc5sliceSB15_7sort_byNCNvMs1_B17_INtB17_8FunctionINtNtNtCseAcyr1bdVEo_5gimli4read12endian_slice11EndianSliceNtNtB3o_9endianity12LittleEndianEE5parse0E0ECs8nMiDB8lWwf_3std
000000010009d184 t __RINvNtNtNtNtCsf0LoT3TAtAe_4core5slice4sort6stable9quicksort9quicksortTNtNtCseAcyr1bdVEo_5gimli6common15DebugInfoOffsetNtB18_18DebugArangesOffsetENCINvMNtCs8FVZETqzQuY_5alloc5sliceSB15_11sort_by_keyB16_NCNvMs_NtCskVK6E6MebBV_9addr2line4unitINtB3k_8ResUnitsINtNtNtB1a_4read12endian_slice11EndianSliceNtNtB1a_9endianity12LittleEndianEE5parse0E0ECs8nMiDB8lWwf_3std
000000010009f9a0 t __RINvNtNtNtNtCsf0LoT3TAtAe_4core5slice4sort8unstable8heapsort8heapsortTRShyENCINvMB8_SB15_20sort_unstable_by_keyB16_NCNvMs_NtNtNtNtCs8nMiDB8lWwf_3std12backtrace_rs9symbolize5gimli5machoNtB1W_6Object5parses_0E0EB24_
00000001000a0618 t __RINvNtNtNtNtCsf0LoT3TAtAe_4core5slice4sort8unstable8heapsort8heapsortTRShyENCINvMB8_SB15_20sort_unstable_by_keyyNCNvMs_NtNtNtNtCs8nMiDB8lWwf_3std12backtrace_rs9symbolize5gimli5machoNtB1T_6Object5parses0_0E0EB21_
000000010009f0c8 t __RINvNtNtNtNtCsf0LoT3TAtAe_4core5slice4sort8unstable9quicksort9quicksortTRShyENCINvMB8_SB17_20sort_unstable_by_keyB18_NCNvMs_NtNtNtNtCs8nMiDB8lWwf_3std12backtrace_rs9symbolize5gimli5machoNtB1Y_6Object5parses_0E0EB26_
000000010009fdb0 t __RINvNtNtNtNtCsf0LoT3TAtAe_4core5slice4sort8unstable9quicksort9quicksortTRShyENCINvMB8_SB17_20sort_unstable_by_keyyNCNvMs_NtNtNtNtCs8nMiDB8lWwf_3std12backtrace_rs9symbolize5gimli5machoNtB1V_6Object5parses0_0E0EB23_
00000001000a8e24 t __RINvNvMs2_NtCs8FVZETqzQuY_5alloc7raw_vecINtB8_11RawVecInnerpE7reserve21do_reserve_and_handleNtNtBa_5alloc6GlobalEBa_
00000001000b2294 t __RINvNvMs2_NtCs8FVZETqzQuY_5alloc7raw_vecINtB8_11RawVecInnerpE7reserve21do_reserve_and_handleNtNtBa_5alloc6GlobalECs8nMiDB8lWwf_3std
00000001000b04fc t __RINvNvMs2_NtCs8FVZETqzQuY_5alloc7raw_vecINtB8_11RawVecInnerpE7reserve21do_reserve_and_handleNtNtBa_5alloc6GlobalECsaHq5tZPZTZc_10nanoda_lib
00000001000a8de8 t __RINvNvMs2_NtCs8FVZETqzQuY_5alloc7raw_vecINtB8_11RawVecInnerpE7reserve21do_reserve_and_handleNtNtBa_5alloc6GlobalECskVK6E6MebBV_9addr2line
00000001000b0ed8 t __RINvNvMs2_NtCs8FVZETqzQuY_5alloc7raw_vecINtB8_11RawVecInnerpE7reserve21do_reserve_and_handleNtNtBa_5alloc6GlobalECslgqtUP0bYJ1_10num_bigint
00000001000b1294 t __RINvNvMs2_NtCs8FVZETqzQuY_5alloc7raw_vecINtB8_11RawVecInnerpE7reserve21do_reserve_and_handleNtNtBa_5alloc6GlobalECsqfweSlTIyW_10serde_json
0000000100009980 t __RINvNvNtNtCs8FVZETqzQuY_5alloc2io5error21custom_owner_from_box12drop_box_rawDNtNtCsf0LoT3TAtAe_4core5error5ErrorNtNtB1h_6marker4SendNtB1O_4SyncEL_EB8_
00000001000099f0 t __RINvNvNtNtCs8FVZETqzQuY_5alloc2io5error21custom_owner_from_box12drop_box_rawNtNtNtCsf0LoT3TAtAe_4core2io5error6CustomEB8_
000000010004dfe8 t __RINvNvXs7_NtCsqfweSlTIyW_10serde_json2deINtB8_9SeqAccesspENtNtCsleWiFORkTeD_10serde_core2de9SeqAccess17next_element_seed16has_next_elementINtNtBa_4read6IoReadINtNtNtNtCs8nMiDB8lWwf_3std2io8buffered9bufreader9BufReaderNtNtB2F_2fs4FileEEECsaHq5tZPZTZc_10nanoda_lib
000000010004e57c t __RINvNvXs9_NtCsqfweSlTIyW_10serde_json2deINtB8_9MapAccesspENtNtCsleWiFORkTeD_10serde_core2de9MapAccess13next_key_seed12has_next_keyINtNtBa_4read6IoReadINtNtNtNtCs8nMiDB8lWwf_3std2io8buffered9bufreader9BufReaderNtNtB2x_2fs4FileEEECsaHq5tZPZTZc_10nanoda_lib
000000010004f6b8 t __RINvNvXs9_NtCsqfweSlTIyW_10serde_json2deINtB8_9MapAccesspENtNtCsleWiFORkTeD_10serde_core2de9MapAccess13next_key_seed12has_next_keyNtNtBa_4read7StrReadECsaHq5tZPZTZc_10nanoda_lib
00000001000512d8 t __RINvXNvNtCsaHq5tZPZTZc_10nanoda_lib14pretty_printer1__NtB5_9PpOptionsNtNtCsleWiFORkTeD_10serde_core2de11Deserialize11deserializeQINtNtCsqfweSlTIyW_10serde_json2de12DeserializerINtNtB28_4read6IoReadINtNtNtNtCs8nMiDB8lWwf_3std2io8buffered9bufreader9BufReaderNtNtB3i_2fs4FileEEEEB7_
000000010005f7bc t __RINvXNvNtCsaHq5tZPZTZc_10nanoda_lib3env1__NtB5_16ReducibilityHintNtNtCsleWiFORkTeD_10serde_core2de11Deserialize11deserializeINtNtNtNtCsbcFOZH0T4Uy_5serde7private2de7content19ContentDeserializerNtNtCsqfweSlTIyW_10serde_json5error5ErrorEEB7_
00000001000669cc t __RINvXNvNtCsaHq5tZPZTZc_10nanoda_lib4expr1__NtB5_11BinderStyleNtNtCsleWiFORkTeD_10serde_core2de11Deserialize11deserializeINtNtNtNtCsbcFOZH0T4Uy_5serde7private2de7content19ContentDeserializerNtNtCsqfweSlTIyW_10serde_json5error5ErrorEEB7_
0000000100039b50 t __RINvXNvNtCsaHq5tZPZTZc_10nanoda_lib6parser1__NtB5_8LeanMetaNtNtCsleWiFORkTeD_10serde_core2de11Deserialize11deserializeINtNtNtNtCsbcFOZH0T4Uy_5serde7private2de7content19ContentDeserializerNtNtCsqfweSlTIyW_10serde_json5error5ErrorEEB7_
000000010003a654 t __RINvXNvNtCsaHq5tZPZTZc_10nanoda_lib6parsers0_1__NtB5_10FormatMetaNtNtCsleWiFORkTeD_10serde_core2de11Deserialize11deserializeINtNtNtNtCsbcFOZH0T4Uy_5serde7private2de7content19ContentDeserializerNtNtCsqfweSlTIyW_10serde_json5error5ErrorEEB7_
000000010003ae14 t __RINvXNvNtCsaHq5tZPZTZc_10nanoda_lib6parsers4_1__NtB5_16DefinitionSafetyNtNtCsleWiFORkTeD_10serde_core2de11Deserialize11deserializeINtNtNtNtCsbcFOZH0T4Uy_5serde7private2de7content19ContentDeserializerNtNtCsqfweSlTIyW_10serde_json5error5ErrorEEB7_
000000010003b448 t __RINvXNvNtCsaHq5tZPZTZc_10nanoda_lib6parsers5_1__NtB5_8QuotKindNtNtCsleWiFORkTeD_10serde_core2de11Deserialize11deserializeINtNtNtNtCsbcFOZH0T4Uy_5serde7private2de7content19ContentDeserializerNtNtCsqfweSlTIyW_10serde_json5error5ErrorEEB7_
000000010003b98c t __RINvXNvNtCsaHq5tZPZTZc_10nanoda_lib6parsers_1__NtB5_12ExporterMetaNtNtCsleWiFORkTeD_10serde_core2de11Deserialize11deserializeINtNtNtNtCsbcFOZH0T4Uy_5serde7private2de7content19ContentDeserializerNtNtCsqfweSlTIyW_10serde_json5error5ErrorEEB7_
000000010005fed0 t __RINvXNvXNvNtCsaHq5tZPZTZc_10nanoda_lib3env1__NtB8_16ReducibilityHintNtNtCsleWiFORkTeD_10serde_core2de11Deserialize11deserializeNtB3_14___FieldVisitorNtB16_7Visitor11visit_bytesNtNtCsqfweSlTIyW_10serde_json5error5ErrorEBa_
0000000100066f10 t __RINvXNvXNvNtCsaHq5tZPZTZc_10nanoda_lib4expr1__NtB8_11BinderStyleNtNtCsleWiFORkTeD_10serde_core2de11Deserialize11deserializeNtB3_14___FieldVisitorNtB12_7Visitor11visit_bytesNtNtCsqfweSlTIyW_10serde_json5error5ErrorEBa_
00000001000671cc t __RINvXNvXNvNtCsaHq5tZPZTZc_10nanoda_lib4expr1__NtB8_11BinderStyleNtNtCsleWiFORkTeD_10serde_core2de11Deserialize11deserializeNtB3_14___FieldVisitorNtB12_7Visitor9visit_strNtNtCsqfweSlTIyW_10serde_json5error5ErrorEBa_
000000010003c438 t __RINvXNvXNvNtCsaHq5tZPZTZc_10nanoda_lib6parsers2_1__NtB8_7BackRefNtNtCsleWiFORkTeD_10serde_core2de11Deserialize11deserializeNtB3_14___FieldVisitorNtB12_7Visitor11visit_bytesNtNtCsqfweSlTIyW_10serde_json5error5ErrorEBa_
000000010003c52c t __RINvXNvXNvNtCsaHq5tZPZTZc_10nanoda_lib6parsers2_1__NtB8_7BackRefNtNtCsleWiFORkTeD_10serde_core2de11Deserialize11deserializeNtB3_14___FieldVisitorNtB12_7Visitor9visit_strNtNtCsqfweSlTIyW_10serde_json5error5ErrorEBa_
000000010003c610 t __RINvXNvXNvNtCsaHq5tZPZTZc_10nanoda_lib6parsers4_1__NtB8_16DefinitionSafetyNtNtCsleWiFORkTeD_10serde_core2de11Deserialize11deserializeNtB3_14___FieldVisitorNtB1c_7Visitor11visit_bytesNtNtCsqfweSlTIyW_10serde_json5error5ErrorEBa_
000000010003c794 t __RINvXNvXNvNtCsaHq5tZPZTZc_10nanoda_lib6parsers5_1__NtB8_8QuotKindNtNtCsleWiFORkTeD_10serde_core2de11Deserialize11deserializeNtB3_14___FieldVisitorNtB13_7Visitor11visit_bytesNtNtCsqfweSlTIyW_10serde_json5error5ErrorEBa_
000000010003c8f8 t __RINvXNvXNvNtCsaHq5tZPZTZc_10nanoda_lib6parsers5_1__NtB8_8QuotKindNtNtCsleWiFORkTeD_10serde_core2de11Deserialize11deserializeNtB3_14___FieldVisitorNtB13_7Visitor9visit_strNtNtCsqfweSlTIyW_10serde_json5error5ErrorEBa_
000000010003c9f0 t __RINvXNvXNvNtCsaHq5tZPZTZc_10nanoda_lib6parsers7_1__NtB8_7IndInfoNtNtCsleWiFORkTeD_10serde_core2de11Deserialize11deserializeNtB3_14___FieldVisitorNtB12_7Visitor11visit_bytesNtNtCsqfweSlTIyW_10serde_json5error5ErrorEBa_
000000010003ce78 t __RINvXNvXNvNtCsaHq5tZPZTZc_10nanoda_lib6parsers7_1__NtB8_7IndInfoNtNtCsleWiFORkTeD_10serde_core2de11Deserialize11deserializeNtB3_14___FieldVisitorNtB12_7Visitor9visit_strNtNtCsqfweSlTIyW_10serde_json5error5ErrorEBa_
000000010003d100 t __RINvXNvXNvNtCsaHq5tZPZTZc_10nanoda_lib6parsers8_1__NtB8_11ConstructorNtNtCsleWiFORkTeD_10serde_core2de11Deserialize11deserializeNtB3_14___FieldVisitorNtB17_7Visitor9visit_strNtNtCsqfweSlTIyW_10serde_json5error5ErrorEBa_
000000010003d2b8 t __RINvXNvXNvNtCsaHq5tZPZTZc_10nanoda_lib6parsers9_1__NtB8_8RecursorNtNtCsleWiFORkTeD_10serde_core2de11Deserialize11deserializeNtB3_14___FieldVisitorNtB13_7Visitor9visit_strNtNtCsqfweSlTIyW_10serde_json5error5ErrorEBa_
000000010003d528 t __RINvXNvXNvNtCsaHq5tZPZTZc_10nanoda_lib6parsersa_1__NtB8_13ExportJsonValNtNtCsleWiFORkTeD_10serde_core2de11Deserialize11deserializeNtB3_14___FieldVisitorNtB19_7Visitor11visit_bytesNtNtCsqfweSlTIyW_10serde_json5error5ErrorEBa_
000000010003db80 t __RINvXNvXNvNtCsaHq5tZPZTZc_10nanoda_lib6parsersa_1__NtB8_13ExportJsonValNtNtCsleWiFORkTeD_10serde_core2de11Deserialize11deserializeNtB3_14___FieldVisitorNtB19_7Visitor9visit_strNtNtCsqfweSlTIyW_10serde_json5error5ErrorEBa_
000000010003e064 t __RINvXs0_NvXNvNtCsaHq5tZPZTZc_10nanoda_lib6parsersa_1__NtBb_13ExportJsonValNtNtCsleWiFORkTeD_10serde_core2de11Deserialize11deserializeNtB6_9___VisitorNtB1c_7Visitor10visit_enumINtNtNtNtCsbcFOZH0T4Uy_5serde7private2de7content16EnumDeserializerNtNtCsqfweSlTIyW_10serde_json5error5ErrorEEBd_
000000010005f1f8 t __RINvXs1_NtNtCsleWiFORkTeD_10serde_core2de5implsbNtB8_11Deserialize11deserializeINtNtNtNtCsbcFOZH0T4Uy_5serde7private2de7content19ContentDeserializerNtNtCsqfweSlTIyW_10serde_json5error5ErrorEECsaHq5tZPZTZc_10nanoda_lib
000000010005f25c t __RINvXs1_NtNtCsleWiFORkTeD_10serde_core2de5implsbNtB8_11Deserialize11deserializeQINtNtCsqfweSlTIyW_10serde_json2de12DeserializerINtNtB1l_4read6IoReadINtNtNtNtCs8nMiDB8lWwf_3std2io8buffered9bufreader9BufReaderNtNtB2v_2fs4FileEEEECsaHq5tZPZTZc_10nanoda_lib
0000000100010ce0 t __RINvXs3_NtCsleWiFORkTeD_10serde_core2deINtNtCsf0LoT3TAtAe_4core6marker11PhantomDatajENtB6_15DeserializeSeed11deserializeINtNtNtNtCsbcFOZH0T4Uy_5serde7private2de7content19ContentDeserializerNtNtCsqfweSlTIyW_10serde_json5error5ErrorEECsaHq5tZPZTZc_10nanoda_lib
000000010004e1b8 t __RINvXs3_NtCsleWiFORkTeD_10serde_core2deINtNtCsf0LoT3TAtAe_4core6marker11PhantomDatajENtB6_15DeserializeSeed11deserializeQINtNtCsqfweSlTIyW_10serde_json2de12DeserializerINtNtB20_4read6IoReadINtNtNtNtCs8nMiDB8lWwf_3std2io8buffered9bufreader9BufReaderNtNtB3a_2fs4FileEEEECsaHq5tZPZTZc_10nanoda_lib
000000010000f7dc t __RINvXs3_NtCsleWiFORkTeD_10serde_core2deINtNtCsf0LoT3TAtAe_4core6marker11PhantomDatamENtB6_15DeserializeSeed11deserializeINtNtNtNtCsbcFOZH0T4Uy_5serde7private2de7content19ContentDeserializerNtNtCsqfweSlTIyW_10serde_json5error5ErrorEECsaHq5tZPZTZc_10nanoda_lib
0000000100011440 t __RINvXs3_NtCsleWiFORkTeD_10serde_core2deINtNtCsf0LoT3TAtAe_4core6marker11PhantomDatatENtB6_15DeserializeSeed11deserializeINtNtNtNtCsbcFOZH0T4Uy_5serde7private2de7content19ContentDeserializerNtNtCsqfweSlTIyW_10serde_json5error5ErrorEECsaHq5tZPZTZc_10nanoda_lib
000000010001290c t __RINvXs4_NtCsleWiFORkTeD_10serde_core2deQINtNtNtNtCsbcFOZH0T4Uy_5serde7private2de7content15SeqDeserializerNtNtCsqfweSlTIyW_10serde_json5error5ErrorENtB6_9SeqAccess12next_elementINtNtCs8FVZETqzQuY_5alloc3vec3VecNtNtCsaHq5tZPZTZc_10nanoda_lib6parser12RecursorRuleEEB3p_
00000001000129e8 t __RINvXs4_NtCsleWiFORkTeD_10serde_core2deQINtNtNtNtCsbcFOZH0T4Uy_5serde7private2de7content15SeqDeserializerNtNtCsqfweSlTIyW_10serde_json5error5ErrorENtB6_9SeqAccess12next_elementINtNtCs8FVZETqzQuY_5alloc3vec3VecmEECsaHq5tZPZTZc_10nanoda_lib
0000000100012624 t __RINvXs4_NtCsleWiFORkTeD_10serde_core2deQINtNtNtNtCsbcFOZH0T4Uy_5serde7private2de7content15SeqDeserializerNtNtCsqfweSlTIyW_10serde_json5error5ErrorENtB6_9SeqAccess12next_elementbECsaHq5tZPZTZc_10nanoda_lib
0000000100012704 t __RINvXs4_NtCsleWiFORkTeD_10serde_core2deQINtNtNtNtCsbcFOZH0T4Uy_5serde7private2de7content15SeqDeserializerNtNtCsqfweSlTIyW_10serde_json5error5ErrorENtB6_9SeqAccess12next_elementtECsaHq5tZPZTZc_10nanoda_lib
00000001000afb90 t __RINvXs6_NtCsqfweSlTIyW_10serde_json5errorNtB6_5ErrorNtNtCsleWiFORkTeD_10serde_core2de5Error6customNtNtCs8FVZETqzQuY_5alloc6string6StringECsaHq5tZPZTZc_10nanoda_lib
00000001000b1ff4 t __RINvXs6_NtCsqfweSlTIyW_10serde_json5errorNtB6_5ErrorNtNtCsleWiFORkTeD_10serde_core2de5Error6customNtNtCsf0LoT3TAtAe_4core3fmt9ArgumentsEB8_
00000001000afc50 t __RINvXs6_NtCsqfweSlTIyW_10serde_json5errorNtB6_5ErrorNtNtCsleWiFORkTeD_10serde_core2de5Error6customNtNtCsf0LoT3TAtAe_4core3fmt9ArgumentsECsaHq5tZPZTZc_10nanoda_lib
000000010005b9bc t __RINvXs6_NtNtCsleWiFORkTeD_10serde_core2de5implsNtNtCs8FVZETqzQuY_5alloc6string6StringNtB8_11Deserialize11deserializeINtNtNtNtCsbcFOZH0T4Uy_5serde7private2de7content19ContentDeserializerNtNtCsqfweSlTIyW_10serde_json5error5ErrorEECsaHq5tZPZTZc_10nanoda_lib
000000010005bbd4 t __RINvXs6_NtNtCsleWiFORkTeD_10serde_core2de5implsNtNtCs8FVZETqzQuY_5alloc6string6StringNtB8_11Deserialize11deserializeQINtNtCsqfweSlTIyW_10serde_json2de12DeserializerINtNtB1W_4read6IoReadINtNtNtNtCs8nMiDB8lWwf_3std2io8buffered9bufreader9BufReaderNtNtB36_2fs4FileEEEECsaHq5tZPZTZc_10nanoda_lib
00000001000601c0 t __RINvXs7_NtNtNtCs8nMiDB8lWwf_3std11collections4hash3setINtB6_7HashSetRINtNtCsaHq5tZPZTZc_10nanoda_lib4util3PtrRNtNtB1a_4name4NameEEINtNtNtNtCsf0LoT3TAtAe_4core4iter6traits7collect12FromIteratorB14_E9from_iterINtNtNtB2d_5slice4iter4IterB15_EEB1a_
0000000100071e94 t __RINvXs8_NtCskVSbilJxPKa_9hashbrown3setINtB6_7HashSetINtNtCsaHq5tZPZTZc_10nanoda_lib4util3PtrRNtNtBT_4name4NameEINtNtCsf0LoT3TAtAe_4core4hash18BuildHasherDefaultNtCsfSrsiEmBR8f_10rustc_hash8FxHasherEEINtNtNtNtB1Q_4iter6traits7collect6ExtendBO_E6extendINtNtNtB3i_8adapters3map3MapINtNtNtB1Q_5slice4iter4IterNtNtBT_3env6DeclarENCNCNCNvMNtBT_9inductiveNtBR_10ExportFile22check_inductive_declars0_0s3_00EEBT_
0000000100071f2c t __RINvXs8_NtCskVSbilJxPKa_9hashbrown3setINtB6_7HashSetRINtNtCsaHq5tZPZTZc_10nanoda_lib4util3PtrRNtNtBU_4name4NameENtNtNtCs8nMiDB8lWwf_3std4hash6random11RandomStateEINtNtNtNtCsf0LoT3TAtAe_4core4iter6traits7collect6ExtendBO_E6extendINtNtNtB2J_5slice4iter4IterBP_EEBU_
0000000100010bec t __RINvXs8_NvXs0_NvXNvNtCsaHq5tZPZTZc_10nanoda_lib6parsersa_1__NtBh_13ExportJsonValNtNtCsleWiFORkTeD_10serde_core2de11Deserialize11deserializeNtBc_9___VisitorNtB1i_7Visitor10visit_enumNtB6_s1_14___FieldVisitorB2t_9visit_strNtNtCsqfweSlTIyW_10serde_json5error5ErrorEBj_
00000001000111a4 t __RINvXsC_NtNtNtCsbcFOZH0T4Uy_5serde7private2de7contentINtB6_19VariantDeserializerNtNtCsqfweSlTIyW_10serde_json5error5ErrorENtNtCsleWiFORkTeD_10serde_core2de13VariantAccess20newtype_variant_seedINtNtCsf0LoT3TAtAe_4core6marker11PhantomDataAmj2_EECsaHq5tZPZTZc_10nanoda_lib
000000010005cabc t __RINvXse_NtNtCsleWiFORkTeD_10serde_core2de5implsINtNtCsf0LoT3TAtAe_4core6option6OptionINtNtCs8FVZETqzQuY_5alloc3vec3VecNtNtB1q_6string6StringEENtB8_11Deserialize11deserializeQINtNtCsqfweSlTIyW_10serde_json2de12DeserializerINtNtB2R_4read6IoReadINtNtNtNtCs8nMiDB8lWwf_3std2io8buffered9bufreader9BufReaderNtNtB41_2fs4FileEEEECsaHq5tZPZTZc_10nanoda_lib
000000010005cf38 t __RINvXse_NtNtCsleWiFORkTeD_10serde_core2de5implsINtNtCsf0LoT3TAtAe_4core6option6OptionNtNtCs8FVZETqzQuY_5alloc6string6StringENtB8_11Deserialize11deserializeQINtNtCsqfweSlTIyW_10serde_json2de12DeserializerINtNtB2z_4read6IoReadINtNtNtNtCs8nMiDB8lWwf_3std2io8buffered9bufreader9BufReaderNtNtB3J_2fs4FileEEEECsaHq5tZPZTZc_10nanoda_lib
000000010005d0e8 t __RINvXse_NtNtCsleWiFORkTeD_10serde_core2de5implsINtNtCsf0LoT3TAtAe_4core6option6OptionNtNtCs8nMiDB8lWwf_3std4path7PathBufENtB8_11Deserialize11deserializeQINtNtCsqfweSlTIyW_10serde_json2de12DeserializerINtNtB2w_4read6IoReadINtNtNtNtB1p_2io8buffered9bufreader9BufReaderNtNtB1p_2fs4FileEEEECsaHq5tZPZTZc_10nanoda_lib
000000010006a25c t __RINvXsh_NtNtCsleWiFORkTeD_10serde_core2de5implsINtNtCs8FVZETqzQuY_5alloc3vec3VecNtNtCsaHq5tZPZTZc_10nanoda_lib6parser11ConstructorENtB8_11Deserialize11deserializeINtNtNtNtCsbcFOZH0T4Uy_5serde7private2de7content19ContentDeserializerNtNtCsqfweSlTIyW_10serde_json5error5ErrorEEB1k_
000000010006bcd0 t __RINvXsh_NtNtCsleWiFORkTeD_10serde_core2de5implsINtNtCs8FVZETqzQuY_5alloc3vec3VecNtNtCsaHq5tZPZTZc_10nanoda_lib6parser12RecursorRuleENtB8_11Deserialize11deserializeINtNtNtNtCsbcFOZH0T4Uy_5serde7private2de7content19ContentDeserializerNtNtCsqfweSlTIyW_10serde_json5error5ErrorEEB1k_
000000010006cb88 t __RINvXsh_NtNtCsleWiFORkTeD_10serde_core2de5implsINtNtCs8FVZETqzQuY_5alloc3vec3VecNtNtCsaHq5tZPZTZc_10nanoda_lib6parser7IndInfoENtB8_11Deserialize11deserializeINtNtNtNtCsbcFOZH0T4Uy_5serde7private2de7content19ContentDeserializerNtNtCsqfweSlTIyW_10serde_json5error5ErrorEEB1k_
000000010006e7dc t __RINvXsh_NtNtCsleWiFORkTeD_10serde_core2de5implsINtNtCs8FVZETqzQuY_5alloc3vec3VecNtNtCsaHq5tZPZTZc_10nanoda_lib6parser8RecursorENtB8_11Deserialize11deserializeINtNtNtNtCsbcFOZH0T4Uy_5serde7private2de7content19ContentDeserializerNtNtCsqfweSlTIyW_10serde_json5error5ErrorEEB1k_
0000000100070c6c t __RINvXsh_NtNtCsleWiFORkTeD_10serde_core2de5implsINtNtCs8FVZETqzQuY_5alloc3vec3VecmENtB8_11Deserialize11deserializeINtNtNtNtCsbcFOZH0T4Uy_5serde7private2de7content19ContentDeserializerNtNtCsqfweSlTIyW_10serde_json5error5ErrorEECsaHq5tZPZTZc_10nanoda_lib
0000000100011690 t __RINvXsi_NtNtNtCsbcFOZH0T4Uy_5serde7private2de7contentNtB6_14ContentVisitorNtNtCsleWiFORkTeD_10serde_core2de15DeserializeSeed11deserializeQINtNtCsqfweSlTIyW_10serde_json2de12DeserializerNtNtB2h_4read7StrReadEECsaHq5tZPZTZc_10nanoda_lib
000000010000ff98 t __RINvXsr_NtNtNtCsbcFOZH0T4Uy_5serde7private2de7contentINtB6_19ContentDeserializerNtNtCsqfweSlTIyW_10serde_json5error5ErrorENtNtCsleWiFORkTeD_10serde_core2de12Deserializer15deserialize_anyNtNvXNtNtB1k_5value2deNtB35_5ValueNtB1Y_11Deserialize11deserialize12ValueVisitorECsaHq5tZPZTZc_10nanoda_lib
0000000100012834 t __RINvXst_NtNtNtCsbcFOZH0T4Uy_5serde7private2de7contentINtB6_15SeqDeserializerNtNtCsqfweSlTIyW_10serde_json5error5ErrorENtNtCsleWiFORkTeD_10serde_core2de9SeqAccess17next_element_seedINtNtCsf0LoT3TAtAe_4core6marker11PhantomDatamEECsaHq5tZPZTZc_10nanoda_lib
0000000100012ac4 t __RINvXsw_NtNtNtCsbcFOZH0T4Uy_5serde7private2de7contentINtB6_15MapDeserializerNtNtCsqfweSlTIyW_10serde_json5error5ErrorENtNtCsleWiFORkTeD_10serde_core2de9MapAccess15next_value_seedINtNtCsf0LoT3TAtAe_4core6marker11PhantomDataNtNtB1g_5value5ValueEECsaHq5tZPZTZc_10nanoda_lib
0000000100010ea4 t __RINvXsw_NvXs0_NvXNvNtCsaHq5tZPZTZc_10nanoda_lib6parsersa_1__NtBh_13ExportJsonValNtNtCsleWiFORkTeD_10serde_core2de11Deserialize11deserializeNtBc_9___VisitorNtB1i_7Visitor10visit_enumNtB6_s9_14___FieldVisitorB2t_9visit_strNtNtCsqfweSlTIyW_10serde_json5error5ErrorEBj_
0000000100010ff8 t __RINvXsz_NvXs0_NvXNvNtCsaHq5tZPZTZc_10nanoda_lib6parsersa_1__NtBh_13ExportJsonValNtNtCsleWiFORkTeD_10serde_core2de11Deserialize11deserializeNtBc_9___VisitorNtB1i_7Visitor10visit_enumNtB6_sa_14___FieldVisitorB2t_9visit_strNtNtCsqfweSlTIyW_10serde_json5error5ErrorEBj_
000000010004e75c t __RINvYINtNtCsqfweSlTIyW_10serde_json2de9MapAccessINtNtB8_4read6IoReadINtNtNtNtCs8nMiDB8lWwf_3std2io8buffered9bufreader9BufReaderNtNtB1d_2fs4FileEEENtNtCsleWiFORkTeD_10serde_core2de9MapAccess10next_valueNtNtB2m_11ignored_any10IgnoredAnyECsaHq5tZPZTZc_10nanoda_lib
000000010004f48c t __RINvYINtNtCsqfweSlTIyW_10serde_json2de9SeqAccessINtNtB8_4read6IoReadINtNtNtNtCs8nMiDB8lWwf_3std2io8buffered9bufreader9BufReaderNtNtB1d_2fs4FileEEENtNtCsleWiFORkTeD_10serde_core2de9SeqAccess12next_elementINtNtCsf0LoT3TAtAe_4core6option6OptionINtNtCs8FVZETqzQuY_5alloc3vec3VecNtNtB3W_6string6StringEEECsaHq5tZPZTZc_10nanoda_lib
000000010004f59c t __RINvYINtNtCsqfweSlTIyW_10serde_json2de9SeqAccessINtNtB8_4read6IoReadINtNtNtNtCs8nMiDB8lWwf_3std2io8buffered9bufreader9BufReaderNtNtB1d_2fs4FileEEENtNtCsleWiFORkTeD_10serde_core2de9SeqAccess12next_elementINtNtCsf0LoT3TAtAe_4core6option6OptionNtNtB1d_4path7PathBufEECsaHq5tZPZTZc_10nanoda_lib
000000010004e458 t __RINvYINtNtCsqfweSlTIyW_10serde_json2de9SeqAccessINtNtB8_4read6IoReadINtNtNtNtCs8nMiDB8lWwf_3std2io8buffered9bufreader9BufReaderNtNtB1d_2fs4FileEEENtNtCsleWiFORkTeD_10serde_core2de9SeqAccess12next_elementINtNtCsf0LoT3TAtAe_4core6option6OptionNtNtCs8FVZETqzQuY_5alloc6string6StringEECsaHq5tZPZTZc_10nanoda_lib
000000010004f514 t __RINvYINtNtCsqfweSlTIyW_10serde_json2de9SeqAccessINtNtB8_4read6IoReadINtNtNtNtCs8nMiDB8lWwf_3std2io8buffered9bufreader9BufReaderNtNtB1d_2fs4FileEEENtNtCsleWiFORkTeD_10serde_core2de9SeqAccess12next_elementNtNtCsaHq5tZPZTZc_10nanoda_lib14pretty_printer9PpOptionsEB3j_
000000010004f404 t __RINvYINtNtCsqfweSlTIyW_10serde_json2de9SeqAccessINtNtB8_4read6IoReadINtNtNtNtCs8nMiDB8lWwf_3std2io8buffered9bufreader9BufReaderNtNtB1d_2fs4FileEEENtNtCsleWiFORkTeD_10serde_core2de9SeqAccess12next_elementbECsaHq5tZPZTZc_10nanoda_lib
000000010004e3dc t __RINvYINtNtCsqfweSlTIyW_10serde_json2de9SeqAccessINtNtB8_4read6IoReadINtNtNtNtCs8nMiDB8lWwf_3std2io8buffered9bufreader9BufReaderNtNtB1d_2fs4FileEEENtNtCsleWiFORkTeD_10serde_core2de9SeqAccess12next_elementjECsaHq5tZPZTZc_10nanoda_lib
000000010005d9e8 t __RINvYNtNtNtCs8nMiDB8lWwf_3std4hash6random11RandomStateNtNtCsf0LoT3TAtAe_4core4hash11BuildHasher8hash_oneRRINtNtCsaHq5tZPZTZc_10nanoda_lib4util3PtrRNtNtB1L_4name4NameEEB1L_
00000001000b0c04 t __RINvYNtNtNtCsqfweSlTIyW_10serde_json5value2de13KeyClassifierNtNtCsleWiFORkTeD_10serde_core2de7Visitor14visit_byte_bufNtNtB9_5error5ErrorECsaHq5tZPZTZc_10nanoda_lib
00000001000a9aac t __RINvYNtNvNtCsaHq5tZPZTZc_10nanoda_lib6parser31deserialize_biguint_from_string20BigUintStringVisitorNtNtCsleWiFORkTeD_10serde_core2de7Visitor14visit_byte_bufNtNtCsqfweSlTIyW_10serde_json5error5ErrorEB9_
00000001000b0c8c t __RINvYNtNvXNtNtCsqfweSlTIyW_10serde_json5value2deNtBa_5ValueNtNtCsleWiFORkTeD_10serde_core2de11Deserialize11deserialize12ValueVisitorNtBX_7Visitor14visit_byte_bufNtNtBc_5error5ErrorECsaHq5tZPZTZc_10nanoda_lib
00000001000b0d18 t __RINvYNtNvXNtNtCsqfweSlTIyW_10serde_json5value2deNtBa_5ValueNtNtCsleWiFORkTeD_10serde_core2de11Deserialize11deserialize12ValueVisitorNtBX_7Visitor20visit_newtype_structINtNtNtNtCsbcFOZH0T4Uy_5serde7private2de7content19ContentDeserializerNtNtBc_5error5ErrorEECsaHq5tZPZTZc_10nanoda_lib
00000001000a7ffc t __RNCINvMs0_NtNtCs8nMiDB8lWwf_3std4sync4onceNtB8_4Once15call_once_forceNCINvMNtBa_9once_lockINtB1b_8OnceLockINtNtBa_14reentrant_lock13ReentrantLockINtNtCsf0LoT3TAtAe_4core4cell7RefCellINtNtNtNtBc_2io8buffered10linewriter10LineWriterNtNtB31_5stdio9StdoutRawEEEE10initializeNCINvB1a_11get_or_initNCNvB3I_6stdout0E0zE0E0Bc_
00000001000a6988 t __RNCINvMs0_NtNtCs8nMiDB8lWwf_3std4sync4onceNtB8_4Once15call_once_forceNCINvMNtBa_9once_lockINtB1b_8OnceLockINtNtBa_14reentrant_lock13ReentrantLockINtNtCsf0LoT3TAtAe_4core4cell7RefCellINtNtNtNtBc_2io8buffered10linewriter10LineWriterNtNtB31_5stdio9StdoutRawEEEE10initializeNCINvB1a_11get_or_initNCNvB3I_7cleanup0E0zE0E0Bc_
00000001000a79f8 t __RNCINvMs0_NtNtCs8nMiDB8lWwf_3std4sync4onceNtB8_4Once15call_once_forceNCINvMNtBa_9once_lockINtB1b_8OnceLockINtNtNtBa_6poison5mutex5MutexINtNtNtNtBc_2io8buffered9bufreader9BufReaderNtNtB2g_5stdio8StdinRawEEE10initializeNCINvB1a_11get_or_initNCNvB2T_5stdin0E0zE0E0Bc_
00000001000a643c t __RNCINvMs0_NtNtCs8nMiDB8lWwf_3std4sync4onceNtB8_4Once9call_onceNCNvNtBc_2rt7cleanup0E0Bc_
00000001000501d0 t __RNCINvMs6_NtCs31fSfFKH9QI_9hashbrown3rawINtB8_8RawTablejE14reserve_rehashNCINvNtCs5QtJyBtwgZZ_8indexmap5inner8get_hashINtNtCs8FVZETqzQuY_5alloc4sync3ArcSINtNtCsaHq5tZPZTZc_10nanoda_lib4util3PtrRNtNtB2w_5level5LevelEEuE0E0B2w_
00000001000506e8 t __RNCINvMs6_NtCs31fSfFKH9QI_9hashbrown3rawINtB8_8RawTablejE14reserve_rehashNCINvNtCs5QtJyBtwgZZ_8indexmap5inner8get_hashINtNtCs8FVZETqzQuY_5alloc6borrow3CoweEuE0E0CsaHq5tZPZTZc_10nanoda_lib
0000000100050728 t __RNCINvMs6_NtCs31fSfFKH9QI_9hashbrown3rawINtB8_8RawTablejE14reserve_rehashNCINvNtCs5QtJyBtwgZZ_8indexmap5inner8get_hashINtNtCsaHq5tZPZTZc_10nanoda_lib4util3PtrRNtNtB1X_4name4NameEB1S_E0E0B1X_
0000000100050768 t __RNCINvMs6_NtCs31fSfFKH9QI_9hashbrown3rawINtB8_8RawTablejE14reserve_rehashNCINvNtCs5QtJyBtwgZZ_8indexmap5inner8get_hashINtNtCsaHq5tZPZTZc_10nanoda_lib4util3PtrRNtNtB1X_4name4NameENtNtB1X_3env6DeclarE0E0B1X_
00000001000507ac t __RNCINvMs6_NtCs31fSfFKH9QI_9hashbrown3rawINtB8_8RawTablejE14reserve_rehashNCINvNtCs5QtJyBtwgZZ_8indexmap5inner8get_hashNtNtCsaHq5tZPZTZc_10nanoda_lib4expr4ExpruE0E0B1W_
00000001000507f0 t __RNCINvMs6_NtCs31fSfFKH9QI_9hashbrown3rawINtB8_8RawTablejE14reserve_rehashNCINvNtCs5QtJyBtwgZZ_8indexmap5inner8get_hashNtNtCsaHq5tZPZTZc_10nanoda_lib4name4NameuE0E0B1W_
0000000100050830 t __RNCINvMs6_NtCs31fSfFKH9QI_9hashbrown3rawINtB8_8RawTablejE14reserve_rehashNCINvNtCs5QtJyBtwgZZ_8indexmap5inner8get_hashNtNtCslgqtUP0bYJ1_10num_bigint7biguint7BigUintuE0E0CsaHq5tZPZTZc_10nanoda_lib
0000000100050fa0 t __RNCINvMs6_NtCskVSbilJxPKa_9hashbrown3rawINtB8_8RawTableTReuEE14reserve_rehashNCINvNtBa_3map11make_hasherBS_uINtNtCsf0LoT3TAtAe_4core4hash18BuildHasherDefaultNtCsfSrsiEmBR8f_10rustc_hash8FxHasherEE0E0CsaHq5tZPZTZc_10nanoda_lib
0000000100084c60 t __RNCINvNtCs8nMiDB8lWwf_3std9panicking11begin_panicReE0B6_
0000000100085cf8 t __RNCINvNtNtCs8nMiDB8lWwf_3std6thread7current17with_current_nameNCNCNvNtB8_9panicking12default_hook00uE0B8_
00000001000a9a64 t __RNCINvXNvNtCsaHq5tZPZTZc_10nanoda_lib6parser31deserialize_biguint_from_stringNtB5_20BigUintStringVisitorNtNtCsleWiFORkTeD_10serde_core2de7Visitor9visit_strNtNtCsqfweSlTIyW_10serde_json5error5ErrorE0B9_
00000001000b60d4 t __RNCNCNCNvNtCs8nMiDB8lWwf_3std2rt19lang_start_internal00s_0B9_
00000001000a0c3c t __RNCNCNvNtNtCs8nMiDB8lWwf_3std3sys9backtrace10__print_fmts_00B9_
0000000100090354 t __RNCNvMNtCskVK6E6MebBV_9addr2line4unitINtB4_7ResUnitINtNtNtCseAcyr1bdVEo_5gimli4read12endian_slice11EndianSliceNtNtBU_9endianity12LittleEndianEE25find_function_or_location0Cs8nMiDB8lWwf_3std
0000000100015050 t __RNCNvMs0_NtCsaHq5tZPZTZc_10nanoda_lib4exprNtNtB9_4util5TcCtx9abstr_auxs_0B9_
000000010007f52c t __RNCNvMs4_NtCs14PaYreGDoz_14rustc_demangle2v0NtB7_7Printer10print_type0B9_
00000001000b5c04 t __RNCNvNtCs8nMiDB8lWwf_3std5alloc8rust_oom0B5_
00000001000a3a28 t __RNCNvNtCs8nMiDB8lWwf_3std9panicking13panic_handler0B5_
00000001000a1750 t __RNCNvNtNtCs8nMiDB8lWwf_3std3sys9backtrace10__print_fmt0B7_
000000010008636c t __RNCNvNtNtCs8nMiDB8lWwf_3std3sys9backtrace10__print_fmts_0B7_
00000001000b57fc t __RNCNvNtNtCsf0LoT3TAtAe_4core3str7pattern13simd_containss0_0Cs8nMiDB8lWwf_3std
00000001000a3918 t __RNCNvNtNtNtCs8nMiDB8lWwf_3std3sys11personality3gcc14find_eh_action0B9_
00000001000a3930 t __RNCNvNtNtNtCs8nMiDB8lWwf_3std3sys11personality3gcc14find_eh_actions_0B9_
00000001000a299c t __RNCNvNtNtNtCs8nMiDB8lWwf_3std3sys3env4unix6getenv0B9_
00000001000a7f94 t __RNSNvYNCINvMs0_NtNtCs8nMiDB8lWwf_3std4sync4onceNtBd_4Once15call_once_forceNCINvMNtBf_9once_lockINtB1g_8OnceLockINtNtBf_14reentrant_lock13ReentrantLockINtNtCsf0LoT3TAtAe_4core4cell7RefCellINtNtNtNtBh_2io8buffered10linewriter10LineWriterNtNtB36_5stdio9StdoutRawEEEE10initializeNCINvB1f_11get_or_initNCNvB3N_6stdout0E0zE0E0INtNtNtB2t_3ops8function6FnOnceTRNtBd_9OnceStateEE9call_once6vtableBh_
00000001000a6928 t __RNSNvYNCINvMs0_NtNtCs8nMiDB8lWwf_3std4sync4onceNtBd_4Once15call_once_forceNCINvMNtBf_9once_lockINtB1g_8OnceLockINtNtBf_14reentrant_lock13ReentrantLockINtNtCsf0LoT3TAtAe_4core4cell7RefCellINtNtNtNtBh_2io8buffered10linewriter10LineWriterNtNtB36_5stdio9StdoutRawEEEE10initializeNCINvB1f_11get_or_initNCNvB3N_7cleanup0E0zE0E0INtNtNtB2t_3ops8function6FnOnceTRNtBd_9OnceStateEE9call_once6vtableBh_
00000001000a7994 t __RNSNvYNCINvMs0_NtNtCs8nMiDB8lWwf_3std4sync4onceNtBd_4Once15call_once_forceNCINvMNtBf_9once_lockINtB1g_8OnceLockINtNtNtBf_6poison5mutex5MutexINtNtNtNtBh_2io8buffered9bufreader9BufReaderNtNtB2l_5stdio8StdinRawEEE10initializeNCINvB1f_11get_or_initNCNvB2Y_5stdin0E0zE0E0INtNtNtCsf0LoT3TAtAe_4core3ops8function6FnOnceTRNtBd_9OnceStateEE9call_once6vtableBh_
00000001000a6414 t __RNSNvYNCINvMs0_NtNtCs8nMiDB8lWwf_3std4sync4onceNtBd_4Once9call_onceNCNvNtBh_2rt7cleanup0E0INtNtNtCsf0LoT3TAtAe_4core3ops8function6FnOnceTRNtBd_9OnceStateEE9call_once6vtableBh_
000000010005c644 t __RNSNvYNCINvNtNtCs8nMiDB8lWwf_3std6thread9lifecycle15spawn_uncheckedNCNCNvMNtCsaHq5tZPZTZc_10nanoda_lib2tcNtNtB1c_4util10ExportFile21check_all_declars_par00uEs_0INtNtNtCsf0LoT3TAtAe_4core3ops8function6FnOnceuE9call_once6vtableB1c_
00000001000a16b8 t __RNSNvYNCNvNtNtCs8nMiDB8lWwf_3std3sys9backtrace10__print_fmt0INtNtNtCsf0LoT3TAtAe_4core3ops8function6FnOnceTQNtNtB13_3fmt9FormatterNtNtNtBc_12backtrace_rs5types17BytesOrWideStringEE9call_once6vtableBc_
0000000100086368 t __RNSNvYNCNvNtNtCs8nMiDB8lWwf_3std3sys9backtrace10__print_fmts_0INtNtNtCsf0LoT3TAtAe_4core3ops8function6FnOnceTRNtNtNtBc_12backtrace_rs9backtrace5FrameEE9call_once6vtableBc_
00000001000a390c t __RNSNvYNCNvNtNtNtCs8nMiDB8lWwf_3std3sys11personality3gcc14find_eh_action0INtNtNtCsf0LoT3TAtAe_4core3ops8function6FnOnceuE9call_once6vtableBe_
00000001000a3924 t __RNSNvYNCNvNtNtNtCs8nMiDB8lWwf_3std3sys11personality3gcc14find_eh_actions_0INtNtNtCsf0LoT3TAtAe_4core3ops8function6FnOnceuE9call_once6vtableBe_
000000010007b224 t __RNvCs14PaYreGDoz_14rustc_demangle12try_demangle
00000001000b2228 t __RNvCs8NmtnyK3jgT_7___rustc10rust_panic
0000000100009f88 t __RNvCs8NmtnyK3jgT_7___rustc12___rust_alloc
0000000100009fd0 t __RNvCs8NmtnyK3jgT_7___rustc14___rust_realloc
00000001000a3e9c t __RNvCs8NmtnyK3jgT_7___rustc17___rust_drop_panic
00000001000a3ee8 t __RNvCs8NmtnyK3jgT_7___rustc17rust_begin_unwind
000000010007acf0 t __RNvCs8NmtnyK3jgT_7___rustc18___rust_start_panic
000000010007ae84 t __RNvCs8NmtnyK3jgT_7___rustc20___rust_panic_cleanup
00000001000a3f08 t __RNvCs8NmtnyK3jgT_7___rustc24___rust_foreign_exception
00000001000b5c14 t __RNvCs8NmtnyK3jgT_7___rustc26___rust_alloc_error_handler
0000000100001944 t __RNvCskAKTUtOaNfB_10nanoda_bin4main
0000000100009670 t __RNvMNtCs8FVZETqzQuY_5alloc6stringNtB2_6String15from_utf8_lossy
0000000100015270 t __RNvMNtCsaHq5tZPZTZc_10nanoda_lib2tcNtNtB4_4util10ExportFile12check_declar
000000010001f238 t __RNvMNtCsaHq5tZPZTZc_10nanoda_lib4utilINtB2_3PtrRINtNtCs8FVZETqzQuY_5alloc6borrow3CoweEE4fromB4_
000000010003905c t __RNvMNtCsaHq5tZPZTZc_10nanoda_lib6parserNtB2_7BackRef9assert_ie
0000000100081bcc t __RNvMNtCshadIWLSE2I4_6semver10identifierNtB2_10Identifier13new_unchecked
000000010008fab8 t __RNvMNtCskVK6E6MebBV_9addr2line4unitINtB2_7ResUnitINtNtNtCseAcyr1bdVEo_5gimli4read12endian_slice11EndianSliceNtNtBS_9endianity12LittleEndianEE25find_function_or_locationCs8nMiDB8lWwf_3std
000000010008d0e0 t __RNvMNtCskVK6E6MebBV_9addr2line5frameINtB2_9FrameIterINtNtNtCseAcyr1bdVEo_5gimli4read12endian_slice11EndianSliceNtNtBV_9endianity12LittleEndianEE4nextCs8nMiDB8lWwf_3std
00000001000a3f54 t __RNvMNtNtCs8nMiDB8lWwf_3std6thread6scopedNtB2_9ScopeData29decrement_num_running_threads
00000001000b5c38 t __RNvMNtNtCs8nMiDB8lWwf_3std6thread6scopedNtB2_9ScopeData8overflow
000000010000b990 t __RNvMNtNtCsf0LoT3TAtAe_4core4char7methodsc11is_assigned
000000010007e87c t __RNvMNtNtCsf0LoT3TAtAe_4core4char7methodsc11is_assigned.1736
000000010000b400 t __RNvMNtNtCsf0LoT3TAtAe_4core4char7methodsc16escape_debug_ext
000000010007e5d4 t __RNvMNtNtCsf0LoT3TAtAe_4core4char7methodsc16escape_debug_ext.1734
00000001000b5c60 t __RNvMNtNtNtNtCs8nMiDB8lWwf_3std3sys4sync4once5queueNtB2_4Once4call
000000010001f454 t __RNvMs0_NtCsaHq5tZPZTZc_10nanoda_lib4exprNtNtB7_4util5TcCtx11is_nat_zero
000000010001f5d8 t __RNvMs0_NtCsaHq5tZPZTZc_10nanoda_lib4exprNtNtB7_4util5TcCtx11unfold_apps
000000010001ff10 t __RNvMs0_NtCsaHq5tZPZTZc_10nanoda_lib4exprNtNtB7_4util5TcCtx12bool_to_expr
00000001000204d4 t __RNvMs0_NtCsaHq5tZPZTZc_10nanoda_lib4exprNtNtB7_4util5TcCtx15unfold_apps_fun
000000010001f7b8 t __RNvMs0_NtCsaHq5tZPZTZc_10nanoda_lib4exprNtNtB7_4util5TcCtx16abstr_aux_levels
0000000100020560 t __RNvMs0_NtCsaHq5tZPZTZc_10nanoda_lib4exprNtNtB7_4util5TcCtx16get_major_induct
00000001000206f0 t __RNvMs0_NtCsaHq5tZPZTZc_10nanoda_lib4exprNtNtB7_4util5TcCtx16pred_of_nat_succ
0000000100020d0c t __RNvMs0_NtCsaHq5tZPZTZc_10nanoda_lib4exprNtNtB7_4util5TcCtx17subst_expr_levels
0000000100021e30 t __RNvMs0_NtCsaHq5tZPZTZc_10nanoda_lib4exprNtNtB7_4util5TcCtx18inst_forall_params
0000000100021f80 t __RNvMs0_NtCsaHq5tZPZTZc_10nanoda_lib4exprNtNtB7_4util5TcCtx20get_bignum_from_expr
0000000100022138 t __RNvMs0_NtCsaHq5tZPZTZc_10nanoda_lib4exprNtNtB7_4util5TcCtx22abstr_lambda_telescope
000000010002229c t __RNvMs0_NtCsaHq5tZPZTZc_10nanoda_lib4exprNtNtB7_4util5TcCtx22nat_lit_to_constructor
0000000100022564 t __RNvMs0_NtCsaHq5tZPZTZc_10nanoda_lib4exprNtNtB7_4util5TcCtx22str_lit_to_constructor
0000000100022a40 t __RNvMs0_NtCsaHq5tZPZTZc_10nanoda_lib4exprNtNtB7_4util5TcCtx25get_bignum_succ_from_expr
0000000100013d84 t __RNvMs0_NtCsaHq5tZPZTZc_10nanoda_lib4exprNtNtB7_4util5TcCtx8abstr_pi
000000010001ffd8 t __RNvMs0_NtCsaHq5tZPZTZc_10nanoda_lib4exprNtNtB7_4util5TcCtx8inst_aux
0000000100013eb0 t __RNvMs0_NtCsaHq5tZPZTZc_10nanoda_lib4exprNtNtB7_4util5TcCtx9abstr_aux
0000000100022e08 t __RNvMs0_NtCsaHq5tZPZTZc_10nanoda_lib4exprNtNtB7_4util5TcCtx9has_fvars
0000000100021038 t __RNvMs0_NtCsaHq5tZPZTZc_10nanoda_lib4exprNtNtB7_4util5TcCtx9subst_aux
0000000100022ec0 t __RNvMs0_NtCsaHq5tZPZTZc_10nanoda_lib4nameNtNtB7_4util5TcCtx11concat_name
0000000100022fec t __RNvMs0_NtCsaHq5tZPZTZc_10nanoda_lib4nameNtNtB7_4util5TcCtx11replace_pfx
000000010002317c t __RNvMs0_NtCsaHq5tZPZTZc_10nanoda_lib4nameNtNtB7_4util5TcCtx18append_index_after
0000000100024368 t __RNvMs0_NtCsaHq5tZPZTZc_10nanoda_lib5levelNtNtB7_4util5TcCtx11eq_antisymm
00000001000216a8 t __RNvMs0_NtCsaHq5tZPZTZc_10nanoda_lib5levelNtNtB7_4util5TcCtx11subst_level
00000001000243fc t __RNvMs0_NtCsaHq5tZPZTZc_10nanoda_lib5levelNtNtB7_4util5TcCtx13is_never_zero
00000001000244c8 t __RNvMs0_NtCsaHq5tZPZTZc_10nanoda_lib5levelNtNtB7_4util5TcCtx14contains_param
0000000100024658 t __RNvMs0_NtCsaHq5tZPZTZc_10nanoda_lib5levelNtNtB7_4util5TcCtx16eq_antisymm_many
000000010002402c t __RNvMs0_NtCsaHq5tZPZTZc_10nanoda_lib5levelNtNtB7_4util5TcCtx17leq_imax_by_cases
0000000100024914 t __RNvMs0_NtCsaHq5tZPZTZc_10nanoda_lib5levelNtNtB7_4util5TcCtx19all_uparams_defined
0000000100024ab4 t __RNvMs0_NtCsaHq5tZPZTZc_10nanoda_lib5levelNtNtB7_4util5TcCtx7is_zero
00000001000235dc t __RNvMs0_NtCsaHq5tZPZTZc_10nanoda_lib5levelNtNtB7_4util5TcCtx8leq_core
0000000100023344 t __RNvMs0_NtCsaHq5tZPZTZc_10nanoda_lib5levelNtNtB7_4util5TcCtx8simplify
00000001000241e8 t __RNvMs0_NtCsaHq5tZPZTZc_10nanoda_lib5levelNtNtB7_4util5TcCtx9combining
00000001000b1eac t __RNvMs0_NtCsqfweSlTIyW_10serde_json5errorNtB5_5Error2io
00000001000b1f20 t __RNvMs0_NtCsqfweSlTIyW_10serde_json5errorNtB5_5Error6syntax
000000010008ec40 t __RNvMs0_NtNtCseAcyr1bdVEo_5gimli4read5dwarfINtB5_5DwarfINtNtB7_12endian_slice11EndianSliceNtNtB9_9endianity12LittleEndianEE11attr_stringCs8nMiDB8lWwf_3std
00000001000a4fb8 t __RNvMs10_NtNtNtCs8FVZETqzQuY_5alloc11collections5btree4nodeINtB6_16BalancingContextjNtNtNtNtNtNtCs8nMiDB8lWwf_3std3sys3pal4unix14stack_overflow11thread_info10ThreadInfoE15bulk_steal_leftB1v_
00000001000a5428 t __RNvMs10_NtNtNtCs8FVZETqzQuY_5alloc11collections5btree4nodeINtB6_16BalancingContextjNtNtNtNtNtNtCs8nMiDB8lWwf_3std3sys3pal4unix14stack_overflow11thread_info10ThreadInfoE16bulk_steal_rightB1v_
000000010008ca48 t __RNvMs16_NtCs8nMiDB8lWwf_3std4pathNtB6_4Path5__join
000000010007db80 t __RNvMs1_NtCs14PaYreGDoz_14rustc_demangle2v0NtB5_10HexNibbles14try_parse_uint
0000000100060060 t __RNvMs1_NtCsaHq5tZPZTZc_10nanoda_lib3envNtB5_12RecursorData11aux_data_ck
000000010002ddc4 t __RNvMs1_NtCsaHq5tZPZTZc_10nanoda_lib3envNtB5_12RecursorData9major_idx
000000010002de18 t __RNvMs1_NtCsaHq5tZPZTZc_10nanoda_lib9inductiveNtNtB7_2tc11TypeChecker12mk_recursors
0000000100030730 t __RNvMs1_NtCsaHq5tZPZTZc_10nanoda_lib9inductiveNtNtB7_2tc11TypeChecker15is_rec_argument
0000000100031974 t __RNvMs1_NtCsaHq5tZPZTZc_10nanoda_lib9inductiveNtNtB7_2tc11TypeChecker15restore_replace
0000000100032250 t __RNvMs1_NtCsaHq5tZPZTZc_10nanoda_lib9inductiveNtNtB7_2tc11TypeChecker16get_local_params
000000010002923c t __RNvMs1_NtCsaHq5tZPZTZc_10nanoda_lib9inductiveNtNtB7_2tc11TypeChecker16is_valid_ind_app
000000010003090c t __RNvMs1_NtCsaHq5tZPZTZc_10nanoda_lib9inductiveNtNtB7_2tc11TypeChecker17restore_and_check
0000000100032500 t __RNvMs1_NtCsaHq5tZPZTZc_10nanoda_lib9inductiveNtNtB7_2tc11TypeChecker18replace_all_nested
000000010002af8c t __RNvMs1_NtCsaHq5tZPZTZc_10nanoda_lib9inductiveNtNtB7_2tc11TypeChecker19which_valid_ind_app
0000000100030eac t __RNvMs1_NtCsaHq5tZPZTZc_10nanoda_lib9inductiveNtNtB7_2tc11TypeChecker24check_restored_recursor1
0000000100030310 t __RNvMs1_NtCsaHq5tZPZTZc_10nanoda_lib9inductiveNtNtB7_2tc11TypeChecker24sep_nonrec_rec_ctor_args
0000000100033508 t __RNvMs1_NtCsaHq5tZPZTZc_10nanoda_lib9inductiveNtNtB7_2tc11TypeChecker27assert_nonnested_tys_def_eq
0000000100033708 t __RNvMs1_NtCsaHq5tZPZTZc_10nanoda_lib9inductiveNtNtB7_2tc11TypeChecker29assert_nonnested_ctors_def_eq
000000010003397c t __RNvMs1_NtCsaHq5tZPZTZc_10nanoda_lib9inductiveNtNtB7_2tc11TypeChecker33assert_nonnested_recursors_def_eq
0000000100034058 t __RNvMs1_NtCsaHq5tZPZTZc_10nanoda_lib9inductiveNtNtB7_2tc11TypeChecker39mk_specialized_rec_to_unspecialized_map
0000000100031618 t __RNvMs1_NtCsaHq5tZPZTZc_10nanoda_lib9inductiveNtNtB7_2tc11TypeChecker9restore_e
0000000100091648 t __RNvMs1_NtCskVK6E6MebBV_9addr2line8functionINtB5_8FunctionINtNtNtCseAcyr1bdVEo_5gimli4read12endian_slice11EndianSliceNtNtB10_9endianity12LittleEndianEE14parse_childrenCs8nMiDB8lWwf_3std
00000001000720f8 t __RNvMs1_NtCskVSbilJxPKa_9hashbrown3mapINtB5_7HashMapINtNtCsaHq5tZPZTZc_10nanoda_lib4util3PtrRNtNtBS_4expr4ExprEBN_INtNtCsf0LoT3TAtAe_4core4hash18BuildHasherDefaultNtNtBS_13unique_hasher12UniqueHasherEE6insertBS_
0000000100072270 t __RNvMs1_NtCskVSbilJxPKa_9hashbrown3mapINtB5_7HashMapINtNtCsaHq5tZPZTZc_10nanoda_lib4util3PtrRNtNtBS_4expr4ExprEbINtNtCsf0LoT3TAtAe_4core4hash18BuildHasherDefaultNtCsfSrsiEmBR8f_10rustc_hash8FxHasherEE6insertBS_
0000000100072404 t __RNvMs1_NtCskVSbilJxPKa_9hashbrown3mapINtB5_7HashMapINtNtCsaHq5tZPZTZc_10nanoda_lib4util3PtrRNtNtBS_4name4NameETjjEINtNtCsf0LoT3TAtAe_4core4hash18BuildHasherDefaultNtCsfSrsiEmBR8f_10rustc_hash8FxHasherEE6insertBS_
00000001000725d0 t __RNvMs1_NtCskVSbilJxPKa_9hashbrown3mapINtB5_7HashMapINtNtCsaHq5tZPZTZc_10nanoda_lib4util3PtrRNtNtBS_4name4NameEuINtNtCsf0LoT3TAtAe_4core4hash18BuildHasherDefaultNtCsfSrsiEmBR8f_10rustc_hash8FxHasherEE6insertBS_
000000010007274c t __RNvMs1_NtCskVSbilJxPKa_9hashbrown3mapINtB5_7HashMapNtNtCsaHq5tZPZTZc_10nanoda_lib4util10SortedPairuINtNtCsf0LoT3TAtAe_4core4hash18BuildHasherDefaultNtCsfSrsiEmBR8f_10rustc_hash8FxHasherEE6insertBR_
00000001000728dc t __RNvMs1_NtCskVSbilJxPKa_9hashbrown3mapINtB5_7HashMapReuINtNtCsf0LoT3TAtAe_4core4hash18BuildHasherDefaultNtCsfSrsiEmBR8f_10rustc_hash8FxHasherEE6insertCsaHq5tZPZTZc_10nanoda_lib
0000000100072b3c t __RNvMs1_NtCskVSbilJxPKa_9hashbrown3mapINtB5_7HashMapTINtNtCsaHq5tZPZTZc_10nanoda_lib4util3PtrRNtNtBT_4expr4ExprEIBP_RINtNtCs8FVZETqzQuY_5alloc4sync3ArcSIBP_RNtNtBT_5level5LevelEEEB1L_EBO_INtNtCsf0LoT3TAtAe_4core4hash18BuildHasherDefaultNtCsfSrsiEmBR8f_10rustc_hash8FxHasherEE6insertBT_
0000000100072d18 t __RNvMs1_NtCskVSbilJxPKa_9hashbrown3mapINtB5_7HashMapTINtNtCsaHq5tZPZTZc_10nanoda_lib4util3PtrRNtNtBT_4expr4ExprEtEBO_INtNtCsf0LoT3TAtAe_4core4hash18BuildHasherDefaultNtCsfSrsiEmBR8f_10rustc_hash8FxHasherEE6insertBT_
000000010000be74 t __RNvMs1_NtNtCsf0LoT3TAtAe_4core3fmt8buildersNtB5_11DebugStruct5field
00000001000a9518 t __RNvMs1_NtNtNtCsbcFOZH0T4Uy_5serde7private2de7contentINtB5_19ContentDeserializerNtNtCsqfweSlTIyW_10serde_json5error5ErrorE12invalid_typeCsaHq5tZPZTZc_10nanoda_lib
0000000100085584 t __RNvMs1_NtNtNtNtCs8nMiDB8lWwf_3std3sys4sync6rwlock5queueNtB5_6RwLock12unlock_queue
00000001000b5a78 t __RNvMs1_NtNtNtNtCs8nMiDB8lWwf_3std3sys4sync6rwlock5queueNtB5_6RwLock16unlock_contended
00000001000b5a38 t __RNvMs1_NtNtNtNtCs8nMiDB8lWwf_3std3sys4sync6rwlock5queueNtB5_6RwLock21read_unlock_contended
000000010007d034 t __RNvMs2_NtCs14PaYreGDoz_14rustc_demangle2v0NtB5_6Parser10integer_62
000000010007dadc t __RNvMs2_NtCs14PaYreGDoz_14rustc_demangle2v0NtB5_6Parser11hex_nibbles
000000010007c284 t __RNvMs2_NtCs14PaYreGDoz_14rustc_demangle2v0NtB5_6Parser14opt_integer_62
000000010007c31c t __RNvMs2_NtCs14PaYreGDoz_14rustc_demangle2v0NtB5_6Parser5ident
000000010007ea18 t __RNvMs2_NtCs14PaYreGDoz_14rustc_demangle2v0NtB5_6Parser7backref
0000000100067328 t __RNvMs2_NtCs5QtJyBtwgZZ_8indexmap3mapINtB5_8IndexMapINtNtCs8FVZETqzQuY_5alloc4sync3ArcSINtNtCsaHq5tZPZTZc_10nanoda_lib4util3PtrRNtNtB1r_5level5LevelEEuINtNtCsf0LoT3TAtAe_4core4hash18BuildHasherDefaultNtCsfSrsiEmBR8f_10rustc_hash8FxHasherEE11insert_fullB1r_
0000000100067788 t __RNvMs2_NtCs5QtJyBtwgZZ_8indexmap3mapINtB5_8IndexMapINtNtCs8FVZETqzQuY_5alloc6borrow3CoweEuINtNtCsf0LoT3TAtAe_4core4hash18BuildHasherDefaultNtCsfSrsiEmBR8f_10rustc_hash8FxHasherEE11insert_fullCsaHq5tZPZTZc_10nanoda_lib
0000000100067c64 t __RNvMs2_NtCs5QtJyBtwgZZ_8indexmap3mapINtB5_8IndexMapINtNtCsaHq5tZPZTZc_10nanoda_lib4util3PtrRNtNtBS_4name4NameEBN_INtNtCsf0LoT3TAtAe_4core4hash18BuildHasherDefaultNtCsfSrsiEmBR8f_10rustc_hash8FxHasherEE11insert_fullBS_
0000000100068058 t __RNvMs2_NtCs5QtJyBtwgZZ_8indexmap3mapINtB5_8IndexMapINtNtCsaHq5tZPZTZc_10nanoda_lib4util3PtrRNtNtBS_4name4NameENtNtBS_3env6DeclarINtNtCsf0LoT3TAtAe_4core4hash18BuildHasherDefaultNtCsfSrsiEmBR8f_10rustc_hash8FxHasherEE11insert_fullBS_
00000001000684d4 t __RNvMs2_NtCs5QtJyBtwgZZ_8indexmap3mapINtB5_8IndexMapNtNtCsaHq5tZPZTZc_10nanoda_lib4expr4ExpruINtNtCsf0LoT3TAtAe_4core4hash18BuildHasherDefaultNtNtBR_13unique_hasher12UniqueHasherEE11insert_fullBR_
0000000100068ae0 t __RNvMs2_NtCs5QtJyBtwgZZ_8indexmap3mapINtB5_8IndexMapNtNtCsaHq5tZPZTZc_10nanoda_lib4name4NameuINtNtCsf0LoT3TAtAe_4core4hash18BuildHasherDefaultNtNtBR_13unique_hasher12UniqueHasherEE11insert_fullBR_
0000000100068eb8 t __RNvMs2_NtCs5QtJyBtwgZZ_8indexmap3mapINtB5_8IndexMapNtNtCsaHq5tZPZTZc_10nanoda_lib5level5LeveluINtNtCsf0LoT3TAtAe_4core4hash18BuildHasherDefaultNtNtBR_13unique_hasher12UniqueHasherEE11insert_fullBR_
00000001000692c0 t __RNvMs2_NtCs5QtJyBtwgZZ_8indexmap3mapINtB5_8IndexMapNtNtCslgqtUP0bYJ1_10num_bigint7biguint7BigUintuINtNtCsf0LoT3TAtAe_4core4hash18BuildHasherDefaultNtCsfSrsiEmBR8f_10rustc_hash8FxHasherEE11insert_fullCsaHq5tZPZTZc_10nanoda_lib
0000000100075d5c t __RNvMs2_NtCs8FVZETqzQuY_5alloc7raw_vecNtB5_11RawVecInner16shrink_uncheckedCslgqtUP0bYJ1_10num_bigint
0000000100056ba0 t __RNvMs2_NtCsaHq5tZPZTZc_10nanoda_lib14pretty_printerNtB5_6DocPtr10nest_group
0000000100054344 t __RNvMs2_NtCsaHq5tZPZTZc_10nanoda_lib14pretty_printerNtB5_6DocPtr10render_aux
00000001000545e4 t __RNvMs2_NtCsaHq5tZPZTZc_10nanoda_lib14pretty_printerNtB5_6DocPtr13contains_line
0000000100054678 t __RNvMs2_NtCsaHq5tZPZTZc_10nanoda_lib14pretty_printerNtB5_6DocPtr18dist_to_first_line
0000000100056b18 t __RNvMs2_NtCsaHq5tZPZTZc_10nanoda_lib14pretty_printerNtB5_6DocPtr5group
000000010005470c t __RNvMs2_NtCsaHq5tZPZTZc_10nanoda_lib14pretty_printerNtB5_6DocPtr9flat_size
000000010001342c t __RNvMs2_NtCsaHq5tZPZTZc_10nanoda_lib4utilNtB5_5TcCtx10alloc_expr
000000010001d958 t __RNvMs2_NtCsaHq5tZPZTZc_10nanoda_lib4utilNtB5_5TcCtx10alloc_name
0000000100021d3c t __RNvMs2_NtCsaHq5tZPZTZc_10nanoda_lib4utilNtB5_5TcCtx11alloc_level
00000001000229e8 t __RNvMs2_NtCsaHq5tZPZTZc_10nanoda_lib4utilNtB5_5TcCtx11read_string
0000000100020970 t __RNvMs2_NtCsaHq5tZPZTZc_10nanoda_lib4utilNtB5_5TcCtx12alloc_bignum
00000001000219f8 t __RNvMs2_NtCsaHq5tZPZTZc_10nanoda_lib4utilNtB5_5TcCtx12alloc_levels
000000010001da48 t __RNvMs2_NtCsaHq5tZPZTZc_10nanoda_lib4utilNtB5_5TcCtx12alloc_string
000000010001fe90 t __RNvMs2_NtCsaHq5tZPZTZc_10nanoda_lib4utilNtB5_5TcCtx12fvar_to_bvar
0000000100024af4 t __RNvMs2_NtCsaHq5tZPZTZc_10nanoda_lib4utilNtB5_5TcCtx14read_expr_pair
0000000100024b98 t __RNvMs2_NtCsaHq5tZPZTZc_10nanoda_lib4utilNtB5_5TcCtx16mk_nat_lit_quick
0000000100024c34 t __RNvMs2_NtCsaHq5tZPZTZc_10nanoda_lib4utilNtB5_5TcCtx17replace_dbj_level
000000010001f2cc t __RNvMs2_NtCsaHq5tZPZTZc_10nanoda_lib4utilNtB5_5TcCtx18alloc_levels_slice
00000001000143dc t __RNvMs2_NtCsaHq5tZPZTZc_10nanoda_lib4utilNtB5_5TcCtx5mk_pi
0000000100013130 t __RNvMs2_NtCsaHq5tZPZTZc_10nanoda_lib4utilNtB5_5TcCtx6mk_app
0000000100014bec t __RNvMs2_NtCsaHq5tZPZTZc_10nanoda_lib4utilNtB5_5TcCtx6mk_let
0000000100014700 t __RNvMs2_NtCsaHq5tZPZTZc_10nanoda_lib4utilNtB5_5TcCtx7mk_proj
0000000100022980 t __RNvMs2_NtCsaHq5tZPZTZc_10nanoda_lib4utilNtB5_5TcCtx8mk_const
00000001000148c8 t __RNvMs2_NtCsaHq5tZPZTZc_10nanoda_lib4utilNtB5_5TcCtx9mk_lambda
0000000100024cfc t __RNvMs2_NtCsaHq5tZPZTZc_10nanoda_lib4utilNtB5_5TcCtx9read_expr
000000010008fe58 t __RNvMs2_NtCskVK6E6MebBV_9addr2line6lookupINtB5_13LoopingLookupINtNtCsf0LoT3TAtAe_4core6result6ResultINtNtB7_5frame9FrameIterINtNtNtCseAcyr1bdVEo_5gimli4read12endian_slice11EndianSliceNtNtB24_9endianity12LittleEndianEENtB22_5ErrorEINtB5_12MappedLookupIBY_TINtNtB12_6option6OptionRINtNtB7_8function8FunctionB1X_EEIB45_NtB1C_8LocationEEB3s_EINtB5_12SimpleLookupIBY_TNtB7_9DebugFileINtNtB22_5dwarf7UnitRefB1X_EEB3s_EB1X_NCNvMNtB7_4unitINtB6K_7ResUnitB1X_E14dwarf_and_units4_0ENCNvB6J_25find_function_or_location0ENCNvMs_B7_INtB7_7ContextB1X_E11find_frames0E10new_lookupCs8nMiDB8lWwf_3std
0000000100083074 t __RNvMs2_NtCsqfweSlTIyW_10serde_json2deNtB5_12ParserNumber12invalid_type
0000000100069fb8 t __RNvMs2_NtNtNtCs8nMiDB8lWwf_3std11collections4hash3setINtB5_7HashSetRINtNtCsaHq5tZPZTZc_10nanoda_lib4util3PtrRNtNtB19_4name4NameEE9is_subsetB19_
000000010000eac4 t __RNvMs3_NtCs8FVZETqzQuY_5alloc7raw_vecNtB5_11RawVecInner10deallocateCseAcyr1bdVEo_5gimli
000000010005406c t __RNvMs3_NtCsaHq5tZPZTZc_10nanoda_lib14pretty_printerNtB5_9Parenable6parens
0000000100024d60 t __RNvMs3_NtCsaHq5tZPZTZc_10nanoda_lib4utilNtB5_7LeanDag13mk_name_cache
000000010001d0fc t __RNvMs3_NtCsaHq5tZPZTZc_10nanoda_lib4utilNtB5_7LeanDag3new
0000000100025188 t __RNvMs3_NtCsaHq5tZPZTZc_10nanoda_lib4utilNtB5_7LeanDag9find_name
000000010004d41c t __RNvMs3_NtCsqfweSlTIyW_10serde_json2deINtB5_12DeserializerINtNtB7_4read6IoReadINtNtNtNtCs8nMiDB8lWwf_3std2io8buffered9bufreader9BufReaderNtNtB1m_2fs4FileEEE11parse_identCsaHq5tZPZTZc_10nanoda_lib
000000010004d82c t __RNvMs3_NtCsqfweSlTIyW_10serde_json2deINtB5_12DeserializerINtNtB7_4read6IoReadINtNtNtNtCs8nMiDB8lWwf_3std2io8buffered9bufreader9BufReaderNtNtB1m_2fs4FileEEE12parse_numberCsaHq5tZPZTZc_10nanoda_lib
000000010004d974 t __RNvMs3_NtCsqfweSlTIyW_10serde_json2deINtB5_12DeserializerINtNtB7_4read6IoReadINtNtNtNtCs8nMiDB8lWwf_3std2io8buffered9bufreader9BufReaderNtNtB1m_2fs4FileEEE13parse_decimalCsaHq5tZPZTZc_10nanoda_lib
000000010004d584 t __RNvMs3_NtCsqfweSlTIyW_10serde_json2deINtB5_12DeserializerINtNtB7_4read6IoReadINtNtNtNtCs8nMiDB8lWwf_3std2io8buffered9bufreader9BufReaderNtNtB1m_2fs4FileEEE13parse_integerCsaHq5tZPZTZc_10nanoda_lib
000000010004ef78 t __RNvMs3_NtCsqfweSlTIyW_10serde_json2deINtB5_12DeserializerINtNtB7_4read6IoReadINtNtNtNtCs8nMiDB8lWwf_3std2io8buffered9bufreader9BufReaderNtNtB1m_2fs4FileEEE14ignore_integerCsaHq5tZPZTZc_10nanoda_lib
000000010004dc74 t __RNvMs3_NtCsqfweSlTIyW_10serde_json2deINtB5_12DeserializerINtNtB7_4read6IoReadINtNtNtNtCs8nMiDB8lWwf_3std2io8buffered9bufreader9BufReaderNtNtB1m_2fs4FileEEE14parse_exponentCsaHq5tZPZTZc_10nanoda_lib
000000010004f26c t __RNvMs3_NtCsqfweSlTIyW_10serde_json2deINtB5_12DeserializerINtNtB7_4read6IoReadINtNtNtNtCs8nMiDB8lWwf_3std2io8buffered9bufreader9BufReaderNtNtB1m_2fs4FileEEE15ignore_exponentCsaHq5tZPZTZc_10nanoda_lib
000000010004d2a8 t __RNvMs3_NtCsqfweSlTIyW_10serde_json2deINtB5_12DeserializerINtNtB7_4read6IoReadINtNtNtNtCs8nMiDB8lWwf_3std2io8buffered9bufreader9BufReaderNtNtB1m_2fs4FileEEE16parse_whitespaceCsaHq5tZPZTZc_10nanoda_lib
00000001000a9b34 t __RNvMs3_NtCsqfweSlTIyW_10serde_json2deINtB5_12DeserializerINtNtB7_4read6IoReadINtNtNtNtCs8nMiDB8lWwf_3std2io8buffered9bufreader9BufReaderNtNtB1m_2fs4FileEEE17peek_invalid_typeCsaHq5tZPZTZc_10nanoda_lib
00000001000a9d78 t __RNvMs3_NtCsqfweSlTIyW_10serde_json2deINtB5_12DeserializerINtNtB7_4read6IoReadINtNtNtNtCs8nMiDB8lWwf_3std2io8buffered9bufreader9BufReaderNtNtB1m_2fs4FileEEE18parse_long_integerCsaHq5tZPZTZc_10nanoda_lib
000000010004ed20 t __RNvMs3_NtCsqfweSlTIyW_10serde_json2deINtB5_12DeserializerINtNtB7_4read6IoReadINtNtNtNtCs8nMiDB8lWwf_3std2io8buffered9bufreader9BufReaderNtNtB1m_2fs4FileEEE18parse_object_colonCsaHq5tZPZTZc_10nanoda_lib
00000001000aa0ac t __RNvMs3_NtCsqfweSlTIyW_10serde_json2deINtB5_12DeserializerINtNtB7_4read6IoReadINtNtNtNtCs8nMiDB8lWwf_3std2io8buffered9bufreader9BufReaderNtNtB1m_2fs4FileEEE22parse_decimal_overflowCsaHq5tZPZTZc_10nanoda_lib
00000001000a9f84 t __RNvMs3_NtCsqfweSlTIyW_10serde_json2deINtB5_12DeserializerINtNtB7_4read6IoReadINtNtNtNtCs8nMiDB8lWwf_3std2io8buffered9bufreader9BufReaderNtNtB1m_2fs4FileEEE23parse_exponent_overflowCsaHq5tZPZTZc_10nanoda_lib
000000010004ee3c t __RNvMs3_NtCsqfweSlTIyW_10serde_json2deINtB5_12DeserializerINtNtB7_4read6IoReadINtNtNtNtCs8nMiDB8lWwf_3std2io8buffered9bufreader9BufReaderNtNtB1m_2fs4FileEEE7end_mapCsaHq5tZPZTZc_10nanoda_lib
000000010004cf94 t __RNvMs3_NtCsqfweSlTIyW_10serde_json2deINtB5_12DeserializerINtNtB7_4read6IoReadINtNtNtNtCs8nMiDB8lWwf_3std2io8buffered9bufreader9BufReaderNtNtB1m_2fs4FileEEE7end_seqCsaHq5tZPZTZc_10nanoda_lib
00000001000b1938 t __RNvMs3_NtCsqfweSlTIyW_10serde_json2deINtB5_12DeserializerNtNtB7_4read7StrReadE10peek_errorB7_
000000010004fc28 t __RNvMs3_NtCsqfweSlTIyW_10serde_json2deINtB5_12DeserializerNtNtB7_4read7StrReadE12parse_numberCsaHq5tZPZTZc_10nanoda_lib
000000010004fabc t __RNvMs3_NtCsqfweSlTIyW_10serde_json2deINtB5_12DeserializerNtNtB7_4read7StrReadE13parse_integerCsaHq5tZPZTZc_10nanoda_lib
0000000100082e20 t __RNvMs3_NtCsqfweSlTIyW_10serde_json2deINtB5_12DeserializerNtNtB7_4read7StrReadE14parse_exponentB7_
000000010004fee4 t __RNvMs3_NtCsqfweSlTIyW_10serde_json2deINtB5_12DeserializerNtNtB7_4read7StrReadE14parse_exponentCsaHq5tZPZTZc_10nanoda_lib
00000001000aa2e8 t __RNvMs3_NtCsqfweSlTIyW_10serde_json2deINtB5_12DeserializerNtNtB7_4read7StrReadE17peek_invalid_typeCsaHq5tZPZTZc_10nanoda_lib
00000001000b1a08 t __RNvMs3_NtCsqfweSlTIyW_10serde_json2deINtB5_12DeserializerNtNtB7_4read7StrReadE18parse_long_integerB7_
00000001000b1d70 t __RNvMs3_NtCsqfweSlTIyW_10serde_json2deINtB5_12DeserializerNtNtB7_4read7StrReadE22parse_decimal_overflowB7_
00000001000b1cd4 t __RNvMs3_NtCsqfweSlTIyW_10serde_json2deINtB5_12DeserializerNtNtB7_4read7StrReadE23parse_exponent_overflowB7_
00000001000b19b0 t __RNvMs3_NtCsqfweSlTIyW_10serde_json2deINtB5_12DeserializerNtNtB7_4read7StrReadE5errorB7_
000000010004f970 t __RNvMs3_NtCsqfweSlTIyW_10serde_json2deINtB5_12DeserializerNtNtB7_4read7StrReadE7end_mapCsaHq5tZPZTZc_10nanoda_lib
0000000100082400 t __RNvMs3_NtCsqfweSlTIyW_10serde_json4readNtB5_9SliceRead17position_of_index
00000001000b143c t __RNvMs3_NtCsqfweSlTIyW_10serde_json4readNtB5_9SliceRead19skip_to_escape_slow
000000010007bb54 t __RNvMs4_NtCs14PaYreGDoz_14rustc_demangle2v0NtB5_7Printer10print_path
000000010007c9d8 t __RNvMs4_NtCs14PaYreGDoz_14rustc_demangle2v0NtB5_7Printer10print_type
000000010007d10c t __RNvMs4_NtCs14PaYreGDoz_14rustc_demangle2v0NtB5_7Printer11print_const
000000010007d854 t __RNvMs4_NtCs14PaYreGDoz_14rustc_demangle2v0NtB5_7Printer16print_const_uint
000000010007ddd0 t __RNvMs4_NtCs14PaYreGDoz_14rustc_demangle2v0NtB5_7Printer23print_const_str_literal
000000010007d720 t __RNvMs4_NtCs14PaYreGDoz_14rustc_demangle2v0NtB5_7Printer25print_lifetime_from_index
000000010007f3e0 t __RNvMs4_NtCs14PaYreGDoz_14rustc_demangle2v0NtB5_7Printer30print_path_maybe_open_generics
000000010007efb0 t __RNvMs4_NtCs14PaYreGDoz_14rustc_demangle2v0NtB5_7Printer9print_pat
00000001000b06bc t __RNvMs4_NtCs8FVZETqzQuY_5alloc7raw_vecINtB5_6RawVecINtCs5QtJyBtwgZZ_8indexmap6BucketINtNtB7_4sync3ArcSINtNtCsaHq5tZPZTZc_10nanoda_lib4util3PtrRNtNtB1G_5level5LevelEEuEE8grow_oneB1G_
00000001000b0724 t __RNvMs4_NtCs8FVZETqzQuY_5alloc7raw_vecINtB5_6RawVecINtCs5QtJyBtwgZZ_8indexmap6BucketINtNtB7_6borrow3CoweEuEE8grow_oneCsaHq5tZPZTZc_10nanoda_lib
00000001000b078c t __RNvMs4_NtCs8FVZETqzQuY_5alloc7raw_vecINtB5_6RawVecINtCs5QtJyBtwgZZ_8indexmap6BucketINtNtCsaHq5tZPZTZc_10nanoda_lib4util3PtrRNtNtB1o_4name4NameEB1j_EE8grow_oneB1o_
00000001000b07f4 t __RNvMs4_NtCs8FVZETqzQuY_5alloc7raw_vecINtB5_6RawVecINtCs5QtJyBtwgZZ_8indexmap6BucketINtNtCsaHq5tZPZTZc_10nanoda_lib4util3PtrRNtNtB1o_4name4NameENtNtB1o_3env6DeclarEE8grow_oneB1o_
00000001000b085c t __RNvMs4_NtCs8FVZETqzQuY_5alloc7raw_vecINtB5_6RawVecINtCs5QtJyBtwgZZ_8indexmap6BucketNtNtCsaHq5tZPZTZc_10nanoda_lib4expr4ExpruEE8grow_oneB1n_
00000001000b08c4 t __RNvMs4_NtCs8FVZETqzQuY_5alloc7raw_vecINtB5_6RawVecINtNtCsaHq5tZPZTZc_10nanoda_lib4util3PtrRNtNtBR_4expr4ExprEE8grow_oneBR_
00000001000b092c t __RNvMs4_NtCs8FVZETqzQuY_5alloc7raw_vecINtB5_6RawVecINtNtCsf0LoT3TAtAe_4core6option6OptionTNtNtNtCsleWiFORkTeD_10serde_core7private7content7ContentB1p_EEE8grow_oneCsaHq5tZPZTZc_10nanoda_lib
00000001000b54d8 t __RNvMs4_NtCs8FVZETqzQuY_5alloc7raw_vecINtB5_6RawVecINtNtCskVK6E6MebBV_9addr2line4unit7ResUnitINtNtNtCseAcyr1bdVEo_5gimli4read12endian_slice11EndianSliceNtNtB1z_9endianity12LittleEndianEEE8grow_oneCs8nMiDB8lWwf_3std
00000001000b5540 t __RNvMs4_NtCs8FVZETqzQuY_5alloc7raw_vecINtB5_6RawVecINtNtCskVK6E6MebBV_9addr2line4unit7SupUnitINtNtNtCseAcyr1bdVEo_5gimli4read12endian_slice11EndianSliceNtNtB1z_9endianity12LittleEndianEEE8grow_oneCs8nMiDB8lWwf_3std
00000001000b5300 t __RNvMs4_NtCs8FVZETqzQuY_5alloc7raw_vecINtB5_6RawVecINtNtCskVK6E6MebBV_9addr2line8function12LazyFunctionINtNtNtCseAcyr1bdVEo_5gimli4read12endian_slice11EndianSliceNtNtB1J_9endianity12LittleEndianEEE8grow_oneCs8nMiDB8lWwf_3std
00000001000b5298 t __RNvMs4_NtCs8FVZETqzQuY_5alloc7raw_vecINtB5_6RawVecINtNtCskVK6E6MebBV_9addr2line8function15InlinedFunctionINtNtNtCseAcyr1bdVEo_5gimli4read12endian_slice11EndianSliceNtNtB1M_9endianity12LittleEndianEEE8grow_oneCs8nMiDB8lWwf_3std
00000001000b3f60 t __RNvMs4_NtCs8FVZETqzQuY_5alloc7raw_vecINtB5_6RawVecINtNtNtCseAcyr1bdVEo_5gimli4read4line9FileEntryINtNtBR_12endian_slice11EndianSliceNtNtBT_9endianity12LittleEndianEjEE8grow_oneCs8nMiDB8lWwf_3std
00000001000b55a8 t __RNvMs4_NtCs8FVZETqzQuY_5alloc7raw_vecINtB5_6RawVecINtNtNtCseAcyr1bdVEo_5gimli4read4unit14AttributeValueINtNtBR_12endian_slice11EndianSliceNtNtBT_9endianity12LittleEndianEjEE8grow_oneCs8nMiDB8lWwf_3std
00000001000b0994 t __RNvMs4_NtCs8FVZETqzQuY_5alloc7raw_vecINtB5_6RawVecNtNtCsaHq5tZPZTZc_10nanoda_lib14pretty_printer12ParsedBinderE8grow_oneBQ_
00000001000b09fc t __RNvMs4_NtCs8FVZETqzQuY_5alloc7raw_vecINtB5_6RawVecNtNtCsaHq5tZPZTZc_10nanoda_lib14pretty_printer6DocPtrE8grow_oneBQ_
00000001000b0a64 t __RNvMs4_NtCs8FVZETqzQuY_5alloc7raw_vecINtB5_6RawVecNtNtCsaHq5tZPZTZc_10nanoda_lib3env7RecRuleE8grow_oneBQ_
00000001000b0acc t __RNvMs4_NtCs8FVZETqzQuY_5alloc7raw_vecINtB5_6RawVecNtNtCsaHq5tZPZTZc_10nanoda_lib6parser11ConstructorE8grow_oneBQ_
00000001000b0b34 t __RNvMs4_NtCs8FVZETqzQuY_5alloc7raw_vecINtB5_6RawVecNtNtCsaHq5tZPZTZc_10nanoda_lib6parser7IndInfoE8grow_oneBQ_
00000001000b0b9c t __RNvMs4_NtCs8FVZETqzQuY_5alloc7raw_vecINtB5_6RawVecNtNtCsaHq5tZPZTZc_10nanoda_lib9inductive10CtorHeaderE8grow_oneBQ_
00000001000b5678 t __RNvMs4_NtCs8FVZETqzQuY_5alloc7raw_vecINtB5_6RawVecNtNtCshNmMiv247NE_6object4read13ObjectMapFileE8grow_oneCs8nMiDB8lWwf_3std
00000001000b56e0 t __RNvMs4_NtCs8FVZETqzQuY_5alloc7raw_vecINtB5_6RawVecNtNtCshNmMiv247NE_6object4read14ObjectMapEntryE8grow_oneCs8nMiDB8lWwf_3std
00000001000b10f8 t __RNvMs4_NtCs8FVZETqzQuY_5alloc7raw_vecINtB5_6RawVecNtNtCsqfweSlTIyW_10serde_json5value5ValueE8grow_oneBQ_
00000001000b5610 t __RNvMs4_NtCs8FVZETqzQuY_5alloc7raw_vecINtB5_6RawVecNtNtNtCseAcyr1bdVEo_5gimli4read4line15FileEntryFormatE8grow_oneCs8nMiDB8lWwf_3std
000000010000ec78 t __RNvMs4_NtCs8FVZETqzQuY_5alloc7raw_vecINtB5_6RawVecNtNtNtCseAcyr1bdVEo_5gimli4read6abbrev12AbbreviationE8grow_oneBS_
000000010000ed38 t __RNvMs4_NtCs8FVZETqzQuY_5alloc7raw_vecINtB5_6RawVecNtNtNtCseAcyr1bdVEo_5gimli4read6abbrev22AttributeSpecificationE8grow_oneBS_
00000001000b281c t __RNvMs4_NtCs8FVZETqzQuY_5alloc7raw_vecINtB5_6RawVecNtNtNtNtCs8nMiDB8lWwf_3std12backtrace_rs9symbolize5gimli14LibrarySegmentE8grow_oneBU_
00000001000b5368 t __RNvMs4_NtCs8FVZETqzQuY_5alloc7raw_vecINtB5_6RawVecRINtNtCskVK6E6MebBV_9addr2line8function15InlinedFunctionINtNtNtCseAcyr1bdVEo_5gimli4read12endian_slice11EndianSliceNtNtB1N_9endianity12LittleEndianEEE8grow_oneCs8nMiDB8lWwf_3std
00000001000b591c t __RNvMs4_NtCs8FVZETqzQuY_5alloc7raw_vecINtB5_6RawVecTOhFUKCBN_EuENtNtCs8nMiDB8lWwf_3std5alloc6SystemE8grow_oneB13_
00000001000a8f48 t __RNvMs4_NtCs8FVZETqzQuY_5alloc7raw_vecINtB5_6RawVechE8grow_oneB7_
00000001000b0fd8 t __RNvMs4_NtCs8FVZETqzQuY_5alloc7raw_vecINtB5_6RawVecyE8grow_oneCslgqtUP0bYJ1_10num_bigint
0000000100060290 t __RNvMs4_NtCsaHq5tZPZTZc_10nanoda_lib3envNtB5_3Env10get_declar
00000001000603d8 t __RNvMs4_NtCsaHq5tZPZTZc_10nanoda_lib3envNtB5_3Env12get_recursor
0000000100060524 t __RNvMs4_NtCsaHq5tZPZTZc_10nanoda_lib3envNtB5_3Env13can_be_struct
000000010006069c t __RNvMs4_NtCsaHq5tZPZTZc_10nanoda_lib3envNtB5_3Env13get_inductive
00000001000607e8 t __RNvMs4_NtCsaHq5tZPZTZc_10nanoda_lib3envNtB5_3Env13get_structure
0000000100060974 t __RNvMs4_NtCsaHq5tZPZTZc_10nanoda_lib3envNtB5_3Env15get_constructor
0000000100098c30 t __RNvMs4_NtNtCseAcyr1bdVEo_5gimli4read5dwarfINtB5_4UnitINtNtB7_12endian_slice11EndianSliceNtNtB9_9endianity12LittleEndianEjE3newCs8nMiDB8lWwf_3std
000000010000ed68 t __RNvMs4_NtNtCseAcyr1bdVEo_5gimli4read6abbrevNtB5_13Abbreviations6insert
0000000100098338 t __RNvMs4_NtNtCseAcyr1bdVEo_5gimli4read7arangesINtB5_12ArangeHeaderINtNtB7_12endian_slice11EndianSliceNtNtB9_9endianity12LittleEndianEjE5parseCs8nMiDB8lWwf_3std
00000001000b59b0 t __RNvMs5_NtCs8FVZETqzQuY_5alloc7raw_vecINtB5_11RawVecInnerNtNtCs8nMiDB8lWwf_3std5alloc6SystemE11finish_growBW_
00000001000b5940 t __RNvMs5_NtCs8FVZETqzQuY_5alloc7raw_vecINtB5_11RawVecInnerNtNtCs8nMiDB8lWwf_3std5alloc6SystemE14grow_amortizedBW_
00000001000a8e9c t __RNvMs5_NtCs8FVZETqzQuY_5alloc7raw_vecNtB5_11RawVecInner11finish_growB7_
00000001000b2320 t __RNvMs5_NtCs8FVZETqzQuY_5alloc7raw_vecNtB5_11RawVecInner11finish_growCs8nMiDB8lWwf_3std
00000001000b0588 t __RNvMs5_NtCs8FVZETqzQuY_5alloc7raw_vecNtB5_11RawVecInner11finish_growCsaHq5tZPZTZc_10nanoda_lib
00000001000a9428 t __RNvMs5_NtCs8FVZETqzQuY_5alloc7raw_vecNtB5_11RawVecInner11finish_growCseAcyr1bdVEo_5gimli
00000001000b0f50 t __RNvMs5_NtCs8FVZETqzQuY_5alloc7raw_vecNtB5_11RawVecInner11finish_growCslgqtUP0bYJ1_10num_bigint
00000001000b1160 t __RNvMs5_NtCs8FVZETqzQuY_5alloc7raw_vecNtB5_11RawVecInner11finish_growCsqfweSlTIyW_10serde_json
000000010000eca8 t __RNvMs5_NtCs8FVZETqzQuY_5alloc7raw_vecNtB5_11RawVecInner14grow_amortizedCseAcyr1bdVEo_5gimli
000000010005db18 t __RNvMs5_NtCs8FVZETqzQuY_5alloc7raw_vecNtB5_11RawVecInner15try_allocate_inCsaHq5tZPZTZc_10nanoda_lib
00000001000258fc t __RNvMs5_NtCsaHq5tZPZTZc_10nanoda_lib4utilNtB5_7TcCache5clear
000000010000c020 t __RNvMs5_NtNtCsf0LoT3TAtAe_4core3fmt8buildersNtB5_9DebugList5entry
000000010005dbe4 t __RNvMs6_NtCs8FVZETqzQuY_5alloc2rcINtB5_2RcNtNtCsaHq5tZPZTZc_10nanoda_lib14pretty_printer3DocE9drop_slowBH_
000000010005dd28 t __RNvMs6_NtCs8FVZETqzQuY_5alloc2rcINtB5_2RceE9drop_slowCsaHq5tZPZTZc_10nanoda_lib
00000001000986f8 t __RNvMs6_NtNtCseAcyr1bdVEo_5gimli4read4unitINtB5_24DebugInfoUnitHeadersIterINtNtB7_12endian_slice11EndianSliceNtNtB9_9endianity12LittleEndianEE4nextCs8nMiDB8lWwf_3std
000000010000fbac t __RNvMs6_NtNtNtCsbcFOZH0T4Uy_5serde7private2de7contentINtB5_15MapDeserializerNtNtCsqfweSlTIyW_10serde_json5error5ErrorE3endCsaHq5tZPZTZc_10nanoda_lib
00000001000a07e4 t __RNvMs8_NtCs8nMiDB8lWwf_3std4pathNtB5_10Components25parse_next_component_back
000000010008990c t __RNvMs8_NtCs8nMiDB8lWwf_3std4pathNtB5_10Components7as_path
00000001000575fc t __RNvMs8_NtCsaHq5tZPZTZc_10nanoda_lib14pretty_printerNtB5_13PrettyPrinter10pp_binders
0000000100056134 t __RNvMs8_NtCsaHq5tZPZTZc_10nanoda_lib14pretty_printerNtB5_13PrettyPrinter10pp_fun_app
000000010005561c t __RNvMs8_NtCsaHq5tZPZTZc_10nanoda_lib14pretty_printerNtB5_13PrettyPrinter10pp_uparams
0000000100051db8 t __RNvMs8_NtCsaHq5tZPZTZc_10nanoda_lib14pretty_printerNtB5_13PrettyPrinter11pp_expr_aux
00000001000552e0 t __RNvMs8_NtCsaHq5tZPZTZc_10nanoda_lib14pretty_printerNtB5_13PrettyPrinter12pp_name_safe
0000000100056cc4 t __RNvMs8_NtCsaHq5tZPZTZc_10nanoda_lib14pretty_printerNtB5_13PrettyPrinter13parse_binders
00000001000580ac t __RNvMs8_NtCsaHq5tZPZTZc_10nanoda_lib14pretty_printerNtB5_13PrettyPrinter13telescope_aux
0000000100059514 t __RNvMs8_NtCsaHq5tZPZTZc_10nanoda_lib14pretty_printerNtB5_13PrettyPrinter14name_to_string
000000010005b8cc t __RNvMs8_NtCsaHq5tZPZTZc_10nanoda_lib14pretty_printerNtB5_13PrettyPrinter14pp_declar_info
0000000100055eb4 t __RNvMs8_NtCsaHq5tZPZTZc_10nanoda_lib14pretty_printerNtB5_13PrettyPrinter14unfold_apps_pp
00000001000597e4 t __RNvMs8_NtCsaHq5tZPZTZc_10nanoda_lib14pretty_printerNtB5_13PrettyPrinter21should_be_escaped_aux
0000000100054924 t __RNvMs8_NtCsaHq5tZPZTZc_10nanoda_lib14pretty_printerNtB5_13PrettyPrinter8pp_level
0000000100059b84 t __RNvMs8_NtCsaHq5tZPZTZc_10nanoda_lib14pretty_printerNtB5_13PrettyPrinter9pp_declar
000000010009a874 t __RNvMs8_NtNtCseAcyr1bdVEo_5gimli4read5indexINtB5_9UnitIndexINtNtB7_12endian_slice11EndianSliceNtNtB9_9endianity12LittleEndianEE5parseCs8nMiDB8lWwf_3std
0000000100025c08 t __RNvMs9_NtCsaHq5tZPZTZc_10nanoda_lib14pretty_printerNtNtB7_4util5TcCtx7has_var
00000001000a62d0 t __RNvMs9_NtNtCs8nMiDB8lWwf_3std2io5stdioNtB5_6Stdout4lock
00000001000394dc t __RNvMsF_NtCs8FVZETqzQuY_5alloc3vecINtB5_3VecNtNtB7_6string6StringE8push_mutCsaHq5tZPZTZc_10nanoda_lib
000000010000e9a4 t __RNvMsJ_NtNtNtCs8FVZETqzQuY_5alloc11collections5btree4nodeINtB5_6HandleINtB5_7NodeRefNtNtB5_6marker3MutyNtNtNtCseAcyr1bdVEo_5gimli4read6abbrev12AbbreviationNtB1m_4LeafENtB1m_4EdgeE10insert_fitB1J_
000000010000eb0c t __RNvMsM_NtNtNtCs8FVZETqzQuY_5alloc11collections5btree4nodeINtB5_6HandleINtB5_7NodeRefNtNtB5_6marker3MutyNtNtNtCseAcyr1bdVEo_5gimli4read6abbrev12AbbreviationNtB1m_8InternalENtB1m_4EdgeE10insert_fitB1J_
000000010000e97c t __RNvMs_NtCs8FVZETqzQuY_5alloc5boxedINtB4_3BoxINtNtNtNtB6_11collections5btree4node12InternalNodeyNtNtNtCseAcyr1bdVEo_5gimli4read6abbrev12AbbreviationEE13new_uninit_inB1B_
000000010000e954 t __RNvMs_NtCs8FVZETqzQuY_5alloc5boxedINtB4_3BoxINtNtNtNtB6_11collections5btree4node8LeafNodeyNtNtNtCseAcyr1bdVEo_5gimli4read6abbrev12AbbreviationEE13new_uninit_inB1w_
000000010002c744 t __RNvMs_NtCsaHq5tZPZTZc_10nanoda_lib2tcNtB4_11TypeChecker10def_eq_app
000000010002ab88 t __RNvMs_NtCsaHq5tZPZTZc_10nanoda_lib2tcNtB4_11TypeChecker10unfold_def
000000010002c664 t __RNvMs_NtCsaHq5tZPZTZc_10nanoda_lib2tcNtB4_11TypeChecker11def_eq_proj
000000010002c9f0 t __RNvMs_NtCsaHq5tZPZTZc_10nanoda_lib2tcNtB4_11TypeChecker11def_eq_unit
000000010002d7d0 t __RNvMs_NtCsaHq5tZPZTZc_10nanoda_lib2tcNtB4_11TypeChecker12get_rec_rule
000000010002d46c t __RNvMs_NtCsaHq5tZPZTZc_10nanoda_lib2tcNtB4_11TypeChecker14to_ctor_when_k
000000010002c918 t __RNvMs_NtCsaHq5tZPZTZc_10nanoda_lib2tcNtB4_11TypeChecker14try_eta_struct
000000010002a42c t __RNvMs_NtCsaHq5tZPZTZc_10nanoda_lib2tcNtB4_11TypeChecker14try_reduce_nat
000000010003430c t __RNvMs_NtCsaHq5tZPZTZc_10nanoda_lib2tcNtB4_11TypeChecker17check_declar_info
000000010002c1b0 t __RNvMs_NtCsaHq5tZPZTZc_10nanoda_lib2tcNtB4_11TypeChecker17def_eq_binder_aux
000000010002c8c4 t __RNvMs_NtCsaHq5tZPZTZc_10nanoda_lib2tcNtB4_11TypeChecker17try_eta_expansion
000000010002ccd8 t __RNvMs_NtCsaHq5tZPZTZc_10nanoda_lib2tcNtB4_11TypeChecker18try_eta_struct_aux
000000010002d8f4 t __RNvMs_NtCsaHq5tZPZTZc_10nanoda_lib2tcNtB4_11TypeChecker19iota_try_eta_struct
000000010002cef0 t __RNvMs_NtCsaHq5tZPZTZc_10nanoda_lib2tcNtB4_11TypeChecker21try_eta_expansion_aux
0000000100029888 t __RNvMs_NtCsaHq5tZPZTZc_10nanoda_lib2tcNtB4_11TypeChecker21whnf_no_unfolding_aux
000000010002d784 t __RNvMs_NtCsaHq5tZPZTZc_10nanoda_lib2tcNtB4_11TypeChecker24str_lit_to_ctor_reducing
000000010002c978 t __RNvMs_NtCsaHq5tZPZTZc_10nanoda_lib2tcNtB4_11TypeChecker24try_string_lit_expansion
000000010002cb74 t __RNvMs_NtCsaHq5tZPZTZc_10nanoda_lib2tcNtB4_11TypeChecker28try_string_lit_expansion_aux
00000001000290c4 t __RNvMs_NtCsaHq5tZPZTZc_10nanoda_lib2tcNtB4_11TypeChecker4whnf
0000000100027348 t __RNvMs_NtCsaHq5tZPZTZc_10nanoda_lib2tcNtB4_11TypeChecker5infer
000000010002b098 t __RNvMs_NtCsaHq5tZPZTZc_10nanoda_lib2tcNtB4_11TypeChecker6def_eq
0000000100060ac0 t __RNvMs_NtCsaHq5tZPZTZc_10nanoda_lib3envNtB4_13InductiveData11aux_data_ck
000000010003822c t __RNvMs_NtCsaHq5tZPZTZc_10nanoda_lib6parserINtB4_6ParserINtNtNtNtCs8nMiDB8lWwf_3std2io8buffered9bufreader9BufReaderNtNtBX_5stdio5StdinEE14name_to_stringB6_
00000001000391b4 t __RNvMs_NtCsaHq5tZPZTZc_10nanoda_lib6parserINtB4_6ParserINtNtNtNtCs8nMiDB8lWwf_3std2io8buffered9bufreader9BufReaderNtNtBX_5stdio5StdinEE15get_uparams_ptrB6_
0000000100034994 t __RNvMs_NtCsaHq5tZPZTZc_10nanoda_lib6parserINtB4_6ParserINtNtNtNtCs8nMiDB8lWwf_3std2io8buffered9bufreader9BufReaderNtNtBX_5stdio5StdinEE3go1B6_
0000000100039770 t __RNvMs_NtCsaHq5tZPZTZc_10nanoda_lib6parserINtB4_6ParserINtNtNtNtCs8nMiDB8lWwf_3std2io8buffered9bufreader9BufReaderNtNtBX_5stdio5StdinEE9get_namesB6_
0000000100039120 t __RNvMs_NtCsaHq5tZPZTZc_10nanoda_lib6parserINtB4_6ParserINtNtNtNtCs8nMiDB8lWwf_3std2io8buffered9bufreader9BufReaderNtNtBX_5stdio5StdinEE9has_fvarsB6_
000000010001e8dc t __RNvMs_NtCsaHq5tZPZTZc_10nanoda_lib9inductiveNtNtB6_4util5TcCtx24ck_recursor_names_simple
00000001000098a4 t __RNvMs_NtNtCs8FVZETqzQuY_5alloc3ffi5c_strNtB4_7CString19__from_vec_unchecked
0000000100088988 t __RNvMs_NtNtCs8nMiDB8lWwf_3std12backtrace_rs5printNtB4_17BacktraceFrameFmt21print_raw_with_column
00000001000a0e98 t __RNvMs_NtNtCs8nMiDB8lWwf_3std12backtrace_rs9symbolizeNtB4_6Symbol4name
00000001000a2ecc t __RNvMs_NtNtCs8nMiDB8lWwf_3std6thread6threadNtB4_6Thread3new
000000010008cd34 t __RNvMs_NtNtNtCs8nMiDB8lWwf_3std12backtrace_rs9symbolize5gimliNtB4_7Context11find_frames
000000010008a74c t __RNvMs_NtNtNtCs8nMiDB8lWwf_3std12backtrace_rs9symbolize5gimliNtB4_7Context3new
00000001000afd84 t __RNvMs_NtNtNtCs8nMiDB8lWwf_3std2io8buffered9bufwriterINtB4_9BufWriterNtNtB8_5stdio6StdoutE10write_coldCsaHq5tZPZTZc_10nanoda_lib
00000001000b5f20 t __RNvMs_NtNtNtCs8nMiDB8lWwf_3std2io8buffered9bufwriterINtB4_9BufWriterNtNtB8_5stdio9StdoutRawE10write_coldBa_
00000001000b601c t __RNvMs_NtNtNtCs8nMiDB8lWwf_3std2io8buffered9bufwriterINtB4_9BufWriterNtNtB8_5stdio9StdoutRawE14write_all_coldBa_
00000001000a6748 t __RNvMs_NtNtNtCs8nMiDB8lWwf_3std2io8buffered9bufwriterINtB4_9BufWriterNtNtB8_5stdio9StdoutRawE9flush_bufBa_
00000001000affe0 t __RNvMs_NtNtNtCs8nMiDB8lWwf_3std2io8buffered9bufwriterINtB4_9BufWriterNtNtBa_2fs4FileE10write_coldCsaHq5tZPZTZc_10nanoda_lib
0000000100089b60 t __RNvMs_NtNtNtNtCs8nMiDB8lWwf_3std12backtrace_rs9symbolize5gimli5machoNtB4_6Object5parse
000000010009818c t __RNvMs_NtNtNtNtCs8nMiDB8lWwf_3std12backtrace_rs9symbolize5gimli5machoNtB4_6Object7section
0000000100050214 t __RNvMsa_NtCs31fSfFKH9QI_9hashbrown3rawNtB5_13RawTableInner15rehash_in_place
000000010000ad68 t __RNvMsa_NtCsf0LoT3TAtAe_4core3fmtNtB5_9Formatter12pad_integral
000000010000c160 t __RNvMsa_NtCsf0LoT3TAtAe_4core3fmtNtB5_9Formatter26debug_struct_field1_finish
000000010000c224 t __RNvMsa_NtCsf0LoT3TAtAe_4core3fmtNtB5_9Formatter26debug_struct_fields_finish
000000010000a258 t __RNvMsa_NtCsf0LoT3TAtAe_4core3fmtNtB5_9Formatter3pad
0000000100050870 t __RNvMsa_NtCskVSbilJxPKa_9hashbrown3rawNtB5_13RawTableInner15rehash_in_place
000000010009293c t __RNvMsb_NtNtCseAcyr1bdVEo_5gimli4read4unitINtB5_9AttributeINtNtB7_12endian_slice11EndianSliceNtNtB9_9endianity12LittleEndianEE5valueCs8nMiDB8lWwf_3std
0000000100094914 t __RNvMsc_NtNtCseAcyr1bdVEo_5gimli4read4unitINtB5_14AttributeValueINtNtB7_12endian_slice11EndianSliceNtNtB9_9endianity12LittleEndianEjE8u8_valueCs8nMiDB8lWwf_3std
00000001000949a8 t __RNvMsc_NtNtCseAcyr1bdVEo_5gimli4read4unitINtB5_14AttributeValueINtNtB7_12endian_slice11EndianSliceNtNtB9_9endianity12LittleEndianEjE9u16_valueCs8nMiDB8lWwf_3std
0000000100094f30 t __RNvMsc_NtNtCseAcyr1bdVEo_5gimli4read8rnglistsINtB5_11RngListIterINtNtB7_12endian_slice11EndianSliceNtNtB9_9endianity12LittleEndianEE4nextCs8nMiDB8lWwf_3std
000000010009b6d4 t __RNvMsd_NtNtCseAcyr1bdVEo_5gimli4read4lineINtB5_9FileEntryINtNtB7_12endian_slice11EndianSliceNtNtB9_9endianity12LittleEndianEjE5parseCs8nMiDB8lWwf_3std
00000001000975d0 t __RNvMsf_NtNtCseAcyr1bdVEo_5gimli4read4unitINtB5_13EntriesCursorINtNtB7_12endian_slice11EndianSliceNtNtB9_9endianity12LittleEndianEE10next_entryCs8nMiDB8lWwf_3std
000000010007f880 t __RNvMsf_NtNtCsf0LoT3TAtAe_4core3str4iterINtB5_13SplitInternalcE4nextCs14PaYreGDoz_14rustc_demangle
0000000100025670 t __RNvMsf_NtNtCsf0LoT3TAtAe_4core3str4iterINtB5_13SplitInternalcE4nextCsaHq5tZPZTZc_10nanoda_lib
000000010000b174 t __RNvMsf_NtNtNtCsf0LoT3TAtAe_4core3fmt3num3impy10__fmt_inner
0000000100076200 t __RNvMsg_NtCslgqtUP0bYJ1_10num_bigint7biguintNtB5_7BigUint10normalized.1617
00000001000787e8 t __RNvMsg_NtCslgqtUP0bYJ1_10num_bigint7biguintNtB5_7BigUint10normalized.1635
000000010005e2f4 t __RNvMsi_NtNtNtCs8FVZETqzQuY_5alloc11collections5btree3mapINtB5_8BTreeMapNtNtBb_6string6StringNtNtCsqfweSlTIyW_10serde_json5value5ValueE6insertCsaHq5tZPZTZc_10nanoda_lib
00000001000a0950 t __RNvMsi_NtNtNtCs8nMiDB8lWwf_3std3sys2fs4unixNtB5_4File6open_c
00000001000a6fe4 t __RNvMsj_NtCs8nMiDB8lWwf_3std2fsNtB5_11OpenOptions5__open
000000010005dd54 t __RNvMsm_NtCs8FVZETqzQuY_5alloc2rcINtB5_2RcShE15copy_from_sliceCsaHq5tZPZTZc_10nanoda_lib
0000000100079204 t __RNvMsm_NtCslgqtUP0bYJ1_10num_bigint6bigintNtB5_6BigInt12from_biguint
000000010005de00 t __RNvMsn_NtCs8FVZETqzQuY_5alloc4syncINtB5_3ArcINtNtNtCs8nMiDB8lWwf_3std6thread9lifecycle6PacketuEE9drop_slowCsaHq5tZPZTZc_10nanoda_lib
0000000100090294 t __RNvMsn_NtCs8FVZETqzQuY_5alloc4syncINtB5_3ArcINtNtNtCseAcyr1bdVEo_5gimli4read5dwarf5DwarfINtNtBL_12endian_slice11EndianSliceNtNtBN_9endianity12LittleEndianEEE9drop_slowCs8nMiDB8lWwf_3std
00000001000a3100 t __RNvMsn_NtCs8FVZETqzQuY_5alloc4syncINtB5_3ArcINtNtNtCsf0LoT3TAtAe_4core3mem12maybe_uninit11MaybeUninitNtNtNtCs8nMiDB8lWwf_3std6thread6thread5InnerENtNtB1H_5alloc6SystemE9drop_slowB1H_
000000010005df38 t __RNvMsn_NtCs8FVZETqzQuY_5alloc4syncINtB5_3ArcNtNtNtCs8nMiDB8lWwf_3std6thread6scoped9ScopeDataE9drop_slowCsaHq5tZPZTZc_10nanoda_lib
0000000100085518 t __RNvMsn_NtCs8FVZETqzQuY_5alloc4syncINtB5_3ArcNtNtNtCs8nMiDB8lWwf_3std6thread6thread5InnerNtNtBM_5alloc6SystemE9drop_slowBM_
00000001000a6b60 t __RNvMsn_NtCs8FVZETqzQuY_5alloc4syncINtB5_3ArcNtNtNtCs8nMiDB8lWwf_3std6thread9spawnhook9SpawnHookE9drop_slowBM_
0000000100097028 t __RNvMsn_NtCs8FVZETqzQuY_5alloc4syncINtB5_3ArcNtNtNtCseAcyr1bdVEo_5gimli4read6abbrev13AbbreviationsE9drop_slowCs8nMiDB8lWwf_3std
000000010008c9a0 t __RNvMsn_NtCs8FVZETqzQuY_5alloc4syncINtB5_3ArcNtNtNtNtCs8nMiDB8lWwf_3std3sys2fs4unix12InnerReadDirE9drop_slowBO_
000000010005e018 t __RNvMsn_NtCs8FVZETqzQuY_5alloc4syncINtB5_3ArcSINtNtCsaHq5tZPZTZc_10nanoda_lib4util3PtrRNtNtBM_4name4NameEE9drop_slowBM_
000000010005e040 t __RNvMsn_NtCs8FVZETqzQuY_5alloc4syncINtB5_3ArceE9drop_slowCsaHq5tZPZTZc_10nanoda_lib
000000010000c540 t __RNvMsu_NtNtCsf0LoT3TAtAe_4core3str7patternNtB5_11StrSearcher3new
000000010005efd0 t __RNvMsz_NtNtNtCs8FVZETqzQuY_5alloc11collections5btree3mapINtB5_8IntoIterNtNtBb_6string6StringNtNtCsqfweSlTIyW_10serde_json5value5ValueE10dying_nextCsaHq5tZPZTZc_10nanoda_lib
00000001000973d8 t __RNvMsz_NtNtNtCs8FVZETqzQuY_5alloc11collections5btree3mapINtB5_8IntoIteryINtNtCsf0LoT3TAtAe_4core6result6ResultINtNtBb_4sync3ArcNtNtNtCseAcyr1bdVEo_5gimli4read6abbrev13AbbreviationsENtB25_5ErrorEE10dying_nextCs8nMiDB8lWwf_3std
00000001000ecc88 s __RNvNCNKNvNtNtCs8nMiDB8lWwf_3std6thread9spawnhook11SPAWN_HOOKS0023___RUST_STD_INTERNAL_VAL
00000001000ecd30 s __RNvNCNKNvNtNtCs8nMiDB8lWwf_3std6thread9spawnhook11SPAWN_HOOKS0023___RUST_STD_INTERNAL_VAL$tlv$init
00000001000ecca0 s __RNvNCNKNvNtNtCs8nMiDB8lWwf_3std9panicking11panic_count17LOCAL_PANIC_COUNT0s_023___RUST_STD_INTERNAL_VAL
00000001000ecd78 s __RNvNCNKNvNtNtCs8nMiDB8lWwf_3std9panicking11panic_count17LOCAL_PANIC_COUNT0s_023___RUST_STD_INTERNAL_VAL$tlv$init
00000001000eccb8 s __RNvNCNKNvNvMNtNtCs8nMiDB8lWwf_3std4hash6randomNtBa_11RandomState3new4KEYS0s_023___RUST_STD_INTERNAL_VAL
00000001000ecd88 s __RNvNCNKNvNvMNtNtCs8nMiDB8lWwf_3std4hash6randomNtBa_11RandomState3new4KEYS0s_023___RUST_STD_INTERNAL_VAL$tlv$init
00000001000ec280 d __RNvNCNvNtCs8nMiDB8lWwf_3std9panicking12default_hook011FIRST_PANIC
000000010007eab0 t __RNvNtCs14PaYreGDoz_14rustc_demangle2v010basic_type
00000001000a8f10 t __RNvNtCs8FVZETqzQuY_5alloc5alloc18handle_alloc_error
00000001000a8e10 t __RNvNtCs8FVZETqzQuY_5alloc7raw_vec12handle_error
00000001000a8f28 t __RNvNtCs8FVZETqzQuY_5alloc7raw_vec17capacity_overflow
00000001000a63b4 t __RNvNtCs8nMiDB8lWwf_3std2rt7cleanup
00000001000a393c t __RNvNtCs8nMiDB8lWwf_3std5alloc24default_alloc_error_hook
00000001000b5c2c t __RNvNtCs8nMiDB8lWwf_3std5alloc8rust_oom
00000001000a73f8 t __RNvNtCs8nMiDB8lWwf_3std5panic13resume_unwind
00000001000ecda0 b __RNvNtCs8nMiDB8lWwf_3std5panic14SHOULD_CAPTURE
0000000100085874 t __RNvNtCs8nMiDB8lWwf_3std5panic19get_backtrace_style
00000001000b5e40 t __RNvNtCs8nMiDB8lWwf_3std7process4exit
00000001000b221c t __RNvNtCs8nMiDB8lWwf_3std7process5abort
00000001000a7404 t __RNvNtCs8nMiDB8lWwf_3std9panicking13resume_unwind
0000000100084fd4 t __RNvNtCs8nMiDB8lWwf_3std9panicking15panic_with_hook
0000000100056a14 t __RNvNtCsaHq5tZPZTZc_10nanoda_lib14pretty_printer15zero_width_line
0000000100060e5c t __RNvNtCsaHq5tZPZTZc_10nanoda_lib4quot10check_quot
0000000100025e4c t __RNvNtCsaHq5tZPZTZc_10nanoda_lib4util7nat_div
0000000100025f10 t __RNvNtCsaHq5tZPZTZc_10nanoda_lib4util7nat_gcd
0000000100026338 t __RNvNtCsaHq5tZPZTZc_10nanoda_lib4util7nat_lor
00000001000263ec t __RNvNtCsaHq5tZPZTZc_10nanoda_lib4util7nat_mod
00000001000a9728 t __RNvNtCsaHq5tZPZTZc_10nanoda_lib4util7nat_shl
00000001000a994c t __RNvNtCsaHq5tZPZTZc_10nanoda_lib4util7nat_shr
00000001000267a4 t __RNvNtCsaHq5tZPZTZc_10nanoda_lib4util7nat_sub
00000001000268d4 t __RNvNtCsaHq5tZPZTZc_10nanoda_lib4util7nat_xor
00000001000269b4 t __RNvNtCsaHq5tZPZTZc_10nanoda_lib4util8nat_land
000000010003858c t __RNvNtCsaHq5tZPZTZc_10nanoda_lib6parser12check_semver
0000000100069748 t __RNvNtCsaHq5tZPZTZc_10nanoda_lib9inductive18ctor_app_params_ok
000000010000a0a4 t __RNvNtCsf0LoT3TAtAe_4core3fmt5write
0000000100050ebc t __RNvNtCsf0LoT3TAtAe_4core3ptr25swap_nonoverlapping_bytes
00000001000a91e4 t __RNvNtCsf0LoT3TAtAe_4core3str16slice_error_fail
000000010000cd40 t __RNvNtCsf0LoT3TAtAe_4core3str19slice_error_fail_rt
00000001000a920c t __RNvNtCsf0LoT3TAtAe_4core4cell22panic_already_borrowed
00000001000a923c t __RNvNtCsf0LoT3TAtAe_4core6option13expect_failed
00000001000a91f0 t __RNvNtCsf0LoT3TAtAe_4core6option13unwrap_failed
00000001000a926c t __RNvNtCsf0LoT3TAtAe_4core6result13unwrap_failed
00000001000a92b4 t __RNvNtCsf0LoT3TAtAe_4core9panicking14panic_nounwind
00000001000a9314 t __RNvNtCsf0LoT3TAtAe_4core9panicking16panic_in_cleanup
00000001000a908c t __RNvNtCsf0LoT3TAtAe_4core9panicking18panic_bounds_check
00000001000a92d8 t __RNvNtCsf0LoT3TAtAe_4core9panicking18panic_nounwind_fmt
00000001000a8fa8 t __RNvNtCsf0LoT3TAtAe_4core9panicking19assert_failed_inner
00000001000a9308 t __RNvNtCsf0LoT3TAtAe_4core9panicking19panic_cannot_unwind
00000001000a9320 t __RNvNtCsf0LoT3TAtAe_4core9panicking26panic_nounwind_nobacktrace
00000001000a91d0 t __RNvNtCsf0LoT3TAtAe_4core9panicking5panic
00000001000a9064 t __RNvNtCsf0LoT3TAtAe_4core9panicking9panic_fmt
00000001000c361e s __RNvNtCsgqJ4ilWPoeu_3ryu11digit_table11DIGIT_TABLE
00000001000c36e8 s __RNvNtCsgqJ4ilWPoeu_3ryu14d2s_full_table17DOUBLE_POW5_SPLIT
00000001000c4b48 s __RNvNtCsgqJ4ilWPoeu_3ryu14d2s_full_table21DOUBLE_POW5_INV_SPLIT
0000000100080dc4 t __RNvNtCshadIWLSE2I4_6semver5parse10identifier
0000000100080cd0 t __RNvNtCshadIWLSE2I4_6semver5parse16build_identifier
0000000100080b00 t __RNvNtCshadIWLSE2I4_6semver5parse18numeric_identifier
0000000100080c7c t __RNvNtCshadIWLSE2I4_6semver5parse21prerelease_identifier
0000000100081b84 t __RNvNtCshadIWLSE2I4_6semver7display6digits
0000000100009614 t __RNvNtCskVK6E6MebBV_9addr2line4line23has_backward_slash_root
000000010000943c t __RNvNtCskVK6E6MebBV_9addr2line4line9path_push
00000001000c66a8 s __RNvNtCsqfweSlTIyW_10serde_json2de5POW10
00000001000c62a6 s __RNvNtCsqfweSlTIyW_10serde_json4read4HEX0
00000001000c64a6 s __RNvNtCsqfweSlTIyW_10serde_json4read4HEX1
000000010008311c t __RNvNtCsqfweSlTIyW_10serde_json5error10make_error
00000001000a7a5c t __RNvNtNtCs8nMiDB8lWwf_3std2io5stdio6__print
00000001000a8064 t __RNvNtNtCs8nMiDB8lWwf_3std2io5stdio7__eprint
000000010008c5ec t __RNvNtNtCs8nMiDB8lWwf_3std3sys2fs8read_dir
00000001000b5e50 t __RNvNtNtCs8nMiDB8lWwf_3std3sys4exit4exit
00000001000a1770 t __RNvNtNtCs8nMiDB8lWwf_3std3sys9backtrace15output_filename
0000000100085c90 t __RNvNtNtCs8nMiDB8lWwf_3std3sys9backtrace4lock
00000001000b5ec8 t __RNvNtNtCs8nMiDB8lWwf_3std6thread5local18panic_access_error
00000001000b5ac4 t __RNvNtNtCs8nMiDB8lWwf_3std6thread7current12init_current
00000001000eccd0 s __RNvNtNtCs8nMiDB8lWwf_3std6thread7current7CURRENT
00000001000ecd68 s __RNvNtNtCs8nMiDB8lWwf_3std6thread7current7CURRENT$tlv$init
00000001000b2268 t __RNvNtNtCs8nMiDB8lWwf_3std9panicking11panic_count17is_zero_slow_path
0000000100081ea4 t __RNvNtNtCsbcFOZH0T4Uy_5serde7private2de19flat_map_take_entry
000000010000a564 t __RNvNtNtCsf0LoT3TAtAe_4core3str5count14do_count_chars
000000010000bc00 t __RNvNtNtCsf0LoT3TAtAe_4core3str8converts9from_utf8
00000001000a911c t __RNvNtNtCsf0LoT3TAtAe_4core5slice5index16slice_index_fail
000000010000d1cc t __RNvNtNtCsf0LoT3TAtAe_4core5slice6memchr14memchr_aligned
000000010000d2b4 t __RNvNtNtCsf0LoT3TAtAe_4core5slice6memchr7memrchr
00000001000a9344 t __RNvNtNtCsf0LoT3TAtAe_4core9panicking11panic_const23panic_const_div_by_zero
00000001000a9360 t __RNvNtNtCsf0LoT3TAtAe_4core9panicking11panic_const23panic_const_rem_by_zero
00000001000a937c t __RNvNtNtCsf0LoT3TAtAe_4core9panicking11panic_const24panic_const_add_overflow
00000001000a9398 t __RNvNtNtCsf0LoT3TAtAe_4core9panicking11panic_const24panic_const_mul_overflow
00000001000a93b4 t __RNvNtNtCsf0LoT3TAtAe_4core9panicking11panic_const24panic_const_shl_overflow
00000001000a93d0 t __RNvNtNtCsf0LoT3TAtAe_4core9panicking11panic_const24panic_const_shr_overflow
00000001000a93ec t __RNvNtNtCsf0LoT3TAtAe_4core9panicking11panic_const24panic_const_sub_overflow
00000001000a8ab4 t __RNvNtNtCsg6n0nFCytS7_17compiler_builtins3int19specialized_div_rem12u128_div_rem
00000001000806f0 t __RNvNtNtCsgqJ4ilWPoeu_3ryu6pretty8mantissa19write_mantissa_long
000000010007a9f0 t __RNvNtNtCshNmMiv247NE_6object4read7archive16parse_u64_digits
0000000100076650 t __RNvNtNtCslgqtUP0bYJ1_10num_bigint7biguint14multiplication10scalar_mul
000000010007890c t __RNvNtNtCslgqtUP0bYJ1_10num_bigint7biguint14multiplication17bigint_from_slice
0000000100076854 t __RNvNtNtCslgqtUP0bYJ1_10num_bigint7biguint14multiplication4mac3
0000000100076788 t __RNvNtNtCslgqtUP0bYJ1_10num_bigint7biguint14multiplication4mul3
0000000100079c6c t __RNvNtNtCslgqtUP0bYJ1_10num_bigint7biguint14multiplication8sub_sign
0000000100075dc0 t __RNvNtNtCslgqtUP0bYJ1_10num_bigint7biguint5shift12biguint_shl2
0000000100076324 t __RNvNtNtCslgqtUP0bYJ1_10num_bigint7biguint5shift12biguint_shr2
000000010007a0dc t __RNvNtNtCslgqtUP0bYJ1_10num_bigint7biguint8division12div_rem_core
000000010007a4d8 t __RNvNtNtCslgqtUP0bYJ1_10num_bigint7biguint8division7div_rem
0000000100088fc8 t __RNvNtNtNtCs8nMiDB8lWwf_3std12backtrace_rs9symbolize5gimli4mmap
00000001000ecda8 b __RNvNtNtNtCs8nMiDB8lWwf_3std3sys3env4unix8ENV_LOCK
00000001000b5ab8 t __RNvNtNtNtCs8nMiDB8lWwf_3std3sys3pal4unix14abort_internal
00000001000ecce8 s __RNvNtNtNtCs8nMiDB8lWwf_3std6thread7current2id2ID
00000001000ecd70 s __RNvNtNtNtCs8nMiDB8lWwf_3std6thread7current2id2ID$tlv$init
00000001000a9590 t __RNvNtNtNtCsbcFOZH0T4Uy_5serde7private2de7content18content_unexpected
00000001000c347d s __RNvNtNtNtCsf0LoT3TAtAe_4core7unicode12unicode_data11white_space14WHITESPACE_MAP
000000010000b730 t __RNvNtNtNtCsf0LoT3TAtAe_4core7unicode12unicode_data11white_space6lookup
000000010007e80c t __RNvNtNtNtCsf0LoT3TAtAe_4core7unicode12unicode_data11white_space6lookup.1735
000000010000baf8 t __RNvNtNtNtCsf0LoT3TAtAe_4core7unicode12unicode_data13cn_planes_0_311lookup_slow
00000001000c1180 s __RNvNtNtNtCsf0LoT3TAtAe_4core7unicode12unicode_data13cn_planes_0_317SHORT_OFFSET_RUNS
00000001000c036e s __RNvNtNtNtCsf0LoT3TAtAe_4core7unicode12unicode_data13cn_planes_0_37OFFSETS
000000010000b7a4 t __RNvNtNtNtCsf0LoT3TAtAe_4core7unicode12unicode_data15grapheme_extend11lookup_slow
00000001000c1258 s __RNvNtNtNtCsf0LoT3TAtAe_4core7unicode12unicode_data15grapheme_extend17SHORT_OFFSET_RUNS
00000001000c0923 s __RNvNtNtNtCsf0LoT3TAtAe_4core7unicode12unicode_data15grapheme_extend7OFFSETS
000000010000b8ac t __RNvNtNtNtCsf0LoT3TAtAe_4core7unicode12unicode_data28default_ignorable_code_point11lookup_slow
00000001000c12dc s __RNvNtNtNtCsf0LoT3TAtAe_4core7unicode12unicode_data28default_ignorable_code_point17SHORT_OFFSET_RUNS
00000001000c0c22 s __RNvNtNtNtCsf0LoT3TAtAe_4core7unicode12unicode_data28default_ignorable_code_point7OFFSETS
000000010000ba10 t __RNvNtNtNtCsf0LoT3TAtAe_4core7unicode12unicode_data2cf11lookup_slow
00000001000c130c s __RNvNtNtNtCsf0LoT3TAtAe_4core7unicode12unicode_data2cf17SHORT_OFFSET_RUNS
00000001000c0c45 s __RNvNtNtNtCsf0LoT3TAtAe_4core7unicode12unicode_data2cf7OFFSETS
00000001000892dc t __RNvNtNtNtNtCs8nMiDB8lWwf_3std12backtrace_rs9symbolize5gimli5macho11find_header
00000001000a37c4 t __RNvNtNtNtNtCs8nMiDB8lWwf_3std3sys11personality5dwarf2eh19read_encoded_offset
00000001000ecd00 s __RNvNtNtNtNtCs8nMiDB8lWwf_3std3sys12thread_local11destructors4list5DTORS
00000001000ecd40 s __RNvNtNtNtNtCs8nMiDB8lWwf_3std3sys12thread_local11destructors4list5DTORS$tlv$init
00000001000a27c4 t __RNvNtNtNtNtCs8nMiDB8lWwf_3std3sys12thread_local11destructors4list8register
0000000100085b50 t __RNvNtNtNtNtCs8nMiDB8lWwf_3std3sys2io5error4unix14is_interrupted
0000000100085b2c t __RNvNtNtNtNtCs8nMiDB8lWwf_3std3sys2io5error4unix17decode_error_kind
00000001000a3f98 t __RNvNtNtNtNtCs8nMiDB8lWwf_3std3sys4sync4once5queue4wait
00000001000a9408 t __RNvNtNtNtNtCsf0LoT3TAtAe_4core5slice4sort6shared9smallsort22panic_on_ord_violation
00000001000a568c t __RNvNtNtNtNtNtCs8nMiDB8lWwf_3std3sys3pal4unix14stack_overflow11thread_info16set_current_info
00000001000a474c t __RNvNtNtNtNtNtCs8nMiDB8lWwf_3std3sys3pal4unix14stack_overflow3imp12drop_handler
00000001000a44bc t __RNvNtNtNtNtNtCs8nMiDB8lWwf_3std3sys3pal4unix14stack_overflow3imp12make_handler
00000001000a71a4 t __RNvNtNtNtNtNtCs8nMiDB8lWwf_3std3sys3pal4unix14stack_overflow3imp14signal_handler
00000001000b58fc t __RNvNvMNtNtCs8nMiDB8lWwf_3std6thread2idNtB4_8ThreadId3new9exhausted
00000001000b2720 t __RNvNvMNtNtNtNtNtCs8nMiDB8lWwf_3std3sys3pal4unix4sync5mutexNtB4_5Mutex4lock4fail
00000001000ec288 d __RNvNvMs0_NtNtNtCs8nMiDB8lWwf_3std12backtrace_rs9symbolize5gimliNtB7_5Cache11with_global14MAPPINGS_CACHE
00000001000a4218 t __RNvNvMs0_NtNtNtCs8nMiDB8lWwf_3std3sys6thread4unixNtB7_6Thread3new12thread_start
000000010000b000 t __RNvNvMsa_NtCsf0LoT3TAtAe_4core3fmtNtB7_9Formatter12pad_integral12write_prefix
0000000100009a34 t __RNvNvNtCs8FVZETqzQuY_5alloc3fmt6format12format_inner
000000010007adf8 t __RNvNvNtCsfU72fc8GLFq_12panic_unwind3imp5panic17exception_cleanup
00000001000b1038 t __RNvNvNtCshadIWLSE2I4_6semver10identifier10decode_len15decode_len_cold
0000000100086324 t __RNvNvNtNtNtCs8nMiDB8lWwf_3std12backtrace_rs9backtrace9libunwind5trace8trace_fn
00000001000ecd18 s __RNvNvNtNtNtNtCs8nMiDB8lWwf_3std3sys12thread_local5guard5apple6enable10REGISTERED
00000001000ecd60 s __RNvNvNtNtNtNtCs8nMiDB8lWwf_3std3sys12thread_local5guard5apple6enable10REGISTERED$tlv$init
00000001000a28b4 t __RNvNvNtNtNtNtCs8nMiDB8lWwf_3std3sys12thread_local5guard5apple6enable9run_dtors
0000000100008964 t __RNvXCskAKTUtOaNfB_10nanoda_binNtB2_9MainErrorNtNtCsf0LoT3TAtAe_4core3fmt5Debug3fmt
00000001000a3c80 t __RNvXNtCsf0LoT3TAtAe_4core3anyNtNtCs8FVZETqzQuY_5alloc6string6StringNtB2_3Any7type_idCs8nMiDB8lWwf_3std
00000001000a37b0 t __RNvXNtCsf0LoT3TAtAe_4core3anyReNtB2_3Any7type_idCs8nMiDB8lWwf_3std
00000001000a760c t __RNvXNtCsf0LoT3TAtAe_4core3anyuNtB2_3Any7type_idCs8nMiDB8lWwf_3std
0000000100081030 t __RNvXNtCshadIWLSE2I4_6semver7displayNtB4_7VersionNtNtCsf0LoT3TAtAe_4core3fmt7Display3fmt
0000000100072ee4 t __RNvXNtCskVSbilJxPKa_9hashbrown3mapINtB2_7HashMapINtNtCsaHq5tZPZTZc_10nanoda_lib4util3PtrRNtNtBP_4name4NameEuINtNtCsf0LoT3TAtAe_4core4hash18BuildHasherDefaultNtCsfSrsiEmBR8f_10rustc_hash8FxHasherEENtNtB1N_5clone5Clone5cloneBP_
000000010007100c t __RNvXNtNtCs8FVZETqzQuY_5alloc3vec21spec_from_iter_nestedINtB4_3VecINtNtCsaHq5tZPZTZc_10nanoda_lib4util3PtrRNtNtB16_4name4NameEEINtB2_18SpecFromIterNestedB11_INtNtNtNtCsf0LoT3TAtAe_4core4iter8adapters6copied6CopiedINtNtNtNtCs8nMiDB8lWwf_3std11collections4hash3set4IterB11_EEE9from_iterB16_
00000001000711d0 t __RNvXNtNtCs8FVZETqzQuY_5alloc3vec21spec_from_iter_nestedINtB4_3VecReEINtB2_18SpecFromIterNestedB11_INtNtNtNtCs8nMiDB8lWwf_3std11collections4hash3set8IntoIterB11_EE9from_iterCsaHq5tZPZTZc_10nanoda_lib
00000001000a6a6c t __RNvXNtNtCs8nMiDB8lWwf_3std6thread9spawnhookNtB2_10SpawnHooksNtNtNtCsf0LoT3TAtAe_4core3ops4drop4Drop4drop
000000010000d3cc t __RNvXNtNtCsf0LoT3TAtAe_4core2io5errorNtB2_5ErrorNtNtB6_3fmt5Debug3fmt
000000010007e910 t __RNvXNtNtCsf0LoT3TAtAe_4core3str4iterNtB2_5CharsNtNtNtNtB6_4iter6traits8iterator8Iterator5count
000000010007aa78 t __RNvXNtNtCshNmMiv247NE_6object4read8read_refRShNtB2_7ReadRef19read_bytes_at_until
0000000100078d1c t __RNvXNtNtCslgqtUP0bYJ1_10num_bigint6bigint11subtractionRNtB4_6BigIntNtNtNtCsf0LoT3TAtAe_4core3ops5arith3Sub3sub
00000001000789f4 t __RNvXNtNtCslgqtUP0bYJ1_10num_bigint6bigint8additionRNtB4_6BigIntNtNtNtCsf0LoT3TAtAe_4core3ops5arith3Add3add
00000001000735e0 t __RNvXNtNtCslgqtUP0bYJ1_10num_bigint7biguint11subtractionNtB4_7BigUintINtNtNtCsf0LoT3TAtAe_4core3ops5arith3SubRBR_E3sub
000000010007339c t __RNvXNtNtCslgqtUP0bYJ1_10num_bigint7biguint8additionNtB4_7BigUintINtNtNtCsf0LoT3TAtAe_4core3ops5arith3AddRBN_E3add
000000010005f448 t __RNvXNtNtNtCs8FVZETqzQuY_5alloc11collections5btree3mapINtB2_8BTreeMapNtNtB8_6string6StringNtNtCsqfweSlTIyW_10serde_json5value5ValueENtNtNtCsf0LoT3TAtAe_4core3ops4drop4Drop4dropCsaHq5tZPZTZc_10nanoda_lib
000000010000e174 t __RNvXNtNtNtCsf0LoT3TAtAe_4core3fmt3num3imphNtB6_7Display3fmt
000000010007e330 t __RNvXNtNtNtCsf0LoT3TAtAe_4core4iter7sources7from_fnINtB2_6FromFnNCNvMs1_NtCs14PaYreGDoz_14rustc_demangle2v0NtB17_10HexNibbles19try_parse_str_charss0_0ENtNtNtB6_6traits8iterator8Iterator4nextB19_
0000000100086060 t __RNvXNvMNtNtCs8nMiDB8lWwf_3std3sys9backtraceNtB5_13BacktraceLock5printNtB2_16DisplayBacktraceNtNtCsf0LoT3TAtAe_4core3fmt7Display3fmt
00000001000a21e0 t __RNvXNvNtCs8nMiDB8lWwf_3std2io17default_write_fmtINtB2_7AdapterINtNtNtCsf0LoT3TAtAe_4core2io6cursor6CursorQShEENtNtB15_3fmt5Write9write_strB6_
00000001000a77f8 t __RNvXNvNtCs8nMiDB8lWwf_3std2io17default_write_fmtINtB2_7AdapterNtNtB4_5stdio10StderrLockENtNtCsf0LoT3TAtAe_4core3fmt5Write9write_strB6_
00000001000a7dc4 t __RNvXNvNtCs8nMiDB8lWwf_3std2io17default_write_fmtINtB2_7AdapterNtNtB4_5stdio10StdoutLockENtNtCsf0LoT3TAtAe_4core3fmt5Write9write_strB6_
00000001000a2d24 t __RNvXNvNtCs8nMiDB8lWwf_3std2io17default_write_fmtINtB2_7AdapterNtNtNtNtB6_3sys5stdio4unix6StderrENtNtCsf0LoT3TAtAe_4core3fmt5Write9write_strB6_
00000001000a3788 t __RNvXNvNtCs8nMiDB8lWwf_3std9panicking11begin_panicINtB2_7PayloadReENtNtCsf0LoT3TAtAe_4core5panic12PanicPayload3getB6_
00000001000a373c t __RNvXNvNtCs8nMiDB8lWwf_3std9panicking11begin_panicINtB2_7PayloadReENtNtCsf0LoT3TAtAe_4core5panic12PanicPayload8take_boxB6_
00000001000a7600 t __RNvXNvNtCs8nMiDB8lWwf_3std9panicking13resume_unwindNtB2_9RewrapBoxNtNtCsf0LoT3TAtAe_4core5panic12PanicPayload3get
00000001000a75e4 t __RNvXNvNtCs8nMiDB8lWwf_3std9panicking13resume_unwindNtB2_9RewrapBoxNtNtCsf0LoT3TAtAe_4core5panic12PanicPayload8take_box
00000001000b5ef8 t __RNvXNvNtNtCs8nMiDB8lWwf_3std3sys12thread_local20abort_on_dtor_unwindNtB2_15DtorUnwindGuardNtNtNtCsf0LoT3TAtAe_4core3ops4drop4Drop4drop
000000010007fa60 t __RNvXs0_Cs14PaYreGDoz_14rustc_demangleINtB5_21SizeLimitedFmtAdapterQNtNtCsf0LoT3TAtAe_4core3fmt9FormatterENtB15_5Write9write_strB5_
000000010007c530 t __RNvXs0_NtCs14PaYreGDoz_14rustc_demangle2v0NtB5_5IdentNtNtCsf0LoT3TAtAe_4core3fmt7Display3fmt
000000010005bd80 t __RNvXs0_NtCs8FVZETqzQuY_5alloc6borrowINtB5_3CoweENtNtCsf0LoT3TAtAe_4core5clone5Clone5cloneCsaHq5tZPZTZc_10nanoda_lib
0000000100065934 t __RNvXs0_NtCsaHq5tZPZTZc_10nanoda_lib13debug_printerINtB5_12DebugPrinterTINtNtB7_4util3PtrRNtNtB7_5level5LevelEB17_EENtNtCsf0LoT3TAtAe_4core3fmt5Debug3fmtB7_
0000000100054794 t __RNvXs0_NtCsaHq5tZPZTZc_10nanoda_lib14pretty_printerNtB5_6DocPtrINtNtCsf0LoT3TAtAe_4core7convert4FromReE4from
0000000100081cc0 t __RNvXs0_NtCshadIWLSE2I4_6semver10identifierNtB5_10IdentifierNtNtNtCsf0LoT3TAtAe_4core3ops4drop4Drop4drop
000000010008207c t __RNvXs0_NtCsleWiFORkTeD_10serde_core2deReNtB5_8Expected3fmt
000000010005c7a8 t __RNvXs0_NtNtCs8nMiDB8lWwf_3std6thread9lifecycleINtB5_6PacketuENtNtNtCsf0LoT3TAtAe_4core3ops4drop4Drop4dropCsaHq5tZPZTZc_10nanoda_lib
000000010000acd4 t __RNvXs0_NtNtCsf0LoT3TAtAe_4core3fmt8buildersNtB5_10PadAdapterNtB7_5Write10write_char
000000010000aaa0 t __RNvXs0_NtNtCsf0LoT3TAtAe_4core3fmt8buildersNtB5_10PadAdapterNtB7_5Write9write_str
00000001000797e4 t __RNvXs0_NtNtCslgqtUP0bYJ1_10num_bigint6bigint11subtractionNtB7_6BigIntINtNtNtCsf0LoT3TAtAe_4core3ops5arith3SubRBT_E3sub
00000001000737c4 t __RNvXs0_NtNtCslgqtUP0bYJ1_10num_bigint7biguint11subtractionRNtB7_7BigUintINtNtNtCsf0LoT3TAtAe_4core3ops5arith3SubBV_E3sub
00000001000a4108 t __RNvXs0_NtNtNtNtCs8nMiDB8lWwf_3std3sys4sync4once5queueNtB5_11WaiterQueueNtNtNtCsf0LoT3TAtAe_4core3ops4drop4Drop4drop
00000001000b21f4 t __RNvXs0_NtNtNtNtCs8nMiDB8lWwf_3std3sys4sync6rwlock5queueNtB5_10PanicGuardNtNtNtCsf0LoT3TAtAe_4core3ops4drop4Drop4drop
00000001000a3abc t __RNvXs0_NvNtCs8nMiDB8lWwf_3std9panicking13panic_handlerNtB5_19FormatStringPayloadNtNtCsf0LoT3TAtAe_4core3fmt7Display3fmt
0000000100009da0 t __RNvXs0_NvXsf_NtNtCs8FVZETqzQuY_5alloc5boxed7convertINtBd_3BoxDNtNtCsf0LoT3TAtAe_4core5error5ErrorNtNtB12_6marker4SendNtB1z_4SyncEL_EINtNtB12_7convert4FromNtNtBf_6string6StringE4fromNtB5_11StringErrorNtNtB12_3fmt5Debug3fmt
000000010008df0c t __RNvXs11_NtNtCseAcyr1bdVEo_5gimli4read4lineINtB6_9FileEntryINtNtB8_12endian_slice11EndianSliceNtNtBa_9endianity12LittleEndianEjENtNtCsf0LoT3TAtAe_4core5clone5Clone5cloneCs8nMiDB8lWwf_3std
0000000100065e64 t __RNvXs1_NtCsaHq5tZPZTZc_10nanoda_lib13debug_printerINtB5_12DebugPrinterRSINtNtB7_4util3PtrRNtNtB7_5level5LevelEENtNtCsf0LoT3TAtAe_4core3fmt5Debug3fmtB7_
0000000100057538 t __RNvXs1_NtCsaHq5tZPZTZc_10nanoda_lib14pretty_printerNtB5_6DocPtrINtNtCsf0LoT3TAtAe_4core7convert4FromNtNtCs8FVZETqzQuY_5alloc6string6StringE4from
00000001000814e0 t __RNvXs1_NtCshadIWLSE2I4_6semver5errorNtNtB7_5parse5ErrorNtNtCsf0LoT3TAtAe_4core3fmt5Debug3fmt
0000000100081438 t __RNvXs1_NtCshadIWLSE2I4_6semver7displayNtB7_10PrereleaseNtNtCsf0LoT3TAtAe_4core3fmt7Display3fmt
00000001000839f8 t __RNvXs1_NtCsqfweSlTIyW_10serde_json5errorNtB5_9ErrorCodeNtNtCsf0LoT3TAtAe_4core3fmt7Display3fmt
0000000100079558 t __RNvXs1_NtNtCslgqtUP0bYJ1_10num_bigint6bigint11subtractionNtB7_6BigIntNtNtNtCsf0LoT3TAtAe_4core3ops5arith3Sub3sub
00000001000792b4 t __RNvXs1_NtNtCslgqtUP0bYJ1_10num_bigint6bigint8additionNtB7_6BigIntNtNtNtCsf0LoT3TAtAe_4core3ops5arith3Add3add
0000000100073b0c t __RNvXs1_NtNtCslgqtUP0bYJ1_10num_bigint7biguint4bitsNtB7_7BigUintINtNtNtCsf0LoT3TAtAe_4core3ops3bit5BitOrRBM_E5bitor
00000001000a3e84 t __RNvXs1_NvNtCs8nMiDB8lWwf_3std9panicking13panic_handlerNtB5_16StaticStrPayloadNtNtCsf0LoT3TAtAe_4core5panic12PanicPayload3get
00000001000a3e90 t __RNvXs1_NvNtCs8nMiDB8lWwf_3std9panicking13panic_handlerNtB5_16StaticStrPayloadNtNtCsf0LoT3TAtAe_4core5panic12PanicPayload6as_str
00000001000a3e44 t __RNvXs1_NvNtCs8nMiDB8lWwf_3std9panicking13panic_handlerNtB5_16StaticStrPayloadNtNtCsf0LoT3TAtAe_4core5panic12PanicPayload8take_box
000000010000a094 t __RNvXs1g_NtCsf0LoT3TAtAe_4core3fmtRDNtB6_5DebugEL_Bx_3fmtB8_
00000001000a32fc t __RNvXs1g_NtCsf0LoT3TAtAe_4core3fmtRINtNtCs8FVZETqzQuY_5alloc3vec3VechENtB6_5Debug3fmtCs8nMiDB8lWwf_3std
000000010005e074 t __RNvXs1g_NtCsf0LoT3TAtAe_4core3fmtRINtNtCs8FVZETqzQuY_5alloc4sync3ArcSINtNtCsaHq5tZPZTZc_10nanoda_lib4util3PtrRNtNtB1a_4name4NameEENtB6_5Debug3fmtB1a_
0000000100026c04 t __RNvXs1g_NtCsf0LoT3TAtAe_4core3fmtRINtNtCsaHq5tZPZTZc_10nanoda_lib4util3PtrRNtNtBB_4expr4ExprENtB6_5Debug3fmtBB_
0000000100026e2c t __RNvXs1g_NtCsf0LoT3TAtAe_4core3fmtRINtNtCsaHq5tZPZTZc_10nanoda_lib4util3PtrRNtNtBB_4name4NameENtB6_5Debug3fmtBB_
0000000100065094 t __RNvXs1g_NtCsf0LoT3TAtAe_4core3fmtRNtNtCsaHq5tZPZTZc_10nanoda_lib3env10DeclarInfoNtB6_5Debug3fmtBA_
00000001000644e0 t __RNvXs1g_NtCsf0LoT3TAtAe_4core3fmtRNtNtCsaHq5tZPZTZc_10nanoda_lib3env12RecursorDataNtB6_5Debug3fmtBA_
00000001000648e8 t __RNvXs1g_NtCsf0LoT3TAtAe_4core3fmtRNtNtCsaHq5tZPZTZc_10nanoda_lib3env13InductiveDataNtB6_5Debug3fmtBA_
00000001000645f0 t __RNvXs1g_NtCsf0LoT3TAtAe_4core3fmtRNtNtCsaHq5tZPZTZc_10nanoda_lib3env15ConstructorDataNtB6_5Debug3fmtBA_
00000001000649c4 t __RNvXs1g_NtCsf0LoT3TAtAe_4core3fmtRNtNtCsaHq5tZPZTZc_10nanoda_lib3env16ReducibilityHintNtB6_5Debug3fmtBA_
0000000100063a78 t __RNvXs1g_NtCsf0LoT3TAtAe_4core3fmtRNtNtCsaHq5tZPZTZc_10nanoda_lib3env7RecRuleNtB6_5Debug3fmtBA_
000000010007fa30 t __RNvXs1g_NtCsf0LoT3TAtAe_4core3fmtRNtNtNtB8_3num5error12IntErrorKindNtB6_5Debug3fmtCs14PaYreGDoz_14rustc_demangle
0000000100064020 t __RNvXs1g_NtCsf0LoT3TAtAe_4core3fmtRRNtNtCsaHq5tZPZTZc_10nanoda_lib3env6DeclarNtB6_5Debug3fmtBB_
00000001000651a0 t __RNvXs1g_NtCsf0LoT3TAtAe_4core3fmtRRNtNtCsaHq5tZPZTZc_10nanoda_lib3env7RecRuleNtB6_5Debug3fmtBB_
0000000100064590 t __RNvXs1g_NtCsf0LoT3TAtAe_4core3fmtRbNtB6_5Debug3fmtCsaHq5tZPZTZc_10nanoda_lib
000000010007ea04 t __RNvXs1g_NtCsf0LoT3TAtAe_4core3fmtReNtB6_5Debug3fmtCs14PaYreGDoz_14rustc_demangle
00000001000652b0 t __RNvXs1g_NtCsf0LoT3TAtAe_4core3fmtReNtB6_5Debug3fmtCsaHq5tZPZTZc_10nanoda_lib
000000010007b200 t __RNvXs1g_NtCsf0LoT3TAtAe_4core3fmtRhNtB6_5Debug3fmtCs14PaYreGDoz_14rustc_demangle
00000001000a34e0 t __RNvXs1g_NtCsf0LoT3TAtAe_4core3fmtRhNtB6_5Debug3fmtCs8nMiDB8lWwf_3std
000000010000b07c t __RNvXs1g_NtCsf0LoT3TAtAe_4core3fmtRjNtB6_5Debug3fmtB8_
0000000100085bc4 t __RNvXs1g_NtCsf0LoT3TAtAe_4core3fmtRlNtB6_5Debug3fmtCs8nMiDB8lWwf_3std
00000001000652c4 t __RNvXs1g_NtCsf0LoT3TAtAe_4core3fmtRmNtB6_5Debug3fmtCsaHq5tZPZTZc_10nanoda_lib
000000010006473c t __RNvXs1g_NtCsf0LoT3TAtAe_4core3fmtRtNtB6_5Debug3fmtCsaHq5tZPZTZc_10nanoda_lib
000000010000b088 t __RNvXs1g_NtCsf0LoT3TAtAe_4core3fmtRyNtB6_5Debug3fmtB8_
000000010007e954 t __RNvXs1h_NtCsf0LoT3TAtAe_4core3fmtQShNtB6_5Debug3fmtCs14PaYreGDoz_14rustc_demangle
0000000100071418 t __RNvXs1i_NtCsf0LoT3TAtAe_4core3fmtRDNtNtCsleWiFORkTeD_10serde_core2de8ExpectedEL_NtB6_7Display3fmtCsaHq5tZPZTZc_10nanoda_lib
000000010005be18 t __RNvXs1i_NtCsf0LoT3TAtAe_4core3fmtRINtNtCs8FVZETqzQuY_5alloc6borrow3CoweENtB6_7Display3fmtCsaHq5tZPZTZc_10nanoda_lib
000000010007fa90 t __RNvXs1i_NtCsf0LoT3TAtAe_4core3fmtRNtCs14PaYreGDoz_14rustc_demangle13DemangleStyleNtB6_7Display3fmtBy_
0000000100081d44 t __RNvXs1i_NtCsf0LoT3TAtAe_4core3fmtRNtNtCshadIWLSE2I4_6semver5error8PositionNtB6_7Display3fmtBA_
0000000100071428 t __RNvXs1i_NtCsf0LoT3TAtAe_4core3fmtRNtNtCslgqtUP0bYJ1_10num_bigint7biguint7BigUintNtB6_7Display3fmtCsaHq5tZPZTZc_10nanoda_lib
000000010008573c t __RNvXs1i_NtCsf0LoT3TAtAe_4core3fmtRNtNtNtB8_5panic8location8LocationNtB6_7Display3fmtCs8nMiDB8lWwf_3std
0000000100082210 t __RNvXs1i_NtCsf0LoT3TAtAe_4core3fmtRReNtB6_7Display3fmtCsleWiFORkTeD_10serde_core
0000000100081d74 t __RNvXs1i_NtCsf0LoT3TAtAe_4core3fmtRcNtB6_7Display3fmtCshadIWLSE2I4_6semver
000000010000a074 t __RNvXs1i_NtCsf0LoT3TAtAe_4core3fmtReNtB6_7Display3fmtB8_
0000000100079a5c t __RNvXs1n_NtNtCslgqtUP0bYJ1_10num_bigint6bigint5shiftNtB8_6BigIntINtNtNtCsf0LoT3TAtAe_4core3ops3bit3ShrlE3shr
000000010006538c t __RNvXs2_NtCsaHq5tZPZTZc_10nanoda_lib13debug_printerINtB5_12DebugPrinterINtNtCs8FVZETqzQuY_5alloc3vec3VecINtNtB7_4util3PtrRNtNtB7_4name4NameEEENtNtCsf0LoT3TAtAe_4core3fmt5Debug3fmtB7_
0000000100081e4c t __RNvXs2_NtCshadIWLSE2I4_6semver5errorNtB5_10QuotedCharNtNtCsf0LoT3TAtAe_4core3fmt7Display3fmt
000000010005d3bc t __RNvXs2_NtCsqfweSlTIyW_10serde_json4readINtB5_6IoReadINtNtNtNtCs8nMiDB8lWwf_3std2io8buffered9bufreader9BufReaderNtNtBX_2fs4FileEENtB5_4Read10ignore_strCsaHq5tZPZTZc_10nanoda_lib
000000010005d518 t __RNvXs2_NtCsqfweSlTIyW_10serde_json4readINtB5_6IoReadINtNtNtNtCs8nMiDB8lWwf_3std2io8buffered9bufreader9BufReaderNtNtBX_2fs4FileEENtB5_4Read17decode_hex_escapeCsaHq5tZPZTZc_10nanoda_lib
000000010005d688 t __RNvXs2_NtCsqfweSlTIyW_10serde_json4readINtB5_6IoReadINtNtNtNtCs8nMiDB8lWwf_3std2io8buffered9bufreader9BufReaderNtNtBX_2fs4FileEENtB5_4Read9parse_strCsaHq5tZPZTZc_10nanoda_lib
0000000100083c58 t __RNvXs2_NtCsqfweSlTIyW_10serde_json5errorNtB5_5ErrorNtNtCsf0LoT3TAtAe_4core5error5Error6source
0000000100088dc4 t __RNvXs2_NtNtCs8nMiDB8lWwf_3std12backtrace_rs9symbolizeNtB5_10SymbolNameNtNtCsf0LoT3TAtAe_4core3fmt7Display3fmt
000000010000e224 t __RNvXs2_NtNtCsf0LoT3TAtAe_4core3str5lossyNtB5_10Utf8ChunksNtNtNtNtB9_4iter6traits8iterator8Iterator4next
00000001000656b0 t __RNvXs2_NtNtCsf0LoT3TAtAe_4core5slice3cmpNtNtCsaHq5tZPZTZc_10nanoda_lib3env7RecRuleINtB5_14SlicePartialEqBC_E17equal_same_lengthBG_
0000000100074f60 t __RNvXs2_NtNtCslgqtUP0bYJ1_10num_bigint7biguint11subtractionNtB7_7BigUintINtNtNtCsf0LoT3TAtAe_4core3ops5arith9SubAssignmE10sub_assign
0000000100022d24 t __RNvXs2_NtNtCslgqtUP0bYJ1_10num_bigint7biguint8additionNtB7_7BigUintINtNtNtCsf0LoT3TAtAe_4core3ops5arith3AddyE3add
0000000100083ca8 t __RNvXs3_NtCsqfweSlTIyW_10serde_json5errorNtB5_5ErrorNtNtCsf0LoT3TAtAe_4core3fmt7Display3fmt
000000010000e45c t __RNvXs3_NtNtCsf0LoT3TAtAe_4core2io5errorNtB5_5ErrorNtNtB9_3fmt7Display3fmt
00000001000750f4 t __RNvXs3_NtNtCslgqtUP0bYJ1_10num_bigint7biguint4bitsNtB7_7BigUintINtNtNtCsf0LoT3TAtAe_4core3ops3bit6BitXorRBM_E6bitxor
00000001000a2470 t __RNvXs3_NtNtNtCs8nMiDB8lWwf_3std3sys5stdio4unixNtB5_6StderrNtNtBb_2io5Write14write_vectored
00000001000a24e4 t __RNvXs3_NtNtNtCs8nMiDB8lWwf_3std3sys5stdio4unixNtB5_6StderrNtNtBb_2io5Write17is_write_vectored
00000001000a24ec t __RNvXs3_NtNtNtCs8nMiDB8lWwf_3std3sys5stdio4unixNtB5_6StderrNtNtBb_2io5Write5flush
00000001000a23fc t __RNvXs3_NtNtNtCs8nMiDB8lWwf_3std3sys5stdio4unixNtB5_6StderrNtNtBb_2io5Write5write
000000010000e52c t __RNvXs3_NtNtNtCsf0LoT3TAtAe_4core3fmt3num3imptNtB9_7Display3fmt
000000010000e628 t __RNvXs4_NtNtCsf0LoT3TAtAe_4core2io5errorNtB5_5ErrorNtNtB9_5error5Error5cause
000000010000e668 t __RNvXs4_NtNtCsf0LoT3TAtAe_4core2io5errorNtB5_5ErrorNtNtB9_5error5Error6source
000000010006a108 t __RNvXs4_NtNtNtCs8nMiDB8lWwf_3std11collections4hash3setINtB5_7HashSetRINtNtCsaHq5tZPZTZc_10nanoda_lib4util3PtrRNtNtB19_4name4NameEENtNtCsf0LoT3TAtAe_4core3cmp9PartialEq2eqB19_
0000000100065704 t __RNvXs5_NtCsaHq5tZPZTZc_10nanoda_lib13debug_printerINtB5_12DebugPrinterINtNtB7_4util3PtrRNtNtB7_5level5LevelEENtNtCsf0LoT3TAtAe_4core3fmt5Debug3fmt
00000001000808b4 t __RNvXs5_NtCshadIWLSE2I4_6semver5implsNtB7_10PrereleaseNtNtCsf0LoT3TAtAe_4core3cmp3Ord3cmp
0000000100083d08 t __RNvXs5_NtCsqfweSlTIyW_10serde_json5errorNtB5_5ErrorNtNtCsf0LoT3TAtAe_4core3fmt5Debug3fmt
000000010002d2c0 t __RNvXs5_NtNtCslgqtUP0bYJ1_10num_bigint7biguint14multiplicationNtB7_7BigUintNtNtNtCsf0LoT3TAtAe_4core3ops5arith3Mul3mul
0000000100065990 t __RNvXs6_NtCsaHq5tZPZTZc_10nanoda_lib13debug_printerINtB5_12DebugPrinterINtNtB7_4util3PtrRNtNtB7_4expr4ExprEENtNtCsf0LoT3TAtAe_4core3fmt5Debug3fmt
00000001000817a4 t __RNvXs6_NtCshadIWLSE2I4_6semver5implsNtB7_13BuildMetadataNtNtCsf0LoT3TAtAe_4core3cmp3Ord3cmp
0000000100082090 t __RNvXs6_NtCsleWiFORkTeD_10serde_core2deNtB5_5OneOfNtNtCsf0LoT3TAtAe_4core3fmt7Display3fmt
0000000100073ce4 t __RNvXs6_NtCslgqtUP0bYJ1_10num_bigint7biguintNtB5_7BigUintNtNtCsf0LoT3TAtAe_4core3fmt7Display3fmt
00000001000b1f98 t __RNvXs6_NtCsqfweSlTIyW_10serde_json5errorNtB5_5ErrorNtNtCsleWiFORkTeD_10serde_core2de5Error12invalid_type
00000001000b2088 t __RNvXs6_NtCsqfweSlTIyW_10serde_json5errorNtB5_5ErrorNtNtCsleWiFORkTeD_10serde_core2de5Error13invalid_value
0000000100013ab0 t __RNvXs6_NtNtCsf0LoT3TAtAe_4core3num5errorNtB5_15TryFromIntErrorNtNtB9_3fmt5Debug3fmt
000000010002d0c8 t __RNvXs6_NtNtCsf0LoT3TAtAe_4core3num5errorNtB5_15TryFromIntErrorNtNtB9_3fmt5Debug3fmt.225
00000001000398b8 t __RNvXs6_NtNtCsf0LoT3TAtAe_4core3num5errorNtB5_15TryFromIntErrorNtNtB9_3fmt5Debug3fmt.313
00000001000a81b4 t __RNvXs7_NtNtCs8nMiDB8lWwf_3std3ffi6os_strNtB5_8OsStringNtNtCsf0LoT3TAtAe_4core3fmt5Debug3fmt
000000010000dee4 t __RNvXs7_NtNtCsf0LoT3TAtAe_4core3fmt8buildersINtB5_6FromFnNCNvXs2_NtNtB9_2io5errorNtNtB10_4repr4ReprNtB7_5Debug3fmt0EB1y_3fmtB9_
000000010002d200 t __RNvXs7_NtNtCslgqtUP0bYJ1_10num_bigint7biguint8additionNtB7_7BigUintNtNtNtCsf0LoT3TAtAe_4core3ops5arith3Add3add
00000001000805e8 t __RNvXs8_Cs14PaYreGDoz_14rustc_demangleNtB5_18SizeLimitExhaustedNtNtCsf0LoT3TAtAe_4core3fmt5Debug3fmt
000000010000a084 t __RNvXs8_NtCsf0LoT3TAtAe_4core3fmtNtB5_9ArgumentsNtB5_7Display3fmt
00000001000828c8 t __RNvXs8_NtCsqfweSlTIyW_10serde_json4readNtB5_7StrReadNtB5_4Read9parse_str
0000000100083e28 t __RNvXs8_NtCsqfweSlTIyW_10serde_json5errorNtB5_14JsonUnexpectedNtNtCsf0LoT3TAtAe_4core3fmt7Display3fmt
000000010000df2c t __RNvXs8_NtNtCsf0LoT3TAtAe_4core3fmt8buildersINtB5_6FromFnNCNCNvXs2_NtNtB9_2io5errorNtNtB12_4repr4ReprNtB7_5Debug3fmt00ENtB7_7Display3fmtB9_
0000000100073074 t __RNvXs8_NtNtCslgqtUP0bYJ1_10num_bigint7biguint14multiplicationRNtB7_7BigUintNtNtNtCsf0LoT3TAtAe_4core3ops5arith3Mul3mul
0000000100079048 t __RNvXs8_NtNtCslgqtUP0bYJ1_10num_bigint7biguint14multiplicationRNtB7_7BigUintNtNtNtCsf0LoT3TAtAe_4core3ops5arith3Mul3mul.1637
000000010000cc10 t __RNvXs8_NtNtNtCsf0LoT3TAtAe_4core3fmt3num3impmNtB9_7Display3fmt
0000000100066074 t __RNvXs9_NtCsaHq5tZPZTZc_10nanoda_lib4exprNtB5_6FVarIdNtNtCsf0LoT3TAtAe_4core3fmt5Debug3fmt
0000000100064e6c t __RNvXs9_NtCsaHq5tZPZTZc_10nanoda_lib4utilINtB5_3PtrRINtNtCs8FVZETqzQuY_5alloc4sync3ArcSIBD_RNtNtB7_5level5LevelEEENtNtCsf0LoT3TAtAe_4core3fmt5Debug3fmtB7_
0000000100064b38 t __RNvXs9_NtCsaHq5tZPZTZc_10nanoda_lib4utilINtB5_3PtrRNtNtB7_4expr4ExprENtNtCsf0LoT3TAtAe_4core3fmt5Debug3fmtB7_
0000000100063d30 t __RNvXs9_NtCsaHq5tZPZTZc_10nanoda_lib4utilINtB5_3PtrRNtNtB7_4name4NameENtNtCsf0LoT3TAtAe_4core3fmt5Debug3fmtB7_
000000010000e03c t __RNvXs9_NtNtNtCsf0LoT3TAtAe_4core3fmt3num3implNtB9_7Display3fmt
0000000100081fc4 t __RNvXsA_NtNtNtCsbcFOZH0T4Uy_5serde7private2de7contentNtB5_13ExpectedInMapNtNtCsleWiFORkTeD_10serde_core2de8Expected3fmt
000000010000e720 t __RNvXsC_NtNtCsf0LoT3TAtAe_4core3fmt3numyNtB7_8LowerHex3fmt
0000000100009bd4 t __RNvXsK_NtCsf0LoT3TAtAe_4core3fmtNtB5_5ErrorNtB5_5Debug3fmt
000000010007c180 t __RNvXsK_NtCsf0LoT3TAtAe_4core3fmtNtB5_5ErrorNtB5_5Debug3fmt.1733
00000001000569dc t __RNvXsM_NtCsaHq5tZPZTZc_10nanoda_lib3envNtB5_8NotationNtNtCsf0LoT3TAtAe_4core5clone5Clone5clone
000000010000df74 t __RNvXsQ_NtNtCsf0LoT3TAtAe_4core3fmt3numlNtB7_5Debug3fmt
0000000100063b84 t __RNvXsV_NtNtCsf0LoT3TAtAe_4core3fmt3numtNtB7_5Debug3fmt.1115
000000010005e088 t __RNvXsW_NtCs8FVZETqzQuY_5alloc4syncINtB5_3ArcSINtNtCsaHq5tZPZTZc_10nanoda_lib4util3PtrRNtNtBM_4name4NameEENtNtCsf0LoT3TAtAe_4core3fmt5Debug3fmtBM_
000000010005e098 t __RNvXsW_NtCs8FVZETqzQuY_5alloc4syncINtB5_3ArcSNtNtCsaHq5tZPZTZc_10nanoda_lib3env7RecRuleENtNtCsf0LoT3TAtAe_4core3fmt5Debug3fmtBL_
0000000100063f58 t __RNvXsW_NtNtCsf0LoT3TAtAe_4core3fmt3nummNtB7_5Debug3fmt.1116
00000001000a313c t __RNvXsX_NtNtCs8FVZETqzQuY_5alloc3ffi5c_strNtB5_8NulErrorNtNtCsf0LoT3TAtAe_4core3fmt5Debug3fmt
0000000100009c7c t __RNvXsZ_NtCs8FVZETqzQuY_5alloc6stringNtB5_6StringNtNtCsf0LoT3TAtAe_4core3fmt5Write10write_char
00000001000822c8 t __RNvXsZ_NtCs8FVZETqzQuY_5alloc6stringNtB5_6StringNtNtCsf0LoT3TAtAe_4core3fmt5Write10write_char.1813
00000001000a3d18 t __RNvXsZ_NtCs8FVZETqzQuY_5alloc6stringNtB5_6StringNtNtCsf0LoT3TAtAe_4core3fmt5Write10write_char.1991
00000001000593cc t __RNvXsZ_NtCs8FVZETqzQuY_5alloc6stringNtB5_6StringNtNtCsf0LoT3TAtAe_4core3fmt5Write10write_char.647
0000000100009c00 t __RNvXsZ_NtCs8FVZETqzQuY_5alloc6stringNtB5_6StringNtNtCsf0LoT3TAtAe_4core3fmt5Write9write_str
000000010008224c t __RNvXsZ_NtCs8FVZETqzQuY_5alloc6stringNtB5_6StringNtNtCsf0LoT3TAtAe_4core3fmt5Write9write_str.1812
00000001000a3c94 t __RNvXsZ_NtCs8FVZETqzQuY_5alloc6stringNtB5_6StringNtNtCsf0LoT3TAtAe_4core3fmt5Write9write_str.1990
0000000100059348 t __RNvXsZ_NtCs8FVZETqzQuY_5alloc6stringNtB5_6StringNtNtCsf0LoT3TAtAe_4core3fmt5Write9write_str.646
000000010000a9bc t __RNvXsZ_NtNtCsf0LoT3TAtAe_4core3fmt3numjNtB7_5Debug3fmt
00000001000a3630 t __RNvXsZ_NtNtCsf0LoT3TAtAe_4core3fmt3numjNtB7_5Debug3fmt.1984
000000010007661c t __RNvXs_CslgqtUP0bYJ1_10num_bigintNtB4_16ParseBigIntErrorNtNtCsf0LoT3TAtAe_4core3fmt7Display3fmt
0000000100063894 t __RNvXs_NtCsaHq5tZPZTZc_10nanoda_lib13debug_printerINtB4_12DebugPrinterINtNtB6_4util3PtrRNtNtB6_4name4NameEENtNtCsf0LoT3TAtAe_4core3fmt5Debug3fmt
0000000100081570 t __RNvXs_NtCshadIWLSE2I4_6semver5errorNtNtB6_5parse5ErrorNtNtCsf0LoT3TAtAe_4core3fmt7Display3fmt
000000010005f504 t __RNvXs_NtCsleWiFORkTeD_10serde_core2deINtNtB4_5impls12ArrayVisitorAmj2_ENtB4_8Expected3fmtCsaHq5tZPZTZc_10nanoda_lib
000000010005f51c t __RNvXs_NtCsleWiFORkTeD_10serde_core2deINtNvXsh_NtB4_5implsINtNtCs8FVZETqzQuY_5alloc3vec3VecpENtB4_11Deserialize11deserialize10VecVisitorNtNtBY_6string6StringENtB4_8Expected3fmtCsaHq5tZPZTZc_10nanoda_lib
000000010005f534 t __RNvXs_NtCsleWiFORkTeD_10serde_core2deNtNtB4_5impls11BoolVisitorNtB4_8Expected3fmtCsaHq5tZPZTZc_10nanoda_lib
000000010005f54c t __RNvXs_NtCsleWiFORkTeD_10serde_core2deNtNtB4_5impls11UnitVisitorNtB4_8Expected3fmtCsaHq5tZPZTZc_10nanoda_lib
000000010005f3e8 t __RNvXs_NtCsleWiFORkTeD_10serde_core2deNtNtB4_5impls13StringVisitorNtB4_8Expected3fmtCsaHq5tZPZTZc_10nanoda_lib
000000010005f564 t __RNvXs_NtCsleWiFORkTeD_10serde_core2deNtNtB4_5impls14PathBufVisitorNtB4_8Expected3fmtCsaHq5tZPZTZc_10nanoda_lib
000000010005f400 t __RNvXs_NtCsleWiFORkTeD_10serde_core2deNtNtNtCsqfweSlTIyW_10serde_json5value2de13KeyClassifierNtB4_8Expected3fmtCsaHq5tZPZTZc_10nanoda_lib
000000010004bed0 t __RNvXs_NtCsleWiFORkTeD_10serde_core2deNtNvNtCsaHq5tZPZTZc_10nanoda_lib6parser31deserialize_biguint_from_string20BigUintStringVisitorNtB4_8Expected3fmtBF_
000000010005f418 t __RNvXs_NtCsleWiFORkTeD_10serde_core2deNtNvXNtNtCsqfweSlTIyW_10serde_json5value2deNtBG_5ValueNtB4_11Deserialize11deserialize12ValueVisitorNtB4_8Expected3fmtCsaHq5tZPZTZc_10nanoda_lib
000000010005b9a4 t __RNvXs_NtCsleWiFORkTeD_10serde_core2deNtNvXNvNtCsaHq5tZPZTZc_10nanoda_lib14pretty_printer1__NtBG_9PpOptionsNtB4_11Deserialize11deserialize9___VisitorNtB4_8Expected3fmtBI_
0000000100066270 t __RNvXs_NtCsleWiFORkTeD_10serde_core2deNtNvXNvNtCsaHq5tZPZTZc_10nanoda_lib3env1__NtBG_16ReducibilityHintNtB4_11Deserialize11deserialize14___FieldVisitorNtB4_8Expected3fmtBI_
0000000100027138 t __RNvXs_NtCsleWiFORkTeD_10serde_core2deNtNvXNvNtCsaHq5tZPZTZc_10nanoda_lib4util1__NtBG_6ConfigNtB4_11Deserialize11deserialize9___VisitorNtB4_8Expected3fmtBI_
000000010004bee8 t __RNvXs_NtCsleWiFORkTeD_10serde_core2deNtNvXNvNtCsaHq5tZPZTZc_10nanoda_lib6parser1__NtBG_8LeanMetaNtB4_11Deserialize11deserialize14___FieldVisitorNtB4_8Expected3fmtBI_
000000010004bf00 t __RNvXs_NtCsleWiFORkTeD_10serde_core2deNtNvXNvNtCsaHq5tZPZTZc_10nanoda_lib6parser1__NtBG_8LeanMetaNtB4_11Deserialize11deserialize9___VisitorNtB4_8Expected3fmtBI_
000000010004bf18 t __RNvXs_NtCsleWiFORkTeD_10serde_core2deNtNvXNvNtCsaHq5tZPZTZc_10nanoda_lib6parsers0_1__NtBG_10FormatMetaNtB4_11Deserialize11deserialize9___VisitorNtB4_8Expected3fmtBI_
000000010004bf30 t __RNvXs_NtCsleWiFORkTeD_10serde_core2deNtNvXNvNtCsaHq5tZPZTZc_10nanoda_lib6parsers1_1__NtBG_8FileMetaNtB4_11Deserialize11deserialize9___VisitorNtB4_8Expected3fmtBI_
000000010004bf48 t __RNvXs_NtCsleWiFORkTeD_10serde_core2deNtNvXNvNtCsaHq5tZPZTZc_10nanoda_lib6parsers3_1__NtBG_16ExportJsonObjectNtB4_11Deserialize11deserialize9___VisitorNtB4_8Expected3fmtBI_
000000010004bf60 t __RNvXs_NtCsleWiFORkTeD_10serde_core2deNtNvXNvNtCsaHq5tZPZTZc_10nanoda_lib6parsers6_1__NtBG_12RecursorRuleNtB4_11Deserialize11deserialize9___VisitorNtB4_8Expected3fmtBI_
000000010004bf78 t __RNvXs_NtCsleWiFORkTeD_10serde_core2deNtNvXNvNtCsaHq5tZPZTZc_10nanoda_lib6parsers7_1__NtBG_7IndInfoNtB4_11Deserialize11deserialize9___VisitorNtB4_8Expected3fmtBI_
000000010004bf90 t __RNvXs_NtCsleWiFORkTeD_10serde_core2deNtNvXNvNtCsaHq5tZPZTZc_10nanoda_lib6parsers8_1__NtBG_11ConstructorNtB4_11Deserialize11deserialize9___VisitorNtB4_8Expected3fmtBI_
000000010004bfa8 t __RNvXs_NtCsleWiFORkTeD_10serde_core2deNtNvXNvNtCsaHq5tZPZTZc_10nanoda_lib6parsers9_1__NtBG_8RecursorNtB4_11Deserialize11deserialize9___VisitorNtB4_8Expected3fmtBI_
000000010004bfc0 t __RNvXs_NtCsleWiFORkTeD_10serde_core2deNtNvXNvNtCsaHq5tZPZTZc_10nanoda_lib6parsers_1__NtBG_12ExporterMetaNtB4_11Deserialize11deserialize9___VisitorNtB4_8Expected3fmtBI_
000000010005f57c t __RNvXs_NtCsleWiFORkTeD_10serde_core2deNtNvXs11_NtB4_5implstNtB4_11Deserialize11deserialize16PrimitiveVisitorNtB4_8Expected3fmtCsaHq5tZPZTZc_10nanoda_lib
000000010005f594 t __RNvXs_NtCsleWiFORkTeD_10serde_core2deNtNvXs14_NtB4_5implsmNtB4_11Deserialize11deserialize16PrimitiveVisitorNtB4_8Expected3fmtCsaHq5tZPZTZc_10nanoda_lib
000000010005f430 t __RNvXs_NtCsleWiFORkTeD_10serde_core2deNtNvXs1a_NtB4_5implsjNtB4_11Deserialize11deserialize16PrimitiveVisitorNtB4_8Expected3fmtCsaHq5tZPZTZc_10nanoda_lib
0000000100069778 t __RNvXs_NtCsqfweSlTIyW_10serde_json4iterINtB4_15LineColIteratorINtNtCs8nMiDB8lWwf_3std2io5BytesINtNtNtB10_8buffered9bufreader9BufReaderNtNtB12_2fs4FileEEENtNtNtNtCsf0LoT3TAtAe_4core4iter6traits8iterator8Iterator4nextCsaHq5tZPZTZc_10nanoda_lib
00000001000a6ed0 t __RNvXs_NtNtCs8nMiDB8lWwf_3std6thread5localNtB4_11AccessErrorNtNtCsf0LoT3TAtAe_4core3fmt5Debug3fmt
000000010000d158 t __RNvXs_NtNtCsf0LoT3TAtAe_4core3ops5rangeINtB4_5RangejENtNtB8_3fmt5Debug3fmtB8_
000000010007363c t __RNvXs_NtNtCslgqtUP0bYJ1_10num_bigint7biguint11subtractionNtB6_7BigUintINtNtNtCsf0LoT3TAtAe_4core3ops5arith9SubAssignRBT_E10sub_assign
00000001000265e8 t __RNvXs_NtNtCslgqtUP0bYJ1_10num_bigint7biguint5powerNtB6_7BigUintINtNtCskdzJKm4Zs9Q_10num_traits3pow3PowBM_E3pow
00000001000753a4 t __RNvXs_NtNtCslgqtUP0bYJ1_10num_bigint7biguint7convertNtB6_7BigUintNtCskdzJKm4Zs9Q_10num_traits3Num14from_str_radix
0000000100009db4 t __RNvXs_NvMs_NtNtCs8FVZETqzQuY_5alloc3ffi5c_strNtB9_7CString3newRShNtB4_11SpecNewImpl13spec_new_impl
00000001000a8528 t __RNvXs_NvMs_NtNtNtCs8nMiDB8lWwf_3std2io8buffered9bufwriterINtB9_9BufWriterpE9flush_bufNtB4_8BufGuardNtNtNtCsf0LoT3TAtAe_4core3ops4drop4Drop4drop
00000001000a3714 t __RNvXs_NvNtCs8nMiDB8lWwf_3std9panicking11begin_panicINtB4_7PayloadReENtNtCsf0LoT3TAtAe_4core3fmt7Display3fmtB8_
00000001000a3bd4 t __RNvXs_NvNtCs8nMiDB8lWwf_3std9panicking13panic_handlerNtB4_19FormatStringPayloadNtNtCsf0LoT3TAtAe_4core5panic12PanicPayload3get
00000001000a3af0 t __RNvXs_NvNtCs8nMiDB8lWwf_3std9panicking13panic_handlerNtB4_19FormatStringPayloadNtNtCsf0LoT3TAtAe_4core5panic12PanicPayload8take_box
00000001000a75cc t __RNvXs_NvNtCs8nMiDB8lWwf_3std9panicking13resume_unwindNtB4_9RewrapBoxNtNtCsf0LoT3TAtAe_4core3fmt7Display3fmt
0000000100009edc t __RNvXs_NvXsf_NtNtCs8FVZETqzQuY_5alloc5boxed7convertINtBc_3BoxDNtNtCsf0LoT3TAtAe_4core5error5ErrorNtNtB11_6marker4SendNtB1y_4SyncEL_EINtNtB11_7convert4FromNtNtBe_6string6StringE4fromNtB4_11StringErrorNtNtB11_3fmt7Display3fmt
00000001000714a4 t __RNvXsa_NtCs8FVZETqzQuY_5alloc3vecINtB5_3VecyENtNtCsf0LoT3TAtAe_4core5clone5Clone5cloneCsaHq5tZPZTZc_10nanoda_lib
000000010007a040 t __RNvXsa_NtCs8FVZETqzQuY_5alloc3vecINtB5_3VecyENtNtCsf0LoT3TAtAe_4core5clone5Clone5cloneCslgqtUP0bYJ1_10num_bigint
000000010000f5cc t __RNvXsa_NtNtCseAcyr1bdVEo_5gimli4read6abbrevNtB5_10AttributesNtNtNtCsf0LoT3TAtAe_4core3ops5deref5Deref5deref
0000000100073210 t __RNvXsa_NtNtCslgqtUP0bYJ1_10num_bigint7biguint14multiplicationNtB7_7BigUintINtNtNtCsf0LoT3TAtAe_4core3ops5arith9MulAssignRBX_E10mul_assign
000000010008c85c t __RNvXsb_NtNtNtCs8nMiDB8lWwf_3std3sys2fs4unixNtB5_7ReadDirNtNtNtNtCsf0LoT3TAtAe_4core4iter6traits8iterator8Iterator4next
0000000100098028 t __RNvXsc_NtNtNtCs8nMiDB8lWwf_3std3sys2fs4unixNtB5_9DirStreamNtNtNtCsf0LoT3TAtAe_4core3ops4drop4Drop4drop
0000000100064d60 t __RNvXsd_NtCsaHq5tZPZTZc_10nanoda_lib3envNtB5_10DeclarInfoNtNtCsf0LoT3TAtAe_4core3fmt5Debug3fmt
00000001000a8588 t __RNvXsd_NtNtCs8nMiDB8lWwf_3std2io5stdioNtB5_6StdoutNtB7_5Write5write
000000010007f9e8 t __RNvXsd_NtNtCsf0LoT3TAtAe_4core3num5errorNtB5_13ParseIntErrorNtNtB9_3fmt5Debug3fmt
000000010000988c t __RNvXsd_NtNtCsf0LoT3TAtAe_4core5alloc6layoutNtB5_11LayoutErrorNtNtB9_3fmt5Debug3fmt
000000010000e790 t __RNvXsd_NtNtNtCsf0LoT3TAtAe_4core3fmt3num3impyNtB9_7Display3fmt
000000010006987c t __RNvXse_NtNtCs8FVZETqzQuY_5alloc3vec9into_iterINtB5_8IntoIterINtNtNtCs8nMiDB8lWwf_3std6thread6scoped16ScopedJoinHandleuEENtNtNtCsf0LoT3TAtAe_4core3ops4drop4Drop4dropCsaHq5tZPZTZc_10nanoda_lib
000000010006997c t __RNvXse_NtNtCs8FVZETqzQuY_5alloc3vec9into_iterINtB5_8IntoIterNtNtCsaHq5tZPZTZc_10nanoda_lib14pretty_printer6DocPtrENtNtNtCsf0LoT3TAtAe_4core3ops4drop4Drop4dropB10_
0000000100069a7c t __RNvXse_NtNtCs8FVZETqzQuY_5alloc3vec9into_iterINtB5_8IntoIterNtNtCsaHq5tZPZTZc_10nanoda_lib3env6DeclarENtNtNtCsf0LoT3TAtAe_4core3ops4drop4Drop4dropB10_
0000000100069ae4 t __RNvXse_NtNtCs8FVZETqzQuY_5alloc3vec9into_iterINtB5_8IntoIterNtNtCsaHq5tZPZTZc_10nanoda_lib6parser11ConstructorENtNtNtCsf0LoT3TAtAe_4core3ops4drop4Drop4dropB10_
0000000100069b68 t __RNvXse_NtNtCs8FVZETqzQuY_5alloc3vec9into_iterINtB5_8IntoIterNtNtCsaHq5tZPZTZc_10nanoda_lib6parser7IndInfoENtNtNtCsf0LoT3TAtAe_4core3ops4drop4Drop4dropB10_
0000000100069c0c t __RNvXse_NtNtCs8FVZETqzQuY_5alloc3vec9into_iterINtB5_8IntoIterNtNtCsaHq5tZPZTZc_10nanoda_lib6parser8RecursorENtNtNtCsf0LoT3TAtAe_4core3ops4drop4Drop4dropB10_
0000000100069cb0 t __RNvXse_NtNtCs8FVZETqzQuY_5alloc3vec9into_iterINtB5_8IntoIterNtNtNtCsleWiFORkTeD_10serde_core7private7content7ContentENtNtNtCsf0LoT3TAtAe_4core3ops4drop4Drop4dropCsaHq5tZPZTZc_10nanoda_lib
0000000100069d64 t __RNvXse_NtNtCs8FVZETqzQuY_5alloc3vec9into_iterINtB5_8IntoIterTNtNtB9_6string6StringINtNtCsaHq5tZPZTZc_10nanoda_lib4util3PtrRNtNtB1n_4name4NameEEENtNtNtCsf0LoT3TAtAe_4core3ops4drop4Drop4dropB1n_
0000000100069ddc t __RNvXse_NtNtCs8FVZETqzQuY_5alloc3vec9into_iterINtB5_8IntoIterTNtNtNtCsleWiFORkTeD_10serde_core7private7content7ContentBX_EENtNtNtCsf0LoT3TAtAe_4core3ops4drop4Drop4dropCsaHq5tZPZTZc_10nanoda_lib
000000010000e6a8 t __RNvXse_NtNtCsf0LoT3TAtAe_4core3fmt3numhNtB7_8LowerHex3fmt
0000000100075888 t __RNvXse_NtNtCslgqtUP0bYJ1_10num_bigint7biguint5powerNtB7_7BigUintINtNtCskdzJKm4Zs9Q_10num_traits3pow3PowyE3pow
000000010000e7e4 t __RNvXse_NtNtNtCsf0LoT3TAtAe_4core3fmt3num3impxNtB9_7Display3fmt
000000010005104c t __RNvXsf_NtCs31fSfFKH9QI_9hashbrown3rawINtB5_8RawTablejENtNtNtCsf0LoT3TAtAe_4core3ops4drop4Drop4dropCsaHq5tZPZTZc_10nanoda_lib
0000000100064990 t __RNvXsf_NtCsf0LoT3TAtAe_4core3fmtbNtB5_5Debug3fmt
000000010005be2c t __RNvXsf_NtNtCsf0LoT3TAtAe_4core5slice3cmpNtNtCs8FVZETqzQuY_5alloc6string6StringNtB5_13SliceContains14slice_containsCsaHq5tZPZTZc_10nanoda_lib
000000010000e84c t __RNvXsg_NtCsf0LoT3TAtAe_4core3fmtbNtB5_7Display3fmt
00000001000510a0 t __RNvXsg_NtCskVSbilJxPKa_9hashbrown3rawINtB5_8RawTableTINtNtCsaHq5tZPZTZc_10nanoda_lib4util3PtrRNtNtBU_4name4NameEINtNtNtNtCs8nMiDB8lWwf_3std11collections4hash3set7HashSetBP_INtNtCsf0LoT3TAtAe_4core4hash18BuildHasherDefaultNtCsfSrsiEmBR8f_10rustc_hash8FxHasherEEEENtNtNtB2P_3ops4drop4Drop4dropBU_
00000001000511a8 t __RNvXsg_NtCskVSbilJxPKa_9hashbrown3rawINtB5_8RawTableTINtNtCsaHq5tZPZTZc_10nanoda_lib4util3PtrRNtNtBU_4name4NameENtNtBU_3env8NotationEENtNtNtCsf0LoT3TAtAe_4core3ops4drop4Drop4dropBU_
00000001000512b0 t __RNvXsg_NtCskVSbilJxPKa_9hashbrown3rawINtB5_8RawTableTINtNtCsaHq5tZPZTZc_10nanoda_lib4util3PtrRNtNtBU_4name4NameEuEENtNtNtCsf0LoT3TAtAe_4core3ops4drop4Drop4dropBU_
0000000100009eec t __RNvXsg_NtNtCs8FVZETqzQuY_5alloc5boxed7convertINtB7_3BoxDNtNtCsf0LoT3TAtAe_4core5error5ErrorEL_EINtNtBW_7convert4FromNtNtB9_6string6StringE4from
000000010000e3e4 t __RNvXsg_NtNtCsf0LoT3TAtAe_4core3fmt3numhNtB7_8UpperHex3fmt
000000010000dbb0 t __RNvXsh_NtCsf0LoT3TAtAe_4core3fmteNtB5_5Debug3fmt
00000001000a7c0c t __RNvXsh_NtNtCs8nMiDB8lWwf_3std2io5stdioNtB5_10StdoutLockNtB7_5Write9write_all
00000001000a1ea4 t __RNvXsi_NtCs8nMiDB8lWwf_3std4pathNtB5_10ComponentsNtNtNtNtCsf0LoT3TAtAe_4core4iter6traits8iterator8Iterator4next
00000001000894b8 t __RNvXsj_NtCs8nMiDB8lWwf_3std4pathNtB5_10ComponentsNtNtNtNtCsf0LoT3TAtAe_4core4iter6traits12double_ended19DoubleEndedIterator9next_back
000000010000d0b0 t __RNvXsj_NtCsf0LoT3TAtAe_4core3fmtcNtB5_5Debug3fmt
000000010000e880 t __RNvXsk_NtCsf0LoT3TAtAe_4core3fmtcNtB5_7Display3fmt
00000001000262a0 t __RNvXsl_NtNtCslgqtUP0bYJ1_10num_bigint7biguint5shiftNtB7_7BigUintINtNtNtCsf0LoT3TAtAe_4core3ops3bit9ShrAssignyE10shr_assign
00000001000089b0 t __RNvXsm_NtCs8FVZETqzQuY_5alloc5boxedINtB5_3BoxDNtNtCsf0LoT3TAtAe_4core5error5ErrorEL_ENtNtBM_3fmt7Display3fmtCskAKTUtOaNfB_10nanoda_bin
0000000100075ad8 t __RNvXsm_NtNtCslgqtUP0bYJ1_10num_bigint7biguint5powerNtB7_7BigUintINtNtCskdzJKm4Zs9Q_10num_traits3pow3PowoE3pow
000000010005e288 t __RNvXsn_NtCs8FVZETqzQuY_5alloc5boxedINtB5_3BoxDNtNtCsf0LoT3TAtAe_4core3any3AnyNtNtBM_6marker4SendEL_ENtNtBM_3fmt5Debug3fmtCsaHq5tZPZTZc_10nanoda_lib
0000000100038eac t __RNvXsn_NtCsaHq5tZPZTZc_10nanoda_lib6parserNtB5_7BackRefNtNtCsf0LoT3TAtAe_4core3fmt5Debug3fmt
000000010000df44 t __RNvXsn_NtNtCsf0LoT3TAtAe_4core2io5errorNtB5_9ErrorKindNtNtB9_3fmt5Debug3fmt
0000000100071540 t __RNvXso_NtCs8FVZETqzQuY_5alloc3vecINtB5_3VecINtCs5QtJyBtwgZZ_8indexmap6BucketINtNtCsaHq5tZPZTZc_10nanoda_lib4util3PtrRNtNtB1h_4name4NameENtNtB1h_3env6DeclarEENtNtNtCsf0LoT3TAtAe_4core3ops4drop4Drop4dropB1h_
00000001000717d0 t __RNvXso_NtCs8FVZETqzQuY_5alloc3vecINtB5_3VecNtNtCsaHq5tZPZTZc_10nanoda_lib6parser7IndInfoENtNtNtCsf0LoT3TAtAe_4core3ops4drop4Drop4dropBJ_
0000000100071834 t __RNvXso_NtCs8FVZETqzQuY_5alloc3vecINtB5_3VecNtNtCsaHq5tZPZTZc_10nanoda_lib6parser8RecursorENtNtNtCsf0LoT3TAtAe_4core3ops4drop4Drop4dropBJ_
0000000100071898 t __RNvXso_NtCs8FVZETqzQuY_5alloc3vecINtB5_3VecNtNtCsqfweSlTIyW_10serde_json5value5ValueENtNtNtCsf0LoT3TAtAe_4core3ops4drop4Drop4dropCsaHq5tZPZTZc_10nanoda_lib
00000001000a7620 t __RNvXso_NtNtCs8nMiDB8lWwf_3std2io5stdioRNtB5_6StderrNtB7_5Write9write_fmt
00000001000089c0 t __RNvXsq_NtCs8FVZETqzQuY_5alloc3vecINtB5_3VecINtNtB7_5boxed3BoxDNtNtCsf0LoT3TAtAe_4core5error5ErrorEL_EENtNtB12_3fmt5Debug3fmtCskAKTUtOaNfB_10nanoda_bin
0000000100008bbc t __RNvXsq_NtCs8FVZETqzQuY_5alloc3vecINtB5_3VecNtNtB7_6string6StringENtNtCsf0LoT3TAtAe_4core3fmt5Debug3fmtCskAKTUtOaNfB_10nanoda_bin
00000001000719ec t __RNvXsq_NtCs8FVZETqzQuY_5alloc3vecINtB5_3VecReENtNtCsf0LoT3TAtAe_4core3fmt5Debug3fmtCsaHq5tZPZTZc_10nanoda_lib
0000000100008d90 t __RNvXsq_NtCs8FVZETqzQuY_5alloc6stringNtB5_6StringNtNtCsf0LoT3TAtAe_4core3fmt7Display3fmt
0000000100088d0c t __RNvXsq_NtCsf0LoT3TAtAe_4core3fmtONtNtB7_3ffi6c_voidNtB5_5Debug3fmtCs8nMiDB8lWwf_3std
000000010003850c t __RNvXsr_NtCs8FVZETqzQuY_5alloc6stringNtB5_6StringNtNtCsf0LoT3TAtAe_4core3fmt5Debug3fmt
0000000100027150 t __RNvXsr_NtCsf0LoT3TAtAe_4core3fmtSINtNtCsaHq5tZPZTZc_10nanoda_lib4util3PtrRNtNtBA_4name4NameENtB5_5Debug3fmtBA_
000000010000d1b8 t __RNvXsr_NtCsf0LoT3TAtAe_4core4cellNtB5_14BorrowMutErrorNtNtB7_3fmt7Display3fmt
000000010007e8fc t __RNvXss_NtCsf0LoT3TAtAe_4core3fmtuNtB5_5Debug3fmt
00000001000a0f6c t __RNvXst_NtNtCsf0LoT3TAtAe_4core3str7patternReNtB5_7Pattern15is_contained_in
0000000100082020 t __RNvXsu_NtNtNtCsbcFOZH0T4Uy_5serde7private2de7contentNtB5_13ExpectedInSeqNtNtCsleWiFORkTeD_10serde_core2de8Expected3fmt
000000010007aee4 t __RNvXsv_NtNtCsf0LoT3TAtAe_4core3str7patternNtB5_11StrSearcherNtB5_8Searcher4next
0000000100080600 t __RNvYINtCs14PaYreGDoz_14rustc_demangle21SizeLimitedFmtAdapterQNtNtCsf0LoT3TAtAe_4core3fmt9FormatterENtBZ_5Write10write_charB5_
00000001000806dc t __RNvYINtCs14PaYreGDoz_14rustc_demangle21SizeLimitedFmtAdapterQNtNtCsf0LoT3TAtAe_4core3fmt9FormatterENtBZ_5Write9write_fmtB5_
0000000100095c90 t __RNvYINtNtNtCseAcyr1bdVEo_5gimli4read12endian_slice11EndianSliceNtNtB9_9endianity12LittleEndianENtNtB7_6reader6Reader11read_offsetCs8nMiDB8lWwf_3std
000000010008e0e0 t __RNvYINtNtNtCseAcyr1bdVEo_5gimli4read12endian_slice11EndianSliceNtNtB9_9endianity12LittleEndianENtNtB7_6reader6Reader12read_sleb128Cs8nMiDB8lWwf_3std
000000010009b29c t __RNvYINtNtNtCseAcyr1bdVEo_5gimli4read12endian_slice11EndianSliceNtNtB9_9endianity12LittleEndianENtNtB7_6reader6Reader12read_uleb128Cs8nMiDB8lWwf_3std
0000000100095b70 t __RNvYINtNtNtCseAcyr1bdVEo_5gimli4read12endian_slice11EndianSliceNtNtB9_9endianity12LittleEndianENtNtB7_6reader6Reader17read_sized_offsetCs8nMiDB8lWwf_3std
00000001000a2298 t __RNvYINtNvNtCs8nMiDB8lWwf_3std2io17default_write_fmt7AdapterINtNtNtCsf0LoT3TAtAe_4core2io6cursor6CursorQShEENtNtB12_3fmt5Write10write_charB9_
00000001000a23e8 t __RNvYINtNvNtCs8nMiDB8lWwf_3std2io17default_write_fmt7AdapterINtNtNtCsf0LoT3TAtAe_4core2io6cursor6CursorQShEENtNtB12_3fmt5Write9write_fmtB9_
00000001000a78d0 t __RNvYINtNvNtCs8nMiDB8lWwf_3std2io17default_write_fmt7AdapterNtNtB7_5stdio10StderrLockENtNtCsf0LoT3TAtAe_4core3fmt5Write10write_charB9_
00000001000a7980 t __RNvYINtNvNtCs8nMiDB8lWwf_3std2io17default_write_fmt7AdapterNtNtB7_5stdio10StderrLockENtNtCsf0LoT3TAtAe_4core3fmt5Write9write_fmtB9_
00000001000a7e30 t __RNvYINtNvNtCs8nMiDB8lWwf_3std2io17default_write_fmt7AdapterNtNtB7_5stdio10StdoutLockENtNtCsf0LoT3TAtAe_4core3fmt5Write10write_charB9_
00000001000a7f80 t __RNvYINtNvNtCs8nMiDB8lWwf_3std2io17default_write_fmt7AdapterNtNtB7_5stdio10StdoutLockENtNtCsf0LoT3TAtAe_4core3fmt5Write9write_fmtB9_
00000001000a2d88 t __RNvYINtNvNtCs8nMiDB8lWwf_3std2io17default_write_fmt7AdapterNtNtNtNtB9_3sys5stdio4unix6StderrENtNtCsf0LoT3TAtAe_4core3fmt5Write10write_charB9_
00000001000a2eb8 t __RNvYINtNvNtCs8nMiDB8lWwf_3std2io17default_write_fmt7AdapterNtNtNtNtB9_3sys5stdio4unix6StderrENtNtCsf0LoT3TAtAe_4core3fmt5Write9write_fmtB9_
00000001000a37a8 t __RNvYINtNvNtCs8nMiDB8lWwf_3std9panicking11begin_panic7PayloadReENtNtCsf0LoT3TAtAe_4core5panic12PanicPayload6as_strB9_
000000010000a05c t __RNvYNCNvMs5_NtNtCsf0LoT3TAtAe_4core2io5errorNtBa_11OsFunctions7DEFAULT0INtNtNtBe_3ops8function6FnOnceTlQNtNtBe_3fmt9FormatterEE9call_onceBe_
000000010000a06c t __RNvYNCNvMs5_NtNtCsf0LoT3TAtAe_4core2io5errorNtBa_11OsFunctions7DEFAULTs0_0INtNtNtBe_3ops8function6FnOnceTlEE9call_onceBe_
000000010000a064 t __RNvYNCNvMs5_NtNtCsf0LoT3TAtAe_4core2io5errorNtBa_11OsFunctions7DEFAULTs_0INtNtNtBe_3ops8function6FnOnceTlEE9call_onceBe_
0000000100085a14 t __RNvYNCNvNvMNtNtCs8nMiDB8lWwf_3std2io5errorNtNtNtCsf0LoT3TAtAe_4core2io5error5Error17from_raw_os_error9FUNCTIONS0INtNtNtBK_3ops8function6FnOnceTlQNtNtBK_3fmt9FormatterEE9call_onceBd_
0000000100009d8c t __RNvYNtNtCs8FVZETqzQuY_5alloc6string6StringNtNtCsf0LoT3TAtAe_4core3fmt5Write9write_fmtB6_
00000001000a3e30 t __RNvYNtNtCs8FVZETqzQuY_5alloc6string6StringNtNtCsf0LoT3TAtAe_4core3fmt5Write9write_fmtCs8nMiDB8lWwf_3std
000000010005bea8 t __RNvYNtNtCs8FVZETqzQuY_5alloc6string6StringNtNtCsf0LoT3TAtAe_4core3fmt5Write9write_fmtCsaHq5tZPZTZc_10nanoda_lib
0000000100082238 t __RNvYNtNtCs8FVZETqzQuY_5alloc6string6StringNtNtCsf0LoT3TAtAe_4core3fmt5Write9write_fmtCsqfweSlTIyW_10serde_json
0000000100039b0c t __RNvYNtNtCshadIWLSE2I4_6semver5parse5ErrorNtNtCsf0LoT3TAtAe_4core5error5Error11descriptionCsaHq5tZPZTZc_10nanoda_lib
0000000100069ec4 t __RNvYNtNtCshadIWLSE2I4_6semver5parse5ErrorNtNtCsf0LoT3TAtAe_4core5error5Error5causeCsaHq5tZPZTZc_10nanoda_lib
0000000100039b1c t __RNvYNtNtCshadIWLSE2I4_6semver5parse5ErrorNtNtCsf0LoT3TAtAe_4core5error5Error7provideCsaHq5tZPZTZc_10nanoda_lib
0000000100039af8 t __RNvYNtNtCshadIWLSE2I4_6semver5parse5ErrorNtNtCsf0LoT3TAtAe_4core5error5Error7type_idCsaHq5tZPZTZc_10nanoda_lib
00000001000398a4 t __RNvYNtNtCsqfweSlTIyW_10serde_json5error5ErrorNtNtCsf0LoT3TAtAe_4core5error5Error11descriptionCsaHq5tZPZTZc_10nanoda_lib
000000010005bebc t __RNvYNtNtCsqfweSlTIyW_10serde_json5error5ErrorNtNtCsf0LoT3TAtAe_4core5error5Error5causeCsaHq5tZPZTZc_10nanoda_lib
00000001000398b4 t __RNvYNtNtCsqfweSlTIyW_10serde_json5error5ErrorNtNtCsf0LoT3TAtAe_4core5error5Error7provideCsaHq5tZPZTZc_10nanoda_lib
0000000100039890 t __RNvYNtNtCsqfweSlTIyW_10serde_json5error5ErrorNtNtCsf0LoT3TAtAe_4core5error5Error7type_idCsaHq5tZPZTZc_10nanoda_lib
00000001000afce4 t __RNvYNtNtCsqfweSlTIyW_10serde_json5error5ErrorNtNtCsleWiFORkTeD_10serde_core2de5Error14invalid_lengthCsaHq5tZPZTZc_10nanoda_lib
00000001000afd34 t __RNvYNtNtCsqfweSlTIyW_10serde_json5error5ErrorNtNtCsleWiFORkTeD_10serde_core2de5Error15unknown_variantCsaHq5tZPZTZc_10nanoda_lib
0000000100025af4 t __RNvYNtNtNtCsf0LoT3TAtAe_4core2io5error5ErrorNtNtB8_5error5Error7type_idCsaHq5tZPZTZc_10nanoda_lib
000000010000ad54 t __RNvYNtNtNtCsf0LoT3TAtAe_4core3fmt8builders10PadAdapterNtB6_5Write9write_fmtB8_
00000001000a25f0 t __RNvYNtNtNtNtCs8nMiDB8lWwf_3std3sys5stdio4unix6StderrNtNtBa_2io5Write18write_all_vectoredBa_
00000001000a24f4 t __RNvYNtNtNtNtCs8nMiDB8lWwf_3std3sys5stdio4unix6StderrNtNtBa_2io5Write9write_allBa_
000000010005c950 t __RNvYNtNtNtNtCs8nMiDB8lWwf_3std3sys5stdio4unix6StderrNtNtBa_2io5Write9write_allCsaHq5tZPZTZc_10nanoda_lib
000000010008579c t __RNvYNtNtNtNtCs8nMiDB8lWwf_3std3sys5stdio4unix6StderrNtNtBa_2io5Write9write_fmtBa_
00000001000a6ee8 t __RNvYNtNtNtNtCs8nMiDB8lWwf_3std3sys5stdio4unix6StdoutNtNtBa_2io5Write9write_allBa_
0000000100009f80 t __RNvYNtNvXsf_NtNtCs8FVZETqzQuY_5alloc5boxed7convertINtBc_3BoxDNtNtCsf0LoT3TAtAe_4core5error5ErrorNtNtB11_6marker4SendNtB1y_4SyncEL_EINtNtB11_7convert4FromNtNtBe_6string6StringE4from11StringErrorBX_5causeBe_
0000000100009f6c t __RNvYNtNvXsf_NtNtCs8FVZETqzQuY_5alloc5boxed7convertINtBc_3BoxDNtNtCsf0LoT3TAtAe_4core5error5ErrorNtNtB11_6marker4SendNtB1y_4SyncEL_EINtNtB11_7convert4FromNtNtBe_6string6StringE4from11StringErrorBX_7type_idBe_
                 U __Unwind_Backtrace
                 U __Unwind_DeleteException
                 U __Unwind_GetDataRelBase
                 U __Unwind_GetIP
                 U __Unwind_GetIPInfo
                 U __Unwind_GetLanguageSpecificData
                 U __Unwind_GetRegionStart
                 U __Unwind_GetTextRelBase
                 U __Unwind_RaiseException
                 U __Unwind_Resume
                 U __Unwind_SetGR
                 U __Unwind_SetIP
                 U ___error
00000001000a8dc0 t ___udivti3
                 U __dyld_get_image_header
                 U __dyld_get_image_name
                 U __dyld_get_image_vmaddr_slide
                 U __dyld_image_count
00000001000ecc80 d __dyld_private
0000000100000000 T __mh_execute_header
                 U __tlv_atexit
                 U __tlv_bootstrap
                 U _abort
                 U _bzero
                 U _calloc
                 U _close
                 U _closedir
                 U _dirfd
                 U _dispatch_release
                 U _dispatch_semaphore_create
                 U _dispatch_semaphore_signal
                 U _dispatch_semaphore_wait
                 U _dup
                 U _exit
                 U _fcntl
                 U _free
                 U _fstat
                 U _getcwd
                 U _getenv
0000000100008da0 T _main
                 U _malloc
                 U _memcmp
                 U _memcpy
                 U _memmove
                 U _memset
                 U _mmap
                 U _mprotect
                 U _munmap
                 U _open
                 U _opendir
                 U _pause
                 U _posix_memalign
                 U _pthread_attr_destroy
                 U _pthread_attr_init
                 U _pthread_attr_setstacksize
                 U _pthread_create
                 U _pthread_detach
                 U _pthread_get_stackaddr_np
                 U _pthread_get_stacksize_np
                 U _pthread_join
                 U _pthread_mutex_destroy
                 U _pthread_mutex_init
                 U _pthread_mutex_lock
                 U _pthread_mutex_trylock
                 U _pthread_mutex_unlock
                 U _pthread_mutexattr_destroy
                 U _pthread_mutexattr_init
                 U _pthread_mutexattr_settype
                 U _pthread_self
                 U _pthread_setname_np
                 U _pthread_threadid_np
                 U _read
                 U _readdir_r
                 U _realloc
0000000100084c90 T _rust_eh_personality
                 U _sigaction
                 U _sigaltstack
                 U _signal
                 U _strerror_r
                 U _strlen
                 U _sysconf
                 U _write
                 U _writev
                 U dyld_stub_binder
