Tree2Bridge.lean:63:77: error: maximum recursion depth has been reached
use `set_option maxRecDepth <num>` to increase limit
use `set_option diagnostics true` to get diagnostic information
[Debug.Meta.Tactic.cbv.reduce] ✅️ proj `ConLeche.ConstantVal`.0:
      { name := Name.anonymous.str "List.nil", levelParams := [Name.anonymous.str "u"],
          type :=
            (Expr.sort (Level.param (Name.anonymous.str "u")).succ).forallE
              ((Expr.const (Name.anonymous.str "List") [Level.param (Name.anonymous.str "u")]).app (Expr.bvar 0))
              { pw := { repr := ConLeche.PropWhenRepr.never✝ } } }.1
    ==>
      Name.anonymous.str "List.nil"
[Debug.Meta.Tactic.cbv.reduce] ✅️ proj `ConLeche.ConstantVal`.0:
      { name := Name.anonymous.str "List.cons", levelParams := [Name.anonymous.str "u"],
          type :=
            (Expr.sort (Level.param (Name.anonymous.str "u")).succ).forallE
              ((Expr.bvar 0).forallE
                (((Expr.const (Name.anonymous.str "List") [Level.param (Name.anonymous.str "u")]).app
                      (Expr.bvar 1)).forallE
                  ((Expr.const (Name.anonymous.str "List") [Level.param (Name.anonymous.str "u")]).app (Expr.bvar 2))
                  { pw := { repr := ConLeche.PropWhenRepr.never✝ } })
                { pw := { repr := ConLeche.PropWhenRepr.never✝ } })
              { pw := { repr := ConLeche.PropWhenRepr.never✝ } } }.1
    ==>
      Name.anonymous.str "List.cons"
[Debug.Meta.Tactic.cbv.reduce] ✅️ proj `ConLeche.ConstantVal`.0:
      { name := Name.anonymous.str "Tree2.leaf", levelParams := [],
          type :=
            (Expr.sort Level.zero.succ).forallE
              ((Expr.bvar 0).forallE ((Expr.const (Name.anonymous.str "Tree2") []).app (Expr.bvar 1))
                { pw := { repr := ConLeche.PropWhenRepr.never✝ } })
              { pw := { repr := ConLeche.PropWhenRepr.never✝ } } }.1
    ==>
      Name.anonymous.str "Tree2.leaf"
[Debug.Meta.Tactic.cbv.reduce] ✅️ proj `ConLeche.ConstantVal`.0:
      { name := Name.anonymous.str "Tree2.node", levelParams := [],
          type :=
            (Expr.sort Level.zero.succ).forallE
              (((Expr.const (Name.anonymous.str "List") [Level.zero]).app
                    ((Expr.const (Name.anonymous.str "List") [Level.zero]).app
                      ((Expr.const (Name.anonymous.str "Tree2") []).app (Expr.bvar 0)))).forallE
                ((Expr.const (Name.anonymous.str "Tree2") []).app (Expr.bvar 1))
                { pw := { repr := ConLeche.PropWhenRepr.never✝ } })
              { pw := { repr := ConLeche.PropWhenRepr.never✝ } } }.1
    ==>
      Name.anonymous.str "Tree2.node"
[Debug.Meta.Tactic.cbv.reduce] ✅️ proj `ConLeche.ConstantVal`.2:
      { name := Name.anonymous.str "Tree2", levelParams := [],
          type :=
            (Expr.sort Level.zero.succ).forallE (Expr.sort Level.zero.succ)
              { pw := { repr := ConLeche.PropWhenRepr.never✝ } } }.3
    ==>
      (Expr.sort Level.zero.succ).forallE (Expr.sort Level.zero.succ) { pw := { repr := ConLeche.PropWhenRepr.never✝ } }
[Debug.Meta.Tactic.cbv.reduce] ✅️ proj `ConLeche.ConstantVal`.2:
      { name := Name.anonymous.str "Tree2.leaf", levelParams := [],
          type :=
            (Expr.sort Level.zero.succ).forallE
              ((Expr.bvar 0).forallE ((Expr.const (Name.anonymous.str "Tree2") []).app (Expr.bvar 1))
                { pw := { repr := ConLeche.PropWhenRepr.never✝ } })
              { pw := { repr := ConLeche.PropWhenRepr.never✝ } } }.3
    ==>
      (Expr.sort Level.zero.succ).forallE
        ((Expr.bvar 0).forallE ((Expr.const (Name.anonymous.str "Tree2") []).app (Expr.bvar 1))
          { pw := { repr := ConLeche.PropWhenRepr.never✝ } })
        { pw := { repr := ConLeche.PropWhenRepr.never✝ } }
[Debug.Meta.Tactic.cbv.reduce] ✅️ proj `ConLeche.ConstantVal`.2:
      { name := Name.anonymous.str "Tree2.node", levelParams := [],
          type :=
            (Expr.sort Level.zero.succ).forallE
              (((Expr.const (Name.anonymous.str "List") [Level.zero]).app
                    ((Expr.const (Name.anonymous.str "List") [Level.zero]).app
                      ((Expr.const (Name.anonymous.str "Tree2") []).app (Expr.bvar 0)))).forallE
                ((Expr.const (Name.anonymous.str "Tree2") []).app (Expr.bvar 1))
                { pw := { repr := ConLeche.PropWhenRepr.never✝ } })
              { pw := { repr := ConLeche.PropWhenRepr.never✝ } } }.3
    ==>
      (Expr.sort Level.zero.succ).forallE
        (((Expr.const (Name.anonymous.str "List") [Level.zero]).app
              ((Expr.const (Name.anonymous.str "List") [Level.zero]).app
                ((Expr.const (Name.anonymous.str "Tree2") []).app (Expr.bvar 0)))).forallE
          ((Expr.const (Name.anonymous.str "Tree2") []).app (Expr.bvar 1))
          { pw := { repr := ConLeche.PropWhenRepr.never✝ } })
        { pw := { repr := ConLeche.PropWhenRepr.never✝ } }
[Debug.Meta.Tactic.cbv.reduce] ✅️ proj `ConLeche.Official.MemberDecl`.1:
      { name := Name.anonymous.str "Tree2",
          type :=
            (Expr.sort Level.zero.succ).forallE (Expr.sort Level.zero.succ)
              { pw := { repr := ConLeche.PropWhenRepr.never✝ } },
          ctors :=
            [(Expr.sort Level.zero.succ).forallE
                ((Expr.bvar 0).forallE ((Expr.const (Name.anonymous.str "Tree2") []).app (Expr.bvar 1))
                  { pw := { repr := ConLeche.PropWhenRepr.never✝ } })
                { pw := { repr := ConLeche.PropWhenRepr.never✝ } },
              (Expr.sort Level.zero.succ).forallE
                (((Expr.const (Name.anonymous.str "List") [Level.zero]).app
                      ((Expr.const (Name.anonymous.str "List") [Level.zero]).app
                        ((Expr.const (Name.anonymous.str "Tree2") []).app (Expr.bvar 0)))).forallE
                  ((Expr.const (Name.anonymous.str "Tree2") []).app (Expr.bvar 1))
                  { pw := { repr := ConLeche.PropWhenRepr.never✝ } })
                { pw := { repr := ConLeche.PropWhenRepr.never✝ } }] }.2
    ==>
      (Expr.sort Level.zero.succ).forallE (Expr.sort Level.zero.succ) { pw := { repr := ConLeche.PropWhenRepr.never✝ } }
[Debug.Meta.Tactic.cbv.reduce] ✅️ proj `ConLeche.Official.ElimCtx`.3:
      {
          find? :=
            {
                consts :=
                  [ConstantInfo.indInfo
                      { name := Name.anonymous.str "List", levelParams := [Name.anonymous.str "u"],
                        type :=
                          (Expr.sort (Level.param (Name.anonymous.str "u")).succ).forallE
                            (Expr.sort (Level.param (Name.anonymous.str "u")).succ)
                            { pw := { repr := ConLeche.PropWhenRepr.never✝ } } }
                      { sortZ := { repr := ConLeche.PropWhenRepr.always✝ }, all := [Name.anonymous.str "List"],
                        nparams := 1, ctors := [Name.anonymous.str "List.nil", Name.anonymous.str "List.cons"] },
                    ConstantInfo.ctorInfo
                      { name := Name.anonymous.str "List.nil", levelParams := [Name.anonymous.str "u"],
                        type :=
                          (Expr.sort (Level.param (Name.anonymous.str "u")).succ).forallE
                            ((Expr.const (Name.anonymous.str "List") [Level.param (Name.anonymous.str "u")]).app
                              (Expr.bvar 0))
                            { pw := { repr := ConLeche.PropWhenRepr.never✝ } } }
                      1 0,
                    ConstantInfo.ctorInfo
                      { name := Name.anonymous.str "List.cons", levelParams := [Name.anonymous.str "u"],
                        type :=
                          (Expr.sort (Level.param (Name.anonymous.str "u")).succ).forallE
                            ((Expr.bvar 0).forallE
                              (((Expr.const (Name.anonymous.str "List") [Level.param (Name.anonymous.str "u")]).app
                                    (Expr.bvar 1)).forallE
                                ((Expr.const (Name.anonymous.str "List") [Level.param (Name.anonymous.str "u")]).app
                                  (Expr.bvar 2))
                                { pw := { repr := ConLeche.PropWhenRepr.never✝ } })
                              { pw := { repr := ConLeche.PropWhenRepr.never✝ } })
                            { pw := { repr := ConLeche.PropWhenRepr.never✝ } } }
                      1 2,
                    ConstantInfo.indInfo
                      { name := Name.anonymous.str "Tree2", levelParams := [],
                        type :=
                          (Expr.sort Level.zero.succ).forallE (Expr.sort Level.zero.succ)
                            { pw := { repr := ConLeche.PropWhenRepr.never✝ } } }
                      { sortZ := { repr := ConLeche.PropWhenRepr.always✝ }, all := [Name.anonymous.str "Tree2"],
                        nparams := 1,
                        ctors := [Name.anonymous.str "Tree2.leaf", Name.anonymous.str "Tree2.node"] }] }.find?,
          ctorsOf := fun n => if (n == Ln) = true then listCs else [], lvls := [],
          ps := [Expr.fvar 0 (Expr.sort Level.zero.succ)], auxName := fun i => if (i == 1) = true then rn else cn }.4
    ==>
      [Expr.fvar 0 (Expr.sort Level.zero.succ)]
[Debug.Meta.Tactic.cbv.reduce] ✅️ proj `Pure`.0:
      Except.instMonad.toPure.1
    ==>
      { pure := @Except.pure CheckError }.1
  [Debug.Meta.Tactic.cbv.reduce] ✅️ proj `Applicative`.1:
        Except.instMonad.toApplicative.2
      ==>
        { map := @Except.map CheckError, pure := @Except.pure CheckError,
            seq := fun {α β} f x => f.bind fun y => Except.map y (x PUnit.unit),
            seqLeft := fun {α β} x y => x.bind fun a => (y PUnit.unit).bind fun x => Except.pure a,
            seqRight := fun {α β} x y => x.bind fun x => y PUnit.unit }.2
    [Debug.Meta.Tactic.cbv.reduce] ✅️ proj `Monad`.0:
          Except.instMonad.1
        ==>
          { map := @Except.map CheckError, pure := @Except.pure CheckError,
              seq := fun {α β} f x => f.bind fun y => Except.map y (x PUnit.unit),
              seqLeft := fun {α β} x y => x.bind fun a => (y PUnit.unit).bind fun x => Except.pure a,
              seqRight := fun {α β} x y => x.bind fun x => y PUnit.unit, bind := @Except.bind CheckError }.1
    [Debug.Meta.Tactic.cbv.reduce] ✅️ proj `Monad`.0:
          { map := @Except.map CheckError, pure := @Except.pure CheckError,
              seq := fun {α β} f x => f.bind fun y => Except.map y (x PUnit.unit),
              seqLeft := fun {α β} x y => x.bind fun a => (y PUnit.unit).bind fun x => Except.pure a,
              seqRight := fun {α β} x y => x.bind fun x => y PUnit.unit, bind := @Except.bind CheckError }.1
        ==>
          { map := @Except.map CheckError, pure := @Except.pure CheckError,
            seq := fun {α β} f x => f.bind fun y => Except.map y (x PUnit.unit),
            seqLeft := fun {α β} x y => x.bind fun a => (y PUnit.unit).bind fun x => Except.pure a,
            seqRight := fun {α β} x y => x.bind fun x => y PUnit.unit }
  [Debug.Meta.Tactic.cbv.reduce] ✅️ proj `Applicative`.1:
        { map := @Except.map CheckError, pure := @Except.pure CheckError,
            seq := fun {α β} f x => f.bind fun y => Except.map y (x PUnit.unit),
            seqLeft := fun {α β} x y => x.bind fun a => (y PUnit.unit).bind fun x => Except.pure a,
            seqRight := fun {α β} x y => x.bind fun x => y PUnit.unit }.2
      ==>
        { pure := @Except.pure CheckError }
[Debug.Meta.Tactic.cbv.reduce] ✅️ proj `Pure`.0:
      { pure := @Except.pure CheckError }.1
    ==>
      @Except.pure CheckError
[Debug.Meta.Tactic.cbv.reduce] simplifyAppFn:
      Except.instMonad.toPure.1 (Expr.sort Level.zero.succ)
    ==>
      Except.pure (Expr.sort Level.zero.succ)
[Debug.Meta.Tactic.cbv.reduce] ✅️ proj `Bind`.0:
      Except.instMonad.toBind.1
    ==>
      { bind := @Except.bind CheckError }.1
  [Debug.Meta.Tactic.cbv.reduce] ✅️ proj `Monad`.1:
        Except.instMonad.2
      ==>
        { map := @Except.map CheckError, pure := @Except.pure CheckError,
            seq := fun {α β} f x => f.bind fun y => Except.map y (x PUnit.unit),
            seqLeft := fun {α β} x y => x.bind fun a => (y PUnit.unit).bind fun x => Except.pure a,
            seqRight := fun {α β} x y => x.bind fun x => y PUnit.unit, bind := @Except.bind CheckError }.2
  [Debug.Meta.Tactic.cbv.reduce] ✅️ proj `Monad`.1:
        { map := @Except.map CheckError, pure := @Except.pure CheckError,
            seq := fun {α β} f x => f.bind fun y => Except.map y (x PUnit.unit),
            seqLeft := fun {α β} x y => x.bind fun a => (y PUnit.unit).bind fun x => Except.pure a,
            seqRight := fun {α β} x y => x.bind fun x => y PUnit.unit, bind := @Except.bind CheckError }.2
      ==>
        { bind := @Except.bind CheckError }
[Debug.Meta.Tactic.cbv.reduce] ✅️ proj `Bind`.0:
      { bind := @Except.bind CheckError }.1
    ==>
      @Except.bind CheckError
[Debug.Meta.Tactic.cbv.reduce] simplifyAppFn:
      Except.instMonad.toBind.1 (Except.ok (Expr.sort Level.zero.succ)) fun ty => do
        let cs ←
          List.mapM
              (fun t =>
                Official.instPiParams t
                  {
                      find? :=
                        {
                            consts :=
                              [ConstantInfo.indInfo
                                  { name := Name.anonymous.str "List", levelParams := [Name.anonymous.str "u"],
                                    type :=
                                      (Expr.sort (Level.param (Name.anonymous.str "u")).succ).forallE
                                        (Expr.sort (Level.param (Name.anonymous.str "u")).succ)
                                        { pw := { repr := ConLeche.PropWhenRepr.never✝ } } }
                                  { sortZ := { repr := ConLeche.PropWhenRepr.always✝ },
                                    all := [Name.anonymous.str "List"], nparams := 1,
                                    ctors := [Name.anonymous.str "List.nil", Name.anonymous.str "List.cons"] },
                                ConstantInfo.ctorInfo
                                  { name := Name.anonymous.str "List.nil", levelParams := [Name.anonymous.str "u"],
                                    type :=
                                      (Expr.sort (Level.param (Name.anonymous.str "u")).succ).forallE
                                        ((Expr.const (Name.anonymous.str "List")
                                              [Level.param (Name.anonymous.str "u")]).app
                                          (Expr.bvar 0))
                                        { pw := { repr := ConLeche.PropWhenRepr.never✝ } } }
                                  1 0,
                                ConstantInfo.ctorInfo
                                  { name := Name.anonymous.str "List.cons", levelParams := [Name.anonymous.str "u"],
                                    type :=
                                      (Expr.sort (Level.param (Name.anonymous.str "u")).succ).forallE
                                        ((Expr.bvar 0).forallE
                                          (((Expr.const (Name.anonymous.str "List")
                                                    [Level.param (Name.anonymous.str "u")]).app
                                                (Expr.bvar 1)).forallE
                                            ((Expr.const (Name.anonymous.str "List")
                                                  [Level.param (Name.anonymous.str "u")]).app
                                              (Expr.bvar 2))
                                            { pw := { repr := ConLeche.PropWhenRepr.never✝ } })
                                          { pw := { repr := ConLeche.PropWhenRepr.never✝ } })
                                        { pw := { repr := ConLeche.PropWhenRepr.never✝ } } }
                                  1 2,
                                ConstantInfo.indInfo
                                  { name := Name.anonymous.str "Tree2", levelParams := [],
                                    type :=
                                      (Expr.sort Level.zero.succ).forallE (Expr.sort Level.zero.succ)
                                        { pw := { repr := ConLeche.PropWhenRepr.never✝ } } }
                                  { sortZ := { repr := ConLeche.PropWhenRepr.always✝ },
                                    all := [Name.anonymous.str "Tree2"], nparams := 1,
                                    ctors :=
                                      [Name.anonymous.str "Tree2.leaf", Name.anonymous.str "Tree2.node"] }] }.find?,
                      ctorsOf := fun n => if (n == Ln) = true then listCs else [], lvls := [],
                      ps := [Expr.fvar 0 (Expr.sort Level.zero.succ)],
                      auxName := fun i => if (i == 1) = true then rn else cn }.ps)
              { name := Name.anonymous.str "Tree2",
                  type :=
                    (Expr.sort Level.zero.succ).forallE (Expr.sort Level.zero.succ)
                      { pw := { repr := ConLeche.PropWhenRepr.never✝ } },
                  ctors :=
                    [(Expr.sort Level.zero.succ).forallE
                        ((Expr.bvar 0).forallE ((Expr.const (Name.anonymous.str "Tree2") []).app (Expr.bvar 1))
                          { pw := { repr := ConLeche.PropWhenRepr.never✝ } })
                        { pw := { repr := ConLeche.PropWhenRepr.never✝ } },
                      (Expr.sort Level.zero.succ).forallE
                        (((Expr.const (Name.anonymous.str "List") [Level.zero]).app
                              ((Expr.const (Name.anonymous.str "List") [Level.zero]).app
                                ((Expr.const (Name.anonymous.str "Tree2") []).app (Expr.bvar 0)))).forallE
                          ((Expr.const (Name.anonymous.str "Tree2") []).app (Expr.bvar 1))
                          { pw := { repr := ConLeche.PropWhenRepr.never✝ } })
                        { pw := { repr := ConLeche.PropWhenRepr.never✝ } }] }.ctors
        pure
            {
              name :=
                { name := Name.anonymous.str "Tree2",
                    type :=
                      (Expr.sort Level.zero.succ).forallE (Expr.sort Level.zero.succ)
                        { pw := { repr := ConLeche.PropWhenRepr.never✝ } },
                    ctors :=
                      [(Expr.sort Level.zero.succ).forallE
                          ((Expr.bvar 0).forallE ((Expr.const (Name.anonymous.str "Tree2") []).app (Expr.bvar 1))
                            { pw := { repr := ConLeche.PropWhenRepr.never✝ } })
                          { pw := { repr := ConLeche.PropWhenRepr.never✝ } },
                        (Expr.sort Level.zero.succ).forallE
                          (((Expr.const (Name.anonymous.str "List") [Level.zero]).app
                                ((Expr.const (Name.anonymous.str "List") [Level.zero]).app
                                  ((Expr.const (Name.anonymous.str "Tree2") []).app (Expr.bvar 0)))).forallE
                            ((Expr.const (Name.anonymous.str "Tree2") []).app (Expr.bvar 1))
                            { pw := { repr := ConLeche.PropWhenRepr.never✝ } })
                          { pw := { repr := ConLeche.PropWhenRepr.never✝ } }] }.name,
              type := ty, ctors := cs }
    ==>
      (Except.ok (Expr.sort Level.zero.succ)).bind fun ty => do
        let cs ←
          List.mapM
              (fun t =>
                Official.instPiParams t
                  {
                      find? :=
                        {
                            consts :=
                              [ConstantInfo.indInfo
                                  { name := Name.anonymous.str "List", levelParams := [Name.anonymous.str "u"],
                                    type :=
                                      (Expr.sort (Level.param (Name.anonymous.str "u")).succ).forallE
                                        (Expr.sort (Level.param (Name.anonymous.str "u")).succ)
                                        { pw := { repr := ConLeche.PropWhenRepr.never✝ } } }
                                  { sortZ := { repr := ConLeche.PropWhenRepr.always✝ },
                                    all := [Name.anonymous.str "List"], nparams := 1,
                                    ctors := [Name.anonymous.str "List.nil", Name.anonymous.str "List.cons"] },
                                ConstantInfo.ctorInfo
                                  { name := Name.anonymous.str "List.nil", levelParams := [Name.anonymous.str "u"],
                                    type :=
                                      (Expr.sort (Level.param (Name.anonymous.str "u")).succ).forallE
                                        ((Expr.const (Name.anonymous.str "List")
                                              [Level.param (Name.anonymous.str "u")]).app
                                          (Expr.bvar 0))
                                        { pw := { repr := ConLeche.PropWhenRepr.never✝ } } }
                                  1 0,
                                ConstantInfo.ctorInfo
                                  { name := Name.anonymous.str "List.cons", levelParams := [Name.anonymous.str "u"],
                                    type :=
                                      (Expr.sort (Level.param (Name.anonymous.str "u")).succ).forallE
                                        ((Expr.bvar 0).forallE
                                          (((Expr.const (Name.anonymous.str "List")
                                                    [Level.param (Name.anonymous.str "u")]).app
                                                (Expr.bvar 1)).forallE
                                            ((Expr.const (Name.anonymous.str "List")
                                                  [Level.param (Name.anonymous.str "u")]).app
                                              (Expr.bvar 2))
                                            { pw := { repr := ConLeche.PropWhenRepr.never✝ } })
                                          { pw := { repr := ConLeche.PropWhenRepr.never✝ } })
                                        { pw := { repr := ConLeche.PropWhenRepr.never✝ } } }
                                  1 2,
                                ConstantInfo.indInfo
                                  { name := Name.anonymous.str "Tree2", levelParams := [],
                                    type :=
                                      (Expr.sort Level.zero.succ).forallE (Expr.sort Level.zero.succ)
                                        { pw := { repr := ConLeche.PropWhenRepr.never✝ } } }
                                  { sortZ := { repr := ConLeche.PropWhenRepr.always✝ },
                                    all := [Name.anonymous.str "Tree2"], nparams := 1,
                                    ctors :=
                                      [Name.anonymous.str "Tree2.leaf", Name.anonymous.str "Tree2.node"] }] }.find?,
                      ctorsOf := fun n => if (n == Ln) = true then listCs else [], lvls := [],
                      ps := [Expr.fvar 0 (Expr.sort Level.zero.succ)],
                      auxName := fun i => if (i == 1) = true then rn else cn }.ps)
              { name := Name.anonymous.str "Tree2",
                  type :=
                    (Expr.sort Level.zero.succ).forallE (Expr.sort Level.zero.succ)
                      { pw := { repr := ConLeche.PropWhenRepr.never✝ } },
                  ctors :=
                    [(Expr.sort Level.zero.succ).forallE
                        ((Expr.bvar 0).forallE ((Expr.const (Name.anonymous.str "Tree2") []).app (Expr.bvar 1))
                          { pw := { repr := ConLeche.PropWhenRepr.never✝ } })
                        { pw := { repr := ConLeche.PropWhenRepr.never✝ } },
                      (Expr.sort Level.zero.succ).forallE
                        (((Expr.const (Name.anonymous.str "List") [Level.zero]).app
                              ((Expr.const (Name.anonymous.str "List") [Level.zero]).app
                                ((Expr.const (Name.anonymous.str "Tree2") []).app (Expr.bvar 0)))).forallE
                          ((Expr.const (Name.anonymous.str "Tree2") []).app (Expr.bvar 1))
                          { pw := { repr := ConLeche.PropWhenRepr.never✝ } })
                        { pw := { repr := ConLeche.PropWhenRepr.never✝ } }] }.ctors
        pure
            {
              name :=
                { name := Name.anonymous.str "Tree2",
                    type :=
                      (Expr.sort Level.zero.succ).forallE (Expr.sort Level.zero.succ)
                        { pw := { repr := ConLeche.PropWhenRepr.never✝ } },
                    ctors :=
                      [(Expr.sort Level.zero.succ).forallE
                          ((Expr.bvar 0).forallE ((Expr.const (Name.anonymous.str "Tree2") []).app (Expr.bvar 1))
                            { pw := { repr := ConLeche.PropWhenRepr.never✝ } })
                          { pw := { repr := ConLeche.PropWhenRepr.never✝ } },
                        (Expr.sort Level.zero.succ).forallE
                          (((Expr.const (Name.anonymous.str "List") [Level.zero]).app
                                ((Expr.const (Name.anonymous.str "List") [Level.zero]).app
                                  ((Expr.const (Name.anonymous.str "Tree2") []).app (Expr.bvar 0)))).forallE
                            ((Expr.const (Name.anonymous.str "Tree2") []).app (Expr.bvar 1))
                            { pw := { repr := ConLeche.PropWhenRepr.never✝ } })
                          { pw := { repr := ConLeche.PropWhenRepr.never✝ } }] }.name,
              type := ty, ctors := cs }
[Debug.Meta.Tactic.cbv.reduce] ✅️ proj `ConLeche.Official.MemberDecl`.2:
      { name := Name.anonymous.str "Tree2",
          type :=
            (Expr.sort Level.zero.succ).forallE (Expr.sort Level.zero.succ)
              { pw := { repr := ConLeche.PropWhenRepr.never✝ } },
          ctors :=
            [(Expr.sort Level.zero.succ).forallE
                ((Expr.bvar 0).forallE ((Expr.const (Name.anonymous.str "Tree2") []).app (Expr.bvar 1))
                  { pw := { repr := ConLeche.PropWhenRepr.never✝ } })
                { pw := { repr := ConLeche.PropWhenRepr.never✝ } },
              (Expr.sort Level.zero.succ).forallE
                (((Expr.const (Name.anonymous.str "List") [Level.zero]).app
                      ((Expr.const (Name.anonymous.str "List") [Level.zero]).app
                        ((Expr.const (Name.anonymous.str "Tree2") []).app (Expr.bvar 0)))).forallE
                  ((Expr.const (Name.anonymous.str "Tree2") []).app (Expr.bvar 1))
                  { pw := { repr := ConLeche.PropWhenRepr.never✝ } })
                { pw := { repr := ConLeche.PropWhenRepr.never✝ } }] }.3
    ==>
      [(Expr.sort Level.zero.succ).forallE
          ((Expr.bvar 0).forallE ((Expr.const (Name.anonymous.str "Tree2") []).app (Expr.bvar 1))
            { pw := { repr := ConLeche.PropWhenRepr.never✝ } })
          { pw := { repr := ConLeche.PropWhenRepr.never✝ } },
        (Expr.sort Level.zero.succ).forallE
          (((Expr.const (Name.anonymous.str "List") [Level.zero]).app
                ((Expr.const (Name.anonymous.str "List") [Level.zero]).app
                  ((Expr.const (Name.anonymous.str "Tree2") []).app (Expr.bvar 0)))).forallE
            ((Expr.const (Name.anonymous.str "Tree2") []).app (Expr.bvar 1))
            { pw := { repr := ConLeche.PropWhenRepr.never✝ } })
          { pw := { repr := ConLeche.PropWhenRepr.never✝ } }]
[Debug.Meta.Tactic.cbv.reduce] simplifyAppFn:
      Except.instMonad.toPure.1
        ((Expr.fvar 0 (Expr.sort Level.zero.succ)).forallE
          ((Expr.const (Name.anonymous.str "Tree2") []).app (Expr.fvar 0 (Expr.sort Level.zero.succ)))
          { pw := { repr := ConLeche.PropWhenRepr.never✝ } })
    ==>
      Except.pure
        ((Expr.fvar 0 (Expr.sort Level.zero.succ)).forallE
          ((Expr.const (Name.anonymous.str "Tree2") []).app (Expr.fvar 0 (Expr.sort Level.zero.succ)))
          { pw := { repr := ConLeche.PropWhenRepr.never✝ } })
[Debug.Meta.Tactic.cbv.reduce] simplifyAppFn:
      Except.instMonad.toBind.1
        (Except.ok
          ((Expr.fvar 0 (Expr.sort Level.zero.succ)).forallE
            ((Expr.const (Name.anonymous.str "Tree2") []).app (Expr.fvar 0 (Expr.sort Level.zero.succ)))
            { pw := { repr := ConLeche.PropWhenRepr.never✝ } }))
        fun __do_lift =>
        List.mapM.loop
          (fun t =>
            Official.instPiParams t
              {
                  find? :=
                    {
                        consts :=
                          [ConstantInfo.indInfo
                              { name := Name.anonymous.str "List", levelParams := [Name.anonymous.str "u"],
                                type :=
                                  (Expr.sort (Level.param (Name.anonymous.str "u")).succ).forallE
                                    (Expr.sort (Level.param (Name.anonymous.str "u")).succ)
                                    { pw := { repr := ConLeche.PropWhenRepr.never✝ } } }
                              { sortZ := { repr := ConLeche.PropWhenRepr.always✝ }, all := [Name.anonymous.str "List"],
                                nparams := 1,
                                ctors := [Name.anonymous.str "List.nil", Name.anonymous.str "List.cons"] },
                            ConstantInfo.ctorInfo
                              { name := Name.anonymous.str "List.nil", levelParams := [Name.anonymous.str "u"],
                                type :=
                                  (Expr.sort (Level.param (Name.anonymous.str "u")).succ).forallE
                                    ((Expr.const (Name.anonymous.str "List") [Level.param (Name.anonymous.str "u")]).app
                                      (Expr.bvar 0))
                                    { pw := { repr := ConLeche.PropWhenRepr.never✝ } } }
                              1 0,
                            ConstantInfo.ctorInfo
                              { name := Name.anonymous.str "List.cons", levelParams := [Name.anonymous.str "u"],
                                type :=
                                  (Expr.sort (Level.param (Name.anonymous.str "u")).succ).forallE
                                    ((Expr.bvar 0).forallE
                                      (((Expr.const (Name.anonymous.str "List")
                                                [Level.param (Name.anonymous.str "u")]).app
                                            (Expr.bvar 1)).forallE
                                        ((Expr.const (Name.anonymous.str "List")
                                              [Level.param (Name.anonymous.str "u")]).app
                                          (Expr.bvar 2))
                                        { pw := { repr := ConLeche.PropWhenRepr.never✝ } })
                                      { pw := { repr := ConLeche.PropWhenRepr.never✝ } })
                                    { pw := { repr := ConLeche.PropWhenRepr.never✝ } } }
                              1 2,
                            ConstantInfo.indInfo
                              { name := Name.anonymous.str "Tree2", levelParams := [],
                                type :=
                                  (Expr.sort Level.zero.succ).forallE (Expr.sort Level.zero.succ)
                                    { pw := { repr := ConLeche.PropWhenRepr.never✝ } } }
                              { sortZ := { repr := ConLeche.PropWhenRepr.always✝ }, all := [Name.anonymous.str "Tree2"],
                                nparams := 1,
                                ctors := [Name.anonymous.str "Tree2.leaf", Name.anonymous.str "Tree2.node"] }] }.find?,
                  ctorsOf := fun n => if (n == Ln) = true then listCs else [], lvls := [],
                  ps := [Expr.fvar 0 (Expr.sort Level.zero.succ)],
                  auxName := fun i => if (i == 1) = true then rn else cn }.ps)
          [(Expr.sort Level.zero.succ).forallE
              (((Expr.const (Name.anonymous.str "List") [Level.zero]).app
                    ((Expr.const (Name.anonymous.str "List") [Level.zero]).app
                      ((Expr.const (Name.anonymous.str "Tree2") []).app (Expr.bvar 0)))).forallE
                ((Expr.const (Name.anonymous.str "Tree2") []).app (Expr.bvar 1))
                { pw := { repr := ConLeche.PropWhenRepr.never✝ } })
              { pw := { repr := ConLeche.PropWhenRepr.never✝ } }]
          [__do_lift]
    ==>
      (Except.ok
            ((Expr.fvar 0 (Expr.sort Level.zero.succ)).forallE
              ((Expr.const (Name.anonymous.str "Tree2") []).app (Expr.fvar 0 (Expr.sort Level.zero.succ)))
              { pw := { repr := ConLeche.PropWhenRepr.never✝ } })).bind
        fun __do_lift =>
        List.mapM.loop
          (fun t =>
            Official.instPiParams t
              {
                  find? :=
                    {
                        consts :=
                          [ConstantInfo.indInfo
                              { name := Name.anonymous.str "List", levelParams := [Name.anonymous.str "u"],
                                type :=
                                  (Expr.sort (Level.param (Name.anonymous.str "u")).succ).forallE
                                    (Expr.sort (Level.param (Name.anonymous.str "u")).succ)
                                    { pw := { repr := ConLeche.PropWhenRepr.never✝ } } }
                              { sortZ := { repr := ConLeche.PropWhenRepr.always✝ }, all := [Name.anonymous.str "List"],
                                nparams := 1,
                                ctors := [Name.anonymous.str "List.nil", Name.anonymous.str "List.cons"] },
                            ConstantInfo.ctorInfo
                              { name := Name.anonymous.str "List.nil", levelParams := [Name.anonymous.str "u"],
                                type :=
                                  (Expr.sort (Level.param (Name.anonymous.str "u")).succ).forallE
                                    ((Expr.const (Name.anonymous.str "List") [Level.param (Name.anonymous.str "u")]).app
                                      (Expr.bvar 0))
                                    { pw := { repr := ConLeche.PropWhenRepr.never✝ } } }
                              1 0,
                            ConstantInfo.ctorInfo
                              { name := Name.anonymous.str "List.cons", levelParams := [Name.anonymous.str "u"],
                                type :=
                                  (Expr.sort (Level.param (Name.anonymous.str "u")).succ).forallE
                                    ((Expr.bvar 0).forallE
                                      (((Expr.const (Name.anonymous.str "List")
                                                [Level.param (Name.anonymous.str "u")]).app
                                            (Expr.bvar 1)).forallE
                                        ((Expr.const (Name.anonymous.str "List")
                                              [Level.param (Name.anonymous.str "u")]).app
                                          (Expr.bvar 2))
                                        { pw := { repr := ConLeche.PropWhenRepr.never✝ } })
                                      { pw := { repr := ConLeche.PropWhenRepr.never✝ } })
                                    { pw := { repr := ConLeche.PropWhenRepr.never✝ } } }
                              1 2,
                            ConstantInfo.indInfo
                              { name := Name.anonymous.str "Tree2", levelParams := [],
                                type :=
                                  (Expr.sort Level.zero.succ).forallE (Expr.sort Level.zero.succ)
                                    { pw := { repr := ConLeche.PropWhenRepr.never✝ } } }
                              { sortZ := { repr := ConLeche.PropWhenRepr.always✝ }, all := [Name.anonymous.str "Tree2"],
                                nparams := 1,
                                ctors := [Name.anonymous.str "Tree2.leaf", Name.anonymous.str "Tree2.node"] }] }.find?,
                  ctorsOf := fun n => if (n == Ln) = true then listCs else [], lvls := [],
                  ps := [Expr.fvar 0 (Expr.sort Level.zero.succ)],
                  auxName := fun i => if (i == 1) = true then rn else cn }.ps)
          [(Expr.sort Level.zero.succ).forallE
              (((Expr.const (Name.anonymous.str "List") [Level.zero]).app
                    ((Expr.const (Name.anonymous.str "List") [Level.zero]).app
                      ((Expr.const (Name.anonymous.str "Tree2") []).app (Expr.bvar 0)))).forallE
                ((Expr.const (Name.anonymous.str "Tree2") []).app (Expr.bvar 1))
                { pw := { repr := ConLeche.PropWhenRepr.never✝ } })
              { pw := { repr := ConLeche.PropWhenRepr.never✝ } }]
          [__do_lift]
[Debug.Meta.Tactic.cbv.reduce] simplifyAppFn:
      Except.instMonad.toPure.1
        (((Expr.const (Name.anonymous.str "List") [Level.zero]).app
              ((Expr.const (Name.anonymous.str "List") [Level.zero]).app
                ((Expr.const (Name.anonymous.str "Tree2") []).app (Expr.fvar 0 (Expr.sort Level.zero.succ))))).forallE
          ((Expr.const (Name.anonymous.str "Tree2") []).app (Expr.fvar 0 (Expr.sort Level.zero.succ)))
          { pw := { repr := ConLeche.PropWhenRepr.never✝ } })
    ==>
      Except.pure
        (((Expr.const (Name.anonymous.str "List") [Level.zero]).app
              ((Expr.const (Name.anonymous.str "List") [Level.zero]).app
                ((Expr.const (Name.anonymous.str "Tree2") []).app (Expr.fvar 0 (Expr.sort Level.zero.succ))))).forallE
          ((Expr.const (Name.anonymous.str "Tree2") []).app (Expr.fvar 0 (Expr.sort Level.zero.succ)))
          { pw := { repr := ConLeche.PropWhenRepr.never✝ } })
[Debug.Meta.Tactic.cbv.reduce] simplifyAppFn:
      Except.instMonad.toBind.1
        (Except.ok
          (((Expr.const (Name.anonymous.str "List") [Level.zero]).app
                ((Expr.const (Name.anonymous.str "List") [Level.zero]).app
                  ((Expr.const (Name.anonymous.str "Tree2") []).app (Expr.fvar 0 (Expr.sort Level.zero.succ))))).forallE
            ((Expr.const (Name.anonymous.str "Tree2") []).app (Expr.fvar 0 (Expr.sort Level.zero.succ)))
            { pw := { repr := ConLeche.PropWhenRepr.never✝ } }))
        fun __do_lift =>
        List.mapM.loop
          (fun t =>
            Official.instPiParams t
              {
                  find? :=
                    {
                        consts :=
                          [ConstantInfo.indInfo
                              { name := Name.anonymous.str "List", levelParams := [Name.anonymous.str "u"],
                                type :=
                                  (Expr.sort (Level.param (Name.anonymous.str "u")).succ).forallE
                                    (Expr.sort (Level.param (Name.anonymous.str "u")).succ)
                                    { pw := { repr := ConLeche.PropWhenRepr.never✝ } } }
                              { sortZ := { repr := ConLeche.PropWhenRepr.always✝ }, all := [Name.anonymous.str "List"],
                                nparams := 1,
                                ctors := [Name.anonymous.str "List.nil", Name.anonymous.str "List.cons"] },
                            ConstantInfo.ctorInfo
                              { name := Name.anonymous.str "List.nil", levelParams := [Name.anonymous.str "u"],
                                type :=
                                  (Expr.sort (Level.param (Name.anonymous.str "u")).succ).forallE
                                    ((Expr.const (Name.anonymous.str "List") [Level.param (Name.anonymous.str "u")]).app
                                      (Expr.bvar 0))
                                    { pw := { repr := ConLeche.PropWhenRepr.never✝ } } }
                              1 0,
                            ConstantInfo.ctorInfo
                              { name := Name.anonymous.str "List.cons", levelParams := [Name.anonymous.str "u"],
                                type :=
                                  (Expr.sort (Level.param (Name.anonymous.str "u")).succ).forallE
                                    ((Expr.bvar 0).forallE
                                      (((Expr.const (Name.anonymous.str "List")
                                                [Level.param (Name.anonymous.str "u")]).app
                                            (Expr.bvar 1)).forallE
                                        ((Expr.const (Name.anonymous.str "List")
                                              [Level.param (Name.anonymous.str "u")]).app
                                          (Expr.bvar 2))
                                        { pw := { repr := ConLeche.PropWhenRepr.never✝ } })
                                      { pw := { repr := ConLeche.PropWhenRepr.never✝ } })
                                    { pw := { repr := ConLeche.PropWhenRepr.never✝ } } }
                              1 2,
                            ConstantInfo.indInfo
                              { name := Name.anonymous.str "Tree2", levelParams := [],
                                type :=
                                  (Expr.sort Level.zero.succ).forallE (Expr.sort Level.zero.succ)
                                    { pw := { repr := ConLeche.PropWhenRepr.never✝ } } }
                              { sortZ := { repr := ConLeche.PropWhenRepr.always✝ }, all := [Name.anonymous.str "Tree2"],
                                nparams := 1,
                                ctors := [Name.anonymous.str "Tree2.leaf", Name.anonymous.str "Tree2.node"] }] }.find?,
                  ctorsOf := fun n => if (n == Ln) = true then listCs else [], lvls := [],
                  ps := [Expr.fvar 0 (Expr.sort Level.zero.succ)],
                  auxName := fun i => if (i == 1) = true then rn else cn }.ps)
          []
          [__do_lift,
            (Expr.fvar 0 (Expr.sort Level.zero.succ)).forallE
              ((Expr.const (Name.anonymous.str "Tree2") []).app (Expr.fvar 0 (Expr.sort Level.zero.succ)))
              { pw := { repr := ConLeche.PropWhenRepr.never✝ } }]
    ==>
      (Except.ok
            (((Expr.const (Name.anonymous.str "List") [Level.zero]).app
                  ((Expr.const (Name.anonymous.str "List") [Level.zero]).app
                    ((Expr.const (Name.anonymous.str "Tree2") []).app
                      (Expr.fvar 0 (Expr.sort Level.zero.succ))))).forallE
              ((Expr.const (Name.anonymous.str "Tree2") []).app (Expr.fvar 0 (Expr.sort Level.zero.succ)))
              { pw := { repr := ConLeche.PropWhenRepr.never✝ } })).bind
        fun __do_lift =>
        List.mapM.loop
          (fun t =>
            Official.instPiParams t
              {
                  find? :=
                    {
                        consts :=
                          [ConstantInfo.indInfo
                              { name := Name.anonymous.str "List", levelParams := [Name.anonymous.str "u"],
                                type :=
                                  (Expr.sort (Level.param (Name.anonymous.str "u")).succ).forallE
                                    (Expr.sort (Level.param (Name.anonymous.str "u")).succ)
                                    { pw := { repr := ConLeche.PropWhenRepr.never✝ } } }
                              { sortZ := { repr := ConLeche.PropWhenRepr.always✝ }, all := [Name.anonymous.str "List"],
                                nparams := 1,
                                ctors := [Name.anonymous.str "List.nil", Name.anonymous.str "List.cons"] },
                            ConstantInfo.ctorInfo
                              { name := Name.anonymous.str "List.nil", levelParams := [Name.anonymous.str "u"],
                                type :=
                                  (Expr.sort (Level.param (Name.anonymous.str "u")).succ).forallE
                                    ((Expr.const (Name.anonymous.str "List") [Level.param (Name.anonymous.str "u")]).app
                                      (Expr.bvar 0))
                                    { pw := { repr := ConLeche.PropWhenRepr.never✝ } } }
                              1 0,
                            ConstantInfo.ctorInfo
                              { name := Name.anonymous.str "List.cons", levelParams := [Name.anonymous.str "u"],
                                type :=
                                  (Expr.sort (Level.param (Name.anonymous.str "u")).succ).forallE
                                    ((Expr.bvar 0).forallE
                                      (((Expr.const (Name.anonymous.str "List")
                                                [Level.param (Name.anonymous.str "u")]).app
                                            (Expr.bvar 1)).forallE
                                        ((Expr.const (Name.anonymous.str "List")
                                              [Level.param (Name.anonymous.str "u")]).app
                                          (Expr.bvar 2))
                                        { pw := { repr := ConLeche.PropWhenRepr.never✝ } })
                                      { pw := { repr := ConLeche.PropWhenRepr.never✝ } })
                                    { pw := { repr := ConLeche.PropWhenRepr.never✝ } } }
                              1 2,
                            ConstantInfo.indInfo
                              { name := Name.anonymous.str "Tree2", levelParams := [],
                                type :=
                                  (Expr.sort Level.zero.succ).forallE (Expr.sort Level.zero.succ)
                                    { pw := { repr := ConLeche.PropWhenRepr.never✝ } } }
                              { sortZ := { repr := ConLeche.PropWhenRepr.always✝ }, all := [Name.anonymous.str "Tree2"],
                                nparams := 1,
                                ctors := [Name.anonymous.str "Tree2.leaf", Name.anonymous.str "Tree2.node"] }] }.find?,
                  ctorsOf := fun n => if (n == Ln) = true then listCs else [], lvls := [],
                  ps := [Expr.fvar 0 (Expr.sort Level.zero.succ)],
                  auxName := fun i => if (i == 1) = true then rn else cn }.ps)
          []
          [__do_lift,
            (Expr.fvar 0 (Expr.sort Level.zero.succ)).forallE
              ((Expr.const (Name.anonymous.str "Tree2") []).app (Expr.fvar 0 (Expr.sort Level.zero.succ)))
              { pw := { repr := ConLeche.PropWhenRepr.never✝ } }]
[Debug.Meta.Tactic.cbv.reduce] simplifyAppFn:
      Except.instMonad.toPure.1
        [(Expr.fvar 0 (Expr.sort Level.zero.succ)).forallE
            ((Expr.const (Name.anonymous.str "Tree2") []).app (Expr.fvar 0 (Expr.sort Level.zero.succ)))
            { pw := { repr := ConLeche.PropWhenRepr.never✝ } },
          ((Expr.const (Name.anonymous.str "List") [Level.zero]).app
                ((Expr.const (Name.anonymous.str "List") [Level.zero]).app
                  ((Expr.const (Name.anonymous.str "Tree2") []).app (Expr.fvar 0 (Expr.sort Level.zero.succ))))).forallE
            ((Expr.const (Name.anonymous.str "Tree2") []).app (Expr.fvar 0 (Expr.sort Level.zero.succ)))
            { pw := { repr := ConLeche.PropWhenRepr.never✝ } }]
    ==>
      Except.pure
        [(Expr.fvar 0 (Expr.sort Level.zero.succ)).forallE
            ((Expr.const (Name.anonymous.str "Tree2") []).app (Expr.fvar 0 (Expr.sort Level.zero.succ)))
            { pw := { repr := ConLeche.PropWhenRepr.never✝ } },
          ((Expr.const (Name.anonymous.str "List") [Level.zero]).app
                ((Expr.const (Name.anonymous.str "List") [Level.zero]).app
                  ((Expr.const (Name.anonymous.str "Tree2") []).app (Expr.fvar 0 (Expr.sort Level.zero.succ))))).forallE
            ((Expr.const (Name.anonymous.str "Tree2") []).app (Expr.fvar 0 (Expr.sort Level.zero.succ)))
            { pw := { repr := ConLeche.PropWhenRepr.never✝ } }]
[Debug.Meta.Tactic.cbv.reduce] simplifyAppFn:
      Except.instMonad.toBind.1
        (Except.ok
          [(Expr.fvar 0 (Expr.sort Level.zero.succ)).forallE
              ((Expr.const (Name.anonymous.str "Tree2") []).app (Expr.fvar 0 (Expr.sort Level.zero.succ)))
              { pw := { repr := ConLeche.PropWhenRepr.never✝ } },
            ((Expr.const (Name.anonymous.str "List") [Level.zero]).app
                  ((Expr.const (Name.anonymous.str "List") [Level.zero]).app
                    ((Expr.const (Name.anonymous.str "Tree2") []).app
                      (Expr.fvar 0 (Expr.sort Level.zero.succ))))).forallE
              ((Expr.const (Name.anonymous.str "Tree2") []).app (Expr.fvar 0 (Expr.sort Level.zero.succ)))
              { pw := { repr := ConLeche.PropWhenRepr.never✝ } }])
        fun cs =>
        pure
          {
            name :=
              { name := Name.anonymous.str "Tree2",
                  type :=
                    (Expr.sort Level.zero.succ).forallE (Expr.sort Level.zero.succ)
                      { pw := { repr := ConLeche.PropWhenRepr.never✝ } },
                  ctors :=
                    [(Expr.sort Level.zero.succ).forallE
                        ((Expr.bvar 0).forallE ((Expr.const (Name.anonymous.str "Tree2") []).app (Expr.bvar 1))
                          { pw := { repr := ConLeche.PropWhenRepr.never✝ } })
                        { pw := { repr := ConLeche.PropWhenRepr.never✝ } },
                      (Expr.sort Level.zero.succ).forallE
                        (((Expr.const (Name.anonymous.str "List") [Level.zero]).app
                              ((Expr.const (Name.anonymous.str "List") [Level.zero]).app
                                ((Expr.const (Name.anonymous.str "Tree2") []).app (Expr.bvar 0)))).forallE
                          ((Expr.const (Name.anonymous.str "Tree2") []).app (Expr.bvar 1))
                          { pw := { repr := ConLeche.PropWhenRepr.never✝ } })
                        { pw := { repr := ConLeche.PropWhenRepr.never✝ } }] }.name,
            type := Expr.sort Level.zero.succ, ctors := cs }
    ==>
      (Except.ok
            [(Expr.fvar 0 (Expr.sort Level.zero.succ)).forallE
                ((Expr.const (Name.anonymous.str "Tree2") []).app (Expr.fvar 0 (Expr.sort Level.zero.succ)))
                { pw := { repr := ConLeche.PropWhenRepr.never✝ } },
              ((Expr.const (Name.anonymous.str "List") [Level.zero]).app
                    ((Expr.const (Name.anonymous.str "List") [Level.zero]).app
                      ((Expr.const (Name.anonymous.str "Tree2") []).app
                        (Expr.fvar 0 (Expr.sort Level.zero.succ))))).forallE
                ((Expr.const (Name.anonymous.str "Tree2") []).app (Expr.fvar 0 (Expr.sort Level.zero.succ)))
                { pw := { repr := ConLeche.PropWhenRepr.never✝ } }]).bind
        fun cs =>
        pure
          {
            name :=
              { name := Name.anonymous.str "Tree2",
                  type :=
                    (Expr.sort Level.zero.succ).forallE (Expr.sort Level.zero.succ)
                      { pw := { repr := ConLeche.PropWhenRepr.never✝ } },
                  ctors :=
                    [(Expr.sort Level.zero.succ).forallE
                        ((Expr.bvar 0).forallE ((Expr.const (Name.anonymous.str "Tree2") []).app (Expr.bvar 1))
                          { pw := { repr := ConLeche.PropWhenRepr.never✝ } })
                        { pw := { repr := ConLeche.PropWhenRepr.never✝ } },
                      (Expr.sort Level.zero.succ).forallE
                        (((Expr.const (Name.anonymous.str "List") [Level.zero]).app
                              ((Expr.const (Name.anonymous.str "List") [Level.zero]).app
                                ((Expr.const (Name.anonymous.str "Tree2") []).app (Expr.bvar 0)))).forallE
                          ((Expr.const (Name.anonymous.str "Tree2") []).app (Expr.bvar 1))
                          { pw := { repr := ConLeche.PropWhenRepr.never✝ } })
                        { pw := { repr := ConLeche.PropWhenRepr.never✝ } }] }.name,
            type := Expr.sort Level.zero.succ, ctors := cs }
[Debug.Meta.Tactic.cbv.reduce] ✅️ proj `ConLeche.Official.MemberDecl`.0:
      { name := Name.anonymous.str "Tree2",
          type :=
            (Expr.sort Level.zero.succ).forallE (Expr.sort Level.zero.succ)
              { pw := { repr := ConLeche.PropWhenRepr.never✝ } },
          ctors :=
            [(Expr.sort Level.zero.succ).forallE
                ((Expr.bvar 0).forallE ((Expr.const (Name.anonymous.str "Tree2") []).app (Expr.bvar 1))
                  { pw := { repr := ConLeche.PropWhenRepr.never✝ } })
                { pw := { repr := ConLeche.PropWhenRepr.never✝ } },
              (Expr.sort Level.zero.succ).forallE
                (((Expr.const (Name.anonymous.str "List") [Level.zero]).app
                      ((Expr.const (Name.anonymous.str "List") [Level.zero]).app
                        ((Expr.const (Name.anonymous.str "Tree2") []).app (Expr.bvar 0)))).forallE
                  ((Expr.const (Name.anonymous.str "Tree2") []).app (Expr.bvar 1))
                  { pw := { repr := ConLeche.PropWhenRepr.never✝ } })
                { pw := { repr := ConLeche.PropWhenRepr.never✝ } }] }.1
    ==>
      Name.anonymous.str "Tree2"
[Debug.Meta.Tactic.cbv.reduce] simplifyAppFn:
      Except.instMonad.toPure.1
        { name := Name.anonymous.str "Tree2", type := Expr.sort Level.zero.succ,
          ctors :=
            [(Expr.fvar 0 (Expr.sort Level.zero.succ)).forallE
                ((Expr.const (Name.anonymous.str "Tree2") []).app (Expr.fvar 0 (Expr.sort Level.zero.succ)))
                { pw := { repr := ConLeche.PropWhenRepr.never✝ } },
              ((Expr.const (Name.anonymous.str "List") [Level.zero]).app
                    ((Expr.const (Name.anonymous.str "List") [Level.zero]).app
                      ((Expr.const (Name.anonymous.str "Tree2") []).app
                        (Expr.fvar 0 (Expr.sort Level.zero.succ))))).forallE
                ((Expr.const (Name.anonymous.str "Tree2") []).app (Expr.fvar 0 (Expr.sort Level.zero.succ)))
                { pw := { repr := ConLeche.PropWhenRepr.never✝ } }] }
    ==>
      Except.pure
        { name := Name.anonymous.str "Tree2", type := Expr.sort Level.zero.succ,
          ctors :=
            [(Expr.fvar 0 (Expr.sort Level.zero.succ)).forallE
                ((Expr.const (Name.anonymous.str "Tree2") []).app (Expr.fvar 0 (Expr.sort Level.zero.succ)))
                { pw := { repr := ConLeche.PropWhenRepr.never✝ } },
              ((Expr.const (Name.anonymous.str "List") [Level.zero]).app
                    ((Expr.const (Name.anonymous.str "List") [Level.zero]).app
                      ((Expr.const (Name.anonymous.str "Tree2") []).app
                        (Expr.fvar 0 (Expr.sort Level.zero.succ))))).forallE
                ((Expr.const (Name.anonymous.str "Tree2") []).app (Expr.fvar 0 (Expr.sort Level.zero.succ)))
                { pw := { repr := ConLeche.PropWhenRepr.never✝ } }] }
[Debug.Meta.Tactic.cbv.reduce] simplifyAppFn:
      Except.instMonad.toBind.1
        (Except.ok
          { name := Name.anonymous.str "Tree2", type := Expr.sort Level.zero.succ,
            ctors :=
              [(Expr.fvar 0 (Expr.sort Level.zero.succ)).forallE
                  ((Expr.const (Name.anonymous.str "Tree2") []).app (Expr.fvar 0 (Expr.sort Level.zero.succ)))
                  { pw := { repr := ConLeche.PropWhenRepr.never✝ } },
                ((Expr.const (Name.anonymous.str "List") [Level.zero]).app
                      ((Expr.const (Name.anonymous.str "List") [Level.zero]).app
                        ((Expr.const (Name.anonymous.str "Tree2") []).app
                          (Expr.fvar 0 (Expr.sort Level.zero.succ))))).forallE
                  ((Expr.const (Name.anonymous.str "Tree2") []).app (Expr.fvar 0 (Expr.sort Level.zero.succ)))
                  { pw := { repr := ConLeche.PropWhenRepr.never✝ } }] })
        fun __do_lift =>
        List.mapM.loop
          (fun d => do
            let ty ←
              Official.instPiParams d.type
                  {
                      find? :=
                        {
                            consts :=
                              [ConstantInfo.indInfo
                                  { name := Name.anonymous.str "List", levelParams := [Name.anonymous.str "u"],
                                    type :=
                                      (Expr.sort (Level.param (Name.anonymous.str "u")).succ).forallE
                                        (Expr.sort (Level.param (Name.anonymous.str "u")).succ)
                                        { pw := { repr := ConLeche.PropWhenRepr.never✝ } } }
                                  { sortZ := { repr := ConLeche.PropWhenRepr.always✝ },
                                    all := [Name.anonymous.str "List"], nparams := 1,
                                    ctors := [Name.anonymous.str "List.nil", Name.anonymous.str "List.cons"] },
                                ConstantInfo.ctorInfo
                                  { name := Name.anonymous.str "List.nil", levelParams := [Name.anonymous.str "u"],
                                    type :=
                                      (Expr.sort (Level.param (Name.anonymous.str "u")).succ).forallE
                                        ((Expr.const (Name.anonymous.str "List")
                                              [Level.param (Name.anonymous.str "u")]).app
                                          (Expr.bvar 0))
                                        { pw := { repr := ConLeche.PropWhenRepr.never✝ } } }
                                  1 0,
                                ConstantInfo.ctorInfo
                                  { name := Name.anonymous.str "List.cons", levelParams := [Name.anonymous.str "u"],
                                    type :=
                                      (Expr.sort (Level.param (Name.anonymous.str "u")).succ).forallE
                                        ((Expr.bvar 0).forallE
                                          (((Expr.const (Name.anonymous.str "List")
                                                    [Level.param (Name.anonymous.str "u")]).app
                                                (Expr.bvar 1)).forallE
                                            ((Expr.const (Name.anonymous.str "List")
                                                  [Level.param (Name.anonymous.str "u")]).app
                                              (Expr.bvar 2))
                                            { pw := { repr := ConLeche.PropWhenRepr.never✝ } })
                                          { pw := { repr := ConLeche.PropWhenRepr.never✝ } })
                                        { pw := { repr := ConLeche.PropWhenRepr.never✝ } } }
                                  1 2,
                                ConstantInfo.indInfo
                                  { name := Name.anonymous.str "Tree2", levelParams := [],
                                    type :=
                                      (Expr.sort Level.zero.succ).forallE (Expr.sort Level.zero.succ)
                                        { pw := { repr := ConLeche.PropWhenRepr.never✝ } } }
                                  { sortZ := { repr := ConLeche.PropWhenRepr.always✝ },
                                    all := [Name.anonymous.str "Tree2"], nparams := 1,
                                    ctors :=
                                      [Name.anonymous.str "Tree2.leaf", Name.anonymous.str "Tree2.node"] }] }.find?,
                      ctorsOf := fun n => if (n == Ln) = true then listCs else [], lvls := [],
                      ps := [Expr.fvar 0 (Expr.sort Level.zero.succ)],
                      auxName := fun i => if (i == 1) = true then rn else cn }.ps
            let cs ←
              List.mapM
                  (fun t =>
                    Official.instPiParams t
                      {
                          find? :=
                            {
                                consts :=
                                  [ConstantInfo.indInfo
                                      { name := Name.anonymous.str "List", levelParams := [Name.anonymous.str "u"],
                                        type :=
                                          (Expr.sort (Level.param (Name.anonymous.str "u")).succ).forallE
                                            (Expr.sort (Level.param (Name.anonymous.str "u")).succ)
                                            { pw := { repr := ConLeche.PropWhenRepr.never✝ } } }
                                      { sortZ := { repr := ConLeche.PropWhenRepr.always✝ },
                                        all := [Name.anonymous.str "List"], nparams := 1,
                                        ctors := [Name.anonymous.str "List.nil", Name.anonymous.str "List.cons"] },
                                    ConstantInfo.ctorInfo
                                      { name := Name.anonymous.str "List.nil", levelParams := [Name.anonymous.str "u"],
                                        type :=
                                          (Expr.sort (Level.param (Name.anonymous.str "u")).succ).forallE
                                            ((Expr.const (Name.anonymous.str "List")
                                                  [Level.param (Name.anonymous.str "u")]).app
                                              (Expr.bvar 0))
                                            { pw := { repr := ConLeche.PropWhenRepr.never✝ } } }
                                      1 0,
                                    ConstantInfo.ctorInfo
                                      { name := Name.anonymous.str "List.cons", levelParams := [Name.anonymous.str "u"],
                                        type :=
                                          (Expr.sort (Level.param (Name.anonymous.str "u")).succ).forallE
                                            ((Expr.bvar 0).forallE
                                              (((Expr.const (Name.anonymous.str "List")
                                                        [Level.param (Name.anonymous.str "u")]).app
                                                    (Expr.bvar 1)).forallE
                                                ((Expr.const (Name.anonymous.str "List")
                                                      [Level.param (Name.anonymous.str "u")]).app
                                                  (Expr.bvar 2))
                                                { pw := { repr := ConLeche.PropWhenRepr.never✝ } })
                                              { pw := { repr := ConLeche.PropWhenRepr.never✝ } })
                                            { pw := { repr := ConLeche.PropWhenRepr.never✝ } } }
                                      1 2,
                                    ConstantInfo.indInfo
                                      { name := Name.anonymous.str "Tree2", levelParams := [],
                                        type :=
                                          (Expr.sort Level.zero.succ).forallE (Expr.sort Level.zero.succ)
                                            { pw := { repr := ConLeche.PropWhenRepr.never✝ } } }
                                      { sortZ := { repr := ConLeche.PropWhenRepr.always✝ },
                                        all := [Name.anonymous.str "Tree2"], nparams := 1,
                                        ctors :=
                                          [Name.anonymous.str "Tree2.leaf", Name.anonymous.str "Tree2.node"] }] }.find?,
                          ctorsOf := fun n => if (n == Ln) = true then listCs else [], lvls := [],
                          ps := [Expr.fvar 0 (Expr.sort Level.zero.succ)],
                          auxName := fun i => if (i == 1) = true then rn else cn }.ps)
                  d.ctors
            pure { name := d.name, type := ty, ctors := cs })
          [] [__do_lift]
    ==>
      (Except.ok
            { name := Name.anonymous.str "Tree2", type := Expr.sort Level.zero.succ,
              ctors :=
                [(Expr.fvar 0 (Expr.sort Level.zero.succ)).forallE
                    ((Expr.const (Name.anonymous.str "Tree2") []).app (Expr.fvar 0 (Expr.sort Level.zero.succ)))
                    { pw := { repr := ConLeche.PropWhenRepr.never✝ } },
                  ((Expr.const (Name.anonymous.str "List") [Level.zero]).app
                        ((Expr.const (Name.anonymous.str "List") [Level.zero]).app
                          ((Expr.const (Name.anonymous.str "Tree2") []).app
                            (Expr.fvar 0 (Expr.sort Level.zero.succ))))).forallE
                    ((Expr.const (Name.anonymous.str "Tree2") []).app (Expr.fvar 0 (Expr.sort Level.zero.succ)))
                    { pw := { repr := ConLeche.PropWhenRepr.never✝ } }] }).bind
        fun __do_lift =>
        List.mapM.loop
          (fun d => do
            let ty ←
              Official.instPiParams d.type
                  {
                      find? :=
                        {
                            consts :=
                              [ConstantInfo.indInfo
                                  { name := Name.anonymous.str "List", levelParams := [Name.anonymous.str "u"],
                                    type :=
                                      (Expr.sort (Level.param (Name.anonymous.str "u")).succ).forallE
                                        (Expr.sort (Level.param (Name.anonymous.str "u")).succ)
                                        { pw := { repr := ConLeche.PropWhenRepr.never✝ } } }
                                  { sortZ := { repr := ConLeche.PropWhenRepr.always✝ },
                                    all := [Name.anonymous.str "List"], nparams := 1,
                                    ctors := [Name.anonymous.str "List.nil", Name.anonymous.str "List.cons"] },
                                ConstantInfo.ctorInfo
                                  { name := Name.anonymous.str "List.nil", levelParams := [Name.anonymous.str "u"],
                                    type :=
                                      (Expr.sort (Level.param (Name.anonymous.str "u")).succ).forallE
                                        ((Expr.const (Name.anonymous.str "List")
                                              [Level.param (Name.anonymous.str "u")]).app
                                          (Expr.bvar 0))
                                        { pw := { repr := ConLeche.PropWhenRepr.never✝ } } }
                                  1 0,
                                ConstantInfo.ctorInfo
                                  { name := Name.anonymous.str "List.cons", levelParams := [Name.anonymous.str "u"],
                                    type :=
                                      (Expr.sort (Level.param (Name.anonymous.str "u")).succ).forallE
                                        ((Expr.bvar 0).forallE
                                          (((Expr.const (Name.anonymous.str "List")
                                                    [Level.param (Name.anonymous.str "u")]).app
                                                (Expr.bvar 1)).forallE
                                            ((Expr.const (Name.anonymous.str "List")
                                                  [Level.param (Name.anonymous.str "u")]).app
                                              (Expr.bvar 2))
                                            { pw := { repr := ConLeche.PropWhenRepr.never✝ } })
                                          { pw := { repr := ConLeche.PropWhenRepr.never✝ } })
                                        { pw := { repr := ConLeche.PropWhenRepr.never✝ } } }
                                  1 2,
                                ConstantInfo.indInfo
                                  { name := Name.anonymous.str "Tree2", levelParams := [],
                                    type :=
                                      (Expr.sort Level.zero.succ).forallE (Expr.sort Level.zero.succ)
                                        { pw := { repr := ConLeche.PropWhenRepr.never✝ } } }
                                  { sortZ := { repr := ConLeche.PropWhenRepr.always✝ },
                                    all := [Name.anonymous.str "Tree2"], nparams := 1,
                                    ctors :=
                                      [Name.anonymous.str "Tree2.leaf", Name.anonymous.str "Tree2.node"] }] }.find?,
                      ctorsOf := fun n => if (n == Ln) = true then listCs else [], lvls := [],
                      ps := [Expr.fvar 0 (Expr.sort Level.zero.succ)],
                      auxName := fun i => if (i == 1) = true then rn else cn }.ps
            let cs ←
              List.mapM
                  (fun t =>
                    Official.instPiParams t
                      {
                          find? :=
                            {
                                consts :=
                                  [ConstantInfo.indInfo
                                      { name := Name.anonymous.str "List", levelParams := [Name.anonymous.str "u"],
                                        type :=
                                          (Expr.sort (Level.param (Name.anonymous.str "u")).succ).forallE
                                            (Expr.sort (Level.param (Name.anonymous.str "u")).succ)
                                            { pw := { repr := ConLeche.PropWhenRepr.never✝ } } }
                                      { sortZ := { repr := ConLeche.PropWhenRepr.always✝ },
                                        all := [Name.anonymous.str "List"], nparams := 1,
                                        ctors := [Name.anonymous.str "List.nil", Name.anonymous.str "List.cons"] },
                                    ConstantInfo.ctorInfo
                                      { name := Name.anonymous.str "List.nil", levelParams := [Name.anonymous.str "u"],
                                        type :=
                                          (Expr.sort (Level.param (Name.anonymous.str "u")).succ).forallE
                                            ((Expr.const (Name.anonymous.str "List")
                                                  [Level.param (Name.anonymous.str "u")]).app
                                              (Expr.bvar 0))
                                            { pw := { repr := ConLeche.PropWhenRepr.never✝ } } }
                                      1 0,
                                    ConstantInfo.ctorInfo
                                      { name := Name.anonymous.str "List.cons", levelParams := [Name.anonymous.str "u"],
                                        type :=
                                          (Expr.sort (Level.param (Name.anonymous.str "u")).succ).forallE
                                            ((Expr.bvar 0).forallE
                                              (((Expr.const (Name.anonymous.str "List")
                                                        [Level.param (Name.anonymous.str "u")]).app
                                                    (Expr.bvar 1)).forallE
                                                ((Expr.const (Name.anonymous.str "List")
                                                      [Level.param (Name.anonymous.str "u")]).app
                                                  (Expr.bvar 2))
                                                { pw := { repr := ConLeche.PropWhenRepr.never✝ } })
                                              { pw := { repr := ConLeche.PropWhenRepr.never✝ } })
                                            { pw := { repr := ConLeche.PropWhenRepr.never✝ } } }
                                      1 2,
                                    ConstantInfo.indInfo
                                      { name := Name.anonymous.str "Tree2", levelParams := [],
                                        type :=
                                          (Expr.sort Level.zero.succ).forallE (Expr.sort Level.zero.succ)
                                            { pw := { repr := ConLeche.PropWhenRepr.never✝ } } }
                                      { sortZ := { repr := ConLeche.PropWhenRepr.always✝ },
                                        all := [Name.anonymous.str "Tree2"], nparams := 1,
                                        ctors :=
                                          [Name.anonymous.str "Tree2.leaf", Name.anonymous.str "Tree2.node"] }] }.find?,
                          ctorsOf := fun n => if (n == Ln) = true then listCs else [], lvls := [],
                          ps := [Expr.fvar 0 (Expr.sort Level.zero.succ)],
                          auxName := fun i => if (i == 1) = true then rn else cn }.ps)
                  d.ctors
            pure { name := d.name, type := ty, ctors := cs })
          [] [__do_lift]
[Debug.Meta.Tactic.cbv.reduce] simplifyAppFn:
      Except.instMonad.toPure.1
        [{ name := Name.anonymous.str "Tree2", type := Expr.sort Level.zero.succ,
            ctors :=
              [(Expr.fvar 0 (Expr.sort Level.zero.succ)).forallE
                  ((Expr.const (Name.anonymous.str "Tree2") []).app (Expr.fvar 0 (Expr.sort Level.zero.succ)))
                  { pw := { repr := ConLeche.PropWhenRepr.never✝ } },
                ((Expr.const (Name.anonymous.str "List") [Level.zero]).app
                      ((Expr.const (Name.anonymous.str "List") [Level.zero]).app
                        ((Expr.const (Name.anonymous.str "Tree2") []).app
                          (Expr.fvar 0 (Expr.sort Level.zero.succ))))).forallE
                  ((Expr.const (Name.anonymous.str "Tree2") []).app (Expr.fvar 0 (Expr.sort Level.zero.succ)))
                  { pw := { repr := ConLeche.PropWhenRepr.never✝ } }] }]
    ==>
      Except.pure
        [{ name := Name.anonymous.str "Tree2", type := Expr.sort Level.zero.succ,
            ctors :=
              [(Expr.fvar 0 (Expr.sort Level.zero.succ)).forallE
                  ((Expr.const (Name.anonymous.str "Tree2") []).app (Expr.fvar 0 (Expr.sort Level.zero.succ)))
                  { pw := { repr := ConLeche.PropWhenRepr.never✝ } },
                ((Expr.const (Name.anonymous.str "List") [Level.zero]).app
                      ((Expr.const (Name.anonymous.str "List") [Level.zero]).app
                        ((Expr.const (Name.anonymous.str "Tree2") []).app
                          (Expr.fvar 0 (Expr.sort Level.zero.succ))))).forallE
                  ((Expr.const (Name.anonymous.str "Tree2") []).app (Expr.fvar 0 (Expr.sort Level.zero.succ)))
                  { pw := { repr := ConLeche.PropWhenRepr.never✝ } }] }]
[Debug.Meta.Tactic.cbv.reduce] simplifyAppFn:
      Except.instMonad.toBind.1
        (Except.ok
          [{ name := Name.anonymous.str "Tree2", type := Expr.sort Level.zero.succ,
              ctors :=
                [(Expr.fvar 0 (Expr.sort Level.zero.succ)).forallE
                    ((Expr.const (Name.anonymous.str "Tree2") []).app (Expr.fvar 0 (Expr.sort Level.zero.succ)))
                    { pw := { repr := ConLeche.PropWhenRepr.never✝ } },
                  ((Expr.const (Name.anonymous.str "List") [Level.zero]).app
                        ((Expr.const (Name.anonymous.str "List") [Level.zero]).app
                          ((Expr.const (Name.anonymous.str "Tree2") []).app
                            (Expr.fvar 0 (Expr.sort Level.zero.succ))))).forallE
                    ((Expr.const (Name.anonymous.str "Tree2") []).app (Expr.fvar 0 (Expr.sort Level.zero.succ)))
                    { pw := { repr := ConLeche.PropWhenRepr.never✝ } }] }])
        fun types => do
        let __x ←
          StateT.run
              (Official.elimLoop
                {
                  find? :=
                    {
                        consts :=
                          [ConstantInfo.indInfo
                              { name := Name.anonymous.str "List", levelParams := [Name.anonymous.str "u"],
                                type :=
                                  (Expr.sort (Level.param (Name.anonymous.str "u")).succ).forallE
                                    (Expr.sort (Level.param (Name.anonymous.str "u")).succ)
                                    { pw := { repr := ConLeche.PropWhenRepr.never✝ } } }
                              { sortZ := { repr := ConLeche.PropWhenRepr.always✝ }, all := [Name.anonymous.str "List"],
                                nparams := 1,
                                ctors := [Name.anonymous.str "List.nil", Name.anonymous.str "List.cons"] },
                            ConstantInfo.ctorInfo
                              { name := Name.anonymous.str "List.nil", levelParams := [Name.anonymous.str "u"],
                                type :=
                                  (Expr.sort (Level.param (Name.anonymous.str "u")).succ).forallE
                                    ((Expr.const (Name.anonymous.str "List") [Level.param (Name.anonymous.str "u")]).app
                                      (Expr.bvar 0))
                                    { pw := { repr := ConLeche.PropWhenRepr.never✝ } } }
                              1 0,
                            ConstantInfo.ctorInfo
                              { name := Name.anonymous.str "List.cons", levelParams := [Name.anonymous.str "u"],
                                type :=
                                  (Expr.sort (Level.param (Name.anonymous.str "u")).succ).forallE
                                    ((Expr.bvar 0).forallE
                                      (((Expr.const (Name.anonymous.str "List")
                                                [Level.param (Name.anonymous.str "u")]).app
                                            (Expr.bvar 1)).forallE
                                        ((Expr.const (Name.anonymous.str "List")
                                              [Level.param (Name.anonymous.str "u")]).app
                                          (Expr.bvar 2))
                                        { pw := { repr := ConLeche.PropWhenRepr.never✝ } })
                                      { pw := { repr := ConLeche.PropWhenRepr.never✝ } })
                                    { pw := { repr := ConLeche.PropWhenRepr.never✝ } } }
                              1 2,
                            ConstantInfo.indInfo
                              { name := Name.anonymous.str "Tree2", levelParams := [],
                                type :=
                                  (Expr.sort Level.zero.succ).forallE (Expr.sort Level.zero.succ)
                                    { pw := { repr := ConLeche.PropWhenRepr.never✝ } } }
                              { sortZ := { repr := ConLeche.PropWhenRepr.always✝ }, all := [Name.anonymous.str "Tree2"],
                                nparams := 1,
                                ctors := [Name.anonymous.str "Tree2.leaf", Name.anonymous.str "Tree2.node"] }] }.find?,
                  ctorsOf := fun n => if (n == Ln) = true then listCs else [], lvls := [],
                  ps := [Expr.fvar 0 (Expr.sort Level.zero.succ)],
                  auxName := fun i => if (i == 1) = true then rn else cn }
                4 0)
              { types := { toList := types } }
        match __x with
          | (PUnit.unit, a) => pure a
    ==>
      (Except.ok
            [{ name := Name.anonymous.str "Tree2", type := Expr.sort Level.zero.succ,
                ctors :=
                  [(Expr.fvar 0 (Expr.sort Level.zero.succ)).forallE
                      ((Expr.const (Name.anonymous.str "Tree2") []).app (Expr.fvar 0 (Expr.sort Level.zero.succ)))
                      { pw := { repr := ConLeche.PropWhenRepr.never✝ } },
                    ((Expr.const (Name.anonymous.str "List") [Level.zero]).app
                          ((Expr.const (Name.anonymous.str "List") [Level.zero]).app
                            ((Expr.const (Name.anonymous.str "Tree2") []).app
                              (Expr.fvar 0 (Expr.sort Level.zero.succ))))).forallE
                      ((Expr.const (Name.anonymous.str "Tree2") []).app (Expr.fvar 0 (Expr.sort Level.zero.succ)))
                      { pw := { repr := ConLeche.PropWhenRepr.never✝ } }] }]).bind
        fun types => do
        let __x ←
          StateT.run
              (Official.elimLoop
                {
                  find? :=
                    {
                        consts :=
                          [ConstantInfo.indInfo
                              { name := Name.anonymous.str "List", levelParams := [Name.anonymous.str "u"],
                                type :=
                                  (Expr.sort (Level.param (Name.anonymous.str "u")).succ).forallE
                                    (Expr.sort (Level.param (Name.anonymous.str "u")).succ)
                                    { pw := { repr := ConLeche.PropWhenRepr.never✝ } } }
                              { sortZ := { repr := ConLeche.PropWhenRepr.always✝ }, all := [Name.anonymous.str "List"],
                                nparams := 1,
                                ctors := [Name.anonymous.str "List.nil", Name.anonymous.str "List.cons"] },
                            ConstantInfo.ctorInfo
                              { name := Name.anonymous.str "List.nil", levelParams := [Name.anonymous.str "u"],
                                type :=
                                  (Expr.sort (Level.param (Name.anonymous.str "u")).succ).forallE
                                    ((Expr.const (Name.anonymous.str "List") [Level.param (Name.anonymous.str "u")]).app
                                      (Expr.bvar 0))
                                    { pw := { repr := ConLeche.PropWhenRepr.never✝ } } }
                              1 0,
                            ConstantInfo.ctorInfo
                              { name := Name.anonymous.str "List.cons", levelParams := [Name.anonymous.str "u"],
                                type :=
                                  (Expr.sort (Level.param (Name.anonymous.str "u")).succ).forallE
                                    ((Expr.bvar 0).forallE
                                      (((Expr.const (Name.anonymous.str "List")
                                                [Level.param (Name.anonymous.str "u")]).app
                                            (Expr.bvar 1)).forallE
                                        ((Expr.const (Name.anonymous.str "List")
                                              [Level.param (Name.anonymous.str "u")]).app
                                          (Expr.bvar 2))
                                        { pw := { repr := ConLeche.PropWhenRepr.never✝ } })
                                      { pw := { repr := ConLeche.PropWhenRepr.never✝ } })
                                    { pw := { repr := ConLeche.PropWhenRepr.never✝ } } }
                              1 2,
                            ConstantInfo.indInfo
                              { name := Name.anonymous.str "Tree2", levelParams := [],
                                type :=
                                  (Expr.sort Level.zero.succ).forallE (Expr.sort Level.zero.succ)
                                    { pw := { repr := ConLeche.PropWhenRepr.never✝ } } }
                              { sortZ := { repr := ConLeche.PropWhenRepr.always✝ }, all := [Name.anonymous.str "Tree2"],
                                nparams := 1,
                                ctors := [Name.anonymous.str "Tree2.leaf", Name.anonymous.str "Tree2.node"] }] }.find?,
                  ctorsOf := fun n => if (n == Ln) = true then listCs else [], lvls := [],
                  ps := [Expr.fvar 0 (Expr.sort Level.zero.succ)],
                  auxName := fun i => if (i == 1) = true then rn else cn }
                4 0)
              { types := { toList := types } }
        match __x with
          | (PUnit.unit, a) => pure a
[Debug.Meta.Tactic.cbv.reduce] ✅️ proj `MonadState`.0:
      (instMonadStateOfMonadStateOf Official.ElimSt (StateT Official.ElimSt (Except CheckError))).1
    ==>
      { get := StateT.get, set := StateT.set,
          modifyGet := @StateT.modifyGet Official.ElimSt (Except CheckError) Except.instMonad }.1
  [Debug.Meta.Tactic.cbv.reduce] ✅️ proj `MonadStateOf`.0:
        instMonadStateOfStateTOfMonad.1
      ==>
        { get := StateT.get, set := StateT.set,
            modifyGet := @StateT.modifyGet Official.ElimSt (Except CheckError) Except.instMonad }.1
  [Debug.Meta.Tactic.cbv.reduce] ✅️ proj `MonadStateOf`.0:
        { get := StateT.get, set := StateT.set,
            modifyGet := @StateT.modifyGet Official.ElimSt (Except CheckError) Except.instMonad }.1
      ==>
        StateT.get
  [Debug.Meta.Tactic.cbv.reduce] ✅️ proj `MonadStateOf`.1:
        instMonadStateOfStateTOfMonad.2
      ==>
        { get := StateT.get, set := StateT.set,
            modifyGet := @StateT.modifyGet Official.ElimSt (Except CheckError) Except.instMonad }.2
  [Debug.Meta.Tactic.cbv.reduce] ✅️ proj `MonadStateOf`.1:
        { get := StateT.get, set := StateT.set,
            modifyGet := @StateT.modifyGet Official.ElimSt (Except CheckError) Except.instMonad }.2
      ==>
        StateT.set
  [Debug.Meta.Tactic.cbv.reduce] ✅️ proj `MonadStateOf`.2:
        instMonadStateOfStateTOfMonad.3
      ==>
        { get := StateT.get, set := StateT.set,
            modifyGet := @StateT.modifyGet Official.ElimSt (Except CheckError) Except.instMonad }.3
  [Debug.Meta.Tactic.cbv.reduce] ✅️ proj `MonadStateOf`.2:
        { get := StateT.get, set := StateT.set,
            modifyGet := @StateT.modifyGet Official.ElimSt (Except CheckError) Except.instMonad }.3
      ==>
        @StateT.modifyGet Official.ElimSt (Except CheckError) Except.instMonad
[Debug.Meta.Tactic.cbv.reduce] ✅️ proj `MonadState`.0:
      { get := StateT.get, set := StateT.set,
          modifyGet := @StateT.modifyGet Official.ElimSt (Except CheckError) Except.instMonad }.1
    ==>
      StateT.get
[Debug.Meta.Tactic.cbv.reduce] ✅️ proj `Bind`.0:
      StateT.instMonad.toBind.1
    ==>
      { bind := @StateT.bind Official.ElimSt (Except CheckError) Except.instMonad }.1
  [Debug.Meta.Tactic.cbv.reduce] ✅️ proj `Monad`.1:
        StateT.instMonad.2
      ==>
        { map := @StateT.map Official.ElimSt (Except CheckError) Except.instMonad,
            pure := @StateT.pure Official.ElimSt (Except CheckError) Except.instMonad,
            seq := fun {α β} f x => f.bind fun y => StateT.map y (x PUnit.unit),
            seqLeft := fun {α β} x y => x.bind fun a => (y PUnit.unit).bind fun x => StateT.pure a,
            seqRight := fun {α β} x y => x.bind fun x => y PUnit.unit,
            bind := @StateT.bind Official.ElimSt (Except CheckError) Except.instMonad }.2
  [Debug.Meta.Tactic.cbv.reduce] ✅️ proj `Monad`.1:
        { map := @StateT.map Official.ElimSt (Except CheckError) Except.instMonad,
            pure := @StateT.pure Official.ElimSt (Except CheckError) Except.instMonad,
            seq := fun {α β} f x => f.bind fun y => StateT.map y (x PUnit.unit),
            seqLeft := fun {α β} x y => x.bind fun a => (y PUnit.unit).bind fun x => StateT.pure a,
            seqRight := fun {α β} x y => x.bind fun x => y PUnit.unit,
            bind := @StateT.bind Official.ElimSt (Except CheckError) Except.instMonad }.2
      ==>
        { bind := @StateT.bind Official.ElimSt (Except CheckError) Except.instMonad }
[Debug.Meta.Tactic.cbv.reduce] ✅️ proj `Bind`.0:
      { bind := @StateT.bind Official.ElimSt (Except CheckError) Except.instMonad }.1
    ==>
      @StateT.bind Official.ElimSt (Except CheckError) Except.instMonad
[Debug.Meta.Tactic.cbv.reduce] simplifyAppFn:
      StateT.instMonad.toBind.1 StateT.get fun st =>
        match st.types[0]? with
        | none => pure PUnit.unit
        | some t => do
          let cs ←
            List.mapM
                (Official.replaceAll
                  {
                    find? :=
                      {
                          consts :=
                            [ConstantInfo.indInfo
                                { name := Name.anonymous.str "List", levelParams := [Name.anonymous.str "u"],
                                  type :=
                                    (Expr.sort (Level.param (Name.anonymous.str "u")).succ).forallE
                                      (Expr.sort (Level.param (Name.anonymous.str "u")).succ)
                                      { pw := { repr := ConLeche.PropWhenRepr.never✝ } } }
                                { sortZ := { repr := ConLeche.PropWhenRepr.always✝ },
                                  all := [Name.anonymous.str "List"], nparams := 1,
                                  ctors := [Name.anonymous.str "List.nil", Name.anonymous.str "List.cons"] },
                              ConstantInfo.ctorInfo
                                { name := Name.anonymous.str "List.nil", levelParams := [Name.anonymous.str "u"],
                                  type :=
                                    (Expr.sort (Level.param (Name.anonymous.str "u")).succ).forallE
                                      ((Expr.const (Name.anonymous.str "List")
                                            [Level.param (Name.anonymous.str "u")]).app
                                        (Expr.bvar 0))
                                      { pw := { repr := ConLeche.PropWhenRepr.never✝ } } }
                                1 0,
                              ConstantInfo.ctorInfo
                                { name := Name.anonymous.str "List.cons", levelParams := [Name.anonymous.str "u"],
                                  type :=
                                    (Expr.sort (Level.param (Name.anonymous.str "u")).succ).forallE
                                      ((Expr.bvar 0).forallE
                                        (((Expr.const (Name.anonymous.str "List")
                                                  [Level.param (Name.anonymous.str "u")]).app
                                              (Expr.bvar 1)).forallE
                                          ((Expr.const (Name.anonymous.str "List")
                                                [Level.param (Name.anonymous.str "u")]).app
                                            (Expr.bvar 2))
                                          { pw := { repr := ConLeche.PropWhenRepr.never✝ } })
                                        { pw := { repr := ConLeche.PropWhenRepr.never✝ } })
                                      { pw := { repr := ConLeche.PropWhenRepr.never✝ } } }
                                1 2,
                              ConstantInfo.indInfo
                                { name := Name.anonymous.str "Tree2", levelParams := [],
                                  type :=
                                    (Expr.sort Level.zero.succ).forallE (Expr.sort Level.zero.succ)
                                      { pw := { repr := ConLeche.PropWhenRepr.never✝ } } }
                                { sortZ := { repr := ConLeche.PropWhenRepr.always✝ },
                                  all := [Name.anonymous.str "Tree2"], nparams := 1,
                                  ctors :=
                                    [Name.anonymous.str "Tree2.leaf", Name.anonymous.str "Tree2.node"] }] }.find?,
                    ctorsOf := fun n => if (n == Ln) = true then listCs else [], lvls := [],
                    ps := [Expr.fvar 0 (Expr.sort Level.zero.succ)],
                    auxName := fun i => if (i == 1) = true then rn else cn })
                t.ctors
          modify fun st =>
              { aux := st.aux, types := st.types.set! 0 { name := t.name, type := t.type, ctors := cs },
                next := st.next }
          Official.elimLoop
              {
                find? :=
                  {
                      consts :=
                        [ConstantInfo.indInfo
                            { name := Name.anonymous.str "List", levelParams := [Name.anonymous.str "u"],
                              type :=
                                (Expr.sort (Level.param (Name.anonymous.str "u")).succ).forallE
                                  (Expr.sort (Level.param (Name.anonymous.str "u")).succ)
                                  { pw := { repr := ConLeche.PropWhenRepr.never✝ } } }
                            { sortZ := { repr := ConLeche.PropWhenRepr.always✝ }, all := [Name.anonymous.str "List"],
                              nparams := 1, ctors := [Name.anonymous.str "List.nil", Name.anonymous.str "List.cons"] },
                          ConstantInfo.ctorInfo
                            { name := Name.anonymous.str "List.nil", levelParams := [Name.anonymous.str "u"],
                              type :=
                                (Expr.sort (Level.param (Name.anonymous.str "u")).succ).forallE
                                  ((Expr.const (Name.anonymous.str "List") [Level.param (Name.anonymous.str "u")]).app
                                    (Expr.bvar 0))
                                  { pw := { repr := ConLeche.PropWhenRepr.never✝ } } }
                            1 0,
                          ConstantInfo.ctorInfo
                            { name := Name.anonymous.str "List.cons", levelParams := [Name.anonymous.str "u"],
                              type :=
                                (Expr.sort (Level.param (Name.anonymous.str "u")).succ).forallE
                                  ((Expr.bvar 0).forallE
                                    (((Expr.const (Name.anonymous.str "List")
                                              [Level.param (Name.anonymous.str "u")]).app
                                          (Expr.bvar 1)).forallE
                                      ((Expr.const (Name.anonymous.str "List")
                                            [Level.param (Name.anonymous.str "u")]).app
                                        (Expr.bvar 2))
                                      { pw := { repr := ConLeche.PropWhenRepr.never✝ } })
                                    { pw := { repr := ConLeche.PropWhenRepr.never✝ } })
                                  { pw := { repr := ConLeche.PropWhenRepr.never✝ } } }
                            1 2,
                          ConstantInfo.indInfo
                            { name := Name.anonymous.str "Tree2", levelParams := [],
                              type :=
                                (Expr.sort Level.zero.succ).forallE (Expr.sort Level.zero.succ)
                                  { pw := { repr := ConLeche.PropWhenRepr.never✝ } } }
                            { sortZ := { repr := ConLeche.PropWhenRepr.always✝ }, all := [Name.anonymous.str "Tree2"],
                              nparams := 1,
                              ctors := [Name.anonymous.str "Tree2.leaf", Name.anonymous.str "Tree2.node"] }] }.find?,
                ctorsOf := fun n => if (n == Ln) = true then listCs else [], lvls := [],
                ps := [Expr.fvar 0 (Expr.sort Level.zero.succ)],
                auxName := fun i => if (i == 1) = true then rn else cn }
              3 (0 + 1)
    ==>
      StateT.get.bind fun st =>
        match st.types[0]? with
        | none => pure PUnit.unit
        | some t => do
          let cs ←
            List.mapM
                (Official.replaceAll
                  {
                    find? :=
                      {
                          consts :=
                            [ConstantInfo.indInfo
                                { name := Name.anonymous.str "List", levelParams := [Name.anonymous.str "u"],
                                  type :=
                                    (Expr.sort (Level.param (Name.anonymous.str "u")).succ).forallE
                                      (Expr.sort (Level.param (Name.anonymous.str "u")).succ)
                                      { pw := { repr := ConLeche.PropWhenRepr.never✝ } } }
                                { sortZ := { repr := ConLeche.PropWhenRepr.always✝ },
                                  all := [Name.anonymous.str "List"], nparams := 1,
                                  ctors := [Name.anonymous.str "List.nil", Name.anonymous.str "List.cons"] },
                              ConstantInfo.ctorInfo
                                { name := Name.anonymous.str "List.nil", levelParams := [Name.anonymous.str "u"],
                                  type :=
                                    (Expr.sort (Level.param (Name.anonymous.str "u")).succ).forallE
                                      ((Expr.const (Name.anonymous.str "List")
                                            [Level.param (Name.anonymous.str "u")]).app
                                        (Expr.bvar 0))
                                      { pw := { repr := ConLeche.PropWhenRepr.never✝ } } }
                                1 0,
                              ConstantInfo.ctorInfo
                                { name := Name.anonymous.str "List.cons", levelParams := [Name.anonymous.str "u"],
                                  type :=
                                    (Expr.sort (Level.param (Name.anonymous.str "u")).succ).forallE
                                      ((Expr.bvar 0).forallE
                                        (((Expr.const (Name.anonymous.str "List")
                                                  [Level.param (Name.anonymous.str "u")]).app
                                              (Expr.bvar 1)).forallE
                                          ((Expr.const (Name.anonymous.str "List")
                                                [Level.param (Name.anonymous.str "u")]).app
                                            (Expr.bvar 2))
                                          { pw := { repr := ConLeche.PropWhenRepr.never✝ } })
                                        { pw := { repr := ConLeche.PropWhenRepr.never✝ } })
                                      { pw := { repr := ConLeche.PropWhenRepr.never✝ } } }
                                1 2,
                              ConstantInfo.indInfo
                                { name := Name.anonymous.str "Tree2", levelParams := [],
                                  type :=
                                    (Expr.sort Level.zero.succ).forallE (Expr.sort Level.zero.succ)
                                      { pw := { repr := ConLeche.PropWhenRepr.never✝ } } }
                                { sortZ := { repr := ConLeche.PropWhenRepr.always✝ },
                                  all := [Name.anonymous.str "Tree2"], nparams := 1,
                                  ctors :=
                                    [Name.anonymous.str "Tree2.leaf", Name.anonymous.str "Tree2.node"] }] }.find?,
                    ctorsOf := fun n => if (n == Ln) = true then listCs else [], lvls := [],
                    ps := [Expr.fvar 0 (Expr.sort Level.zero.succ)],
                    auxName := fun i => if (i == 1) = true then rn else cn })
                t.ctors
          modify fun st =>
              { aux := st.aux, types := st.types.set! 0 { name := t.name, type := t.type, ctors := cs },
                next := st.next }
          Official.elimLoop
              {
                find? :=
                  {
                      consts :=
                        [ConstantInfo.indInfo
                            { name := Name.anonymous.str "List", levelParams := [Name.anonymous.str "u"],
                              type :=
                                (Expr.sort (Level.param (Name.anonymous.str "u")).succ).forallE
                                  (Expr.sort (Level.param (Name.anonymous.str "u")).succ)
                                  { pw := { repr := ConLeche.PropWhenRepr.never✝ } } }
                            { sortZ := { repr := ConLeche.PropWhenRepr.always✝ }, all := [Name.anonymous.str "List"],
                              nparams := 1, ctors := [Name.anonymous.str "List.nil", Name.anonymous.str "List.cons"] },
                          ConstantInfo.ctorInfo
                            { name := Name.anonymous.str "List.nil", levelParams := [Name.anonymous.str "u"],
                              type :=
                                (Expr.sort (Level.param (Name.anonymous.str "u")).succ).forallE
                                  ((Expr.const (Name.anonymous.str "List") [Level.param (Name.anonymous.str "u")]).app
                                    (Expr.bvar 0))
                                  { pw := { repr := ConLeche.PropWhenRepr.never✝ } } }
                            1 0,
                          ConstantInfo.ctorInfo
                            { name := Name.anonymous.str "List.cons", levelParams := [Name.anonymous.str "u"],
                              type :=
                                (Expr.sort (Level.param (Name.anonymous.str "u")).succ).forallE
                                  ((Expr.bvar 0).forallE
                                    (((Expr.const (Name.anonymous.str "List")
                                              [Level.param (Name.anonymous.str "u")]).app
                                          (Expr.bvar 1)).forallE
                                      ((Expr.const (Name.anonymous.str "List")
                                            [Level.param (Name.anonymous.str "u")]).app
                                        (Expr.bvar 2))
                                      { pw := { repr := ConLeche.PropWhenRepr.never✝ } })
                                    { pw := { repr := ConLeche.PropWhenRepr.never✝ } })
                                  { pw := { repr := ConLeche.PropWhenRepr.never✝ } } }
                            1 2,
                          ConstantInfo.indInfo
                            { name := Name.anonymous.str "Tree2", levelParams := [],
                              type :=
                                (Expr.sort Level.zero.succ).forallE (Expr.sort Level.zero.succ)
                                  { pw := { repr := ConLeche.PropWhenRepr.never✝ } } }
                            { sortZ := { repr := ConLeche.PropWhenRepr.always✝ }, all := [Name.anonymous.str "Tree2"],
                              nparams := 1,
                              ctors := [Name.anonymous.str "Tree2.leaf", Name.anonymous.str "Tree2.node"] }] }.find?,
                ctorsOf := fun n => if (n == Ln) = true then listCs else [], lvls := [],
                ps := [Expr.fvar 0 (Expr.sort Level.zero.succ)],
                auxName := fun i => if (i == 1) = true then rn else cn }
              3 (0 + 1)
[Debug.Meta.Tactic.cbv.reduce] simplifyAppFn:
      Except.instMonad.toPure.1
        ({
            types :=
              {
                toList :=
                  [{ name := Name.anonymous.str "Tree2", type := Expr.sort Level.zero.succ,
                      ctors :=
                        [(Expr.fvar 0 (Expr.sort Level.zero.succ)).forallE
                            ((Expr.const (Name.anonymous.str "Tree2") []).app (Expr.fvar 0 (Expr.sort Level.zero.succ)))
                            { pw := { repr := ConLeche.PropWhenRepr.never✝ } },
                          ((Expr.const (Name.anonymous.str "List") [Level.zero]).app
                                ((Expr.const (Name.anonymous.str "List") [Level.zero]).app
                                  ((Expr.const (Name.anonymous.str "Tree2") []).app
                                    (Expr.fvar 0 (Expr.sort Level.zero.succ))))).forallE
                            ((Expr.const (Name.anonymous.str "Tree2") []).app (Expr.fvar 0 (Expr.sort Level.zero.succ)))
                            { pw := { repr := ConLeche.PropWhenRepr.never✝ } }] }] } },
          {
            types :=
              {
                toList :=
                  [{ name := Name.anonymous.str "Tree2", type := Expr.sort Level.zero.succ,
                      ctors :=
                        [(Expr.fvar 0 (Expr.sort Level.zero.succ)).forallE
                            ((Expr.const (Name.anonymous.str "Tree2") []).app (Expr.fvar 0 (Expr.sort Level.zero.succ)))
                            { pw := { repr := ConLeche.PropWhenRepr.never✝ } },
                          ((Expr.const (Name.anonymous.str "List") [Level.zero]).app
                                ((Expr.const (Name.anonymous.str "List") [Level.zero]).app
                                  ((Expr.const (Name.anonymous.str "Tree2") []).app
                                    (Expr.fvar 0 (Expr.sort Level.zero.succ))))).forallE
                            ((Expr.const (Name.anonymous.str "Tree2") []).app (Expr.fvar 0 (Expr.sort Level.zero.succ)))
                            { pw := { repr := ConLeche.PropWhenRepr.never✝ } }] }] } })
    ==>
      Except.pure
        ({
            types :=
              {
                toList :=
                  [{ name := Name.anonymous.str "Tree2", type := Expr.sort Level.zero.succ,
                      ctors :=
                        [(Expr.fvar 0 (Expr.sort Level.zero.succ)).forallE
                            ((Expr.const (Name.anonymous.str "Tree2") []).app (Expr.fvar 0 (Expr.sort Level.zero.succ)))
                            { pw := { repr := ConLeche.PropWhenRepr.never✝ } },
                          ((Expr.const (Name.anonymous.str "List") [Level.zero]).app
                                ((Expr.const (Name.anonymous.str "List") [Level.zero]).app
                                  ((Expr.const (Name.anonymous.str "Tree2") []).app
                                    (Expr.fvar 0 (Expr.sort Level.zero.succ))))).forallE
                            ((Expr.const (Name.anonymous.str "Tree2") []).app (Expr.fvar 0 (Expr.sort Level.zero.succ)))
                            { pw := { repr := ConLeche.PropWhenRepr.never✝ } }] }] } },
          {
            types :=
              {
                toList :=
                  [{ name := Name.anonymous.str "Tree2", type := Expr.sort Level.zero.succ,
                      ctors :=
                        [(Expr.fvar 0 (Expr.sort Level.zero.succ)).forallE
                            ((Expr.const (Name.anonymous.str "Tree2") []).app (Expr.fvar 0 (Expr.sort Level.zero.succ)))
                            { pw := { repr := ConLeche.PropWhenRepr.never✝ } },
                          ((Expr.const (Name.anonymous.str "List") [Level.zero]).app
                                ((Expr.const (Name.anonymous.str "List") [Level.zero]).app
                                  ((Expr.const (Name.anonymous.str "Tree2") []).app
                                    (Expr.fvar 0 (Expr.sort Level.zero.succ))))).forallE
                            ((Expr.const (Name.anonymous.str "Tree2") []).app (Expr.fvar 0 (Expr.sort Level.zero.succ)))
                            { pw := { repr := ConLeche.PropWhenRepr.never✝ } }] }] } })
[Debug.Meta.Tactic.cbv.reduce] simplifyAppFn:
      Except.instMonad.toBind.1
        (Except.ok
          ({
              types :=
                {
                  toList :=
                    [{ name := Name.anonymous.str "Tree2", type := Expr.sort Level.zero.succ,
                        ctors :=
                          [(Expr.fvar 0 (Expr.sort Level.zero.succ)).forallE
                              ((Expr.const (Name.anonymous.str "Tree2") []).app
                                (Expr.fvar 0 (Expr.sort Level.zero.succ)))
                              { pw := { repr := ConLeche.PropWhenRepr.never✝ } },
                            ((Expr.const (Name.anonymous.str "List") [Level.zero]).app
                                  ((Expr.const (Name.anonymous.str "List") [Level.zero]).app
                                    ((Expr.const (Name.anonymous.str "Tree2") []).app
                                      (Expr.fvar 0 (Expr.sort Level.zero.succ))))).forallE
                              ((Expr.const (Name.anonymous.str "Tree2") []).app
                                (Expr.fvar 0 (Expr.sort Level.zero.succ)))
                              { pw := { repr := ConLeche.PropWhenRepr.never✝ } }] }] } },
            {
              types :=
                {
                  toList :=
                    [{ name := Name.anonymous.str "Tree2", type := Expr.sort Level.zero.succ,
                        ctors :=
                          [(Expr.fvar 0 (Expr.sort Level.zero.succ)).forallE
                              ((Expr.const (Name.anonymous.str "Tree2") []).app
                                (Expr.fvar 0 (Expr.sort Level.zero.succ)))
                              { pw := { repr := ConLeche.PropWhenRepr.never✝ } },
                            ((Expr.const (Name.anonymous.str "List") [Level.zero]).app
                                  ((Expr.const (Name.anonymous.str "List") [Level.zero]).app
                                    ((Expr.const (Name.anonymous.str "Tree2") []).app
                                      (Expr.fvar 0 (Expr.sort Level.zero.succ))))).forallE
                              ((Expr.const (Name.anonymous.str "Tree2") []).app
                                (Expr.fvar 0 (Expr.sort Level.zero.succ)))
                              { pw := { repr := ConLeche.PropWhenRepr.never✝ } }] }] } }))
        fun __x =>
        match __x with
        | (st, a) =>
          (match st.types[0]? with
            | none => pure PUnit.unit
            | some t => do
              let cs ←
                List.mapM
                    (Official.replaceAll
                      {
                        find? :=
                          {
                              consts :=
                                [ConstantInfo.indInfo
                                    { name := Name.anonymous.str "List", levelParams := [Name.anonymous.str "u"],
                                      type :=
                                        (Expr.sort (Level.param (Name.anonymous.str "u")).succ).forallE
                                          (Expr.sort (Level.param (Name.anonymous.str "u")).succ)
                                          { pw := { repr := ConLeche.PropWhenRepr.never✝ } } }
                                    { sortZ := { repr := ConLeche.PropWhenRepr.always✝ },
                                      all := [Name.anonymous.str "List"], nparams := 1,
                                      ctors := [Name.anonymous.str "List.nil", Name.anonymous.str "List.cons"] },
                                  ConstantInfo.ctorInfo
                                    { name := Name.anonymous.str "List.nil", levelParams := [Name.anonymous.str "u"],
                                      type :=
                                        (Expr.sort (Level.param (Name.anonymous.str "u")).succ).forallE
                                          ((Expr.const (Name.anonymous.str "List")
                                                [Level.param (Name.anonymous.str "u")]).app
                                            (Expr.bvar 0))
                                          { pw := { repr := ConLeche.PropWhenRepr.never✝ } } }
                                    1 0,
                                  ConstantInfo.ctorInfo
                                    { name := Name.anonymous.str "List.cons", levelParams := [Name.anonymous.str "u"],
                                      type :=
                                        (Expr.sort (Level.param (Name.anonymous.str "u")).succ).forallE
                                          ((Expr.bvar 0).forallE
                                            (((Expr.const (Name.anonymous.str "List")
                                                      [Level.param (Name.anonymous.str "u")]).app
                                                  (Expr.bvar 1)).forallE
                                              ((Expr.const (Name.anonymous.str "List")
                                                    [Level.param (Name.anonymous.str "u")]).app
                                                (Expr.bvar 2))
                                              { pw := { repr := ConLeche.PropWhenRepr.never✝ } })
                                            { pw := { repr := ConLeche.PropWhenRepr.never✝ } })
                                          { pw := { repr := ConLeche.PropWhenRepr.never✝ } } }
                                    1 2,
                                  ConstantInfo.indInfo
                                    { name := Name.anonymous.str "Tree2", levelParams := [],
                                      type :=
                                        (Expr.sort Level.zero.succ).forallE (Expr.sort Level.zero.succ)
                                          { pw := { repr := ConLeche.PropWhenRepr.never✝ } } }
                                    { sortZ := { repr := ConLeche.PropWhenRepr.always✝ },
                                      all := [Name.anonymous.str "Tree2"], nparams := 1,
                                      ctors :=
                                        [Name.anonymous.str "Tree2.leaf", Name.anonymous.str "Tree2.node"] }] }.find?,
                        ctorsOf := fun n => if (n == Ln) = true then listCs else [], lvls := [],
                        ps := [Expr.fvar 0 (Expr.sort Level.zero.succ)],
                        auxName := fun i => if (i == 1) = true then rn else cn })
                    t.ctors
              modify fun st =>
                  { aux := st.aux, types := st.types.set! 0 { name := t.name, type := t.type, ctors := cs },
                    next := st.next }
              Official.elimLoop
                  {
                    find? :=
                      {
                          consts :=
                            [ConstantInfo.indInfo
                                { name := Name.anonymous.str "List", levelParams := [Name.anonymous.str "u"],
                                  type :=
                                    (Expr.sort (Level.param (Name.anonymous.str "u")).succ).forallE
                                      (Expr.sort (Level.param (Name.anonymous.str "u")).succ)
                                      { pw := { repr := ConLeche.PropWhenRepr.never✝ } } }
                                { sortZ := { repr := ConLeche.PropWhenRepr.always✝ },
                                  all := [Name.anonymous.str "List"], nparams := 1,
                                  ctors := [Name.anonymous.str "List.nil", Name.anonymous.str "List.cons"] },
                              ConstantInfo.ctorInfo
                                { name := Name.anonymous.str "List.nil", levelParams := [Name.anonymous.str "u"],
                                  type :=
                                    (Expr.sort (Level.param (Name.anonymous.str "u")).succ).forallE
                                      ((Expr.const (Name.anonymous.str "List")
                                            [Level.param (Name.anonymous.str "u")]).app
                                        (Expr.bvar 0))
                                      { pw := { repr := ConLeche.PropWhenRepr.never✝ } } }
                                1 0,
                              ConstantInfo.ctorInfo
                                { name := Name.anonymous.str "List.cons", levelParams := [Name.anonymous.str "u"],
                                  type :=
                                    (Expr.sort (Level.param (Name.anonymous.str "u")).succ).forallE
                                      ((Expr.bvar 0).forallE
                                        (((Expr.const (Name.anonymous.str "List")
                                                  [Level.param (Name.anonymous.str "u")]).app
                                              (Expr.bvar 1)).forallE
                                          ((Expr.const (Name.anonymous.str "List")
                                                [Level.param (Name.anonymous.str "u")]).app
                                            (Expr.bvar 2))
                                          { pw := { repr := ConLeche.PropWhenRepr.never✝ } })
                                        { pw := { repr := ConLeche.PropWhenRepr.never✝ } })
                                      { pw := { repr := ConLeche.PropWhenRepr.never✝ } } }
                                1 2,
                              ConstantInfo.indInfo
                                { name := Name.anonymous.str "Tree2", levelParams := [],
                                  type :=
                                    (Expr.sort Level.zero.succ).forallE (Expr.sort Level.zero.succ)
                                      { pw := { repr := ConLeche.PropWhenRepr.never✝ } } }
                                { sortZ := { repr := ConLeche.PropWhenRepr.always✝ },
                                  all := [Name.anonymous.str "Tree2"], nparams := 1,
                                  ctors :=
                                    [Name.anonymous.str "Tree2.leaf", Name.anonymous.str "Tree2.node"] }] }.find?,
                    ctorsOf := fun n => if (n == Ln) = true then listCs else [], lvls := [],
                    ps := [Expr.fvar 0 (Expr.sort Level.zero.succ)],
                    auxName := fun i => if (i == 1) = true then rn else cn }
                  3 (0 + 1))
            a
    ==>
      (Except.ok
            ({
                types :=
                  {
                    toList :=
                      [{ name := Name.anonymous.str "Tree2", type := Expr.sort Level.zero.succ,
                          ctors :=
                            [(Expr.fvar 0 (Expr.sort Level.zero.succ)).forallE
                                ((Expr.const (Name.anonymous.str "Tree2") []).app
                                  (Expr.fvar 0 (Expr.sort Level.zero.succ)))
                                { pw := { repr := ConLeche.PropWhenRepr.never✝ } },
                              ((Expr.const (Name.anonymous.str "List") [Level.zero]).app
                                    ((Expr.const (Name.anonymous.str "List") [Level.zero]).app
                                      ((Expr.const (Name.anonymous.str "Tree2") []).app
                                        (Expr.fvar 0 (Expr.sort Level.zero.succ))))).forallE
                                ((Expr.const (Name.anonymous.str "Tree2") []).app
                                  (Expr.fvar 0 (Expr.sort Level.zero.succ)))
                                { pw := { repr := ConLeche.PropWhenRepr.never✝ } }] }] } },
              {
                types :=
                  {
                    toList :=
                      [{ name := Name.anonymous.str "Tree2", type := Expr.sort Level.zero.succ,
                          ctors :=
                            [(Expr.fvar 0 (Expr.sort Level.zero.succ)).forallE
                                ((Expr.const (Name.anonymous.str "Tree2") []).app
                                  (Expr.fvar 0 (Expr.sort Level.zero.succ)))
                                { pw := { repr := ConLeche.PropWhenRepr.never✝ } },
                              ((Expr.const (Name.anonymous.str "List") [Level.zero]).app
                                    ((Expr.const (Name.anonymous.str "List") [Level.zero]).app
                                      ((Expr.const (Name.anonymous.str "Tree2") []).app
                                        (Expr.fvar 0 (Expr.sort Level.zero.succ))))).forallE
                                ((Expr.const (Name.anonymous.str "Tree2") []).app
                                  (Expr.fvar 0 (Expr.sort Level.zero.succ)))
                                { pw := { repr := ConLeche.PropWhenRepr.never✝ } }] }] } })).bind
        fun __x =>
        match __x with
        | (st, a) =>
          (match st.types[0]? with
            | none => pure PUnit.unit
            | some t => do
              let cs ←
                List.mapM
                    (Official.replaceAll
                      {
                        find? :=
                          {
                              consts :=
                                [ConstantInfo.indInfo
                                    { name := Name.anonymous.str "List", levelParams := [Name.anonymous.str "u"],
                                      type :=
                                        (Expr.sort (Level.param (Name.anonymous.str "u")).succ).forallE
                                          (Expr.sort (Level.param (Name.anonymous.str "u")).succ)
                                          { pw := { repr := ConLeche.PropWhenRepr.never✝ } } }
                                    { sortZ := { repr := ConLeche.PropWhenRepr.always✝ },
                                      all := [Name.anonymous.str "List"], nparams := 1,
                                      ctors := [Name.anonymous.str "List.nil", Name.anonymous.str "List.cons"] },
                                  ConstantInfo.ctorInfo
                                    { name := Name.anonymous.str "List.nil", levelParams := [Name.anonymous.str "u"],
                                      type :=
                                        (Expr.sort (Level.param (Name.anonymous.str "u")).succ).forallE
                                          ((Expr.const (Name.anonymous.str "List")
                                                [Level.param (Name.anonymous.str "u")]).app
                                            (Expr.bvar 0))
                                          { pw := { repr := ConLeche.PropWhenRepr.never✝ } } }
                                    1 0,
                                  ConstantInfo.ctorInfo
                                    { name := Name.anonymous.str "List.cons", levelParams := [Name.anonymous.str "u"],
                                      type :=
                                        (Expr.sort (Level.param (Name.anonymous.str "u")).succ).forallE
                                          ((Expr.bvar 0).forallE
                                            (((Expr.const (Name.anonymous.str "List")
                                                      [Level.param (Name.anonymous.str "u")]).app
                                                  (Expr.bvar 1)).forallE
                                              ((Expr.const (Name.anonymous.str "List")
                                                    [Level.param (Name.anonymous.str "u")]).app
                                                (Expr.bvar 2))
                                              { pw := { repr := ConLeche.PropWhenRepr.never✝ } })
                                            { pw := { repr := ConLeche.PropWhenRepr.never✝ } })
                                          { pw := { repr := ConLeche.PropWhenRepr.never✝ } } }
                                    1 2,
                                  ConstantInfo.indInfo
                                    { name := Name.anonymous.str "Tree2", levelParams := [],
                                      type :=
                                        (Expr.sort Level.zero.succ).forallE (Expr.sort Level.zero.succ)
                                          { pw := { repr := ConLeche.PropWhenRepr.never✝ } } }
                                    { sortZ := { repr := ConLeche.PropWhenRepr.always✝ },
                                      all := [Name.anonymous.str "Tree2"], nparams := 1,
                                      ctors :=
                                        [Name.anonymous.str "Tree2.leaf", Name.anonymous.str "Tree2.node"] }] }.find?,
                        ctorsOf := fun n => if (n == Ln) = true then listCs else [], lvls := [],
                        ps := [Expr.fvar 0 (Expr.sort Level.zero.succ)],
                        auxName := fun i => if (i == 1) = true then rn else cn })
                    t.ctors
              modify fun st =>
                  { aux := st.aux, types := st.types.set! 0 { name := t.name, type := t.type, ctors := cs },
                    next := st.next }
              Official.elimLoop
                  {
                    find? :=
                      {
                          consts :=
                            [ConstantInfo.indInfo
                                { name := Name.anonymous.str "List", levelParams := [Name.anonymous.str "u"],
                                  type :=
                                    (Expr.sort (Level.param (Name.anonymous.str "u")).succ).forallE
                                      (Expr.sort (Level.param (Name.anonymous.str "u")).succ)
                                      { pw := { repr := ConLeche.PropWhenRepr.never✝ } } }
                                { sortZ := { repr := ConLeche.PropWhenRepr.always✝ },
                                  all := [Name.anonymous.str "List"], nparams := 1,
                                  ctors := [Name.anonymous.str "List.nil", Name.anonymous.str "List.cons"] },
                              ConstantInfo.ctorInfo
                                { name := Name.anonymous.str "List.nil", levelParams := [Name.anonymous.str "u"],
                                  type :=
                                    (Expr.sort (Level.param (Name.anonymous.str "u")).succ).forallE
                                      ((Expr.const (Name.anonymous.str "List")
                                            [Level.param (Name.anonymous.str "u")]).app
                                        (Expr.bvar 0))
                                      { pw := { repr := ConLeche.PropWhenRepr.never✝ } } }
                                1 0,
                              ConstantInfo.ctorInfo
                                { name := Name.anonymous.str "List.cons", levelParams := [Name.anonymous.str "u"],
                                  type :=
                                    (Expr.sort (Level.param (Name.anonymous.str "u")).succ).forallE
                                      ((Expr.bvar 0).forallE
                                        (((Expr.const (Name.anonymous.str "List")
                                                  [Level.param (Name.anonymous.str "u")]).app
                                              (Expr.bvar 1)).forallE
                                          ((Expr.const (Name.anonymous.str "List")
                                                [Level.param (Name.anonymous.str "u")]).app
                                            (Expr.bvar 2))
                                          { pw := { repr := ConLeche.PropWhenRepr.never✝ } })
                                        { pw := { repr := ConLeche.PropWhenRepr.never✝ } })
                                      { pw := { repr := ConLeche.PropWhenRepr.never✝ } } }
                                1 2,
                              ConstantInfo.indInfo
                                { name := Name.anonymous.str "Tree2", levelParams := [],
                                  type :=
                                    (Expr.sort Level.zero.succ).forallE (Expr.sort Level.zero.succ)
                                      { pw := { repr := ConLeche.PropWhenRepr.never✝ } } }
                                { sortZ := { repr := ConLeche.PropWhenRepr.always✝ },
                                  all := [Name.anonymous.str "Tree2"], nparams := 1,
                                  ctors :=
                                    [Name.anonymous.str "Tree2.leaf", Name.anonymous.str "Tree2.node"] }] }.find?,
                    ctorsOf := fun n => if (n == Ln) = true then listCs else [], lvls := [],
                    ps := [Expr.fvar 0 (Expr.sort Level.zero.succ)],
                    auxName := fun i => if (i == 1) = true then rn else cn }
                  3 (0 + 1))
            a
[Debug.Meta.Tactic.cbv.reduce] ✅️ proj `ConLeche.Official.ElimSt`.1:
      {
          types :=
            {
              toList :=
                [{ name := Name.anonymous.str "Tree2", type := Expr.sort Level.zero.succ,
                    ctors :=
                      [(Expr.fvar 0 (Expr.sort Level.zero.succ)).forallE
                          ((Expr.const (Name.anonymous.str "Tree2") []).app (Expr.fvar 0 (Expr.sort Level.zero.succ)))
                          { pw := { repr := ConLeche.PropWhenRepr.never✝ } },
                        ((Expr.const (Name.anonymous.str "List") [Level.zero]).app
                              ((Expr.const (Name.anonymous.str "List") [Level.zero]).app
                                ((Expr.const (Name.anonymous.str "Tree2") []).app
                                  (Expr.fvar 0 (Expr.sort Level.zero.succ))))).forallE
                          ((Expr.const (Name.anonymous.str "Tree2") []).app (Expr.fvar 0 (Expr.sort Level.zero.succ)))
                          { pw := { repr := ConLeche.PropWhenRepr.never✝ } }] }] } }.2
    ==>
      {
        toList :=
          [{ name := Name.anonymous.str "Tree2", type := Expr.sort Level.zero.succ,
              ctors :=
                [(Expr.fvar 0 (Expr.sort Level.zero.succ)).forallE
                    ((Expr.const (Name.anonymous.str "Tree2") []).app (Expr.fvar 0 (Expr.sort Level.zero.succ)))
                    { pw := { repr := ConLeche.PropWhenRepr.never✝ } },
                  ((Expr.const (Name.anonymous.str "List") [Level.zero]).app
                        ((Expr.const (Name.anonymous.str "List") [Level.zero]).app
                          ((Expr.const (Name.anonymous.str "Tree2") []).app
                            (Expr.fvar 0 (Expr.sort Level.zero.succ))))).forallE
                    ((Expr.const (Name.anonymous.str "Tree2") []).app (Expr.fvar 0 (Expr.sort Level.zero.succ)))
                    { pw := { repr := ConLeche.PropWhenRepr.never✝ } }] }] }
[Debug.Meta.Tactic.cbv.reduce] ✅️ proj `ConLeche.Official.AuxType`.2:
      { name := Name.anonymous.str "Tree2", type := Expr.sort Level.zero.succ,
          ctors :=
            [(Expr.fvar 0 (Expr.sort Level.zero.succ)).forallE
                ((Expr.const (Name.anonymous.str "Tree2") []).app (Expr.fvar 0 (Expr.sort Level.zero.succ)))
                { pw := { repr := ConLeche.PropWhenRepr.never✝ } },
              ((Expr.const (Name.anonymous.str "List") [Level.zero]).app
                    ((Expr.const (Name.anonymous.str "List") [Level.zero]).app
                      ((Expr.const (Name.anonymous.str "Tree2") []).app
                        (Expr.fvar 0 (Expr.sort Level.zero.succ))))).forallE
                ((Expr.const (Name.anonymous.str "Tree2") []).app (Expr.fvar 0 (Expr.sort Level.zero.succ)))
                { pw := { repr := ConLeche.PropWhenRepr.never✝ } }] }.3
    ==>
      [(Expr.fvar 0 (Expr.sort Level.zero.succ)).forallE
          ((Expr.const (Name.anonymous.str "Tree2") []).app (Expr.fvar 0 (Expr.sort Level.zero.succ)))
          { pw := { repr := ConLeche.PropWhenRepr.never✝ } },
        ((Expr.const (Name.anonymous.str "List") [Level.zero]).app
              ((Expr.const (Name.anonymous.str "List") [Level.zero]).app
                ((Expr.const (Name.anonymous.str "Tree2") []).app (Expr.fvar 0 (Expr.sort Level.zero.succ))))).forallE
          ((Expr.const (Name.anonymous.str "Tree2") []).app (Expr.fvar 0 (Expr.sort Level.zero.succ)))
          { pw := { repr := ConLeche.PropWhenRepr.never✝ } }]
[Debug.Meta.Tactic.cbv.reduce] ✅️ proj `Pure`.0:
      StateT.instMonad.toPure.1
    ==>
      { pure := @StateT.pure Official.ElimSt (Except CheckError) Except.instMonad }.1
  [Debug.Meta.Tactic.cbv.reduce] ✅️ proj `Applicative`.1:
        StateT.instMonad.toApplicative.2
      ==>
        { map := @StateT.map Official.ElimSt (Except CheckError) Except.instMonad,
            pure := @StateT.pure Official.ElimSt (Except CheckError) Except.instMonad,
            seq := fun {α β} f x => f.bind fun y => StateT.map y (x PUnit.unit),
            seqLeft := fun {α β} x y => x.bind fun a => (y PUnit.unit).bind fun x => StateT.pure a,
            seqRight := fun {α β} x y => x.bind fun x => y PUnit.unit }.2
    [Debug.Meta.Tactic.cbv.reduce] ✅️ proj `Monad`.0:
          StateT.instMonad.1
        ==>
          { map := @StateT.map Official.ElimSt (Except CheckError) Except.instMonad,
              pure := @StateT.pure Official.ElimSt (Except CheckError) Except.instMonad,
              seq := fun {α β} f x => f.bind fun y => StateT.map y (x PUnit.unit),
              seqLeft := fun {α β} x y => x.bind fun a => (y PUnit.unit).bind fun x => StateT.pure a,
              seqRight := fun {α β} x y => x.bind fun x => y PUnit.unit,
              bind := @StateT.bind Official.ElimSt (Except CheckError) Except.instMonad }.1
    [Debug.Meta.Tactic.cbv.reduce] ✅️ proj `Monad`.0:
          { map := @StateT.map Official.ElimSt (Except CheckError) Except.instMonad,
              pure := @StateT.pure Official.ElimSt (Except CheckError) Except.instMonad,
              seq := fun {α β} f x => f.bind fun y => StateT.map y (x PUnit.unit),
              seqLeft := fun {α β} x y => x.bind fun a => (y PUnit.unit).bind fun x => StateT.pure a,
              seqRight := fun {α β} x y => x.bind fun x => y PUnit.unit,
              bind := @StateT.bind Official.ElimSt (Except CheckError) Except.instMonad }.1
        ==>
          { map := @StateT.map Official.ElimSt (Except CheckError) Except.instMonad,
            pure := @StateT.pure Official.ElimSt (Except CheckError) Except.instMonad,
            seq := fun {α β} f x => f.bind fun y => StateT.map y (x PUnit.unit),
            seqLeft := fun {α β} x y => x.bind fun a => (y PUnit.unit).bind fun x => StateT.pure a,
            seqRight := fun {α β} x y => x.bind fun x => y PUnit.unit }
  [Debug.Meta.Tactic.cbv.reduce] ✅️ proj `Applicative`.1:
        { map := @StateT.map Official.ElimSt (Except CheckError) Except.instMonad,
            pure := @StateT.pure Official.ElimSt (Except CheckError) Except.instMonad,
            seq := fun {α β} f x => f.bind fun y => StateT.map y (x PUnit.unit),
            seqLeft := fun {α β} x y => x.bind fun a => (y PUnit.unit).bind fun x => StateT.pure a,
            seqRight := fun {α β} x y => x.bind fun x => y PUnit.unit }.2
      ==>
        { pure := @StateT.pure Official.ElimSt (Except CheckError) Except.instMonad }
[Debug.Meta.Tactic.cbv.reduce] ✅️ proj `Pure`.0:
      { pure := @StateT.pure Official.ElimSt (Except CheckError) Except.instMonad }.1
    ==>
      @StateT.pure Official.ElimSt (Except CheckError) Except.instMonad
[Debug.Meta.Tactic.cbv.reduce] simplifyAppFn:
      StateT.instMonad.toPure.1 (Expr.fvar 0 (Expr.sort Level.zero.succ))
    ==>
      StateT.pure (Expr.fvar 0 (Expr.sort Level.zero.succ))
[Debug.Meta.Tactic.cbv.reduce] simplifyAppFn:
      StateT.instMonad.toBind.1 (StateT.pure (Expr.fvar 0 (Expr.sort Level.zero.succ))) fun __do_lift => do
        let __do_lift_1 ←
          Official.replaceAll
              {
                find? :=
                  {
                      consts :=
                        [ConstantInfo.indInfo
                            { name := Name.anonymous.str "List", levelParams := [Name.anonymous.str "u"],
                              type :=
                                (Expr.sort (Level.param (Name.anonymous.str "u")).succ).forallE
                                  (Expr.sort (Level.param (Name.anonymous.str "u")).succ)
                                  { pw := { repr := ConLeche.PropWhenRepr.never✝ } } }
                            { sortZ := { repr := ConLeche.PropWhenRepr.always✝ }, all := [Name.anonymous.str "List"],
                              nparams := 1, ctors := [Name.anonymous.str "List.nil", Name.anonymous.str "List.cons"] },
                          ConstantInfo.ctorInfo
                            { name := Name.anonymous.str "List.nil", levelParams := [Name.anonymous.str "u"],
                              type :=
                                (Expr.sort (Level.param (Name.anonymous.str "u")).succ).forallE
                                  ((Expr.const (Name.anonymous.str "List") [Level.param (Name.anonymous.str "u")]).app
                                    (Expr.bvar 0))
                                  { pw := { repr := ConLeche.PropWhenRepr.never✝ } } }
                            1 0,
                          ConstantInfo.ctorInfo
                            { name := Name.anonymous.str "List.cons", levelParams := [Name.anonymous.str "u"],
                              type :=
                                (Expr.sort (Level.param (Name.anonymous.str "u")).succ).forallE
                                  ((Expr.bvar 0).forallE
                                    (((Expr.const (Name.anonymous.str "List")
                                              [Level.param (Name.anonymous.str "u")]).app
                                          (Expr.bvar 1)).forallE
                                      ((Expr.const (Name.anonymous.str "List")
                                            [Level.param (Name.anonymous.str "u")]).app
                                        (Expr.bvar 2))
                                      { pw := { repr := ConLeche.PropWhenRepr.never✝ } })
                                    { pw := { repr := ConLeche.PropWhenRepr.never✝ } })
                                  { pw := { repr := ConLeche.PropWhenRepr.never✝ } } }
                            1 2,
                          ConstantInfo.indInfo
                            { name := Name.anonymous.str "Tree2", levelParams := [],
                              type :=
                                (Expr.sort Level.zero.succ).forallE (Expr.sort Level.zero.succ)
                                  { pw := { repr := ConLeche.PropWhenRepr.never✝ } } }
                            { sortZ := { repr := ConLeche.PropWhenRepr.always✝ }, all := [Name.anonymous.str "Tree2"],
                              nparams := 1,
                              ctors := [Name.anonymous.str "Tree2.leaf", Name.anonymous.str "Tree2.node"] }] }.find?,
                ctorsOf := fun n => if (n == Ln) = true then listCs else [], lvls := [],
                ps := [Expr.fvar 0 (Expr.sort Level.zero.succ)],
                auxName := fun i => if (i == 1) = true then rn else cn }
              ((Expr.const (Name.anonymous.str "Tree2") []).app (Expr.fvar 0 (Expr.sort Level.zero.succ)))
        pure (__do_lift.forallE __do_lift_1 { pw := { repr := ConLeche.PropWhenRepr.never✝ } })
    ==>
      (StateT.pure (Expr.fvar 0 (Expr.sort Level.zero.succ))).bind fun __do_lift => do
        let __do_lift_1 ←
          Official.replaceAll
              {
                find? :=
                  {
                      consts :=
                        [ConstantInfo.indInfo
                            { name := Name.anonymous.str "List", levelParams := [Name.anonymous.str "u"],
                              type :=
                                (Expr.sort (Level.param (Name.anonymous.str "u")).succ).forallE
                                  (Expr.sort (Level.param (Name.anonymous.str "u")).succ)
                                  { pw := { repr := ConLeche.PropWhenRepr.never✝ } } }
                            { sortZ := { repr := ConLeche.PropWhenRepr.always✝ }, all := [Name.anonymous.str "List"],
                              nparams := 1, ctors := [Name.anonymous.str "List.nil", Name.anonymous.str "List.cons"] },
                          ConstantInfo.ctorInfo
                            { name := Name.anonymous.str "List.nil", levelParams := [Name.anonymous.str "u"],
                              type :=
                                (Expr.sort (Level.param (Name.anonymous.str "u")).succ).forallE
                                  ((Expr.const (Name.anonymous.str "List") [Level.param (Name.anonymous.str "u")]).app
                                    (Expr.bvar 0))
                                  { pw := { repr := ConLeche.PropWhenRepr.never✝ } } }
                            1 0,
                          ConstantInfo.ctorInfo
                            { name := Name.anonymous.str "List.cons", levelParams := [Name.anonymous.str "u"],
                              type :=
                                (Expr.sort (Level.param (Name.anonymous.str "u")).succ).forallE
                                  ((Expr.bvar 0).forallE
                                    (((Expr.const (Name.anonymous.str "List")
                                              [Level.param (Name.anonymous.str "u")]).app
                                          (Expr.bvar 1)).forallE
                                      ((Expr.const (Name.anonymous.str "List")
                                            [Level.param (Name.anonymous.str "u")]).app
                                        (Expr.bvar 2))
                                      { pw := { repr := ConLeche.PropWhenRepr.never✝ } })
                                    { pw := { repr := ConLeche.PropWhenRepr.never✝ } })
                                  { pw := { repr := ConLeche.PropWhenRepr.never✝ } } }
                            1 2,
                          ConstantInfo.indInfo
                            { name := Name.anonymous.str "Tree2", levelParams := [],
                              type :=
                                (Expr.sort Level.zero.succ).forallE (Expr.sort Level.zero.succ)
                                  { pw := { repr := ConLeche.PropWhenRepr.never✝ } } }
                            { sortZ := { repr := ConLeche.PropWhenRepr.always✝ }, all := [Name.anonymous.str "Tree2"],
                              nparams := 1,
                              ctors := [Name.anonymous.str "Tree2.leaf", Name.anonymous.str "Tree2.node"] }] }.find?,
                ctorsOf := fun n => if (n == Ln) = true then listCs else [], lvls := [],
                ps := [Expr.fvar 0 (Expr.sort Level.zero.succ)],
                auxName := fun i => if (i == 1) = true then rn else cn }
              ((Expr.const (Name.anonymous.str "Tree2") []).app (Expr.fvar 0 (Expr.sort Level.zero.succ)))
        pure (__do_lift.forallE __do_lift_1 { pw := { repr := ConLeche.PropWhenRepr.never✝ } })
[Debug.Meta.Tactic.cbv.reduce] simplifyAppFn:
      StateT.instMonad.toBind.1
        ((StateT.pure (Expr.fvar 0 (Expr.sort Level.zero.succ))).bind fun __do_lift => do
          let __do_lift_1 ←
            Official.replaceAll
                {
                  find? :=
                    {
                        consts :=
                          [ConstantInfo.indInfo
                              { name := Name.anonymous.str "List", levelParams := [Name.anonymous.str "u"],
                                type :=
                                  (Expr.sort (Level.param (Name.anonymous.str "u")).succ).forallE
                                    (Expr.sort (Level.param (Name.anonymous.str "u")).succ)
                                    { pw := { repr := ConLeche.PropWhenRepr.never✝ } } }
                              { sortZ := { repr := ConLeche.PropWhenRepr.always✝ }, all := [Name.anonymous.str "List"],
                                nparams := 1,
                                ctors := [Name.anonymous.str "List.nil", Name.anonymous.str "List.cons"] },
                            ConstantInfo.ctorInfo
                              { name := Name.anonymous.str "List.nil", levelParams := [Name.anonymous.str "u"],
                                type :=
                                  (Expr.sort (Level.param (Name.anonymous.str "u")).succ).forallE
                                    ((Expr.const (Name.anonymous.str "List") [Level.param (Name.anonymous.str "u")]).app
                                      (Expr.bvar 0))
                                    { pw := { repr := ConLeche.PropWhenRepr.never✝ } } }
                              1 0,
                            ConstantInfo.ctorInfo
                              { name := Name.anonymous.str "List.cons", levelParams := [Name.anonymous.str "u"],
                                type :=
                                  (Expr.sort (Level.param (Name.anonymous.str "u")).succ).forallE
                                    ((Expr.bvar 0).forallE
                                      (((Expr.const (Name.anonymous.str "List")
                                                [Level.param (Name.anonymous.str "u")]).app
                                            (Expr.bvar 1)).forallE
                                        ((Expr.const (Name.anonymous.str "List")
                                              [Level.param (Name.anonymous.str "u")]).app
                                          (Expr.bvar 2))
                                        { pw := { repr := ConLeche.PropWhenRepr.never✝ } })
                                      { pw := { repr := ConLeche.PropWhenRepr.never✝ } })
                                    { pw := { repr := ConLeche.PropWhenRepr.never✝ } } }
                              1 2,
                            ConstantInfo.indInfo
                              { name := Name.anonymous.str "Tree2", levelParams := [],
                                type :=
                                  (Expr.sort Level.zero.succ).forallE (Expr.sort Level.zero.succ)
                                    { pw := { repr := ConLeche.PropWhenRepr.never✝ } } }
                              { sortZ := { repr := ConLeche.PropWhenRepr.always✝ }, all := [Name.anonymous.str "Tree2"],
                                nparams := 1,
                                ctors := [Name.anonymous.str "Tree2.leaf", Name.anonymous.str "Tree2.node"] }] }.find?,
                  ctorsOf := fun n => if (n == Ln) = true then listCs else [], lvls := [],
                  ps := [Expr.fvar 0 (Expr.sort Level.zero.succ)],
                  auxName := fun i => if (i == 1) = true then rn else cn }
                ((Expr.const (Name.anonymous.str "Tree2") []).app (Expr.fvar 0 (Expr.sort Level.zero.succ)))
          pure (__do_lift.forallE __do_lift_1 { pw := { repr := ConLeche.PropWhenRepr.never✝ } }))
        fun __do_lift =>
        List.mapM.loop
          (Official.replaceAll
            {
              find? :=
                {
                    consts :=
                      [ConstantInfo.indInfo
                          { name := Name.anonymous.str "List", levelParams := [Name.anonymous.str "u"],
                            type :=
                              (Expr.sort (Level.param (Name.anonymous.str "u")).succ).forallE
                                (Expr.sort (Level.param (Name.anonymous.str "u")).succ)
                                { pw := { repr := ConLeche.PropWhenRepr.never✝ } } }
                          { sortZ := { repr := ConLeche.PropWhenRepr.always✝ }, all := [Name.anonymous.str "List"],
                            nparams := 1, ctors := [Name.anonymous.str "List.nil", Name.anonymous.str "List.cons"] },
                        ConstantInfo.ctorInfo
                          { name := Name.anonymous.str "List.nil", levelParams := [Name.anonymous.str "u"],
                            type :=
                              (Expr.sort (Level.param (Name.anonymous.str "u")).succ).forallE
                                ((Expr.const (Name.anonymous.str "List") [Level.param (Name.anonymous.str "u")]).app
                                  (Expr.bvar 0))
                                { pw := { repr := ConLeche.PropWhenRepr.never✝ } } }
                          1 0,
                        ConstantInfo.ctorInfo
                          { name := Name.anonymous.str "List.cons", levelParams := [Name.anonymous.str "u"],
                            type :=
                              (Expr.sort (Level.param (Name.anonymous.str "u")).succ).forallE
                                ((Expr.bvar 0).forallE
                                  (((Expr.const (Name.anonymous.str "List") [Level.param (Name.anonymous.str "u")]).app
                                        (Expr.bvar 1)).forallE
                                    ((Expr.const (Name.anonymous.str "List") [Level.param (Name.anonymous.str "u")]).app
                                      (Expr.bvar 2))
                                    { pw := { repr := ConLeche.PropWhenRepr.never✝ } })
                                  { pw := { repr := ConLeche.PropWhenRepr.never✝ } })
                                { pw := { repr := ConLeche.PropWhenRepr.never✝ } } }
                          1 2,
                        ConstantInfo.indInfo
                          { name := Name.anonymous.str "Tree2", levelParams := [],
                            type :=
                              (Expr.sort Level.zero.succ).forallE (Expr.sort Level.zero.succ)
                                { pw := { repr := ConLeche.PropWhenRepr.never✝ } } }
                          { sortZ := { repr := ConLeche.PropWhenRepr.always✝ }, all := [Name.anonymous.str "Tree2"],
                            nparams := 1,
                            ctors := [Name.anonymous.str "Tree2.leaf", Name.anonymous.str "Tree2.node"] }] }.find?,
              ctorsOf := fun n => if (n == Ln) = true then listCs else [], lvls := [],
              ps := [Expr.fvar 0 (Expr.sort Level.zero.succ)], auxName := fun i => if (i == 1) = true then rn else cn })
          [((Expr.const (Name.anonymous.str "List") [Level.zero]).app
                  ((Expr.const (Name.anonymous.str "List") [Level.zero]).app
                    ((Expr.const (Name.anonymous.str "Tree2") []).app
                      (Expr.fvar 0 (Expr.sort Level.zero.succ))))).forallE
              ((Expr.const (Name.anonymous.str "Tree2") []).app (Expr.fvar 0 (Expr.sort Level.zero.succ)))
              { pw := { repr := ConLeche.PropWhenRepr.never✝ } }]
          [__do_lift]
    ==>
      ((StateT.pure (Expr.fvar 0 (Expr.sort Level.zero.succ))).bind fun __do_lift => do
            let __do_lift_1 ←
              Official.replaceAll
                  {
                    find? :=
                      {
                          consts :=
                            [ConstantInfo.indInfo
                                { name := Name.anonymous.str "List", levelParams := [Name.anonymous.str "u"],
                                  type :=
                                    (Expr.sort (Level.param (Name.anonymous.str "u")).succ).forallE
                                      (Expr.sort (Level.param (Name.anonymous.str "u")).succ)
                                      { pw := { repr := ConLeche.PropWhenRepr.never✝ } } }
                                { sortZ := { repr := ConLeche.PropWhenRepr.always✝ },
                                  all := [Name.anonymous.str "List"], nparams := 1,
                                  ctors := [Name.anonymous.str "List.nil", Name.anonymous.str "List.cons"] },
                              ConstantInfo.ctorInfo
                                { name := Name.anonymous.str "List.nil", levelParams := [Name.anonymous.str "u"],
                                  type :=
                                    (Expr.sort (Level.param (Name.anonymous.str "u")).succ).forallE
                                      ((Expr.const (Name.anonymous.str "List")
                                            [Level.param (Name.anonymous.str "u")]).app
                                        (Expr.bvar 0))
                                      { pw := { repr := ConLeche.PropWhenRepr.never✝ } } }
                                1 0,
                              ConstantInfo.ctorInfo
                                { name := Name.anonymous.str "List.cons", levelParams := [Name.anonymous.str "u"],
                                  type :=
                                    (Expr.sort (Level.param (Name.anonymous.str "u")).succ).forallE
                                      ((Expr.bvar 0).forallE
                                        (((Expr.const (Name.anonymous.str "List")
                                                  [Level.param (Name.anonymous.str "u")]).app
                                              (Expr.bvar 1)).forallE
                                          ((Expr.const (Name.anonymous.str "List")
                                                [Level.param (Name.anonymous.str "u")]).app
                                            (Expr.bvar 2))
                                          { pw := { repr := ConLeche.PropWhenRepr.never✝ } })
                                        { pw := { repr := ConLeche.PropWhenRepr.never✝ } })
                                      { pw := { repr := ConLeche.PropWhenRepr.never✝ } } }
                                1 2,
                              ConstantInfo.indInfo
                                { name := Name.anonymous.str "Tree2", levelParams := [],
                                  type :=
                                    (Expr.sort Level.zero.succ).forallE (Expr.sort Level.zero.succ)
                                      { pw := { repr := ConLeche.PropWhenRepr.never✝ } } }
                                { sortZ := { repr := ConLeche.PropWhenRepr.always✝ },
                                  all := [Name.anonymous.str "Tree2"], nparams := 1,
                                  ctors :=
                                    [Name.anonymous.str "Tree2.leaf", Name.anonymous.str "Tree2.node"] }] }.find?,
                    ctorsOf := fun n => if (n == Ln) = true then listCs else [], lvls := [],
                    ps := [Expr.fvar 0 (Expr.sort Level.zero.succ)],
                    auxName := fun i => if (i == 1) = true then rn else cn }
                  ((Expr.const (Name.anonymous.str "Tree2") []).app (Expr.fvar 0 (Expr.sort Level.zero.succ)))
            pure (__do_lift.forallE __do_lift_1 { pw := { repr := ConLeche.PropWhenRepr.never✝ } })).bind
        fun __do_lift =>
        List.mapM.loop
          (Official.replaceAll
            {
              find? :=
                {
                    consts :=
                      [ConstantInfo.indInfo
                          { name := Name.anonymous.str "List", levelParams := [Name.anonymous.str "u"],
                            type :=
                              (Expr.sort (Level.param (Name.anonymous.str "u")).succ).forallE
                                (Expr.sort (Level.param (Name.anonymous.str "u")).succ)
                                { pw := { repr := ConLeche.PropWhenRepr.never✝ } } }
                          { sortZ := { repr := ConLeche.PropWhenRepr.always✝ }, all := [Name.anonymous.str "List"],
                            nparams := 1, ctors := [Name.anonymous.str "List.nil", Name.anonymous.str "List.cons"] },
                        ConstantInfo.ctorInfo
                          { name := Name.anonymous.str "List.nil", levelParams := [Name.anonymous.str "u"],
                            type :=
                              (Expr.sort (Level.param (Name.anonymous.str "u")).succ).forallE
                                ((Expr.const (Name.anonymous.str "List") [Level.param (Name.anonymous.str "u")]).app
                                  (Expr.bvar 0))
                                { pw := { repr := ConLeche.PropWhenRepr.never✝ } } }
                          1 0,
                        ConstantInfo.ctorInfo
                          { name := Name.anonymous.str "List.cons", levelParams := [Name.anonymous.str "u"],
                            type :=
                              (Expr.sort (Level.param (Name.anonymous.str "u")).succ).forallE
                                ((Expr.bvar 0).forallE
                                  (((Expr.const (Name.anonymous.str "List") [Level.param (Name.anonymous.str "u")]).app
                                        (Expr.bvar 1)).forallE
                                    ((Expr.const (Name.anonymous.str "List") [Level.param (Name.anonymous.str "u")]).app
                                      (Expr.bvar 2))
                                    { pw := { repr := ConLeche.PropWhenRepr.never✝ } })
                                  { pw := { repr := ConLeche.PropWhenRepr.never✝ } })
                                { pw := { repr := ConLeche.PropWhenRepr.never✝ } } }
                          1 2,
                        ConstantInfo.indInfo
                          { name := Name.anonymous.str "Tree2", levelParams := [],
                            type :=
                              (Expr.sort Level.zero.succ).forallE (Expr.sort Level.zero.succ)
                                { pw := { repr := ConLeche.PropWhenRepr.never✝ } } }
                          { sortZ := { repr := ConLeche.PropWhenRepr.always✝ }, all := [Name.anonymous.str "Tree2"],
                            nparams := 1,
                            ctors := [Name.anonymous.str "Tree2.leaf", Name.anonymous.str "Tree2.node"] }] }.find?,
              ctorsOf := fun n => if (n == Ln) = true then listCs else [], lvls := [],
              ps := [Expr.fvar 0 (Expr.sort Level.zero.succ)], auxName := fun i => if (i == 1) = true then rn else cn })
          [((Expr.const (Name.anonymous.str "List") [Level.zero]).app
                  ((Expr.const (Name.anonymous.str "List") [Level.zero]).app
                    ((Expr.const (Name.anonymous.str "Tree2") []).app
                      (Expr.fvar 0 (Expr.sort Level.zero.succ))))).forallE
              ((Expr.const (Name.anonymous.str "Tree2") []).app (Expr.fvar 0 (Expr.sort Level.zero.succ)))
              { pw := { repr := ConLeche.PropWhenRepr.never✝ } }]
          [__do_lift]
[Debug.Meta.Tactic.cbv.reduce] simplifyAppFn:
      StateT.instMonad.toBind.1
        (((StateT.pure (Expr.fvar 0 (Expr.sort Level.zero.succ))).bind fun __do_lift => do
              let __do_lift_1 ←
                Official.replaceAll
                    {
                      find? :=
                        {
                            consts :=
                              [ConstantInfo.indInfo
                                  { name := Name.anonymous.str "List", levelParams := [Name.anonymous.str "u"],
                                    type :=
                                      (Expr.sort (Level.param (Name.anonymous.str "u")).succ).forallE
                                        (Expr.sort (Level.param (Name.anonymous.str "u")).succ)
                                        { pw := { repr := ConLeche.PropWhenRepr.never✝ } } }
                                  { sortZ := { repr := ConLeche.PropWhenRepr.always✝ },
                                    all := [Name.anonymous.str "List"], nparams := 1,
                                    ctors := [Name.anonymous.str "List.nil", Name.anonymous.str "List.cons"] },
                                ConstantInfo.ctorInfo
                                  { name := Name.anonymous.str "List.nil", levelParams := [Name.anonymous.str "u"],
                                    type :=
                                      (Expr.sort (Level.param (Name.anonymous.str "u")).succ).forallE
                                        ((Expr.const (Name.anonymous.str "List")
                                              [Level.param (Name.anonymous.str "u")]).app
                                          (Expr.bvar 0))
                                        { pw := { repr := ConLeche.PropWhenRepr.never✝ } } }
                                  1 0,
                                ConstantInfo.ctorInfo
                                  { name := Name.anonymous.str "List.cons", levelParams := [Name.anonymous.str "u"],
                                    type :=
                                      (Expr.sort (Level.param (Name.anonymous.str "u")).succ).forallE
                                        ((Expr.bvar 0).forallE
                                          (((Expr.const (Name.anonymous.str "List")
                                                    [Level.param (Name.anonymous.str "u")]).app
                                                (Expr.bvar 1)).forallE
                                            ((Expr.const (Name.anonymous.str "List")
                                                  [Level.param (Name.anonymous.str "u")]).app
                                              (Expr.bvar 2))
                                            { pw := { repr := ConLeche.PropWhenRepr.never✝ } })
                                          { pw := { repr := ConLeche.PropWhenRepr.never✝ } })
                                        { pw := { repr := ConLeche.PropWhenRepr.never✝ } } }
                                  1 2,
                                ConstantInfo.indInfo
                                  { name := Name.anonymous.str "Tree2", levelParams := [],
                                    type :=
                                      (Expr.sort Level.zero.succ).forallE (Expr.sort Level.zero.succ)
                                        { pw := { repr := ConLeche.PropWhenRepr.never✝ } } }
                                  { sortZ := { repr := ConLeche.PropWhenRepr.always✝ },
                                    all := [Name.anonymous.str "Tree2"], nparams := 1,
                                    ctors :=
                                      [Name.anonymous.str "Tree2.leaf", Name.anonymous.str "Tree2.node"] }] }.find?,
                      ctorsOf := fun n => if (n == Ln) = true then listCs else [], lvls := [],
                      ps := [Expr.fvar 0 (Expr.sort Level.zero.succ)],
                      auxName := fun i => if (i == 1) = true then rn else cn }
                    ((Expr.const (Name.anonymous.str "Tree2") []).app (Expr.fvar 0 (Expr.sort Level.zero.succ)))
              pure (__do_lift.forallE __do_lift_1 { pw := { repr := ConLeche.PropWhenRepr.never✝ } })).bind
          fun __do_lift =>
          List.mapM.loop
            (Official.replaceAll
              {
                find? :=
                  {
                      consts :=
                        [ConstantInfo.indInfo
                            { name := Name.anonymous.str "List", levelParams := [Name.anonymous.str "u"],
                              type :=
                                (Expr.sort (Level.param (Name.anonymous.str "u")).succ).forallE
                                  (Expr.sort (Level.param (Name.anonymous.str "u")).succ)
                                  { pw := { repr := ConLeche.PropWhenRepr.never✝ } } }
                            { sortZ := { repr := ConLeche.PropWhenRepr.always✝ }, all := [Name.anonymous.str "List"],
                              nparams := 1, ctors := [Name.anonymous.str "List.nil", Name.anonymous.str "List.cons"] },
                          ConstantInfo.ctorInfo
                            { name := Name.anonymous.str "List.nil", levelParams := [Name.anonymous.str "u"],
                              type :=
                                (Expr.sort (Level.param (Name.anonymous.str "u")).succ).forallE
                                  ((Expr.const (Name.anonymous.str "List") [Level.param (Name.anonymous.str "u")]).app
                                    (Expr.bvar 0))
                                  { pw := { repr := ConLeche.PropWhenRepr.never✝ } } }
                            1 0,
                          ConstantInfo.ctorInfo
                            { name := Name.anonymous.str "List.cons", levelParams := [Name.anonymous.str "u"],
                              type :=
                                (Expr.sort (Level.param (Name.anonymous.str "u")).succ).forallE
                                  ((Expr.bvar 0).forallE
                                    (((Expr.const (Name.anonymous.str "List")
                                              [Level.param (Name.anonymous.str "u")]).app
                                          (Expr.bvar 1)).forallE
                                      ((Expr.const (Name.anonymous.str "List")
                                            [Level.param (Name.anonymous.str "u")]).app
                                        (Expr.bvar 2))
                                      { pw := { repr := ConLeche.PropWhenRepr.never✝ } })
                                    { pw := { repr := ConLeche.PropWhenRepr.never✝ } })
                                  { pw := { repr := ConLeche.PropWhenRepr.never✝ } } }
                            1 2,
                          ConstantInfo.indInfo
                            { name := Name.anonymous.str "Tree2", levelParams := [],
                              type :=
                                (Expr.sort Level.zero.succ).forallE (Expr.sort Level.zero.succ)
                                  { pw := { repr := ConLeche.PropWhenRepr.never✝ } } }
                            { sortZ := { repr := ConLeche.PropWhenRepr.always✝ }, all := [Name.anonymous.str "Tree2"],
                              nparams := 1,
                              ctors := [Name.anonymous.str "Tree2.leaf", Name.anonymous.str "Tree2.node"] }] }.find?,
                ctorsOf := fun n => if (n == Ln) = true then listCs else [], lvls := [],
                ps := [Expr.fvar 0 (Expr.sort Level.zero.succ)],
                auxName := fun i => if (i == 1) = true then rn else cn })
            [((Expr.const (Name.anonymous.str "List") [Level.zero]).app
                    ((Expr.const (Name.anonymous.str "List") [Level.zero]).app
                      ((Expr.const (Name.anonymous.str "Tree2") []).app
                        (Expr.fvar 0 (Expr.sort Level.zero.succ))))).forallE
                ((Expr.const (Name.anonymous.str "Tree2") []).app (Expr.fvar 0 (Expr.sort Level.zero.succ)))
                { pw := { repr := ConLeche.PropWhenRepr.never✝ } }]
            [__do_lift])
        (fun cs => do
          modify fun st =>
              { aux := st.aux,
                types :=
                  st.types.set! 0
                    {
                      name :=
                        { name := Name.anonymous.str "Tree2", type := Expr.sort Level.zero.succ,
                            ctors :=
                              [(Expr.fvar 0 (Expr.sort Level.zero.succ)).forallE
                                  ((Expr.const (Name.anonymous.str "Tree2") []).app
                                    (Expr.fvar 0 (Expr.sort Level.zero.succ)))
                                  { pw := { repr := ConLeche.PropWhenRepr.never✝ } },
                                ((Expr.const (Name.anonymous.str "List") [Level.zero]).app
                                      ((Expr.const (Name.anonymous.str "List") [Level.zero]).app
                                        ((Expr.const (Name.anonymous.str "Tree2") []).app
                                          (Expr.fvar 0 (Expr.sort Level.zero.succ))))).forallE
                                  ((Expr.const (Name.anonymous.str "Tree2") []).app
                                    (Expr.fvar 0 (Expr.sort Level.zero.succ)))
                                  { pw := { repr := ConLeche.PropWhenRepr.never✝ } }] }.name,
                      type :=
                        { name := Name.anonymous.str "Tree2", type := Expr.sort Level.zero.succ,
                            ctors :=
                              [(Expr.fvar 0 (Expr.sort Level.zero.succ)).forallE
                                  ((Expr.const (Name.anonymous.str "Tree2") []).app
                                    (Expr.fvar 0 (Expr.sort Level.zero.succ)))
                                  { pw := { repr := ConLeche.PropWhenRepr.never✝ } },
                                ((Expr.const (Name.anonymous.str "List") [Level.zero]).app
                                      ((Expr.const (Name.anonymous.str "List") [Level.zero]).app
                                        ((Expr.const (Name.anonymous.str "Tree2") []).app
                                          (Expr.fvar 0 (Expr.sort Level.zero.succ))))).forallE
                                  ((Expr.const (Name.anonymous.str "Tree2") []).app
                                    (Expr.fvar 0 (Expr.sort Level.zero.succ)))
                                  { pw := { repr := ConLeche.PropWhenRepr.never✝ } }] }.type,
                      ctors := cs },
                next := st.next }
          Official.elimLoop
              {
                find? :=
                  {
                      consts :=
                        [ConstantInfo.indInfo
                            { name := Name.anonymous.str "List", levelParams := [Name.anonymous.str "u"],
                              type :=
                                (Expr.sort (Level.param (Name.anonymous.str "u")).succ).forallE
                                  (Expr.sort (Level.param (Name.anonymous.str "u")).succ)
                                  { pw := { repr := ConLeche.PropWhenRepr.never✝ } } }
                            { sortZ := { repr := ConLeche.PropWhenRepr.always✝ }, all := [Name.anonymous.str "List"],
                              nparams := 1, ctors := [Name.anonymous.str "List.nil", Name.anonymous.str "List.cons"] },
                          ConstantInfo.ctorInfo
                            { name := Name.anonymous.str "List.nil", levelParams := [Name.anonymous.str "u"],
                              type :=
                                (Expr.sort (Level.param (Name.anonymous.str "u")).succ).forallE
                                  ((Expr.const (Name.anonymous.str "List") [Level.param (Name.anonymous.str "u")]).app
                                    (Expr.bvar 0))
                                  { pw := { repr := ConLeche.PropWhenRepr.never✝ } } }
                            1 0,
                          ConstantInfo.ctorInfo
                            { name := Name.anonymous.str "List.cons", levelParams := [Name.anonymous.str "u"],
                              type :=
                                (Expr.sort (Level.param (Name.anonymous.str "u")).succ).forallE
                                  ((Expr.bvar 0).forallE
                                    (((Expr.const (Name.anonymous.str "List")
                                              [Level.param (Name.anonymous.str "u")]).app
                                          (Expr.bvar 1)).forallE
                                      ((Expr.const (Name.anonymous.str "List")
                                            [Level.param (Name.anonymous.str "u")]).app
                                        (Expr.bvar 2))
                                      { pw := { repr := ConLeche.PropWhenRepr.never✝ } })
                                    { pw := { repr := ConLeche.PropWhenRepr.never✝ } })
                                  { pw := { repr := ConLeche.PropWhenRepr.never✝ } } }
                            1 2,
                          ConstantInfo.indInfo
                            { name := Name.anonymous.str "Tree2", levelParams := [],
                              type :=
                                (Expr.sort Level.zero.succ).forallE (Expr.sort Level.zero.succ)
                                  { pw := { repr := ConLeche.PropWhenRepr.never✝ } } }
                            { sortZ := { repr := ConLeche.PropWhenRepr.always✝ }, all := [Name.anonymous.str "Tree2"],
                              nparams := 1,
                              ctors := [Name.anonymous.str "Tree2.leaf", Name.anonymous.str "Tree2.node"] }] }.find?,
                ctorsOf := fun n => if (n == Ln) = true then listCs else [], lvls := [],
                ps := [Expr.fvar 0 (Expr.sort Level.zero.succ)],
                auxName := fun i => if (i == 1) = true then rn else cn }
              3 (0 + 1))
        {
          types :=
            {
              toList :=
                [{ name := Name.anonymous.str "Tree2", type := Expr.sort Level.zero.succ,
                    ctors :=
                      [(Expr.fvar 0 (Expr.sort Level.zero.succ)).forallE
                          ((Expr.const (Name.anonymous.str "Tree2") []).app (Expr.fvar 0 (Expr.sort Level.zero.succ)))
                          { pw := { repr := ConLeche.PropWhenRepr.never✝ } },
                        ((Expr.const (Name.anonymous.str "List") [Level.zero]).app
                              ((Expr.const (Name.anonymous.str "List") [Level.zero]).app
                                ((Expr.const (Name.anonymous.str "Tree2") []).app
                                  (Expr.fvar 0 (Expr.sort Level.zero.succ))))).forallE
                          ((Expr.const (Name.anonymous.str "Tree2") []).app (Expr.fvar 0 (Expr.sort Level.zero.succ)))
                          { pw := { repr := ConLeche.PropWhenRepr.never✝ } }] }] } }
    ==>
      (((StateT.pure (Expr.fvar 0 (Expr.sort Level.zero.succ))).bind fun __do_lift => do
                let __do_lift_1 ←
                  Official.replaceAll
                      {
                        find? :=
                          {
                              consts :=
                                [ConstantInfo.indInfo
                                    { name := Name.anonymous.str "List", levelParams := [Name.anonymous.str "u"],
                                      type :=
                                        (Expr.sort (Level.param (Name.anonymous.str "u")).succ).forallE
                                          (Expr.sort (Level.param (Name.anonymous.str "u")).succ)
                                          { pw := { repr := ConLeche.PropWhenRepr.never✝ } } }
                                    { sortZ := { repr := ConLeche.PropWhenRepr.always✝ },
                                      all := [Name.anonymous.str "List"], nparams := 1,
                                      ctors := [Name.anonymous.str "List.nil", Name.anonymous.str "List.cons"] },
                                  ConstantInfo.ctorInfo
                                    { name := Name.anonymous.str "List.nil", levelParams := [Name.anonymous.str "u"],
                                      type :=
                                        (Expr.sort (Level.param (Name.anonymous.str "u")).succ).forallE
                                          ((Expr.const (Name.anonymous.str "List")
                                                [Level.param (Name.anonymous.str "u")]).app
                                            (Expr.bvar 0))
                                          { pw := { repr := ConLeche.PropWhenRepr.never✝ } } }
                                    1 0,
                                  ConstantInfo.ctorInfo
                                    { name := Name.anonymous.str "List.cons", levelParams := [Name.anonymous.str "u"],
                                      type :=
                                        (Expr.sort (Level.param (Name.anonymous.str "u")).succ).forallE
                                          ((Expr.bvar 0).forallE
                                            (((Expr.const (Name.anonymous.str "List")
                                                      [Level.param (Name.anonymous.str "u")]).app
                                                  (Expr.bvar 1)).forallE
                                              ((Expr.const (Name.anonymous.str "List")
                                                    [Level.param (Name.anonymous.str "u")]).app
                                                (Expr.bvar 2))
                                              { pw := { repr := ConLeche.PropWhenRepr.never✝ } })
                                            { pw := { repr := ConLeche.PropWhenRepr.never✝ } })
                                          { pw := { repr := ConLeche.PropWhenRepr.never✝ } } }
                                    1 2,
                                  ConstantInfo.indInfo
                                    { name := Name.anonymous.str "Tree2", levelParams := [],
                                      type :=
                                        (Expr.sort Level.zero.succ).forallE (Expr.sort Level.zero.succ)
                                          { pw := { repr := ConLeche.PropWhenRepr.never✝ } } }
                                    { sortZ := { repr := ConLeche.PropWhenRepr.always✝ },
                                      all := [Name.anonymous.str "Tree2"], nparams := 1,
                                      ctors :=
                                        [Name.anonymous.str "Tree2.leaf", Name.anonymous.str "Tree2.node"] }] }.find?,
                        ctorsOf := fun n => if (n == Ln) = true then listCs else [], lvls := [],
                        ps := [Expr.fvar 0 (Expr.sort Level.zero.succ)],
                        auxName := fun i => if (i == 1) = true then rn else cn }
                      ((Expr.const (Name.anonymous.str "Tree2") []).app (Expr.fvar 0 (Expr.sort Level.zero.succ)))
                pure (__do_lift.forallE __do_lift_1 { pw := { repr := ConLeche.PropWhenRepr.never✝ } })).bind
            fun __do_lift =>
            List.mapM.loop
              (Official.replaceAll
                {
                  find? :=
                    {
                        consts :=
                          [ConstantInfo.indInfo
                              { name := Name.anonymous.str "List", levelParams := [Name.anonymous.str "u"],
                                type :=
                                  (Expr.sort (Level.param (Name.anonymous.str "u")).succ).forallE
                                    (Expr.sort (Level.param (Name.anonymous.str "u")).succ)
                                    { pw := { repr := ConLeche.PropWhenRepr.never✝ } } }
                              { sortZ := { repr := ConLeche.PropWhenRepr.always✝ }, all := [Name.anonymous.str "List"],
                                nparams := 1,
                                ctors := [Name.anonymous.str "List.nil", Name.anonymous.str "List.cons"] },
                            ConstantInfo.ctorInfo
                              { name := Name.anonymous.str "List.nil", levelParams := [Name.anonymous.str "u"],
                                type :=
                                  (Expr.sort (Level.param (Name.anonymous.str "u")).succ).forallE
                                    ((Expr.const (Name.anonymous.str "List") [Level.param (Name.anonymous.str "u")]).app
                                      (Expr.bvar 0))
                                    { pw := { repr := ConLeche.PropWhenRepr.never✝ } } }
                              1 0,
                            ConstantInfo.ctorInfo
                              { name := Name.anonymous.str "List.cons", levelParams := [Name.anonymous.str "u"],
                                type :=
                                  (Expr.sort (Level.param (Name.anonymous.str "u")).succ).forallE
                                    ((Expr.bvar 0).forallE
                                      (((Expr.const (Name.anonymous.str "List")
                                                [Level.param (Name.anonymous.str "u")]).app
                                            (Expr.bvar 1)).forallE
                                        ((Expr.const (Name.anonymous.str "List")
                                              [Level.param (Name.anonymous.str "u")]).app
                                          (Expr.bvar 2))
                                        { pw := { repr := ConLeche.PropWhenRepr.never✝ } })
                                      { pw := { repr := ConLeche.PropWhenRepr.never✝ } })
                                    { pw := { repr := ConLeche.PropWhenRepr.never✝ } } }
                              1 2,
                            ConstantInfo.indInfo
                              { name := Name.anonymous.str "Tree2", levelParams := [],
                                type :=
                                  (Expr.sort Level.zero.succ).forallE (Expr.sort Level.zero.succ)
                                    { pw := { repr := ConLeche.PropWhenRepr.never✝ } } }
                              { sortZ := { repr := ConLeche.PropWhenRepr.always✝ }, all := [Name.anonymous.str "Tree2"],
                                nparams := 1,
                                ctors := [Name.anonymous.str "Tree2.leaf", Name.anonymous.str "Tree2.node"] }] }.find?,
                  ctorsOf := fun n => if (n == Ln) = true then listCs else [], lvls := [],
                  ps := [Expr.fvar 0 (Expr.sort Level.zero.succ)],
                  auxName := fun i => if (i == 1) = true then rn else cn })
              [((Expr.const (Name.anonymous.str "List") [Level.zero]).app
                      ((Expr.const (Name.anonymous.str "List") [Level.zero]).app
                        ((Expr.const (Name.anonymous.str "Tree2") []).app
                          (Expr.fvar 0 (Expr.sort Level.zero.succ))))).forallE
                  ((Expr.const (Name.anonymous.str "Tree2") []).app (Expr.fvar 0 (Expr.sort Level.zero.succ)))
                  { pw := { repr := ConLeche.PropWhenRepr.never✝ } }]
              [__do_lift]).bind
        (fun cs => do
          modify fun st =>
              { aux := st.aux,
                types :=
                  st.types.set! 0
                    {
                      name :=
                        { name := Name.anonymous.str "Tree2", type := Expr.sort Level.zero.succ,
                            ctors :=
                              [(Expr.fvar 0 (Expr.sort Level.zero.succ)).forallE
                                  ((Expr.const (Name.anonymous.str "Tree2") []).app
                                    (Expr.fvar 0 (Expr.sort Level.zero.succ)))
                                  { pw := { repr := ConLeche.PropWhenRepr.never✝ } },
                                ((Expr.const (Name.anonymous.str "List") [Level.zero]).app
                                      ((Expr.const (Name.anonymous.str "List") [Level.zero]).app
                                        ((Expr.const (Name.anonymous.str "Tree2") []).app
                                          (Expr.fvar 0 (Expr.sort Level.zero.succ))))).forallE
                                  ((Expr.const (Name.anonymous.str "Tree2") []).app
                                    (Expr.fvar 0 (Expr.sort Level.zero.succ)))
                                  { pw := { repr := ConLeche.PropWhenRepr.never✝ } }] }.name,
                      type :=
                        { name := Name.anonymous.str "Tree2", type := Expr.sort Level.zero.succ,
                            ctors :=
                              [(Expr.fvar 0 (Expr.sort Level.zero.succ)).forallE
                                  ((Expr.const (Name.anonymous.str "Tree2") []).app
                                    (Expr.fvar 0 (Expr.sort Level.zero.succ)))
                                  { pw := { repr := ConLeche.PropWhenRepr.never✝ } },
                                ((Expr.const (Name.anonymous.str "List") [Level.zero]).app
                                      ((Expr.const (Name.anonymous.str "List") [Level.zero]).app
                                        ((Expr.const (Name.anonymous.str "Tree2") []).app
                                          (Expr.fvar 0 (Expr.sort Level.zero.succ))))).forallE
                                  ((Expr.const (Name.anonymous.str "Tree2") []).app
                                    (Expr.fvar 0 (Expr.sort Level.zero.succ)))
                                  { pw := { repr := ConLeche.PropWhenRepr.never✝ } }] }.type,
                      ctors := cs },
                next := st.next }
          Official.elimLoop
              {
                find? :=
                  {
                      consts :=
                        [ConstantInfo.indInfo
                            { name := Name.anonymous.str "List", levelParams := [Name.anonymous.str "u"],
                              type :=
                                (Expr.sort (Level.param (Name.anonymous.str "u")).succ).forallE
                                  (Expr.sort (Level.param (Name.anonymous.str "u")).succ)
                                  { pw := { repr := ConLeche.PropWhenRepr.never✝ } } }
                            { sortZ := { repr := ConLeche.PropWhenRepr.always✝ }, all := [Name.anonymous.str "List"],
                              nparams := 1, ctors := [Name.anonymous.str "List.nil", Name.anonymous.str "List.cons"] },
                          ConstantInfo.ctorInfo
                            { name := Name.anonymous.str "List.nil", levelParams := [Name.anonymous.str "u"],
                              type :=
                                (Expr.sort (Level.param (Name.anonymous.str "u")).succ).forallE
                                  ((Expr.const (Name.anonymous.str "List") [Level.param (Name.anonymous.str "u")]).app
                                    (Expr.bvar 0))
                                  { pw := { repr := ConLeche.PropWhenRepr.never✝ } } }
                            1 0,
                          ConstantInfo.ctorInfo
                            { name := Name.anonymous.str "List.cons", levelParams := [Name.anonymous.str "u"],
                              type :=
                                (Expr.sort (Level.param (Name.anonymous.str "u")).succ).forallE
                                  ((Expr.bvar 0).forallE
                                    (((Expr.const (Name.anonymous.str "List")
                                              [Level.param (Name.anonymous.str "u")]).app
                                          (Expr.bvar 1)).forallE
                                      ((Expr.const (Name.anonymous.str "List")
                                            [Level.param (Name.anonymous.str "u")]).app
                                        (Expr.bvar 2))
                                      { pw := { repr := ConLeche.PropWhenRepr.never✝ } })
                                    { pw := { repr := ConLeche.PropWhenRepr.never✝ } })
                                  { pw := { repr := ConLeche.PropWhenRepr.never✝ } } }
                            1 2,
                          ConstantInfo.indInfo
                            { name := Name.anonymous.str "Tree2", levelParams := [],
                              type :=
                                (Expr.sort Level.zero.succ).forallE (Expr.sort Level.zero.succ)
                                  { pw := { repr := ConLeche.PropWhenRepr.never✝ } } }
                            { sortZ := { repr := ConLeche.PropWhenRepr.always✝ }, all := [Name.anonymous.str "Tree2"],
                              nparams := 1,
                              ctors := [Name.anonymous.str "Tree2.leaf", Name.anonymous.str "Tree2.node"] }] }.find?,
                ctorsOf := fun n => if (n == Ln) = true then listCs else [], lvls := [],
                ps := [Expr.fvar 0 (Expr.sort Level.zero.succ)],
                auxName := fun i => if (i == 1) = true then rn else cn }
              3 (0 + 1))
        {
          types :=
            {
              toList :=
                [{ name := Name.anonymous.str "Tree2", type := Expr.sort Level.zero.succ,
                    ctors :=
                      [(Expr.fvar 0 (Expr.sort Level.zero.succ)).forallE
                          ((Expr.const (Name.anonymous.str "Tree2") []).app (Expr.fvar 0 (Expr.sort Level.zero.succ)))
                          { pw := { repr := ConLeche.PropWhenRepr.never✝ } },
                        ((Expr.const (Name.anonymous.str "List") [Level.zero]).app
                              ((Expr.const (Name.anonymous.str "List") [Level.zero]).app
                                ((Expr.const (Name.anonymous.str "Tree2") []).app
                                  (Expr.fvar 0 (Expr.sort Level.zero.succ))))).forallE
                          ((Expr.const (Name.anonymous.str "Tree2") []).app (Expr.fvar 0 (Expr.sort Level.zero.succ)))
                          { pw := { repr := ConLeche.PropWhenRepr.never✝ } }] }] } }
[Debug.Meta.Tactic.cbv.reduce] simplifyAppFn:
      Except.instMonad.toPure.1
        (Expr.fvar 0 (Expr.sort Level.zero.succ),
          {
            types :=
              {
                toList :=
                  [{ name := Name.anonymous.str "Tree2", type := Expr.sort Level.zero.succ,
                      ctors :=
                        [(Expr.fvar 0 (Expr.sort Level.zero.succ)).forallE
                            ((Expr.const (Name.anonymous.str "Tree2") []).app (Expr.fvar 0 (Expr.sort Level.zero.succ)))
                            { pw := { repr := ConLeche.PropWhenRepr.never✝ } },
                          ((Expr.const (Name.anonymous.str "List") [Level.zero]).app
                                ((Expr.const (Name.anonymous.str "List") [Level.zero]).app
                                  ((Expr.const (Name.anonymous.str "Tree2") []).app
                                    (Expr.fvar 0 (Expr.sort Level.zero.succ))))).forallE
                            ((Expr.const (Name.anonymous.str "Tree2") []).app (Expr.fvar 0 (Expr.sort Level.zero.succ)))
                            { pw := { repr := ConLeche.PropWhenRepr.never✝ } }] }] } })
    ==>
      Except.pure
        (Expr.fvar 0 (Expr.sort Level.zero.succ),
          {
            types :=
              {
                toList :=
                  [{ name := Name.anonymous.str "Tree2", type := Expr.sort Level.zero.succ,
                      ctors :=
                        [(Expr.fvar 0 (Expr.sort Level.zero.succ)).forallE
                            ((Expr.const (Name.anonymous.str "Tree2") []).app (Expr.fvar 0 (Expr.sort Level.zero.succ)))
                            { pw := { repr := ConLeche.PropWhenRepr.never✝ } },
                          ((Expr.const (Name.anonymous.str "List") [Level.zero]).app
                                ((Expr.const (Name.anonymous.str "List") [Level.zero]).app
                                  ((Expr.const (Name.anonymous.str "Tree2") []).app
                                    (Expr.fvar 0 (Expr.sort Level.zero.succ))))).forallE
                            ((Expr.const (Name.anonymous.str "Tree2") []).app (Expr.fvar 0 (Expr.sort Level.zero.succ)))
                            { pw := { repr := ConLeche.PropWhenRepr.never✝ } }] }] } })
[Debug.Meta.Tactic.cbv.reduce] simplifyAppFn:
      Except.instMonad.toBind.1
        (Except.ok
          (Expr.fvar 0 (Expr.sort Level.zero.succ),
            {
              types :=
                {
                  toList :=
                    [{ name := Name.anonymous.str "Tree2", type := Expr.sort Level.zero.succ,
                        ctors :=
                          [(Expr.fvar 0 (Expr.sort Level.zero.succ)).forallE
                              ((Expr.const (Name.anonymous.str "Tree2") []).app
                                (Expr.fvar 0 (Expr.sort Level.zero.succ)))
                              { pw := { repr := ConLeche.PropWhenRepr.never✝ } },
                            ((Expr.const (Name.anonymous.str "List") [Level.zero]).app
                                  ((Expr.const (Name.anonymous.str "List") [Level.zero]).app
                                    ((Expr.const (Name.anonymous.str "Tree2") []).app
                                      (Expr.fvar 0 (Expr.sort Level.zero.succ))))).forallE
                              ((Expr.const (Name.anonymous.str "Tree2") []).app
                                (Expr.fvar 0 (Expr.sort Level.zero.succ)))
                              { pw := { repr := ConLeche.PropWhenRepr.never✝ } }] }] } }))
        fun __x =>
        match __x with
        | (__do_lift, a) =>
          (Official.replaceAll
                {
                  find? :=
                    {
                        consts :=
                          [ConstantInfo.indInfo
                              { name := Name.anonymous.str "List", levelParams := [Name.anonymous.str "u"],
                                type :=
                                  (Expr.sort (Level.param (Name.anonymous.str "u")).succ).forallE
                                    (Expr.sort (Level.param (Name.anonymous.str "u")).succ)
                                    { pw := { repr := ConLeche.PropWhenRepr.never✝ } } }
                              { sortZ := { repr := ConLeche.PropWhenRepr.always✝ }, all := [Name.anonymous.str "List"],
                                nparams := 1,
                                ctors := [Name.anonymous.str "List.nil", Name.anonymous.str "List.cons"] },
                            ConstantInfo.ctorInfo
                              { name := Name.anonymous.str "List.nil", levelParams := [Name.anonymous.str "u"],
                                type :=
                                  (Expr.sort (Level.param (Name.anonymous.str "u")).succ).forallE
                                    ((Expr.const (Name.anonymous.str "List") [Level.param (Name.anonymous.str "u")]).app
                                      (Expr.bvar 0))
                                    { pw := { repr := ConLeche.PropWhenRepr.never✝ } } }
                              1 0,
                            ConstantInfo.ctorInfo
                              { name := Name.anonymous.str "List.cons", levelParams := [Name.anonymous.str "u"],
                                type :=
                                  (Expr.sort (Level.param (Name.anonymous.str "u")).succ).forallE
                                    ((Expr.bvar 0).forallE
                                      (((Expr.const (Name.anonymous.str "List")
                                                [Level.param (Name.anonymous.str "u")]).app
                                            (Expr.bvar 1)).forallE
                                        ((Expr.const (Name.anonymous.str "List")
                                              [Level.param (Name.anonymous.str "u")]).app
                                          (Expr.bvar 2))
                                        { pw := { repr := ConLeche.PropWhenRepr.never✝ } })
                                      { pw := { repr := ConLeche.PropWhenRepr.never✝ } })
                                    { pw := { repr := ConLeche.PropWhenRepr.never✝ } } }
                              1 2,
                            ConstantInfo.indInfo
                              { name := Name.anonymous.str "Tree2", levelParams := [],
                                type :=
                                  (Expr.sort Level.zero.succ).forallE (Expr.sort Level.zero.succ)
                                    { pw := { repr := ConLeche.PropWhenRepr.never✝ } } }
                              { sortZ := { repr := ConLeche.PropWhenRepr.always✝ }, all := [Name.anonymous.str "Tree2"],
                                nparams := 1,
                                ctors := [Name.anonymous.str "Tree2.leaf", Name.anonymous.str "Tree2.node"] }] }.find?,
                  ctorsOf := fun n => if (n == Ln) = true then listCs else [], lvls := [],
                  ps := [Expr.fvar 0 (Expr.sort Level.zero.succ)],
                  auxName := fun i => if (i == 1) = true then rn else cn }
                ((Expr.const (Name.anonymous.str "Tree2") []).app (Expr.fvar 0 (Expr.sort Level.zero.succ))) >>=
              fun __do_lift_1 =>
              pure (__do_lift.forallE __do_lift_1 { pw := { repr := ConLeche.PropWhenRepr.never✝ } }))
            a
    ==>
      (Except.ok
            (Expr.fvar 0 (Expr.sort Level.zero.succ),
              {
                types :=
                  {
                    toList :=
                      [{ name := Name.anonymous.str "Tree2", type := Expr.sort Level.zero.succ,
                          ctors :=
                            [(Expr.fvar 0 (Expr.sort Level.zero.succ)).forallE
                                ((Expr.const (Name.anonymous.str "Tree2") []).app
                                  (Expr.fvar 0 (Expr.sort Level.zero.succ)))
                                { pw := { repr := ConLeche.PropWhenRepr.never✝ } },
                              ((Expr.const (Name.anonymous.str "List") [Level.zero]).app
                                    ((Expr.const (Name.anonymous.str "List") [Level.zero]).app
                                      ((Expr.const (Name.anonymous.str "Tree2") []).app
                                        (Expr.fvar 0 (Expr.sort Level.zero.succ))))).forallE
                                ((Expr.const (Name.anonymous.str "Tree2") []).app
                                  (Expr.fvar 0 (Expr.sort Level.zero.succ)))
                                { pw := { repr := ConLeche.PropWhenRepr.never✝ } }] }] } })).bind
        fun __x =>
        match __x with
        | (__do_lift, a) =>
          (Official.replaceAll
                {
                  find? :=
                    {
                        consts :=
                          [ConstantInfo.indInfo
                              { name := Name.anonymous.str "List", levelParams := [Name.anonymous.str "u"],
                                type :=
                                  (Expr.sort (Level.param (Name.anonymous.str "u")).succ).forallE
                                    (Expr.sort (Level.param (Name.anonymous.str "u")).succ)
                                    { pw := { repr := ConLeche.PropWhenRepr.never✝ } } }
                              { sortZ := { repr := ConLeche.PropWhenRepr.always✝ }, all := [Name.anonymous.str "List"],
                                nparams := 1,
                                ctors := [Name.anonymous.str "List.nil", Name.anonymous.str "List.cons"] },
                            ConstantInfo.ctorInfo
                              { name := Name.anonymous.str "List.nil", levelParams := [Name.anonymous.str "u"],
                                type :=
                                  (Expr.sort (Level.param (Name.anonymous.str "u")).succ).forallE
                                    ((Expr.const (Name.anonymous.str "List") [Level.param (Name.anonymous.str "u")]).app
                                      (Expr.bvar 0))
                                    { pw := { repr := ConLeche.PropWhenRepr.never✝ } } }
                              1 0,
                            ConstantInfo.ctorInfo
                              { name := Name.anonymous.str "List.cons", levelParams := [Name.anonymous.str "u"],
                                type :=
                                  (Expr.sort (Level.param (Name.anonymous.str "u")).succ).forallE
                                    ((Expr.bvar 0).forallE
                                      (((Expr.const (Name.anonymous.str "List")
                                                [Level.param (Name.anonymous.str "u")]).app
                                            (Expr.bvar 1)).forallE
                                        ((Expr.const (Name.anonymous.str "List")
                                              [Level.param (Name.anonymous.str "u")]).app
                                          (Expr.bvar 2))
                                        { pw := { repr := ConLeche.PropWhenRepr.never✝ } })
                                      { pw := { repr := ConLeche.PropWhenRepr.never✝ } })
                                    { pw := { repr := ConLeche.PropWhenRepr.never✝ } } }
                              1 2,
                            ConstantInfo.indInfo
                              { name := Name.anonymous.str "Tree2", levelParams := [],
                                type :=
                                  (Expr.sort Level.zero.succ).forallE (Expr.sort Level.zero.succ)
                                    { pw := { repr := ConLeche.PropWhenRepr.never✝ } } }
                              { sortZ := { repr := ConLeche.PropWhenRepr.always✝ }, all := [Name.anonymous.str "Tree2"],
                                nparams := 1,
                                ctors := [Name.anonymous.str "Tree2.leaf", Name.anonymous.str "Tree2.node"] }] }.find?,
                  ctorsOf := fun n => if (n == Ln) = true then listCs else [], lvls := [],
                  ps := [Expr.fvar 0 (Expr.sort Level.zero.succ)],
                  auxName := fun i => if (i == 1) = true then rn else cn }
                ((Expr.const (Name.anonymous.str "Tree2") []).app (Expr.fvar 0 (Expr.sort Level.zero.succ))) >>=
              fun __do_lift_1 =>
              pure (__do_lift.forallE __do_lift_1 { pw := { repr := ConLeche.PropWhenRepr.never✝ } }))
            a
[Debug.Meta.Tactic.cbv.reduce] simplifyAppFn:
      StateT.instMonad.toBind.1 StateT.get fun st => do
        let __do_lift ←
          monadLift
              (Official.isNestedApp
                {
                  find? :=
                    {
                        consts :=
                          [ConstantInfo.indInfo
                              { name := Name.anonymous.str "List", levelParams := [Name.anonymous.str "u"],
                                type :=
                                  (Expr.sort (Level.param (Name.anonymous.str "u")).succ).forallE
                                    (Expr.sort (Level.param (Name.anonymous.str "u")).succ)
                                    { pw := { repr := ConLeche.PropWhenRepr.never✝ } } }
                              { sortZ := { repr := ConLeche.PropWhenRepr.always✝ }, all := [Name.anonymous.str "List"],
                                nparams := 1,
                                ctors := [Name.anonymous.str "List.nil", Name.anonymous.str "List.cons"] },
                            ConstantInfo.ctorInfo
                              { name := Name.anonymous.str "List.nil", levelParams := [Name.anonymous.str "u"],
                                type :=
                                  (Expr.sort (Level.param (Name.anonymous.str "u")).succ).forallE
                                    ((Expr.const (Name.anonymous.str "List") [Level.param (Name.anonymous.str "u")]).app
                                      (Expr.bvar 0))
                                    { pw := { repr := ConLeche.PropWhenRepr.never✝ } } }
                              1 0,
                            ConstantInfo.ctorInfo
                              { name := Name.anonymous.str "List.cons", levelParams := [Name.anonymous.str "u"],
                                type :=
                                  (Expr.sort (Level.param (Name.anonymous.str "u")).succ).forallE
                                    ((Expr.bvar 0).forallE
                                      (((Expr.const (Name.anonymous.str "List")
                                                [Level.param (Name.anonymous.str "u")]).app
                                            (Expr.bvar 1)).forallE
                                        ((Expr.const (Name.anonymous.str "List")
                                              [Level.param (Name.anonymous.str "u")]).app
                                          (Expr.bvar 2))
                                        { pw := { repr := ConLeche.PropWhenRepr.never✝ } })
                                      { pw := { repr := ConLeche.PropWhenRepr.never✝ } })
                                    { pw := { repr := ConLeche.PropWhenRepr.never✝ } } }
                              1 2,
                            ConstantInfo.indInfo
                              { name := Name.anonymous.str "Tree2", levelParams := [],
                                type :=
                                  (Expr.sort Level.zero.succ).forallE (Expr.sort Level.zero.succ)
                                    { pw := { repr := ConLeche.PropWhenRepr.never✝ } } }
                              { sortZ := { repr := ConLeche.PropWhenRepr.always✝ }, all := [Name.anonymous.str "Tree2"],
                                nparams := 1,
                                ctors := [Name.anonymous.str "Tree2.leaf", Name.anonymous.str "Tree2.node"] }] }.find?,
                  ctorsOf := fun n => if (n == Ln) = true then listCs else [], lvls := [],
                  ps := [Expr.fvar 0 (Expr.sort Level.zero.succ)],
                  auxName := fun i => if (i == 1) = true then rn else cn }
                (List.map Official.AuxType.name st.types.toList)
                ((Expr.const (Name.anonymous.str "Tree2") []).app (Expr.fvar 0 (Expr.sort Level.zero.succ))))
        match __do_lift with
          | none => pure none
          | some (I, us, np, args) =>
            have key := (Expr.const I us).mkAppN (List.take np args);
            have mk := fun a =>
              ((Expr.const a
                        {
                            find? :=
                              {
                                  consts :=
                                    [ConstantInfo.indInfo
                                        { name := Name.anonymous.str "List", levelParams := [Name.anonymous.str "u"],
                                          type :=
                                            (Expr.sort (Level.param (Name.anonymous.str "u")).succ).forallE
                                              (Expr.sort (Level.param (Name.anonymous.str "u")).succ)
                                              { pw := { repr := ConLeche.PropWhenRepr.never✝ } } }
                                        { sortZ := { repr := ConLeche.PropWhenRepr.always✝ },
                                          all := [Name.anonymous.str "List"], nparams := 1,
                                          ctors := [Name.anonymous.str "List.nil", Name.anonymous.str "List.cons"] },
                                      ConstantInfo.ctorInfo
                                        { name := Name.anonymous.str "List.nil",
                                          levelParams := [Name.anonymous.str "u"],
                                          type :=
                                            (Expr.sort (Level.param (Name.anonymous.str "u")).succ).forallE
                                              ((Expr.const (Name.anonymous.str "List")
                                                    [Level.param (Name.anonymous.str "u")]).app
                                                (Expr.bvar 0))
                                              { pw := { repr := ConLeche.PropWhenRepr.never✝ } } }
                                        1 0,
                                      ConstantInfo.ctorInfo
                                        { name := Name.anonymous.str "List.cons",
                                          levelParams := [Name.anonymous.str "u"],
                                          type :=
                                            (Expr.sort (Level.param (Name.anonymous.str "u")).succ).forallE
                                              ((Expr.bvar 0).forallE
                                                (((Expr.const (Name.anonymous.str "List")
                                                          [Level.param (Name.anonymous.str "u")]).app
                                                      (Expr.bvar 1)).forallE
                                                  ((Expr.const (Name.anonymous.str "List")
                                                        [Level.param (Name.anonymous.str "u")]).app
                                                    (Expr.bvar 2))
                                                  { pw := { repr := ConLeche.PropWhenRepr.never✝ } })
                                                { pw := { repr := ConLeche.PropWhenRepr.never✝ } })
                                              { pw := { repr := ConLeche.PropWhenRepr.never✝ } } }
                                        1 2,
                                      ConstantInfo.indInfo
                                        { name := Name.anonymous.str "Tree2", levelParams := [],
                                          type :=
                                            (Expr.sort Level.zero.succ).forallE (Expr.sort Level.zero.succ)
                                              { pw := { repr := ConLeche.PropWhenRepr.never✝ } } }
                                        { sortZ := { repr := ConLeche.PropWhenRepr.always✝ },
                                          all := [Name.anonymous.str "Tree2"], nparams := 1,
                                          ctors :=
                                            [Name.anonymous.str "Tree2.leaf",
                                              Name.anonymous.str "Tree2.node"] }] }.find?,
                            ctorsOf := fun n => if (n == Ln) = true then listCs else [], lvls := [],
                            ps := [Expr.fvar 0 (Expr.sort Level.zero.succ)],
                            auxName := fun i => if (i == 1) = true then rn else cn }.lvls).mkAppN
                    {
                        find? :=
                          {
                              consts :=
                                [ConstantInfo.indInfo
                                    { name := Name.anonymous.str "List", levelParams := [Name.anonymous.str "u"],
                                      type :=
                                        (Expr.sort (Level.param (Name.anonymous.str "u")).succ).forallE
                                          (Expr.sort (Level.param (Name.anonymous.str "u")).succ)
                                          { pw := { repr := ConLeche.PropWhenRepr.never✝ } } }
                                    { sortZ := { repr := ConLeche.PropWhenRepr.always✝ },
                                      all := [Name.anonymous.str "List"], nparams := 1,
                                      ctors := [Name.anonymous.str "List.nil", Name.anonymous.str "List.cons"] },
                                  ConstantInfo.ctorInfo
                                    { name := Name.anonymous.str "List.nil", levelParams := [Name.anonymous.str "u"],
                                      type :=
                                        (Expr.sort (Level.param (Name.anonymous.str "u")).succ).forallE
                                          ((Expr.const (Name.anonymous.str "List")
                                                [Level.param (Name.anonymous.str "u")]).app
                                            (Expr.bvar 0))
                                          { pw := { repr := ConLeche.PropWhenRepr.never✝ } } }
                                    1 0,
                                  ConstantInfo.ctorInfo
                                    { name := Name.anonymous.str "List.cons", levelParams := [Name.anonymous.str "u"],
                                      type :=
                                        (Expr.sort (Level.param (Name.anonymous.str "u")).succ).forallE
                                          ((Expr.bvar 0).forallE
                                            (((Expr.const (Name.anonymous.str "List")
                                                      [Level.param (Name.anonymous.str "u")]).app
                                                  (Expr.bvar 1)).forallE
                                              ((Expr.const (Name.anonymous.str "List")
                                                    [Level.param (Name.anonymous.str "u")]).app
                                                (Expr.bvar 2))
                                              { pw := { repr := ConLeche.PropWhenRepr.never✝ } })
                                            { pw := { repr := ConLeche.PropWhenRepr.never✝ } })
                                          { pw := { repr := ConLeche.PropWhenRepr.never✝ } } }
                                    1 2,
                                  ConstantInfo.indInfo
                                    { name := Name.anonymous.str "Tree2", levelParams := [],
                                      type :=
                                        (Expr.sort Level.zero.succ).forallE (Expr.sort Level.zero.succ)
                                          { pw := { repr := ConLeche.PropWhenRepr.never✝ } } }
                                    { sortZ := { repr := ConLeche.PropWhenRepr.always✝ },
                                      all := [Name.anonymous.str "Tree2"], nparams := 1,
                                      ctors :=
                                        [Name.anonymous.str "Tree2.leaf", Name.anonymous.str "Tree2.node"] }] }.find?,
                        ctorsOf := fun n => if (n == Ln) = true then listCs else [], lvls := [],
                        ps := [Expr.fvar 0 (Expr.sort Level.zero.succ)],
                        auxName := fun i => if (i == 1) = true then rn else cn }.ps).mkAppN
                (List.drop np args);
            match List.lookup key st.aux with
            | some a => pure (some (mk a))
            | none => do
              Official.copyBlock
                  {
                    find? :=
                      {
                          consts :=
                            [ConstantInfo.indInfo
                                { name := Name.anonymous.str "List", levelParams := [Name.anonymous.str "u"],
                                  type :=
                                    (Expr.sort (Level.param (Name.anonymous.str "u")).succ).forallE
                                      (Expr.sort (Level.param (Name.anonymous.str "u")).succ)
                                      { pw := { repr := ConLeche.PropWhenRepr.never✝ } } }
                                { sortZ := { repr := ConLeche.PropWhenRepr.always✝ },
                                  all := [Name.anonymous.str "List"], nparams := 1,
                                  ctors := [Name.anonymous.str "List.nil", Name.anonymous.str "List.cons"] },
                              ConstantInfo.ctorInfo
                                { name := Name.anonymous.str "List.nil", levelParams := [Name.anonymous.str "u"],
                                  type :=
                                    (Expr.sort (Level.param (Name.anonymous.str "u")).succ).forallE
                                      ((Expr.const (Name.anonymous.str "List")
                                            [Level.param (Name.anonymous.str "u")]).app
                                        (Expr.bvar 0))
                                      { pw := { repr := ConLeche.PropWhenRepr.never✝ } } }
                                1 0,
                              ConstantInfo.ctorInfo
                                { name := Name.anonymous.str "List.cons", levelParams := [Name.anonymous.str "u"],
                                  type :=
                                    (Expr.sort (Level.param (Name.anonymous.str "u")).succ).forallE
                                      ((Expr.bvar 0).forallE
                                        (((Expr.const (Name.anonymous.str "List")
                                                  [Level.param (Name.anonymous.str "u")]).app
                                              (Expr.bvar 1)).forallE
                                          ((Expr.const (Name.anonymous.str "List")
                                                [Level.param (Name.anonymous.str "u")]).app
                                            (Expr.bvar 2))
                                          { pw := { repr := ConLeche.PropWhenRepr.never✝ } })
                                        { pw := { repr := ConLeche.PropWhenRepr.never✝ } })
                                      { pw := { repr := ConLeche.PropWhenRepr.never✝ } } }
                                1 2,
                              ConstantInfo.indInfo
                                { name := Name.anonymous.str "Tree2", levelParams := [],
                                  type :=
                                    (Expr.sort Level.zero.succ).forallE (Expr.sort Level.zero.succ)
                                      { pw := { repr := ConLeche.PropWhenRepr.never✝ } } }
                                { sortZ := { repr := ConLeche.PropWhenRepr.always✝ },
                                  all := [Name.anonymous.str "Tree2"], nparams := 1,
                                  ctors :=
                                    [Name.anonymous.str "Tree2.leaf", Name.anonymous.str "Tree2.node"] }] }.find?,
                    ctorsOf := fun n => if (n == Ln) = true then listCs else [], lvls := [],
                    ps := [Expr.fvar 0 (Expr.sort Level.zero.succ)],
                    auxName := fun i => if (i == 1) = true then rn else cn }
                  us (List.take np args)
                  (Official.blockOf
                    {
                      find? :=
                        {
                            consts :=
                              [ConstantInfo.indInfo
                                  { name := Name.anonymous.str "List", levelParams := [Name.anonymous.str "u"],
                                    type :=
                                      (Expr.sort (Level.param (Name.anonymous.str "u")).succ).forallE
                                        (Expr.sort (Level.param (Name.anonymous.str "u")).succ)
                                        { pw := { repr := ConLeche.PropWhenRepr.never✝ } } }
                                  { sortZ := { repr := ConLeche.PropWhenRepr.always✝ },
                                    all := [Name.anonymous.str "List"], nparams := 1,
                                    ctors := [Name.anonymous.str "List.nil", Name.anonymous.str "List.cons"] },
                                ConstantInfo.ctorInfo
                                  { name := Name.anonymous.str "List.nil", levelParams := [Name.anonymous.str "u"],
                                    type :=
                                      (Expr.sort (Level.param (Name.anonymous.str "u")).succ).forallE
                                        ((Expr.const (Name.anonymous.str "List")
                                              [Level.param (Name.anonymous.str "u")]).app
                                          (Expr.bvar 0))
                                        { pw := { repr := ConLeche.PropWhenRepr.never✝ } } }
                                  1 0,
                                ConstantInfo.ctorInfo
                                  { name := Name.anonymous.str "List.cons", levelParams := [Name.anonymous.str "u"],
                                    type :=
                                      (Expr.sort (Level.param (Name.anonymous.str "u")).succ).forallE
                                        ((Expr.bvar 0).forallE
                                          (((Expr.const (Name.anonymous.str "List")
                                                    [Level.param (Name.anonymous.str "u")]).app
                                                (Expr.bvar 1)).forallE
                                            ((Expr.const (Name.anonymous.str "List")
                                                  [Level.param (Name.anonymous.str "u")]).app
                                              (Expr.bvar 2))
                                            { pw := { repr := ConLeche.PropWhenRepr.never✝ } })
                                          { pw := { repr := ConLeche.PropWhenRepr.never✝ } })
                                        { pw := { repr := ConLeche.PropWhenRepr.never✝ } } }
                                  1 2,
                                ConstantInfo.indInfo
                                  { name := Name.anonymous.str "Tree2", levelParams := [],
                                    type :=
                                      (Expr.sort Level.zero.succ).forallE (Expr.sort Level.zero.succ)
                                        { pw := { repr := ConLeche.PropWhenRepr.never✝ } } }
                                  { sortZ := { repr := ConLeche.PropWhenRepr.always✝ },
                                    all := [Name.anonymous.str "Tree2"], nparams := 1,
                                    ctors :=
                                      [Name.anonymous.str "Tree2.leaf", Name.anonymous.str "Tree2.node"] }] }.find?,
                      ctorsOf := fun n => if (n == Ln) = true then listCs else [], lvls := [],
                      ps := [Expr.fvar 0 (Expr.sort Level.zero.succ)],
                      auxName := fun i => if (i == 1) = true then rn else cn }
                    I)
              let __do_lift ← get
              match List.lookup key __do_lift.aux with
                | some a => pure (some (mk a))
                | none => throw Official.illFormed
    ==>
      StateT.get.bind fun st => do
        let __do_lift ←
          monadLift
              (Official.isNestedApp
                {
                  find? :=
                    {
                        consts :=
                          [ConstantInfo.indInfo
                              { name := Name.anonymous.str "List", levelParams := [Name.anonymous.str "u"],
                                type :=
                                  (Expr.sort (Level.param (Name.anonymous.str "u")).succ).forallE
                                    (Expr.sort (Level.param (Name.anonymous.str "u")).succ)
                                    { pw := { repr := ConLeche.PropWhenRepr.never✝ } } }
                              { sortZ := { repr := ConLeche.PropWhenRepr.always✝ }, all := [Name.anonymous.str "List"],
                                nparams := 1,
                                ctors := [Name.anonymous.str "List.nil", Name.anonymous.str "List.cons"] },
                            ConstantInfo.ctorInfo
                              { name := Name.anonymous.str "List.nil", levelParams := [Name.anonymous.str "u"],
                                type :=
                                  (Expr.sort (Level.param (Name.anonymous.str "u")).succ).forallE
                                    ((Expr.const (Name.anonymous.str "List") [Level.param (Name.anonymous.str "u")]).app
                                      (Expr.bvar 0))
                                    { pw := { repr := ConLeche.PropWhenRepr.never✝ } } }
                              1 0,
                            ConstantInfo.ctorInfo
                              { name := Name.anonymous.str "List.cons", levelParams := [Name.anonymous.str "u"],
                                type :=
                                  (Expr.sort (Level.param (Name.anonymous.str "u")).succ).forallE
                                    ((Expr.bvar 0).forallE
                                      (((Expr.const (Name.anonymous.str "List")
                                                [Level.param (Name.anonymous.str "u")]).app
                                            (Expr.bvar 1)).forallE
                                        ((Expr.const (Name.anonymous.str "List")
                                              [Level.param (Name.anonymous.str "u")]).app
                                          (Expr.bvar 2))
                                        { pw := { repr := ConLeche.PropWhenRepr.never✝ } })
                                      { pw := { repr := ConLeche.PropWhenRepr.never✝ } })
                                    { pw := { repr := ConLeche.PropWhenRepr.never✝ } } }
                              1 2,
                            ConstantInfo.indInfo
                              { name := Name.anonymous.str "Tree2", levelParams := [],
                                type :=
                                  (Expr.sort Level.zero.succ).forallE (Expr.sort Level.zero.succ)
                                    { pw := { repr := ConLeche.PropWhenRepr.never✝ } } }
                              { sortZ := { repr := ConLeche.PropWhenRepr.always✝ }, all := [Name.anonymous.str "Tree2"],
                                nparams := 1,
                                ctors := [Name.anonymous.str "Tree2.leaf", Name.anonymous.str "Tree2.node"] }] }.find?,
                  ctorsOf := fun n => if (n == Ln) = true then listCs else [], lvls := [],
                  ps := [Expr.fvar 0 (Expr.sort Level.zero.succ)],
                  auxName := fun i => if (i == 1) = true then rn else cn }
                (List.map Official.AuxType.name st.types.toList)
                ((Expr.const (Name.anonymous.str "Tree2") []).app (Expr.fvar 0 (Expr.sort Level.zero.succ))))
        match __do_lift with
          | none => pure none
          | some (I, us, np, args) =>
            have key := (Expr.const I us).mkAppN (List.take np args);
            have mk := fun a =>
              ((Expr.const a
                        {
                            find? :=
                              {
                                  consts :=
                                    [ConstantInfo.indInfo
                                        { name := Name.anonymous.str "List", levelParams := [Name.anonymous.str "u"],
                                          type :=
                                            (Expr.sort (Level.param (Name.anonymous.str "u")).succ).forallE
                                              (Expr.sort (Level.param (Name.anonymous.str "u")).succ)
                                              { pw := { repr := ConLeche.PropWhenRepr.never✝ } } }
                                        { sortZ := { repr := ConLeche.PropWhenRepr.always✝ },
                                          all := [Name.anonymous.str "List"], nparams := 1,
                                          ctors := [Name.anonymous.str "List.nil", Name.anonymous.str "List.cons"] },
                                      ConstantInfo.ctorInfo
                                        { name := Name.anonymous.str "List.nil",
                                          levelParams := [Name.anonymous.str "u"],
                                          type :=
                                            (Expr.sort (Level.param (Name.anonymous.str "u")).succ).forallE
                                              ((Expr.const (Name.anonymous.str "List")
                                                    [Level.param (Name.anonymous.str "u")]).app
                                                (Expr.bvar 0))
                                              { pw := { repr := ConLeche.PropWhenRepr.never✝ } } }
                                        1 0,
                                      ConstantInfo.ctorInfo
                                        { name := Name.anonymous.str "List.cons",
                                          levelParams := [Name.anonymous.str "u"],
                                          type :=
                                            (Expr.sort (Level.param (Name.anonymous.str "u")).succ).forallE
                                              ((Expr.bvar 0).forallE
                                                (((Expr.const (Name.anonymous.str "List")
                                                          [Level.param (Name.anonymous.str "u")]).app
                                                      (Expr.bvar 1)).forallE
                                                  ((Expr.const (Name.anonymous.str "List")
                                                        [Level.param (Name.anonymous.str "u")]).app
                                                    (Expr.bvar 2))
                                                  { pw := { repr := ConLeche.PropWhenRepr.never✝ } })
                                                { pw := { repr := ConLeche.PropWhenRepr.never✝ } })
                                              { pw := { repr := ConLeche.PropWhenRepr.never✝ } } }
                                        1 2,
                                      ConstantInfo.indInfo
                                        { name := Name.anonymous.str "Tree2", levelParams := [],
                                          type :=
                                            (Expr.sort Level.zero.succ).forallE (Expr.sort Level.zero.succ)
                                              { pw := { repr := ConLeche.PropWhenRepr.never✝ } } }
                                        { sortZ := { repr := ConLeche.PropWhenRepr.always✝ },
                                          all := [Name.anonymous.str "Tree2"], nparams := 1,
                                          ctors :=
                                            [Name.anonymous.str "Tree2.leaf",
                                              Name.anonymous.str "Tree2.node"] }] }.find?,
                            ctorsOf := fun n => if (n == Ln) = true then listCs else [], lvls := [],
                            ps := [Expr.fvar 0 (Expr.sort Level.zero.succ)],
                            auxName := fun i => if (i == 1) = true then rn else cn }.lvls).mkAppN
                    {
                        find? :=
                          {
                              consts :=
                                [ConstantInfo.indInfo
                                    { name := Name.anonymous.str "List", levelParams := [Name.anonymous.str "u"],
                                      type :=
                                        (Expr.sort (Level.param (Name.anonymous.str "u")).succ).forallE
                                          (Expr.sort (Level.param (Name.anonymous.str "u")).succ)
                                          { pw := { repr := ConLeche.PropWhenRepr.never✝ } } }
                                    { sortZ := { repr := ConLeche.PropWhenRepr.always✝ },
                                      all := [Name.anonymous.str "List"], nparams := 1,
                                      ctors := [Name.anonymous.str "List.nil", Name.anonymous.str "List.cons"] },
                                  ConstantInfo.ctorInfo
                                    { name := Name.anonymous.str "List.nil", levelParams := [Name.anonymous.str "u"],
                                      type :=
                                        (Expr.sort (Level.param (Name.anonymous.str "u")).succ).forallE
                                          ((Expr.const (Name.anonymous.str "List")
                                                [Level.param (Name.anonymous.str "u")]).app
                                            (Expr.bvar 0))
                                          { pw := { repr := ConLeche.PropWhenRepr.never✝ } } }
                                    1 0,
                                  ConstantInfo.ctorInfo
                                    { name := Name.anonymous.str "List.cons", levelParams := [Name.anonymous.str "u"],
                                      type :=
                                        (Expr.sort (Level.param (Name.anonymous.str "u")).succ).forallE
                                          ((Expr.bvar 0).forallE
                                            (((Expr.const (Name.anonymous.str "List")
                                                      [Level.param (Name.anonymous.str "u")]).app
                                                  (Expr.bvar 1)).forallE
                                              ((Expr.const (Name.anonymous.str "List")
                                                    [Level.param (Name.anonymous.str "u")]).app
                                                (Expr.bvar 2))
                                              { pw := { repr := ConLeche.PropWhenRepr.never✝ } })
                                            { pw := { repr := ConLeche.PropWhenRepr.never✝ } })
                                          { pw := { repr := ConLeche.PropWhenRepr.never✝ } } }
                                    1 2,
                                  ConstantInfo.indInfo
                                    { name := Name.anonymous.str "Tree2", levelParams := [],
                                      type :=
                                        (Expr.sort Level.zero.succ).forallE (Expr.sort Level.zero.succ)
                                          { pw := { repr := ConLeche.PropWhenRepr.never✝ } } }
                                    { sortZ := { repr := ConLeche.PropWhenRepr.always✝ },
                                      all := [Name.anonymous.str "Tree2"], nparams := 1,
                                      ctors :=
                                        [Name.anonymous.str "Tree2.leaf", Name.anonymous.str "Tree2.node"] }] }.find?,
                        ctorsOf := fun n => if (n == Ln) = true then listCs else [], lvls := [],
                        ps := [Expr.fvar 0 (Expr.sort Level.zero.succ)],
                        auxName := fun i => if (i == 1) = true then rn else cn }.ps).mkAppN
                (List.drop np args);
            match List.lookup key st.aux with
            | some a => pure (some (mk a))
            | none => do
              Official.copyBlock
                  {
                    find? :=
                      {
                          consts :=
                            [ConstantInfo.indInfo
                                { name := Name.anonymous.str "List", levelParams := [Name.anonymous.str "u"],
                                  type :=
                                    (Expr.sort (Level.param (Name.anonymous.str "u")).succ).forallE
                                      (Expr.sort (Level.param (Name.anonymous.str "u")).succ)
                                      { pw := { repr := ConLeche.PropWhenRepr.never✝ } } }
                                { sortZ := { repr := ConLeche.PropWhenRepr.always✝ },
                                  all := [Name.anonymous.str "List"], nparams := 1,
                                  ctors := [Name.anonymous.str "List.nil", Name.anonymous.str "List.cons"] },
                              ConstantInfo.ctorInfo
                                { name := Name.anonymous.str "List.nil", levelParams := [Name.anonymous.str "u"],
                                  type :=
                                    (Expr.sort (Level.param (Name.anonymous.str "u")).succ).forallE
                                      ((Expr.const (Name.anonymous.str "List")
                                            [Level.param (Name.anonymous.str "u")]).app
                                        (Expr.bvar 0))
                                      { pw := { repr := ConLeche.PropWhenRepr.never✝ } } }
                                1 0,
                              ConstantInfo.ctorInfo
                                { name := Name.anonymous.str "List.cons", levelParams := [Name.anonymous.str "u"],
                                  type :=
                                    (Expr.sort (Level.param (Name.anonymous.str "u")).succ).forallE
                                      ((Expr.bvar 0).forallE
                                        (((Expr.const (Name.anonymous.str "List")
                                                  [Level.param (Name.anonymous.str "u")]).app
                                              (Expr.bvar 1)).forallE
                                          ((Expr.const (Name.anonymous.str "List")
                                                [Level.param (Name.anonymous.str "u")]).app
                                            (Expr.bvar 2))
                                          { pw := { repr := ConLeche.PropWhenRepr.never✝ } })
                                        { pw := { repr := ConLeche.PropWhenRepr.never✝ } })
                                      { pw := { repr := ConLeche.PropWhenRepr.never✝ } } }
                                1 2,
                              ConstantInfo.indInfo
                                { name := Name.anonymous.str "Tree2", levelParams := [],
                                  type :=
                                    (Expr.sort Level.zero.succ).forallE (Expr.sort Level.zero.succ)
                                      { pw := { repr := ConLeche.PropWhenRepr.never✝ } } }
                                { sortZ := { repr := ConLeche.PropWhenRepr.always✝ },
                                  all := [Name.anonymous.str "Tree2"], nparams := 1,
                                  ctors :=
                                    [Name.anonymous.str "Tree2.leaf", Name.anonymous.str "Tree2.node"] }] }.find?,
                    ctorsOf := fun n => if (n == Ln) = true then listCs else [], lvls := [],
                    ps := [Expr.fvar 0 (Expr.sort Level.zero.succ)],
                    auxName := fun i => if (i == 1) = true then rn else cn }
                  us (List.take np args)
                  (Official.blockOf
                    {
                      find? :=
                        {
                            consts :=
                              [ConstantInfo.indInfo
                                  { name := Name.anonymous.str "List", levelParams := [Name.anonymous.str "u"],
                                    type :=
                                      (Expr.sort (Level.param (Name.anonymous.str "u")).succ).forallE
                                        (Expr.sort (Level.param (Name.anonymous.str "u")).succ)
                                        { pw := { repr := ConLeche.PropWhenRepr.never✝ } } }
                                  { sortZ := { repr := ConLeche.PropWhenRepr.always✝ },
                                    all := [Name.anonymous.str "List"], nparams := 1,
                                    ctors := [Name.anonymous.str "List.nil", Name.anonymous.str "List.cons"] },
                                ConstantInfo.ctorInfo
                                  { name := Name.anonymous.str "List.nil", levelParams := [Name.anonymous.str "u"],
                                    type :=
                                      (Expr.sort (Level.param (Name.anonymous.str "u")).succ).forallE
                                        ((Expr.const (Name.anonymous.str "List")
                                              [Level.param (Name.anonymous.str "u")]).app
                                          (Expr.bvar 0))
                                        { pw := { repr := ConLeche.PropWhenRepr.never✝ } } }
                                  1 0,
                                ConstantInfo.ctorInfo
                                  { name := Name.anonymous.str "List.cons", levelParams := [Name.anonymous.str "u"],
                                    type :=
                                      (Expr.sort (Level.param (Name.anonymous.str "u")).succ).forallE
                                        ((Expr.bvar 0).forallE
                                          (((Expr.const (Name.anonymous.str "List")
                                                    [Level.param (Name.anonymous.str "u")]).app
                                                (Expr.bvar 1)).forallE
                                            ((Expr.const (Name.anonymous.str "List")
                                                  [Level.param (Name.anonymous.str "u")]).app
                                              (Expr.bvar 2))
                                            { pw := { repr := ConLeche.PropWhenRepr.never✝ } })
                                          { pw := { repr := ConLeche.PropWhenRepr.never✝ } })
                                        { pw := { repr := ConLeche.PropWhenRepr.never✝ } } }
                                  1 2,
                                ConstantInfo.indInfo
                                  { name := Name.anonymous.str "Tree2", levelParams := [],
                                    type :=
                                      (Expr.sort Level.zero.succ).forallE (Expr.sort Level.zero.succ)
                                        { pw := { repr := ConLeche.PropWhenRepr.never✝ } } }
                                  { sortZ := { repr := ConLeche.PropWhenRepr.always✝ },
                                    all := [Name.anonymous.str "Tree2"], nparams := 1,
                                    ctors :=
                                      [Name.anonymous.str "Tree2.leaf", Name.anonymous.str "Tree2.node"] }] }.find?,
                      ctorsOf := fun n => if (n == Ln) = true then listCs else [], lvls := [],
                      ps := [Expr.fvar 0 (Expr.sort Level.zero.succ)],
                      auxName := fun i => if (i == 1) = true then rn else cn }
                    I)
              let __do_lift ← get
              match List.lookup key __do_lift.aux with
                | some a => pure (some (mk a))
                | none => throw Official.illFormed
[Debug.Meta.Tactic.cbv.reduce] simplifyAppFn:
      StateT.instMonad.toBind.1
        (StateT.get.bind fun st => do
          let __do_lift ←
            monadLift
                (Official.isNestedApp
                  {
                    find? :=
                      {
                          consts :=
                            [ConstantInfo.indInfo
                                { name := Name.anonymous.str "List", levelParams := [Name.anonymous.str "u"],
                                  type :=
                                    (Expr.sort (Level.param (Name.anonymous.str "u")).succ).forallE
                                      (Expr.sort (Level.param (Name.anonymous.str "u")).succ)
                                      { pw := { repr := ConLeche.PropWhenRepr.never✝ } } }
                                { sortZ := { repr := ConLeche.PropWhenRepr.always✝ },
                                  all := [Name.anonymous.str "List"], nparams := 1,
                                  ctors := [Name.anonymous.str "List.nil", Name.anonymous.str "List.cons"] },
                              ConstantInfo.ctorInfo
                                { name := Name.anonymous.str "List.nil", levelParams := [Name.anonymous.str "u"],
                                  type :=
                                    (Expr.sort (Level.param (Name.anonymous.str "u")).succ).forallE
                                      ((Expr.const (Name.anonymous.str "List")
                                            [Level.param (Name.anonymous.str "u")]).app
                                        (Expr.bvar 0))
                                      { pw := { repr := ConLeche.PropWhenRepr.never✝ } } }
                                1 0,
                              ConstantInfo.ctorInfo
                                { name := Name.anonymous.str "List.cons", levelParams := [Name.anonymous.str "u"],
                                  type :=
                                    (Expr.sort (Level.param (Name.anonymous.str "u")).succ).forallE
                                      ((Expr.bvar 0).forallE
                                        (((Expr.const (Name.anonymous.str "List")
                                                  [Level.param (Name.anonymous.str "u")]).app
                                              (Expr.bvar 1)).forallE
                                          ((Expr.const (Name.anonymous.str "List")
                                                [Level.param (Name.anonymous.str "u")]).app
                                            (Expr.bvar 2))
                                          { pw := { repr := ConLeche.PropWhenRepr.never✝ } })
                                        { pw := { repr := ConLeche.PropWhenRepr.never✝ } })
                                      { pw := { repr := ConLeche.PropWhenRepr.never✝ } } }
                                1 2,
                              ConstantInfo.indInfo
                                { name := Name.anonymous.str "Tree2", levelParams := [],
                                  type :=
                                    (Expr.sort Level.zero.succ).forallE (Expr.sort Level.zero.succ)
                                      { pw := { repr := ConLeche.PropWhenRepr.never✝ } } }
                                { sortZ := { repr := ConLeche.PropWhenRepr.always✝ },
                                  all := [Name.anonymous.str "Tree2"], nparams := 1,
                                  ctors :=
                                    [Name.anonymous.str "Tree2.leaf", Name.anonymous.str "Tree2.node"] }] }.find?,
                    ctorsOf := fun n => if (n == Ln) = true then listCs else [], lvls := [],
                    ps := [Expr.fvar 0 (Expr.sort Level.zero.succ)],
                    auxName := fun i => if (i == 1) = true then rn else cn }
                  (List.map Official.AuxType.name st.types.toList)
                  ((Expr.const (Name.anonymous.str "Tree2") []).app (Expr.fvar 0 (Expr.sort Level.zero.succ))))
          match __do_lift with
            | none => pure none
            | some (I, us, np, args) =>
              have key := (Expr.const I us).mkAppN (List.take np args);
              have mk := fun a =>
                ((Expr.const a
                          {
                              find? :=
                                {
                                    consts :=
                                      [ConstantInfo.indInfo
                                          { name := Name.anonymous.str "List", levelParams := [Name.anonymous.str "u"],
                                            type :=
                                              (Expr.sort (Level.param (Name.anonymous.str "u")).succ).forallE
                                                (Expr.sort (Level.param (Name.anonymous.str "u")).succ)
                                                { pw := { repr := ConLeche.PropWhenRepr.never✝ } } }
                                          { sortZ := { repr := ConLeche.PropWhenRepr.always✝ },
                                            all := [Name.anonymous.str "List"], nparams := 1,
                                            ctors := [Name.anonymous.str "List.nil", Name.anonymous.str "List.cons"] },
                                        ConstantInfo.ctorInfo
                                          { name := Name.anonymous.str "List.nil",
                                            levelParams := [Name.anonymous.str "u"],
                                            type :=
                                              (Expr.sort (Level.param (Name.anonymous.str "u")).succ).forallE
                                                ((Expr.const (Name.anonymous.str "List")
                                                      [Level.param (Name.anonymous.str "u")]).app
                                                  (Expr.bvar 0))
                                                { pw := { repr := ConLeche.PropWhenRepr.never✝ } } }
                                          1 0,
                                        ConstantInfo.ctorInfo
                                          { name := Name.anonymous.str "List.cons",
                                            levelParams := [Name.anonymous.str "u"],
                                            type :=
                                              (Expr.sort (Level.param (Name.anonymous.str "u")).succ).forallE
                                                ((Expr.bvar 0).forallE
                                                  (((Expr.const (Name.anonymous.str "List")
                                                            [Level.param (Name.anonymous.str "u")]).app
                                                        (Expr.bvar 1)).forallE
                                                    ((Expr.const (Name.anonymous.str "List")
                                                          [Level.param (Name.anonymous.str "u")]).app
                                                      (Expr.bvar 2))
                                                    { pw := { repr := ConLeche.PropWhenRepr.never✝ } })
                                                  { pw := { repr := ConLeche.PropWhenRepr.never✝ } })
                                                { pw := { repr := ConLeche.PropWhenRepr.never✝ } } }
                                          1 2,
                                        ConstantInfo.indInfo
                                          { name := Name.anonymous.str "Tree2", levelParams := [],
                                            type :=
                                              (Expr.sort Level.zero.succ).forallE (Expr.sort Level.zero.succ)
                                                { pw := { repr := ConLeche.PropWhenRepr.never✝ } } }
                                          { sortZ := { repr := ConLeche.PropWhenRepr.always✝ },
                                            all := [Name.anonymous.str "Tree2"], nparams := 1,
                                            ctors :=
                                              [Name.anonymous.str "Tree2.leaf",
                                                Name.anonymous.str "Tree2.node"] }] }.find?,
                              ctorsOf := fun n => if (n == Ln) = true then listCs else [], lvls := [],
                              ps := [Expr.fvar 0 (Expr.sort Level.zero.succ)],
                              auxName := fun i => if (i == 1) = true then rn else cn }.lvls).mkAppN
                      {
                          find? :=
                            {
                                consts :=
                                  [ConstantInfo.indInfo
                                      { name := Name.anonymous.str "List", levelParams := [Name.anonymous.str "u"],
                                        type :=
                                          (Expr.sort (Level.param (Name.anonymous.str "u")).succ).forallE
                                            (Expr.sort (Level.param (Name.anonymous.str "u")).succ)
                                            { pw := { repr := ConLeche.PropWhenRepr.never✝ } } }
                                      { sortZ := { repr := ConLeche.PropWhenRepr.always✝ },
                                        all := [Name.anonymous.str "List"], nparams := 1,
                                        ctors := [Name.anonymous.str "List.nil", Name.anonymous.str "List.cons"] },
                                    ConstantInfo.ctorInfo
                                      { name := Name.anonymous.str "List.nil", levelParams := [Name.anonymous.str "u"],
                                        type :=
                                          (Expr.sort (Level.param (Name.anonymous.str "u")).succ).forallE
                                            ((Expr.const (Name.anonymous.str "List")
                                                  [Level.param (Name.anonymous.str "u")]).app
                                              (Expr.bvar 0))
                                            { pw := { repr := ConLeche.PropWhenRepr.never✝ } } }
                                      1 0,
                                    ConstantInfo.ctorInfo
                                      { name := Name.anonymous.str "List.cons", levelParams := [Name.anonymous.str "u"],
                                        type :=
                                          (Expr.sort (Level.param (Name.anonymous.str "u")).succ).forallE
                                            ((Expr.bvar 0).forallE
                                              (((Expr.const (Name.anonymous.str "List")
                                                        [Level.param (Name.anonymous.str "u")]).app
                                                    (Expr.bvar 1)).forallE
                                                ((Expr.const (Name.anonymous.str "List")
                                                      [Level.param (Name.anonymous.str "u")]).app
                                                  (Expr.bvar 2))
                                                { pw := { repr := ConLeche.PropWhenRepr.never✝ } })
                                              { pw := { repr := ConLeche.PropWhenRepr.never✝ } })
                                            { pw := { repr := ConLeche.PropWhenRepr.never✝ } } }
                                      1 2,
                                    ConstantInfo.indInfo
                                      { name := Name.anonymous.str "Tree2", levelParams := [],
                                        type :=
                                          (Expr.sort Level.zero.succ).forallE (Expr.sort Level.zero.succ)
                                            { pw := { repr := ConLeche.PropWhenRepr.never✝ } } }
                                      { sortZ := { repr := ConLeche.PropWhenRepr.always✝ },
                                        all := [Name.anonymous.str "Tree2"], nparams := 1,
                                        ctors :=
                                          [Name.anonymous.str "Tree2.leaf", Name.anonymous.str "Tree2.node"] }] }.find?,
                          ctorsOf := fun n => if (n == Ln) = true then listCs else [], lvls := [],
                          ps := [Expr.fvar 0 (Expr.sort Level.zero.succ)],
                          auxName := fun i => if (i == 1) = true then rn else cn }.ps).mkAppN
                  (List.drop np args);
              match List.lookup key st.aux with
              | some a => pure (some (mk a))
              | none => do
                Official.copyBlock
                    {
                      find? :=
                        {
                            consts :=
                              [ConstantInfo.indInfo
                                  { name := Name.anonymous.str "List", levelParams := [Name.anonymous.str "u"],
                                    type :=
                                      (Expr.sort (Level.param (Name.anonymous.str "u")).succ).forallE
                                        (Expr.sort (Level.param (Name.anonymous.str "u")).succ)
                                        { pw := { repr := ConLeche.PropWhenRepr.never✝ } } }
                                  { sortZ := { repr := ConLeche.PropWhenRepr.always✝ },
                                    all := [Name.anonymous.str "List"], nparams := 1,
                                    ctors := [Name.anonymous.str "List.nil", Name.anonymous.str "List.cons"] },
                                ConstantInfo.ctorInfo
                                  { name := Name.anonymous.str "List.nil", levelParams := [Name.anonymous.str "u"],
                                    type :=
                                      (Expr.sort (Level.param (Name.anonymous.str "u")).succ).forallE
                                        ((Expr.const (Name.anonymous.str "List")
                                              [Level.param (Name.anonymous.str "u")]).app
                                          (Expr.bvar 0))
                                        { pw := { repr := ConLeche.PropWhenRepr.never✝ } } }
                                  1 0,
                                ConstantInfo.ctorInfo
                                  { name := Name.anonymous.str "List.cons", levelParams := [Name.anonymous.str "u"],
                                    type :=
                                      (Expr.sort (Level.param (Name.anonymous.str "u")).succ).forallE
                                        ((Expr.bvar 0).forallE
                                          (((Expr.const (Name.anonymous.str "List")
                                                    [Level.param (Name.anonymous.str "u")]).app
                                                (Expr.bvar 1)).forallE
                                            ((Expr.const (Name.anonymous.str "List")
                                                  [Level.param (Name.anonymous.str "u")]).app
                                              (Expr.bvar 2))
                                            { pw := { repr := ConLeche.PropWhenRepr.never✝ } })
                                          { pw := { repr := ConLeche.PropWhenRepr.never✝ } })
                                        { pw := { repr := ConLeche.PropWhenRepr.never✝ } } }
                                  1 2,
                                ConstantInfo.indInfo
                                  { name := Name.anonymous.str "Tree2", levelParams := [],
                                    type :=
                                      (Expr.sort Level.zero.succ).forallE (Expr.sort Level.zero.succ)
                                        { pw := { repr := ConLeche.PropWhenRepr.never✝ } } }
                                  { sortZ := { repr := ConLeche.PropWhenRepr.always✝ },
                                    all := [Name.anonymous.str "Tree2"], nparams := 1,
                                    ctors :=
                                      [Name.anonymous.str "Tree2.leaf", Name.anonymous.str "Tree2.node"] }] }.find?,
                      ctorsOf := fun n => if (n == Ln) = true then listCs else [], lvls := [],
                      ps := [Expr.fvar 0 (Expr.sort Level.zero.succ)],
                      auxName := fun i => if (i == 1) = true then rn else cn }
                    us (List.take np args)
                    (Official.blockOf
                      {
                        find? :=
                          {
                              consts :=
                                [ConstantInfo.indInfo
                                    { name := Name.anonymous.str "List", levelParams := [Name.anonymous.str "u"],
                                      type :=
                                        (Expr.sort (Level.param (Name.anonymous.str "u")).succ).forallE
                                          (Expr.sort (Level.param (Name.anonymous.str "u")).succ)
                                          { pw := { repr := ConLeche.PropWhenRepr.never✝ } } }
                                    { sortZ := { repr := ConLeche.PropWhenRepr.always✝ },
                                      all := [Name.anonymous.str "List"], nparams := 1,
                                      ctors := [Name.anonymous.str "List.nil", Name.anonymous.str "List.cons"] },
                                  ConstantInfo.ctorInfo
                                    { name := Name.anonymous.str "List.nil", levelParams := [Name.anonymous.str "u"],
                                      type :=
                                        (Expr.sort (Level.param (Name.anonymous.str "u")).succ).forallE
                                          ((Expr.const (Name.anonymous.str "List")
                                                [Level.param (Name.anonymous.str "u")]).app
                                            (Expr.bvar 0))
                                          { pw := { repr := ConLeche.PropWhenRepr.never✝ } } }
                                    1 0,
                                  ConstantInfo.ctorInfo
                                    { name := Name.anonymous.str "List.cons", levelParams := [Name.anonymous.str "u"],
                                      type :=
                                        (Expr.sort (Level.param (Name.anonymous.str "u")).succ).forallE
                                          ((Expr.bvar 0).forallE
                                            (((Expr.const (Name.anonymous.str "List")
                                                      [Level.param (Name.anonymous.str "u")]).app
                                                  (Expr.bvar 1)).forallE
                                              ((Expr.const (Name.anonymous.str "List")
                                                    [Level.param (Name.anonymous.str "u")]).app
                                                (Expr.bvar 2))
                                              { pw := { repr := ConLeche.PropWhenRepr.never✝ } })
                                            { pw := { repr := ConLeche.PropWhenRepr.never✝ } })
                                          { pw := { repr := ConLeche.PropWhenRepr.never✝ } } }
                                    1 2,
                                  ConstantInfo.indInfo
                                    { name := Name.anonymous.str "Tree2", levelParams := [],
                                      type :=
                                        (Expr.sort Level.zero.succ).forallE (Expr.sort Level.zero.succ)
                                          { pw := { repr := ConLeche.PropWhenRepr.never✝ } } }
                                    { sortZ := { repr := ConLeche.PropWhenRepr.always✝ },
                                      all := [Name.anonymous.str "Tree2"], nparams := 1,
                                      ctors :=
                                        [Name.anonymous.str "Tree2.leaf", Name.anonymous.str "Tree2.node"] }] }.find?,
                        ctorsOf := fun n => if (n == Ln) = true then listCs else [], lvls := [],
                        ps := [Expr.fvar 0 (Expr.sort Level.zero.succ)],
                        auxName := fun i => if (i == 1) = true then rn else cn }
                      I)
                let __do_lift ← get
                match List.lookup key __do_lift.aux with
                  | some a => pure (some (mk a))
                  | none => throw Official.illFormed)
        fun __do_lift =>
        match __do_lift with
        | some a => fun a_1 => pure a a_1
        | none => do
          let __do_lift ←
            Official.replaceAll
                {
                  find? :=
                    {
                        consts :=
                          [ConstantInfo.indInfo
                              { name := Name.anonymous.str "List", levelParams := [Name.anonymous.str "u"],
                                type :=
                                  (Expr.sort (Level.param (Name.anonymous.str "u")).succ).forallE
                                    (Expr.sort (Level.param (Name.anonymous.str "u")).succ)
                                    { pw := { repr := ConLeche.PropWhenRepr.never✝ } } }
                              { sortZ := { repr := ConLeche.PropWhenRepr.always✝ }, all := [Name.anonymous.str "List"],
                                nparams := 1,
                                ctors := [Name.anonymous.str "List.nil", Name.anonymous.str "List.cons"] },
                            ConstantInfo.ctorInfo
                              { name := Name.anonymous.str "List.nil", levelParams := [Name.anonymous.str "u"],
                                type :=
                                  (Expr.sort (Level.param (Name.anonymous.str "u")).succ).forallE
                                    ((Expr.const (Name.anonymous.str "List") [Level.param (Name.anonymous.str "u")]).app
                                      (Expr.bvar 0))
                                    { pw := { repr := ConLeche.PropWhenRepr.never✝ } } }
                              1 0,
                            ConstantInfo.ctorInfo
                              { name := Name.anonymous.str "List.cons", levelParams := [Name.anonymous.str "u"],
                                type :=
                                  (Expr.sort (Level.param (Name.anonymous.str "u")).succ).forallE
                                    ((Expr.bvar 0).forallE
                                      (((Expr.const (Name.anonymous.str "List")
                                                [Level.param (Name.anonymous.str "u")]).app
                                            (Expr.bvar 1)).forallE
                                        ((Expr.const (Name.anonymous.str "List")
                                              [Level.param (Name.anonymous.str "u")]).app
                                          (Expr.bvar 2))
                                        { pw := { repr := ConLeche.PropWhenRepr.never✝ } })
                                      { pw := { repr := ConLeche.PropWhenRepr.never✝ } })
                                    { pw := { repr := ConLeche.PropWhenRepr.never✝ } } }
                              1 2,
                            ConstantInfo.indInfo
                              { name := Name.anonymous.str "Tree2", levelParams := [],
                                type :=
                                  (Expr.sort Level.zero.succ).forallE (Expr.sort Level.zero.succ)
                                    { pw := { repr := ConLeche.PropWhenRepr.never✝ } } }
                              { sortZ := { repr := ConLeche.PropWhenRepr.always✝ }, all := [Name.anonymous.str "Tree2"],
                                nparams := 1,
                                ctors := [Name.anonymous.str "Tree2.leaf", Name.anonymous.str "Tree2.node"] }] }.find?,
                  ctorsOf := fun n => if (n == Ln) = true then listCs else [], lvls := [],
                  ps := [Expr.fvar 0 (Expr.sort Level.zero.succ)],
                  auxName := fun i => if (i == 1) = true then rn else cn }
                (Expr.const (Name.anonymous.str "Tree2") [])
          let __do_lift_1 ←
            Official.replaceAll
                {
                  find? :=
                    {
                        consts :=
                          [ConstantInfo.indInfo
                              { name := Name.anonymous.str "List", levelParams := [Name.anonymous.str "u"],
                                type :=
                                  (Expr.sort (Level.param (Name.anonymous.str "u")).succ).forallE
                                    (Expr.sort (Level.param (Name.anonymous.str "u")).succ)
                                    { pw := { repr := ConLeche.PropWhenRepr.never✝ } } }
                              { sortZ := { repr := ConLeche.PropWhenRepr.always✝ }, all := [Name.anonymous.str "List"],
                                nparams := 1,
                                ctors := [Name.anonymous.str "List.nil", Name.anonymous.str "List.cons"] },
                            ConstantInfo.ctorInfo
                              { name := Name.anonymous.str "List.nil", levelParams := [Name.anonymous.str "u"],
                                type :=
                                  (Expr.sort (Level.param (Name.anonymous.str "u")).succ).forallE
                                    ((Expr.const (Name.anonymous.str "List") [Level.param (Name.anonymous.str "u")]).app
                                      (Expr.bvar 0))
                                    { pw := { repr := ConLeche.PropWhenRepr.never✝ } } }
                              1 0,
                            ConstantInfo.ctorInfo
                              { name := Name.anonymous.str "List.cons", levelParams := [Name.anonymous.str "u"],
                                type :=
                                  (Expr.sort (Level.param (Name.anonymous.str "u")).succ).forallE
                                    ((Expr.bvar 0).forallE
                                      (((Expr.const (Name.anonymous.str "List")
                                                [Level.param (Name.anonymous.str "u")]).app
                                            (Expr.bvar 1)).forallE
                                        ((Expr.const (Name.anonymous.str "List")
                                              [Level.param (Name.anonymous.str "u")]).app
                                          (Expr.bvar 2))
                                        { pw := { repr := ConLeche.PropWhenRepr.never✝ } })
                                      { pw := { repr := ConLeche.PropWhenRepr.never✝ } })
                                    { pw := { repr := ConLeche.PropWhenRepr.never✝ } } }
                              1 2,
                            ConstantInfo.indInfo
                              { name := Name.anonymous.str "Tree2", levelParams := [],
                                type :=
                                  (Expr.sort Level.zero.succ).forallE (Expr.sort Level.zero.succ)
                                    { pw := { repr := ConLeche.PropWhenRepr.never✝ } } }
                              { sortZ := { repr := ConLeche.PropWhenRepr.always✝ }, all := [Name.anonymous.str "Tree2"],
                                nparams := 1,
                                ctors := [Name.anonymous.str "Tree2.leaf", Name.anonymous.str "Tree2.node"] }] }.find?,
                  ctorsOf := fun n => if (n == Ln) = true then listCs else [], lvls := [],
                  ps := [Expr.fvar 0 (Expr.sort Level.zero.succ)],
                  auxName := fun i => if (i == 1) = true then rn else cn }
                (Expr.fvar 0 (Expr.sort Level.zero.succ))
          pure (__do_lift.app __do_lift_1)
    ==>
      (StateT.get.bind fun st => do
            let __do_lift ←
              monadLift
                  (Official.isNestedApp
                    {
                      find? :=
                        {
                            consts :=
                              [ConstantInfo.indInfo
                                  { name := Name.anonymous.str "List", levelParams := [Name.anonymous.str "u"],
                                    type :=
                                      (Expr.sort (Level.param (Name.anonymous.str "u")).succ).forallE
                                        (Expr.sort (Level.param (Name.anonymous.str "u")).succ)
                                        { pw := { repr := ConLeche.PropWhenRepr.never✝ } } }
                                  { sortZ := { repr := ConLeche.PropWhenRepr.always✝ },
                                    all := [Name.anonymous.str "List"], nparams := 1,
                                    ctors := [Name.anonymous.str "List.nil", Name.anonymous.str "List.cons"] },
                                ConstantInfo.ctorInfo
                                  { name := Name.anonymous.str "List.nil", levelParams := [Name.anonymous.str "u"],
                                    type :=
                                      (Expr.sort (Level.param (Name.anonymous.str "u")).succ).forallE
                                        ((Expr.const (Name.anonymous.str "List")
                                              [Level.param (Name.anonymous.str "u")]).app
                                          (Expr.bvar 0))
                                        { pw := { repr := ConLeche.PropWhenRepr.never✝ } } }
                                  1 0,
                                ConstantInfo.ctorInfo
                                  { name := Name.anonymous.str "List.cons", levelParams := [Name.anonymous.str "u"],
                                    type :=
                                      (Expr.sort (Level.param (Name.anonymous.str "u")).succ).forallE
                                        ((Expr.bvar 0).forallE
                                          (((Expr.const (Name.anonymous.str "List")
                                                    [Level.param (Name.anonymous.str "u")]).app
                                                (Expr.bvar 1)).forallE
                                            ((Expr.const (Name.anonymous.str "List")
                                                  [Level.param (Name.anonymous.str "u")]).app
                                              (Expr.bvar 2))
                                            { pw := { repr := ConLeche.PropWhenRepr.never✝ } })
                                          { pw := { repr := ConLeche.PropWhenRepr.never✝ } })
                                        { pw := { repr := ConLeche.PropWhenRepr.never✝ } } }
                                  1 2,
                                ConstantInfo.indInfo
                                  { name := Name.anonymous.str "Tree2", levelParams := [],
                                    type :=
                                      (Expr.sort Level.zero.succ).forallE (Expr.sort Level.zero.succ)
                                        { pw := { repr := ConLeche.PropWhenRepr.never✝ } } }
                                  { sortZ := { repr := ConLeche.PropWhenRepr.always✝ },
                                    all := [Name.anonymous.str "Tree2"], nparams := 1,
                                    ctors :=
                                      [Name.anonymous.str "Tree2.leaf", Name.anonymous.str "Tree2.node"] }] }.find?,
                      ctorsOf := fun n => if (n == Ln) = true then listCs else [], lvls := [],
                      ps := [Expr.fvar 0 (Expr.sort Level.zero.succ)],
                      auxName := fun i => if (i == 1) = true then rn else cn }
                    (List.map Official.AuxType.name st.types.toList)
                    ((Expr.const (Name.anonymous.str "Tree2") []).app (Expr.fvar 0 (Expr.sort Level.zero.succ))))
            match __do_lift with
              | none => pure none
              | some (I, us, np, args) =>
                have key := (Expr.const I us).mkAppN (List.take np args);
                have mk := fun a =>
                  ((Expr.const a
                            {
                                find? :=
                                  {
                                      consts :=
                                        [ConstantInfo.indInfo
                                            { name := Name.anonymous.str "List",
                                              levelParams := [Name.anonymous.str "u"],
                                              type :=
                                                (Expr.sort (Level.param (Name.anonymous.str "u")).succ).forallE
                                                  (Expr.sort (Level.param (Name.anonymous.str "u")).succ)
                                                  { pw := { repr := ConLeche.PropWhenRepr.never✝ } } }
                                            { sortZ := { repr := ConLeche.PropWhenRepr.always✝ },
                                              all := [Name.anonymous.str "List"], nparams := 1,
                                              ctors :=
                                                [Name.anonymous.str "List.nil", Name.anonymous.str "List.cons"] },
                                          ConstantInfo.ctorInfo
                                            { name := Name.anonymous.str "List.nil",
                                              levelParams := [Name.anonymous.str "u"],
                                              type :=
                                                (Expr.sort (Level.param (Name.anonymous.str "u")).succ).forallE
                                                  ((Expr.const (Name.anonymous.str "List")
                                                        [Level.param (Name.anonymous.str "u")]).app
                                                    (Expr.bvar 0))
                                                  { pw := { repr := ConLeche.PropWhenRepr.never✝ } } }
                                            1 0,
                                          ConstantInfo.ctorInfo
                                            { name := Name.anonymous.str "List.cons",
                                              levelParams := [Name.anonymous.str "u"],
                                              type :=
                                                (Expr.sort (Level.param (Name.anonymous.str "u")).succ).forallE
                                                  ((Expr.bvar 0).forallE
                                                    (((Expr.const (Name.anonymous.str "List")
                                                              [Level.param (Name.anonymous.str "u")]).app
                                                          (Expr.bvar 1)).forallE
                                                      ((Expr.const (Name.anonymous.str "List")
                                                            [Level.param (Name.anonymous.str "u")]).app
                                                        (Expr.bvar 2))
                                                      { pw := { repr := ConLeche.PropWhenRepr.never✝ } })
                                                    { pw := { repr := ConLeche.PropWhenRepr.never✝ } })
                                                  { pw := { repr := ConLeche.PropWhenRepr.never✝ } } }
                                            1 2,
                                          ConstantInfo.indInfo
                                            { name := Name.anonymous.str "Tree2", levelParams := [],
                                              type :=
                                                (Expr.sort Level.zero.succ).forallE (Expr.sort Level.zero.succ)
                                                  { pw := { repr := ConLeche.PropWhenRepr.never✝ } } }
                                            { sortZ := { repr := ConLeche.PropWhenRepr.always✝ },
                                              all := [Name.anonymous.str "Tree2"], nparams := 1,
                                              ctors :=
                                                [Name.anonymous.str "Tree2.leaf",
                                                  Name.anonymous.str "Tree2.node"] }] }.find?,
                                ctorsOf := fun n => if (n == Ln) = true then listCs else [], lvls := [],
                                ps := [Expr.fvar 0 (Expr.sort Level.zero.succ)],
                                auxName := fun i => if (i == 1) = true then rn else cn }.lvls).mkAppN
                        {
                            find? :=
                              {
                                  consts :=
                                    [ConstantInfo.indInfo
                                        { name := Name.anonymous.str "List", levelParams := [Name.anonymous.str "u"],
                                          type :=
                                            (Expr.sort (Level.param (Name.anonymous.str "u")).succ).forallE
                                              (Expr.sort (Level.param (Name.anonymous.str "u")).succ)
                                              { pw := { repr := ConLeche.PropWhenRepr.never✝ } } }
                                        { sortZ := { repr := ConLeche.PropWhenRepr.always✝ },
                                          all := [Name.anonymous.str "List"], nparams := 1,
                                          ctors := [Name.anonymous.str "List.nil", Name.anonymous.str "List.cons"] },
                                      ConstantInfo.ctorInfo
                                        { name := Name.anonymous.str "List.nil",
                                          levelParams := [Name.anonymous.str "u"],
                                          type :=
                                            (Expr.sort (Level.param (Name.anonymous.str "u")).succ).forallE
                                              ((Expr.const (Name.anonymous.str "List")
                                                    [Level.param (Name.anonymous.str "u")]).app
                                                (Expr.bvar 0))
                                              { pw := { repr := ConLeche.PropWhenRepr.never✝ } } }
                                        1 0,
                                      ConstantInfo.ctorInfo
                                        { name := Name.anonymous.str "List.cons",
                                          levelParams := [Name.anonymous.str "u"],
                                          type :=
                                            (Expr.sort (Level.param (Name.anonymous.str "u")).succ).forallE
                                              ((Expr.bvar 0).forallE
                                                (((Expr.const (Name.anonymous.str "List")
                                                          [Level.param (Name.anonymous.str "u")]).app
                                                      (Expr.bvar 1)).forallE
                                                  ((Expr.const (Name.anonymous.str "List")
                                                        [Level.param (Name.anonymous.str "u")]).app
                                                    (Expr.bvar 2))
                                                  { pw := { repr := ConLeche.PropWhenRepr.never✝ } })
                                                { pw := { repr := ConLeche.PropWhenRepr.never✝ } })
                                              { pw := { repr := ConLeche.PropWhenRepr.never✝ } } }
                                        1 2,
                                      ConstantInfo.indInfo
                                        { name := Name.anonymous.str "Tree2", levelParams := [],
                                          type :=
                                            (Expr.sort Level.zero.succ).forallE (Expr.sort Level.zero.succ)
                                              { pw := { repr := ConLeche.PropWhenRepr.never✝ } } }
                                        { sortZ := { repr := ConLeche.PropWhenRepr.always✝ },
                                          all := [Name.anonymous.str "Tree2"], nparams := 1,
                                          ctors :=
                                            [Name.anonymous.str "Tree2.leaf",
                                              Name.anonymous.str "Tree2.node"] }] }.find?,
                            ctorsOf := fun n => if (n == Ln) = true then listCs else [], lvls := [],
                            ps := [Expr.fvar 0 (Expr.sort Level.zero.succ)],
                            auxName := fun i => if (i == 1) = true then rn else cn }.ps).mkAppN
                    (List.drop np args);
                match List.lookup key st.aux with
                | some a => pure (some (mk a))
                | none => do
                  Official.copyBlock
                      {
                        find? :=
                          {
                              consts :=
                                [ConstantInfo.indInfo
                                    { name := Name.anonymous.str "List", levelParams := [Name.anonymous.str "u"],
                                      type :=
                                        (Expr.sort (Level.param (Name.anonymous.str "u")).succ).forallE
                                          (Expr.sort (Level.param (Name.anonymous.str "u")).succ)
                                          { pw := { repr := ConLeche.PropWhenRepr.never✝ } } }
                                    { sortZ := { repr := ConLeche.PropWhenRepr.always✝ },
                                      all := [Name.anonymous.str "List"], nparams := 1,
                                      ctors := [Name.anonymous.str "List.nil", Name.anonymous.str "List.cons"] },
                                  ConstantInfo.ctorInfo
                                    { name := Name.anonymous.str "List.nil", levelParams := [Name.anonymous.str "u"],
                                      type :=
                                        (Expr.sort (Level.param (Name.anonymous.str "u")).succ).forallE
                                          ((Expr.const (Name.anonymous.str "List")
                                                [Level.param (Name.anonymous.str "u")]).app
                                            (Expr.bvar 0))
                                          { pw := { repr := ConLeche.PropWhenRepr.never✝ } } }
                                    1 0,
                                  ConstantInfo.ctorInfo
                                    { name := Name.anonymous.str "List.cons", levelParams := [Name.anonymous.str "u"],
                                      type :=
                                        (Expr.sort (Level.param (Name.anonymous.str "u")).succ).forallE
                                          ((Expr.bvar 0).forallE
                                            (((Expr.const (Name.anonymous.str "List")
                                                      [Level.param (Name.anonymous.str "u")]).app
                                                  (Expr.bvar 1)).forallE
                                              ((Expr.const (Name.anonymous.str "List")
                                                    [Level.param (Name.anonymous.str "u")]).app
                                                (Expr.bvar 2))
                                              { pw := { repr := ConLeche.PropWhenRepr.never✝ } })
                                            { pw := { repr := ConLeche.PropWhenRepr.never✝ } })
                                          { pw := { repr := ConLeche.PropWhenRepr.never✝ } } }
                                    1 2,
                                  ConstantInfo.indInfo
                                    { name := Name.anonymous.str "Tree2", levelParams := [],
                                      type :=
                                        (Expr.sort Level.zero.succ).forallE (Expr.sort Level.zero.succ)
                                          { pw := { repr := ConLeche.PropWhenRepr.never✝ } } }
                                    { sortZ := { repr := ConLeche.PropWhenRepr.always✝ },
                                      all := [Name.anonymous.str "Tree2"], nparams := 1,
                                      ctors :=
                                        [Name.anonymous.str "Tree2.leaf", Name.anonymous.str "Tree2.node"] }] }.find?,
                        ctorsOf := fun n => if (n == Ln) = true then listCs else [], lvls := [],
                        ps := [Expr.fvar 0 (Expr.sort Level.zero.succ)],
                        auxName := fun i => if (i == 1) = true then rn else cn }
                      us (List.take np args)
                      (Official.blockOf
                        {
                          find? :=
                            {
                                consts :=
                                  [ConstantInfo.indInfo
                                      { name := Name.anonymous.str "List", levelParams := [Name.anonymous.str "u"],
                                        type :=
                                          (Expr.sort (Level.param (Name.anonymous.str "u")).succ).forallE
                                            (Expr.sort (Level.param (Name.anonymous.str "u")).succ)
                                            { pw := { repr := ConLeche.PropWhenRepr.never✝ } } }
                                      { sortZ := { repr := ConLeche.PropWhenRepr.always✝ },
                                        all := [Name.anonymous.str "List"], nparams := 1,
                                        ctors := [Name.anonymous.str "List.nil", Name.anonymous.str "List.cons"] },
                                    ConstantInfo.ctorInfo
                                      { name := Name.anonymous.str "List.nil", levelParams := [Name.anonymous.str "u"],
                                        type :=
                                          (Expr.sort (Level.param (Name.anonymous.str "u")).succ).forallE
                                            ((Expr.const (Name.anonymous.str "List")
                                                  [Level.param (Name.anonymous.str "u")]).app
                                              (Expr.bvar 0))
                                            { pw := { repr := ConLeche.PropWhenRepr.never✝ } } }
                                      1 0,
                                    ConstantInfo.ctorInfo
                                      { name := Name.anonymous.str "List.cons", levelParams := [Name.anonymous.str "u"],
                                        type :=
                                          (Expr.sort (Level.param (Name.anonymous.str "u")).succ).forallE
                                            ((Expr.bvar 0).forallE
                                              (((Expr.const (Name.anonymous.str "List")
                                                        [Level.param (Name.anonymous.str "u")]).app
                                                    (Expr.bvar 1)).forallE
                                                ((Expr.const (Name.anonymous.str "List")
                                                      [Level.param (Name.anonymous.str "u")]).app
                                                  (Expr.bvar 2))
                                                { pw := { repr := ConLeche.PropWhenRepr.never✝ } })
                                              { pw := { repr := ConLeche.PropWhenRepr.never✝ } })
                                            { pw := { repr := ConLeche.PropWhenRepr.never✝ } } }
                                      1 2,
                                    ConstantInfo.indInfo
                                      { name := Name.anonymous.str "Tree2", levelParams := [],
                                        type :=
                                          (Expr.sort Level.zero.succ).forallE (Expr.sort Level.zero.succ)
                                            { pw := { repr := ConLeche.PropWhenRepr.never✝ } } }
                                      { sortZ := { repr := ConLeche.PropWhenRepr.always✝ },
                                        all := [Name.anonymous.str "Tree2"], nparams := 1,
                                        ctors :=
                                          [Name.anonymous.str "Tree2.leaf", Name.anonymous.str "Tree2.node"] }] }.find?,
                          ctorsOf := fun n => if (n == Ln) = true then listCs else [], lvls := [],
                          ps := [Expr.fvar 0 (Expr.sort Level.zero.succ)],
                          auxName := fun i => if (i == 1) = true then rn else cn }
                        I)
                  let __do_lift ← get
                  match List.lookup key __do_lift.aux with
                    | some a => pure (some (mk a))
                    | none => throw Official.illFormed).bind
        fun __do_lift =>
        match __do_lift with
        | some a => fun a_1 => pure a a_1
        | none => do
          let __do_lift ←
            Official.replaceAll
                {
                  find? :=
                    {
                        consts :=
                          [ConstantInfo.indInfo
                              { name := Name.anonymous.str "List", levelParams := [Name.anonymous.str "u"],
                                type :=
                                  (Expr.sort (Level.param (Name.anonymous.str "u")).succ).forallE
                                    (Expr.sort (Level.param (Name.anonymous.str "u")).succ)
                                    { pw := { repr := ConLeche.PropWhenRepr.never✝ } } }
                              { sortZ := { repr := ConLeche.PropWhenRepr.always✝ }, all := [Name.anonymous.str "List"],
                                nparams := 1,
                                ctors := [Name.anonymous.str "List.nil", Name.anonymous.str "List.cons"] },
                            ConstantInfo.ctorInfo
                              { name := Name.anonymous.str "List.nil", levelParams := [Name.anonymous.str "u"],
                                type :=
                                  (Expr.sort (Level.param (Name.anonymous.str "u")).succ).forallE
                                    ((Expr.const (Name.anonymous.str "List") [Level.param (Name.anonymous.str "u")]).app
                                      (Expr.bvar 0))
                                    { pw := { repr := ConLeche.PropWhenRepr.never✝ } } }
                              1 0,
                            ConstantInfo.ctorInfo
                              { name := Name.anonymous.str "List.cons", levelParams := [Name.anonymous.str "u"],
                                type :=
                                  (Expr.sort (Level.param (Name.anonymous.str "u")).succ).forallE
                                    ((Expr.bvar 0).forallE
                                      (((Expr.const (Name.anonymous.str "List")
                                                [Level.param (Name.anonymous.str "u")]).app
                                            (Expr.bvar 1)).forallE
                                        ((Expr.const (Name.anonymous.str "List")
                                              [Level.param (Name.anonymous.str "u")]).app
                                          (Expr.bvar 2))
                                        { pw := { repr := ConLeche.PropWhenRepr.never✝ } })
                                      { pw := { repr := ConLeche.PropWhenRepr.never✝ } })
                                    { pw := { repr := ConLeche.PropWhenRepr.never✝ } } }
                              1 2,
                            ConstantInfo.indInfo
                              { name := Name.anonymous.str "Tree2", levelParams := [],
                                type :=
                                  (Expr.sort Level.zero.succ).forallE (Expr.sort Level.zero.succ)
                                    { pw := { repr := ConLeche.PropWhenRepr.never✝ } } }
                              { sortZ := { repr := ConLeche.PropWhenRepr.always✝ }, all := [Name.anonymous.str "Tree2"],
                                nparams := 1,
                                ctors := [Name.anonymous.str "Tree2.leaf", Name.anonymous.str "Tree2.node"] }] }.find?,
                  ctorsOf := fun n => if (n == Ln) = true then listCs else [], lvls := [],
                  ps := [Expr.fvar 0 (Expr.sort Level.zero.succ)],
                  auxName := fun i => if (i == 1) = true then rn else cn }
                (Expr.const (Name.anonymous.str "Tree2") [])
          let __do_lift_1 ←
            Official.replaceAll
                {
                  find? :=
                    {
                        consts :=
                          [ConstantInfo.indInfo
                              { name := Name.anonymous.str "List", levelParams := [Name.anonymous.str "u"],
                                type :=
                                  (Expr.sort (Level.param (Name.anonymous.str "u")).succ).forallE
                                    (Expr.sort (Level.param (Name.anonymous.str "u")).succ)
                                    { pw := { repr := ConLeche.PropWhenRepr.never✝ } } }
                              { sortZ := { repr := ConLeche.PropWhenRepr.always✝ }, all := [Name.anonymous.str "List"],
                                nparams := 1,
                                ctors := [Name.anonymous.str "List.nil", Name.anonymous.str "List.cons"] },
                            ConstantInfo.ctorInfo
                              { name := Name.anonymous.str "List.nil", levelParams := [Name.anonymous.str "u"],
                                type :=
                                  (Expr.sort (Level.param (Name.anonymous.str "u")).succ).forallE
                                    ((Expr.const (Name.anonymous.str "List") [Level.param (Name.anonymous.str "u")]).app
                                      (Expr.bvar 0))
                                    { pw := { repr := ConLeche.PropWhenRepr.never✝ } } }
                              1 0,
                            ConstantInfo.ctorInfo
                              { name := Name.anonymous.str "List.cons", levelParams := [Name.anonymous.str "u"],
                                type :=
                                  (Expr.sort (Level.param (Name.anonymous.str "u")).succ).forallE
                                    ((Expr.bvar 0).forallE
                                      (((Expr.const (Name.anonymous.str "List")
                                                [Level.param (Name.anonymous.str "u")]).app
                                            (Expr.bvar 1)).forallE
                                        ((Expr.const (Name.anonymous.str "List")
                                              [Level.param (Name.anonymous.str "u")]).app
                                          (Expr.bvar 2))
                                        { pw := { repr := ConLeche.PropWhenRepr.never✝ } })
                                      { pw := { repr := ConLeche.PropWhenRepr.never✝ } })
                                    { pw := { repr := ConLeche.PropWhenRepr.never✝ } } }
                              1 2,
                            ConstantInfo.indInfo
                              { name := Name.anonymous.str "Tree2", levelParams := [],
                                type :=
                                  (Expr.sort Level.zero.succ).forallE (Expr.sort Level.zero.succ)
                                    { pw := { repr := ConLeche.PropWhenRepr.never✝ } } }
                              { sortZ := { repr := ConLeche.PropWhenRepr.always✝ }, all := [Name.anonymous.str "Tree2"],
                                nparams := 1,
                                ctors := [Name.anonymous.str "Tree2.leaf", Name.anonymous.str "Tree2.node"] }] }.find?,
                  ctorsOf := fun n => if (n == Ln) = true then listCs else [], lvls := [],
                  ps := [Expr.fvar 0 (Expr.sort Level.zero.succ)],
                  auxName := fun i => if (i == 1) = true then rn else cn }
                (Expr.fvar 0 (Expr.sort Level.zero.succ))
          pure (__do_lift.app __do_lift_1)
[Debug.Meta.Tactic.cbv.reduce] simplifyAppFn:
      StateT.instMonad.toBind.1
        ((StateT.get.bind fun st => do
              let __do_lift ←
                monadLift
                    (Official.isNestedApp
                      {
                        find? :=
                          {
                              consts :=
                                [ConstantInfo.indInfo
                                    { name := Name.anonymous.str "List", levelParams := [Name.anonymous.str "u"],
                                      type :=
                                        (Expr.sort (Level.param (Name.anonymous.str "u")).succ).forallE
                                          (Expr.sort (Level.param (Name.anonymous.str "u")).succ)
                                          { pw := { repr := ConLeche.PropWhenRepr.never✝ } } }
                                    { sortZ := { repr := ConLeche.PropWhenRepr.always✝ },
                                      all := [Name.anonymous.str "List"], nparams := 1,
                                      ctors := [Name.anonymous.str "List.nil", Name.anonymous.str "List.cons"] },
                                  ConstantInfo.ctorInfo
                                    { name := Name.anonymous.str "List.nil", levelParams := [Name.anonymous.str "u"],
                                      type :=
                                        (Expr.sort (Level.param (Name.anonymous.str "u")).succ).forallE
                                          ((Expr.const (Name.anonymous.str "List")
                                                [Level.param (Name.anonymous.str "u")]).app
                                            (Expr.bvar 0))
                                          { pw := { repr := ConLeche.PropWhenRepr.never✝ } } }
                                    1 0,
                                  ConstantInfo.ctorInfo
                                    { name := Name.anonymous.str "List.cons", levelParams := [Name.anonymous.str "u"],
                                      type :=
                                        (Expr.sort (Level.param (Name.anonymous.str "u")).succ).forallE
                                          ((Expr.bvar 0).forallE
                                            (((Expr.const (Name.anonymous.str "List")
                                                      [Level.param (Name.anonymous.str "u")]).app
                                                  (Expr.bvar 1)).forallE
                                              ((Expr.const (Name.anonymous.str "List")
                                                    [Level.param (Name.anonymous.str "u")]).app
                                                (Expr.bvar 2))
                                              { pw := { repr := ConLeche.PropWhenRepr.never✝ } })
                                            { pw := { repr := ConLeche.PropWhenRepr.never✝ } })
                                          { pw := { repr := ConLeche.PropWhenRepr.never✝ } } }
                                    1 2,
                                  ConstantInfo.indInfo
                                    { name := Name.anonymous.str "Tree2", levelParams := [],
                                      type :=
                                        (Expr.sort Level.zero.succ).forallE (Expr.sort Level.zero.succ)
                                          { pw := { repr := ConLeche.PropWhenRepr.never✝ } } }
                                    { sortZ := { repr := ConLeche.PropWhenRepr.always✝ },
                                      all := [Name.anonymous.str "Tree2"], nparams := 1,
                                      ctors :=
                                        [Name.anonymous.str "Tree2.leaf", Name.anonymous.str "Tree2.node"] }] }.find?,
                        ctorsOf := fun n => if (n == Ln) = true then listCs else [], lvls := [],
                        ps := [Expr.fvar 0 (Expr.sort Level.zero.succ)],
                        auxName := fun i => if (i == 1) = true then rn else cn }
                      (List.map Official.AuxType.name st.types.toList)
                      ((Expr.const (Name.anonymous.str "Tree2") []).app (Expr.fvar 0 (Expr.sort Level.zero.succ))))
              match __do_lift with
                | none => pure none
                | some (I, us, np, args) =>
                  have key := (Expr.const I us).mkAppN (List.take np args);
                  have mk := fun a =>
                    ((Expr.const a
                              {
                                  find? :=
                                    {
                                        consts :=
                                          [ConstantInfo.indInfo
                                              { name := Name.anonymous.str "List",
                                                levelParams := [Name.anonymous.str "u"],
                                                type :=
                                                  (Expr.sort (Level.param (Name.anonymous.str "u")).succ).forallE
                                                    (Expr.sort (Level.param (Name.anonymous.str "u")).succ)
                                                    { pw := { repr := ConLeche.PropWhenRepr.never✝ } } }
                                              { sortZ := { repr := ConLeche.PropWhenRepr.always✝ },
                                                all := [Name.anonymous.str "List"], nparams := 1,
                                                ctors :=
                                                  [Name.anonymous.str "List.nil", Name.anonymous.str "List.cons"] },
                                            ConstantInfo.ctorInfo
                                              { name := Name.anonymous.str "List.nil",
                                                levelParams := [Name.anonymous.str "u"],
                                                type :=
                                                  (Expr.sort (Level.param (Name.anonymous.str "u")).succ).forallE
                                                    ((Expr.const (Name.anonymous.str "List")
                                                          [Level.param (Name.anonymous.str "u")]).app
                                                      (Expr.bvar 0))
                                                    { pw := { repr := ConLeche.PropWhenRepr.never✝ } } }
                                              1 0,
                                            ConstantInfo.ctorInfo
                                              { name := Name.anonymous.str "List.cons",
                                                levelParams := [Name.anonymous.str "u"],
                                                type :=
                                                  (Expr.sort (Level.param (Name.anonymous.str "u")).succ).forallE
                                                    ((Expr.bvar 0).forallE
                                                      (((Expr.const (Name.anonymous.str "List")
                                                                [Level.param (Name.anonymous.str "u")]).app
                                                            (Expr.bvar 1)).forallE
                                                        ((Expr.const (Name.anonymous.str "List")
                                                              [Level.param (Name.anonymous.str "u")]).app
                                                          (Expr.bvar 2))
                                                        { pw := { repr := ConLeche.PropWhenRepr.never✝ } })
                                                      { pw := { repr := ConLeche.PropWhenRepr.never✝ } })
                                                    { pw := { repr := ConLeche.PropWhenRepr.never✝ } } }
                                              1 2,
                                            ConstantInfo.indInfo
                                              { name := Name.anonymous.str "Tree2", levelParams := [],
                                                type :=
                                                  (Expr.sort Level.zero.succ).forallE (Expr.sort Level.zero.succ)
                                                    { pw := { repr := ConLeche.PropWhenRepr.never✝ } } }
                                              { sortZ := { repr := ConLeche.PropWhenRepr.always✝ },
                                                all := [Name.anonymous.str "Tree2"], nparams := 1,
                                                ctors :=
                                                  [Name.anonymous.str "Tree2.leaf",
                                                    Name.anonymous.str "Tree2.node"] }] }.find?,
                                  ctorsOf := fun n => if (n == Ln) = true then listCs else [], lvls := [],
                                  ps := [Expr.fvar 0 (Expr.sort Level.zero.succ)],
                                  auxName := fun i => if (i == 1) = true then rn else cn }.lvls).mkAppN
                          {
                              find? :=
                                {
                                    consts :=
                                      [ConstantInfo.indInfo
                                          { name := Name.anonymous.str "List", levelParams := [Name.anonymous.str "u"],
                                            type :=
                                              (Expr.sort (Level.param (Name.anonymous.str "u")).succ).forallE
                                                (Expr.sort (Level.param (Name.anonymous.str "u")).succ)
                                                { pw := { repr := ConLeche.PropWhenRepr.never✝ } } }
                                          { sortZ := { repr := ConLeche.PropWhenRepr.always✝ },
                                            all := [Name.anonymous.str "List"], nparams := 1,
                                            ctors := [Name.anonymous.str "List.nil", Name.anonymous.str "List.cons"] },
                                        ConstantInfo.ctorInfo
                                          { name := Name.anonymous.str "List.nil",
                                            levelParams := [Name.anonymous.str "u"],
                                            type :=
                                              (Expr.sort (Level.param (Name.anonymous.str "u")).succ).forallE
                                                ((Expr.const (Name.anonymous.str "List")
                                                      [Level.param (Name.anonymous.str "u")]).app
                                                  (Expr.bvar 0))
                                                { pw := { repr := ConLeche.PropWhenRepr.never✝ } } }
                                          1 0,
                                        ConstantInfo.ctorInfo
                                          { name := Name.anonymous.str "List.cons",
                                            levelParams := [Name.anonymous.str "u"],
                                            type :=
                                              (Expr.sort (Level.param (Name.anonymous.str "u")).succ).forallE
                                                ((Expr.bvar 0).forallE
                                                  (((Expr.const (Name.anonymous.str "List")
                                                            [Level.param (Name.anonymous.str "u")]).app
                                                        (Expr.bvar 1)).forallE
                                                    ((Expr.const (Name.anonymous.str "List")
                                                          [Level.param (Name.anonymous.str "u")]).app
                                                      (Expr.bvar 2))
                                                    { pw := { repr := ConLeche.PropWhenRepr.never✝ } })
                                                  { pw := { repr := ConLeche.PropWhenRepr.never✝ } })
                                                { pw := { repr := ConLeche.PropWhenRepr.never✝ } } }
                                          1 2,
                                        ConstantInfo.indInfo
                                          { name := Name.anonymous.str "Tree2", levelParams := [],
                                            type :=
                                              (Expr.sort Level.zero.succ).forallE (Expr.sort Level.zero.succ)
                                                { pw := { repr := ConLeche.PropWhenRepr.never✝ } } }
                                          { sortZ := { repr := ConLeche.PropWhenRepr.always✝ },
                                            all := [Name.anonymous.str "Tree2"], nparams := 1,
                                            ctors :=
                                              [Name.anonymous.str "Tree2.leaf",
                                                Name.anonymous.str "Tree2.node"] }] }.find?,
                              ctorsOf := fun n => if (n == Ln) = true then listCs else [], lvls := [],
                              ps := [Expr.fvar 0 (Expr.sort Level.zero.succ)],
                              auxName := fun i => if (i == 1) = true then rn else cn }.ps).mkAppN
                      (List.drop np args);
                  match List.lookup key st.aux with
                  | some a => pure (some (mk a))
                  | none => do
                    Official.copyBlock
                        {
                          find? :=
                            {
                                consts :=
                                  [ConstantInfo.indInfo
                                      { name := Name.anonymous.str "List", levelParams := [Name.anonymous.str "u"],
                                        type :=
                                          (Expr.sort (Level.param (Name.anonymous.str "u")).succ).forallE
                                            (Expr.sort (Level.param (Name.anonymous.str "u")).succ)
                                            { pw := { repr := ConLeche.PropWhenRepr.never✝ } } }
                                      { sortZ := { repr := ConLeche.PropWhenRepr.always✝ },
                                        all := [Name.anonymous.str "List"], nparams := 1,
                                        ctors := [Name.anonymous.str "List.nil", Name.anonymous.str "List.cons"] },
                                    ConstantInfo.ctorInfo
                                      { name := Name.anonymous.str "List.nil", levelParams := [Name.anonymous.str "u"],
                                        type :=
                                          (Expr.sort (Level.param (Name.anonymous.str "u")).succ).forallE
                                            ((Expr.const (Name.anonymous.str "List")
                                                  [Level.param (Name.anonymous.str "u")]).app
                                              (Expr.bvar 0))
                                            { pw := { repr := ConLeche.PropWhenRepr.never✝ } } }
                                      1 0,
                                    ConstantInfo.ctorInfo
                                      { name := Name.anonymous.str "List.cons", levelParams := [Name.anonymous.str "u"],
                                        type :=
                                          (Expr.sort (Level.param (Name.anonymous.str "u")).succ).forallE
                                            ((Expr.bvar 0).forallE
                                              (((Expr.const (Name.anonymous.str "List")
                                                        [Level.param (Name.anonymous.str "u")]).app
                                                    (Expr.bvar 1)).forallE
                                                ((Expr.const (Name.anonymous.str "List")
                                                      [Level.param (Name.anonymous.str "u")]).app
                                                  (Expr.bvar 2))
                                                { pw := { repr := ConLeche.PropWhenRepr.never✝ } })
                                              { pw := { repr := ConLeche.PropWhenRepr.never✝ } })
                                            { pw := { repr := ConLeche.PropWhenRepr.never✝ } } }
                                      1 2,
                                    ConstantInfo.indInfo
                                      { name := Name.anonymous.str "Tree2", levelParams := [],
                                        type :=
                                          (Expr.sort Level.zero.succ).forallE (Expr.sort Level.zero.succ)
                                            { pw := { repr := ConLeche.PropWhenRepr.never✝ } } }
                                      { sortZ := { repr := ConLeche.PropWhenRepr.always✝ },
                                        all := [Name.anonymous.str "Tree2"], nparams := 1,
                                        ctors :=
                                          [Name.anonymous.str "Tree2.leaf", Name.anonymous.str "Tree2.node"] }] }.find?,
                          ctorsOf := fun n => if (n == Ln) = true then listCs else [], lvls := [],
                          ps := [Expr.fvar 0 (Expr.sort Level.zero.succ)],
                          auxName := fun i => if (i == 1) = true then rn else cn }
                        us (List.take np args)
                        (Official.blockOf
                          {
                            find? :=
                              {
                                  consts :=
                                    [ConstantInfo.indInfo
                                        { name := Name.anonymous.str "List", levelParams := [Name.anonymous.str "u"],
                                          type :=
                                            (Expr.sort (Level.param (Name.anonymous.str "u")).succ).forallE
                                              (Expr.sort (Level.param (Name.anonymous.str "u")).succ)
                                              { pw := { repr := ConLeche.PropWhenRepr.never✝ } } }
                                        { sortZ := { repr := ConLeche.PropWhenRepr.always✝ },
                                          all := [Name.anonymous.str "List"], nparams := 1,
                                          ctors := [Name.anonymous.str "List.nil", Name.anonymous.str "List.cons"] },
                                      ConstantInfo.ctorInfo
                                        { name := Name.anonymous.str "List.nil",
                                          levelParams := [Name.anonymous.str "u"],
                                          type :=
                                            (Expr.sort (Level.param (Name.anonymous.str "u")).succ).forallE
                                              ((Expr.const (Name.anonymous.str "List")
                                                    [Level.param (Name.anonymous.str "u")]).app
                                                (Expr.bvar 0))
                                              { pw := { repr := ConLeche.PropWhenRepr.never✝ } } }
                                        1 0,
                                      ConstantInfo.ctorInfo
                                        { name := Name.anonymous.str "List.cons",
                                          levelParams := [Name.anonymous.str "u"],
                                          type :=
                                            (Expr.sort (Level.param (Name.anonymous.str "u")).succ).forallE
                                              ((Expr.bvar 0).forallE
                                                (((Expr.const (Name.anonymous.str "List")
                                                          [Level.param (Name.anonymous.str "u")]).app
                                                      (Expr.bvar 1)).forallE
                                                  ((Expr.const (Name.anonymous.str "List")
                                                        [Level.param (Name.anonymous.str "u")]).app
                                                    (Expr.bvar 2))
                                                  { pw := { repr := ConLeche.PropWhenRepr.never✝ } })
                                                { pw := { repr := ConLeche.PropWhenRepr.never✝ } })
                                              { pw := { repr := ConLeche.PropWhenRepr.never✝ } } }
                                        1 2,
                                      ConstantInfo.indInfo
                                        { name := Name.anonymous.str "Tree2", levelParams := [],
                                          type :=
                                            (Expr.sort Level.zero.succ).forallE (Expr.sort Level.zero.succ)
                                              { pw := { repr := ConLeche.PropWhenRepr.never✝ } } }
                                        { sortZ := { repr := ConLeche.PropWhenRepr.always✝ },
                                          all := [Name.anonymous.str "Tree2"], nparams := 1,
                                          ctors :=
                                            [Name.anonymous.str "Tree2.leaf",
                                              Name.anonymous.str "Tree2.node"] }] }.find?,
                            ctorsOf := fun n => if (n == Ln) = true then listCs else [], lvls := [],
                            ps := [Expr.fvar 0 (Expr.sort Level.zero.succ)],
                            auxName := fun i => if (i == 1) = true then rn else cn }
                          I)
                    let __do_lift ← get
                    match List.lookup key __do_lift.aux with
                      | some a => pure (some (mk a))
                      | none => throw Official.illFormed).bind
          fun __do_lift =>
          match __do_lift with
          | some a => fun a_1 => pure a a_1
          | none => do
            let __do_lift ←
              Official.replaceAll
                  {
                    find? :=
                      {
                          consts :=
                            [ConstantInfo.indInfo
                                { name := Name.anonymous.str "List", levelParams := [Name.anonymous.str "u"],
                                  type :=
                                    (Expr.sort (Level.param (Name.anonymous.str "u")).succ).forallE
                                      (Expr.sort (Level.param (Name.anonymous.str "u")).succ)
                                      { pw := { repr := ConLeche.PropWhenRepr.never✝ } } }
                                { sortZ := { repr := ConLeche.PropWhenRepr.always✝ },
                                  all := [Name.anonymous.str "List"], nparams := 1,
                                  ctors := [Name.anonymous.str "List.nil", Name.anonymous.str "List.cons"] },
                              ConstantInfo.ctorInfo
                                { name := Name.anonymous.str "List.nil", levelParams := [Name.anonymous.str "u"],
                                  type :=
                                    (Expr.sort (Level.param (Name.anonymous.str "u")).succ).forallE
                                      ((Expr.const (Name.anonymous.str "List")
                                            [Level.param (Name.anonymous.str "u")]).app
                                        (Expr.bvar 0))
                                      { pw := { repr := ConLeche.PropWhenRepr.never✝ } } }
                                1 0,
                              ConstantInfo.ctorInfo
                                { name := Name.anonymous.str "List.cons", levelParams := [Name.anonymous.str "u"],
                                  type :=
                                    (Expr.sort (Level.param (Name.anonymous.str "u")).succ).forallE
                                      ((Expr.bvar 0).forallE
                                        (((Expr.const (Name.anonymous.str "List")
                                                  [Level.param (Name.anonymous.str "u")]).app
                                              (Expr.bvar 1)).forallE
                                          ((Expr.const (Name.anonymous.str "List")
                                                [Level.param (Name.anonymous.str "u")]).app
                                            (Expr.bvar 2))
                                          { pw := { repr := ConLeche.PropWhenRepr.never✝ } })
                                        { pw := { repr := ConLeche.PropWhenRepr.never✝ } })
                                      { pw := { repr := ConLeche.PropWhenRepr.never✝ } } }
                                1 2,
                              ConstantInfo.indInfo
                                { name := Name.anonymous.str "Tree2", levelParams := [],
                                  type :=
                                    (Expr.sort Level.zero.succ).forallE (Expr.sort Level.zero.succ)
                                      { pw := { repr := ConLeche.PropWhenRepr.never✝ } } }
                                { sortZ := { repr := ConLeche.PropWhenRepr.always✝ },
                                  all := [Name.anonymous.str "Tree2"], nparams := 1,
                                  ctors :=
                                    [Name.anonymous.str "Tree2.leaf", Name.anonymous.str "Tree2.node"] }] }.find?,
                    ctorsOf := fun n => if (n == Ln) = true then listCs else [], lvls := [],
                    ps := [Expr.fvar 0 (Expr.sort Level.zero.succ)],
                    auxName := fun i => if (i == 1) = true then rn else cn }
                  (Expr.const (Name.anonymous.str "Tree2") [])
            let __do_lift_1 ←
              Official.replaceAll
                  {
                    find? :=
                      {
                          consts :=
                            [ConstantInfo.indInfo
                                { name := Name.anonymous.str "List", levelParams := [Name.anonymous.str "u"],
                                  type :=
                                    (Expr.sort (Level.param (Name.anonymous.str "u")).succ).forallE
                                      (Expr.sort (Level.param (Name.anonymous.str "u")).succ)
                                      { pw := { repr := ConLeche.PropWhenRepr.never✝ } } }
                                { sortZ := { repr := ConLeche.PropWhenRepr.always✝ },
                                  all := [Name.anonymous.str "List"], nparams := 1,
                                  ctors := [Name.anonymous.str "List.nil", Name.anonymous.str "List.cons"] },
                              ConstantInfo.ctorInfo
                                { name := Name.anonymous.str "List.nil", levelParams := [Name.anonymous.str "u"],
                                  type :=
                                    (Expr.sort (Level.param (Name.anonymous.str "u")).succ).forallE
                                      ((Expr.const (Name.anonymous.str "List")
                                            [Level.param (Name.anonymous.str "u")]).app
                                        (Expr.bvar 0))
                                      { pw := { repr := ConLeche.PropWhenRepr.never✝ } } }
                                1 0,
                              ConstantInfo.ctorInfo
                                { name := Name.anonymous.str "List.cons", levelParams := [Name.anonymous.str "u"],
                                  type :=
                                    (Expr.sort (Level.param (Name.anonymous.str "u")).succ).forallE
                                      ((Expr.bvar 0).forallE
                                        (((Expr.const (Name.anonymous.str "List")
                                                  [Level.param (Name.anonymous.str "u")]).app
                                              (Expr.bvar 1)).forallE
                                          ((Expr.const (Name.anonymous.str "List")
                                                [Level.param (Name.anonymous.str "u")]).app
                                            (Expr.bvar 2))
                                          { pw := { repr := ConLeche.PropWhenRepr.never✝ } })
                                        { pw := { repr := ConLeche.PropWhenRepr.never✝ } })
                                      { pw := { repr := ConLeche.PropWhenRepr.never✝ } } }
                                1 2,
                              ConstantInfo.indInfo
                                { name := Name.anonymous.str "Tree2", levelParams := [],
                                  type :=
                                    (Expr.sort Level.zero.succ).forallE (Expr.sort Level.zero.succ)
                                      { pw := { repr := ConLeche.PropWhenRepr.never✝ } } }
                                { sortZ := { repr := ConLeche.PropWhenRepr.always✝ },
                                  all := [Name.anonymous.str "Tree2"], nparams := 1,
                                  ctors :=
                                    [Name.anonymous.str "Tree2.leaf", Name.anonymous.str "Tree2.node"] }] }.find?,
                    ctorsOf := fun n => if (n == Ln) = true then listCs else [], lvls := [],
                    ps := [Expr.fvar 0 (Expr.sort Level.zero.succ)],
                    auxName := fun i => if (i == 1) = true then rn else cn }
                  (Expr.fvar 0 (Expr.sort Level.zero.succ))
            pure (__do_lift.app __do_lift_1))
        (fun __do_lift =>
          pure
            ((Expr.fvar 0 (Expr.sort Level.zero.succ)).forallE __do_lift
              { pw := { repr := ConLeche.PropWhenRepr.never✝ } }))
        {
          types :=
            {
              toList :=
                [{ name := Name.anonymous.str "Tree2", type := Expr.sort Level.zero.succ,
                    ctors :=
                      [(Expr.fvar 0 (Expr.sort Level.zero.succ)).forallE
                          ((Expr.const (Name.anonymous.str "Tree2") []).app (Expr.fvar 0 (Expr.sort Level.zero.succ)))
                          { pw := { repr := ConLeche.PropWhenRepr.never✝ } },
                        ((Expr.const (Name.anonymous.str "List") [Level.zero]).app
                              ((Expr.const (Name.anonymous.str "List") [Level.zero]).app
                                ((Expr.const (Name.anonymous.str "Tree2") []).app
                                  (Expr.fvar 0 (Expr.sort Level.zero.succ))))).forallE
                          ((Expr.const (Name.anonymous.str "Tree2") []).app (Expr.fvar 0 (Expr.sort Level.zero.succ)))
                          { pw := { repr := ConLeche.PropWhenRepr.never✝ } }] }] } }
    ==>
      ((StateT.get.bind fun st => do
                let __do_lift ←
                  monadLift
                      (Official.isNestedApp
                        {
                          find? :=
                            {
                                consts :=
                                  [ConstantInfo.indInfo
                                      { name := Name.anonymous.str "List", levelParams := [Name.anonymous.str "u"],
                                        type :=
                                          (Expr.sort (Level.param (Name.anonymous.str "u")).succ).forallE
                                            (Expr.sort (Level.param (Name.anonymous.str "u")).succ)
                                            { pw := { repr := ConLeche.PropWhenRepr.never✝ } } }
                                      { sortZ := { repr := ConLeche.PropWhenRepr.always✝ },
                                        all := [Name.anonymous.str "List"], nparams := 1,
                                        ctors := [Name.anonymous.str "List.nil", Name.anonymous.str "List.cons"] },
                                    ConstantInfo.ctorInfo
                                      { name := Name.anonymous.str "List.nil", levelParams := [Name.anonymous.str "u"],
                                        type :=
                                          (Expr.sort (Level.param (Name.anonymous.str "u")).succ).forallE
                                            ((Expr.const (Name.anonymous.str "List")
                                                  [Level.param (Name.anonymous.str "u")]).app
                                              (Expr.bvar 0))
                                            { pw := { repr := ConLeche.PropWhenRepr.never✝ } } }
                                      1 0,
                                    ConstantInfo.ctorInfo
                                      { name := Name.anonymous.str "List.cons", levelParams := [Name.anonymous.str "u"],
                                        type :=
                                          (Expr.sort (Level.param (Name.anonymous.str "u")).succ).forallE
                                            ((Expr.bvar 0).forallE
                                              (((Expr.const (Name.anonymous.str "List")
                                                        [Level.param (Name.anonymous.str "u")]).app
                                                    (Expr.bvar 1)).forallE
                                                ((Expr.const (Name.anonymous.str "List")
                                                      [Level.param (Name.anonymous.str "u")]).app
                                                  (Expr.bvar 2))
                                                { pw := { repr := ConLeche.PropWhenRepr.never✝ } })
                                              { pw := { repr := ConLeche.PropWhenRepr.never✝ } })
                                            { pw := { repr := ConLeche.PropWhenRepr.never✝ } } }
                                      1 2,
                                    ConstantInfo.indInfo
                                      { name := Name.anonymous.str "Tree2", levelParams := [],
                                        type :=
                                          (Expr.sort Level.zero.succ).forallE (Expr.sort Level.zero.succ)
                                            { pw := { repr := ConLeche.PropWhenRepr.never✝ } } }
                                      { sortZ := { repr := ConLeche.PropWhenRepr.always✝ },
                                        all := [Name.anonymous.str "Tree2"], nparams := 1,
                                        ctors :=
                                          [Name.anonymous.str "Tree2.leaf", Name.anonymous.str "Tree2.node"] }] }.find?,
                          ctorsOf := fun n => if (n == Ln) = true then listCs else [], lvls := [],
                          ps := [Expr.fvar 0 (Expr.sort Level.zero.succ)],
                          auxName := fun i => if (i == 1) = true then rn else cn }
                        (List.map Official.AuxType.name st.types.toList)
                        ((Expr.const (Name.anonymous.str "Tree2") []).app (Expr.fvar 0 (Expr.sort Level.zero.succ))))
                match __do_lift with
                  | none => pure none
                  | some (I, us, np, args) =>
                    have key := (Expr.const I us).mkAppN (List.take np args);
                    have mk := fun a =>
                      ((Expr.const a
                                {
                                    find? :=
                                      {
                                          consts :=
                                            [ConstantInfo.indInfo
                                                { name := Name.anonymous.str "List",
                                                  levelParams := [Name.anonymous.str "u"],
                                                  type :=
                                                    (Expr.sort (Level.param (Name.anonymous.str "u")).succ).forallE
                                                      (Expr.sort (Level.param (Name.anonymous.str "u")).succ)
                                                      { pw := { repr := ConLeche.PropWhenRepr.never✝ } } }
                                                { sortZ := { repr := ConLeche.PropWhenRepr.always✝ },
                                                  all := [Name.anonymous.str "List"], nparams := 1,
                                                  ctors :=
                                                    [Name.anonymous.str "List.nil", Name.anonymous.str "List.cons"] },
                                              ConstantInfo.ctorInfo
                                                { name := Name.anonymous.str "List.nil",
                                                  levelParams := [Name.anonymous.str "u"],
                                                  type :=
                                                    (Expr.sort (Level.param (Name.anonymous.str "u")).succ).forallE
                                                      ((Expr.const (Name.anonymous.str "List")
                                                            [Level.param (Name.anonymous.str "u")]).app
                                                        (Expr.bvar 0))
                                                      { pw := { repr := ConLeche.PropWhenRepr.never✝ } } }
                                                1 0,
                                              ConstantInfo.ctorInfo
                                                { name := Name.anonymous.str "List.cons",
                                                  levelParams := [Name.anonymous.str "u"],
                                                  type :=
                                                    (Expr.sort (Level.param (Name.anonymous.str "u")).succ).forallE
                                                      ((Expr.bvar 0).forallE
                                                        (((Expr.const (Name.anonymous.str "List")
                                                                  [Level.param (Name.anonymous.str "u")]).app
                                                              (Expr.bvar 1)).forallE
                                                          ((Expr.const (Name.anonymous.str "List")
                                                                [Level.param (Name.anonymous.str "u")]).app
                                                            (Expr.bvar 2))
                                                          { pw := { repr := ConLeche.PropWhenRepr.never✝ } })
                                                        { pw := { repr := ConLeche.PropWhenRepr.never✝ } })
                                                      { pw := { repr := ConLeche.PropWhenRepr.never✝ } } }
                                                1 2,
                                              ConstantInfo.indInfo
                                                { name := Name.anonymous.str "Tree2", levelParams := [],
                                                  type :=
                                                    (Expr.sort Level.zero.succ).forallE (Expr.sort Level.zero.succ)
                                                      { pw := { repr := ConLeche.PropWhenRepr.never✝ } } }
                                                { sortZ := { repr := ConLeche.PropWhenRepr.always✝ },
                                                  all := [Name.anonymous.str "Tree2"], nparams := 1,
                                                  ctors :=
                                                    [Name.anonymous.str "Tree2.leaf",
                                                      Name.anonymous.str "Tree2.node"] }] }.find?,
                                    ctorsOf := fun n => if (n == Ln) = true then listCs else [], lvls := [],
                                    ps := [Expr.fvar 0 (Expr.sort Level.zero.succ)],
                                    auxName := fun i => if (i == 1) = true then rn else cn }.lvls).mkAppN
                            {
                                find? :=
                                  {
                                      consts :=
                                        [ConstantInfo.indInfo
                                            { name := Name.anonymous.str "List",
                                              levelParams := [Name.anonymous.str "u"],
                                              type :=
                                                (Expr.sort (Level.param (Name.anonymous.str "u")).succ).forallE
                                                  (Expr.sort (Level.param (Name.anonymous.str "u")).succ)
                                                  { pw := { repr := ConLeche.PropWhenRepr.never✝ } } }
                                            { sortZ := { repr := ConLeche.PropWhenRepr.always✝ },
                                              all := [Name.anonymous.str "List"], nparams := 1,
                                              ctors :=
                                                [Name.anonymous.str "List.nil", Name.anonymous.str "List.cons"] },
                                          ConstantInfo.ctorInfo
                                            { name := Name.anonymous.str "List.nil",
                                              levelParams := [Name.anonymous.str "u"],
                                              type :=
                                                (Expr.sort (Level.param (Name.anonymous.str "u")).succ).forallE
                                                  ((Expr.const (Name.anonymous.str "List")
                                                        [Level.param (Name.anonymous.str "u")]).app
                                                    (Expr.bvar 0))
                                                  { pw := { repr := ConLeche.PropWhenRepr.never✝ } } }
                                            1 0,
                                          ConstantInfo.ctorInfo
                                            { name := Name.anonymous.str "List.cons",
                                              levelParams := [Name.anonymous.str "u"],
                                              type :=
                                                (Expr.sort (Level.param (Name.anonymous.str "u")).succ).forallE
                                                  ((Expr.bvar 0).forallE
                                                    (((Expr.const (Name.anonymous.str "List")
                                                              [Level.param (Name.anonymous.str "u")]).app
                                                          (Expr.bvar 1)).forallE
                                                      ((Expr.const (Name.anonymous.str "List")
                                                            [Level.param (Name.anonymous.str "u")]).app
                                                        (Expr.bvar 2))
                                                      { pw := { repr := ConLeche.PropWhenRepr.never✝ } })
                                                    { pw := { repr := ConLeche.PropWhenRepr.never✝ } })
                                                  { pw := { repr := ConLeche.PropWhenRepr.never✝ } } }
                                            1 2,
                                          ConstantInfo.indInfo
                                            { name := Name.anonymous.str "Tree2", levelParams := [],
                                              type :=
                                                (Expr.sort Level.zero.succ).forallE (Expr.sort Level.zero.succ)
                                                  { pw := { repr := ConLeche.PropWhenRepr.never✝ } } }
                                            { sortZ := { repr := ConLeche.PropWhenRepr.always✝ },
                                              all := [Name.anonymous.str "Tree2"], nparams := 1,
                                              ctors :=
                                                [Name.anonymous.str "Tree2.leaf",
                                                  Name.anonymous.str "Tree2.node"] }] }.find?,
                                ctorsOf := fun n => if (n == Ln) = true then listCs else [], lvls := [],
                                ps := [Expr.fvar 0 (Expr.sort Level.zero.succ)],
                                auxName := fun i => if (i == 1) = true then rn else cn }.ps).mkAppN
                        (List.drop np args);
                    match List.lookup key st.aux with
                    | some a => pure (some (mk a))
                    | none => do
                      Official.copyBlock
                          {
                            find? :=
                              {
                                  consts :=
                                    [ConstantInfo.indInfo
                                        { name := Name.anonymous.str "List", levelParams := [Name.anonymous.str "u"],
                                          type :=
                                            (Expr.sort (Level.param (Name.anonymous.str "u")).succ).forallE
                                              (Expr.sort (Level.param (Name.anonymous.str "u")).succ)
                                              { pw := { repr := ConLeche.PropWhenRepr.never✝ } } }
                                        { sortZ := { repr := ConLeche.PropWhenRepr.always✝ },
                                          all := [Name.anonymous.str "List"], nparams := 1,
                                          ctors := [Name.anonymous.str "List.nil", Name.anonymous.str "List.cons"] },
                                      ConstantInfo.ctorInfo
                                        { name := Name.anonymous.str "List.nil",
                                          levelParams := [Name.anonymous.str "u"],
                                          type :=
                                            (Expr.sort (Level.param (Name.anonymous.str "u")).succ).forallE
                                              ((Expr.const (Name.anonymous.str "List")
                                                    [Level.param (Name.anonymous.str "u")]).app
                                                (Expr.bvar 0))
                                              { pw := { repr := ConLeche.PropWhenRepr.never✝ } } }
                                        1 0,
                                      ConstantInfo.ctorInfo
                                        { name := Name.anonymous.str "List.cons",
                                          levelParams := [Name.anonymous.str "u"],
                                          type :=
                                            (Expr.sort (Level.param (Name.anonymous.str "u")).succ).forallE
                                              ((Expr.bvar 0).forallE
                                                (((Expr.const (Name.anonymous.str "List")
                                                          [Level.param (Name.anonymous.str "u")]).app
                                                      (Expr.bvar 1)).forallE
                                                  ((Expr.const (Name.anonymous.str "List")
                                                        [Level.param (Name.anonymous.str "u")]).app
                                                    (Expr.bvar 2))
                                                  { pw := { repr := ConLeche.PropWhenRepr.never✝ } })
                                                { pw := { repr := ConLeche.PropWhenRepr.never✝ } })
                                              { pw := { repr := ConLeche.PropWhenRepr.never✝ } } }
                                        1 2,
                                      ConstantInfo.indInfo
                                        { name := Name.anonymous.str "Tree2", levelParams := [],
                                          type :=
                                            (Expr.sort Level.zero.succ).forallE (Expr.sort Level.zero.succ)
                                              { pw := { repr := ConLeche.PropWhenRepr.never✝ } } }
                                        { sortZ := { repr := ConLeche.PropWhenRepr.always✝ },
                                          all := [Name.anonymous.str "Tree2"], nparams := 1,
                                          ctors :=
                                            [Name.anonymous.str "Tree2.leaf",
                                              Name.anonymous.str "Tree2.node"] }] }.find?,
                            ctorsOf := fun n => if (n == Ln) = true then listCs else [], lvls := [],
                            ps := [Expr.fvar 0 (Expr.sort Level.zero.succ)],
                            auxName := fun i => if (i == 1) = true then rn else cn }
                          us (List.take np args)
                          (Official.blockOf
                            {
                              find? :=
                                {
                                    consts :=
                                      [ConstantInfo.indInfo
                                          { name := Name.anonymous.str "List", levelParams := [Name.anonymous.str "u"],
                                            type :=
                                              (Expr.sort (Level.param (Name.anonymous.str "u")).succ).forallE
                                                (Expr.sort (Level.param (Name.anonymous.str "u")).succ)
                                                { pw := { repr := ConLeche.PropWhenRepr.never✝ } } }
                                          { sortZ := { repr := ConLeche.PropWhenRepr.always✝ },
                                            all := [Name.anonymous.str "List"], nparams := 1,
                                            ctors := [Name.anonymous.str "List.nil", Name.anonymous.str "List.cons"] },
                                        ConstantInfo.ctorInfo
                                          { name := Name.anonymous.str "List.nil",
                                            levelParams := [Name.anonymous.str "u"],
                                            type :=
                                              (Expr.sort (Level.param (Name.anonymous.str "u")).succ).forallE
                                                ((Expr.const (Name.anonymous.str "List")
                                                      [Level.param (Name.anonymous.str "u")]).app
                                                  (Expr.bvar 0))
                                                { pw := { repr := ConLeche.PropWhenRepr.never✝ } } }
                                          1 0,
                                        ConstantInfo.ctorInfo
                                          { name := Name.anonymous.str "List.cons",
                                            levelParams := [Name.anonymous.str "u"],
                                            type :=
                                              (Expr.sort (Level.param (Name.anonymous.str "u")).succ).forallE
                                                ((Expr.bvar 0).forallE
                                                  (((Expr.const (Name.anonymous.str "List")
                                                            [Level.param (Name.anonymous.str "u")]).app
                                                        (Expr.bvar 1)).forallE
                                                    ((Expr.const (Name.anonymous.str "List")
                                                          [Level.param (Name.anonymous.str "u")]).app
                                                      (Expr.bvar 2))
                                                    { pw := { repr := ConLeche.PropWhenRepr.never✝ } })
                                                  { pw := { repr := ConLeche.PropWhenRepr.never✝ } })
                                                { pw := { repr := ConLeche.PropWhenRepr.never✝ } } }
                                          1 2,
                                        ConstantInfo.indInfo
                                          { name := Name.anonymous.str "Tree2", levelParams := [],
                                            type :=
                                              (Expr.sort Level.zero.succ).forallE (Expr.sort Level.zero.succ)
                                                { pw := { repr := ConLeche.PropWhenRepr.never✝ } } }
                                          { sortZ := { repr := ConLeche.PropWhenRepr.always✝ },
                                            all := [Name.anonymous.str "Tree2"], nparams := 1,
                                            ctors :=
                                              [Name.anonymous.str "Tree2.leaf",
                                                Name.anonymous.str "Tree2.node"] }] }.find?,
                              ctorsOf := fun n => if (n == Ln) = true then listCs else [], lvls := [],
                              ps := [Expr.fvar 0 (Expr.sort Level.zero.succ)],
                              auxName := fun i => if (i == 1) = true then rn else cn }
                            I)
                      let __do_lift ← get
                      match List.lookup key __do_lift.aux with
                        | some a => pure (some (mk a))
                        | none => throw Official.illFormed).bind
            fun __do_lift =>
            match __do_lift with
            | some a => fun a_1 => pure a a_1
            | none => do
              let __do_lift ←
                Official.replaceAll
                    {
                      find? :=
                        {
                            consts :=
                              [ConstantInfo.indInfo
                                  { name := Name.anonymous.str "List", levelParams := [Name.anonymous.str "u"],
                                    type :=
                                      (Expr.sort (Level.param (Name.anonymous.str "u")).succ).forallE
                                        (Expr.sort (Level.param (Name.anonymous.str "u")).succ)
                                        { pw := { repr := ConLeche.PropWhenRepr.never✝ } } }
                                  { sortZ := { repr := ConLeche.PropWhenRepr.always✝ },
                                    all := [Name.anonymous.str "List"], nparams := 1,
                                    ctors := [Name.anonymous.str "List.nil", Name.anonymous.str "List.cons"] },
                                ConstantInfo.ctorInfo
                                  { name := Name.anonymous.str "List.nil", levelParams := [Name.anonymous.str "u"],
                                    type :=
                                      (Expr.sort (Level.param (Name.anonymous.str "u")).succ).forallE
                                        ((Expr.const (Name.anonymous.str "List")
                                              [Level.param (Name.anonymous.str "u")]).app
                                          (Expr.bvar 0))
                                        { pw := { repr := ConLeche.PropWhenRepr.never✝ } } }
                                  1 0,
                                ConstantInfo.ctorInfo
                                  { name := Name.anonymous.str "List.cons", levelParams := [Name.anonymous.str "u"],
                                    type :=
                                      (Expr.sort (Level.param (Name.anonymous.str "u")).succ).forallE
                                        ((Expr.bvar 0).forallE
                                          (((Expr.const (Name.anonymous.str "List")
                                                    [Level.param (Name.anonymous.str "u")]).app
                                                (Expr.bvar 1)).forallE
                                            ((Expr.const (Name.anonymous.str "List")
                                                  [Level.param (Name.anonymous.str "u")]).app
                                              (Expr.bvar 2))
                                            { pw := { repr := ConLeche.PropWhenRepr.never✝ } })
                                          { pw := { repr := ConLeche.PropWhenRepr.never✝ } })
                                        { pw := { repr := ConLeche.PropWhenRepr.never✝ } } }
                                  1 2,
                                ConstantInfo.indInfo
                                  { name := Name.anonymous.str "Tree2", levelParams := [],
                                    type :=
                                      (Expr.sort Level.zero.succ).forallE (Expr.sort Level.zero.succ)
                                        { pw := { repr := ConLeche.PropWhenRepr.never✝ } } }
                                  { sortZ := { repr := ConLeche.PropWhenRepr.always✝ },
                                    all := [Name.anonymous.str "Tree2"], nparams := 1,
                                    ctors :=
                                      [Name.anonymous.str "Tree2.leaf", Name.anonymous.str "Tree2.node"] }] }.find?,
                      ctorsOf := fun n => if (n == Ln) = true then listCs else [], lvls := [],
                      ps := [Expr.fvar 0 (Expr.sort Level.zero.succ)],
                      auxName := fun i => if (i == 1) = true then rn else cn }
                    (Expr.const (Name.anonymous.str "Tree2") [])
              let __do_lift_1 ←
                Official.replaceAll
                    {
                      find? :=
                        {
                            consts :=
                              [ConstantInfo.indInfo
                                  { name := Name.anonymous.str "List", levelParams := [Name.anonymous.str "u"],
                                    type :=
                                      (Expr.sort (Level.param (Name.anonymous.str "u")).succ).forallE
                                        (Expr.sort (Level.param (Name.anonymous.str "u")).succ)
                                        { pw := { repr := ConLeche.PropWhenRepr.never✝ } } }
                                  { sortZ := { repr := ConLeche.PropWhenRepr.always✝ },
                                    all := [Name.anonymous.str "List"], nparams := 1,
                                    ctors := [Name.anonymous.str "List.nil", Name.anonymous.str "List.cons"] },
                                ConstantInfo.ctorInfo
                                  { name := Name.anonymous.str "List.nil", levelParams := [Name.anonymous.str "u"],
                                    type :=
                                      (Expr.sort (Level.param (Name.anonymous.str "u")).succ).forallE
                                        ((Expr.const (Name.anonymous.str "List")
                                              [Level.param (Name.anonymous.str "u")]).app
                                          (Expr.bvar 0))
                                        { pw := { repr := ConLeche.PropWhenRepr.never✝ } } }
                                  1 0,
                                ConstantInfo.ctorInfo
                                  { name := Name.anonymous.str "List.cons", levelParams := [Name.anonymous.str "u"],
                                    type :=
                                      (Expr.sort (Level.param (Name.anonymous.str "u")).succ).forallE
                                        ((Expr.bvar 0).forallE
                                          (((Expr.const (Name.anonymous.str "List")
                                                    [Level.param (Name.anonymous.str "u")]).app
                                                (Expr.bvar 1)).forallE
                                            ((Expr.const (Name.anonymous.str "List")
                                                  [Level.param (Name.anonymous.str "u")]).app
                                              (Expr.bvar 2))
                                            { pw := { repr := ConLeche.PropWhenRepr.never✝ } })
                                          { pw := { repr := ConLeche.PropWhenRepr.never✝ } })
                                        { pw := { repr := ConLeche.PropWhenRepr.never✝ } } }
                                  1 2,
                                ConstantInfo.indInfo
                                  { name := Name.anonymous.str "Tree2", levelParams := [],
                                    type :=
                                      (Expr.sort Level.zero.succ).forallE (Expr.sort Level.zero.succ)
                                        { pw := { repr := ConLeche.PropWhenRepr.never✝ } } }
                                  { sortZ := { repr := ConLeche.PropWhenRepr.always✝ },
                                    all := [Name.anonymous.str "Tree2"], nparams := 1,
                                    ctors :=
                                      [Name.anonymous.str "Tree2.leaf", Name.anonymous.str "Tree2.node"] }] }.find?,
                      ctorsOf := fun n => if (n == Ln) = true then listCs else [], lvls := [],
                      ps := [Expr.fvar 0 (Expr.sort Level.zero.succ)],
                      auxName := fun i => if (i == 1) = true then rn else cn }
                    (Expr.fvar 0 (Expr.sort Level.zero.succ))
              pure (__do_lift.app __do_lift_1)).bind
        (fun __do_lift =>
          pure
            ((Expr.fvar 0 (Expr.sort Level.zero.succ)).forallE __do_lift
              { pw := { repr := ConLeche.PropWhenRepr.never✝ } }))
        {
          types :=
            {
              toList :=
                [{ name := Name.anonymous.str "Tree2", type := Expr.sort Level.zero.succ,
                    ctors :=
                      [(Expr.fvar 0 (Expr.sort Level.zero.succ)).forallE
                          ((Expr.const (Name.anonymous.str "Tree2") []).app (Expr.fvar 0 (Expr.sort Level.zero.succ)))
                          { pw := { repr := ConLeche.PropWhenRepr.never✝ } },
                        ((Expr.const (Name.anonymous.str "List") [Level.zero]).app
                              ((Expr.const (Name.anonymous.str "List") [Level.zero]).app
                                ((Expr.const (Name.anonymous.str "Tree2") []).app
                                  (Expr.fvar 0 (Expr.sort Level.zero.succ))))).forallE
                          ((Expr.const (Name.anonymous.str "Tree2") []).app (Expr.fvar 0 (Expr.sort Level.zero.succ)))
                          { pw := { repr := ConLeche.PropWhenRepr.never✝ } }] }] } }
[Debug.Meta.Tactic.cbv.reduce] simplifyAppFn:
      Except.instMonad.toBind.1
        (Except.ok
          ({
              types :=
                {
                  toList :=
                    [{ name := Name.anonymous.str "Tree2", type := Expr.sort Level.zero.succ,
                        ctors :=
                          [(Expr.fvar 0 (Expr.sort Level.zero.succ)).forallE
                              ((Expr.const (Name.anonymous.str "Tree2") []).app
                                (Expr.fvar 0 (Expr.sort Level.zero.succ)))
                              { pw := { repr := ConLeche.PropWhenRepr.never✝ } },
                            ((Expr.const (Name.anonymous.str "List") [Level.zero]).app
                                  ((Expr.const (Name.anonymous.str "List") [Level.zero]).app
                                    ((Expr.const (Name.anonymous.str "Tree2") []).app
                                      (Expr.fvar 0 (Expr.sort Level.zero.succ))))).forallE
                              ((Expr.const (Name.anonymous.str "Tree2") []).app
                                (Expr.fvar 0 (Expr.sort Level.zero.succ)))
                              { pw := { repr := ConLeche.PropWhenRepr.never✝ } }] }] } },
            {
              types :=
                {
                  toList :=
                    [{ name := Name.anonymous.str "Tree2", type := Expr.sort Level.zero.succ,
                        ctors :=
                          [(Expr.fvar 0 (Expr.sort Level.zero.succ)).forallE
                              ((Expr.const (Name.anonymous.str "Tree2") []).app
                                (Expr.fvar 0 (Expr.sort Level.zero.succ)))
                              { pw := { repr := ConLeche.PropWhenRepr.never✝ } },
                            ((Expr.const (Name.anonymous.str "List") [Level.zero]).app
                                  ((Expr.const (Name.anonymous.str "List") [Level.zero]).app
                                    ((Expr.const (Name.anonymous.str "Tree2") []).app
                                      (Expr.fvar 0 (Expr.sort Level.zero.succ))))).forallE
                              ((Expr.const (Name.anonymous.str "Tree2") []).app
                                (Expr.fvar 0 (Expr.sort Level.zero.succ)))
                              { pw := { repr := ConLeche.PropWhenRepr.never✝ } }] }] } }))
        fun __x =>
        match __x with
        | (st, a) =>
          (monadLift
                (Official.isNestedApp
                  {
                    find? :=
                      {
                          consts :=
                            [ConstantInfo.indInfo
                                { name := Name.anonymous.str "List", levelParams := [Name.anonymous.str "u"],
                                  type :=
                                    (Expr.sort (Level.param (Name.anonymous.str "u")).succ).forallE
                                      (Expr.sort (Level.param (Name.anonymous.str "u")).succ)
                                      { pw := { repr := ConLeche.PropWhenRepr.never✝ } } }
                                { sortZ := { repr := ConLeche.PropWhenRepr.always✝ },
                                  all := [Name.anonymous.str "List"], nparams := 1,
                                  ctors := [Name.anonymous.str "List.nil", Name.anonymous.str "List.cons"] },
                              ConstantInfo.ctorInfo
                                { name := Name.anonymous.str "List.nil", levelParams := [Name.anonymous.str "u"],
                                  type :=
                                    (Expr.sort (Level.param (Name.anonymous.str "u")).succ).forallE
                                      ((Expr.const (Name.anonymous.str "List")
                                            [Level.param (Name.anonymous.str "u")]).app
                                        (Expr.bvar 0))
                                      { pw := { repr := ConLeche.PropWhenRepr.never✝ } } }
                                1 0,
                              ConstantInfo.ctorInfo
                                { name := Name.anonymous.str "List.cons", levelParams := [Name.anonymous.str "u"],
                                  type :=
                                    (Expr.sort (Level.param (Name.anonymous.str "u")).succ).forallE
                                      ((Expr.bvar 0).forallE
                                        (((Expr.const (Name.anonymous.str "List")
                                                  [Level.param (Name.anonymous.str "u")]).app
                                              (Expr.bvar 1)).forallE
                                          ((Expr.const (Name.anonymous.str "List")
                                                [Level.param (Name.anonymous.str "u")]).app
                                            (Expr.bvar 2))
                                          { pw := { repr := ConLeche.PropWhenRepr.never✝ } })
                                        { pw := { repr := ConLeche.PropWhenRepr.never✝ } })
                                      { pw := { repr := ConLeche.PropWhenRepr.never✝ } } }
                                1 2,
                              ConstantInfo.indInfo
                                { name := Name.anonymous.str "Tree2", levelParams := [],
                                  type :=
                                    (Expr.sort Level.zero.succ).forallE (Expr.sort Level.zero.succ)
                                      { pw := { repr := ConLeche.PropWhenRepr.never✝ } } }
                                { sortZ := { repr := ConLeche.PropWhenRepr.always✝ },
                                  all := [Name.anonymous.str "Tree2"], nparams := 1,
                                  ctors :=
                                    [Name.anonymous.str "Tree2.leaf", Name.anonymous.str "Tree2.node"] }] }.find?,
                    ctorsOf := fun n => if (n == Ln) = true then listCs else [], lvls := [],
                    ps := [Expr.fvar 0 (Expr.sort Level.zero.succ)],
                    auxName := fun i => if (i == 1) = true then rn else cn }
                  (List.map Official.AuxType.name st.types.toList)
                  ((Expr.const (Name.anonymous.str "Tree2") []).app (Expr.fvar 0 (Expr.sort Level.zero.succ)))) >>=
              fun __do_lift =>
              match __do_lift with
              | none => pure none
              | some (I, us, np, args) =>
                have key := (Expr.const I us).mkAppN (List.take np args);
                have mk := fun a =>
                  ((Expr.const a
                            {
                                find? :=
                                  {
                                      consts :=
                                        [ConstantInfo.indInfo
                                            { name := Name.anonymous.str "List",
                                              levelParams := [Name.anonymous.str "u"],
                                              type :=
                                                (Expr.sort (Level.param (Name.anonymous.str "u")).succ).forallE
                                                  (Expr.sort (Level.param (Name.anonymous.str "u")).succ)
                                                  { pw := { repr := ConLeche.PropWhenRepr.never✝ } } }
                                            { sortZ := { repr := ConLeche.PropWhenRepr.always✝ },
                                              all := [Name.anonymous.str "List"], nparams := 1,
                                              ctors :=
                                                [Name.anonymous.str "List.nil", Name.anonymous.str "List.cons"] },
                                          ConstantInfo.ctorInfo
                                            { name := Name.anonymous.str "List.nil",
                                              levelParams := [Name.anonymous.str "u"],
                                              type :=
                                                (Expr.sort (Level.param (Name.anonymous.str "u")).succ).forallE
                                                  ((Expr.const (Name.anonymous.str "List")
                                                        [Level.param (Name.anonymous.str "u")]).app
                                                    (Expr.bvar 0))
                                                  { pw := { repr := ConLeche.PropWhenRepr.never✝ } } }
                                            1 0,
                                          ConstantInfo.ctorInfo
                                            { name := Name.anonymous.str "List.cons",
                                              levelParams := [Name.anonymous.str "u"],
                                              type :=
                                                (Expr.sort (Level.param (Name.anonymous.str "u")).succ).forallE
                                                  ((Expr.bvar 0).forallE
                                                    (((Expr.const (Name.anonymous.str "List")
                                                              [Level.param (Name.anonymous.str "u")]).app
                                                          (Expr.bvar 1)).forallE
                                                      ((Expr.const (Name.anonymous.str "List")
                                                            [Level.param (Name.anonymous.str "u")]).app
                                                        (Expr.bvar 2))
                                                      { pw := { repr := ConLeche.PropWhenRepr.never✝ } })
                                                    { pw := { repr := ConLeche.PropWhenRepr.never✝ } })
                                                  { pw := { repr := ConLeche.PropWhenRepr.never✝ } } }
                                            1 2,
                                          ConstantInfo.indInfo
                                            { name := Name.anonymous.str "Tree2", levelParams := [],
                                              type :=
                                                (Expr.sort Level.zero.succ).forallE (Expr.sort Level.zero.succ)
                                                  { pw := { repr := ConLeche.PropWhenRepr.never✝ } } }
                                            { sortZ := { repr := ConLeche.PropWhenRepr.always✝ },
                                              all := [Name.anonymous.str "Tree2"], nparams := 1,
                                              ctors :=
                                                [Name.anonymous.str "Tree2.leaf",
                                                  Name.anonymous.str "Tree2.node"] }] }.find?,
                                ctorsOf := fun n => if (n == Ln) = true then listCs else [], lvls := [],
                                ps := [Expr.fvar 0 (Expr.sort Level.zero.succ)],
                                auxName := fun i => if (i == 1) = true then rn else cn }.lvls).mkAppN
                        {
                            find? :=
                              {
                                  consts :=
                                    [ConstantInfo.indInfo
                                        { name := Name.anonymous.str "List", levelParams := [Name.anonymous.str "u"],
                                          type :=
                                            (Expr.sort (Level.param (Name.anonymous.str "u")).succ).forallE
                                              (Expr.sort (Level.param (Name.anonymous.str "u")).succ)
                                              { pw := { repr := ConLeche.PropWhenRepr.never✝ } } }
                                        { sortZ := { repr := ConLeche.PropWhenRepr.always✝ },
                                          all := [Name.anonymous.str "List"], nparams := 1,
                                          ctors := [Name.anonymous.str "List.nil", Name.anonymous.str "List.cons"] },
                                      ConstantInfo.ctorInfo
                                        { name := Name.anonymous.str "List.nil",
                                          levelParams := [Name.anonymous.str "u"],
                                          type :=
                                            (Expr.sort (Level.param (Name.anonymous.str "u")).succ).forallE
                                              ((Expr.const (Name.anonymous.str "List")
                                                    [Level.param (Name.anonymous.str "u")]).app
                                                (Expr.bvar 0))
                                              { pw := { repr := ConLeche.PropWhenRepr.never✝ } } }
                                        1 0,
                                      ConstantInfo.ctorInfo
                                        { name := Name.anonymous.str "List.cons",
                                          levelParams := [Name.anonymous.str "u"],
                                          type :=
                                            (Expr.sort (Level.param (Name.anonymous.str "u")).succ).forallE
                                              ((Expr.bvar 0).forallE
                                                (((Expr.const (Name.anonymous.str "List")
                                                          [Level.param (Name.anonymous.str "u")]).app
                                                      (Expr.bvar 1)).forallE
                                                  ((Expr.const (Name.anonymous.str "List")
                                                        [Level.param (Name.anonymous.str "u")]).app
                                                    (Expr.bvar 2))
                                                  { pw := { repr := ConLeche.PropWhenRepr.never✝ } })
                                                { pw := { repr := ConLeche.PropWhenRepr.never✝ } })
                                              { pw := { repr := ConLeche.PropWhenRepr.never✝ } } }
                                        1 2,
                                      ConstantInfo.indInfo
                                        { name := Name.anonymous.str "Tree2", levelParams := [],
                                          type :=
                                            (Expr.sort Level.zero.succ).forallE (Expr.sort Level.zero.succ)
                                              { pw := { repr := ConLeche.PropWhenRepr.never✝ } } }
                                        { sortZ := { repr := ConLeche.PropWhenRepr.always✝ },
                                          all := [Name.anonymous.str "Tree2"], nparams := 1,
                                          ctors :=
                                            [Name.anonymous.str "Tree2.leaf",
                                              Name.anonymous.str "Tree2.node"] }] }.find?,
                            ctorsOf := fun n => if (n == Ln) = true then listCs else [], lvls := [],
                            ps := [Expr.fvar 0 (Expr.sort Level.zero.succ)],
                            auxName := fun i => if (i == 1) = true then rn else cn }.ps).mkAppN
                    (List.drop np args);
                match List.lookup key st.aux with
                | some a => pure (some (mk a))
                | none => do
                  Official.copyBlock
                      {
                        find? :=
                          {
                              consts :=
                                [ConstantInfo.indInfo
                                    { name := Name.anonymous.str "List", levelParams := [Name.anonymous.str "u"],
                                      type :=
                                        (Expr.sort (Level.param (Name.anonymous.str "u")).succ).forallE
                                          (Expr.sort (Level.param (Name.anonymous.str "u")).succ)
                                          { pw := { repr := ConLeche.PropWhenRepr.never✝ } } }
                                    { sortZ := { repr := ConLeche.PropWhenRepr.always✝ },
                                      all := [Name.anonymous.str "List"], nparams := 1,
                                      ctors := [Name.anonymous.str "List.nil", Name.anonymous.str "List.cons"] },
                                  ConstantInfo.ctorInfo
                                    { name := Name.anonymous.str "List.nil", levelParams := [Name.anonymous.str "u"],
                                      type :=
                                        (Expr.sort (Level.param (Name.anonymous.str "u")).succ).forallE
                                          ((Expr.const (Name.anonymous.str "List")
                                                [Level.param (Name.anonymous.str "u")]).app
                                            (Expr.bvar 0))
                                          { pw := { repr := ConLeche.PropWhenRepr.never✝ } } }
                                    1 0,
                                  ConstantInfo.ctorInfo
                                    { name := Name.anonymous.str "List.cons", levelParams := [Name.anonymous.str "u"],
                                      type :=
                                        (Expr.sort (Level.param (Name.anonymous.str "u")).succ).forallE
                                          ((Expr.bvar 0).forallE
                                            (((Expr.const (Name.anonymous.str "List")
                                                      [Level.param (Name.anonymous.str "u")]).app
                                                  (Expr.bvar 1)).forallE
                                              ((Expr.const (Name.anonymous.str "List")
                                                    [Level.param (Name.anonymous.str "u")]).app
                                                (Expr.bvar 2))
                                              { pw := { repr := ConLeche.PropWhenRepr.never✝ } })
                                            { pw := { repr := ConLeche.PropWhenRepr.never✝ } })
                                          { pw := { repr := ConLeche.PropWhenRepr.never✝ } } }
                                    1 2,
                                  ConstantInfo.indInfo
                                    { name := Name.anonymous.str "Tree2", levelParams := [],
                                      type :=
                                        (Expr.sort Level.zero.succ).forallE (Expr.sort Level.zero.succ)
                                          { pw := { repr := ConLeche.PropWhenRepr.never✝ } } }
                                    { sortZ := { repr := ConLeche.PropWhenRepr.always✝ },
                                      all := [Name.anonymous.str "Tree2"], nparams := 1,
                                      ctors :=
                                        [Name.anonymous.str "Tree2.leaf", Name.anonymous.str "Tree2.node"] }] }.find?,
                        ctorsOf := fun n => if (n == Ln) = true then listCs else [], lvls := [],
                        ps := [Expr.fvar 0 (Expr.sort Level.zero.succ)],
                        auxName := fun i => if (i == 1) = true then rn else cn }
                      us (List.take np args)
                      (Official.blockOf
                        {
                          find? :=
                            {
                                consts :=
                                  [ConstantInfo.indInfo
                                      { name := Name.anonymous.str "List", levelParams := [Name.anonymous.str "u"],
                                        type :=
                                          (Expr.sort (Level.param (Name.anonymous.str "u")).succ).forallE
                                            (Expr.sort (Level.param (Name.anonymous.str "u")).succ)
                                            { pw := { repr := ConLeche.PropWhenRepr.never✝ } } }
                                      { sortZ := { repr := ConLeche.PropWhenRepr.always✝ },
                                        all := [Name.anonymous.str "List"], nparams := 1,
                                        ctors := [Name.anonymous.str "List.nil", Name.anonymous.str "List.cons"] },
                                    ConstantInfo.ctorInfo
                                      { name := Name.anonymous.str "List.nil", levelParams := [Name.anonymous.str "u"],
                                        type :=
                                          (Expr.sort (Level.param (Name.anonymous.str "u")).succ).forallE
                                            ((Expr.const (Name.anonymous.str "List")
                                                  [Level.param (Name.anonymous.str "u")]).app
                                              (Expr.bvar 0))
                                            { pw := { repr := ConLeche.PropWhenRepr.never✝ } } }
                                      1 0,
                                    ConstantInfo.ctorInfo
                                      { name := Name.anonymous.str "List.cons", levelParams := [Name.anonymous.str "u"],
                                        type :=
                                          (Expr.sort (Level.param (Name.anonymous.str "u")).succ).forallE
                                            ((Expr.bvar 0).forallE
                                              (((Expr.const (Name.anonymous.str "List")
                                                        [Level.param (Name.anonymous.str "u")]).app
                                                    (Expr.bvar 1)).forallE
                                                ((Expr.const (Name.anonymous.str "List")
                                                      [Level.param (Name.anonymous.str "u")]).app
                                                  (Expr.bvar 2))
                                                { pw := { repr := ConLeche.PropWhenRepr.never✝ } })
                                              { pw := { repr := ConLeche.PropWhenRepr.never✝ } })
                                            { pw := { repr := ConLeche.PropWhenRepr.never✝ } } }
                                      1 2,
                                    ConstantInfo.indInfo
                                      { name := Name.anonymous.str "Tree2", levelParams := [],
                                        type :=
                                          (Expr.sort Level.zero.succ).forallE (Expr.sort Level.zero.succ)
                                            { pw := { repr := ConLeche.PropWhenRepr.never✝ } } }
                                      { sortZ := { repr := ConLeche.PropWhenRepr.always✝ },
                                        all := [Name.anonymous.str "Tree2"], nparams := 1,
                                        ctors :=
                                          [Name.anonymous.str "Tree2.leaf", Name.anonymous.str "Tree2.node"] }] }.find?,
                          ctorsOf := fun n => if (n == Ln) = true then listCs else [], lvls := [],
                          ps := [Expr.fvar 0 (Expr.sort Level.zero.succ)],
                          auxName := fun i => if (i == 1) = true then rn else cn }
                        I)
                  let __do_lift ← get
                  match List.lookup key __do_lift.aux with
                    | some a => pure (some (mk a))
                    | none => throw Official.illFormed)
            a
    ==>
      (Except.ok
            ({
                types :=
                  {
                    toList :=
                      [{ name := Name.anonymous.str "Tree2", type := Expr.sort Level.zero.succ,
                          ctors :=
                            [(Expr.fvar 0 (Expr.sort Level.zero.succ)).forallE
                                ((Expr.const (Name.anonymous.str "Tree2") []).app
                                  (Expr.fvar 0 (Expr.sort Level.zero.succ)))
                                { pw := { repr := ConLeche.PropWhenRepr.never✝ } },
                              ((Expr.const (Name.anonymous.str "List") [Level.zero]).app
                                    ((Expr.const (Name.anonymous.str "List") [Level.zero]).app
                                      ((Expr.const (Name.anonymous.str "Tree2") []).app
                                        (Expr.fvar 0 (Expr.sort Level.zero.succ))))).forallE
                                ((Expr.const (Name.anonymous.str "Tree2") []).app
                                  (Expr.fvar 0 (Expr.sort Level.zero.succ)))
                                { pw := { repr := ConLeche.PropWhenRepr.never✝ } }] }] } },
              {
                types :=
                  {
                    toList :=
                      [{ name := Name.anonymous.str "Tree2", type := Expr.sort Level.zero.succ,
                          ctors :=
                            [(Expr.fvar 0 (Expr.sort Level.zero.succ)).forallE
                                ((Expr.const (Name.anonymous.str "Tree2") []).app
                                  (Expr.fvar 0 (Expr.sort Level.zero.succ)))
                                { pw := { repr := ConLeche.PropWhenRepr.never✝ } },
                              ((Expr.const (Name.anonymous.str "List") [Level.zero]).app
                                    ((Expr.const (Name.anonymous.str "List") [Level.zero]).app
                                      ((Expr.const (Name.anonymous.str "Tree2") []).app
                                        (Expr.fvar 0 (Expr.sort Level.zero.succ))))).forallE
                                ((Expr.const (Name.anonymous.str "Tree2") []).app
                                  (Expr.fvar 0 (Expr.sort Level.zero.succ)))
                                { pw := { repr := ConLeche.PropWhenRepr.never✝ } }] }] } })).bind
        fun __x =>
        match __x with
        | (st, a) =>
          (monadLift
                (Official.isNestedApp
                  {
                    find? :=
                      {
                          consts :=
                            [ConstantInfo.indInfo
                                { name := Name.anonymous.str "List", levelParams := [Name.anonymous.str "u"],
                                  type :=
                                    (Expr.sort (Level.param (Name.anonymous.str "u")).succ).forallE
                                      (Expr.sort (Level.param (Name.anonymous.str "u")).succ)
                                      { pw := { repr := ConLeche.PropWhenRepr.never✝ } } }
                                { sortZ := { repr := ConLeche.PropWhenRepr.always✝ },
                                  all := [Name.anonymous.str "List"], nparams := 1,
                                  ctors := [Name.anonymous.str "List.nil", Name.anonymous.str "List.cons"] },
                              ConstantInfo.ctorInfo
                                { name := Name.anonymous.str "List.nil", levelParams := [Name.anonymous.str "u"],
                                  type :=
                                    (Expr.sort (Level.param (Name.anonymous.str "u")).succ).forallE
                                      ((Expr.const (Name.anonymous.str "List")
                                            [Level.param (Name.anonymous.str "u")]).app
                                        (Expr.bvar 0))
                                      { pw := { repr := ConLeche.PropWhenRepr.never✝ } } }
                                1 0,
                              ConstantInfo.ctorInfo
                                { name := Name.anonymous.str "List.cons", levelParams := [Name.anonymous.str "u"],
                                  type :=
                                    (Expr.sort (Level.param (Name.anonymous.str "u")).succ).forallE
                                      ((Expr.bvar 0).forallE
                                        (((Expr.const (Name.anonymous.str "List")
                                                  [Level.param (Name.anonymous.str "u")]).app
                                              (Expr.bvar 1)).forallE
                                          ((Expr.const (Name.anonymous.str "List")
                                                [Level.param (Name.anonymous.str "u")]).app
                                            (Expr.bvar 2))
                                          { pw := { repr := ConLeche.PropWhenRepr.never✝ } })
                                        { pw := { repr := ConLeche.PropWhenRepr.never✝ } })
                                      { pw := { repr := ConLeche.PropWhenRepr.never✝ } } }
                                1 2,
                              ConstantInfo.indInfo
                                { name := Name.anonymous.str "Tree2", levelParams := [],
                                  type :=
                                    (Expr.sort Level.zero.succ).forallE (Expr.sort Level.zero.succ)
                                      { pw := { repr := ConLeche.PropWhenRepr.never✝ } } }
                                { sortZ := { repr := ConLeche.PropWhenRepr.always✝ },
                                  all := [Name.anonymous.str "Tree2"], nparams := 1,
                                  ctors :=
                                    [Name.anonymous.str "Tree2.leaf", Name.anonymous.str "Tree2.node"] }] }.find?,
                    ctorsOf := fun n => if (n == Ln) = true then listCs else [], lvls := [],
                    ps := [Expr.fvar 0 (Expr.sort Level.zero.succ)],
                    auxName := fun i => if (i == 1) = true then rn else cn }
                  (List.map Official.AuxType.name st.types.toList)
                  ((Expr.const (Name.anonymous.str "Tree2") []).app (Expr.fvar 0 (Expr.sort Level.zero.succ)))) >>=
              fun __do_lift =>
              match __do_lift with
              | none => pure none
              | some (I, us, np, args) =>
                have key := (Expr.const I us).mkAppN (List.take np args);
                have mk := fun a =>
                  ((Expr.const a
                            {
                                find? :=
                                  {
                                      consts :=
                                        [ConstantInfo.indInfo
                                            { name := Name.anonymous.str "List",
                                              levelParams := [Name.anonymous.str "u"],
                                              type :=
                                                (Expr.sort (Level.param (Name.anonymous.str "u")).succ).forallE
                                                  (Expr.sort (Level.param (Name.anonymous.str "u")).succ)
                                                  { pw := { repr := ConLeche.PropWhenRepr.never✝ } } }
                                            { sortZ := { repr := ConLeche.PropWhenRepr.always✝ },
                                              all := [Name.anonymous.str "List"], nparams := 1,
                                              ctors :=
                                                [Name.anonymous.str "List.nil", Name.anonymous.str "List.cons"] },
                                          ConstantInfo.ctorInfo
                                            { name := Name.anonymous.str "List.nil",
                                              levelParams := [Name.anonymous.str "u"],
                                              type :=
                                                (Expr.sort (Level.param (Name.anonymous.str "u")).succ).forallE
                                                  ((Expr.const (Name.anonymous.str "List")
                                                        [Level.param (Name.anonymous.str "u")]).app
                                                    (Expr.bvar 0))
                                                  { pw := { repr := ConLeche.PropWhenRepr.never✝ } } }
                                            1 0,
                                          ConstantInfo.ctorInfo
                                            { name := Name.anonymous.str "List.cons",
                                              levelParams := [Name.anonymous.str "u"],
                                              type :=
                                                (Expr.sort (Level.param (Name.anonymous.str "u")).succ).forallE
                                                  ((Expr.bvar 0).forallE
                                                    (((Expr.const (Name.anonymous.str "List")
                                                              [Level.param (Name.anonymous.str "u")]).app
                                                          (Expr.bvar 1)).forallE
                                                      ((Expr.const (Name.anonymous.str "List")
                                                            [Level.param (Name.anonymous.str "u")]).app
                                                        (Expr.bvar 2))
                                                      { pw := { repr := ConLeche.PropWhenRepr.never✝ } })
                                                    { pw := { repr := ConLeche.PropWhenRepr.never✝ } })
                                                  { pw := { repr := ConLeche.PropWhenRepr.never✝ } } }
                                            1 2,
                                          ConstantInfo.indInfo
                                            { name := Name.anonymous.str "Tree2", levelParams := [],
                                              type :=
                                                (Expr.sort Level.zero.succ).forallE (Expr.sort Level.zero.succ)
                                                  { pw := { repr := ConLeche.PropWhenRepr.never✝ } } }
                                            { sortZ := { repr := ConLeche.PropWhenRepr.always✝ },
                                              all := [Name.anonymous.str "Tree2"], nparams := 1,
                                              ctors :=
                                                [Name.anonymous.str "Tree2.leaf",
                                                  Name.anonymous.str "Tree2.node"] }] }.find?,
                                ctorsOf := fun n => if (n == Ln) = true then listCs else [], lvls := [],
                                ps := [Expr.fvar 0 (Expr.sort Level.zero.succ)],
                                auxName := fun i => if (i == 1) = true then rn else cn }.lvls).mkAppN
                        {
                            find? :=
                              {
                                  consts :=
                                    [ConstantInfo.indInfo
                                        { name := Name.anonymous.str "List", levelParams := [Name.anonymous.str "u"],
                                          type :=
                                            (Expr.sort (Level.param (Name.anonymous.str "u")).succ).forallE
                                              (Expr.sort (Level.param (Name.anonymous.str "u")).succ)
                                              { pw := { repr := ConLeche.PropWhenRepr.never✝ } } }
                                        { sortZ := { repr := ConLeche.PropWhenRepr.always✝ },
                                          all := [Name.anonymous.str "List"], nparams := 1,
                                          ctors := [Name.anonymous.str "List.nil", Name.anonymous.str "List.cons"] },
                                      ConstantInfo.ctorInfo
                                        { name := Name.anonymous.str "List.nil",
                                          levelParams := [Name.anonymous.str "u"],
                                          type :=
                                            (Expr.sort (Level.param (Name.anonymous.str "u")).succ).forallE
                                              ((Expr.const (Name.anonymous.str "List")
                                                    [Level.param (Name.anonymous.str "u")]).app
                                                (Expr.bvar 0))
                                              { pw := { repr := ConLeche.PropWhenRepr.never✝ } } }
                                        1 0,
                                      ConstantInfo.ctorInfo
                                        { name := Name.anonymous.str "List.cons",
                                          levelParams := [Name.anonymous.str "u"],
                                          type :=
                                            (Expr.sort (Level.param (Name.anonymous.str "u")).succ).forallE
                                              ((Expr.bvar 0).forallE
                                                (((Expr.const (Name.anonymous.str "List")
                                                          [Level.param (Name.anonymous.str "u")]).app
                                                      (Expr.bvar 1)).forallE
                                                  ((Expr.const (Name.anonymous.str "List")
                                                        [Level.param (Name.anonymous.str "u")]).app
                                                    (Expr.bvar 2))
                                                  { pw := { repr := ConLeche.PropWhenRepr.never✝ } })
                                                { pw := { repr := ConLeche.PropWhenRepr.never✝ } })
                                              { pw := { repr := ConLeche.PropWhenRepr.never✝ } } }
                                        1 2,
                                      ConstantInfo.indInfo
                                        { name := Name.anonymous.str "Tree2", levelParams := [],
                                          type :=
                                            (Expr.sort Level.zero.succ).forallE (Expr.sort Level.zero.succ)
                                              { pw := { repr := ConLeche.PropWhenRepr.never✝ } } }
                                        { sortZ := { repr := ConLeche.PropWhenRepr.always✝ },
                                          all := [Name.anonymous.str "Tree2"], nparams := 1,
                                          ctors :=
                                            [Name.anonymous.str "Tree2.leaf",
                                              Name.anonymous.str "Tree2.node"] }] }.find?,
                            ctorsOf := fun n => if (n == Ln) = true then listCs else [], lvls := [],
                            ps := [Expr.fvar 0 (Expr.sort Level.zero.succ)],
                            auxName := fun i => if (i == 1) = true then rn else cn }.ps).mkAppN
                    (List.drop np args);
                match List.lookup key st.aux with
                | some a => pure (some (mk a))
                | none => do
                  Official.copyBlock
                      {
                        find? :=
                          {
                              consts :=
                                [ConstantInfo.indInfo
                                    { name := Name.anonymous.str "List", levelParams := [Name.anonymous.str "u"],
                                      type :=
                                        (Expr.sort (Level.param (Name.anonymous.str "u")).succ).forallE
                                          (Expr.sort (Level.param (Name.anonymous.str "u")).succ)
                                          { pw := { repr := ConLeche.PropWhenRepr.never✝ } } }
                                    { sortZ := { repr := ConLeche.PropWhenRepr.always✝ },
                                      all := [Name.anonymous.str "List"], nparams := 1,
                                      ctors := [Name.anonymous.str "List.nil", Name.anonymous.str "List.cons"] },
                                  ConstantInfo.ctorInfo
                                    { name := Name.anonymous.str "List.nil", levelParams := [Name.anonymous.str "u"],
                                      type :=
                                        (Expr.sort (Level.param (Name.anonymous.str "u")).succ).forallE
                                          ((Expr.const (Name.anonymous.str "List")
                                                [Level.param (Name.anonymous.str "u")]).app
                                            (Expr.bvar 0))
                                          { pw := { repr := ConLeche.PropWhenRepr.never✝ } } }
                                    1 0,
                                  ConstantInfo.ctorInfo
                                    { name := Name.anonymous.str "List.cons", levelParams := [Name.anonymous.str "u"],
                                      type :=
                                        (Expr.sort (Level.param (Name.anonymous.str "u")).succ).forallE
                                          ((Expr.bvar 0).forallE
                                            (((Expr.const (Name.anonymous.str "List")
                                                      [Level.param (Name.anonymous.str "u")]).app
                                                  (Expr.bvar 1)).forallE
                                              ((Expr.const (Name.anonymous.str "List")
                                                    [Level.param (Name.anonymous.str "u")]).app
                                                (Expr.bvar 2))
                                              { pw := { repr := ConLeche.PropWhenRepr.never✝ } })
                                            { pw := { repr := ConLeche.PropWhenRepr.never✝ } })
                                          { pw := { repr := ConLeche.PropWhenRepr.never✝ } } }
                                    1 2,
                                  ConstantInfo.indInfo
                                    { name := Name.anonymous.str "Tree2", levelParams := [],
                                      type :=
                                        (Expr.sort Level.zero.succ).forallE (Expr.sort Level.zero.succ)
                                          { pw := { repr := ConLeche.PropWhenRepr.never✝ } } }
                                    { sortZ := { repr := ConLeche.PropWhenRepr.always✝ },
                                      all := [Name.anonymous.str "Tree2"], nparams := 1,
                                      ctors :=
                                        [Name.anonymous.str "Tree2.leaf", Name.anonymous.str "Tree2.node"] }] }.find?,
                        ctorsOf := fun n => if (n == Ln) = true then listCs else [], lvls := [],
                        ps := [Expr.fvar 0 (Expr.sort Level.zero.succ)],
                        auxName := fun i => if (i == 1) = true then rn else cn }
                      us (List.take np args)
                      (Official.blockOf
                        {
                          find? :=
                            {
                                consts :=
                                  [ConstantInfo.indInfo
                                      { name := Name.anonymous.str "List", levelParams := [Name.anonymous.str "u"],
                                        type :=
                                          (Expr.sort (Level.param (Name.anonymous.str "u")).succ).forallE
                                            (Expr.sort (Level.param (Name.anonymous.str "u")).succ)
                                            { pw := { repr := ConLeche.PropWhenRepr.never✝ } } }
                                      { sortZ := { repr := ConLeche.PropWhenRepr.always✝ },
                                        all := [Name.anonymous.str "List"], nparams := 1,
                                        ctors := [Name.anonymous.str "List.nil", Name.anonymous.str "List.cons"] },
                                    ConstantInfo.ctorInfo
                                      { name := Name.anonymous.str "List.nil", levelParams := [Name.anonymous.str "u"],
                                        type :=
                                          (Expr.sort (Level.param (Name.anonymous.str "u")).succ).forallE
                                            ((Expr.const (Name.anonymous.str "List")
                                                  [Level.param (Name.anonymous.str "u")]).app
                                              (Expr.bvar 0))
                                            { pw := { repr := ConLeche.PropWhenRepr.never✝ } } }
                                      1 0,
                                    ConstantInfo.ctorInfo
                                      { name := Name.anonymous.str "List.cons", levelParams := [Name.anonymous.str "u"],
                                        type :=
                                          (Expr.sort (Level.param (Name.anonymous.str "u")).succ).forallE
                                            ((Expr.bvar 0).forallE
                                              (((Expr.const (Name.anonymous.str "List")
                                                        [Level.param (Name.anonymous.str "u")]).app
                                                    (Expr.bvar 1)).forallE
                                                ((Expr.const (Name.anonymous.str "List")
                                                      [Level.param (Name.anonymous.str "u")]).app
                                                  (Expr.bvar 2))
                                                { pw := { repr := ConLeche.PropWhenRepr.never✝ } })
                                              { pw := { repr := ConLeche.PropWhenRepr.never✝ } })
                                            { pw := { repr := ConLeche.PropWhenRepr.never✝ } } }
                                      1 2,
                                    ConstantInfo.indInfo
                                      { name := Name.anonymous.str "Tree2", levelParams := [],
                                        type :=
                                          (Expr.sort Level.zero.succ).forallE (Expr.sort Level.zero.succ)
                                            { pw := { repr := ConLeche.PropWhenRepr.never✝ } } }
                                      { sortZ := { repr := ConLeche.PropWhenRepr.always✝ },
                                        all := [Name.anonymous.str "Tree2"], nparams := 1,
                                        ctors :=
                                          [Name.anonymous.str "Tree2.leaf", Name.anonymous.str "Tree2.node"] }] }.find?,
                          ctorsOf := fun n => if (n == Ln) = true then listCs else [], lvls := [],
                          ps := [Expr.fvar 0 (Expr.sort Level.zero.succ)],
                          auxName := fun i => if (i == 1) = true then rn else cn }
                        I)
                  let __do_lift ← get
                  match List.lookup key __do_lift.aux with
                    | some a => pure (some (mk a))
                    | none => throw Official.illFormed)
            a
[Debug.Meta.Tactic.cbv.reduce] ✅️ proj `Array`.0:
      {
          toList :=
            [{ name := Name.anonymous.str "Tree2", type := Expr.sort Level.zero.succ,
                ctors :=
                  [(Expr.fvar 0 (Expr.sort Level.zero.succ)).forallE
                      ((Expr.const (Name.anonymous.str "Tree2") []).app (Expr.fvar 0 (Expr.sort Level.zero.succ)))
                      { pw := { repr := ConLeche.PropWhenRepr.never✝ } },
                    ((Expr.const (Name.anonymous.str "List") [Level.zero]).app
                          ((Expr.const (Name.anonymous.str "List") [Level.zero]).app
                            ((Expr.const (Name.anonymous.str "Tree2") []).app
                              (Expr.fvar 0 (Expr.sort Level.zero.succ))))).forallE
                      ((Expr.const (Name.anonymous.str "Tree2") []).app (Expr.fvar 0 (Expr.sort Level.zero.succ)))
                      { pw := { repr := ConLeche.PropWhenRepr.never✝ } }] }] }.1
    ==>
      [{ name := Name.anonymous.str "Tree2", type := Expr.sort Level.zero.succ,
          ctors :=
            [(Expr.fvar 0 (Expr.sort Level.zero.succ)).forallE
                ((Expr.const (Name.anonymous.str "Tree2") []).app (Expr.fvar 0 (Expr.sort Level.zero.succ)))
                { pw := { repr := ConLeche.PropWhenRepr.never✝ } },
              ((Expr.const (Name.anonymous.str "List") [Level.zero]).app
                    ((Expr.const (Name.anonymous.str "List") [Level.zero]).app
                      ((Expr.const (Name.anonymous.str "Tree2") []).app
                        (Expr.fvar 0 (Expr.sort Level.zero.succ))))).forallE
                ((Expr.const (Name.anonymous.str "Tree2") []).app (Expr.fvar 0 (Expr.sort Level.zero.succ)))
                { pw := { repr := ConLeche.PropWhenRepr.never✝ } }] }]
[Debug.Meta.Tactic.cbv.reduce] ✅️ proj `ConLeche.Official.AuxType`.0:
      { name := Name.anonymous.str "Tree2", type := Expr.sort Level.zero.succ,
          ctors :=
            [(Expr.fvar 0 (Expr.sort Level.zero.succ)).forallE
                ((Expr.const (Name.anonymous.str "Tree2") []).app (Expr.fvar 0 (Expr.sort Level.zero.succ)))
                { pw := { repr := ConLeche.PropWhenRepr.never✝ } },
              ((Expr.const (Name.anonymous.str "List") [Level.zero]).app
                    ((Expr.const (Name.anonymous.str "List") [Level.zero]).app
                      ((Expr.const (Name.anonymous.str "Tree2") []).app
                        (Expr.fvar 0 (Expr.sort Level.zero.succ))))).forallE
                ((Expr.const (Name.anonymous.str "Tree2") []).app (Expr.fvar 0 (Expr.sort Level.zero.succ)))
                { pw := { repr := ConLeche.PropWhenRepr.never✝ } }] }.1
    ==>
      Name.anonymous.str "Tree2"
[Debug.Meta.Tactic.cbv.reduce] ✅️ proj `ConLeche.Official.ElimCtx`.0:
      {
          find? :=
            {
                consts :=
                  [ConstantInfo.indInfo
                      { name := Name.anonymous.str "List", levelParams := [Name.anonymous.str "u"],
                        type :=
                          (Expr.sort (Level.param (Name.anonymous.str "u")).succ).forallE
                            (Expr.sort (Level.param (Name.anonymous.str "u")).succ)
                            { pw := { repr := ConLeche.PropWhenRepr.never✝ } } }
                      { sortZ := { repr := ConLeche.PropWhenRepr.always✝ }, all := [Name.anonymous.str "List"],
                        nparams := 1, ctors := [Name.anonymous.str "List.nil", Name.anonymous.str "List.cons"] },
                    ConstantInfo.ctorInfo
                      { name := Name.anonymous.str "List.nil", levelParams := [Name.anonymous.str "u"],
                        type :=
                          (Expr.sort (Level.param (Name.anonymous.str "u")).succ).forallE
                            ((Expr.const (Name.anonymous.str "List") [Level.param (Name.anonymous.str "u")]).app
                              (Expr.bvar 0))
                            { pw := { repr := ConLeche.PropWhenRepr.never✝ } } }
                      1 0,
                    ConstantInfo.ctorInfo
                      { name := Name.anonymous.str "List.cons", levelParams := [Name.anonymous.str "u"],
                        type :=
                          (Expr.sort (Level.param (Name.anonymous.str "u")).succ).forallE
                            ((Expr.bvar 0).forallE
                              (((Expr.const (Name.anonymous.str "List") [Level.param (Name.anonymous.str "u")]).app
                                    (Expr.bvar 1)).forallE
                                ((Expr.const (Name.anonymous.str "List") [Level.param (Name.anonymous.str "u")]).app
                                  (Expr.bvar 2))
                                { pw := { repr := ConLeche.PropWhenRepr.never✝ } })
                              { pw := { repr := ConLeche.PropWhenRepr.never✝ } })
                            { pw := { repr := ConLeche.PropWhenRepr.never✝ } } }
                      1 2,
                    ConstantInfo.indInfo
                      { name := Name.anonymous.str "Tree2", levelParams := [],
                        type :=
                          (Expr.sort Level.zero.succ).forallE (Expr.sort Level.zero.succ)
                            { pw := { repr := ConLeche.PropWhenRepr.never✝ } } }
                      { sortZ := { repr := ConLeche.PropWhenRepr.always✝ }, all := [Name.anonymous.str "Tree2"],
                        nparams := 1,
                        ctors := [Name.anonymous.str "Tree2.leaf", Name.anonymous.str "Tree2.node"] }] }.find?,
          ctorsOf := fun n => if (n == Ln) = true then listCs else [], lvls := [],
          ps := [Expr.fvar 0 (Expr.sort Level.zero.succ)], auxName := fun i => if (i == 1) = true then rn else cn }.1
    ==>
      {
          consts :=
            [ConstantInfo.indInfo
                { name := Name.anonymous.str "List", levelParams := [Name.anonymous.str "u"],
                  type :=
                    (Expr.sort (Level.param (Name.anonymous.str "u")).succ).forallE
                      (Expr.sort (Level.param (Name.anonymous.str "u")).succ)
                      { pw := { repr := ConLeche.PropWhenRepr.never✝ } } }
                { sortZ := { repr := ConLeche.PropWhenRepr.always✝ }, all := [Name.anonymous.str "List"], nparams := 1,
                  ctors := [Name.anonymous.str "List.nil", Name.anonymous.str "List.cons"] },
              ConstantInfo.ctorInfo
                { name := Name.anonymous.str "List.nil", levelParams := [Name.anonymous.str "u"],
                  type :=
                    (Expr.sort (Level.param (Name.anonymous.str "u")).succ).forallE
                      ((Expr.const (Name.anonymous.str "List") [Level.param (Name.anonymous.str "u")]).app
                        (Expr.bvar 0))
                      { pw := { repr := ConLeche.PropWhenRepr.never✝ } } }
                1 0,
              ConstantInfo.ctorInfo
                { name := Name.anonymous.str "List.cons", levelParams := [Name.anonymous.str "u"],
                  type :=
                    (Expr.sort (Level.param (Name.anonymous.str "u")).succ).forallE
                      ((Expr.bvar 0).forallE
                        (((Expr.const (Name.anonymous.str "List") [Level.param (Name.anonymous.str "u")]).app
                              (Expr.bvar 1)).forallE
                          ((Expr.const (Name.anonymous.str "List") [Level.param (Name.anonymous.str "u")]).app
                            (Expr.bvar 2))
                          { pw := { repr := ConLeche.PropWhenRepr.never✝ } })
                        { pw := { repr := ConLeche.PropWhenRepr.never✝ } })
                      { pw := { repr := ConLeche.PropWhenRepr.never✝ } } }
                1 2,
              ConstantInfo.indInfo
                { name := Name.anonymous.str "Tree2", levelParams := [],
                  type :=
                    (Expr.sort Level.zero.succ).forallE (Expr.sort Level.zero.succ)
                      { pw := { repr := ConLeche.PropWhenRepr.never✝ } } }
                { sortZ := { repr := ConLeche.PropWhenRepr.always✝ }, all := [Name.anonymous.str "Tree2"], nparams := 1,
                  ctors := [Name.anonymous.str "Tree2.leaf", Name.anonymous.str "Tree2.node"] }] }.find?
[Debug.Meta.Tactic.cbv.reduce] simplifyAppFn:
      {
            find? :=
              {
                  consts :=
                    [ConstantInfo.indInfo
                        { name := Name.anonymous.str "List", levelParams := [Name.anonymous.str "u"],
                          type :=
                            (Expr.sort (Level.param (Name.anonymous.str "u")).succ).forallE
                              (Expr.sort (Level.param (Name.anonymous.str "u")).succ)
                              { pw := { repr := ConLeche.PropWhenRepr.never✝ } } }
                        { sortZ := { repr := ConLeche.PropWhenRepr.always✝ }, all := [Name.anonymous.str "List"],
                          nparams := 1, ctors := [Name.anonymous.str "List.nil", Name.anonymous.str "List.cons"] },
                      ConstantInfo.ctorInfo
                        { name := Name.anonymous.str "List.nil", levelParams := [Name.anonymous.str "u"],
                          type :=
                            (Expr.sort (Level.param (Name.anonymous.str "u")).succ).forallE
                              ((Expr.const (Name.anonymous.str "List") [Level.param (Name.anonymous.str "u")]).app
                                (Expr.bvar 0))
                              { pw := { repr := ConLeche.PropWhenRepr.never✝ } } }
                        1 0,
                      ConstantInfo.ctorInfo
                        { name := Name.anonymous.str "List.cons", levelParams := [Name.anonymous.str "u"],
                          type :=
                            (Expr.sort (Level.param (Name.anonymous.str "u")).succ).forallE
                              ((Expr.bvar 0).forallE
                                (((Expr.const (Name.anonymous.str "List") [Level.param (Name.anonymous.str "u")]).app
                                      (Expr.bvar 1)).forallE
                                  ((Expr.const (Name.anonymous.str "List") [Level.param (Name.anonymous.str "u")]).app
                                    (Expr.bvar 2))
                                  { pw := { repr := ConLeche.PropWhenRepr.never✝ } })
                                { pw := { repr := ConLeche.PropWhenRepr.never✝ } })
                              { pw := { repr := ConLeche.PropWhenRepr.never✝ } } }
                        1 2,
                      ConstantInfo.indInfo
                        { name := Name.anonymous.str "Tree2", levelParams := [],
                          type :=
                            (Expr.sort Level.zero.succ).forallE (Expr.sort Level.zero.succ)
                              { pw := { repr := ConLeche.PropWhenRepr.never✝ } } }
                        { sortZ := { repr := ConLeche.PropWhenRepr.always✝ }, all := [Name.anonymous.str "Tree2"],
                          nparams := 1,
                          ctors := [Name.anonymous.str "Tree2.leaf", Name.anonymous.str "Tree2.node"] }] }.find?,
            ctorsOf := fun n => if (n == Ln) = true then listCs else [], lvls := [],
            ps := [Expr.fvar 0 (Expr.sort Level.zero.succ)], auxName := fun i => if (i == 1) = true then rn else cn }.1
        (Name.anonymous.str "Tree2")
    ==>
      {
            consts :=
              [ConstantInfo.indInfo
                  { name := Name.anonymous.str "List", levelParams := [Name.anonymous.str "u"],
                    type :=
                      (Expr.sort (Level.param (Name.anonymous.str "u")).succ).forallE
                        (Expr.sort (Level.param (Name.anonymous.str "u")).succ)
                        { pw := { repr := ConLeche.PropWhenRepr.never✝ } } }
                  { sortZ := { repr := ConLeche.PropWhenRepr.always✝ }, all := [Name.anonymous.str "List"],
                    nparams := 1, ctors := [Name.anonymous.str "List.nil", Name.anonymous.str "List.cons"] },
                ConstantInfo.ctorInfo
                  { name := Name.anonymous.str "List.nil", levelParams := [Name.anonymous.str "u"],
                    type :=
                      (Expr.sort (Level.param (Name.anonymous.str "u")).succ).forallE
                        ((Expr.const (Name.anonymous.str "List") [Level.param (Name.anonymous.str "u")]).app
                          (Expr.bvar 0))
                        { pw := { repr := ConLeche.PropWhenRepr.never✝ } } }
                  1 0,
                ConstantInfo.ctorInfo
                  { name := Name.anonymous.str "List.cons", levelParams := [Name.anonymous.str "u"],
                    type :=
                      (Expr.sort (Level.param (Name.anonymous.str "u")).succ).forallE
                        ((Expr.bvar 0).forallE
                          (((Expr.const (Name.anonymous.str "List") [Level.param (Name.anonymous.str "u")]).app
                                (Expr.bvar 1)).forallE
                            ((Expr.const (Name.anonymous.str "List") [Level.param (Name.anonymous.str "u")]).app
                              (Expr.bvar 2))
                            { pw := { repr := ConLeche.PropWhenRepr.never✝ } })
                          { pw := { repr := ConLeche.PropWhenRepr.never✝ } })
                        { pw := { repr := ConLeche.PropWhenRepr.never✝ } } }
                  1 2,
                ConstantInfo.indInfo
                  { name := Name.anonymous.str "Tree2", levelParams := [],
                    type :=
                      (Expr.sort Level.zero.succ).forallE (Expr.sort Level.zero.succ)
                        { pw := { repr := ConLeche.PropWhenRepr.never✝ } } }
                  { sortZ := { repr := ConLeche.PropWhenRepr.always✝ }, all := [Name.anonymous.str "Tree2"],
                    nparams := 1, ctors := [Name.anonymous.str "Tree2.leaf", Name.anonymous.str "Tree2.node"] }] }.find?
        (Name.anonymous.str "Tree2")
[Debug.Meta.Tactic.cbv.reduce] ✅️ proj `ConLeche.Env`.0:
      {
          consts :=
            [ConstantInfo.indInfo
                { name := Name.anonymous.str "List", levelParams := [Name.anonymous.str "u"],
                  type :=
                    (Expr.sort (Level.param (Name.anonymous.str "u")).succ).forallE
                      (Expr.sort (Level.param (Name.anonymous.str "u")).succ)
                      { pw := { repr := ConLeche.PropWhenRepr.never✝ } } }
                { sortZ := { repr := ConLeche.PropWhenRepr.always✝ }, all := [Name.anonymous.str "List"], nparams := 1,
                  ctors := [Name.anonymous.str "List.nil", Name.anonymous.str "List.cons"] },
              ConstantInfo.ctorInfo
                { name := Name.anonymous.str "List.nil", levelParams := [Name.anonymous.str "u"],
                  type :=
                    (Expr.sort (Level.param (Name.anonymous.str "u")).succ).forallE
                      ((Expr.const (Name.anonymous.str "List") [Level.param (Name.anonymous.str "u")]).app
                        (Expr.bvar 0))
                      { pw := { repr := ConLeche.PropWhenRepr.never✝ } } }
                1 0,
              ConstantInfo.ctorInfo
                { name := Name.anonymous.str "List.cons", levelParams := [Name.anonymous.str "u"],
                  type :=
                    (Expr.sort (Level.param (Name.anonymous.str "u")).succ).forallE
                      ((Expr.bvar 0).forallE
                        (((Expr.const (Name.anonymous.str "List") [Level.param (Name.anonymous.str "u")]).app
                              (Expr.bvar 1)).forallE
                          ((Expr.const (Name.anonymous.str "List") [Level.param (Name.anonymous.str "u")]).app
                            (Expr.bvar 2))
                          { pw := { repr := ConLeche.PropWhenRepr.never✝ } })
                        { pw := { repr := ConLeche.PropWhenRepr.never✝ } })
                      { pw := { repr := ConLeche.PropWhenRepr.never✝ } } }
                1 2,
              ConstantInfo.indInfo
                { name := Name.anonymous.str "Tree2", levelParams := [],
                  type :=
                    (Expr.sort Level.zero.succ).forallE (Expr.sort Level.zero.succ)
                      { pw := { repr := ConLeche.PropWhenRepr.never✝ } } }
                { sortZ := { repr := ConLeche.PropWhenRepr.always✝ }, all := [Name.anonymous.str "Tree2"], nparams := 1,
                  ctors := [Name.anonymous.str "Tree2.leaf", Name.anonymous.str "Tree2.node"] }] }.1
    ==>
      [ConstantInfo.indInfo
          { name := Name.anonymous.str "List", levelParams := [Name.anonymous.str "u"],
            type :=
              (Expr.sort (Level.param (Name.anonymous.str "u")).succ).forallE
                (Expr.sort (Level.param (Name.anonymous.str "u")).succ)
                { pw := { repr := ConLeche.PropWhenRepr.never✝ } } }
          { sortZ := { repr := ConLeche.PropWhenRepr.always✝ }, all := [Name.anonymous.str "List"], nparams := 1,
            ctors := [Name.anonymous.str "List.nil", Name.anonymous.str "List.cons"] },
        ConstantInfo.ctorInfo
          { name := Name.anonymous.str "List.nil", levelParams := [Name.anonymous.str "u"],
            type :=
              (Expr.sort (Level.param (Name.anonymous.str "u")).succ).forallE
                ((Expr.const (Name.anonymous.str "List") [Level.param (Name.anonymous.str "u")]).app (Expr.bvar 0))
                { pw := { repr := ConLeche.PropWhenRepr.never✝ } } }
          1 0,
        ConstantInfo.ctorInfo
          { name := Name.anonymous.str "List.cons", levelParams := [Name.anonymous.str "u"],
            type :=
              (Expr.sort (Level.param (Name.anonymous.str "u")).succ).forallE
                ((Expr.bvar 0).forallE
                  (((Expr.const (Name.anonymous.str "List") [Level.param (Name.anonymous.str "u")]).app
                        (Expr.bvar 1)).forallE
                    ((Expr.const (Name.anonymous.str "List") [Level.param (Name.anonymous.str "u")]).app (Expr.bvar 2))
                    { pw := { repr := ConLeche.PropWhenRepr.never✝ } })
                  { pw := { repr := ConLeche.PropWhenRepr.never✝ } })
                { pw := { repr := ConLeche.PropWhenRepr.never✝ } } }
          1 2,
        ConstantInfo.indInfo
          { name := Name.anonymous.str "Tree2", levelParams := [],
            type :=
              (Expr.sort Level.zero.succ).forallE (Expr.sort Level.zero.succ)
                { pw := { repr := ConLeche.PropWhenRepr.never✝ } } }
          { sortZ := { repr := ConLeche.PropWhenRepr.always✝ }, all := [Name.anonymous.str "Tree2"], nparams := 1,
            ctors := [Name.anonymous.str "Tree2.leaf", Name.anonymous.str "Tree2.node"] }]
[Debug.Meta.Tactic.cbv.reduce] ✅️ proj `ConLeche.ConstantVal`.0:
      { name := Name.anonymous.str "List", levelParams := [Name.anonymous.str "u"],
          type :=
            (Expr.sort (Level.param (Name.anonymous.str "u")).succ).forallE
              (Expr.sort (Level.param (Name.anonymous.str "u")).succ)
              { pw := { repr := ConLeche.PropWhenRepr.never✝ } } }.1
    ==>
      Name.anonymous.str "List"
[Debug.Meta.Tactic.cbv.reduce] ✅️ proj `BEq`.0:
      instBEqName.1
    ==>
      { beq := Name.beq }.1
[Debug.Meta.Tactic.cbv.reduce] ✅️ proj `BEq`.0:
      { beq := Name.beq }.1
    ==>
      Name.beq
[Debug.Meta.Tactic.cbv.reduce] simplifyAppFn:
      instBEqName.1 (Name.anonymous.str "List") (Name.anonymous.str "Tree2")
    ==>
      (Name.anonymous.str "List").beq (Name.anonymous.str "Tree2")
[Debug.Meta.Tactic.cbv.reduce] beta:
      (fun inst => dite ("List" = "Tree2") (Eq.rec (isTrue ⋯)) fun h => isFalse ⋯) (isTrue ⋯)
    ==>
      dite ("List" = "Tree2") (Eq.rec (isTrue ⋯)) fun h => isFalse ⋯
[Debug.Meta.Tactic.cbv.reduce] beta:
      (fun {α} a motive refl => refl) Name.anonymous
        (fun x x_1 =>
          have inst := instDecidableEqName.decEq Name.anonymous x;
          Decidable (Name.anonymous.str "List" = x.str "Tree2"))
        (isFalse ⋯)
    ==>
      isFalse ⋯
[Debug.Meta.Tactic.cbv.reduce] simplifyAppFn:
      instBEqName.1 (Name.anonymous.str "List.nil") (Name.anonymous.str "Tree2")
    ==>
      (Name.anonymous.str "List.nil").beq (Name.anonymous.str "Tree2")
[Debug.Meta.Tactic.cbv.reduce] beta:
      (fun inst => dite ("List.nil" = "Tree2") (Eq.rec (isTrue ⋯)) fun h => isFalse ⋯) (isTrue ⋯)
    ==>
      dite ("List.nil" = "Tree2") (Eq.rec (isTrue ⋯)) fun h => isFalse ⋯
[Debug.Meta.Tactic.cbv.reduce] beta:
      (fun {α} a motive refl => refl) Name.anonymous
        (fun x x_1 =>
          have inst := instDecidableEqName.decEq Name.anonymous x;
          Decidable (Name.anonymous.str "List.nil" = x.str "Tree2"))
        (isFalse ⋯)
    ==>
      isFalse ⋯
[Debug.Meta.Tactic.cbv.reduce] simplifyAppFn:
      instBEqName.1 (Name.anonymous.str "List.cons") (Name.anonymous.str "Tree2")
    ==>
      (Name.anonymous.str "List.cons").beq (Name.anonymous.str "Tree2")
[Debug.Meta.Tactic.cbv.reduce] beta:
      (fun inst => dite ("List.cons" = "Tree2") (Eq.rec (isTrue ⋯)) fun h => isFalse ⋯) (isTrue ⋯)
    ==>
      dite ("List.cons" = "Tree2") (Eq.rec (isTrue ⋯)) fun h => isFalse ⋯
[Debug.Meta.Tactic.cbv.reduce] beta:
      (fun {α} a motive refl => refl) Name.anonymous
        (fun x x_1 =>
          have inst := instDecidableEqName.decEq Name.anonymous x;
          Decidable (Name.anonymous.str "List.cons" = x.str "Tree2"))
        (isFalse ⋯)
    ==>
      isFalse ⋯
[Debug.Meta.Tactic.cbv.reduce] ✅️ proj `ConLeche.ConstantVal`.0:
      { name := Name.anonymous.str "Tree2", levelParams := [],
          type :=
            (Expr.sort Level.zero.succ).forallE (Expr.sort Level.zero.succ)
              { pw := { repr := ConLeche.PropWhenRepr.never✝ } } }.1
    ==>
      Name.anonymous.str "Tree2"
[Debug.Meta.Tactic.cbv.reduce] simplifyAppFn:
      instBEqName.1 (Name.anonymous.str "Tree2") (Name.anonymous.str "Tree2")
    ==>
      (Name.anonymous.str "Tree2").beq (Name.anonymous.str "Tree2")
[Debug.Meta.Tactic.cbv.reduce] simplifyAppFn:
      instBEqName.1 (Name.anonymous.str "Tree2") (Name.anonymous.str "Quot")
    ==>
      (Name.anonymous.str "Tree2").beq (Name.anonymous.str "Quot")
[Debug.Meta.Tactic.cbv.reduce] beta:
      (fun inst => dite ("Tree2" = "Quot") (Eq.rec (isTrue ⋯)) fun h => isFalse ⋯) (isTrue ⋯)
    ==>
      dite ("Tree2" = "Quot") (Eq.rec (isTrue ⋯)) fun h => isFalse ⋯
[Debug.Meta.Tactic.cbv.reduce] beta:
      (fun {α} a motive refl => refl) Name.anonymous
        (fun x x_1 =>
          have inst := instDecidableEqName.decEq Name.anonymous x;
          Decidable (Name.anonymous.str "Tree2" = x.str "Quot"))
        (isFalse ⋯)
    ==>
      isFalse ⋯
[Debug.Meta.Tactic.cbv.reduce] ✅️ proj `HAppend`.0:
      instHAppendOfAppend.1
    ==>
      { hAppend := List.append }.1
  [Debug.Meta.Tactic.cbv.reduce] ✅️ proj `Append`.0:
        List.instAppend.1
      ==>
        { append := List.append }.1
  [Debug.Meta.Tactic.cbv.reduce] ✅️ proj `Append`.0:
        { append := List.append }.1
      ==>
        List.append
[Debug.Meta.Tactic.cbv.reduce] ✅️ proj `HAppend`.0:
      { hAppend := List.append }.1
    ==>
      List.append
[Debug.Meta.Tactic.cbv.reduce] simplifyAppFn:
      instHAppendOfAppend.1 [] [Expr.fvar 0 (Expr.sort Level.zero.succ)]
    ==>
      [].append [Expr.fvar 0 (Expr.sort Level.zero.succ)]
[Debug.Meta.Tactic.cbv.reduce] beta:
      (fun args =>
          if
              args.length <
                { sortZ := { repr := ConLeche.PropWhenRepr.always✝ }, all := [Name.anonymous.str "Tree2"], nparams := 1,
                    ctors := [Name.anonymous.str "Tree2.leaf", Name.anonymous.str "Tree2.node"] }.nparams then
            pure none
          else
            have ds :=
              List.take
                { sortZ := { repr := ConLeche.PropWhenRepr.always✝ }, all := [Name.anonymous.str "Tree2"], nparams := 1,
                    ctors := [Name.anonymous.str "Tree2.leaf", Name.anonymous.str "Tree2.node"] }.nparams
                args;
            if (!ds.any (Expr.nestOcc [Name.anonymous.str "Tree2"] 0 0)) = true then pure none
            else
              if (ds.any fun x => x.bvarB != 0) = true then
                throw
                  (CheckError.invalid "official: nested inductive datatypes parameters cannot contain local variables")
              else
                pure
                  (some
                    (Name.anonymous.str "Tree2", [],
                      { sortZ := { repr := ConLeche.PropWhenRepr.always✝ }, all := [Name.anonymous.str "Tree2"],
                          nparams := 1,
                          ctors := [Name.anonymous.str "Tree2.leaf", Name.anonymous.str "Tree2.node"] }.nparams,
                      args)))
        [Expr.fvar 0 (Expr.sort Level.zero.succ)]
    ==>
      if
          [Expr.fvar 0 (Expr.sort Level.zero.succ)].length <
            { sortZ := { repr := ConLeche.PropWhenRepr.always✝ }, all := [Name.anonymous.str "Tree2"], nparams := 1,
                ctors := [Name.anonymous.str "Tree2.leaf", Name.anonymous.str "Tree2.node"] }.nparams then
        pure none
      else
        have ds :=
          List.take
            { sortZ := { repr := ConLeche.PropWhenRepr.always✝ }, all := [Name.anonymous.str "Tree2"], nparams := 1,
                ctors := [Name.anonymous.str "Tree2.leaf", Name.anonymous.str "Tree2.node"] }.nparams
            [Expr.fvar 0 (Expr.sort Level.zero.succ)];
        if (!ds.any (Expr.nestOcc [Name.anonymous.str "Tree2"] 0 0)) = true then pure none
        else
          if (ds.any fun x => x.bvarB != 0) = true then
            throw (CheckError.invalid "official: nested inductive datatypes parameters cannot contain local variables")
          else
            pure
              (some
                (Name.anonymous.str "Tree2", [],
                  { sortZ := { repr := ConLeche.PropWhenRepr.always✝ }, all := [Name.anonymous.str "Tree2"],
                      nparams := 1,
                      ctors := [Name.anonymous.str "Tree2.leaf", Name.anonymous.str "Tree2.node"] }.nparams,
                  [Expr.fvar 0 (Expr.sort Level.zero.succ)]))
[Debug.Meta.Tactic.cbv.reduce] ✅️ proj `ConLeche.IndCaps`.9:
      { sortZ := { repr := ConLeche.PropWhenRepr.always✝ }, all := [Name.anonymous.str "Tree2"], nparams := 1,
          ctors := [Name.anonymous.str "Tree2.leaf", Name.anonymous.str "Tree2.node"] }.10
    ==>
      1
[Debug.Meta.Tactic.cbv.reduce] beta:
      (fun ds =>
          if (!ds.any (Expr.nestOcc [Name.anonymous.str "Tree2"] 0 0)) = true then pure none
          else
            if (ds.any fun x => x.bvarB != 0) = true then
              throw
                (CheckError.invalid "official: nested inductive datatypes parameters cannot contain local variables")
            else
              pure
                (some
                  (Name.anonymous.str "Tree2", [],
                    { sortZ := { repr := ConLeche.PropWhenRepr.always✝ }, all := [Name.anonymous.str "Tree2"],
                        nparams := 1,
                        ctors := [Name.anonymous.str "Tree2.leaf", Name.anonymous.str "Tree2.node"] }.nparams,
                    [Expr.fvar 0 (Expr.sort Level.zero.succ)])))
        [Expr.fvar 0 (Expr.sort Level.zero.succ)]
    ==>
      if (![Expr.fvar 0 (Expr.sort Level.zero.succ)].any (Expr.nestOcc [Name.anonymous.str "Tree2"] 0 0)) = true then
        pure none
      else
        if ([Expr.fvar 0 (Expr.sort Level.zero.succ)].any fun x => x.bvarB != 0) = true then
          throw (CheckError.invalid "official: nested inductive datatypes parameters cannot contain local variables")
        else
          pure
            (some
              (Name.anonymous.str "Tree2", [],
                { sortZ := { repr := ConLeche.PropWhenRepr.always✝ }, all := [Name.anonymous.str "Tree2"], nparams := 1,
                    ctors := [Name.anonymous.str "Tree2.leaf", Name.anonymous.str "Tree2.node"] }.nparams,
                [Expr.fvar 0 (Expr.sort Level.zero.succ)]))
[Debug.Meta.Tactic.cbv.reduce] simplifyAppFn:
      Except.instMonad.toPure.1 none
    ==>
      Except.pure none
[Debug.Meta.Tactic.cbv.reduce] ✅️ proj `MonadLiftT`.0:
      (instMonadLiftTOfMonadLift (Except CheckError) (Except CheckError) (StateT Official.ElimSt (Except CheckError))).1
    ==>
      { monadLift := fun {α} x => MonadLift.monadLift (monadLift x) }.1
[Debug.Meta.Tactic.cbv.reduce] ✅️ proj `MonadLiftT`.0:
      { monadLift := fun {α} x => MonadLift.monadLift (monadLift x) }.1
    ==>
      fun {α} x => MonadLift.monadLift (monadLift x)
[Debug.Meta.Tactic.cbv.reduce] simplifyAppFn:
      (instMonadLiftTOfMonadLift (Except CheckError) (Except CheckError) (StateT Official.ElimSt (Except CheckError))).1
        (Except.ok none)
    ==>
      (fun {α} x => MonadLift.monadLift (monadLift x)) (Except.ok none)
[Debug.Meta.Tactic.cbv.reduce] beta:
      (fun {α} x => MonadLift.monadLift (monadLift x)) (Except.ok none)
    ==>
      MonadLift.monadLift (monadLift (Except.ok none))
[Debug.Meta.Tactic.cbv.reduce] ✅️ proj `MonadLiftT`.0:
      (instMonadLiftT (Except CheckError)).1
    ==>
      { monadLift := fun {α} x => x }.1
[Debug.Meta.Tactic.cbv.reduce] ✅️ proj `MonadLiftT`.0:
      { monadLift := fun {α} x => x }.1
    ==>
      fun {α} x => x
[Debug.Meta.Tactic.cbv.reduce] simplifyAppFn:
      (instMonadLiftT (Except CheckError)).1 (Except.ok none)
    ==>
      (fun {α} x => x) (Except.ok none)
[Debug.Meta.Tactic.cbv.reduce] beta:
      (fun {α} x => x) (Except.ok none)
    ==>
      Except.ok none
[Debug.Meta.Tactic.cbv.reduce] ✅️ proj `MonadLift`.0:
      StateT.instMonadLift.1
    ==>
      { monadLift := @StateT.lift Official.ElimSt (Except CheckError) Except.instMonad }.1
[Debug.Meta.Tactic.cbv.reduce] ✅️ proj `MonadLift`.0:
      { monadLift := @StateT.lift Official.ElimSt (Except CheckError) Except.instMonad }.1
    ==>
      @StateT.lift Official.ElimSt (Except CheckError) Except.instMonad
[Debug.Meta.Tactic.cbv.reduce] simplifyAppFn:
      StateT.instMonadLift.1 (Except.ok none)
    ==>
      StateT.lift (Except.ok none)
[Debug.Meta.Tactic.cbv.reduce] simplifyAppFn:
      StateT.instMonad.toBind.1 (StateT.lift (Except.ok none))
        (fun __do_lift =>
          match __do_lift with
          | none => pure none
          | some (I, us, np, args) =>
            have key := (Expr.const I us).mkAppN (List.take np args);
            have mk := fun a =>
              ((Expr.const a
                        {
                            find? :=
                              {
                                  consts :=
                                    [ConstantInfo.indInfo
                                        { name := Name.anonymous.str "List", levelParams := [Name.anonymous.str "u"],
                                          type :=
                                            (Expr.sort (Level.param (Name.anonymous.str "u")).succ).forallE
                                              (Expr.sort (Level.param (Name.anonymous.str "u")).succ)
                                              { pw := { repr := ConLeche.PropWhenRepr.never✝ } } }
                                        { sortZ := { repr := ConLeche.PropWhenRepr.always✝ },
                                          all := [Name.anonymous.str "List"], nparams := 1,
                                          ctors := [Name.anonymous.str "List.nil", Name.anonymous.str "List.cons"] },
                                      ConstantInfo.ctorInfo
                                        { name := Name.anonymous.str "List.nil",
                                          levelParams := [Name.anonymous.str "u"],
                                          type :=
                                            (Expr.sort (Level.param (Name.anonymous.str "u")).succ).forallE
                                              ((Expr.const (Name.anonymous.str "List")
                                                    [Level.param (Name.anonymous.str "u")]).app
                                                (Expr.bvar 0))
                                              { pw := { repr := ConLeche.PropWhenRepr.never✝ } } }
                                        1 0,
                                      ConstantInfo.ctorInfo
                                        { name := Name.anonymous.str "List.cons",
                                          levelParams := [Name.anonymous.str "u"],
                                          type :=
                                            (Expr.sort (Level.param (Name.anonymous.str "u")).succ).forallE
                                              ((Expr.bvar 0).forallE
                                                (((Expr.const (Name.anonymous.str "List")
                                                          [Level.param (Name.anonymous.str "u")]).app
                                                      (Expr.bvar 1)).forallE
                                                  ((Expr.const (Name.anonymous.str "List")
                                                        [Level.param (Name.anonymous.str "u")]).app
                                                    (Expr.bvar 2))
                                                  { pw := { repr := ConLeche.PropWhenRepr.never✝ } })
                                                { pw := { repr := ConLeche.PropWhenRepr.never✝ } })
                                              { pw := { repr := ConLeche.PropWhenRepr.never✝ } } }
                                        1 2,
                                      ConstantInfo.indInfo
                                        { name := Name.anonymous.str "Tree2", levelParams := [],
                                          type :=
                                            (Expr.sort Level.zero.succ).forallE (Expr.sort Level.zero.succ)
                                              { pw := { repr := ConLeche.PropWhenRepr.never✝ } } }
                                        { sortZ := { repr := ConLeche.PropWhenRepr.always✝ },
                                          all := [Name.anonymous.str "Tree2"], nparams := 1,
                                          ctors :=
                                            [Name.anonymous.str "Tree2.leaf",
                                              Name.anonymous.str "Tree2.node"] }] }.find?,
                            ctorsOf := fun n => if (n == Ln) = true then listCs else [], lvls := [],
                            ps := [Expr.fvar 0 (Expr.sort Level.zero.succ)],
                            auxName := fun i => if (i == 1) = true then rn else cn }.lvls).mkAppN
                    {
                        find? :=
                          {
                              consts :=
                                [ConstantInfo.indInfo
                                    { name := Name.anonymous.str "List", levelParams := [Name.anonymous.str "u"],
                                      type :=
                                        (Expr.sort (Level.param (Name.anonymous.str "u")).succ).forallE
                                          (Expr.sort (Level.param (Name.anonymous.str "u")).succ)
                                          { pw := { repr := ConLeche.PropWhenRepr.never✝ } } }
                                    { sortZ := { repr := ConLeche.PropWhenRepr.always✝ },
                                      all := [Name.anonymous.str "List"], nparams := 1,
                                      ctors := [Name.anonymous.str "List.nil", Name.anonymous.str "List.cons"] },
                                  ConstantInfo.ctorInfo
                                    { name := Name.anonymous.str "List.nil", levelParams := [Name.anonymous.str "u"],
                                      type :=
                                        (Expr.sort (Level.param (Name.anonymous.str "u")).succ).forallE
                                          ((Expr.const (Name.anonymous.str "List")
                                                [Level.param (Name.anonymous.str "u")]).app
                                            (Expr.bvar 0))
                                          { pw := { repr := ConLeche.PropWhenRepr.never✝ } } }
                                    1 0,
                                  ConstantInfo.ctorInfo
                                    { name := Name.anonymous.str "List.cons", levelParams := [Name.anonymous.str "u"],
                                      type :=
                                        (Expr.sort (Level.param (Name.anonymous.str "u")).succ).forallE
                                          ((Expr.bvar 0).forallE
                                            (((Expr.const (Name.anonymous.str "List")
                                                      [Level.param (Name.anonymous.str "u")]).app
                                                  (Expr.bvar 1)).forallE
                                              ((Expr.const (Name.anonymous.str "List")
                                                    [Level.param (Name.anonymous.str "u")]).app
                                                (Expr.bvar 2))
                                              { pw := { repr := ConLeche.PropWhenRepr.never✝ } })
                                            { pw := { repr := ConLeche.PropWhenRepr.never✝ } })
                                          { pw := { repr := ConLeche.PropWhenRepr.never✝ } } }
                                    1 2,
                                  ConstantInfo.indInfo
                                    { name := Name.anonymous.str "Tree2", levelParams := [],
                                      type :=
                                        (Expr.sort Level.zero.succ).forallE (Expr.sort Level.zero.succ)
                                          { pw := { repr := ConLeche.PropWhenRepr.never✝ } } }
                                    { sortZ := { repr := ConLeche.PropWhenRepr.always✝ },
                                      all := [Name.anonymous.str "Tree2"], nparams := 1,
                                      ctors :=
                                        [Name.anonymous.str "Tree2.leaf", Name.anonymous.str "Tree2.node"] }] }.find?,
                        ctorsOf := fun n => if (n == Ln) = true then listCs else [], lvls := [],
                        ps := [Expr.fvar 0 (Expr.sort Level.zero.succ)],
                        auxName := fun i => if (i == 1) = true then rn else cn }.ps).mkAppN
                (List.drop np args);
            match
              List.lookup key
                {
                    types :=
                      {
                        toList :=
                          [{ name := Name.anonymous.str "Tree2", type := Expr.sort Level.zero.succ,
                              ctors :=
                                [(Expr.fvar 0 (Expr.sort Level.zero.succ)).forallE
                                    ((Expr.const (Name.anonymous.str "Tree2") []).app
                                      (Expr.fvar 0 (Expr.sort Level.zero.succ)))
                                    { pw := { repr := ConLeche.PropWhenRepr.never✝ } },
                                  ((Expr.const (Name.anonymous.str "List") [Level.zero]).app
                                        ((Expr.const (Name.anonymous.str "List") [Level.zero]).app
                                          ((Expr.const (Name.anonymous.str "Tree2") []).app
                                            (Expr.fvar 0 (Expr.sort Level.zero.succ))))).forallE
                                    ((Expr.const (Name.anonymous.str "Tree2") []).app
                                      (Expr.fvar 0 (Expr.sort Level.zero.succ)))
                                    { pw := { repr := ConLeche.PropWhenRepr.never✝ } }] }] } }.aux with
            | some a => pure (some (mk a))
            | none => do
              Official.copyBlock
                  {
                    find? :=
                      {
                          consts :=
                            [ConstantInfo.indInfo
                                { name := Name.anonymous.str "List", levelParams := [Name.anonymous.str "u"],
                                  type :=
                                    (Expr.sort (Level.param (Name.anonymous.str "u")).succ).forallE
                                      (Expr.sort (Level.param (Name.anonymous.str "u")).succ)
                                      { pw := { repr := ConLeche.PropWhenRepr.never✝ } } }
                                { sortZ := { repr := ConLeche.PropWhenRepr.always✝ },
                                  all := [Name.anonymous.str "List"], nparams := 1,
                                  ctors := [Name.anonymous.str "List.nil", Name.anonymous.str "List.cons"] },
                              ConstantInfo.ctorInfo
                                { name := Name.anonymous.str "List.nil", levelParams := [Name.anonymous.str "u"],
                                  type :=
                                    (Expr.sort (Level.param (Name.anonymous.str "u")).succ).forallE
                                      ((Expr.const (Name.anonymous.str "List")
                                            [Level.param (Name.anonymous.str "u")]).app
                                        (Expr.bvar 0))
                                      { pw := { repr := ConLeche.PropWhenRepr.never✝ } } }
                                1 0,
                              ConstantInfo.ctorInfo
                                { name := Name.anonymous.str "List.cons", levelParams := [Name.anonymous.str "u"],
                                  type :=
                                    (Expr.sort (Level.param (Name.anonymous.str "u")).succ).forallE
                                      ((Expr.bvar 0).forallE
                                        (((Expr.const (Name.anonymous.str "List")
                                                  [Level.param (Name.anonymous.str "u")]).app
                                              (Expr.bvar 1)).forallE
                                          ((Expr.const (Name.anonymous.str "List")
                                                [Level.param (Name.anonymous.str "u")]).app
                                            (Expr.bvar 2))
                                          { pw := { repr := ConLeche.PropWhenRepr.never✝ } })
                                        { pw := { repr := ConLeche.PropWhenRepr.never✝ } })
                                      { pw := { repr := ConLeche.PropWhenRepr.never✝ } } }
                                1 2,
                              ConstantInfo.indInfo
                                { name := Name.anonymous.str "Tree2", levelParams := [],
                                  type :=
                                    (Expr.sort Level.zero.succ).forallE (Expr.sort Level.zero.succ)
                                      { pw := { repr := ConLeche.PropWhenRepr.never✝ } } }
                                { sortZ := { repr := ConLeche.PropWhenRepr.always✝ },
                                  all := [Name.anonymous.str "Tree2"], nparams := 1,
                                  ctors :=
                                    [Name.anonymous.str "Tree2.leaf", Name.anonymous.str "Tree2.node"] }] }.find?,
                    ctorsOf := fun n => if (n == Ln) = true then listCs else [], lvls := [],
                    ps := [Expr.fvar 0 (Expr.sort Level.zero.succ)],
                    auxName := fun i => if (i == 1) = true then rn else cn }
                  us (List.take np args)
                  (Official.blockOf
                    {
                      find? :=
                        {
                            consts :=
                              [ConstantInfo.indInfo
                                  { name := Name.anonymous.str "List", levelParams := [Name.anonymous.str "u"],
                                    type :=
                                      (Expr.sort (Level.param (Name.anonymous.str "u")).succ).forallE
                                        (Expr.sort (Level.param (Name.anonymous.str "u")).succ)
                                        { pw := { repr := ConLeche.PropWhenRepr.never✝ } } }
                                  { sortZ := { repr := ConLeche.PropWhenRepr.always✝ },
                                    all := [Name.anonymous.str "List"], nparams := 1,
                                    ctors := [Name.anonymous.str "List.nil", Name.anonymous.str "List.cons"] },
                                ConstantInfo.ctorInfo
                                  { name := Name.anonymous.str "List.nil", levelParams := [Name.anonymous.str "u"],
                                    type :=
                                      (Expr.sort (Level.param (Name.anonymous.str "u")).succ).forallE
                                        ((Expr.const (Name.anonymous.str "List")
                                              [Level.param (Name.anonymous.str "u")]).app
                                          (Expr.bvar 0))
                                        { pw := { repr := ConLeche.PropWhenRepr.never✝ } } }
                                  1 0,
                                ConstantInfo.ctorInfo
                                  { name := Name.anonymous.str "List.cons", levelParams := [Name.anonymous.str "u"],
                                    type :=
                                      (Expr.sort (Level.param (Name.anonymous.str "u")).succ).forallE
                                        ((Expr.bvar 0).forallE
                                          (((Expr.const (Name.anonymous.str "List")
                                                    [Level.param (Name.anonymous.str "u")]).app
                                                (Expr.bvar 1)).forallE
                                            ((Expr.const (Name.anonymous.str "List")
                                                  [Level.param (Name.anonymous.str "u")]).app
                                              (Expr.bvar 2))
                                            { pw := { repr := ConLeche.PropWhenRepr.never✝ } })
                                          { pw := { repr := ConLeche.PropWhenRepr.never✝ } })
                                        { pw := { repr := ConLeche.PropWhenRepr.never✝ } } }
                                  1 2,
                                ConstantInfo.indInfo
                                  { name := Name.anonymous.str "Tree2", levelParams := [],
                                    type :=
                                      (Expr.sort Level.zero.succ).forallE (Expr.sort Level.zero.succ)
                                        { pw := { repr := ConLeche.PropWhenRepr.never✝ } } }
                                  { sortZ := { repr := ConLeche.PropWhenRepr.always✝ },
                                    all := [Name.anonymous.str "Tree2"], nparams := 1,
                                    ctors :=
                                      [Name.anonymous.str "Tree2.leaf", Name.anonymous.str "Tree2.node"] }] }.find?,
                      ctorsOf := fun n => if (n == Ln) = true then listCs else [], lvls := [],
                      ps := [Expr.fvar 0 (Expr.sort Level.zero.succ)],
                      auxName := fun i => if (i == 1) = true then rn else cn }
                    I)
              let __do_lift ← get
              match List.lookup key __do_lift.aux with
                | some a => pure (some (mk a))
                | none => throw Official.illFormed)
        {
          types :=
            {
              toList :=
                [{ name := Name.anonymous.str "Tree2", type := Expr.sort Level.zero.succ,
                    ctors :=
                      [(Expr.fvar 0 (Expr.sort Level.zero.succ)).forallE
                          ((Expr.const (Name.anonymous.str "Tree2") []).app (Expr.fvar 0 (Expr.sort Level.zero.succ)))
                          { pw := { repr := ConLeche.PropWhenRepr.never✝ } },
                        ((Expr.const (Name.anonymous.str "List") [Level.zero]).app
                              ((Expr.const (Name.anonymous.str "List") [Level.zero]).app
                                ((Expr.const (Name.anonymous.str "Tree2") []).app
                                  (Expr.fvar 0 (Expr.sort Level.zero.succ))))).forallE
                          ((Expr.const (Name.anonymous.str "Tree2") []).app (Expr.fvar 0 (Expr.sort Level.zero.succ)))
                          { pw := { repr := ConLeche.PropWhenRepr.never✝ } }] }] } }
    ==>
      (StateT.lift (Except.ok none)).bind
        (fun __do_lift =>
          match __do_lift with
          | none => pure none
          | some (I, us, np, args) =>
            have key := (Expr.const I us).mkAppN (List.take np args);
            have mk := fun a =>
              ((Expr.const a
                        {
                            find? :=
                              {
                                  consts :=
                                    [ConstantInfo.indInfo
                                        { name := Name.anonymous.str "List", levelParams := [Name.anonymous.str "u"],
                                          type :=
                                            (Expr.sort (Level.param (Name.anonymous.str "u")).succ).forallE
                                              (Expr.sort (Level.param (Name.anonymous.str "u")).succ)
                                              { pw := { repr := ConLeche.PropWhenRepr.never✝ } } }
                                        { sortZ := { repr := ConLeche.PropWhenRepr.always✝ },
                                          all := [Name.anonymous.str "List"], nparams := 1,
                                          ctors := [Name.anonymous.str "List.nil", Name.anonymous.str "List.cons"] },
                                      ConstantInfo.ctorInfo
                                        { name := Name.anonymous.str "List.nil",
                                          levelParams := [Name.anonymous.str "u"],
                                          type :=
                                            (Expr.sort (Level.param (Name.anonymous.str "u")).succ).forallE
                                              ((Expr.const (Name.anonymous.str "List")
                                                    [Level.param (Name.anonymous.str "u")]).app
                                                (Expr.bvar 0))
                                              { pw := { repr := ConLeche.PropWhenRepr.never✝ } } }
                                        1 0,
                                      ConstantInfo.ctorInfo
                                        { name := Name.anonymous.str "List.cons",
                                          levelParams := [Name.anonymous.str "u"],
                                          type :=
                                            (Expr.sort (Level.param (Name.anonymous.str "u")).succ).forallE
                                              ((Expr.bvar 0).forallE
                                                (((Expr.const (Name.anonymous.str "List")
                                                          [Level.param (Name.anonymous.str "u")]).app
                                                      (Expr.bvar 1)).forallE
                                                  ((Expr.const (Name.anonymous.str "List")
                                                        [Level.param (Name.anonymous.str "u")]).app
                                                    (Expr.bvar 2))
                                                  { pw := { repr := ConLeche.PropWhenRepr.never✝ } })
                                                { pw := { repr := ConLeche.PropWhenRepr.never✝ } })
                                              { pw := { repr := ConLeche.PropWhenRepr.never✝ } } }
                                        1 2,
                                      ConstantInfo.indInfo
                                        { name := Name.anonymous.str "Tree2", levelParams := [],
                                          type :=
                                            (Expr.sort Level.zero.succ).forallE (Expr.sort Level.zero.succ)
                                              { pw := { repr := ConLeche.PropWhenRepr.never✝ } } }
                                        { sortZ := { repr := ConLeche.PropWhenRepr.always✝ },
                                          all := [Name.anonymous.str "Tree2"], nparams := 1,
                                          ctors :=
                                            [Name.anonymous.str "Tree2.leaf",
                                              Name.anonymous.str "Tree2.node"] }] }.find?,
                            ctorsOf := fun n => if (n == Ln) = true then listCs else [], lvls := [],
                            ps := [Expr.fvar 0 (Expr.sort Level.zero.succ)],
                            auxName := fun i => if (i == 1) = true then rn else cn }.lvls).mkAppN
                    {
                        find? :=
                          {
                              consts :=
                                [ConstantInfo.indInfo
                                    { name := Name.anonymous.str "List", levelParams := [Name.anonymous.str "u"],
                                      type :=
                                        (Expr.sort (Level.param (Name.anonymous.str "u")).succ).forallE
                                          (Expr.sort (Level.param (Name.anonymous.str "u")).succ)
                                          { pw := { repr := ConLeche.PropWhenRepr.never✝ } } }
                                    { sortZ := { repr := ConLeche.PropWhenRepr.always✝ },
                                      all := [Name.anonymous.str "List"], nparams := 1,
                                      ctors := [Name.anonymous.str "List.nil", Name.anonymous.str "List.cons"] },
                                  ConstantInfo.ctorInfo
                                    { name := Name.anonymous.str "List.nil", levelParams := [Name.anonymous.str "u"],
                                      type :=
                                        (Expr.sort (Level.param (Name.anonymous.str "u")).succ).forallE
                                          ((Expr.const (Name.anonymous.str "List")
                                                [Level.param (Name.anonymous.str "u")]).app
                                            (Expr.bvar 0))
                                          { pw := { repr := ConLeche.PropWhenRepr.never✝ } } }
                                    1 0,
                                  ConstantInfo.ctorInfo
                                    { name := Name.anonymous.str "List.cons", levelParams := [Name.anonymous.str "u"],
                                      type :=
                                        (Expr.sort (Level.param (Name.anonymous.str "u")).succ).forallE
                                          ((Expr.bvar 0).forallE
                                            (((Expr.const (Name.anonymous.str "List")
                                                      [Level.param (Name.anonymous.str "u")]).app
                                                  (Expr.bvar 1)).forallE
                                              ((Expr.const (Name.anonymous.str "List")
                                                    [Level.param (Name.anonymous.str "u")]).app
                                                (Expr.bvar 2))
                                              { pw := { repr := ConLeche.PropWhenRepr.never✝ } })
                                            { pw := { repr := ConLeche.PropWhenRepr.never✝ } })
                                          { pw := { repr := ConLeche.PropWhenRepr.never✝ } } }
                                    1 2,
                                  ConstantInfo.indInfo
                                    { name := Name.anonymous.str "Tree2", levelParams := [],
                                      type :=
                                        (Expr.sort Level.zero.succ).forallE (Expr.sort Level.zero.succ)
                                          { pw := { repr := ConLeche.PropWhenRepr.never✝ } } }
                                    { sortZ := { repr := ConLeche.PropWhenRepr.always✝ },
                                      all := [Name.anonymous.str "Tree2"], nparams := 1,
                                      ctors :=
                                        [Name.anonymous.str "Tree2.leaf", Name.anonymous.str "Tree2.node"] }] }.find?,
                        ctorsOf := fun n => if (n == Ln) = true then listCs else [], lvls := [],
                        ps := [Expr.fvar 0 (Expr.sort Level.zero.succ)],
                        auxName := fun i => if (i == 1) = true then rn else cn }.ps).mkAppN
                (List.drop np args);
            match
              List.lookup key
                {
                    types :=
                      {
                        toList :=
                          [{ name := Name.anonymous.str "Tree2", type := Expr.sort Level.zero.succ,
                              ctors :=
                                [(Expr.fvar 0 (Expr.sort Level.zero.succ)).forallE
                                    ((Expr.const (Name.anonymous.str "Tree2") []).app
                                      (Expr.fvar 0 (Expr.sort Level.zero.succ)))
                                    { pw := { repr := ConLeche.PropWhenRepr.never✝ } },
                                  ((Expr.const (Name.anonymous.str "List") [Level.zero]).app
                                        ((Expr.const (Name.anonymous.str "List") [Level.zero]).app
                                          ((Expr.const (Name.anonymous.str "Tree2") []).app
                                            (Expr.fvar 0 (Expr.sort Level.zero.succ))))).forallE
                                    ((Expr.const (Name.anonymous.str "Tree2") []).app
                                      (Expr.fvar 0 (Expr.sort Level.zero.succ)))
                                    { pw := { repr := ConLeche.PropWhenRepr.never✝ } }] }] } }.aux with
            | some a => pure (some (mk a))
            | none => do
              Official.copyBlock
                  {
                    find? :=
                      {
                          consts :=
                            [ConstantInfo.indInfo
                                { name := Name.anonymous.str "List", levelParams := [Name.anonymous.str "u"],
                                  type :=
                                    (Expr.sort (Level.param (Name.anonymous.str "u")).succ).forallE
                                      (Expr.sort (Level.param (Name.anonymous.str "u")).succ)
                                      { pw := { repr := ConLeche.PropWhenRepr.never✝ } } }
                                { sortZ := { repr := ConLeche.PropWhenRepr.always✝ },
                                  all := [Name.anonymous.str "List"], nparams := 1,
                                  ctors := [Name.anonymous.str "List.nil", Name.anonymous.str "List.cons"] },
                              ConstantInfo.ctorInfo
                                { name := Name.anonymous.str "List.nil", levelParams := [Name.anonymous.str "u"],
                                  type :=
                                    (Expr.sort (Level.param (Name.anonymous.str "u")).succ).forallE
                                      ((Expr.const (Name.anonymous.str "List")
                                            [Level.param (Name.anonymous.str "u")]).app
                                        (Expr.bvar 0))
                                      { pw := { repr := ConLeche.PropWhenRepr.never✝ } } }
                                1 0,
                              ConstantInfo.ctorInfo
                                { name := Name.anonymous.str "List.cons", levelParams := [Name.anonymous.str "u"],
                                  type :=
                                    (Expr.sort (Level.param (Name.anonymous.str "u")).succ).forallE
                                      ((Expr.bvar 0).forallE
                                        (((Expr.const (Name.anonymous.str "List")
                                                  [Level.param (Name.anonymous.str "u")]).app
                                              (Expr.bvar 1)).forallE
                                          ((Expr.const (Name.anonymous.str "List")
                                                [Level.param (Name.anonymous.str "u")]).app
                                            (Expr.bvar 2))
                                          { pw := { repr := ConLeche.PropWhenRepr.never✝ } })
                                        { pw := { repr := ConLeche.PropWhenRepr.never✝ } })
                                      { pw := { repr := ConLeche.PropWhenRepr.never✝ } } }
                                1 2,
                              ConstantInfo.indInfo
                                { name := Name.anonymous.str "Tree2", levelParams := [],
                                  type :=
                                    (Expr.sort Level.zero.succ).forallE (Expr.sort Level.zero.succ)
                                      { pw := { repr := ConLeche.PropWhenRepr.never✝ } } }
                                { sortZ := { repr := ConLeche.PropWhenRepr.always✝ },
                                  all := [Name.anonymous.str "Tree2"], nparams := 1,
                                  ctors :=
                                    [Name.anonymous.str "Tree2.leaf", Name.anonymous.str "Tree2.node"] }] }.find?,
                    ctorsOf := fun n => if (n == Ln) = true then listCs else [], lvls := [],
                    ps := [Expr.fvar 0 (Expr.sort Level.zero.succ)],
                    auxName := fun i => if (i == 1) = true then rn else cn }
                  us (List.take np args)
                  (Official.blockOf
                    {
                      find? :=
                        {
                            consts :=
                              [ConstantInfo.indInfo
                                  { name := Name.anonymous.str "List", levelParams := [Name.anonymous.str "u"],
                                    type :=
                                      (Expr.sort (Level.param (Name.anonymous.str "u")).succ).forallE
                                        (Expr.sort (Level.param (Name.anonymous.str "u")).succ)
                                        { pw := { repr := ConLeche.PropWhenRepr.never✝ } } }
                                  { sortZ := { repr := ConLeche.PropWhenRepr.always✝ },
                                    all := [Name.anonymous.str "List"], nparams := 1,
                                    ctors := [Name.anonymous.str "List.nil", Name.anonymous.str "List.cons"] },
                                ConstantInfo.ctorInfo
                                  { name := Name.anonymous.str "List.nil", levelParams := [Name.anonymous.str "u"],
                                    type :=
                                      (Expr.sort (Level.param (Name.anonymous.str "u")).succ).forallE
                                        ((Expr.const (Name.anonymous.str "List")
                                              [Level.param (Name.anonymous.str "u")]).app
                                          (Expr.bvar 0))
                                        { pw := { repr := ConLeche.PropWhenRepr.never✝ } } }
                                  1 0,
                                ConstantInfo.ctorInfo
                                  { name := Name.anonymous.str "List.cons", levelParams := [Name.anonymous.str "u"],
                                    type :=
                                      (Expr.sort (Level.param (Name.anonymous.str "u")).succ).forallE
                                        ((Expr.bvar 0).forallE
                                          (((Expr.const (Name.anonymous.str "List")
                                                    [Level.param (Name.anonymous.str "u")]).app
                                                (Expr.bvar 1)).forallE
                                            ((Expr.const (Name.anonymous.str "List")
                                                  [Level.param (Name.anonymous.str "u")]).app
                                              (Expr.bvar 2))
                                            { pw := { repr := ConLeche.PropWhenRepr.never✝ } })
                                          { pw := { repr := ConLeche.PropWhenRepr.never✝ } })
                                        { pw := { repr := ConLeche.PropWhenRepr.never✝ } } }
                                  1 2,
                                ConstantInfo.indInfo
                                  { name := Name.anonymous.str "Tree2", levelParams := [],
                                    type :=
                                      (Expr.sort Level.zero.succ).forallE (Expr.sort Level.zero.succ)
                                        { pw := { repr := ConLeche.PropWhenRepr.never✝ } } }
                                  { sortZ := { repr := ConLeche.PropWhenRepr.always✝ },
                                    all := [Name.anonymous.str "Tree2"], nparams := 1,
                                    ctors :=
                                      [Name.anonymous.str "Tree2.leaf", Name.anonymous.str "Tree2.node"] }] }.find?,
                      ctorsOf := fun n => if (n == Ln) = true then listCs else [], lvls := [],
                      ps := [Expr.fvar 0 (Expr.sort Level.zero.succ)],
                      auxName := fun i => if (i == 1) = true then rn else cn }
                    I)
              let __do_lift ← get
              match List.lookup key __do_lift.aux with
                | some a => pure (some (mk a))
                | none => throw Official.illFormed)
        {
          types :=
            {
              toList :=
                [{ name := Name.anonymous.str "Tree2", type := Expr.sort Level.zero.succ,
                    ctors :=
                      [(Expr.fvar 0 (Expr.sort Level.zero.succ)).forallE
                          ((Expr.const (Name.anonymous.str "Tree2") []).app (Expr.fvar 0 (Expr.sort Level.zero.succ)))
                          { pw := { repr := ConLeche.PropWhenRepr.never✝ } },
                        ((Expr.const (Name.anonymous.str "List") [Level.zero]).app
                              ((Expr.const (Name.anonymous.str "List") [Level.zero]).app
                                ((Expr.const (Name.anonymous.str "Tree2") []).app
                                  (Expr.fvar 0 (Expr.sort Level.zero.succ))))).forallE
                          ((Expr.const (Name.anonymous.str "Tree2") []).app (Expr.fvar 0 (Expr.sort Level.zero.succ)))
                          { pw := { repr := ConLeche.PropWhenRepr.never✝ } }] }] } }
[Debug.Meta.Tactic.cbv.reduce] simplifyAppFn:
      Except.instMonad.toBind.1 (Except.ok none) fun a =>
        pure
          (a,
            {
              types :=
                {
                  toList :=
                    [{ name := Name.anonymous.str "Tree2", type := Expr.sort Level.zero.succ,
                        ctors :=
                          [(Expr.fvar 0 (Expr.sort Level.zero.succ)).forallE
                              ((Expr.const (Name.anonymous.str "Tree2") []).app
                                (Expr.fvar 0 (Expr.sort Level.zero.succ)))
                              { pw := { repr := ConLeche.PropWhenRepr.never✝ } },
                            ((Expr.const (Name.anonymous.str "List") [Level.zero]).app
                                  ((Expr.const (Name.anonymous.str "List") [Level.zero]).app
                                    ((Expr.const (Name.anonymous.str "Tree2") []).app
                                      (Expr.fvar 0 (Expr.sort Level.zero.succ))))).forallE
                              ((Expr.const (Name.anonymous.str "Tree2") []).app
                                (Expr.fvar 0 (Expr.sort Level.zero.succ)))
                              { pw := { repr := ConLeche.PropWhenRepr.never✝ } }] }] } })
    ==>
      (Except.ok none).bind fun a =>
        pure
          (a,
            {
              types :=
                {
                  toList :=
                    [{ name := Name.anonymous.str "Tree2", type := Expr.sort Level.zero.succ,
                        ctors :=
                          [(Expr.fvar 0 (Expr.sort Level.zero.succ)).forallE
                              ((Expr.const (Name.anonymous.str "Tree2") []).app
                                (Expr.fvar 0 (Expr.sort Level.zero.succ)))
                              { pw := { repr := ConLeche.PropWhenRepr.never✝ } },
                            ((Expr.const (Name.anonymous.str "List") [Level.zero]).app
                                  ((Expr.const (Name.anonymous.str "List") [Level.zero]).app
                                    ((Expr.const (Name.anonymous.str "Tree2") []).app
                                      (Expr.fvar 0 (Expr.sort Level.zero.succ))))).forallE
                              ((Expr.const (Name.anonymous.str "Tree2") []).app
                                (Expr.fvar 0 (Expr.sort Level.zero.succ)))
                              { pw := { repr := ConLeche.PropWhenRepr.never✝ } }] }] } })
[Debug.Meta.Tactic.cbv.reduce] simplifyAppFn:
      Except.instMonad.toPure.1
        (none,
          {
            types :=
              {
                toList :=
                  [{ name := Name.anonymous.str "Tree2", type := Expr.sort Level.zero.succ,
                      ctors :=
                        [(Expr.fvar 0 (Expr.sort Level.zero.succ)).forallE
                            ((Expr.const (Name.anonymous.str "Tree2") []).app (Expr.fvar 0 (Expr.sort Level.zero.succ)))
                            { pw := { repr := ConLeche.PropWhenRepr.never✝ } },
                          ((Expr.const (Name.anonymous.str "List") [Level.zero]).app
                                ((Expr.const (Name.anonymous.str "List") [Level.zero]).app
                                  ((Expr.const (Name.anonymous.str "Tree2") []).app
                                    (Expr.fvar 0 (Expr.sort Level.zero.succ))))).forallE
                            ((Expr.const (Name.anonymous.str "Tree2") []).app (Expr.fvar 0 (Expr.sort Level.zero.succ)))
                            { pw := { repr := ConLeche.PropWhenRepr.never✝ } }] }] } })
    ==>
      Except.pure
        (none,
          {
            types :=
              {
                toList :=
                  [{ name := Name.anonymous.str "Tree2", type := Expr.sort Level.zero.succ,
                      ctors :=
                        [(Expr.fvar 0 (Expr.sort Level.zero.succ)).forallE
                            ((Expr.const (Name.anonymous.str "Tree2") []).app (Expr.fvar 0 (Expr.sort Level.zero.succ)))
                            { pw := { repr := ConLeche.PropWhenRepr.never✝ } },
                          ((Expr.const (Name.anonymous.str "List") [Level.zero]).app
                                ((Expr.const (Name.anonymous.str "List") [Level.zero]).app
                                  ((Expr.const (Name.anonymous.str "Tree2") []).app
                                    (Expr.fvar 0 (Expr.sort Level.zero.succ))))).forallE
                            ((Expr.const (Name.anonymous.str "Tree2") []).app (Expr.fvar 0 (Expr.sort Level.zero.succ)))
                            { pw := { repr := ConLeche.PropWhenRepr.never✝ } }] }] } })
[Debug.Meta.Tactic.cbv.reduce] simplifyAppFn:
      Except.instMonad.toBind.1
        (Except.ok
          (none,
            {
              types :=
                {
                  toList :=
                    [{ name := Name.anonymous.str "Tree2", type := Expr.sort Level.zero.succ,
                        ctors :=
                          [(Expr.fvar 0 (Expr.sort Level.zero.succ)).forallE
                              ((Expr.const (Name.anonymous.str "Tree2") []).app
                                (Expr.fvar 0 (Expr.sort Level.zero.succ)))
                              { pw := { repr := ConLeche.PropWhenRepr.never✝ } },
                            ((Expr.const (Name.anonymous.str "List") [Level.zero]).app
                                  ((Expr.const (Name.anonymous.str "List") [Level.zero]).app
                                    ((Expr.const (Name.anonymous.str "Tree2") []).app
                                      (Expr.fvar 0 (Expr.sort Level.zero.succ))))).forallE
                              ((Expr.const (Name.anonymous.str "Tree2") []).app
                                (Expr.fvar 0 (Expr.sort Level.zero.succ)))
                              { pw := { repr := ConLeche.PropWhenRepr.never✝ } }] }] } }))
        fun __x =>
        match __x with
        | (__do_lift, a) =>
          (match __do_lift with
            | none => pure none
            | some (I, us, np, args) =>
              have key := (Expr.const I us).mkAppN (List.take np args);
              have mk := fun a =>
                ((Expr.const a
                          {
                              find? :=
                                {
                                    consts :=
                                      [ConstantInfo.indInfo
                                          { name := Name.anonymous.str "List", levelParams := [Name.anonymous.str "u"],
                                            type :=
                                              (Expr.sort (Level.param (Name.anonymous.str "u")).succ).forallE
                                                (Expr.sort (Level.param (Name.anonymous.str "u")).succ)
                                                { pw := { repr := ConLeche.PropWhenRepr.never✝ } } }
                                          { sortZ := { repr := ConLeche.PropWhenRepr.always✝ },
                                            all := [Name.anonymous.str "List"], nparams := 1,
                                            ctors := [Name.anonymous.str "List.nil", Name.anonymous.str "List.cons"] },
                                        ConstantInfo.ctorInfo
                                          { name := Name.anonymous.str "List.nil",
                                            levelParams := [Name.anonymous.str "u"],
                                            type :=
                                              (Expr.sort (Level.param (Name.anonymous.str "u")).succ).forallE
                                                ((Expr.const (Name.anonymous.str "List")
                                                      [Level.param (Name.anonymous.str "u")]).app
                                                  (Expr.bvar 0))
                                                { pw := { repr := ConLeche.PropWhenRepr.never✝ } } }
                                          1 0,
                                        ConstantInfo.ctorInfo
                                          { name := Name.anonymous.str "List.cons",
                                            levelParams := [Name.anonymous.str "u"],
                                            type :=
                                              (Expr.sort (Level.param (Name.anonymous.str "u")).succ).forallE
                                                ((Expr.bvar 0).forallE
                                                  (((Expr.const (Name.anonymous.str "List")
                                                            [Level.param (Name.anonymous.str "u")]).app
                                                        (Expr.bvar 1)).forallE
                                                    ((Expr.const (Name.anonymous.str "List")
                                                          [Level.param (Name.anonymous.str "u")]).app
                                                      (Expr.bvar 2))
                                                    { pw := { repr := ConLeche.PropWhenRepr.never✝ } })
                                                  { pw := { repr := ConLeche.PropWhenRepr.never✝ } })
                                                { pw := { repr := ConLeche.PropWhenRepr.never✝ } } }
                                          1 2,
                                        ConstantInfo.indInfo
                                          { name := Name.anonymous.str "Tree2", levelParams := [],
                                            type :=
                                              (Expr.sort Level.zero.succ).forallE (Expr.sort Level.zero.succ)
                                                { pw := { repr := ConLeche.PropWhenRepr.never✝ } } }
                                          { sortZ := { repr := ConLeche.PropWhenRepr.always✝ },
                                            all := [Name.anonymous.str "Tree2"], nparams := 1,
                                            ctors :=
                                              [Name.anonymous.str "Tree2.leaf",
                                                Name.anonymous.str "Tree2.node"] }] }.find?,
                              ctorsOf := fun n => if (n == Ln) = true then listCs else [], lvls := [],
                              ps := [Expr.fvar 0 (Expr.sort Level.zero.succ)],
                              auxName := fun i => if (i == 1) = true then rn else cn }.lvls).mkAppN
                      {
                          find? :=
                            {
                                consts :=
                                  [ConstantInfo.indInfo
                                      { name := Name.anonymous.str "List", levelParams := [Name.anonymous.str "u"],
                                        type :=
                                          (Expr.sort (Level.param (Name.anonymous.str "u")).succ).forallE
                                            (Expr.sort (Level.param (Name.anonymous.str "u")).succ)
                                            { pw := { repr := ConLeche.PropWhenRepr.never✝ } } }
                                      { sortZ := { repr := ConLeche.PropWhenRepr.always✝ },
                                        all := [Name.anonymous.str "List"], nparams := 1,
                                        ctors := [Name.anonymous.str "List.nil", Name.anonymous.str "List.cons"] },
                                    ConstantInfo.ctorInfo
                                      { name := Name.anonymous.str "List.nil", levelParams := [Name.anonymous.str "u"],
                                        type :=
                                          (Expr.sort (Level.param (Name.anonymous.str "u")).succ).forallE
                                            ((Expr.const (Name.anonymous.str "List")
                                                  [Level.param (Name.anonymous.str "u")]).app
                                              (Expr.bvar 0))
                                            { pw := { repr := ConLeche.PropWhenRepr.never✝ } } }
                                      1 0,
                                    ConstantInfo.ctorInfo
                                      { name := Name.anonymous.str "List.cons", levelParams := [Name.anonymous.str "u"],
                                        type :=
                                          (Expr.sort (Level.param (Name.anonymous.str "u")).succ).forallE
                                            ((Expr.bvar 0).forallE
                                              (((Expr.const (Name.anonymous.str "List")
                                                        [Level.param (Name.anonymous.str "u")]).app
                                                    (Expr.bvar 1)).forallE
                                                ((Expr.const (Name.anonymous.str "List")
                                                      [Level.param (Name.anonymous.str "u")]).app
                                                  (Expr.bvar 2))
                                                { pw := { repr := ConLeche.PropWhenRepr.never✝ } })
                                              { pw := { repr := ConLeche.PropWhenRepr.never✝ } })
                                            { pw := { repr := ConLeche.PropWhenRepr.never✝ } } }
                                      1 2,
                                    ConstantInfo.indInfo
                                      { name := Name.anonymous.str "Tree2", levelParams := [],
                                        type :=
                                          (Expr.sort Level.zero.succ).forallE (Expr.sort Level.zero.succ)
                                            { pw := { repr := ConLeche.PropWhenRepr.never✝ } } }
                                      { sortZ := { repr := ConLeche.PropWhenRepr.always✝ },
                                        all := [Name.anonymous.str "Tree2"], nparams := 1,
                                        ctors :=
                                          [Name.anonymous.str "Tree2.leaf", Name.anonymous.str "Tree2.node"] }] }.find?,
                          ctorsOf := fun n => if (n == Ln) = true then listCs else [], lvls := [],
                          ps := [Expr.fvar 0 (Expr.sort Level.zero.succ)],
                          auxName := fun i => if (i == 1) = true then rn else cn }.ps).mkAppN
                  (List.drop np args);
              match
                List.lookup key
                  {
                      types :=
                        {
                          toList :=
                            [{ name := Name.anonymous.str "Tree2", type := Expr.sort Level.zero.succ,
                                ctors :=
                                  [(Expr.fvar 0 (Expr.sort Level.zero.succ)).forallE
                                      ((Expr.const (Name.anonymous.str "Tree2") []).app
                                        (Expr.fvar 0 (Expr.sort Level.zero.succ)))
                                      { pw := { repr := ConLeche.PropWhenRepr.never✝ } },
                                    ((Expr.const (Name.anonymous.str "List") [Level.zero]).app
                                          ((Expr.const (Name.anonymous.str "List") [Level.zero]).app
                                            ((Expr.const (Name.anonymous.str "Tree2") []).app
                                              (Expr.fvar 0 (Expr.sort Level.zero.succ))))).forallE
                                      ((Expr.const (Name.anonymous.str "Tree2") []).app
                                        (Expr.fvar 0 (Expr.sort Level.zero.succ)))
                                      { pw := { repr := ConLeche.PropWhenRepr.never✝ } }] }] } }.aux with
              | some a => pure (some (mk a))
              | none => do
                Official.copyBlock
                    {
                      find? :=
                        {
                            consts :=
                              [ConstantInfo.indInfo
                                  { name := Name.anonymous.str "List", levelParams := [Name.anonymous.str "u"],
                                    type :=
                                      (Expr.sort (Level.param (Name.anonymous.str "u")).succ).forallE
                                        (Expr.sort (Level.param (Name.anonymous.str "u")).succ)
                                        { pw := { repr := ConLeche.PropWhenRepr.never✝ } } }
                                  { sortZ := { repr := ConLeche.PropWhenRepr.always✝ },
                                    all := [Name.anonymous.str "List"], nparams := 1,
                                    ctors := [Name.anonymous.str "List.nil", Name.anonymous.str "List.cons"] },
                                ConstantInfo.ctorInfo
                                  { name := Name.anonymous.str "List.nil", levelParams := [Name.anonymous.str "u"],
                                    type :=
                                      (Expr.sort (Level.param (Name.anonymous.str "u")).succ).forallE
                                        ((Expr.const (Name.anonymous.str "List")
                                              [Level.param (Name.anonymous.str "u")]).app
                                          (Expr.bvar 0))
                                        { pw := { repr := ConLeche.PropWhenRepr.never✝ } } }
                                  1 0,
                                ConstantInfo.ctorInfo
                                  { name := Name.anonymous.str "List.cons", levelParams := [Name.anonymous.str "u"],
                                    type :=
                                      (Expr.sort (Level.param (Name.anonymous.str "u")).succ).forallE
                                        ((Expr.bvar 0).forallE
                                          (((Expr.const (Name.anonymous.str "List")
                                                    [Level.param (Name.anonymous.str "u")]).app
                                                (Expr.bvar 1)).forallE
                                            ((Expr.const (Name.anonymous.str "List")
                                                  [Level.param (Name.anonymous.str "u")]).app
                                              (Expr.bvar 2))
                                            { pw := { repr := ConLeche.PropWhenRepr.never✝ } })
                                          { pw := { repr := ConLeche.PropWhenRepr.never✝ } })
                                        { pw := { repr := ConLeche.PropWhenRepr.never✝ } } }
                                  1 2,
                                ConstantInfo.indInfo
                                  { name := Name.anonymous.str "Tree2", levelParams := [],
                                    type :=
                                      (Expr.sort Level.zero.succ).forallE (Expr.sort Level.zero.succ)
                                        { pw := { repr := ConLeche.PropWhenRepr.never✝ } } }
                                  { sortZ := { repr := ConLeche.PropWhenRepr.always✝ },
                                    all := [Name.anonymous.str "Tree2"], nparams := 1,
                                    ctors :=
                                      [Name.anonymous.str "Tree2.leaf", Name.anonymous.str "Tree2.node"] }] }.find?,
                      ctorsOf := fun n => if (n == Ln) = true then listCs else [], lvls := [],
                      ps := [Expr.fvar 0 (Expr.sort Level.zero.succ)],
                      auxName := fun i => if (i == 1) = true then rn else cn }
                    us (List.take np args)
                    (Official.blockOf
                      {
                        find? :=
                          {
                              consts :=
                                [ConstantInfo.indInfo
                                    { name := Name.anonymous.str "List", levelParams := [Name.anonymous.str "u"],
                                      type :=
                                        (Expr.sort (Level.param (Name.anonymous.str "u")).succ).forallE
                                          (Expr.sort (Level.param (Name.anonymous.str "u")).succ)
                                          { pw := { repr := ConLeche.PropWhenRepr.never✝ } } }
                                    { sortZ := { repr := ConLeche.PropWhenRepr.always✝ },
                                      all := [Name.anonymous.str "List"], nparams := 1,
                                      ctors := [Name.anonymous.str "List.nil", Name.anonymous.str "List.cons"] },
                                  ConstantInfo.ctorInfo
                                    { name := Name.anonymous.str "List.nil", levelParams := [Name.anonymous.str "u"],
                                      type :=
                                        (Expr.sort (Level.param (Name.anonymous.str "u")).succ).forallE
                                          ((Expr.const (Name.anonymous.str "List")
                                                [Level.param (Name.anonymous.str "u")]).app
                                            (Expr.bvar 0))
                                          { pw := { repr := ConLeche.PropWhenRepr.never✝ } } }
                                    1 0,
                                  ConstantInfo.ctorInfo
                                    { name := Name.anonymous.str "List.cons", levelParams := [Name.anonymous.str "u"],
                                      type :=
                                        (Expr.sort (Level.param (Name.anonymous.str "u")).succ).forallE
                                          ((Expr.bvar 0).forallE
                                            (((Expr.const (Name.anonymous.str "List")
                                                      [Level.param (Name.anonymous.str "u")]).app
                                                  (Expr.bvar 1)).forallE
                                              ((Expr.const (Name.anonymous.str "List")
                                                    [Level.param (Name.anonymous.str "u")]).app
                                                (Expr.bvar 2))
                                              { pw := { repr := ConLeche.PropWhenRepr.never✝ } })
                                            { pw := { repr := ConLeche.PropWhenRepr.never✝ } })
                                          { pw := { repr := ConLeche.PropWhenRepr.never✝ } } }
                                    1 2,
                                  ConstantInfo.indInfo
                                    { name := Name.anonymous.str "Tree2", levelParams := [],
                                      type :=
                                        (Expr.sort Level.zero.succ).forallE (Expr.sort Level.zero.succ)
                                          { pw := { repr := ConLeche.PropWhenRepr.never✝ } } }
                                    { sortZ := { repr := ConLeche.PropWhenRepr.always✝ },
                                      all := [Name.anonymous.str "Tree2"], nparams := 1,
                                      ctors :=
                                        [Name.anonymous.str "Tree2.leaf", Name.anonymous.str "Tree2.node"] }] }.find?,
                        ctorsOf := fun n => if (n == Ln) = true then listCs else [], lvls := [],
                        ps := [Expr.fvar 0 (Expr.sort Level.zero.succ)],
                        auxName := fun i => if (i == 1) = true then rn else cn }
                      I)
                let __do_lift ← get
                match List.lookup key __do_lift.aux with
                  | some a => pure (some (mk a))
                  | none => throw Official.illFormed)
            a
    ==>
      (Except.ok
            (none,
              {
                types :=
                  {
                    toList :=
                      [{ name := Name.anonymous.str "Tree2", type := Expr.sort Level.zero.succ,
                          ctors :=
                            [(Expr.fvar 0 (Expr.sort Level.zero.succ)).forallE
                                ((Expr.const (Name.anonymous.str "Tree2") []).app
                                  (Expr.fvar 0 (Expr.sort Level.zero.succ)))
                                { pw := { repr := ConLeche.PropWhenRepr.never✝ } },
                              ((Expr.const (Name.anonymous.str "List") [Level.zero]).app
                                    ((Expr.const (Name.anonymous.str "List") [Level.zero]).app
                                      ((Expr.const (Name.anonymous.str "Tree2") []).app
                                        (Expr.fvar 0 (Expr.sort Level.zero.succ))))).forallE
                                ((Expr.const (Name.anonymous.str "Tree2") []).app
                                  (Expr.fvar 0 (Expr.sort Level.zero.succ)))
                                { pw := { repr := ConLeche.PropWhenRepr.never✝ } }] }] } })).bind
        fun __x =>
        match __x with
        | (__do_lift, a) =>
          (match __do_lift with
            | none => pure none
            | some (I, us, np, args) =>
              have key := (Expr.const I us).mkAppN (List.take np args);
              have mk := fun a =>
                ((Expr.const a
                          {
                              find? :=
                                {
                                    consts :=
                                      [ConstantInfo.indInfo
                                          { name := Name.anonymous.str "List", levelParams := [Name.anonymous.str "u"],
                                            type :=
                                              (Expr.sort (Level.param (Name.anonymous.str "u")).succ).forallE
                                                (Expr.sort (Level.param (Name.anonymous.str "u")).succ)
                                                { pw := { repr := ConLeche.PropWhenRepr.never✝ } } }
                                          { sortZ := { repr := ConLeche.PropWhenRepr.always✝ },
                                            all := [Name.anonymous.str "List"], nparams := 1,
                                            ctors := [Name.anonymous.str "List.nil", Name.anonymous.str "List.cons"] },
                                        ConstantInfo.ctorInfo
                                          { name := Name.anonymous.str "List.nil",
                                            levelParams := [Name.anonymous.str "u"],
                                            type :=
                                              (Expr.sort (Level.param (Name.anonymous.str "u")).succ).forallE
                                                ((Expr.const (Name.anonymous.str "List")
                                                      [Level.param (Name.anonymous.str "u")]).app
                                                  (Expr.bvar 0))
                                                { pw := { repr := ConLeche.PropWhenRepr.never✝ } } }
                                          1 0,
                                        ConstantInfo.ctorInfo
                                          { name := Name.anonymous.str "List.cons",
                                            levelParams := [Name.anonymous.str "u"],
                                            type :=
                                              (Expr.sort (Level.param (Name.anonymous.str "u")).succ).forallE
                                                ((Expr.bvar 0).forallE
                                                  (((Expr.const (Name.anonymous.str "List")
                                                            [Level.param (Name.anonymous.str "u")]).app
                                                        (Expr.bvar 1)).forallE
                                                    ((Expr.const (Name.anonymous.str "List")
                                                          [Level.param (Name.anonymous.str "u")]).app
                                                      (Expr.bvar 2))
                                                    { pw := { repr := ConLeche.PropWhenRepr.never✝ } })
                                                  { pw := { repr := ConLeche.PropWhenRepr.never✝ } })
                                                { pw := { repr := ConLeche.PropWhenRepr.never✝ } } }
                                          1 2,
                                        ConstantInfo.indInfo
                                          { name := Name.anonymous.str "Tree2", levelParams := [],
                                            type :=
                                              (Expr.sort Level.zero.succ).forallE (Expr.sort Level.zero.succ)
                                                { pw := { repr := ConLeche.PropWhenRepr.never✝ } } }
                                          { sortZ := { repr := ConLeche.PropWhenRepr.always✝ },
                                            all := [Name.anonymous.str "Tree2"], nparams := 1,
                                            ctors :=
                                              [Name.anonymous.str "Tree2.leaf",
                                                Name.anonymous.str "Tree2.node"] }] }.find?,
                              ctorsOf := fun n => if (n == Ln) = true then listCs else [], lvls := [],
                              ps := [Expr.fvar 0 (Expr.sort Level.zero.succ)],
                              auxName := fun i => if (i == 1) = true then rn else cn }.lvls).mkAppN
                      {
                          find? :=
                            {
                                consts :=
                                  [ConstantInfo.indInfo
                                      { name := Name.anonymous.str "List", levelParams := [Name.anonymous.str "u"],
                                        type :=
                                          (Expr.sort (Level.param (Name.anonymous.str "u")).succ).forallE
                                            (Expr.sort (Level.param (Name.anonymous.str "u")).succ)
                                            { pw := { repr := ConLeche.PropWhenRepr.never✝ } } }
                                      { sortZ := { repr := ConLeche.PropWhenRepr.always✝ },
                                        all := [Name.anonymous.str "List"], nparams := 1,
                                        ctors := [Name.anonymous.str "List.nil", Name.anonymous.str "List.cons"] },
                                    ConstantInfo.ctorInfo
                                      { name := Name.anonymous.str "List.nil", levelParams := [Name.anonymous.str "u"],
                                        type :=
                                          (Expr.sort (Level.param (Name.anonymous.str "u")).succ).forallE
                                            ((Expr.const (Name.anonymous.str "List")
                                                  [Level.param (Name.anonymous.str "u")]).app
                                              (Expr.bvar 0))
                                            { pw := { repr := ConLeche.PropWhenRepr.never✝ } } }
                                      1 0,
                                    ConstantInfo.ctorInfo
                                      { name := Name.anonymous.str "List.cons", levelParams := [Name.anonymous.str "u"],
                                        type :=
                                          (Expr.sort (Level.param (Name.anonymous.str "u")).succ).forallE
                                            ((Expr.bvar 0).forallE
                                              (((Expr.const (Name.anonymous.str "List")
                                                        [Level.param (Name.anonymous.str "u")]).app
                                                    (Expr.bvar 1)).forallE
                                                ((Expr.const (Name.anonymous.str "List")
                                                      [Level.param (Name.anonymous.str "u")]).app
                                                  (Expr.bvar 2))
                                                { pw := { repr := ConLeche.PropWhenRepr.never✝ } })
                                              { pw := { repr := ConLeche.PropWhenRepr.never✝ } })
                                            { pw := { repr := ConLeche.PropWhenRepr.never✝ } } }
                                      1 2,
                                    ConstantInfo.indInfo
                                      { name := Name.anonymous.str "Tree2", levelParams := [],
                                        type :=
                                          (Expr.sort Level.zero.succ).forallE (Expr.sort Level.zero.succ)
                                            { pw := { repr := ConLeche.PropWhenRepr.never✝ } } }
                                      { sortZ := { repr := ConLeche.PropWhenRepr.always✝ },
                                        all := [Name.anonymous.str "Tree2"], nparams := 1,
                                        ctors :=
                                          [Name.anonymous.str "Tree2.leaf", Name.anonymous.str "Tree2.node"] }] }.find?,
                          ctorsOf := fun n => if (n == Ln) = true then listCs else [], lvls := [],
                          ps := [Expr.fvar 0 (Expr.sort Level.zero.succ)],
                          auxName := fun i => if (i == 1) = true then rn else cn }.ps).mkAppN
                  (List.drop np args);
              match
                List.lookup key
                  {
                      types :=
                        {
                          toList :=
                            [{ name := Name.anonymous.str "Tree2", type := Expr.sort Level.zero.succ,
                                ctors :=
                                  [(Expr.fvar 0 (Expr.sort Level.zero.succ)).forallE
                                      ((Expr.const (Name.anonymous.str "Tree2") []).app
                                        (Expr.fvar 0 (Expr.sort Level.zero.succ)))
                                      { pw := { repr := ConLeche.PropWhenRepr.never✝ } },
                                    ((Expr.const (Name.anonymous.str "List") [Level.zero]).app
                                          ((Expr.const (Name.anonymous.str "List") [Level.zero]).app
                                            ((Expr.const (Name.anonymous.str "Tree2") []).app
                                              (Expr.fvar 0 (Expr.sort Level.zero.succ))))).forallE
                                      ((Expr.const (Name.anonymous.str "Tree2") []).app
                                        (Expr.fvar 0 (Expr.sort Level.zero.succ)))
                                      { pw := { repr := ConLeche.PropWhenRepr.never✝ } }] }] } }.aux with
              | some a => pure (some (mk a))
              | none => do
                Official.copyBlock
                    {
                      find? :=
                        {
                            consts :=
                              [ConstantInfo.indInfo
                                  { name := Name.anonymous.str "List", levelParams := [Name.anonymous.str "u"],
                                    type :=
                                      (Expr.sort (Level.param (Name.anonymous.str "u")).succ).forallE
                                        (Expr.sort (Level.param (Name.anonymous.str "u")).succ)
                                        { pw := { repr := ConLeche.PropWhenRepr.never✝ } } }
                                  { sortZ := { repr := ConLeche.PropWhenRepr.always✝ },
                                    all := [Name.anonymous.str "List"], nparams := 1,
                                    ctors := [Name.anonymous.str "List.nil", Name.anonymous.str "List.cons"] },
                                ConstantInfo.ctorInfo
                                  { name := Name.anonymous.str "List.nil", levelParams := [Name.anonymous.str "u"],
                                    type :=
                                      (Expr.sort (Level.param (Name.anonymous.str "u")).succ).forallE
                                        ((Expr.const (Name.anonymous.str "List")
                                              [Level.param (Name.anonymous.str "u")]).app
                                          (Expr.bvar 0))
                                        { pw := { repr := ConLeche.PropWhenRepr.never✝ } } }
                                  1 0,
                                ConstantInfo.ctorInfo
                                  { name := Name.anonymous.str "List.cons", levelParams := [Name.anonymous.str "u"],
                                    type :=
                                      (Expr.sort (Level.param (Name.anonymous.str "u")).succ).forallE
                                        ((Expr.bvar 0).forallE
                                          (((Expr.const (Name.anonymous.str "List")
                                                    [Level.param (Name.anonymous.str "u")]).app
                                                (Expr.bvar 1)).forallE
                                            ((Expr.const (Name.anonymous.str "List")
                                                  [Level.param (Name.anonymous.str "u")]).app
                                              (Expr.bvar 2))
                                            { pw := { repr := ConLeche.PropWhenRepr.never✝ } })
                                          { pw := { repr := ConLeche.PropWhenRepr.never✝ } })
                                        { pw := { repr := ConLeche.PropWhenRepr.never✝ } } }
                                  1 2,
                                ConstantInfo.indInfo
                                  { name := Name.anonymous.str "Tree2", levelParams := [],
                                    type :=
                                      (Expr.sort Level.zero.succ).forallE (Expr.sort Level.zero.succ)
                                        { pw := { repr := ConLeche.PropWhenRepr.never✝ } } }
                                  { sortZ := { repr := ConLeche.PropWhenRepr.always✝ },
                                    all := [Name.anonymous.str "Tree2"], nparams := 1,
                                    ctors :=
                                      [Name.anonymous.str "Tree2.leaf", Name.anonymous.str "Tree2.node"] }] }.find?,
                      ctorsOf := fun n => if (n == Ln) = true then listCs else [], lvls := [],
                      ps := [Expr.fvar 0 (Expr.sort Level.zero.succ)],
                      auxName := fun i => if (i == 1) = true then rn else cn }
                    us (List.take np args)
                    (Official.blockOf
                      {
                        find? :=
                          {
                              consts :=
                                [ConstantInfo.indInfo
                                    { name := Name.anonymous.str "List", levelParams := [Name.anonymous.str "u"],
                                      type :=
                                        (Expr.sort (Level.param (Name.anonymous.str "u")).succ).forallE
                                          (Expr.sort (Level.param (Name.anonymous.str "u")).succ)
                                          { pw := { repr := ConLeche.PropWhenRepr.never✝ } } }
                                    { sortZ := { repr := ConLeche.PropWhenRepr.always✝ },
                                      all := [Name.anonymous.str "List"], nparams := 1,
                                      ctors := [Name.anonymous.str "List.nil", Name.anonymous.str "List.cons"] },
                                  ConstantInfo.ctorInfo
                                    { name := Name.anonymous.str "List.nil", levelParams := [Name.anonymous.str "u"],
                                      type :=
                                        (Expr.sort (Level.param (Name.anonymous.str "u")).succ).forallE
                                          ((Expr.const (Name.anonymous.str "List")
                                                [Level.param (Name.anonymous.str "u")]).app
                                            (Expr.bvar 0))
                                          { pw := { repr := ConLeche.PropWhenRepr.never✝ } } }
                                    1 0,
                                  ConstantInfo.ctorInfo
                                    { name := Name.anonymous.str "List.cons", levelParams := [Name.anonymous.str "u"],
                                      type :=
                                        (Expr.sort (Level.param (Name.anonymous.str "u")).succ).forallE
                                          ((Expr.bvar 0).forallE
                                            (((Expr.const (Name.anonymous.str "List")
                                                      [Level.param (Name.anonymous.str "u")]).app
                                                  (Expr.bvar 1)).forallE
                                              ((Expr.const (Name.anonymous.str "List")
                                                    [Level.param (Name.anonymous.str "u")]).app
                                                (Expr.bvar 2))
                                              { pw := { repr := ConLeche.PropWhenRepr.never✝ } })
                                            { pw := { repr := ConLeche.PropWhenRepr.never✝ } })
                                          { pw := { repr := ConLeche.PropWhenRepr.never✝ } } }
                                    1 2,
                                  ConstantInfo.indInfo
                                    { name := Name.anonymous.str "Tree2", levelParams := [],
                                      type :=
                                        (Expr.sort Level.zero.succ).forallE (Expr.sort Level.zero.succ)
                                          { pw := { repr := ConLeche.PropWhenRepr.never✝ } } }
                                    { sortZ := { repr := ConLeche.PropWhenRepr.always✝ },
                                      all := [Name.anonymous.str "Tree2"], nparams := 1,
                                      ctors :=
                                        [Name.anonymous.str "Tree2.leaf", Name.anonymous.str "Tree2.node"] }] }.find?,
                        ctorsOf := fun n => if (n == Ln) = true then listCs else [], lvls := [],
                        ps := [Expr.fvar 0 (Expr.sort Level.zero.succ)],
                        auxName := fun i => if (i == 1) = true then rn else cn }
                      I)
                let __do_lift ← get
                match List.lookup key __do_lift.aux with
                  | some a => pure (some (mk a))
                  | none => throw Official.illFormed)
            a
[Debug.Meta.Tactic.cbv.reduce] simplifyAppFn:
      StateT.instMonad.toPure.1 none
        {
          types :=
            {
              toList :=
                [{ name := Name.anonymous.str "Tree2", type := Expr.sort Level.zero.succ,
                    ctors :=
                      [(Expr.fvar 0 (Expr.sort Level.zero.succ)).forallE
                          ((Expr.const (Name.anonymous.str "Tree2") []).app (Expr.fvar 0 (Expr.sort Level.zero.succ)))
                          { pw := { repr := ConLeche.PropWhenRepr.never✝ } },
                        ((Expr.const (Name.anonymous.str "List") [Level.zero]).app
                              ((Expr.const (Name.anonymous.str "List") [Level.zero]).app
                                ((Expr.const (Name.anonymous.str "Tree2") []).app
                                  (Expr.fvar 0 (Expr.sort Level.zero.succ))))).forallE
                          ((Expr.const (Name.anonymous.str "Tree2") []).app (Expr.fvar 0 (Expr.sort Level.zero.succ)))
                          { pw := { repr := ConLeche.PropWhenRepr.never✝ } }] }] } }
    ==>
      StateT.pure none
        {
          types :=
            {
              toList :=
                [{ name := Name.anonymous.str "Tree2", type := Expr.sort Level.zero.succ,
                    ctors :=
                      [(Expr.fvar 0 (Expr.sort Level.zero.succ)).forallE
                          ((Expr.const (Name.anonymous.str "Tree2") []).app (Expr.fvar 0 (Expr.sort Level.zero.succ)))
                          { pw := { repr := ConLeche.PropWhenRepr.never✝ } },
                        ((Expr.const (Name.anonymous.str "List") [Level.zero]).app
                              ((Expr.const (Name.anonymous.str "List") [Level.zero]).app
                                ((Expr.const (Name.anonymous.str "Tree2") []).app
                                  (Expr.fvar 0 (Expr.sort Level.zero.succ))))).forallE
                          ((Expr.const (Name.anonymous.str "Tree2") []).app (Expr.fvar 0 (Expr.sort Level.zero.succ)))
                          { pw := { repr := ConLeche.PropWhenRepr.never✝ } }] }] } }
[Debug.Meta.Tactic.cbv.reduce] simplifyAppFn:
      Except.instMonad.toPure.1
        (none,
          {
            types :=
              {
                toList :=
                  [{ name := Name.anonymous.str "Tree2", type := Expr.sort Level.zero.succ,
                      ctors :=
                        [(Expr.fvar 0 (Expr.sort Level.zero.succ)).forallE
                            ((Expr.const (Name.anonymous.str "Tree2") []).app (Expr.fvar 0 (Expr.sort Level.zero.succ)))
                            { pw := { repr := ConLeche.PropWhenRepr.never✝ } },
                          ((Expr.const (Name.anonymous.str "List") [Level.zero]).app
                                ((Expr.const (Name.anonymous.str "List") [Level.zero]).app
                                  ((Expr.const (Name.anonymous.str "Tree2") []).app
                                    (Expr.fvar 0 (Expr.sort Level.zero.succ))))).forallE
                            ((Expr.const (Name.anonymous.str "Tree2") []).app (Expr.fvar 0 (Expr.sort Level.zero.succ)))
                            { pw := { repr := ConLeche.PropWhenRepr.never✝ } }] }] } })
    ==>
      Except.pure
        (none,
          {
            types :=
              {
                toList :=
                  [{ name := Name.anonymous.str "Tree2", type := Expr.sort Level.zero.succ,
                      ctors :=
                        [(Expr.fvar 0 (Expr.sort Level.zero.succ)).forallE
                            ((Expr.const (Name.anonymous.str "Tree2") []).app (Expr.fvar 0 (Expr.sort Level.zero.succ)))
                            { pw := { repr := ConLeche.PropWhenRepr.never✝ } },
                          ((Expr.const (Name.anonymous.str "List") [Level.zero]).app
                                ((Expr.const (Name.anonymous.str "List") [Level.zero]).app
                                  ((Expr.const (Name.anonymous.str "Tree2") []).app
                                    (Expr.fvar 0 (Expr.sort Level.zero.succ))))).forallE
                            ((Expr.const (Name.anonymous.str "Tree2") []).app (Expr.fvar 0 (Expr.sort Level.zero.succ)))
                            { pw := { repr := ConLeche.PropWhenRepr.never✝ } }] }] } })
[Debug.Meta.Tactic.cbv.reduce] simplifyAppFn:
      Except.instMonad.toBind.1
        (Except.ok
          (none,
            {
              types :=
                {
                  toList :=
                    [{ name := Name.anonymous.str "Tree2", type := Expr.sort Level.zero.succ,
                        ctors :=
                          [(Expr.fvar 0 (Expr.sort Level.zero.succ)).forallE
                              ((Expr.const (Name.anonymous.str "Tree2") []).app
                                (Expr.fvar 0 (Expr.sort Level.zero.succ)))
                              { pw := { repr := ConLeche.PropWhenRepr.never✝ } },
                            ((Expr.const (Name.anonymous.str "List") [Level.zero]).app
                                  ((Expr.const (Name.anonymous.str "List") [Level.zero]).app
                                    ((Expr.const (Name.anonymous.str "Tree2") []).app
                                      (Expr.fvar 0 (Expr.sort Level.zero.succ))))).forallE
                              ((Expr.const (Name.anonymous.str "Tree2") []).app
                                (Expr.fvar 0 (Expr.sort Level.zero.succ)))
                              { pw := { repr := ConLeche.PropWhenRepr.never✝ } }] }] } }))
        fun __x =>
        match __x with
        | (__do_lift, a) =>
          (match __do_lift with
            | some a => fun a_1 => pure a a_1
            | none => do
              let __do_lift ←
                Official.replaceAll
                    {
                      find? :=
                        {
                            consts :=
                              [ConstantInfo.indInfo
                                  { name := Name.anonymous.str "List", levelParams := [Name.anonymous.str "u"],
                                    type :=
                                      (Expr.sort (Level.param (Name.anonymous.str "u")).succ).forallE
                                        (Expr.sort (Level.param (Name.anonymous.str "u")).succ)
                                        { pw := { repr := ConLeche.PropWhenRepr.never✝ } } }
                                  { sortZ := { repr := ConLeche.PropWhenRepr.always✝ },
                                    all := [Name.anonymous.str "List"], nparams := 1,
                                    ctors := [Name.anonymous.str "List.nil", Name.anonymous.str "List.cons"] },
                                ConstantInfo.ctorInfo
                                  { name := Name.anonymous.str "List.nil", levelParams := [Name.anonymous.str "u"],
                                    type :=
                                      (Expr.sort (Level.param (Name.anonymous.str "u")).succ).forallE
                                        ((Expr.const (Name.anonymous.str "List")
                                              [Level.param (Name.anonymous.str "u")]).app
                                          (Expr.bvar 0))
                                        { pw := { repr := ConLeche.PropWhenRepr.never✝ } } }
                                  1 0,
                                ConstantInfo.ctorInfo
                                  { name := Name.anonymous.str "List.cons", levelParams := [Name.anonymous.str "u"],
                                    type :=
                                      (Expr.sort (Level.param (Name.anonymous.str "u")).succ).forallE
                                        ((Expr.bvar 0).forallE
                                          (((Expr.const (Name.anonymous.str "List")
                                                    [Level.param (Name.anonymous.str "u")]).app
                                                (Expr.bvar 1)).forallE
                                            ((Expr.const (Name.anonymous.str "List")
                                                  [Level.param (Name.anonymous.str "u")]).app
                                              (Expr.bvar 2))
                                            { pw := { repr := ConLeche.PropWhenRepr.never✝ } })
                                          { pw := { repr := ConLeche.PropWhenRepr.never✝ } })
                                        { pw := { repr := ConLeche.PropWhenRepr.never✝ } } }
                                  1 2,
                                ConstantInfo.indInfo
                                  { name := Name.anonymous.str "Tree2", levelParams := [],
                                    type :=
                                      (Expr.sort Level.zero.succ).forallE (Expr.sort Level.zero.succ)
                                        { pw := { repr := ConLeche.PropWhenRepr.never✝ } } }
                                  { sortZ := { repr := ConLeche.PropWhenRepr.always✝ },
                                    all := [Name.anonymous.str "Tree2"], nparams := 1,
                                    ctors :=
                                      [Name.anonymous.str "Tree2.leaf", Name.anonymous.str "Tree2.node"] }] }.find?,
                      ctorsOf := fun n => if (n == Ln) = true then listCs else [], lvls := [],
                      ps := [Expr.fvar 0 (Expr.sort Level.zero.succ)],
                      auxName := fun i => if (i == 1) = true then rn else cn }
                    (Expr.const (Name.anonymous.str "Tree2") [])
              let __do_lift_1 ←
                Official.replaceAll
                    {
                      find? :=
                        {
                            consts :=
                              [ConstantInfo.indInfo
                                  { name := Name.anonymous.str "List", levelParams := [Name.anonymous.str "u"],
                                    type :=
                                      (Expr.sort (Level.param (Name.anonymous.str "u")).succ).forallE
                                        (Expr.sort (Level.param (Name.anonymous.str "u")).succ)
                                        { pw := { repr := ConLeche.PropWhenRepr.never✝ } } }
                                  { sortZ := { repr := ConLeche.PropWhenRepr.always✝ },
                                    all := [Name.anonymous.str "List"], nparams := 1,
                                    ctors := [Name.anonymous.str "List.nil", Name.anonymous.str "List.cons"] },
                                ConstantInfo.ctorInfo
                                  { name := Name.anonymous.str "List.nil", levelParams := [Name.anonymous.str "u"],
                                    type :=
                                      (Expr.sort (Level.param (Name.anonymous.str "u")).succ).forallE
                                        ((Expr.const (Name.anonymous.str "List")
                                              [Level.param (Name.anonymous.str "u")]).app
                                          (Expr.bvar 0))
                                        { pw := { repr := ConLeche.PropWhenRepr.never✝ } } }
                                  1 0,
                                ConstantInfo.ctorInfo
                                  { name := Name.anonymous.str "List.cons", levelParams := [Name.anonymous.str "u"],
                                    type :=
                                      (Expr.sort (Level.param (Name.anonymous.str "u")).succ).forallE
                                        ((Expr.bvar 0).forallE
                                          (((Expr.const (Name.anonymous.str "List")
                                                    [Level.param (Name.anonymous.str "u")]).app
                                                (Expr.bvar 1)).forallE
                                            ((Expr.const (Name.anonymous.str "List")
                                                  [Level.param (Name.anonymous.str "u")]).app
                                              (Expr.bvar 2))
                                            { pw := { repr := ConLeche.PropWhenRepr.never✝ } })
                                          { pw := { repr := ConLeche.PropWhenRepr.never✝ } })
                                        { pw := { repr := ConLeche.PropWhenRepr.never✝ } } }
                                  1 2,
                                ConstantInfo.indInfo
                                  { name := Name.anonymous.str "Tree2", levelParams := [],
                                    type :=
                                      (Expr.sort Level.zero.succ).forallE (Expr.sort Level.zero.succ)
                                        { pw := { repr := ConLeche.PropWhenRepr.never✝ } } }
                                  { sortZ := { repr := ConLeche.PropWhenRepr.always✝ },
                                    all := [Name.anonymous.str "Tree2"], nparams := 1,
                                    ctors :=
                                      [Name.anonymous.str "Tree2.leaf", Name.anonymous.str "Tree2.node"] }] }.find?,
                      ctorsOf := fun n => if (n == Ln) = true then listCs else [], lvls := [],
                      ps := [Expr.fvar 0 (Expr.sort Level.zero.succ)],
                      auxName := fun i => if (i == 1) = true then rn else cn }
                    (Expr.fvar 0 (Expr.sort Level.zero.succ))
              pure (__do_lift.app __do_lift_1))
            a
    ==>
      (Except.ok
            (none,
              {
                types :=
                  {
                    toList :=
                      [{ name := Name.anonymous.str "Tree2", type := Expr.sort Level.zero.succ,
                          ctors :=
                            [(Expr.fvar 0 (Expr.sort Level.zero.succ)).forallE
                                ((Expr.const (Name.anonymous.str "Tree2") []).app
                                  (Expr.fvar 0 (Expr.sort Level.zero.succ)))
                                { pw := { repr := ConLeche.PropWhenRepr.never✝ } },
                              ((Expr.const (Name.anonymous.str "List") [Level.zero]).app
                                    ((Expr.const (Name.anonymous.str "List") [Level.zero]).app
                                      ((Expr.const (Name.anonymous.str "Tree2") []).app
                                        (Expr.fvar 0 (Expr.sort Level.zero.succ))))).forallE
                                ((Expr.const (Name.anonymous.str "Tree2") []).app
                                  (Expr.fvar 0 (Expr.sort Level.zero.succ)))
                                { pw := { repr := ConLeche.PropWhenRepr.never✝ } }] }] } })).bind
        fun __x =>
        match __x with
        | (__do_lift, a) =>
          (match __do_lift with
            | some a => fun a_1 => pure a a_1
            | none => do
              let __do_lift ←
                Official.replaceAll
                    {
                      find? :=
                        {
                            consts :=
                              [ConstantInfo.indInfo
                                  { name := Name.anonymous.str "List", levelParams := [Name.anonymous.str "u"],
                                    type :=
                                      (Expr.sort (Level.param (Name.anonymous.str "u")).succ).forallE
                                        (Expr.sort (Level.param (Name.anonymous.str "u")).succ)
                                        { pw := { repr := ConLeche.PropWhenRepr.never✝ } } }
                                  { sortZ := { repr := ConLeche.PropWhenRepr.always✝ },
                                    all := [Name.anonymous.str "List"], nparams := 1,
                                    ctors := [Name.anonymous.str "List.nil", Name.anonymous.str "List.cons"] },
                                ConstantInfo.ctorInfo
                                  { name := Name.anonymous.str "List.nil", levelParams := [Name.anonymous.str "u"],
                                    type :=
                                      (Expr.sort (Level.param (Name.anonymous.str "u")).succ).forallE
                                        ((Expr.const (Name.anonymous.str "List")
                                              [Level.param (Name.anonymous.str "u")]).app
                                          (Expr.bvar 0))
                                        { pw := { repr := ConLeche.PropWhenRepr.never✝ } } }
                                  1 0,
                                ConstantInfo.ctorInfo
                                  { name := Name.anonymous.str "List.cons", levelParams := [Name.anonymous.str "u"],
                                    type :=
                                      (Expr.sort (Level.param (Name.anonymous.str "u")).succ).forallE
                                        ((Expr.bvar 0).forallE
                                          (((Expr.const (Name.anonymous.str "List")
                                                    [Level.param (Name.anonymous.str "u")]).app
                                                (Expr.bvar 1)).forallE
                                            ((Expr.const (Name.anonymous.str "List")
                                                  [Level.param (Name.anonymous.str "u")]).app
                                              (Expr.bvar 2))
                                            { pw := { repr := ConLeche.PropWhenRepr.never✝ } })
                                          { pw := { repr := ConLeche.PropWhenRepr.never✝ } })
                                        { pw := { repr := ConLeche.PropWhenRepr.never✝ } } }
                                  1 2,
                                ConstantInfo.indInfo
                                  { name := Name.anonymous.str "Tree2", levelParams := [],
                                    type :=
                                      (Expr.sort Level.zero.succ).forallE (Expr.sort Level.zero.succ)
                                        { pw := { repr := ConLeche.PropWhenRepr.never✝ } } }
                                  { sortZ := { repr := ConLeche.PropWhenRepr.always✝ },
                                    all := [Name.anonymous.str "Tree2"], nparams := 1,
                                    ctors :=
                                      [Name.anonymous.str "Tree2.leaf", Name.anonymous.str "Tree2.node"] }] }.find?,
                      ctorsOf := fun n => if (n == Ln) = true then listCs else [], lvls := [],
                      ps := [Expr.fvar 0 (Expr.sort Level.zero.succ)],
                      auxName := fun i => if (i == 1) = true then rn else cn }
                    (Expr.const (Name.anonymous.str "Tree2") [])
              let __do_lift_1 ←
                Official.replaceAll
                    {
                      find? :=
                        {
                            consts :=
                              [ConstantInfo.indInfo
                                  { name := Name.anonymous.str "List", levelParams := [Name.anonymous.str "u"],
                                    type :=
                                      (Expr.sort (Level.param (Name.anonymous.str "u")).succ).forallE
                                        (Expr.sort (Level.param (Name.anonymous.str "u")).succ)
                                        { pw := { repr := ConLeche.PropWhenRepr.never✝ } } }
                                  { sortZ := { repr := ConLeche.PropWhenRepr.always✝ },
                                    all := [Name.anonymous.str "List"], nparams := 1,
                                    ctors := [Name.anonymous.str "List.nil", Name.anonymous.str "List.cons"] },
                                ConstantInfo.ctorInfo
                                  { name := Name.anonymous.str "List.nil", levelParams := [Name.anonymous.str "u"],
                                    type :=
                                      (Expr.sort (Level.param (Name.anonymous.str "u")).succ).forallE
                                        ((Expr.const (Name.anonymous.str "List")
                                              [Level.param (Name.anonymous.str "u")]).app
                                          (Expr.bvar 0))
                                        { pw := { repr := ConLeche.PropWhenRepr.never✝ } } }
                                  1 0,
                                ConstantInfo.ctorInfo
                                  { name := Name.anonymous.str "List.cons", levelParams := [Name.anonymous.str "u"],
                                    type :=
                                      (Expr.sort (Level.param (Name.anonymous.str "u")).succ).forallE
                                        ((Expr.bvar 0).forallE
                                          (((Expr.const (Name.anonymous.str "List")
                                                    [Level.param (Name.anonymous.str "u")]).app
                                                (Expr.bvar 1)).forallE
                                            ((Expr.const (Name.anonymous.str "List")
                                                  [Level.param (Name.anonymous.str "u")]).app
                                              (Expr.bvar 2))
                                            { pw := { repr := ConLeche.PropWhenRepr.never✝ } })
                                          { pw := { repr := ConLeche.PropWhenRepr.never✝ } })
                                        { pw := { repr := ConLeche.PropWhenRepr.never✝ } } }
                                  1 2,
                                ConstantInfo.indInfo
                                  { name := Name.anonymous.str "Tree2", levelParams := [],
                                    type :=
                                      (Expr.sort Level.zero.succ).forallE (Expr.sort Level.zero.succ)
                                        { pw := { repr := ConLeche.PropWhenRepr.never✝ } } }
                                  { sortZ := { repr := ConLeche.PropWhenRepr.always✝ },
                                    all := [Name.anonymous.str "Tree2"], nparams := 1,
                                    ctors :=
                                      [Name.anonymous.str "Tree2.leaf", Name.anonymous.str "Tree2.node"] }] }.find?,
                      ctorsOf := fun n => if (n == Ln) = true then listCs else [], lvls := [],
                      ps := [Expr.fvar 0 (Expr.sort Level.zero.succ)],
                      auxName := fun i => if (i == 1) = true then rn else cn }
                    (Expr.fvar 0 (Expr.sort Level.zero.succ))
              pure (__do_lift.app __do_lift_1))
            a
[Debug.Meta.Tactic.cbv.reduce] simplifyAppFn:
      StateT.instMonad.toPure.1 (Expr.const (Name.anonymous.str "Tree2") [])
    ==>
      StateT.pure (Expr.const (Name.anonymous.str "Tree2") [])
[Debug.Meta.Tactic.cbv.reduce] simplifyAppFn:
      StateT.instMonad.toBind.1 (StateT.pure (Expr.const (Name.anonymous.str "Tree2") []))
        (fun __do_lift => do
          let __do_lift_1 ←
            Official.replaceAll
                {
                  find? :=
                    {
                        consts :=
                          [ConstantInfo.indInfo
                              { name := Name.anonymous.str "List", levelParams := [Name.anonymous.str "u"],
                                type :=
                                  (Expr.sort (Level.param (Name.anonymous.str "u")).succ).forallE
                                    (Expr.sort (Level.param (Name.anonymous.str "u")).succ)
                                    { pw := { repr := ConLeche.PropWhenRepr.never✝ } } }
                              { sortZ := { repr := ConLeche.PropWhenRepr.always✝ }, all := [Name.anonymous.str "List"],
                                nparams := 1,
                                ctors := [Name.anonymous.str "List.nil", Name.anonymous.str "List.cons"] },
                            ConstantInfo.ctorInfo
                              { name := Name.anonymous.str "List.nil", levelParams := [Name.anonymous.str "u"],
                                type :=
                                  (Expr.sort (Level.param (Name.anonymous.str "u")).succ).forallE
                                    ((Expr.const (Name.anonymous.str "List") [Level.param (Name.anonymous.str "u")]).app
                                      (Expr.bvar 0))
                                    { pw := { repr := ConLeche.PropWhenRepr.never✝ } } }
                              1 0,
                            ConstantInfo.ctorInfo
                              { name := Name.anonymous.str "List.cons", levelParams := [Name.anonymous.str "u"],
                                type :=
                                  (Expr.sort (Level.param (Name.anonymous.str "u")).succ).forallE
                                    ((Expr.bvar 0).forallE
                                      (((Expr.const (Name.anonymous.str "List")
                                                [Level.param (Name.anonymous.str "u")]).app
                                            (Expr.bvar 1)).forallE
                                        ((Expr.const (Name.anonymous.str "List")
                                              [Level.param (Name.anonymous.str "u")]).app
                                          (Expr.bvar 2))
                                        { pw := { repr := ConLeche.PropWhenRepr.never✝ } })
                                      { pw := { repr := ConLeche.PropWhenRepr.never✝ } })
                                    { pw := { repr := ConLeche.PropWhenRepr.never✝ } } }
                              1 2,
                            ConstantInfo.indInfo
                              { name := Name.anonymous.str "Tree2", levelParams := [],
                                type :=
                                  (Expr.sort Level.zero.succ).forallE (Expr.sort Level.zero.succ)
                                    { pw := { repr := ConLeche.PropWhenRepr.never✝ } } }
                              { sortZ := { repr := ConLeche.PropWhenRepr.always✝ }, all := [Name.anonymous.str "Tree2"],
                                nparams := 1,
                                ctors := [Name.anonymous.str "Tree2.leaf", Name.anonymous.str "Tree2.node"] }] }.find?,
                  ctorsOf := fun n => if (n == Ln) = true then listCs else [], lvls := [],
                  ps := [Expr.fvar 0 (Expr.sort Level.zero.succ)],
                  auxName := fun i => if (i == 1) = true then rn else cn }
                (Expr.fvar 0 (Expr.sort Level.zero.succ))
          pure (__do_lift.app __do_lift_1))
        {
          types :=
            {
              toList :=
                [{ name := Name.anonymous.str "Tree2", type := Expr.sort Level.zero.succ,
                    ctors :=
                      [(Expr.fvar 0 (Expr.sort Level.zero.succ)).forallE
                          ((Expr.const (Name.anonymous.str "Tree2") []).app (Expr.fvar 0 (Expr.sort Level.zero.succ)))
                          { pw := { repr := ConLeche.PropWhenRepr.never✝ } },
                        ((Expr.const (Name.anonymous.str "List") [Level.zero]).app
                              ((Expr.const (Name.anonymous.str "List") [Level.zero]).app
                                ((Expr.const (Name.anonymous.str "Tree2") []).app
                                  (Expr.fvar 0 (Expr.sort Level.zero.succ))))).forallE
                          ((Expr.const (Name.anonymous.str "Tree2") []).app (Expr.fvar 0 (Expr.sort Level.zero.succ)))
                          { pw := { repr := ConLeche.PropWhenRepr.never✝ } }] }] } }
    ==>
      (StateT.pure (Expr.const (Name.anonymous.str "Tree2") [])).bind
        (fun __do_lift => do
          let __do_lift_1 ←
            Official.replaceAll
                {
                  find? :=
                    {
                        consts :=
                          [ConstantInfo.indInfo
                              { name := Name.anonymous.str "List", levelParams := [Name.anonymous.str "u"],
                                type :=
                                  (Expr.sort (Level.param (Name.anonymous.str "u")).succ).forallE
                                    (Expr.sort (Level.param (Name.anonymous.str "u")).succ)
                                    { pw := { repr := ConLeche.PropWhenRepr.never✝ } } }
                              { sortZ := { repr := ConLeche.PropWhenRepr.always✝ }, all := [Name.anonymous.str "List"],
                                nparams := 1,
                                ctors := [Name.anonymous.str "List.nil", Name.anonymous.str "List.cons"] },
                            ConstantInfo.ctorInfo
                              { name := Name.anonymous.str "List.nil", levelParams := [Name.anonymous.str "u"],
                                type :=
                                  (Expr.sort (Level.param (Name.anonymous.str "u")).succ).forallE
                                    ((Expr.const (Name.anonymous.str "List") [Level.param (Name.anonymous.str "u")]).app
                                      (Expr.bvar 0))
                                    { pw := { repr := ConLeche.PropWhenRepr.never✝ } } }
                              1 0,
                            ConstantInfo.ctorInfo
                              { name := Name.anonymous.str "List.cons", levelParams := [Name.anonymous.str "u"],
                                type :=
                                  (Expr.sort (Level.param (Name.anonymous.str "u")).succ).forallE
                                    ((Expr.bvar 0).forallE
                                      (((Expr.const (Name.anonymous.str "List")
                                                [Level.param (Name.anonymous.str "u")]).app
                                            (Expr.bvar 1)).forallE
                                        ((Expr.const (Name.anonymous.str "List")
                                              [Level.param (Name.anonymous.str "u")]).app
                                          (Expr.bvar 2))
                                        { pw := { repr := ConLeche.PropWhenRepr.never✝ } })
                                      { pw := { repr := ConLeche.PropWhenRepr.never✝ } })
                                    { pw := { repr := ConLeche.PropWhenRepr.never✝ } } }
                              1 2,
                            ConstantInfo.indInfo
                              { name := Name.anonymous.str "Tree2", levelParams := [],
                                type :=
                                  (Expr.sort Level.zero.succ).forallE (Expr.sort Level.zero.succ)
                                    { pw := { repr := ConLeche.PropWhenRepr.never✝ } } }
                              { sortZ := { repr := ConLeche.PropWhenRepr.always✝ }, all := [Name.anonymous.str "Tree2"],
                                nparams := 1,
                                ctors := [Name.anonymous.str "Tree2.leaf", Name.anonymous.str "Tree2.node"] }] }.find?,
                  ctorsOf := fun n => if (n == Ln) = true then listCs else [], lvls := [],
                  ps := [Expr.fvar 0 (Expr.sort Level.zero.succ)],
                  auxName := fun i => if (i == 1) = true then rn else cn }
                (Expr.fvar 0 (Expr.sort Level.zero.succ))
          pure (__do_lift.app __do_lift_1))
        {
          types :=
            {
              toList :=
                [{ name := Name.anonymous.str "Tree2", type := Expr.sort Level.zero.succ,
                    ctors :=
                      [(Expr.fvar 0 (Expr.sort Level.zero.succ)).forallE
                          ((Expr.const (Name.anonymous.str "Tree2") []).app (Expr.fvar 0 (Expr.sort Level.zero.succ)))
                          { pw := { repr := ConLeche.PropWhenRepr.never✝ } },
                        ((Expr.const (Name.anonymous.str "List") [Level.zero]).app
                              ((Expr.const (Name.anonymous.str "List") [Level.zero]).app
                                ((Expr.const (Name.anonymous.str "Tree2") []).app
                                  (Expr.fvar 0 (Expr.sort Level.zero.succ))))).forallE
                          ((Expr.const (Name.anonymous.str "Tree2") []).app (Expr.fvar 0 (Expr.sort Level.zero.succ)))
                          { pw := { repr := ConLeche.PropWhenRepr.never✝ } }] }] } }
[Debug.Meta.Tactic.cbv.reduce] simplifyAppFn:
      Except.instMonad.toPure.1
        (Expr.const (Name.anonymous.str "Tree2") [],
          {
            types :=
              {
                toList :=
                  [{ name := Name.anonymous.str "Tree2", type := Expr.sort Level.zero.succ,
                      ctors :=
                        [(Expr.fvar 0 (Expr.sort Level.zero.succ)).forallE
                            ((Expr.const (Name.anonymous.str "Tree2") []).app (Expr.fvar 0 (Expr.sort Level.zero.succ)))
                            { pw := { repr := ConLeche.PropWhenRepr.never✝ } },
                          ((Expr.const (Name.anonymous.str "List") [Level.zero]).app
                                ((Expr.const (Name.anonymous.str "List") [Level.zero]).app
                                  ((Expr.const (Name.anonymous.str "Tree2") []).app
                                    (Expr.fvar 0 (Expr.sort Level.zero.succ))))).forallE
                            ((Expr.const (Name.anonymous.str "Tree2") []).app (Expr.fvar 0 (Expr.sort Level.zero.succ)))
                            { pw := { repr := ConLeche.PropWhenRepr.never✝ } }] }] } })
    ==>
      Except.pure
        (Expr.const (Name.anonymous.str "Tree2") [],
          {
            types :=
              {
                toList :=
                  [{ name := Name.anonymous.str "Tree2", type := Expr.sort Level.zero.succ,
                      ctors :=
                        [(Expr.fvar 0 (Expr.sort Level.zero.succ)).forallE
                            ((Expr.const (Name.anonymous.str "Tree2") []).app (Expr.fvar 0 (Expr.sort Level.zero.succ)))
                            { pw := { repr := ConLeche.PropWhenRepr.never✝ } },
                          ((Expr.const (Name.anonymous.str "List") [Level.zero]).app
                                ((Expr.const (Name.anonymous.str "List") [Level.zero]).app
                                  ((Expr.const (Name.anonymous.str "Tree2") []).app
                                    (Expr.fvar 0 (Expr.sort Level.zero.succ))))).forallE
                            ((Expr.const (Name.anonymous.str "Tree2") []).app (Expr.fvar 0 (Expr.sort Level.zero.succ)))
                            { pw := { repr := ConLeche.PropWhenRepr.never✝ } }] }] } })
[Debug.Meta.Tactic.cbv.reduce] simplifyAppFn:
      Except.instMonad.toBind.1
        (Except.ok
          (Expr.const (Name.anonymous.str "Tree2") [],
            {
              types :=
                {
                  toList :=
                    [{ name := Name.anonymous.str "Tree2", type := Expr.sort Level.zero.succ,
                        ctors :=
                          [(Expr.fvar 0 (Expr.sort Level.zero.succ)).forallE
                              ((Expr.const (Name.anonymous.str "Tree2") []).app
                                (Expr.fvar 0 (Expr.sort Level.zero.succ)))
                              { pw := { repr := ConLeche.PropWhenRepr.never✝ } },
                            ((Expr.const (Name.anonymous.str "List") [Level.zero]).app
                                  ((Expr.const (Name.anonymous.str "List") [Level.zero]).app
                                    ((Expr.const (Name.anonymous.str "Tree2") []).app
                                      (Expr.fvar 0 (Expr.sort Level.zero.succ))))).forallE
                              ((Expr.const (Name.anonymous.str "Tree2") []).app
                                (Expr.fvar 0 (Expr.sort Level.zero.succ)))
                              { pw := { repr := ConLeche.PropWhenRepr.never✝ } }] }] } }))
        fun __x =>
        match __x with
        | (__do_lift, a) =>
          (Official.replaceAll
                {
                  find? :=
                    {
                        consts :=
                          [ConstantInfo.indInfo
                              { name := Name.anonymous.str "List", levelParams := [Name.anonymous.str "u"],
                                type :=
                                  (Expr.sort (Level.param (Name.anonymous.str "u")).succ).forallE
                                    (Expr.sort (Level.param (Name.anonymous.str "u")).succ)
                                    { pw := { repr := ConLeche.PropWhenRepr.never✝ } } }
                              { sortZ := { repr := ConLeche.PropWhenRepr.always✝ }, all := [Name.anonymous.str "List"],
                                nparams := 1,
                                ctors := [Name.anonymous.str "List.nil", Name.anonymous.str "List.cons"] },
                            ConstantInfo.ctorInfo
                              { name := Name.anonymous.str "List.nil", levelParams := [Name.anonymous.str "u"],
                                type :=
                                  (Expr.sort (Level.param (Name.anonymous.str "u")).succ).forallE
                                    ((Expr.const (Name.anonymous.str "List") [Level.param (Name.anonymous.str "u")]).app
                                      (Expr.bvar 0))
                                    { pw := { repr := ConLeche.PropWhenRepr.never✝ } } }
                              1 0,
                            ConstantInfo.ctorInfo
                              { name := Name.anonymous.str "List.cons", levelParams := [Name.anonymous.str "u"],
                                type :=
                                  (Expr.sort (Level.param (Name.anonymous.str "u")).succ).forallE
                                    ((Expr.bvar 0).forallE
                                      (((Expr.const (Name.anonymous.str "List")
                                                [Level.param (Name.anonymous.str "u")]).app
                                            (Expr.bvar 1)).forallE
                                        ((Expr.const (Name.anonymous.str "List")
                                              [Level.param (Name.anonymous.str "u")]).app
                                          (Expr.bvar 2))
                                        { pw := { repr := ConLeche.PropWhenRepr.never✝ } })
                                      { pw := { repr := ConLeche.PropWhenRepr.never✝ } })
                                    { pw := { repr := ConLeche.PropWhenRepr.never✝ } } }
                              1 2,
                            ConstantInfo.indInfo
                              { name := Name.anonymous.str "Tree2", levelParams := [],
                                type :=
                                  (Expr.sort Level.zero.succ).forallE (Expr.sort Level.zero.succ)
                                    { pw := { repr := ConLeche.PropWhenRepr.never✝ } } }
                              { sortZ := { repr := ConLeche.PropWhenRepr.always✝ }, all := [Name.anonymous.str "Tree2"],
                                nparams := 1,
                                ctors := [Name.anonymous.str "Tree2.leaf", Name.anonymous.str "Tree2.node"] }] }.find?,
                  ctorsOf := fun n => if (n == Ln) = true then listCs else [], lvls := [],
                  ps := [Expr.fvar 0 (Expr.sort Level.zero.succ)],
                  auxName := fun i => if (i == 1) = true then rn else cn }
                (Expr.fvar 0 (Expr.sort Level.zero.succ)) >>=
              fun __do_lift_1 => pure (__do_lift.app __do_lift_1))
            a
    ==>
      (Except.ok
            (Expr.const (Name.anonymous.str "Tree2") [],
              {
                types :=
                  {
                    toList :=
                      [{ name := Name.anonymous.str "Tree2", type := Expr.sort Level.zero.succ,
                          ctors :=
                            [(Expr.fvar 0 (Expr.sort Level.zero.succ)).forallE
                                ((Expr.const (Name.anonymous.str "Tree2") []).app
                                  (Expr.fvar 0 (Expr.sort Level.zero.succ)))
                                { pw := { repr := ConLeche.PropWhenRepr.never✝ } },
                              ((Expr.const (Name.anonymous.str "List") [Level.zero]).app
                                    ((Expr.const (Name.anonymous.str "List") [Level.zero]).app
                                      ((Expr.const (Name.anonymous.str "Tree2") []).app
                                        (Expr.fvar 0 (Expr.sort Level.zero.succ))))).forallE
                                ((Expr.const (Name.anonymous.str "Tree2") []).app
                                  (Expr.fvar 0 (Expr.sort Level.zero.succ)))
                                { pw := { repr := ConLeche.PropWhenRepr.never✝ } }] }] } })).bind
        fun __x =>
        match __x with
        | (__do_lift, a) =>
          (Official.replaceAll
                {
                  find? :=
                    {
                        consts :=
                          [ConstantInfo.indInfo
                              { name := Name.anonymous.str "List", levelParams := [Name.anonymous.str "u"],
                                type :=
                                  (Expr.sort (Level.param (Name.anonymous.str "u")).succ).forallE
                                    (Expr.sort (Level.param (Name.anonymous.str "u")).succ)
                                    { pw := { repr := ConLeche.PropWhenRepr.never✝ } } }
                              { sortZ := { repr := ConLeche.PropWhenRepr.always✝ }, all := [Name.anonymous.str "List"],
                                nparams := 1,
                                ctors := [Name.anonymous.str "List.nil", Name.anonymous.str "List.cons"] },
                            ConstantInfo.ctorInfo
                              { name := Name.anonymous.str "List.nil", levelParams := [Name.anonymous.str "u"],
                                type :=
                                  (Expr.sort (Level.param (Name.anonymous.str "u")).succ).forallE
                                    ((Expr.const (Name.anonymous.str "List") [Level.param (Name.anonymous.str "u")]).app
                                      (Expr.bvar 0))
                                    { pw := { repr := ConLeche.PropWhenRepr.never✝ } } }
                              1 0,
                            ConstantInfo.ctorInfo
                              { name := Name.anonymous.str "List.cons", levelParams := [Name.anonymous.str "u"],
                                type :=
                                  (Expr.sort (Level.param (Name.anonymous.str "u")).succ).forallE
                                    ((Expr.bvar 0).forallE
                                      (((Expr.const (Name.anonymous.str "List")
                                                [Level.param (Name.anonymous.str "u")]).app
                                            (Expr.bvar 1)).forallE
                                        ((Expr.const (Name.anonymous.str "List")
                                              [Level.param (Name.anonymous.str "u")]).app
                                          (Expr.bvar 2))
                                        { pw := { repr := ConLeche.PropWhenRepr.never✝ } })
                                      { pw := { repr := ConLeche.PropWhenRepr.never✝ } })
                                    { pw := { repr := ConLeche.PropWhenRepr.never✝ } } }
                              1 2,
                            ConstantInfo.indInfo
                              { name := Name.anonymous.str "Tree2", levelParams := [],
                                type :=
                                  (Expr.sort Level.zero.succ).forallE (Expr.sort Level.zero.succ)
                                    { pw := { repr := ConLeche.PropWhenRepr.never✝ } } }
                              { sortZ := { repr := ConLeche.PropWhenRepr.always✝ }, all := [Name.anonymous.str "Tree2"],
                                nparams := 1,
                                ctors := [Name.anonymous.str "Tree2.leaf", Name.anonymous.str "Tree2.node"] }] }.find?,
                  ctorsOf := fun n => if (n == Ln) = true then listCs else [], lvls := [],
                  ps := [Expr.fvar 0 (Expr.sort Level.zero.succ)],
                  auxName := fun i => if (i == 1) = true then rn else cn }
                (Expr.fvar 0 (Expr.sort Level.zero.succ)) >>=
              fun __do_lift_1 => pure (__do_lift.app __do_lift_1))
            a
[Debug.Meta.Tactic.cbv.reduce] simplifyAppFn:
      StateT.instMonad.toBind.1 (StateT.pure (Expr.fvar 0 (Expr.sort Level.zero.succ)))
        (fun __do_lift => pure ((Expr.const (Name.anonymous.str "Tree2") []).app __do_lift))
        {
          types :=
            {
              toList :=
                [{ name := Name.anonymous.str "Tree2", type := Expr.sort Level.zero.succ,
                    ctors :=
                      [(Expr.fvar 0 (Expr.sort Level.zero.succ)).forallE
                          ((Expr.const (Name.anonymous.str "Tree2") []).app (Expr.fvar 0 (Expr.sort Level.zero.succ)))
                          { pw := { repr := ConLeche.PropWhenRepr.never✝ } },
                        ((Expr.const (Name.anonymous.str "List") [Level.zero]).app
                              ((Expr.const (Name.anonymous.str "List") [Level.zero]).app
                                ((Expr.const (Name.anonymous.str "Tree2") []).app
                                  (Expr.fvar 0 (Expr.sort Level.zero.succ))))).forallE
                          ((Expr.const (Name.anonymous.str "Tree2") []).app (Expr.fvar 0 (Expr.sort Level.zero.succ)))
                          { pw := { repr := ConLeche.PropWhenRepr.never✝ } }] }] } }
    ==>
      (StateT.pure (Expr.fvar 0 (Expr.sort Level.zero.succ))).bind
        (fun __do_lift => pure ((Expr.const (Name.anonymous.str "Tree2") []).app __do_lift))
        {
          types :=
            {
              toList :=
                [{ name := Name.anonymous.str "Tree2", type := Expr.sort Level.zero.succ,
                    ctors :=
                      [(Expr.fvar 0 (Expr.sort Level.zero.succ)).forallE
                          ((Expr.const (Name.anonymous.str "Tree2") []).app (Expr.fvar 0 (Expr.sort Level.zero.succ)))
                          { pw := { repr := ConLeche.PropWhenRepr.never✝ } },
                        ((Expr.const (Name.anonymous.str "List") [Level.zero]).app
                              ((Expr.const (Name.anonymous.str "List") [Level.zero]).app
                                ((Expr.const (Name.anonymous.str "Tree2") []).app
                                  (Expr.fvar 0 (Expr.sort Level.zero.succ))))).forallE
                          ((Expr.const (Name.anonymous.str "Tree2") []).app (Expr.fvar 0 (Expr.sort Level.zero.succ)))
                          { pw := { repr := ConLeche.PropWhenRepr.never✝ } }] }] } }
[Debug.Meta.Tactic.cbv.reduce] simplifyAppFn:
      Except.instMonad.toBind.1
        (Except.ok
          (Expr.fvar 0 (Expr.sort Level.zero.succ),
            {
              types :=
                {
                  toList :=
                    [{ name := Name.anonymous.str "Tree2", type := Expr.sort Level.zero.succ,
                        ctors :=
                          [(Expr.fvar 0 (Expr.sort Level.zero.succ)).forallE
                              ((Expr.const (Name.anonymous.str "Tree2") []).app
                                (Expr.fvar 0 (Expr.sort Level.zero.succ)))
                              { pw := { repr := ConLeche.PropWhenRepr.never✝ } },
                            ((Expr.const (Name.anonymous.str "List") [Level.zero]).app
                                  ((Expr.const (Name.anonymous.str "List") [Level.zero]).app
                                    ((Expr.const (Name.anonymous.str "Tree2") []).app
                                      (Expr.fvar 0 (Expr.sort Level.zero.succ))))).forallE
                              ((Expr.const (Name.anonymous.str "Tree2") []).app
                                (Expr.fvar 0 (Expr.sort Level.zero.succ)))
                              { pw := { repr := ConLeche.PropWhenRepr.never✝ } }] }] } }))
        fun __x =>
        match __x with
        | (__do_lift, a) => pure ((Expr.const (Name.anonymous.str "Tree2") []).app __do_lift) a
    ==>
      (Except.ok
            (Expr.fvar 0 (Expr.sort Level.zero.succ),
              {
                types :=
                  {
                    toList :=
                      [{ name := Name.anonymous.str "Tree2", type := Expr.sort Level.zero.succ,
                          ctors :=
                            [(Expr.fvar 0 (Expr.sort Level.zero.succ)).forallE
                                ((Expr.const (Name.anonymous.str "Tree2") []).app
                                  (Expr.fvar 0 (Expr.sort Level.zero.succ)))
                                { pw := { repr := ConLeche.PropWhenRepr.never✝ } },
                              ((Expr.const (Name.anonymous.str "List") [Level.zero]).app
                                    ((Expr.const (Name.anonymous.str "List") [Level.zero]).app
                                      ((Expr.const (Name.anonymous.str "Tree2") []).app
                                        (Expr.fvar 0 (Expr.sort Level.zero.succ))))).forallE
                                ((Expr.const (Name.anonymous.str "Tree2") []).app
                                  (Expr.fvar 0 (Expr.sort Level.zero.succ)))
                                { pw := { repr := ConLeche.PropWhenRepr.never✝ } }] }] } })).bind
        fun __x =>
        match __x with
        | (__do_lift, a) => pure ((Expr.const (Name.anonymous.str "Tree2") []).app __do_lift) a
[Debug.Meta.Tactic.cbv.reduce] simplifyAppFn:
      StateT.instMonad.toPure.1
        ((Expr.const (Name.anonymous.str "Tree2") []).app (Expr.fvar 0 (Expr.sort Level.zero.succ)))
        {
          types :=
            {
              toList :=
                [{ name := Name.anonymous.str "Tree2", type := Expr.sort Level.zero.succ,
                    ctors :=
                      [(Expr.fvar 0 (Expr.sort Level.zero.succ)).forallE
                          ((Expr.const (Name.anonymous.str "Tree2") []).app (Expr.fvar 0 (Expr.sort Level.zero.succ)))
                          { pw := { repr := ConLeche.PropWhenRepr.never✝ } },
                        ((Expr.const (Name.anonymous.str "List") [Level.zero]).app
                              ((Expr.const (Name.anonymous.str "List") [Level.zero]).app
                                ((Expr.const (Name.anonymous.str "Tree2") []).app
                                  (Expr.fvar 0 (Expr.sort Level.zero.succ))))).forallE
                          ((Expr.const (Name.anonymous.str "Tree2") []).app (Expr.fvar 0 (Expr.sort Level.zero.succ)))
                          { pw := { repr := ConLeche.PropWhenRepr.never✝ } }] }] } }
    ==>
      StateT.pure ((Expr.const (Name.anonymous.str "Tree2") []).app (Expr.fvar 0 (Expr.sort Level.zero.succ)))
        {
          types :=
            {
              toList :=
                [{ name := Name.anonymous.str "Tree2", type := Expr.sort Level.zero.succ,
                    ctors :=
                      [(Expr.fvar 0 (Expr.sort Level.zero.succ)).forallE
                          ((Expr.const (Name.anonymous.str "Tree2") []).app (Expr.fvar 0 (Expr.sort Level.zero.succ)))
                          { pw := { repr := ConLeche.PropWhenRepr.never✝ } },
                        ((Expr.const (Name.anonymous.str "List") [Level.zero]).app
                              ((Expr.const (Name.anonymous.str "List") [Level.zero]).app
                                ((Expr.const (Name.anonymous.str "Tree2") []).app
                                  (Expr.fvar 0 (Expr.sort Level.zero.succ))))).forallE
                          ((Expr.const (Name.anonymous.str "Tree2") []).app (Expr.fvar 0 (Expr.sort Level.zero.succ)))
                          { pw := { repr := ConLeche.PropWhenRepr.never✝ } }] }] } }
[Debug.Meta.Tactic.cbv.reduce] simplifyAppFn:
      Except.instMonad.toPure.1
        ((Expr.const (Name.anonymous.str "Tree2") []).app (Expr.fvar 0 (Expr.sort Level.zero.succ)),
          {
            types :=
              {
                toList :=
                  [{ name := Name.anonymous.str "Tree2", type := Expr.sort Level.zero.succ,
                      ctors :=
                        [(Expr.fvar 0 (Expr.sort Level.zero.succ)).forallE
                            ((Expr.const (Name.anonymous.str "Tree2") []).app (Expr.fvar 0 (Expr.sort Level.zero.succ)))
                            { pw := { repr := ConLeche.PropWhenRepr.never✝ } },
                          ((Expr.const (Name.anonymous.str "List") [Level.zero]).app
                                ((Expr.const (Name.anonymous.str "List") [Level.zero]).app
                                  ((Expr.const (Name.anonymous.str "Tree2") []).app
                                    (Expr.fvar 0 (Expr.sort Level.zero.succ))))).forallE
                            ((Expr.const (Name.anonymous.str "Tree2") []).app (Expr.fvar 0 (Expr.sort Level.zero.succ)))
                            { pw := { repr := ConLeche.PropWhenRepr.never✝ } }] }] } })
    ==>
      Except.pure
        ((Expr.const (Name.anonymous.str "Tree2") []).app (Expr.fvar 0 (Expr.sort Level.zero.succ)),
          {
            types :=
              {
                toList :=
                  [{ name := Name.anonymous.str "Tree2", type := Expr.sort Level.zero.succ,
                      ctors :=
                        [(Expr.fvar 0 (Expr.sort Level.zero.succ)).forallE
                            ((Expr.const (Name.anonymous.str "Tree2") []).app (Expr.fvar 0 (Expr.sort Level.zero.succ)))
                            { pw := { repr := ConLeche.PropWhenRepr.never✝ } },
                          ((Expr.const (Name.anonymous.str "List") [Level.zero]).app
                                ((Expr.const (Name.anonymous.str "List") [Level.zero]).app
                                  ((Expr.const (Name.anonymous.str "Tree2") []).app
                                    (Expr.fvar 0 (Expr.sort Level.zero.succ))))).forallE
                            ((Expr.const (Name.anonymous.str "Tree2") []).app (Expr.fvar 0 (Expr.sort Level.zero.succ)))
                            { pw := { repr := ConLeche.PropWhenRepr.never✝ } }] }] } })
[Debug.Meta.Tactic.cbv.reduce] simplifyAppFn:
      Except.instMonad.toBind.1
        (Except.ok
          ((Expr.const (Name.anonymous.str "Tree2") []).app (Expr.fvar 0 (Expr.sort Level.zero.succ)),
            {
              types :=
                {
                  toList :=
                    [{ name := Name.anonymous.str "Tree2", type := Expr.sort Level.zero.succ,
                        ctors :=
                          [(Expr.fvar 0 (Expr.sort Level.zero.succ)).forallE
                              ((Expr.const (Name.anonymous.str "Tree2") []).app
                                (Expr.fvar 0 (Expr.sort Level.zero.succ)))
                              { pw := { repr := ConLeche.PropWhenRepr.never✝ } },
                            ((Expr.const (Name.anonymous.str "List") [Level.zero]).app
                                  ((Expr.const (Name.anonymous.str "List") [Level.zero]).app
                                    ((Expr.const (Name.anonymous.str "Tree2") []).app
                                      (Expr.fvar 0 (Expr.sort Level.zero.succ))))).forallE
                              ((Expr.const (Name.anonymous.str "Tree2") []).app
                                (Expr.fvar 0 (Expr.sort Level.zero.succ)))
                              { pw := { repr := ConLeche.PropWhenRepr.never✝ } }] }] } }))
        fun __x =>
        match __x with
        | (__do_lift, a) =>
          pure
            ((Expr.fvar 0 (Expr.sort Level.zero.succ)).forallE __do_lift
              { pw := { repr := ConLeche.PropWhenRepr.never✝ } })
            a
    ==>
      (Except.ok
            ((Expr.const (Name.anonymous.str "Tree2") []).app (Expr.fvar 0 (Expr.sort Level.zero.succ)),
              {
                types :=
                  {
                    toList :=
                      [{ name := Name.anonymous.str "Tree2", type := Expr.sort Level.zero.succ,
                          ctors :=
                            [(Expr.fvar 0 (Expr.sort Level.zero.succ)).forallE
                                ((Expr.const (Name.anonymous.str "Tree2") []).app
                                  (Expr.fvar 0 (Expr.sort Level.zero.succ)))
                                { pw := { repr := ConLeche.PropWhenRepr.never✝ } },
                              ((Expr.const (Name.anonymous.str "List") [Level.zero]).app
                                    ((Expr.const (Name.anonymous.str "List") [Level.zero]).app
                                      ((Expr.const (Name.anonymous.str "Tree2") []).app
                                        (Expr.fvar 0 (Expr.sort Level.zero.succ))))).forallE
                                ((Expr.const (Name.anonymous.str "Tree2") []).app
                                  (Expr.fvar 0 (Expr.sort Level.zero.succ)))
                                { pw := { repr := ConLeche.PropWhenRepr.never✝ } }] }] } })).bind
        fun __x =>
        match __x with
        | (__do_lift, a) =>
          pure
            ((Expr.fvar 0 (Expr.sort Level.zero.succ)).forallE __do_lift
              { pw := { repr := ConLeche.PropWhenRepr.never✝ } })
            a
[Debug.Meta.Tactic.cbv.reduce] simplifyAppFn:
      StateT.instMonad.toPure.1
        ((Expr.fvar 0 (Expr.sort Level.zero.succ)).forallE
          ((Expr.const (Name.anonymous.str "Tree2") []).app (Expr.fvar 0 (Expr.sort Level.zero.succ)))
          { pw := { repr := ConLeche.PropWhenRepr.never✝ } })
        {
          types :=
            {
              toList :=
                [{ name := Name.anonymous.str "Tree2", type := Expr.sort Level.zero.succ,
                    ctors :=
                      [(Expr.fvar 0 (Expr.sort Level.zero.succ)).forallE
                          ((Expr.const (Name.anonymous.str "Tree2") []).app (Expr.fvar 0 (Expr.sort Level.zero.succ)))
                          { pw := { repr := ConLeche.PropWhenRepr.never✝ } },
                        ((Expr.const (Name.anonymous.str "List") [Level.zero]).app
                              ((Expr.const (Name.anonymous.str "List") [Level.zero]).app
                                ((Expr.const (Name.anonymous.str "Tree2") []).app
                                  (Expr.fvar 0 (Expr.sort Level.zero.succ))))).forallE
                          ((Expr.const (Name.anonymous.str "Tree2") []).app (Expr.fvar 0 (Expr.sort Level.zero.succ)))
                          { pw := { repr := ConLeche.PropWhenRepr.never✝ } }] }] } }
    ==>
      StateT.pure
        ((Expr.fvar 0 (Expr.sort Level.zero.succ)).forallE
          ((Expr.const (Name.anonymous.str "Tree2") []).app (Expr.fvar 0 (Expr.sort Level.zero.succ)))
          { pw := { repr := ConLeche.PropWhenRepr.never✝ } })
        {
          types :=
            {
              toList :=
                [{ name := Name.anonymous.str "Tree2", type := Expr.sort Level.zero.succ,
                    ctors :=
                      [(Expr.fvar 0 (Expr.sort Level.zero.succ)).forallE
                          ((Expr.const (Name.anonymous.str "Tree2") []).app (Expr.fvar 0 (Expr.sort Level.zero.succ)))
                          { pw := { repr := ConLeche.PropWhenRepr.never✝ } },
                        ((Expr.const (Name.anonymous.str "List") [Level.zero]).app
                              ((Expr.const (Name.anonymous.str "List") [Level.zero]).app
                                ((Expr.const (Name.anonymous.str "Tree2") []).app
                                  (Expr.fvar 0 (Expr.sort Level.zero.succ))))).forallE
                          ((Expr.const (Name.anonymous.str "Tree2") []).app (Expr.fvar 0 (Expr.sort Level.zero.succ)))
                          { pw := { repr := ConLeche.PropWhenRepr.never✝ } }] }] } }
[Debug.Meta.Tactic.cbv.reduce] simplifyAppFn:
      Except.instMonad.toPure.1
        ((Expr.fvar 0 (Expr.sort Level.zero.succ)).forallE
            ((Expr.const (Name.anonymous.str "Tree2") []).app (Expr.fvar 0 (Expr.sort Level.zero.succ)))
            { pw := { repr := ConLeche.PropWhenRepr.never✝ } },
          {
            types :=
              {
                toList :=
                  [{ name := Name.anonymous.str "Tree2", type := Expr.sort Level.zero.succ,
                      ctors :=
                        [(Expr.fvar 0 (Expr.sort Level.zero.succ)).forallE
                            ((Expr.const (Name.anonymous.str "Tree2") []).app (Expr.fvar 0 (Expr.sort Level.zero.succ)))
                            { pw := { repr := ConLeche.PropWhenRepr.never✝ } },
                          ((Expr.const (Name.anonymous.str "List") [Level.zero]).app
                                ((Expr.const (Name.anonymous.str "List") [Level.zero]).app
                                  ((Expr.const (Name.anonymous.str "Tree2") []).app
                                    (Expr.fvar 0 (Expr.sort Level.zero.succ))))).forallE
                            ((Expr.const (Name.anonymous.str "Tree2") []).app (Expr.fvar 0 (Expr.sort Level.zero.succ)))
                            { pw := { repr := ConLeche.PropWhenRepr.never✝ } }] }] } })
    ==>
      Except.pure
        ((Expr.fvar 0 (Expr.sort Level.zero.succ)).forallE
            ((Expr.const (Name.anonymous.str "Tree2") []).app (Expr.fvar 0 (Expr.sort Level.zero.succ)))
            { pw := { repr := ConLeche.PropWhenRepr.never✝ } },
          {
            types :=
              {
                toList :=
                  [{ name := Name.anonymous.str "Tree2", type := Expr.sort Level.zero.succ,
                      ctors :=
                        [(Expr.fvar 0 (Expr.sort Level.zero.succ)).forallE
                            ((Expr.const (Name.anonymous.str "Tree2") []).app (Expr.fvar 0 (Expr.sort Level.zero.succ)))
                            { pw := { repr := ConLeche.PropWhenRepr.never✝ } },
                          ((Expr.const (Name.anonymous.str "List") [Level.zero]).app
                                ((Expr.const (Name.anonymous.str "List") [Level.zero]).app
                                  ((Expr.const (Name.anonymous.str "Tree2") []).app
                                    (Expr.fvar 0 (Expr.sort Level.zero.succ))))).forallE
                            ((Expr.const (Name.anonymous.str "Tree2") []).app (Expr.fvar 0 (Expr.sort Level.zero.succ)))
                            { pw := { repr := ConLeche.PropWhenRepr.never✝ } }] }] } })
[Debug.Meta.Tactic.cbv.reduce] simplifyAppFn:
      Except.instMonad.toBind.1
        (Except.ok
          ((Expr.fvar 0 (Expr.sort Level.zero.succ)).forallE
              ((Expr.const (Name.anonymous.str "Tree2") []).app (Expr.fvar 0 (Expr.sort Level.zero.succ)))
              { pw := { repr := ConLeche.PropWhenRepr.never✝ } },
            {
              types :=
                {
                  toList :=
                    [{ name := Name.anonymous.str "Tree2", type := Expr.sort Level.zero.succ,
                        ctors :=
                          [(Expr.fvar 0 (Expr.sort Level.zero.succ)).forallE
                              ((Expr.const (Name.anonymous.str "Tree2") []).app
                                (Expr.fvar 0 (Expr.sort Level.zero.succ)))
                              { pw := { repr := ConLeche.PropWhenRepr.never✝ } },
                            ((Expr.const (Name.anonymous.str "List") [Level.zero]).app
                                  ((Expr.const (Name.anonymous.str "List") [Level.zero]).app
                                    ((Expr.const (Name.anonymous.str "Tree2") []).app
                                      (Expr.fvar 0 (Expr.sort Level.zero.succ))))).forallE
                              ((Expr.const (Name.anonymous.str "Tree2") []).app
                                (Expr.fvar 0 (Expr.sort Level.zero.succ)))
                              { pw := { repr := ConLeche.PropWhenRepr.never✝ } }] }] } }))
        fun __x =>
        match __x with
        | (__do_lift, a) =>
          List.mapM.loop
            (Official.replaceAll
              {
                find? :=
                  {
                      consts :=
                        [ConstantInfo.indInfo
                            { name := Name.anonymous.str "List", levelParams := [Name.anonymous.str "u"],
                              type :=
                                (Expr.sort (Level.param (Name.anonymous.str "u")).succ).forallE
                                  (Expr.sort (Level.param (Name.anonymous.str "u")).succ)
                                  { pw := { repr := ConLeche.PropWhenRepr.never✝ } } }
                            { sortZ := { repr := ConLeche.PropWhenRepr.always✝ }, all := [Name.anonymous.str "List"],
                              nparams := 1, ctors := [Name.anonymous.str "List.nil", Name.anonymous.str "List.cons"] },
                          ConstantInfo.ctorInfo
                            { name := Name.anonymous.str "List.nil", levelParams := [Name.anonymous.str "u"],
                              type :=
                                (Expr.sort (Level.param (Name.anonymous.str "u")).succ).forallE
                                  ((Expr.const (Name.anonymous.str "List") [Level.param (Name.anonymous.str "u")]).app
                                    (Expr.bvar 0))
                                  { pw := { repr := ConLeche.PropWhenRepr.never✝ } } }
                            1 0,
                          ConstantInfo.ctorInfo
                            { name := Name.anonymous.str "List.cons", levelParams := [Name.anonymous.str "u"],
                              type :=
                                (Expr.sort (Level.param (Name.anonymous.str "u")).succ).forallE
                                  ((Expr.bvar 0).forallE
                                    (((Expr.const (Name.anonymous.str "List")
                                              [Level.param (Name.anonymous.str "u")]).app
                                          (Expr.bvar 1)).forallE
                                      ((Expr.const (Name.anonymous.str "List")
                                            [Level.param (Name.anonymous.str "u")]).app
                                        (Expr.bvar 2))
                                      { pw := { repr := ConLeche.PropWhenRepr.never✝ } })
                                    { pw := { repr := ConLeche.PropWhenRepr.never✝ } })
                                  { pw := { repr := ConLeche.PropWhenRepr.never✝ } } }
                            1 2,
                          ConstantInfo.indInfo
                            { name := Name.anonymous.str "Tree2", levelParams := [],
                              type :=
                                (Expr.sort Level.zero.succ).forallE (Expr.sort Level.zero.succ)
                                  { pw := { repr := ConLeche.PropWhenRepr.never✝ } } }
                            { sortZ := { repr := ConLeche.PropWhenRepr.always✝ }, all := [Name.anonymous.str "Tree2"],
                              nparams := 1,
                              ctors := [Name.anonymous.str "Tree2.leaf", Name.anonymous.str "Tree2.node"] }] }.find?,
                ctorsOf := fun n => if (n == Ln) = true then listCs else [], lvls := [],
                ps := [Expr.fvar 0 (Expr.sort Level.zero.succ)],
                auxName := fun i => if (i == 1) = true then rn else cn })
            [((Expr.const (Name.anonymous.str "List") [Level.zero]).app
                    ((Expr.const (Name.anonymous.str "List") [Level.zero]).app
                      ((Expr.const (Name.anonymous.str "Tree2") []).app
                        (Expr.fvar 0 (Expr.sort Level.zero.succ))))).forallE
                ((Expr.const (Name.anonymous.str "Tree2") []).app (Expr.fvar 0 (Expr.sort Level.zero.succ)))
                { pw := { repr := ConLeche.PropWhenRepr.never✝ } }]
            [__do_lift] a
    ==>
      (Except.ok
            ((Expr.fvar 0 (Expr.sort Level.zero.succ)).forallE
                ((Expr.const (Name.anonymous.str "Tree2") []).app (Expr.fvar 0 (Expr.sort Level.zero.succ)))
                { pw := { repr := ConLeche.PropWhenRepr.never✝ } },
              {
                types :=
                  {
                    toList :=
                      [{ name := Name.anonymous.str "Tree2", type := Expr.sort Level.zero.succ,
                          ctors :=
                            [(Expr.fvar 0 (Expr.sort Level.zero.succ)).forallE
                                ((Expr.const (Name.anonymous.str "Tree2") []).app
                                  (Expr.fvar 0 (Expr.sort Level.zero.succ)))
                                { pw := { repr := ConLeche.PropWhenRepr.never✝ } },
                              ((Expr.const (Name.anonymous.str "List") [Level.zero]).app
                                    ((Expr.const (Name.anonymous.str "List") [Level.zero]).app
                                      ((Expr.const (Name.anonymous.str "Tree2") []).app
                                        (Expr.fvar 0 (Expr.sort Level.zero.succ))))).forallE
                                ((Expr.const (Name.anonymous.str "Tree2") []).app
                                  (Expr.fvar 0 (Expr.sort Level.zero.succ)))
                                { pw := { repr := ConLeche.PropWhenRepr.never✝ } }] }] } })).bind
        fun __x =>
        match __x with
        | (__do_lift, a) =>
          List.mapM.loop
            (Official.replaceAll
              {
                find? :=
                  {
                      consts :=
                        [ConstantInfo.indInfo
                            { name := Name.anonymous.str "List", levelParams := [Name.anonymous.str "u"],
                              type :=
                                (Expr.sort (Level.param (Name.anonymous.str "u")).succ).forallE
                                  (Expr.sort (Level.param (Name.anonymous.str "u")).succ)
                                  { pw := { repr := ConLeche.PropWhenRepr.never✝ } } }
                            { sortZ := { repr := ConLeche.PropWhenRepr.always✝ }, all := [Name.anonymous.str "List"],
                              nparams := 1, ctors := [Name.anonymous.str "List.nil", Name.anonymous.str "List.cons"] },
                          ConstantInfo.ctorInfo
                            { name := Name.anonymous.str "List.nil", levelParams := [Name.anonymous.str "u"],
                              type :=
                                (Expr.sort (Level.param (Name.anonymous.str "u")).succ).forallE
                                  ((Expr.const (Name.anonymous.str "List") [Level.param (Name.anonymous.str "u")]).app
                                    (Expr.bvar 0))
                                  { pw := { repr := ConLeche.PropWhenRepr.never✝ } } }
                            1 0,
                          ConstantInfo.ctorInfo
                            { name := Name.anonymous.str "List.cons", levelParams := [Name.anonymous.str "u"],
                              type :=
                                (Expr.sort (Level.param (Name.anonymous.str "u")).succ).forallE
                                  ((Expr.bvar 0).forallE
                                    (((Expr.const (Name.anonymous.str "List")
                                              [Level.param (Name.anonymous.str "u")]).app
                                          (Expr.bvar 1)).forallE
                                      ((Expr.const (Name.anonymous.str "List")
                                            [Level.param (Name.anonymous.str "u")]).app
                                        (Expr.bvar 2))
                                      { pw := { repr := ConLeche.PropWhenRepr.never✝ } })
                                    { pw := { repr := ConLeche.PropWhenRepr.never✝ } })
                                  { pw := { repr := ConLeche.PropWhenRepr.never✝ } } }
                            1 2,
                          ConstantInfo.indInfo
                            { name := Name.anonymous.str "Tree2", levelParams := [],
                              type :=
                                (Expr.sort Level.zero.succ).forallE (Expr.sort Level.zero.succ)
                                  { pw := { repr := ConLeche.PropWhenRepr.never✝ } } }
                            { sortZ := { repr := ConLeche.PropWhenRepr.always✝ }, all := [Name.anonymous.str "Tree2"],
                              nparams := 1,
                              ctors := [Name.anonymous.str "Tree2.leaf", Name.anonymous.str "Tree2.node"] }] }.find?,
                ctorsOf := fun n => if (n == Ln) = true then listCs else [], lvls := [],
                ps := [Expr.fvar 0 (Expr.sort Level.zero.succ)],
                auxName := fun i => if (i == 1) = true then rn else cn })
            [((Expr.const (Name.anonymous.str "List") [Level.zero]).app
                    ((Expr.const (Name.anonymous.str "List") [Level.zero]).app
                      ((Expr.const (Name.anonymous.str "Tree2") []).app
                        (Expr.fvar 0 (Expr.sort Level.zero.succ))))).forallE
                ((Expr.const (Name.anonymous.str "Tree2") []).app (Expr.fvar 0 (Expr.sort Level.zero.succ)))
                { pw := { repr := ConLeche.PropWhenRepr.never✝ } }]
            [__do_lift] a
[Debug.Meta.Tactic.cbv.reduce] simplifyAppFn:
      StateT.instMonad.toBind.1 StateT.get fun st => do
        let __do_lift ←
          monadLift
              (Official.isNestedApp
                {
                  find? :=
                    {
                        consts :=
                          [ConstantInfo.indInfo
                              { name := Name.anonymous.str "List", levelParams := [Name.anonymous.str "u"],
                                type :=
                                  (Expr.sort (Level.param (Name.anonymous.str "u")).succ).forallE
                                    (Expr.sort (Level.param (Name.anonymous.str "u")).succ)
                                    { pw := { repr := ConLeche.PropWhenRepr.never✝ } } }
                              { sortZ := { repr := ConLeche.PropWhenRepr.always✝ }, all := [Name.anonymous.str "List"],
                                nparams := 1,
                                ctors := [Name.anonymous.str "List.nil", Name.anonymous.str "List.cons"] },
                            ConstantInfo.ctorInfo
                              { name := Name.anonymous.str "List.nil", levelParams := [Name.anonymous.str "u"],
                                type :=
                                  (Expr.sort (Level.param (Name.anonymous.str "u")).succ).forallE
                                    ((Expr.const (Name.anonymous.str "List") [Level.param (Name.anonymous.str "u")]).app
                                      (Expr.bvar 0))
                                    { pw := { repr := ConLeche.PropWhenRepr.never✝ } } }
                              1 0,
                            ConstantInfo.ctorInfo
                              { name := Name.anonymous.str "List.cons", levelParams := [Name.anonymous.str "u"],
                                type :=
                                  (Expr.sort (Level.param (Name.anonymous.str "u")).succ).forallE
                                    ((Expr.bvar 0).forallE
                                      (((Expr.const (Name.anonymous.str "List")
                                                [Level.param (Name.anonymous.str "u")]).app
                                            (Expr.bvar 1)).forallE
                                        ((Expr.const (Name.anonymous.str "List")
                                              [Level.param (Name.anonymous.str "u")]).app
                                          (Expr.bvar 2))
                                        { pw := { repr := ConLeche.PropWhenRepr.never✝ } })
                                      { pw := { repr := ConLeche.PropWhenRepr.never✝ } })
                                    { pw := { repr := ConLeche.PropWhenRepr.never✝ } } }
                              1 2,
                            ConstantInfo.indInfo
                              { name := Name.anonymous.str "Tree2", levelParams := [],
                                type :=
                                  (Expr.sort Level.zero.succ).forallE (Expr.sort Level.zero.succ)
                                    { pw := { repr := ConLeche.PropWhenRepr.never✝ } } }
                              { sortZ := { repr := ConLeche.PropWhenRepr.always✝ }, all := [Name.anonymous.str "Tree2"],
                                nparams := 1,
                                ctors := [Name.anonymous.str "Tree2.leaf", Name.anonymous.str "Tree2.node"] }] }.find?,
                  ctorsOf := fun n => if (n == Ln) = true then listCs else [], lvls := [],
                  ps := [Expr.fvar 0 (Expr.sort Level.zero.succ)],
                  auxName := fun i => if (i == 1) = true then rn else cn }
                (List.map Official.AuxType.name st.types.toList)
                ((Expr.const (Name.anonymous.str "List") [Level.zero]).app
                  ((Expr.const (Name.anonymous.str "List") [Level.zero]).app
                    ((Expr.const (Name.anonymous.str "Tree2") []).app (Expr.fvar 0 (Expr.sort Level.zero.succ))))))
        match __do_lift with
          | none => pure none
          | some (I, us, np, args) =>
            have key := (Expr.const I us).mkAppN (List.take np args);
            have mk := fun a =>
              ((Expr.const a
                        {
                            find? :=
                              {
                                  consts :=
                                    [ConstantInfo.indInfo
                                        { name := Name.anonymous.str "List", levelParams := [Name.anonymous.str "u"],
                                          type :=
                                            (Expr.sort (Level.param (Name.anonymous.str "u")).succ).forallE
                                              (Expr.sort (Level.param (Name.anonymous.str "u")).succ)
                                              { pw := { repr := ConLeche.PropWhenRepr.never✝ } } }
                                        { sortZ := { repr := ConLeche.PropWhenRepr.always✝ },
                                          all := [Name.anonymous.str "List"], nparams := 1,
                                          ctors := [Name.anonymous.str "List.nil", Name.anonymous.str "List.cons"] },
                                      ConstantInfo.ctorInfo
                                        { name := Name.anonymous.str "List.nil",
                                          levelParams := [Name.anonymous.str "u"],
                                          type :=
                                            (Expr.sort (Level.param (Name.anonymous.str "u")).succ).forallE
                                              ((Expr.const (Name.anonymous.str "List")
                                                    [Level.param (Name.anonymous.str "u")]).app
                                                (Expr.bvar 0))
                                              { pw := { repr := ConLeche.PropWhenRepr.never✝ } } }
                                        1 0,
                                      ConstantInfo.ctorInfo
                                        { name := Name.anonymous.str "List.cons",
                                          levelParams := [Name.anonymous.str "u"],
                                          type :=
                                            (Expr.sort (Level.param (Name.anonymous.str "u")).succ).forallE
                                              ((Expr.bvar 0).forallE
                                                (((Expr.const (Name.anonymous.str "List")
                                                          [Level.param (Name.anonymous.str "u")]).app
                                                      (Expr.bvar 1)).forallE
                                                  ((Expr.const (Name.anonymous.str "List")
                                                        [Level.param (Name.anonymous.str "u")]).app
                                                    (Expr.bvar 2))
                                                  { pw := { repr := ConLeche.PropWhenRepr.never✝ } })
                                                { pw := { repr := ConLeche.PropWhenRepr.never✝ } })
                                              { pw := { repr := ConLeche.PropWhenRepr.never✝ } } }
                                        1 2,
                                      ConstantInfo.indInfo
                                        { name := Name.anonymous.str "Tree2", levelParams := [],
                                          type :=
                                            (Expr.sort Level.zero.succ).forallE (Expr.sort Level.zero.succ)
                                              { pw := { repr := ConLeche.PropWhenRepr.never✝ } } }
                                        { sortZ := { repr := ConLeche.PropWhenRepr.always✝ },
                                          all := [Name.anonymous.str "Tree2"], nparams := 1,
                                          ctors :=
                                            [Name.anonymous.str "Tree2.leaf",
                                              Name.anonymous.str "Tree2.node"] }] }.find?,
                            ctorsOf := fun n => if (n == Ln) = true then listCs else [], lvls := [],
                            ps := [Expr.fvar 0 (Expr.sort Level.zero.succ)],
                            auxName := fun i => if (i == 1) = true then rn else cn }.lvls).mkAppN
                    {
                        find? :=
                          {
                              consts :=
                                [ConstantInfo.indInfo
                                    { name := Name.anonymous.str "List", levelParams := [Name.anonymous.str "u"],
                                      type :=
                                        (Expr.sort (Level.param (Name.anonymous.str "u")).succ).forallE
                                          (Expr.sort (Level.param (Name.anonymous.str "u")).succ)
                                          { pw := { repr := ConLeche.PropWhenRepr.never✝ } } }
                                    { sortZ := { repr := ConLeche.PropWhenRepr.always✝ },
                                      all := [Name.anonymous.str "List"], nparams := 1,
                                      ctors := [Name.anonymous.str "List.nil", Name.anonymous.str "List.cons"] },
                                  ConstantInfo.ctorInfo
                                    { name := Name.anonymous.str "List.nil", levelParams := [Name.anonymous.str "u"],
                                      type :=
                                        (Expr.sort (Level.param (Name.anonymous.str "u")).succ).forallE
                                          ((Expr.const (Name.anonymous.str "List")
                                                [Level.param (Name.anonymous.str "u")]).app
                                            (Expr.bvar 0))
                                          { pw := { repr := ConLeche.PropWhenRepr.never✝ } } }
                                    1 0,
                                  ConstantInfo.ctorInfo
                                    { name := Name.anonymous.str "List.cons", levelParams := [Name.anonymous.str "u"],
                                      type :=
                                        (Expr.sort (Level.param (Name.anonymous.str "u")).succ).forallE
                                          ((Expr.bvar 0).forallE
                                            (((Expr.const (Name.anonymous.str "List")
                                                      [Level.param (Name.anonymous.str "u")]).app
                                                  (Expr.bvar 1)).forallE
                                              ((Expr.const (Name.anonymous.str "List")
                                                    [Level.param (Name.anonymous.str "u")]).app
                                                (Expr.bvar 2))
                                              { pw := { repr := ConLeche.PropWhenRepr.never✝ } })
                                            { pw := { repr := ConLeche.PropWhenRepr.never✝ } })
                                          { pw := { repr := ConLeche.PropWhenRepr.never✝ } } }
                                    1 2,
                                  ConstantInfo.indInfo
                                    { name := Name.anonymous.str "Tree2", levelParams := [],
                                      type :=
                                        (Expr.sort Level.zero.succ).forallE (Expr.sort Level.zero.succ)
                                          { pw := { repr := ConLeche.PropWhenRepr.never✝ } } }
                                    { sortZ := { repr := ConLeche.PropWhenRepr.always✝ },
                                      all := [Name.anonymous.str "Tree2"], nparams := 1,
                                      ctors :=
                                        [Name.anonymous.str "Tree2.leaf", Name.anonymous.str "Tree2.node"] }] }.find?,
                        ctorsOf := fun n => if (n == Ln) = true then listCs else [], lvls := [],
                        ps := [Expr.fvar 0 (Expr.sort Level.zero.succ)],
                        auxName := fun i => if (i == 1) = true then rn else cn }.ps).mkAppN
                (List.drop np args);
            match List.lookup key st.aux with
            | some a => pure (some (mk a))
            | none => do
              Official.copyBlock
                  {
                    find? :=
                      {
                          consts :=
                            [ConstantInfo.indInfo
                                { name := Name.anonymous.str "List", levelParams := [Name.anonymous.str "u"],
                                  type :=
                                    (Expr.sort (Level.param (Name.anonymous.str "u")).succ).forallE
                                      (Expr.sort (Level.param (Name.anonymous.str "u")).succ)
                                      { pw := { repr := ConLeche.PropWhenRepr.never✝ } } }
                                { sortZ := { repr := ConLeche.PropWhenRepr.always✝ },
                                  all := [Name.anonymous.str "List"], nparams := 1,
                                  ctors := [Name.anonymous.str "List.nil", Name.anonymous.str "List.cons"] },
                              ConstantInfo.ctorInfo
                                { name := Name.anonymous.str "List.nil", levelParams := [Name.anonymous.str "u"],
                                  type :=
                                    (Expr.sort (Level.param (Name.anonymous.str "u")).succ).forallE
                                      ((Expr.const (Name.anonymous.str "List")
                                            [Level.param (Name.anonymous.str "u")]).app
                                        (Expr.bvar 0))
                                      { pw := { repr := ConLeche.PropWhenRepr.never✝ } } }
                                1 0,
                              ConstantInfo.ctorInfo
                                { name := Name.anonymous.str "List.cons", levelParams := [Name.anonymous.str "u"],
                                  type :=
                                    (Expr.sort (Level.param (Name.anonymous.str "u")).succ).forallE
                                      ((Expr.bvar 0).forallE
                                        (((Expr.const (Name.anonymous.str "List")
                                                  [Level.param (Name.anonymous.str "u")]).app
                                              (Expr.bvar 1)).forallE
                                          ((Expr.const (Name.anonymous.str "List")
                                                [Level.param (Name.anonymous.str "u")]).app
                                            (Expr.bvar 2))
                                          { pw := { repr := ConLeche.PropWhenRepr.never✝ } })
                                        { pw := { repr := ConLeche.PropWhenRepr.never✝ } })
                                      { pw := { repr := ConLeche.PropWhenRepr.never✝ } } }
                                1 2,
                              ConstantInfo.indInfo
                                { name := Name.anonymous.str "Tree2", levelParams := [],
                                  type :=
                                    (Expr.sort Level.zero.succ).forallE (Expr.sort Level.zero.succ)
                                      { pw := { repr := ConLeche.PropWhenRepr.never✝ } } }
                                { sortZ := { repr := ConLeche.PropWhenRepr.always✝ },
                                  all := [Name.anonymous.str "Tree2"], nparams := 1,
                                  ctors :=
                                    [Name.anonymous.str "Tree2.leaf", Name.anonymous.str "Tree2.node"] }] }.find?,
                    ctorsOf := fun n => if (n == Ln) = true then listCs else [], lvls := [],
                    ps := [Expr.fvar 0 (Expr.sort Level.zero.succ)],
                    auxName := fun i => if (i == 1) = true then rn else cn }
                  us (List.take np args)
                  (Official.blockOf
                    {
                      find? :=
                        {
                            consts :=
                              [ConstantInfo.indInfo
                                  { name := Name.anonymous.str "List", levelParams := [Name.anonymous.str "u"],
                                    type :=
                                      (Expr.sort (Level.param (Name.anonymous.str "u")).succ).forallE
                                        (Expr.sort (Level.param (Name.anonymous.str "u")).succ)
                                        { pw := { repr := ConLeche.PropWhenRepr.never✝ } } }
                                  { sortZ := { repr := ConLeche.PropWhenRepr.always✝ },
                                    all := [Name.anonymous.str "List"], nparams := 1,
                                    ctors := [Name.anonymous.str "List.nil", Name.anonymous.str "List.cons"] },
                                ConstantInfo.ctorInfo
                                  { name := Name.anonymous.str "List.nil", levelParams := [Name.anonymous.str "u"],
                                    type :=
                                      (Expr.sort (Level.param (Name.anonymous.str "u")).succ).forallE
                                        ((Expr.const (Name.anonymous.str "List")
                                              [Level.param (Name.anonymous.str "u")]).app
                                          (Expr.bvar 0))
                                        { pw := { repr := ConLeche.PropWhenRepr.never✝ } } }
                                  1 0,
                                ConstantInfo.ctorInfo
                                  { name := Name.anonymous.str "List.cons", levelParams := [Name.anonymous.str "u"],
                                    type :=
                                      (Expr.sort (Level.param (Name.anonymous.str "u")).succ).forallE
                                        ((Expr.bvar 0).forallE
                                          (((Expr.const (Name.anonymous.str "List")
                                                    [Level.param (Name.anonymous.str "u")]).app
                                                (Expr.bvar 1)).forallE
                                            ((Expr.const (Name.anonymous.str "List")
                                                  [Level.param (Name.anonymous.str "u")]).app
                                              (Expr.bvar 2))
                                            { pw := { repr := ConLeche.PropWhenRepr.never✝ } })
                                          { pw := { repr := ConLeche.PropWhenRepr.never✝ } })
                                        { pw := { repr := ConLeche.PropWhenRepr.never✝ } } }
                                  1 2,
                                ConstantInfo.indInfo
                                  { name := Name.anonymous.str "Tree2", levelParams := [],
                                    type :=
                                      (Expr.sort Level.zero.succ).forallE (Expr.sort Level.zero.succ)
                                        { pw := { repr := ConLeche.PropWhenRepr.never✝ } } }
                                  { sortZ := { repr := ConLeche.PropWhenRepr.always✝ },
                                    all := [Name.anonymous.str "Tree2"], nparams := 1,
                                    ctors :=
                                      [Name.anonymous.str "Tree2.leaf", Name.anonymous.str "Tree2.node"] }] }.find?,
                      ctorsOf := fun n => if (n == Ln) = true then listCs else [], lvls := [],
                      ps := [Expr.fvar 0 (Expr.sort Level.zero.succ)],
                      auxName := fun i => if (i == 1) = true then rn else cn }
                    I)
              let __do_lift ← get
              match List.lookup key __do_lift.aux with
                | some a => pure (some (mk a))
                | none => throw Official.illFormed
    ==>
      StateT.get.bind fun st => do
        let __do_lift ←
          monadLift
              (Official.isNestedApp
                {
                  find? :=
                    {
                        consts :=
                          [ConstantInfo.indInfo
                              { name := Name.anonymous.str "List", levelParams := [Name.anonymous.str "u"],
                                type :=
                                  (Expr.sort (Level.param (Name.anonymous.str "u")).succ).forallE
                                    (Expr.sort (Level.param (Name.anonymous.str "u")).succ)
                                    { pw := { repr := ConLeche.PropWhenRepr.never✝ } } }
                              { sortZ := { repr := ConLeche.PropWhenRepr.always✝ }, all := [Name.anonymous.str "List"],
                                nparams := 1,
                                ctors := [Name.anonymous.str "List.nil", Name.anonymous.str "List.cons"] },
                            ConstantInfo.ctorInfo
                              { name := Name.anonymous.str "List.nil", levelParams := [Name.anonymous.str "u"],
                                type :=
                                  (Expr.sort (Level.param (Name.anonymous.str "u")).succ).forallE
                                    ((Expr.const (Name.anonymous.str "List") [Level.param (Name.anonymous.str "u")]).app
                                      (Expr.bvar 0))
                                    { pw := { repr := ConLeche.PropWhenRepr.never✝ } } }
                              1 0,
                            ConstantInfo.ctorInfo
                              { name := Name.anonymous.str "List.cons", levelParams := [Name.anonymous.str "u"],
                                type :=
                                  (Expr.sort (Level.param (Name.anonymous.str "u")).succ).forallE
                                    ((Expr.bvar 0).forallE
                                      (((Expr.const (Name.anonymous.str "List")
                                                [Level.param (Name.anonymous.str "u")]).app
                                            (Expr.bvar 1)).forallE
                                        ((Expr.const (Name.anonymous.str "List")
                                              [Level.param (Name.anonymous.str "u")]).app
                                          (Expr.bvar 2))
                                        { pw := { repr := ConLeche.PropWhenRepr.never✝ } })
                                      { pw := { repr := ConLeche.PropWhenRepr.never✝ } })
                                    { pw := { repr := ConLeche.PropWhenRepr.never✝ } } }
                              1 2,
                            ConstantInfo.indInfo
                              { name := Name.anonymous.str "Tree2", levelParams := [],
                                type :=
                                  (Expr.sort Level.zero.succ).forallE (Expr.sort Level.zero.succ)
                                    { pw := { repr := ConLeche.PropWhenRepr.never✝ } } }
                              { sortZ := { repr := ConLeche.PropWhenRepr.always✝ }, all := [Name.anonymous.str "Tree2"],
                                nparams := 1,
                                ctors := [Name.anonymous.str "Tree2.leaf", Name.anonymous.str "Tree2.node"] }] }.find?,
                  ctorsOf := fun n => if (n == Ln) = true then listCs else [], lvls := [],
                  ps := [Expr.fvar 0 (Expr.sort Level.zero.succ)],
                  auxName := fun i => if (i == 1) = true then rn else cn }
                (List.map Official.AuxType.name st.types.toList)
                ((Expr.const (Name.anonymous.str "List") [Level.zero]).app
                  ((Expr.const (Name.anonymous.str "List") [Level.zero]).app
                    ((Expr.const (Name.anonymous.str "Tree2") []).app (Expr.fvar 0 (Expr.sort Level.zero.succ))))))
        match __do_lift with
          | none => pure none
          | some (I, us, np, args) =>
            have key := (Expr.const I us).mkAppN (List.take np args);
            have mk := fun a =>
              ((Expr.const a
                        {
                            find? :=
                              {
                                  consts :=
                                    [ConstantInfo.indInfo
                                        { name := Name.anonymous.str "List", levelParams := [Name.anonymous.str "u"],
                                          type :=
                                            (Expr.sort (Level.param (Name.anonymous.str "u")).succ).forallE
                                              (Expr.sort (Level.param (Name.anonymous.str "u")).succ)
                                              { pw := { repr := ConLeche.PropWhenRepr.never✝ } } }
                                        { sortZ := { repr := ConLeche.PropWhenRepr.always✝ },
                                          all := [Name.anonymous.str "List"], nparams := 1,
                                          ctors := [Name.anonymous.str "List.nil", Name.anonymous.str "List.cons"] },
                                      ConstantInfo.ctorInfo
                                        { name := Name.anonymous.str "List.nil",
                                          levelParams := [Name.anonymous.str "u"],
                                          type :=
                                            (Expr.sort (Level.param (Name.anonymous.str "u")).succ).forallE
                                              ((Expr.const (Name.anonymous.str "List")
                                                    [Level.param (Name.anonymous.str "u")]).app
                                                (Expr.bvar 0))
                                              { pw := { repr := ConLeche.PropWhenRepr.never✝ } } }
                                        1 0,
                                      ConstantInfo.ctorInfo
                                        { name := Name.anonymous.str "List.cons",
                                          levelParams := [Name.anonymous.str "u"],
                                          type :=
                                            (Expr.sort (Level.param (Name.anonymous.str "u")).succ).forallE
                                              ((Expr.bvar 0).forallE
                                                (((Expr.const (Name.anonymous.str "List")
                                                          [Level.param (Name.anonymous.str "u")]).app
                                                      (Expr.bvar 1)).forallE
                                                  ((Expr.const (Name.anonymous.str "List")
                                                        [Level.param (Name.anonymous.str "u")]).app
                                                    (Expr.bvar 2))
                                                  { pw := { repr := ConLeche.PropWhenRepr.never✝ } })
                                                { pw := { repr := ConLeche.PropWhenRepr.never✝ } })
                                              { pw := { repr := ConLeche.PropWhenRepr.never✝ } } }
                                        1 2,
                                      ConstantInfo.indInfo
                                        { name := Name.anonymous.str "Tree2", levelParams := [],
                                          type :=
                                            (Expr.sort Level.zero.succ).forallE (Expr.sort Level.zero.succ)
                                              { pw := { repr := ConLeche.PropWhenRepr.never✝ } } }
                                        { sortZ := { repr := ConLeche.PropWhenRepr.always✝ },
                                          all := [Name.anonymous.str "Tree2"], nparams := 1,
                                          ctors :=
                                            [Name.anonymous.str "Tree2.leaf",
                                              Name.anonymous.str "Tree2.node"] }] }.find?,
                            ctorsOf := fun n => if (n == Ln) = true then listCs else [], lvls := [],
                            ps := [Expr.fvar 0 (Expr.sort Level.zero.succ)],
                            auxName := fun i => if (i == 1) = true then rn else cn }.lvls).mkAppN
                    {
                        find? :=
                          {
                              consts :=
                                [ConstantInfo.indInfo
                                    { name := Name.anonymous.str "List", levelParams := [Name.anonymous.str "u"],
                                      type :=
                                        (Expr.sort (Level.param (Name.anonymous.str "u")).succ).forallE
                                          (Expr.sort (Level.param (Name.anonymous.str "u")).succ)
                                          { pw := { repr := ConLeche.PropWhenRepr.never✝ } } }
                                    { sortZ := { repr := ConLeche.PropWhenRepr.always✝ },
                                      all := [Name.anonymous.str "List"], nparams := 1,
                                      ctors := [Name.anonymous.str "List.nil", Name.anonymous.str "List.cons"] },
                                  ConstantInfo.ctorInfo
                                    { name := Name.anonymous.str "List.nil", levelParams := [Name.anonymous.str "u"],
                                      type :=
                                        (Expr.sort (Level.param (Name.anonymous.str "u")).succ).forallE
                                          ((Expr.const (Name.anonymous.str "List")
                                                [Level.param (Name.anonymous.str "u")]).app
                                            (Expr.bvar 0))
                                          { pw := { repr := ConLeche.PropWhenRepr.never✝ } } }
                                    1 0,
                                  ConstantInfo.ctorInfo
                                    { name := Name.anonymous.str "List.cons", levelParams := [Name.anonymous.str "u"],
                                      type :=
                                        (Expr.sort (Level.param (Name.anonymous.str "u")).succ).forallE
                                          ((Expr.bvar 0).forallE
                                            (((Expr.const (Name.anonymous.str "List")
                                                      [Level.param (Name.anonymous.str "u")]).app
                                                  (Expr.bvar 1)).forallE
                                              ((Expr.const (Name.anonymous.str "List")
                                                    [Level.param (Name.anonymous.str "u")]).app
                                                (Expr.bvar 2))
                                              { pw := { repr := ConLeche.PropWhenRepr.never✝ } })
                                            { pw := { repr := ConLeche.PropWhenRepr.never✝ } })
                                          { pw := { repr := ConLeche.PropWhenRepr.never✝ } } }
                                    1 2,
                                  ConstantInfo.indInfo
                                    { name := Name.anonymous.str "Tree2", levelParams := [],
                                      type :=
                                        (Expr.sort Level.zero.succ).forallE (Expr.sort Level.zero.succ)
                                          { pw := { repr := ConLeche.PropWhenRepr.never✝ } } }
                                    { sortZ := { repr := ConLeche.PropWhenRepr.always✝ },
                                      all := [Name.anonymous.str "Tree2"], nparams := 1,
                                      ctors :=
                                        [Name.anonymous.str "Tree2.leaf", Name.anonymous.str "Tree2.node"] }] }.find?,
                        ctorsOf := fun n => if (n == Ln) = true then listCs else [], lvls := [],
                        ps := [Expr.fvar 0 (Expr.sort Level.zero.succ)],
                        auxName := fun i => if (i == 1) = true then rn else cn }.ps).mkAppN
                (List.drop np args);
            match List.lookup key st.aux with
            | some a => pure (some (mk a))
            | none => do
              Official.copyBlock
                  {
                    find? :=
                      {
                          consts :=
                            [ConstantInfo.indInfo
                                { name := Name.anonymous.str "List", levelParams := [Name.anonymous.str "u"],
                                  type :=
                                    (Expr.sort (Level.param (Name.anonymous.str "u")).succ).forallE
                                      (Expr.sort (Level.param (Name.anonymous.str "u")).succ)
                                      { pw := { repr := ConLeche.PropWhenRepr.never✝ } } }
                                { sortZ := { repr := ConLeche.PropWhenRepr.always✝ },
                                  all := [Name.anonymous.str "List"], nparams := 1,
                                  ctors := [Name.anonymous.str "List.nil", Name.anonymous.str "List.cons"] },
                              ConstantInfo.ctorInfo
                                { name := Name.anonymous.str "List.nil", levelParams := [Name.anonymous.str "u"],
                                  type :=
                                    (Expr.sort (Level.param (Name.anonymous.str "u")).succ).forallE
                                      ((Expr.const (Name.anonymous.str "List")
                                            [Level.param (Name.anonymous.str "u")]).app
                                        (Expr.bvar 0))
                                      { pw := { repr := ConLeche.PropWhenRepr.never✝ } } }
                                1 0,
                              ConstantInfo.ctorInfo
                                { name := Name.anonymous.str "List.cons", levelParams := [Name.anonymous.str "u"],
                                  type :=
                                    (Expr.sort (Level.param (Name.anonymous.str "u")).succ).forallE
                                      ((Expr.bvar 0).forallE
                                        (((Expr.const (Name.anonymous.str "List")
                                                  [Level.param (Name.anonymous.str "u")]).app
                                              (Expr.bvar 1)).forallE
                                          ((Expr.const (Name.anonymous.str "List")
                                                [Level.param (Name.anonymous.str "u")]).app
                                            (Expr.bvar 2))
                                          { pw := { repr := ConLeche.PropWhenRepr.never✝ } })
                                        { pw := { repr := ConLeche.PropWhenRepr.never✝ } })
                                      { pw := { repr := ConLeche.PropWhenRepr.never✝ } } }
                                1 2,
                              ConstantInfo.indInfo
                                { name := Name.anonymous.str "Tree2", levelParams := [],
                                  type :=
                                    (Expr.sort Level.zero.succ).forallE (Expr.sort Level.zero.succ)
                                      { pw := { repr := ConLeche.PropWhenRepr.never✝ } } }
                                { sortZ := { repr := ConLeche.PropWhenRepr.always✝ },
                                  all := [Name.anonymous.str "Tree2"], nparams := 1,
                                  ctors :=
                                    [Name.anonymous.str "Tree2.leaf", Name.anonymous.str "Tree2.node"] }] }.find?,
                    ctorsOf := fun n => if (n == Ln) = true then listCs else [], lvls := [],
                    ps := [Expr.fvar 0 (Expr.sort Level.zero.succ)],
                    auxName := fun i => if (i == 1) = true then rn else cn }
                  us (List.take np args)
                  (Official.blockOf
                    {
                      find? :=
                        {
                            consts :=
                              [ConstantInfo.indInfo
                                  { name := Name.anonymous.str "List", levelParams := [Name.anonymous.str "u"],
                                    type :=
                                      (Expr.sort (Level.param (Name.anonymous.str "u")).succ).forallE
                                        (Expr.sort (Level.param (Name.anonymous.str "u")).succ)
                                        { pw := { repr := ConLeche.PropWhenRepr.never✝ } } }
                                  { sortZ := { repr := ConLeche.PropWhenRepr.always✝ },
                                    all := [Name.anonymous.str "List"], nparams := 1,
                                    ctors := [Name.anonymous.str "List.nil", Name.anonymous.str "List.cons"] },
                                ConstantInfo.ctorInfo
                                  { name := Name.anonymous.str "List.nil", levelParams := [Name.anonymous.str "u"],
                                    type :=
                                      (Expr.sort (Level.param (Name.anonymous.str "u")).succ).forallE
                                        ((Expr.const (Name.anonymous.str "List")
                                              [Level.param (Name.anonymous.str "u")]).app
                                          (Expr.bvar 0))
                                        { pw := { repr := ConLeche.PropWhenRepr.never✝ } } }
                                  1 0,
                                ConstantInfo.ctorInfo
                                  { name := Name.anonymous.str "List.cons", levelParams := [Name.anonymous.str "u"],
                                    type :=
                                      (Expr.sort (Level.param (Name.anonymous.str "u")).succ).forallE
                                        ((Expr.bvar 0).forallE
                                          (((Expr.const (Name.anonymous.str "List")
                                                    [Level.param (Name.anonymous.str "u")]).app
                                                (Expr.bvar 1)).forallE
                                            ((Expr.const (Name.anonymous.str "List")
                                                  [Level.param (Name.anonymous.str "u")]).app
                                              (Expr.bvar 2))
                                            { pw := { repr := ConLeche.PropWhenRepr.never✝ } })
                                          { pw := { repr := ConLeche.PropWhenRepr.never✝ } })
                                        { pw := { repr := ConLeche.PropWhenRepr.never✝ } } }
                                  1 2,
                                ConstantInfo.indInfo
                                  { name := Name.anonymous.str "Tree2", levelParams := [],
                                    type :=
                                      (Expr.sort Level.zero.succ).forallE (Expr.sort Level.zero.succ)
                                        { pw := { repr := ConLeche.PropWhenRepr.never✝ } } }
                                  { sortZ := { repr := ConLeche.PropWhenRepr.always✝ },
                                    all := [Name.anonymous.str "Tree2"], nparams := 1,
                                    ctors :=
                                      [Name.anonymous.str "Tree2.leaf", Name.anonymous.str "Tree2.node"] }] }.find?,
                      ctorsOf := fun n => if (n == Ln) = true then listCs else [], lvls := [],
                      ps := [Expr.fvar 0 (Expr.sort Level.zero.succ)],
                      auxName := fun i => if (i == 1) = true then rn else cn }
                    I)
              let __do_lift ← get
              match List.lookup key __do_lift.aux with
                | some a => pure (some (mk a))
                | none => throw Official.illFormed
[Debug.Meta.Tactic.cbv.reduce] simplifyAppFn:
      StateT.instMonad.toBind.1
        (StateT.get.bind fun st => do
          let __do_lift ←
            monadLift
                (Official.isNestedApp
                  {
                    find? :=
                      {
                          consts :=
                            [ConstantInfo.indInfo
                                { name := Name.anonymous.str "List", levelParams := [Name.anonymous.str "u"],
                                  type :=
                                    (Expr.sort (Level.param (Name.anonymous.str "u")).succ).forallE
                                      (Expr.sort (Level.param (Name.anonymous.str "u")).succ)
                                      { pw := { repr := ConLeche.PropWhenRepr.never✝ } } }
                                { sortZ := { repr := ConLeche.PropWhenRepr.always✝ },
                                  all := [Name.anonymous.str "List"], nparams := 1,
                                  ctors := [Name.anonymous.str "List.nil", Name.anonymous.str "List.cons"] },
                              ConstantInfo.ctorInfo
                                { name := Name.anonymous.str "List.nil", levelParams := [Name.anonymous.str "u"],
                                  type :=
                                    (Expr.sort (Level.param (Name.anonymous.str "u")).succ).forallE
                                      ((Expr.const (Name.anonymous.str "List")
                                            [Level.param (Name.anonymous.str "u")]).app
                                        (Expr.bvar 0))
                                      { pw := { repr := ConLeche.PropWhenRepr.never✝ } } }
                                1 0,
                              ConstantInfo.ctorInfo
                                { name := Name.anonymous.str "List.cons", levelParams := [Name.anonymous.str "u"],
                                  type :=
                                    (Expr.sort (Level.param (Name.anonymous.str "u")).succ).forallE
                                      ((Expr.bvar 0).forallE
                                        (((Expr.const (Name.anonymous.str "List")
                                                  [Level.param (Name.anonymous.str "u")]).app
                                              (Expr.bvar 1)).forallE
                                          ((Expr.const (Name.anonymous.str "List")
                                                [Level.param (Name.anonymous.str "u")]).app
                                            (Expr.bvar 2))
                                          { pw := { repr := ConLeche.PropWhenRepr.never✝ } })
                                        { pw := { repr := ConLeche.PropWhenRepr.never✝ } })
                                      { pw := { repr := ConLeche.PropWhenRepr.never✝ } } }
                                1 2,
                              ConstantInfo.indInfo
                                { name := Name.anonymous.str "Tree2", levelParams := [],
                                  type :=
                                    (Expr.sort Level.zero.succ).forallE (Expr.sort Level.zero.succ)
                                      { pw := { repr := ConLeche.PropWhenRepr.never✝ } } }
                                { sortZ := { repr := ConLeche.PropWhenRepr.always✝ },
                                  all := [Name.anonymous.str "Tree2"], nparams := 1,
                                  ctors :=
                                    [Name.anonymous.str "Tree2.leaf", Name.anonymous.str "Tree2.node"] }] }.find?,
                    ctorsOf := fun n => if (n == Ln) = true then listCs else [], lvls := [],
                    ps := [Expr.fvar 0 (Expr.sort Level.zero.succ)],
                    auxName := fun i => if (i == 1) = true then rn else cn }
                  (List.map Official.AuxType.name st.types.toList)
                  ((Expr.const (Name.anonymous.str "List") [Level.zero]).app
                    ((Expr.const (Name.anonymous.str "List") [Level.zero]).app
                      ((Expr.const (Name.anonymous.str "Tree2") []).app (Expr.fvar 0 (Expr.sort Level.zero.succ))))))
          match __do_lift with
            | none => pure none
            | some (I, us, np, args) =>
              have key := (Expr.const I us).mkAppN (List.take np args);
              have mk := fun a =>
                ((Expr.const a
                          {
                              find? :=
                                {
                                    consts :=
                                      [ConstantInfo.indInfo
                                          { name := Name.anonymous.str "List", levelParams := [Name.anonymous.str "u"],
                                            type :=
                                              (Expr.sort (Level.param (Name.anonymous.str "u")).succ).forallE
                                                (Expr.sort (Level.param (Name.anonymous.str "u")).succ)
                                                { pw := { repr := ConLeche.PropWhenRepr.never✝ } } }
                                          { sortZ := { repr := ConLeche.PropWhenRepr.always✝ },
                                            all := [Name.anonymous.str "List"], nparams := 1,
                                            ctors := [Name.anonymous.str "List.nil", Name.anonymous.str "List.cons"] },
                                        ConstantInfo.ctorInfo
                                          { name := Name.anonymous.str "List.nil",
                                            levelParams := [Name.anonymous.str "u"],
                                            type :=
                                              (Expr.sort (Level.param (Name.anonymous.str "u")).succ).forallE
                                                ((Expr.const (Name.anonymous.str "List")
                                                      [Level.param (Name.anonymous.str "u")]).app
                                                  (Expr.bvar 0))
                                                { pw := { repr := ConLeche.PropWhenRepr.never✝ } } }
                                          1 0,
                                        ConstantInfo.ctorInfo
                                          { name := Name.anonymous.str "List.cons",
                                            levelParams := [Name.anonymous.str "u"],
                                            type :=
                                              (Expr.sort (Level.param (Name.anonymous.str "u")).succ).forallE
                                                ((Expr.bvar 0).forallE
                                                  (((Expr.const (Name.anonymous.str "List")
                                                            [Level.param (Name.anonymous.str "u")]).app
                                                        (Expr.bvar 1)).forallE
                                                    ((Expr.const (Name.anonymous.str "List")
                                                          [Level.param (Name.anonymous.str "u")]).app
                                                      (Expr.bvar 2))
                                                    { pw := { repr := ConLeche.PropWhenRepr.never✝ } })
                                                  { pw := { repr := ConLeche.PropWhenRepr.never✝ } })
                                                { pw := { repr := ConLeche.PropWhenRepr.never✝ } } }
                                          1 2,
                                        ConstantInfo.indInfo
                                          { name := Name.anonymous.str "Tree2", levelParams := [],
                                            type :=
                                              (Expr.sort Level.zero.succ).forallE (Expr.sort Level.zero.succ)
                                                { pw := { repr := ConLeche.PropWhenRepr.never✝ } } }
                                          { sortZ := { repr := ConLeche.PropWhenRepr.always✝ },
                                            all := [Name.anonymous.str "Tree2"], nparams := 1,
                                            ctors :=
                                              [Name.anonymous.str "Tree2.leaf",
                                                Name.anonymous.str "Tree2.node"] }] }.find?,
                              ctorsOf := fun n => if (n == Ln) = true then listCs else [], lvls := [],
                              ps := [Expr.fvar 0 (Expr.sort Level.zero.succ)],
                              auxName := fun i => if (i == 1) = true then rn else cn }.lvls).mkAppN
                      {
                          find? :=
                            {
                                consts :=
                                  [ConstantInfo.indInfo
                                      { name := Name.anonymous.str "List", levelParams := [Name.anonymous.str "u"],
                                        type :=
                                          (Expr.sort (Level.param (Name.anonymous.str "u")).succ).forallE
                                            (Expr.sort (Level.param (Name.anonymous.str "u")).succ)
                                            { pw := { repr := ConLeche.PropWhenRepr.never✝ } } }
                                      { sortZ := { repr := ConLeche.PropWhenRepr.always✝ },
                                        all := [Name.anonymous.str "List"], nparams := 1,
                                        ctors := [Name.anonymous.str "List.nil", Name.anonymous.str "List.cons"] },
                                    ConstantInfo.ctorInfo
                                      { name := Name.anonymous.str "List.nil", levelParams := [Name.anonymous.str "u"],
                                        type :=
                                          (Expr.sort (Level.param (Name.anonymous.str "u")).succ).forallE
                                            ((Expr.const (Name.anonymous.str "List")
                                                  [Level.param (Name.anonymous.str "u")]).app
                                              (Expr.bvar 0))
                                            { pw := { repr := ConLeche.PropWhenRepr.never✝ } } }
                                      1 0,
                                    ConstantInfo.ctorInfo
                                      { name := Name.anonymous.str "List.cons", levelParams := [Name.anonymous.str "u"],
                                        type :=
                                          (Expr.sort (Level.param (Name.anonymous.str "u")).succ).forallE
                                            ((Expr.bvar 0).forallE
                                              (((Expr.const (Name.anonymous.str "List")
                                                        [Level.param (Name.anonymous.str "u")]).app
                                                    (Expr.bvar 1)).forallE
                                                ((Expr.const (Name.anonymous.str "List")
                                                      [Level.param (Name.anonymous.str "u")]).app
                                                  (Expr.bvar 2))
                                                { pw := { repr := ConLeche.PropWhenRepr.never✝ } })
                                              { pw := { repr := ConLeche.PropWhenRepr.never✝ } })
                                            { pw := { repr := ConLeche.PropWhenRepr.never✝ } } }
                                      1 2,
                                    ConstantInfo.indInfo
                                      { name := Name.anonymous.str "Tree2", levelParams := [],
                                        type :=
                                          (Expr.sort Level.zero.succ).forallE (Expr.sort Level.zero.succ)
                                            { pw := { repr := ConLeche.PropWhenRepr.never✝ } } }
                                      { sortZ := { repr := ConLeche.PropWhenRepr.always✝ },
                                        all := [Name.anonymous.str "Tree2"], nparams := 1,
                                        ctors :=
                                          [Name.anonymous.str "Tree2.leaf", Name.anonymous.str "Tree2.node"] }] }.find?,
                          ctorsOf := fun n => if (n == Ln) = true then listCs else [], lvls := [],
                          ps := [Expr.fvar 0 (Expr.sort Level.zero.succ)],
                          auxName := fun i => if (i == 1) = true then rn else cn }.ps).mkAppN
                  (List.drop np args);
              match List.lookup key st.aux with
              | some a => pure (some (mk a))
              | none => do
                Official.copyBlock
                    {
                      find? :=
                        {
                            consts :=
                              [ConstantInfo.indInfo
                                  { name := Name.anonymous.str "List", levelParams := [Name.anonymous.str "u"],
                                    type :=
                                      (Expr.sort (Level.param (Name.anonymous.str "u")).succ).forallE
                                        (Expr.sort (Level.param (Name.anonymous.str "u")).succ)
                                        { pw := { repr := ConLeche.PropWhenRepr.never✝ } } }
                                  { sortZ := { repr := ConLeche.PropWhenRepr.always✝ },
                                    all := [Name.anonymous.str "List"], nparams := 1,
                                    ctors := [Name.anonymous.str "List.nil", Name.anonymous.str "List.cons"] },
                                ConstantInfo.ctorInfo
                                  { name := Name.anonymous.str "List.nil", levelParams := [Name.anonymous.str "u"],
                                    type :=
                                      (Expr.sort (Level.param (Name.anonymous.str "u")).succ).forallE
                                        ((Expr.const (Name.anonymous.str "List")
                                              [Level.param (Name.anonymous.str "u")]).app
                                          (Expr.bvar 0))
                                        { pw := { repr := ConLeche.PropWhenRepr.never✝ } } }
                                  1 0,
                                ConstantInfo.ctorInfo
                                  { name := Name.anonymous.str "List.cons", levelParams := [Name.anonymous.str "u"],
                                    type :=
                                      (Expr.sort (Level.param (Name.anonymous.str "u")).succ).forallE
                                        ((Expr.bvar 0).forallE
                                          (((Expr.const (Name.anonymous.str "List")
                                                    [Level.param (Name.anonymous.str "u")]).app
                                                (Expr.bvar 1)).forallE
                                            ((Expr.const (Name.anonymous.str "List")
                                                  [Level.param (Name.anonymous.str "u")]).app
                                              (Expr.bvar 2))
                                            { pw := { repr := ConLeche.PropWhenRepr.never✝ } })
                                          { pw := { repr := ConLeche.PropWhenRepr.never✝ } })
                                        { pw := { repr := ConLeche.PropWhenRepr.never✝ } } }
                                  1 2,
                                ConstantInfo.indInfo
                                  { name := Name.anonymous.str "Tree2", levelParams := [],
                                    type :=
                                      (Expr.sort Level.zero.succ).forallE (Expr.sort Level.zero.succ)
                                        { pw := { repr := ConLeche.PropWhenRepr.never✝ } } }
                                  { sortZ := { repr := ConLeche.PropWhenRepr.always✝ },
                                    all := [Name.anonymous.str "Tree2"], nparams := 1,
                                    ctors :=
                                      [Name.anonymous.str "Tree2.leaf", Name.anonymous.str "Tree2.node"] }] }.find?,
                      ctorsOf := fun n => if (n == Ln) = true then listCs else [], lvls := [],
                      ps := [Expr.fvar 0 (Expr.sort Level.zero.succ)],
                      auxName := fun i => if (i == 1) = true then rn else cn }
                    us (List.take np args)
                    (Official.blockOf
                      {
                        find? :=
                          {
                              consts :=
                                [ConstantInfo.indInfo
                                    { name := Name.anonymous.str "List", levelParams := [Name.anonymous.str "u"],
                                      type :=
                                        (Expr.sort (Level.param (Name.anonymous.str "u")).succ).forallE
                                          (Expr.sort (Level.param (Name.anonymous.str "u")).succ)
                                          { pw := { repr := ConLeche.PropWhenRepr.never✝ } } }
                                    { sortZ := { repr := ConLeche.PropWhenRepr.always✝ },
                                      all := [Name.anonymous.str "List"], nparams := 1,
                                      ctors := [Name.anonymous.str "List.nil", Name.anonymous.str "List.cons"] },
                                  ConstantInfo.ctorInfo
                                    { name := Name.anonymous.str "List.nil", levelParams := [Name.anonymous.str "u"],
                                      type :=
                                        (Expr.sort (Level.param (Name.anonymous.str "u")).succ).forallE
                                          ((Expr.const (Name.anonymous.str "List")
                                                [Level.param (Name.anonymous.str "u")]).app
                                            (Expr.bvar 0))
                                          { pw := { repr := ConLeche.PropWhenRepr.never✝ } } }
                                    1 0,
                                  ConstantInfo.ctorInfo
                                    { name := Name.anonymous.str "List.cons", levelParams := [Name.anonymous.str "u"],
                                      type :=
                                        (Expr.sort (Level.param (Name.anonymous.str "u")).succ).forallE
                                          ((Expr.bvar 0).forallE
                                            (((Expr.const (Name.anonymous.str "List")
                                                      [Level.param (Name.anonymous.str "u")]).app
                                                  (Expr.bvar 1)).forallE
                                              ((Expr.const (Name.anonymous.str "List")
                                                    [Level.param (Name.anonymous.str "u")]).app
                                                (Expr.bvar 2))
                                              { pw := { repr := ConLeche.PropWhenRepr.never✝ } })
                                            { pw := { repr := ConLeche.PropWhenRepr.never✝ } })
                                          { pw := { repr := ConLeche.PropWhenRepr.never✝ } } }
                                    1 2,
                                  ConstantInfo.indInfo
                                    { name := Name.anonymous.str "Tree2", levelParams := [],
                                      type :=
                                        (Expr.sort Level.zero.succ).forallE (Expr.sort Level.zero.succ)
                                          { pw := { repr := ConLeche.PropWhenRepr.never✝ } } }
                                    { sortZ := { repr := ConLeche.PropWhenRepr.always✝ },
                                      all := [Name.anonymous.str "Tree2"], nparams := 1,
                                      ctors :=
                                        [Name.anonymous.str "Tree2.leaf", Name.anonymous.str "Tree2.node"] }] }.find?,
                        ctorsOf := fun n => if (n == Ln) = true then listCs else [], lvls := [],
                        ps := [Expr.fvar 0 (Expr.sort Level.zero.succ)],
                        auxName := fun i => if (i == 1) = true then rn else cn }
                      I)
                let __do_lift ← get
                match List.lookup key __do_lift.aux with
                  | some a => pure (some (mk a))
                  | none => throw Official.illFormed)
        fun __do_lift =>
        match __do_lift with
        | some a => fun a_1 => pure a a_1
        | none => do
          let __do_lift ←
            Official.replaceAll
                {
                  find? :=
                    {
                        consts :=
                          [ConstantInfo.indInfo
                              { name := Name.anonymous.str "List", levelParams := [Name.anonymous.str "u"],
                                type :=
                                  (Expr.sort (Level.param (Name.anonymous.str "u")).succ).forallE
                                    (Expr.sort (Level.param (Name.anonymous.str "u")).succ)
                                    { pw := { repr := ConLeche.PropWhenRepr.never✝ } } }
                              { sortZ := { repr := ConLeche.PropWhenRepr.always✝ }, all := [Name.anonymous.str "List"],
                                nparams := 1,
                                ctors := [Name.anonymous.str "List.nil", Name.anonymous.str "List.cons"] },
                            ConstantInfo.ctorInfo
                              { name := Name.anonymous.str "List.nil", levelParams := [Name.anonymous.str "u"],
                                type :=
                                  (Expr.sort (Level.param (Name.anonymous.str "u")).succ).forallE
                                    ((Expr.const (Name.anonymous.str "List") [Level.param (Name.anonymous.str "u")]).app
                                      (Expr.bvar 0))
                                    { pw := { repr := ConLeche.PropWhenRepr.never✝ } } }
                              1 0,
                            ConstantInfo.ctorInfo
                              { name := Name.anonymous.str "List.cons", levelParams := [Name.anonymous.str "u"],
                                type :=
                                  (Expr.sort (Level.param (Name.anonymous.str "u")).succ).forallE
                                    ((Expr.bvar 0).forallE
                                      (((Expr.const (Name.anonymous.str "List")
                                                [Level.param (Name.anonymous.str "u")]).app
                                            (Expr.bvar 1)).forallE
                                        ((Expr.const (Name.anonymous.str "List")
                                              [Level.param (Name.anonymous.str "u")]).app
                                          (Expr.bvar 2))
                                        { pw := { repr := ConLeche.PropWhenRepr.never✝ } })
                                      { pw := { repr := ConLeche.PropWhenRepr.never✝ } })
                                    { pw := { repr := ConLeche.PropWhenRepr.never✝ } } }
                              1 2,
                            ConstantInfo.indInfo
                              { name := Name.anonymous.str "Tree2", levelParams := [],
                                type :=
                                  (Expr.sort Level.zero.succ).forallE (Expr.sort Level.zero.succ)
                                    { pw := { repr := ConLeche.PropWhenRepr.never✝ } } }
                              { sortZ := { repr := ConLeche.PropWhenRepr.always✝ }, all := [Name.anonymous.str "Tree2"],
                                nparams := 1,
                                ctors := [Name.anonymous.str "Tree2.leaf", Name.anonymous.str "Tree2.node"] }] }.find?,
                  ctorsOf := fun n => if (n == Ln) = true then listCs else [], lvls := [],
                  ps := [Expr.fvar 0 (Expr.sort Level.zero.succ)],
                  auxName := fun i => if (i == 1) = true then rn else cn }
                (Expr.const (Name.anonymous.str "List") [Level.zero])
          let __do_lift_1 ←
            Official.replaceAll
                {
                  find? :=
                    {
                        consts :=
                          [ConstantInfo.indInfo
                              { name := Name.anonymous.str "List", levelParams := [Name.anonymous.str "u"],
                                type :=
                                  (Expr.sort (Level.param (Name.anonymous.str "u")).succ).forallE
                                    (Expr.sort (Level.param (Name.anonymous.str "u")).succ)
                                    { pw := { repr := ConLeche.PropWhenRepr.never✝ } } }
                              { sortZ := { repr := ConLeche.PropWhenRepr.always✝ }, all := [Name.anonymous.str "List"],
                                nparams := 1,
                                ctors := [Name.anonymous.str "List.nil", Name.anonymous.str "List.cons"] },
                            ConstantInfo.ctorInfo
                              { name := Name.anonymous.str "List.nil", levelParams := [Name.anonymous.str "u"],
                                type :=
                                  (Expr.sort (Level.param (Name.anonymous.str "u")).succ).forallE
                                    ((Expr.const (Name.anonymous.str "List") [Level.param (Name.anonymous.str "u")]).app
                                      (Expr.bvar 0))
                                    { pw := { repr := ConLeche.PropWhenRepr.never✝ } } }
                              1 0,
                            ConstantInfo.ctorInfo
                              { name := Name.anonymous.str "List.cons", levelParams := [Name.anonymous.str "u"],
                                type :=
                                  (Expr.sort (Level.param (Name.anonymous.str "u")).succ).forallE
                                    ((Expr.bvar 0).forallE
                                      (((Expr.const (Name.anonymous.str "List")
                                                [Level.param (Name.anonymous.str "u")]).app
                                            (Expr.bvar 1)).forallE
                                        ((Expr.const (Name.anonymous.str "List")
                                              [Level.param (Name.anonymous.str "u")]).app
                                          (Expr.bvar 2))
                                        { pw := { repr := ConLeche.PropWhenRepr.never✝ } })
                                      { pw := { repr := ConLeche.PropWhenRepr.never✝ } })
                                    { pw := { repr := ConLeche.PropWhenRepr.never✝ } } }
                              1 2,
                            ConstantInfo.indInfo
                              { name := Name.anonymous.str "Tree2", levelParams := [],
                                type :=
                                  (Expr.sort Level.zero.succ).forallE (Expr.sort Level.zero.succ)
                                    { pw := { repr := ConLeche.PropWhenRepr.never✝ } } }
                              { sortZ := { repr := ConLeche.PropWhenRepr.always✝ }, all := [Name.anonymous.str "Tree2"],
                                nparams := 1,
                                ctors := [Name.anonymous.str "Tree2.leaf", Name.anonymous.str "Tree2.node"] }] }.find?,
                  ctorsOf := fun n => if (n == Ln) = true then listCs else [], lvls := [],
                  ps := [Expr.fvar 0 (Expr.sort Level.zero.succ)],
                  auxName := fun i => if (i == 1) = true then rn else cn }
                ((Expr.const (Name.anonymous.str "List") [Level.zero]).app
                  ((Expr.const (Name.anonymous.str "Tree2") []).app (Expr.fvar 0 (Expr.sort Level.zero.succ))))
          pure (__do_lift.app __do_lift_1)
    ==>
      (StateT.get.bind fun st => do
            let __do_lift ←
              monadLift
                  (Official.isNestedApp
                    {
                      find? :=
                        {
                            consts :=
                              [ConstantInfo.indInfo
                                  { name := Name.anonymous.str "List", levelParams := [Name.anonymous.str "u"],
                                    type :=
                                      (Expr.sort (Level.param (Name.anonymous.str "u")).succ).forallE
                                        (Expr.sort (Level.param (Name.anonymous.str "u")).succ)
                                        { pw := { repr := ConLeche.PropWhenRepr.never✝ } } }
                                  { sortZ := { repr := ConLeche.PropWhenRepr.always✝ },
                                    all := [Name.anonymous.str "List"], nparams := 1,
                                    ctors := [Name.anonymous.str "List.nil", Name.anonymous.str "List.cons"] },
                                ConstantInfo.ctorInfo
                                  { name := Name.anonymous.str "List.nil", levelParams := [Name.anonymous.str "u"],
                                    type :=
                                      (Expr.sort (Level.param (Name.anonymous.str "u")).succ).forallE
                                        ((Expr.const (Name.anonymous.str "List")
                                              [Level.param (Name.anonymous.str "u")]).app
                                          (Expr.bvar 0))
                                        { pw := { repr := ConLeche.PropWhenRepr.never✝ } } }
                                  1 0,
                                ConstantInfo.ctorInfo
                                  { name := Name.anonymous.str "List.cons", levelParams := [Name.anonymous.str "u"],
                                    type :=
                                      (Expr.sort (Level.param (Name.anonymous.str "u")).succ).forallE
                                        ((Expr.bvar 0).forallE
                                          (((Expr.const (Name.anonymous.str "List")
                                                    [Level.param (Name.anonymous.str "u")]).app
                                                (Expr.bvar 1)).forallE
                                            ((Expr.const (Name.anonymous.str "List")
                                                  [Level.param (Name.anonymous.str "u")]).app
                                              (Expr.bvar 2))
                                            { pw := { repr := ConLeche.PropWhenRepr.never✝ } })
                                          { pw := { repr := ConLeche.PropWhenRepr.never✝ } })
                                        { pw := { repr := ConLeche.PropWhenRepr.never✝ } } }
                                  1 2,
                                ConstantInfo.indInfo
                                  { name := Name.anonymous.str "Tree2", levelParams := [],
                                    type :=
                                      (Expr.sort Level.zero.succ).forallE (Expr.sort Level.zero.succ)
                                        { pw := { repr := ConLeche.PropWhenRepr.never✝ } } }
                                  { sortZ := { repr := ConLeche.PropWhenRepr.always✝ },
                                    all := [Name.anonymous.str "Tree2"], nparams := 1,
                                    ctors :=
                                      [Name.anonymous.str "Tree2.leaf", Name.anonymous.str "Tree2.node"] }] }.find?,
                      ctorsOf := fun n => if (n == Ln) = true then listCs else [], lvls := [],
                      ps := [Expr.fvar 0 (Expr.sort Level.zero.succ)],
                      auxName := fun i => if (i == 1) = true then rn else cn }
                    (List.map Official.AuxType.name st.types.toList)
                    ((Expr.const (Name.anonymous.str "List") [Level.zero]).app
                      ((Expr.const (Name.anonymous.str "List") [Level.zero]).app
                        ((Expr.const (Name.anonymous.str "Tree2") []).app (Expr.fvar 0 (Expr.sort Level.zero.succ))))))
            match __do_lift with
              | none => pure none
              | some (I, us, np, args) =>
                have key := (Expr.const I us).mkAppN (List.take np args);
                have mk := fun a =>
                  ((Expr.const a
                            {
                                find? :=
                                  {
                                      consts :=
                                        [ConstantInfo.indInfo
                                            { name := Name.anonymous.str "List",
                                              levelParams := [Name.anonymous.str "u"],
                                              type :=
                                                (Expr.sort (Level.param (Name.anonymous.str "u")).succ).forallE
                                                  (Expr.sort (Level.param (Name.anonymous.str "u")).succ)
                                                  { pw := { repr := ConLeche.PropWhenRepr.never✝ } } }
                                            { sortZ := { repr := ConLeche.PropWhenRepr.always✝ },
                                              all := [Name.anonymous.str "List"], nparams := 1,
                                              ctors :=
                                                [Name.anonymous.str "List.nil", Name.anonymous.str "List.cons"] },
                                          ConstantInfo.ctorInfo
                                            { name := Name.anonymous.str "List.nil",
                                              levelParams := [Name.anonymous.str "u"],
                                              type :=
                                                (Expr.sort (Level.param (Name.anonymous.str "u")).succ).forallE
                                                  ((Expr.const (Name.anonymous.str "List")
                                                        [Level.param (Name.anonymous.str "u")]).app
                                                    (Expr.bvar 0))
                                                  { pw := { repr := ConLeche.PropWhenRepr.never✝ } } }
                                            1 0,
                                          ConstantInfo.ctorInfo
                                            { name := Name.anonymous.str "List.cons",
                                              levelParams := [Name.anonymous.str "u"],
                                              type :=
                                                (Expr.sort (Level.param (Name.anonymous.str "u")).succ).forallE
                                                  ((Expr.bvar 0).forallE
                                                    (((Expr.const (Name.anonymous.str "List")
                                                              [Level.param (Name.anonymous.str "u")]).app
                                                          (Expr.bvar 1)).forallE
                                                      ((Expr.const (Name.anonymous.str "List")
                                                            [Level.param (Name.anonymous.str "u")]).app
                                                        (Expr.bvar 2))
                                                      { pw := { repr := ConLeche.PropWhenRepr.never✝ } })
                                                    { pw := { repr := ConLeche.PropWhenRepr.never✝ } })
                                                  { pw := { repr := ConLeche.PropWhenRepr.never✝ } } }
                                            1 2,
                                          ConstantInfo.indInfo
                                            { name := Name.anonymous.str "Tree2", levelParams := [],
                                              type :=
                                                (Expr.sort Level.zero.succ).forallE (Expr.sort Level.zero.succ)
                                                  { pw := { repr := ConLeche.PropWhenRepr.never✝ } } }
                                            { sortZ := { repr := ConLeche.PropWhenRepr.always✝ },
                                              all := [Name.anonymous.str "Tree2"], nparams := 1,
                                              ctors :=
                                                [Name.anonymous.str "Tree2.leaf",
                                                  Name.anonymous.str "Tree2.node"] }] }.find?,
                                ctorsOf := fun n => if (n == Ln) = true then listCs else [], lvls := [],
                                ps := [Expr.fvar 0 (Expr.sort Level.zero.succ)],
                                auxName := fun i => if (i == 1) = true then rn else cn }.lvls).mkAppN
                        {
                            find? :=
                              {
                                  consts :=
                                    [ConstantInfo.indInfo
                                        { name := Name.anonymous.str "List", levelParams := [Name.anonymous.str "u"],
                                          type :=
                                            (Expr.sort (Level.param (Name.anonymous.str "u")).succ).forallE
                                              (Expr.sort (Level.param (Name.anonymous.str "u")).succ)
                                              { pw := { repr := ConLeche.PropWhenRepr.never✝ } } }
                                        { sortZ := { repr := ConLeche.PropWhenRepr.always✝ },
                                          all := [Name.anonymous.str "List"], nparams := 1,
                                          ctors := [Name.anonymous.str "List.nil", Name.anonymous.str "List.cons"] },
                                      ConstantInfo.ctorInfo
                                        { name := Name.anonymous.str "List.nil",
                                          levelParams := [Name.anonymous.str "u"],
                                          type :=
                                            (Expr.sort (Level.param (Name.anonymous.str "u")).succ).forallE
                                              ((Expr.const (Name.anonymous.str "List")
                                                    [Level.param (Name.anonymous.str "u")]).app
                                                (Expr.bvar 0))
                                              { pw := { repr := ConLeche.PropWhenRepr.never✝ } } }
                                        1 0,
                                      ConstantInfo.ctorInfo
                                        { name := Name.anonymous.str "List.cons",
                                          levelParams := [Name.anonymous.str "u"],
                                          type :=
                                            (Expr.sort (Level.param (Name.anonymous.str "u")).succ).forallE
                                              ((Expr.bvar 0).forallE
                                                (((Expr.const (Name.anonymous.str "List")
                                                          [Level.param (Name.anonymous.str "u")]).app
                                                      (Expr.bvar 1)).forallE
                                                  ((Expr.const (Name.anonymous.str "List")
                                                        [Level.param (Name.anonymous.str "u")]).app
                                                    (Expr.bvar 2))
                                                  { pw := { repr := ConLeche.PropWhenRepr.never✝ } })
                                                { pw := { repr := ConLeche.PropWhenRepr.never✝ } })
                                              { pw := { repr := ConLeche.PropWhenRepr.never✝ } } }
                                        1 2,
                                      ConstantInfo.indInfo
                                        { name := Name.anonymous.str "Tree2", levelParams := [],
                                          type :=
                                            (Expr.sort Level.zero.succ).forallE (Expr.sort Level.zero.succ)
                                              { pw := { repr := ConLeche.PropWhenRepr.never✝ } } }
                                        { sortZ := { repr := ConLeche.PropWhenRepr.always✝ },
                                          all := [Name.anonymous.str "Tree2"], nparams := 1,
                                          ctors :=
                                            [Name.anonymous.str "Tree2.leaf",
                                              Name.anonymous.str "Tree2.node"] }] }.find?,
                            ctorsOf := fun n => if (n == Ln) = true then listCs else [], lvls := [],
                            ps := [Expr.fvar 0 (Expr.sort Level.zero.succ)],
                            auxName := fun i => if (i == 1) = true then rn else cn }.ps).mkAppN
                    (List.drop np args);
                match List.lookup key st.aux with
                | some a => pure (some (mk a))
                | none => do
                  Official.copyBlock
                      {
                        find? :=
                          {
                              consts :=
                                [ConstantInfo.indInfo
                                    { name := Name.anonymous.str "List", levelParams := [Name.anonymous.str "u"],
                                      type :=
                                        (Expr.sort (Level.param (Name.anonymous.str "u")).succ).forallE
                                          (Expr.sort (Level.param (Name.anonymous.str "u")).succ)
                                          { pw := { repr := ConLeche.PropWhenRepr.never✝ } } }
                                    { sortZ := { repr := ConLeche.PropWhenRepr.always✝ },
                                      all := [Name.anonymous.str "List"], nparams := 1,
                                      ctors := [Name.anonymous.str "List.nil", Name.anonymous.str "List.cons"] },
                                  ConstantInfo.ctorInfo
                                    { name := Name.anonymous.str "List.nil", levelParams := [Name.anonymous.str "u"],
                                      type :=
                                        (Expr.sort (Level.param (Name.anonymous.str "u")).succ).forallE
                                          ((Expr.const (Name.anonymous.str "List")
                                                [Level.param (Name.anonymous.str "u")]).app
                                            (Expr.bvar 0))
                                          { pw := { repr := ConLeche.PropWhenRepr.never✝ } } }
                                    1 0,
                                  ConstantInfo.ctorInfo
                                    { name := Name.anonymous.str "List.cons", levelParams := [Name.anonymous.str "u"],
                                      type :=
                                        (Expr.sort (Level.param (Name.anonymous.str "u")).succ).forallE
                                          ((Expr.bvar 0).forallE
                                            (((Expr.const (Name.anonymous.str "List")
                                                      [Level.param (Name.anonymous.str "u")]).app
                                                  (Expr.bvar 1)).forallE
                                              ((Expr.const (Name.anonymous.str "List")
                                                    [Level.param (Name.anonymous.str "u")]).app
                                                (Expr.bvar 2))
                                              { pw := { repr := ConLeche.PropWhenRepr.never✝ } })
                                            { pw := { repr := ConLeche.PropWhenRepr.never✝ } })
                                          { pw := { repr := ConLeche.PropWhenRepr.never✝ } } }
                                    1 2,
                                  ConstantInfo.indInfo
                                    { name := Name.anonymous.str "Tree2", levelParams := [],
                                      type :=
                                        (Expr.sort Level.zero.succ).forallE (Expr.sort Level.zero.succ)
                                          { pw := { repr := ConLeche.PropWhenRepr.never✝ } } }
                                    { sortZ := { repr := ConLeche.PropWhenRepr.always✝ },
                                      all := [Name.anonymous.str "Tree2"], nparams := 1,
                                      ctors :=
                                        [Name.anonymous.str "Tree2.leaf", Name.anonymous.str "Tree2.node"] }] }.find?,
                        ctorsOf := fun n => if (n == Ln) = true then listCs else [], lvls := [],
                        ps := [Expr.fvar 0 (Expr.sort Level.zero.succ)],
                        auxName := fun i => if (i == 1) = true then rn else cn }
                      us (List.take np args)
                      (Official.blockOf
                        {
                          find? :=
                            {
                                consts :=
                                  [ConstantInfo.indInfo
                                      { name := Name.anonymous.str "List", levelParams := [Name.anonymous.str "u"],
                                        type :=
                                          (Expr.sort (Level.param (Name.anonymous.str "u")).succ).forallE
                                            (Expr.sort (Level.param (Name.anonymous.str "u")).succ)
                                            { pw := { repr := ConLeche.PropWhenRepr.never✝ } } }
                                      { sortZ := { repr := ConLeche.PropWhenRepr.always✝ },
                                        all := [Name.anonymous.str "List"], nparams := 1,
                                        ctors := [Name.anonymous.str "List.nil", Name.anonymous.str "List.cons"] },
                                    ConstantInfo.ctorInfo
                                      { name := Name.anonymous.str "List.nil", levelParams := [Name.anonymous.str "u"],
                                        type :=
                                          (Expr.sort (Level.param (Name.anonymous.str "u")).succ).forallE
                                            ((Expr.const (Name.anonymous.str "List")
                                                  [Level.param (Name.anonymous.str "u")]).app
                                              (Expr.bvar 0))
                                            { pw := { repr := ConLeche.PropWhenRepr.never✝ } } }
                                      1 0,
                                    ConstantInfo.ctorInfo
                                      { name := Name.anonymous.str "List.cons", levelParams := [Name.anonymous.str "u"],
                                        type :=
                                          (Expr.sort (Level.param (Name.anonymous.str "u")).succ).forallE
                                            ((Expr.bvar 0).forallE
                                              (((Expr.const (Name.anonymous.str "List")
                                                        [Level.param (Name.anonymous.str "u")]).app
                                                    (Expr.bvar 1)).forallE
                                                ((Expr.const (Name.anonymous.str "List")
                                                      [Level.param (Name.anonymous.str "u")]).app
                                                  (Expr.bvar 2))
                                                { pw := { repr := ConLeche.PropWhenRepr.never✝ } })
                                              { pw := { repr := ConLeche.PropWhenRepr.never✝ } })
                                            { pw := { repr := ConLeche.PropWhenRepr.never✝ } } }
                                      1 2,
                                    ConstantInfo.indInfo
                                      { name := Name.anonymous.str "Tree2", levelParams := [],
                                        type :=
                                          (Expr.sort Level.zero.succ).forallE (Expr.sort Level.zero.succ)
                                            { pw := { repr := ConLeche.PropWhenRepr.never✝ } } }
                                      { sortZ := { repr := ConLeche.PropWhenRepr.always✝ },
                                        all := [Name.anonymous.str "Tree2"], nparams := 1,
                                        ctors :=
                                          [Name.anonymous.str "Tree2.leaf", Name.anonymous.str "Tree2.node"] }] }.find?,
                          ctorsOf := fun n => if (n == Ln) = true then listCs else [], lvls := [],
                          ps := [Expr.fvar 0 (Expr.sort Level.zero.succ)],
                          auxName := fun i => if (i == 1) = true then rn else cn }
                        I)
                  let __do_lift ← get
                  match List.lookup key __do_lift.aux with
                    | some a => pure (some (mk a))
                    | none => throw Official.illFormed).bind
        fun __do_lift =>
        match __do_lift with
        | some a => fun a_1 => pure a a_1
        | none => do
          let __do_lift ←
            Official.replaceAll
                {
                  find? :=
                    {
                        consts :=
                          [ConstantInfo.indInfo
                              { name := Name.anonymous.str "List", levelParams := [Name.anonymous.str "u"],
                                type :=
                                  (Expr.sort (Level.param (Name.anonymous.str "u")).succ).forallE
                                    (Expr.sort (Level.param (Name.anonymous.str "u")).succ)
                                    { pw := { repr := ConLeche.PropWhenRepr.never✝ } } }
                              { sortZ := { repr := ConLeche.PropWhenRepr.always✝ }, all := [Name.anonymous.str "List"],
                                nparams := 1,
                                ctors := [Name.anonymous.str "List.nil", Name.anonymous.str "List.cons"] },
                            ConstantInfo.ctorInfo
                              { name := Name.anonymous.str "List.nil", levelParams := [Name.anonymous.str "u"],
                                type :=
                                  (Expr.sort (Level.param (Name.anonymous.str "u")).succ).forallE
                                    ((Expr.const (Name.anonymous.str "List") [Level.param (Name.anonymous.str "u")]).app
                                      (Expr.bvar 0))
                                    { pw := { repr := ConLeche.PropWhenRepr.never✝ } } }
                              1 0,
                            ConstantInfo.ctorInfo
                              { name := Name.anonymous.str "List.cons", levelParams := [Name.anonymous.str "u"],
                                type :=
                                  (Expr.sort (Level.param (Name.anonymous.str "u")).succ).forallE
                                    ((Expr.bvar 0).forallE
                                      (((Expr.const (Name.anonymous.str "List")
                                                [Level.param (Name.anonymous.str "u")]).app
                                            (Expr.bvar 1)).forallE
                                        ((Expr.const (Name.anonymous.str "List")
                                              [Level.param (Name.anonymous.str "u")]).app
                                          (Expr.bvar 2))
                                        { pw := { repr := ConLeche.PropWhenRepr.never✝ } })
                                      { pw := { repr := ConLeche.PropWhenRepr.never✝ } })
                                    { pw := { repr := ConLeche.PropWhenRepr.never✝ } } }
                              1 2,
                            ConstantInfo.indInfo
                              { name := Name.anonymous.str "Tree2", levelParams := [],
                                type :=
                                  (Expr.sort Level.zero.succ).forallE (Expr.sort Level.zero.succ)
                                    { pw := { repr := ConLeche.PropWhenRepr.never✝ } } }
                              { sortZ := { repr := ConLeche.PropWhenRepr.always✝ }, all := [Name.anonymous.str "Tree2"],
                                nparams := 1,
                                ctors := [Name.anonymous.str "Tree2.leaf", Name.anonymous.str "Tree2.node"] }] }.find?,
                  ctorsOf := fun n => if (n == Ln) = true then listCs else [], lvls := [],
                  ps := [Expr.fvar 0 (Expr.sort Level.zero.succ)],
                  auxName := fun i => if (i == 1) = true then rn else cn }
                (Expr.const (Name.anonymous.str "List") [Level.zero])
          let __do_lift_1 ←
            Official.replaceAll
                {
                  find? :=
                    {
                        consts :=
                          [ConstantInfo.indInfo
                              { name := Name.anonymous.str "List", levelParams := [Name.anonymous.str "u"],
                                type :=
                                  (Expr.sort (Level.param (Name.anonymous.str "u")).succ).forallE
                                    (Expr.sort (Level.param (Name.anonymous.str "u")).succ)
                                    { pw := { repr := ConLeche.PropWhenRepr.never✝ } } }
                              { sortZ := { repr := ConLeche.PropWhenRepr.always✝ }, all := [Name.anonymous.str "List"],
                                nparams := 1,
                                ctors := [Name.anonymous.str "List.nil", Name.anonymous.str "List.cons"] },
                            ConstantInfo.ctorInfo
                              { name := Name.anonymous.str "List.nil", levelParams := [Name.anonymous.str "u"],
                                type :=
                                  (Expr.sort (Level.param (Name.anonymous.str "u")).succ).forallE
                                    ((Expr.const (Name.anonymous.str "List") [Level.param (Name.anonymous.str "u")]).app
                                      (Expr.bvar 0))
                                    { pw := { repr := ConLeche.PropWhenRepr.never✝ } } }
                              1 0,
                            ConstantInfo.ctorInfo
                              { name := Name.anonymous.str "List.cons", levelParams := [Name.anonymous.str "u"],
                                type :=
                                  (Expr.sort (Level.param (Name.anonymous.str "u")).succ).forallE
                                    ((Expr.bvar 0).forallE
                                      (((Expr.const (Name.anonymous.str "List")
                                                [Level.param (Name.anonymous.str "u")]).app
                                            (Expr.bvar 1)).forallE
                                        ((Expr.const (Name.anonymous.str "List")
                                              [Level.param (Name.anonymous.str "u")]).app
                                          (Expr.bvar 2))
                                        { pw := { repr := ConLeche.PropWhenRepr.never✝ } })
                                      { pw := { repr := ConLeche.PropWhenRepr.never✝ } })
                                    { pw := { repr := ConLeche.PropWhenRepr.never✝ } } }
                              1 2,
                            ConstantInfo.indInfo
                              { name := Name.anonymous.str "Tree2", levelParams := [],
                                type :=
                                  (Expr.sort Level.zero.succ).forallE (Expr.sort Level.zero.succ)
                                    { pw := { repr := ConLeche.PropWhenRepr.never✝ } } }
                              { sortZ := { repr := ConLeche.PropWhenRepr.always✝ }, all := [Name.anonymous.str "Tree2"],
                                nparams := 1,
                                ctors := [Name.anonymous.str "Tree2.leaf", Name.anonymous.str "Tree2.node"] }] }.find?,
                  ctorsOf := fun n => if (n == Ln) = true then listCs else [], lvls := [],
                  ps := [Expr.fvar 0 (Expr.sort Level.zero.succ)],
                  auxName := fun i => if (i == 1) = true then rn else cn }
                ((Expr.const (Name.anonymous.str "List") [Level.zero]).app
                  ((Expr.const (Name.anonymous.str "Tree2") []).app (Expr.fvar 0 (Expr.sort Level.zero.succ))))
          pure (__do_lift.app __do_lift_1)
[Debug.Meta.Tactic.cbv.reduce] simplifyAppFn:
      StateT.instMonad.toBind.1
        ((StateT.get.bind fun st => do
              let __do_lift ←
                monadLift
                    (Official.isNestedApp
                      {
                        find? :=
                          {
                              consts :=
                                [ConstantInfo.indInfo
                                    { name := Name.anonymous.str "List", levelParams := [Name.anonymous.str "u"],
                                      type :=
                                        (Expr.sort (Level.param (Name.anonymous.str "u")).succ).forallE
                                          (Expr.sort (Level.param (Name.anonymous.str "u")).succ)
                                          { pw := { repr := ConLeche.PropWhenRepr.never✝ } } }
                                    { sortZ := { repr := ConLeche.PropWhenRepr.always✝ },
                                      all := [Name.anonymous.str "List"], nparams := 1,
                                      ctors := [Name.anonymous.str "List.nil", Name.anonymous.str "List.cons"] },
                                  ConstantInfo.ctorInfo
                                    { name := Name.anonymous.str "List.nil", levelParams := [Name.anonymous.str "u"],
                                      type :=
                                        (Expr.sort (Level.param (Name.anonymous.str "u")).succ).forallE
                                          ((Expr.const (Name.anonymous.str "List")
                                                [Level.param (Name.anonymous.str "u")]).app
                                            (Expr.bvar 0))
                                          { pw := { repr := ConLeche.PropWhenRepr.never✝ } } }
                                    1 0,
                                  ConstantInfo.ctorInfo
                                    { name := Name.anonymous.str "List.cons", levelParams := [Name.anonymous.str "u"],
                                      type :=
                                        (Expr.sort (Level.param (Name.anonymous.str "u")).succ).forallE
                                          ((Expr.bvar 0).forallE
                                            (((Expr.const (Name.anonymous.str "List")
                                                      [Level.param (Name.anonymous.str "u")]).app
                                                  (Expr.bvar 1)).forallE
                                              ((Expr.const (Name.anonymous.str "List")
                                                    [Level.param (Name.anonymous.str "u")]).app
                                                (Expr.bvar 2))
                                              { pw := { repr := ConLeche.PropWhenRepr.never✝ } })
                                            { pw := { repr := ConLeche.PropWhenRepr.never✝ } })
                                          { pw := { repr := ConLeche.PropWhenRepr.never✝ } } }
                                    1 2,
                                  ConstantInfo.indInfo
                                    { name := Name.anonymous.str "Tree2", levelParams := [],
                                      type :=
                                        (Expr.sort Level.zero.succ).forallE (Expr.sort Level.zero.succ)
                                          { pw := { repr := ConLeche.PropWhenRepr.never✝ } } }
                                    { sortZ := { repr := ConLeche.PropWhenRepr.always✝ },
                                      all := [Name.anonymous.str "Tree2"], nparams := 1,
                                      ctors :=
                                        [Name.anonymous.str "Tree2.leaf", Name.anonymous.str "Tree2.node"] }] }.find?,
                        ctorsOf := fun n => if (n == Ln) = true then listCs else [], lvls := [],
                        ps := [Expr.fvar 0 (Expr.sort Level.zero.succ)],
                        auxName := fun i => if (i == 1) = true then rn else cn }
                      (List.map Official.AuxType.name st.types.toList)
                      ((Expr.const (Name.anonymous.str "List") [Level.zero]).app
                        ((Expr.const (Name.anonymous.str "List") [Level.zero]).app
                          ((Expr.const (Name.anonymous.str "Tree2") []).app
                            (Expr.fvar 0 (Expr.sort Level.zero.succ))))))
              match __do_lift with
                | none => pure none
                | some (I, us, np, args) =>
                  have key := (Expr.const I us).mkAppN (List.take np args);
                  have mk := fun a =>
                    ((Expr.const a
                              {
                                  find? :=
                                    {
                                        consts :=
                                          [ConstantInfo.indInfo
                                              { name := Name.anonymous.str "List",
                                                levelParams := [Name.anonymous.str "u"],
                                                type :=
                                                  (Expr.sort (Level.param (Name.anonymous.str "u")).succ).forallE
                                                    (Expr.sort (Level.param (Name.anonymous.str "u")).succ)
                                                    { pw := { repr := ConLeche.PropWhenRepr.never✝ } } }
                                              { sortZ := { repr := ConLeche.PropWhenRepr.always✝ },
                                                all := [Name.anonymous.str "List"], nparams := 1,
                                                ctors :=
                                                  [Name.anonymous.str "List.nil", Name.anonymous.str "List.cons"] },
                                            ConstantInfo.ctorInfo
                                              { name := Name.anonymous.str "List.nil",
                                                levelParams := [Name.anonymous.str "u"],
                                                type :=
                                                  (Expr.sort (Level.param (Name.anonymous.str "u")).succ).forallE
                                                    ((Expr.const (Name.anonymous.str "List")
                                                          [Level.param (Name.anonymous.str "u")]).app
                                                      (Expr.bvar 0))
                                                    { pw := { repr := ConLeche.PropWhenRepr.never✝ } } }
                                              1 0,
                                            ConstantInfo.ctorInfo
                                              { name := Name.anonymous.str "List.cons",
                                                levelParams := [Name.anonymous.str "u"],
                                                type :=
                                                  (Expr.sort (Level.param (Name.anonymous.str "u")).succ).forallE
                                                    ((Expr.bvar 0).forallE
                                                      (((Expr.const (Name.anonymous.str "List")
                                                                [Level.param (Name.anonymous.str "u")]).app
                                                            (Expr.bvar 1)).forallE
                                                        ((Expr.const (Name.anonymous.str "List")
                                                              [Level.param (Name.anonymous.str "u")]).app
                                                          (Expr.bvar 2))
                                                        { pw := { repr := ConLeche.PropWhenRepr.never✝ } })
                                                      { pw := { repr := ConLeche.PropWhenRepr.never✝ } })
                                                    { pw := { repr := ConLeche.PropWhenRepr.never✝ } } }
                                              1 2,
                                            ConstantInfo.indInfo
                                              { name := Name.anonymous.str "Tree2", levelParams := [],
                                                type :=
                                                  (Expr.sort Level.zero.succ).forallE (Expr.sort Level.zero.succ)
                                                    { pw := { repr := ConLeche.PropWhenRepr.never✝ } } }
                                              { sortZ := { repr := ConLeche.PropWhenRepr.always✝ },
                                                all := [Name.anonymous.str "Tree2"], nparams := 1,
                                                ctors :=
                                                  [Name.anonymous.str "Tree2.leaf",
                                                    Name.anonymous.str "Tree2.node"] }] }.find?,
                                  ctorsOf := fun n => if (n == Ln) = true then listCs else [], lvls := [],
                                  ps := [Expr.fvar 0 (Expr.sort Level.zero.succ)],
                                  auxName := fun i => if (i == 1) = true then rn else cn }.lvls).mkAppN
                          {
                              find? :=
                                {
                                    consts :=
                                      [ConstantInfo.indInfo
                                          { name := Name.anonymous.str "List", levelParams := [Name.anonymous.str "u"],
                                            type :=
                                              (Expr.sort (Level.param (Name.anonymous.str "u")).succ).forallE
                                                (Expr.sort (Level.param (Name.anonymous.str "u")).succ)
                                                { pw := { repr := ConLeche.PropWhenRepr.never✝ } } }
                                          { sortZ := { repr := ConLeche.PropWhenRepr.always✝ },
                                            all := [Name.anonymous.str "List"], nparams := 1,
                                            ctors := [Name.anonymous.str "List.nil", Name.anonymous.str "List.cons"] },
                                        ConstantInfo.ctorInfo
                                          { name := Name.anonymous.str "List.nil",
                                            levelParams := [Name.anonymous.str "u"],
                                            type :=
                                              (Expr.sort (Level.param (Name.anonymous.str "u")).succ).forallE
                                                ((Expr.const (Name.anonymous.str "List")
                                                      [Level.param (Name.anonymous.str "u")]).app
                                                  (Expr.bvar 0))
                                                { pw := { repr := ConLeche.PropWhenRepr.never✝ } } }
                                          1 0,
                                        ConstantInfo.ctorInfo
                                          { name := Name.anonymous.str "List.cons",
                                            levelParams := [Name.anonymous.str "u"],
                                            type :=
                                              (Expr.sort (Level.param (Name.anonymous.str "u")).succ).forallE
                                                ((Expr.bvar 0).forallE
                                                  (((Expr.const (Name.anonymous.str "List")
                                                            [Level.param (Name.anonymous.str "u")]).app
                                                        (Expr.bvar 1)).forallE
                                                    ((Expr.const (Name.anonymous.str "List")
                                                          [Level.param (Name.anonymous.str "u")]).app
                                                      (Expr.bvar 2))
                                                    { pw := { repr := ConLeche.PropWhenRepr.never✝ } })
                                                  { pw := { repr := ConLeche.PropWhenRepr.never✝ } })
                                                { pw := { repr := ConLeche.PropWhenRepr.never✝ } } }
                                          1 2,
                                        ConstantInfo.indInfo
                                          { name := Name.anonymous.str "Tree2", levelParams := [],
                                            type :=
                                              (Expr.sort Level.zero.succ).forallE (Expr.sort Level.zero.succ)
                                                { pw := { repr := ConLeche.PropWhenRepr.never✝ } } }
                                          { sortZ := { repr := ConLeche.PropWhenRepr.always✝ },
                                            all := [Name.anonymous.str "Tree2"], nparams := 1,
                                            ctors :=
                                              [Name.anonymous.str "Tree2.leaf",
                                                Name.anonymous.str "Tree2.node"] }] }.find?,
                              ctorsOf := fun n => if (n == Ln) = true then listCs else [], lvls := [],
                              ps := [Expr.fvar 0 (Expr.sort Level.zero.succ)],
                              auxName := fun i => if (i == 1) = true then rn else cn }.ps).mkAppN
                      (List.drop np args);
                  match List.lookup key st.aux with
                  | some a => pure (some (mk a))
                  | none => do
                    Official.copyBlock
                        {
                          find? :=
                            {
                                consts :=
                                  [ConstantInfo.indInfo
                                      { name := Name.anonymous.str "List", levelParams := [Name.anonymous.str "u"],
                                        type :=
                                          (Expr.sort (Level.param (Name.anonymous.str "u")).succ).forallE
                                            (Expr.sort (Level.param (Name.anonymous.str "u")).succ)
                                            { pw := { repr := ConLeche.PropWhenRepr.never✝ } } }
                                      { sortZ := { repr := ConLeche.PropWhenRepr.always✝ },
                                        all := [Name.anonymous.str "List"], nparams := 1,
                                        ctors := [Name.anonymous.str "List.nil", Name.anonymous.str "List.cons"] },
                                    ConstantInfo.ctorInfo
                                      { name := Name.anonymous.str "List.nil", levelParams := [Name.anonymous.str "u"],
                                        type :=
                                          (Expr.sort (Level.param (Name.anonymous.str "u")).succ).forallE
                                            ((Expr.const (Name.anonymous.str "List")
                                                  [Level.param (Name.anonymous.str "u")]).app
                                              (Expr.bvar 0))
                                            { pw := { repr := ConLeche.PropWhenRepr.never✝ } } }
                                      1 0,
                                    ConstantInfo.ctorInfo
                                      { name := Name.anonymous.str "List.cons", levelParams := [Name.anonymous.str "u"],
                                        type :=
                                          (Expr.sort (Level.param (Name.anonymous.str "u")).succ).forallE
                                            ((Expr.bvar 0).forallE
                                              (((Expr.const (Name.anonymous.str "List")
                                                        [Level.param (Name.anonymous.str "u")]).app
                                                    (Expr.bvar 1)).forallE
                                                ((Expr.const (Name.anonymous.str "List")
                                                      [Level.param (Name.anonymous.str "u")]).app
                                                  (Expr.bvar 2))
                                                { pw := { repr := ConLeche.PropWhenRepr.never✝ } })
                                              { pw := { repr := ConLeche.PropWhenRepr.never✝ } })
                                            { pw := { repr := ConLeche.PropWhenRepr.never✝ } } }
                                      1 2,
                                    ConstantInfo.indInfo
                                      { name := Name.anonymous.str "Tree2", levelParams := [],
                                        type :=
                                          (Expr.sort Level.zero.succ).forallE (Expr.sort Level.zero.succ)
                                            { pw := { repr := ConLeche.PropWhenRepr.never✝ } } }
                                      { sortZ := { repr := ConLeche.PropWhenRepr.always✝ },
                                        all := [Name.anonymous.str "Tree2"], nparams := 1,
                                        ctors :=
                                          [Name.anonymous.str "Tree2.leaf", Name.anonymous.str "Tree2.node"] }] }.find?,
                          ctorsOf := fun n => if (n == Ln) = true then listCs else [], lvls := [],
                          ps := [Expr.fvar 0 (Expr.sort Level.zero.succ)],
                          auxName := fun i => if (i == 1) = true then rn else cn }
                        us (List.take np args)
                        (Official.blockOf
                          {
                            find? :=
                              {
                                  consts :=
                                    [ConstantInfo.indInfo
                                        { name := Name.anonymous.str "List", levelParams := [Name.anonymous.str "u"],
                                          type :=
                                            (Expr.sort (Level.param (Name.anonymous.str "u")).succ).forallE
                                              (Expr.sort (Level.param (Name.anonymous.str "u")).succ)
                                              { pw := { repr := ConLeche.PropWhenRepr.never✝ } } }
                                        { sortZ := { repr := ConLeche.PropWhenRepr.always✝ },
                                          all := [Name.anonymous.str "List"], nparams := 1,
                                          ctors := [Name.anonymous.str "List.nil", Name.anonymous.str "List.cons"] },
                                      ConstantInfo.ctorInfo
                                        { name := Name.anonymous.str "List.nil",
                                          levelParams := [Name.anonymous.str "u"],
                                          type :=
                                            (Expr.sort (Level.param (Name.anonymous.str "u")).succ).forallE
                                              ((Expr.const (Name.anonymous.str "List")
                                                    [Level.param (Name.anonymous.str "u")]).app
                                                (Expr.bvar 0))
                                              { pw := { repr := ConLeche.PropWhenRepr.never✝ } } }
                                        1 0,
                                      ConstantInfo.ctorInfo
                                        { name := Name.anonymous.str "List.cons",
                                          levelParams := [Name.anonymous.str "u"],
                                          type :=
                                            (Expr.sort (Level.param (Name.anonymous.str "u")).succ).forallE
                                              ((Expr.bvar 0).forallE
                                                (((Expr.const (Name.anonymous.str "List")
                                                          [Level.param (Name.anonymous.str "u")]).app
                                                      (Expr.bvar 1)).forallE
                                                  ((Expr.const (Name.anonymous.str "List")
                                                        [Level.param (Name.anonymous.str "u")]).app
                                                    (Expr.bvar 2))
                                                  { pw := { repr := ConLeche.PropWhenRepr.never✝ } })
                                                { pw := { repr := ConLeche.PropWhenRepr.never✝ } })
                                              { pw := { repr := ConLeche.PropWhenRepr.never✝ } } }
                                        1 2,
                                      ConstantInfo.indInfo
                                        { name := Name.anonymous.str "Tree2", levelParams := [],
                                          type :=
                                            (Expr.sort Level.zero.succ).forallE (Expr.sort Level.zero.succ)
                                              { pw := { repr := ConLeche.PropWhenRepr.never✝ } } }
                                        { sortZ := { repr := ConLeche.PropWhenRepr.always✝ },
                                          all := [Name.anonymous.str "Tree2"], nparams := 1,
                                          ctors :=
                                            [Name.anonymous.str "Tree2.leaf",
                                              Name.anonymous.str "Tree2.node"] }] }.find?,
                            ctorsOf := fun n => if (n == Ln) = true then listCs else [], lvls := [],
                            ps := [Expr.fvar 0 (Expr.sort Level.zero.succ)],
                            auxName := fun i => if (i == 1) = true then rn else cn }
                          I)
                    let __do_lift ← get
                    match List.lookup key __do_lift.aux with
                      | some a => pure (some (mk a))
                      | none => throw Official.illFormed).bind
          fun __do_lift =>
          match __do_lift with
          | some a => fun a_1 => pure a a_1
          | none => do
            let __do_lift ←
              Official.replaceAll
                  {
                    find? :=
                      {
                          consts :=
                            [ConstantInfo.indInfo
                                { name := Name.anonymous.str "List", levelParams := [Name.anonymous.str "u"],
                                  type :=
                                    (Expr.sort (Level.param (Name.anonymous.str "u")).succ).forallE
                                      (Expr.sort (Level.param (Name.anonymous.str "u")).succ)
                                      { pw := { repr := ConLeche.PropWhenRepr.never✝ } } }
                                { sortZ := { repr := ConLeche.PropWhenRepr.always✝ },
                                  all := [Name.anonymous.str "List"], nparams := 1,
                                  ctors := [Name.anonymous.str "List.nil", Name.anonymous.str "List.cons"] },
                              ConstantInfo.ctorInfo
                                { name := Name.anonymous.str "List.nil", levelParams := [Name.anonymous.str "u"],
                                  type :=
                                    (Expr.sort (Level.param (Name.anonymous.str "u")).succ).forallE
                                      ((Expr.const (Name.anonymous.str "List")
                                            [Level.param (Name.anonymous.str "u")]).app
                                        (Expr.bvar 0))
                                      { pw := { repr := ConLeche.PropWhenRepr.never✝ } } }
                                1 0,
                              ConstantInfo.ctorInfo
                                { name := Name.anonymous.str "List.cons", levelParams := [Name.anonymous.str "u"],
                                  type :=
                                    (Expr.sort (Level.param (Name.anonymous.str "u")).succ).forallE
                                      ((Expr.bvar 0).forallE
                                        (((Expr.const (Name.anonymous.str "List")
                                                  [Level.param (Name.anonymous.str "u")]).app
                                              (Expr.bvar 1)).forallE
                                          ((Expr.const (Name.anonymous.str "List")
                                                [Level.param (Name.anonymous.str "u")]).app
                                            (Expr.bvar 2))
                                          { pw := { repr := ConLeche.PropWhenRepr.never✝ } })
                                        { pw := { repr := ConLeche.PropWhenRepr.never✝ } })
                                      { pw := { repr := ConLeche.PropWhenRepr.never✝ } } }
                                1 2,
                              ConstantInfo.indInfo
                                { name := Name.anonymous.str "Tree2", levelParams := [],
                                  type :=
                                    (Expr.sort Level.zero.succ).forallE (Expr.sort Level.zero.succ)
                                      { pw := { repr := ConLeche.PropWhenRepr.never✝ } } }
                                { sortZ := { repr := ConLeche.PropWhenRepr.always✝ },
                                  all := [Name.anonymous.str "Tree2"], nparams := 1,
                                  ctors :=
                                    [Name.anonymous.str "Tree2.leaf", Name.anonymous.str "Tree2.node"] }] }.find?,
                    ctorsOf := fun n => if (n == Ln) = true then listCs else [], lvls := [],
                    ps := [Expr.fvar 0 (Expr.sort Level.zero.succ)],
                    auxName := fun i => if (i == 1) = true then rn else cn }
                  (Expr.const (Name.anonymous.str "List") [Level.zero])
            let __do_lift_1 ←
              Official.replaceAll
                  {
                    find? :=
                      {
                          consts :=
                            [ConstantInfo.indInfo
                                { name := Name.anonymous.str "List", levelParams := [Name.anonymous.str "u"],
                                  type :=
                                    (Expr.sort (Level.param (Name.anonymous.str "u")).succ).forallE
                                      (Expr.sort (Level.param (Name.anonymous.str "u")).succ)
                                      { pw := { repr := ConLeche.PropWhenRepr.never✝ } } }
                                { sortZ := { repr := ConLeche.PropWhenRepr.always✝ },
                                  all := [Name.anonymous.str "List"], nparams := 1,
                                  ctors := [Name.anonymous.str "List.nil", Name.anonymous.str "List.cons"] },
                              ConstantInfo.ctorInfo
                                { name := Name.anonymous.str "List.nil", levelParams := [Name.anonymous.str "u"],
                                  type :=
                                    (Expr.sort (Level.param (Name.anonymous.str "u")).succ).forallE
                                      ((Expr.const (Name.anonymous.str "List")
                                            [Level.param (Name.anonymous.str "u")]).app
                                        (Expr.bvar 0))
                                      { pw := { repr := ConLeche.PropWhenRepr.never✝ } } }
                                1 0,
                              ConstantInfo.ctorInfo
                                { name := Name.anonymous.str "List.cons", levelParams := [Name.anonymous.str "u"],
                                  type :=
                                    (Expr.sort (Level.param (Name.anonymous.str "u")).succ).forallE
                                      ((Expr.bvar 0).forallE
                                        (((Expr.const (Name.anonymous.str "List")
                                                  [Level.param (Name.anonymous.str "u")]).app
                                              (Expr.bvar 1)).forallE
                                          ((Expr.const (Name.anonymous.str "List")
                                                [Level.param (Name.anonymous.str "u")]).app
                                            (Expr.bvar 2))
                                          { pw := { repr := ConLeche.PropWhenRepr.never✝ } })
                                        { pw := { repr := ConLeche.PropWhenRepr.never✝ } })
                                      { pw := { repr := ConLeche.PropWhenRepr.never✝ } } }
                                1 2,
                              ConstantInfo.indInfo
                                { name := Name.anonymous.str "Tree2", levelParams := [],
                                  type :=
                                    (Expr.sort Level.zero.succ).forallE (Expr.sort Level.zero.succ)
                                      { pw := { repr := ConLeche.PropWhenRepr.never✝ } } }
                                { sortZ := { repr := ConLeche.PropWhenRepr.always✝ },
                                  all := [Name.anonymous.str "Tree2"], nparams := 1,
                                  ctors :=
                                    [Name.anonymous.str "Tree2.leaf", Name.anonymous.str "Tree2.node"] }] }.find?,
                    ctorsOf := fun n => if (n == Ln) = true then listCs else [], lvls := [],
                    ps := [Expr.fvar 0 (Expr.sort Level.zero.succ)],
                    auxName := fun i => if (i == 1) = true then rn else cn }
                  ((Expr.const (Name.anonymous.str "List") [Level.zero]).app
                    ((Expr.const (Name.anonymous.str "Tree2") []).app (Expr.fvar 0 (Expr.sort Level.zero.succ))))
            pure (__do_lift.app __do_lift_1))
        fun __do_lift => do
        let __do_lift_1 ←
          Official.replaceAll
              {
                find? :=
                  {
                      consts :=
                        [ConstantInfo.indInfo
                            { name := Name.anonymous.str "List", levelParams := [Name.anonymous.str "u"],
                              type :=
                                (Expr.sort (Level.param (Name.anonymous.str "u")).succ).forallE
                                  (Expr.sort (Level.param (Name.anonymous.str "u")).succ)
                                  { pw := { repr := ConLeche.PropWhenRepr.never✝ } } }
                            { sortZ := { repr := ConLeche.PropWhenRepr.always✝ }, all := [Name.anonymous.str "List"],
                              nparams := 1, ctors := [Name.anonymous.str "List.nil", Name.anonymous.str "List.cons"] },
                          ConstantInfo.ctorInfo
                            { name := Name.anonymous.str "List.nil", levelParams := [Name.anonymous.str "u"],
                              type :=
                                (Expr.sort (Level.param (Name.anonymous.str "u")).succ).forallE
                                  ((Expr.const (Name.anonymous.str "List") [Level.param (Name.anonymous.str "u")]).app
                                    (Expr.bvar 0))
                                  { pw := { repr := ConLeche.PropWhenRepr.never✝ } } }
                            1 0,
                          ConstantInfo.ctorInfo
                            { name := Name.anonymous.str "List.cons", levelParams := [Name.anonymous.str "u"],
                              type :=
                                (Expr.sort (Level.param (Name.anonymous.str "u")).succ).forallE
                                  ((Expr.bvar 0).forallE
                                    (((Expr.const (Name.anonymous.str "List")
                                              [Level.param (Name.anonymous.str "u")]).app
                                          (Expr.bvar 1)).forallE
                                      ((Expr.const (Name.anonymous.str "List")
                                            [Level.param (Name.anonymous.str "u")]).app
                                        (Expr.bvar 2))
                                      { pw := { repr := ConLeche.PropWhenRepr.never✝ } })
                                    { pw := { repr := ConLeche.PropWhenRepr.never✝ } })
                                  { pw := { repr := ConLeche.PropWhenRepr.never✝ } } }
                            1 2,
                          ConstantInfo.indInfo
                            { name := Name.anonymous.str "Tree2", levelParams := [],
                              type :=
                                (Expr.sort Level.zero.succ).forallE (Expr.sort Level.zero.succ)
                                  { pw := { repr := ConLeche.PropWhenRepr.never✝ } } }
                            { sortZ := { repr := ConLeche.PropWhenRepr.always✝ }, all := [Name.anonymous.str "Tree2"],
                              nparams := 1,
                              ctors := [Name.anonymous.str "Tree2.leaf", Name.anonymous.str "Tree2.node"] }] }.find?,
                ctorsOf := fun n => if (n == Ln) = true then listCs else [], lvls := [],
                ps := [Expr.fvar 0 (Expr.sort Level.zero.succ)],
                auxName := fun i => if (i == 1) = true then rn else cn }
              ((Expr.const (Name.anonymous.str "Tree2") []).app (Expr.fvar 0 (Expr.sort Level.zero.succ)))
        pure (__do_lift.forallE __do_lift_1 { pw := { repr := ConLeche.PropWhenRepr.never✝ } })
    ==>
      ((StateT.get.bind fun st => do
                let __do_lift ←
                  monadLift
                      (Official.isNestedApp
                        {
                          find? :=
                            {
                                consts :=
                                  [ConstantInfo.indInfo
                                      { name := Name.anonymous.str "List", levelParams := [Name.anonymous.str "u"],
                                        type :=
                                          (Expr.sort (Level.param (Name.anonymous.str "u")).succ).forallE
                                            (Expr.sort (Level.param (Name.anonymous.str "u")).succ)
                                            { pw := { repr := ConLeche.PropWhenRepr.never✝ } } }
                                      { sortZ := { repr := ConLeche.PropWhenRepr.always✝ },
                                        all := [Name.anonymous.str "List"], nparams := 1,
                                        ctors := [Name.anonymous.str "List.nil", Name.anonymous.str "List.cons"] },
                                    ConstantInfo.ctorInfo
                                      { name := Name.anonymous.str "List.nil", levelParams := [Name.anonymous.str "u"],
                                        type :=
                                          (Expr.sort (Level.param (Name.anonymous.str "u")).succ).forallE
                                            ((Expr.const (Name.anonymous.str "List")
                                                  [Level.param (Name.anonymous.str "u")]).app
                                              (Expr.bvar 0))
                                            { pw := { repr := ConLeche.PropWhenRepr.never✝ } } }
                                      1 0,
                                    ConstantInfo.ctorInfo
                                      { name := Name.anonymous.str "List.cons", levelParams := [Name.anonymous.str "u"],
                                        type :=
                                          (Expr.sort (Level.param (Name.anonymous.str "u")).succ).forallE
                                            ((Expr.bvar 0).forallE
                                              (((Expr.const (Name.anonymous.str "List")
                                                        [Level.param (Name.anonymous.str "u")]).app
                                                    (Expr.bvar 1)).forallE
                                                ((Expr.const (Name.anonymous.str "List")
                                                      [Level.param (Name.anonymous.str "u")]).app
                                                  (Expr.bvar 2))
                                                { pw := { repr := ConLeche.PropWhenRepr.never✝ } })
                                              { pw := { repr := ConLeche.PropWhenRepr.never✝ } })
                                            { pw := { repr := ConLeche.PropWhenRepr.never✝ } } }
                                      1 2,
                                    ConstantInfo.indInfo
                                      { name := Name.anonymous.str "Tree2", levelParams := [],
                                        type :=
                                          (Expr.sort Level.zero.succ).forallE (Expr.sort Level.zero.succ)
                                            { pw := { repr := ConLeche.PropWhenRepr.never✝ } } }
                                      { sortZ := { repr := ConLeche.PropWhenRepr.always✝ },
                                        all := [Name.anonymous.str "Tree2"], nparams := 1,
                                        ctors :=
                                          [Name.anonymous.str "Tree2.leaf", Name.anonymous.str "Tree2.node"] }] }.find?,
                          ctorsOf := fun n => if (n == Ln) = true then listCs else [], lvls := [],
                          ps := [Expr.fvar 0 (Expr.sort Level.zero.succ)],
                          auxName := fun i => if (i == 1) = true then rn else cn }
                        (List.map Official.AuxType.name st.types.toList)
                        ((Expr.const (Name.anonymous.str "List") [Level.zero]).app
                          ((Expr.const (Name.anonymous.str "List") [Level.zero]).app
                            ((Expr.const (Name.anonymous.str "Tree2") []).app
                              (Expr.fvar 0 (Expr.sort Level.zero.succ))))))
                match __do_lift with
                  | none => pure none
                  | some (I, us, np, args) =>
                    have key := (Expr.const I us).mkAppN (List.take np args);
                    have mk := fun a =>
                      ((Expr.const a
                                {
                                    find? :=
                                      {
                                          consts :=
                                            [ConstantInfo.indInfo
                                                { name := Name.anonymous.str "List",
                                                  levelParams := [Name.anonymous.str "u"],
                                                  type :=
                                                    (Expr.sort (Level.param (Name.anonymous.str "u")).succ).forallE
                                                      (Expr.sort (Level.param (Name.anonymous.str "u")).succ)
                                                      { pw := { repr := ConLeche.PropWhenRepr.never✝ } } }
                                                { sortZ := { repr := ConLeche.PropWhenRepr.always✝ },
                                                  all := [Name.anonymous.str "List"], nparams := 1,
                                                  ctors :=
                                                    [Name.anonymous.str "List.nil", Name.anonymous.str "List.cons"] },
                                              ConstantInfo.ctorInfo
                                                { name := Name.anonymous.str "List.nil",
                                                  levelParams := [Name.anonymous.str "u"],
                                                  type :=
                                                    (Expr.sort (Level.param (Name.anonymous.str "u")).succ).forallE
                                                      ((Expr.const (Name.anonymous.str "List")
                                                            [Level.param (Name.anonymous.str "u")]).app
                                                        (Expr.bvar 0))
                                                      { pw := { repr := ConLeche.PropWhenRepr.never✝ } } }
                                                1 0,
                                              ConstantInfo.ctorInfo
                                                { name := Name.anonymous.str "List.cons",
                                                  levelParams := [Name.anonymous.str "u"],
                                                  type :=
                                                    (Expr.sort (Level.param (Name.anonymous.str "u")).succ).forallE
                                                      ((Expr.bvar 0).forallE
                                                        (((Expr.const (Name.anonymous.str "List")
                                                                  [Level.param (Name.anonymous.str "u")]).app
                                                              (Expr.bvar 1)).forallE
                                                          ((Expr.const (Name.anonymous.str "List")
                                                                [Level.param (Name.anonymous.str "u")]).app
                                                            (Expr.bvar 2))
                                                          { pw := { repr := ConLeche.PropWhenRepr.never✝ } })
                                                        { pw := { repr := ConLeche.PropWhenRepr.never✝ } })
                                                      { pw := { repr := ConLeche.PropWhenRepr.never✝ } } }
                                                1 2,
                                              ConstantInfo.indInfo
                                                { name := Name.anonymous.str "Tree2", levelParams := [],
                                                  type :=
                                                    (Expr.sort Level.zero.succ).forallE (Expr.sort Level.zero.succ)
                                                      { pw := { repr := ConLeche.PropWhenRepr.never✝ } } }
                                                { sortZ := { repr := ConLeche.PropWhenRepr.always✝ },
                                                  all := [Name.anonymous.str "Tree2"], nparams := 1,
                                                  ctors :=
                                                    [Name.anonymous.str "Tree2.leaf",
                                                      Name.anonymous.str "Tree2.node"] }] }.find?,
                                    ctorsOf := fun n => if (n == Ln) = true then listCs else [], lvls := [],
                                    ps := [Expr.fvar 0 (Expr.sort Level.zero.succ)],
                                    auxName := fun i => if (i == 1) = true then rn else cn }.lvls).mkAppN
                            {
                                find? :=
                                  {
                                      consts :=
                                        [ConstantInfo.indInfo
                                            { name := Name.anonymous.str "List",
                                              levelParams := [Name.anonymous.str "u"],
                                              type :=
                                                (Expr.sort (Level.param (Name.anonymous.str "u")).succ).forallE
                                                  (Expr.sort (Level.param (Name.anonymous.str "u")).succ)
                                                  { pw := { repr := ConLeche.PropWhenRepr.never✝ } } }
                                            { sortZ := { repr := ConLeche.PropWhenRepr.always✝ },
                                              all := [Name.anonymous.str "List"], nparams := 1,
                                              ctors :=
                                                [Name.anonymous.str "List.nil", Name.anonymous.str "List.cons"] },
                                          ConstantInfo.ctorInfo
                                            { name := Name.anonymous.str "List.nil",
                                              levelParams := [Name.anonymous.str "u"],
                                              type :=
                                                (Expr.sort (Level.param (Name.anonymous.str "u")).succ).forallE
                                                  ((Expr.const (Name.anonymous.str "List")
                                                        [Level.param (Name.anonymous.str "u")]).app
                                                    (Expr.bvar 0))
                                                  { pw := { repr := ConLeche.PropWhenRepr.never✝ } } }
                                            1 0,
                                          ConstantInfo.ctorInfo
                                            { name := Name.anonymous.str "List.cons",
                                              levelParams := [Name.anonymous.str "u"],
                                              type :=
                                                (Expr.sort (Level.param (Name.anonymous.str "u")).succ).forallE
                                                  ((Expr.bvar 0).forallE
                                                    (((Expr.const (Name.anonymous.str "List")
                                                              [Level.param (Name.anonymous.str "u")]).app
                                                          (Expr.bvar 1)).forallE
                                                      ((Expr.const (Name.anonymous.str "List")
                                                            [Level.param (Name.anonymous.str "u")]).app
                                                        (Expr.bvar 2))
                                                      { pw := { repr := ConLeche.PropWhenRepr.never✝ } })
                                                    { pw := { repr := ConLeche.PropWhenRepr.never✝ } })
                                                  { pw := { repr := ConLeche.PropWhenRepr.never✝ } } }
                                            1 2,
                                          ConstantInfo.indInfo
                                            { name := Name.anonymous.str "Tree2", levelParams := [],
                                              type :=
                                                (Expr.sort Level.zero.succ).forallE (Expr.sort Level.zero.succ)
                                                  { pw := { repr := ConLeche.PropWhenRepr.never✝ } } }
                                            { sortZ := { repr := ConLeche.PropWhenRepr.always✝ },
                                              all := [Name.anonymous.str "Tree2"], nparams := 1,
                                              ctors :=
                                                [Name.anonymous.str "Tree2.leaf",
                                                  Name.anonymous.str "Tree2.node"] }] }.find?,
                                ctorsOf := fun n => if (n == Ln) = true then listCs else [], lvls := [],
                                ps := [Expr.fvar 0 (Expr.sort Level.zero.succ)],
                                auxName := fun i => if (i == 1) = true then rn else cn }.ps).mkAppN
                        (List.drop np args);
                    match List.lookup key st.aux with
                    | some a => pure (some (mk a))
                    | none => do
                      Official.copyBlock
                          {
                            find? :=
                              {
                                  consts :=
                                    [ConstantInfo.indInfo
                                        { name := Name.anonymous.str "List", levelParams := [Name.anonymous.str "u"],
                                          type :=
                                            (Expr.sort (Level.param (Name.anonymous.str "u")).succ).forallE
                                              (Expr.sort (Level.param (Name.anonymous.str "u")).succ)
                                              { pw := { repr := ConLeche.PropWhenRepr.never✝ } } }
                                        { sortZ := { repr := ConLeche.PropWhenRepr.always✝ },
                                          all := [Name.anonymous.str "List"], nparams := 1,
                                          ctors := [Name.anonymous.str "List.nil", Name.anonymous.str "List.cons"] },
                                      ConstantInfo.ctorInfo
                                        { name := Name.anonymous.str "List.nil",
                                          levelParams := [Name.anonymous.str "u"],
                                          type :=
                                            (Expr.sort (Level.param (Name.anonymous.str "u")).succ).forallE
                                              ((Expr.const (Name.anonymous.str "List")
                                                    [Level.param (Name.anonymous.str "u")]).app
                                                (Expr.bvar 0))
                                              { pw := { repr := ConLeche.PropWhenRepr.never✝ } } }
                                        1 0,
                                      ConstantInfo.ctorInfo
                                        { name := Name.anonymous.str "List.cons",
                                          levelParams := [Name.anonymous.str "u"],
                                          type :=
                                            (Expr.sort (Level.param (Name.anonymous.str "u")).succ).forallE
                                              ((Expr.bvar 0).forallE
                                                (((Expr.const (Name.anonymous.str "List")
                                                          [Level.param (Name.anonymous.str "u")]).app
                                                      (Expr.bvar 1)).forallE
                                                  ((Expr.const (Name.anonymous.str "List")
                                                        [Level.param (Name.anonymous.str "u")]).app
                                                    (Expr.bvar 2))
                                                  { pw := { repr := ConLeche.PropWhenRepr.never✝ } })
                                                { pw := { repr := ConLeche.PropWhenRepr.never✝ } })
                                              { pw := { repr := ConLeche.PropWhenRepr.never✝ } } }
                                        1 2,
                                      ConstantInfo.indInfo
                                        { name := Name.anonymous.str "Tree2", levelParams := [],
                                          type :=
                                            (Expr.sort Level.zero.succ).forallE (Expr.sort Level.zero.succ)
                                              { pw := { repr := ConLeche.PropWhenRepr.never✝ } } }
                                        { sortZ := { repr := ConLeche.PropWhenRepr.always✝ },
                                          all := [Name.anonymous.str "Tree2"], nparams := 1,
                                          ctors :=
                                            [Name.anonymous.str "Tree2.leaf",
                                              Name.anonymous.str "Tree2.node"] }] }.find?,
                            ctorsOf := fun n => if (n == Ln) = true then listCs else [], lvls := [],
                            ps := [Expr.fvar 0 (Expr.sort Level.zero.succ)],
                            auxName := fun i => if (i == 1) = true then rn else cn }
                          us (List.take np args)
                          (Official.blockOf
                            {
                              find? :=
                                {
                                    consts :=
                                      [ConstantInfo.indInfo
                                          { name := Name.anonymous.str "List", levelParams := [Name.anonymous.str "u"],
                                            type :=
                                              (Expr.sort (Level.param (Name.anonymous.str "u")).succ).forallE
                                                (Expr.sort (Level.param (Name.anonymous.str "u")).succ)
                                                { pw := { repr := ConLeche.PropWhenRepr.never✝ } } }
                                          { sortZ := { repr := ConLeche.PropWhenRepr.always✝ },
                                            all := [Name.anonymous.str "List"], nparams := 1,
                                            ctors := [Name.anonymous.str "List.nil", Name.anonymous.str "List.cons"] },
                                        ConstantInfo.ctorInfo
                                          { name := Name.anonymous.str "List.nil",
                                            levelParams := [Name.anonymous.str "u"],
                                            type :=
                                              (Expr.sort (Level.param (Name.anonymous.str "u")).succ).forallE
                                                ((Expr.const (Name.anonymous.str "List")
                                                      [Level.param (Name.anonymous.str "u")]).app
                                                  (Expr.bvar 0))
                                                { pw := { repr := ConLeche.PropWhenRepr.never✝ } } }
                                          1 0,
                                        ConstantInfo.ctorInfo
                                          { name := Name.anonymous.str "List.cons",
                                            levelParams := [Name.anonymous.str "u"],
                                            type :=
                                              (Expr.sort (Level.param (Name.anonymous.str "u")).succ).forallE
                                                ((Expr.bvar 0).forallE
                                                  (((Expr.const (Name.anonymous.str "List")
                                                            [Level.param (Name.anonymous.str "u")]).app
                                                        (Expr.bvar 1)).forallE
                                                    ((Expr.const (Name.anonymous.str "List")
                                                          [Level.param (Name.anonymous.str "u")]).app
                                                      (Expr.bvar 2))
                                                    { pw := { repr := ConLeche.PropWhenRepr.never✝ } })
                                                  { pw := { repr := ConLeche.PropWhenRepr.never✝ } })
                                                { pw := { repr := ConLeche.PropWhenRepr.never✝ } } }
                                          1 2,
                                        ConstantInfo.indInfo
                                          { name := Name.anonymous.str "Tree2", levelParams := [],
                                            type :=
                                              (Expr.sort Level.zero.succ).forallE (Expr.sort Level.zero.succ)
                                                { pw := { repr := ConLeche.PropWhenRepr.never✝ } } }
                                          { sortZ := { repr := ConLeche.PropWhenRepr.always✝ },
                                            all := [Name.anonymous.str "Tree2"], nparams := 1,
                                            ctors :=
                                              [Name.anonymous.str "Tree2.leaf",
                                                Name.anonymous.str "Tree2.node"] }] }.find?,
                              ctorsOf := fun n => if (n == Ln) = true then listCs else [], lvls := [],
                              ps := [Expr.fvar 0 (Expr.sort Level.zero.succ)],
                              auxName := fun i => if (i == 1) = true then rn else cn }
                            I)
                      let __do_lift ← get
                      match List.lookup key __do_lift.aux with
                        | some a => pure (some (mk a))
                        | none => throw Official.illFormed).bind
            fun __do_lift =>
            match __do_lift with
            | some a => fun a_1 => pure a a_1
            | none => do
              let __do_lift ←
                Official.replaceAll
                    {
                      find? :=
                        {
                            consts :=
                              [ConstantInfo.indInfo
                                  { name := Name.anonymous.str "List", levelParams := [Name.anonymous.str "u"],
                                    type :=
                                      (Expr.sort (Level.param (Name.anonymous.str "u")).succ).forallE
                                        (Expr.sort (Level.param (Name.anonymous.str "u")).succ)
                                        { pw := { repr := ConLeche.PropWhenRepr.never✝ } } }
                                  { sortZ := { repr := ConLeche.PropWhenRepr.always✝ },
                                    all := [Name.anonymous.str "List"], nparams := 1,
                                    ctors := [Name.anonymous.str "List.nil", Name.anonymous.str "List.cons"] },
                                ConstantInfo.ctorInfo
                                  { name := Name.anonymous.str "List.nil", levelParams := [Name.anonymous.str "u"],
                                    type :=
                                      (Expr.sort (Level.param (Name.anonymous.str "u")).succ).forallE
                                        ((Expr.const (Name.anonymous.str "List")
                                              [Level.param (Name.anonymous.str "u")]).app
                                          (Expr.bvar 0))
                                        { pw := { repr := ConLeche.PropWhenRepr.never✝ } } }
                                  1 0,
                                ConstantInfo.ctorInfo
                                  { name := Name.anonymous.str "List.cons", levelParams := [Name.anonymous.str "u"],
                                    type :=
                                      (Expr.sort (Level.param (Name.anonymous.str "u")).succ).forallE
                                        ((Expr.bvar 0).forallE
                                          (((Expr.const (Name.anonymous.str "List")
                                                    [Level.param (Name.anonymous.str "u")]).app
                                                (Expr.bvar 1)).forallE
                                            ((Expr.const (Name.anonymous.str "List")
                                                  [Level.param (Name.anonymous.str "u")]).app
                                              (Expr.bvar 2))
                                            { pw := { repr := ConLeche.PropWhenRepr.never✝ } })
                                          { pw := { repr := ConLeche.PropWhenRepr.never✝ } })
                                        { pw := { repr := ConLeche.PropWhenRepr.never✝ } } }
                                  1 2,
                                ConstantInfo.indInfo
                                  { name := Name.anonymous.str "Tree2", levelParams := [],
                                    type :=
                                      (Expr.sort Level.zero.succ).forallE (Expr.sort Level.zero.succ)
                                        { pw := { repr := ConLeche.PropWhenRepr.never✝ } } }
                                  { sortZ := { repr := ConLeche.PropWhenRepr.always✝ },
                                    all := [Name.anonymous.str "Tree2"], nparams := 1,
                                    ctors :=
                                      [Name.anonymous.str "Tree2.leaf", Name.anonymous.str "Tree2.node"] }] }.find?,
                      ctorsOf := fun n => if (n == Ln) = true then listCs else [], lvls := [],
                      ps := [Expr.fvar 0 (Expr.sort Level.zero.succ)],
                      auxName := fun i => if (i == 1) = true then rn else cn }
                    (Expr.const (Name.anonymous.str "List") [Level.zero])
              let __do_lift_1 ←
                Official.replaceAll
                    {
                      find? :=
                        {
                            consts :=
                              [ConstantInfo.indInfo
                                  { name := Name.anonymous.str "List", levelParams := [Name.anonymous.str "u"],
                                    type :=
                                      (Expr.sort (Level.param (Name.anonymous.str "u")).succ).forallE
                                        (Expr.sort (Level.param (Name.anonymous.str "u")).succ)
                                        { pw := { repr := ConLeche.PropWhenRepr.never✝ } } }
                                  { sortZ := { repr := ConLeche.PropWhenRepr.always✝ },
                                    all := [Name.anonymous.str "List"], nparams := 1,
                                    ctors := [Name.anonymous.str "List.nil", Name.anonymous.str "List.cons"] },
                                ConstantInfo.ctorInfo
                                  { name := Name.anonymous.str "List.nil", levelParams := [Name.anonymous.str "u"],
                                    type :=
                                      (Expr.sort (Level.param (Name.anonymous.str "u")).succ).forallE
                                        ((Expr.const (Name.anonymous.str "List")
                                              [Level.param (Name.anonymous.str "u")]).app
                                          (Expr.bvar 0))
                                        { pw := { repr := ConLeche.PropWhenRepr.never✝ } } }
                                  1 0,
                                ConstantInfo.ctorInfo
                                  { name := Name.anonymous.str "List.cons", levelParams := [Name.anonymous.str "u"],
                                    type :=
                                      (Expr.sort (Level.param (Name.anonymous.str "u")).succ).forallE
                                        ((Expr.bvar 0).forallE
                                          (((Expr.const (Name.anonymous.str "List")
                                                    [Level.param (Name.anonymous.str "u")]).app
                                                (Expr.bvar 1)).forallE
                                            ((Expr.const (Name.anonymous.str "List")
                                                  [Level.param (Name.anonymous.str "u")]).app
                                              (Expr.bvar 2))
                                            { pw := { repr := ConLeche.PropWhenRepr.never✝ } })
                                          { pw := { repr := ConLeche.PropWhenRepr.never✝ } })
                                        { pw := { repr := ConLeche.PropWhenRepr.never✝ } } }
                                  1 2,
                                ConstantInfo.indInfo
                                  { name := Name.anonymous.str "Tree2", levelParams := [],
                                    type :=
                                      (Expr.sort Level.zero.succ).forallE (Expr.sort Level.zero.succ)
                                        { pw := { repr := ConLeche.PropWhenRepr.never✝ } } }
                                  { sortZ := { repr := ConLeche.PropWhenRepr.always✝ },
                                    all := [Name.anonymous.str "Tree2"], nparams := 1,
                                    ctors :=
                                      [Name.anonymous.str "Tree2.leaf", Name.anonymous.str "Tree2.node"] }] }.find?,
                      ctorsOf := fun n => if (n == Ln) = true then listCs else [], lvls := [],
                      ps := [Expr.fvar 0 (Expr.sort Level.zero.succ)],
                      auxName := fun i => if (i == 1) = true then rn else cn }
                    ((Expr.const (Name.anonymous.str "List") [Level.zero]).app
                      ((Expr.const (Name.anonymous.str "Tree2") []).app (Expr.fvar 0 (Expr.sort Level.zero.succ))))
              pure (__do_lift.app __do_lift_1)).bind
        fun __do_lift => do
        let __do_lift_1 ←
          Official.replaceAll
              {
                find? :=
                  {
                      consts :=
                        [ConstantInfo.indInfo
                            { name := Name.anonymous.str "List", levelParams := [Name.anonymous.str "u"],
                              type :=
                                (Expr.sort (Level.param (Name.anonymous.str "u")).succ).forallE
                                  (Expr.sort (Level.param (Name.anonymous.str "u")).succ)
                                  { pw := { repr := ConLeche.PropWhenRepr.never✝ } } }
                            { sortZ := { repr := ConLeche.PropWhenRepr.always✝ }, all := [Name.anonymous.str "List"],
                              nparams := 1, ctors := [Name.anonymous.str "List.nil", Name.anonymous.str "List.cons"] },
                          ConstantInfo.ctorInfo
                            { name := Name.anonymous.str "List.nil", levelParams := [Name.anonymous.str "u"],
                              type :=
                                (Expr.sort (Level.param (Name.anonymous.str "u")).succ).forallE
                                  ((Expr.const (Name.anonymous.str "List") [Level.param (Name.anonymous.str "u")]).app
                                    (Expr.bvar 0))
                                  { pw := { repr := ConLeche.PropWhenRepr.never✝ } } }
                            1 0,
                          ConstantInfo.ctorInfo
                            { name := Name.anonymous.str "List.cons", levelParams := [Name.anonymous.str "u"],
                              type :=
                                (Expr.sort (Level.param (Name.anonymous.str "u")).succ).forallE
                                  ((Expr.bvar 0).forallE
                                    (((Expr.const (Name.anonymous.str "List")
                                              [Level.param (Name.anonymous.str "u")]).app
                                          (Expr.bvar 1)).forallE
                                      ((Expr.const (Name.anonymous.str "List")
                                            [Level.param (Name.anonymous.str "u")]).app
                                        (Expr.bvar 2))
                                      { pw := { repr := ConLeche.PropWhenRepr.never✝ } })
                                    { pw := { repr := ConLeche.PropWhenRepr.never✝ } })
                                  { pw := { repr := ConLeche.PropWhenRepr.never✝ } } }
                            1 2,
                          ConstantInfo.indInfo
                            { name := Name.anonymous.str "Tree2", levelParams := [],
                              type :=
                                (Expr.sort Level.zero.succ).forallE (Expr.sort Level.zero.succ)
                                  { pw := { repr := ConLeche.PropWhenRepr.never✝ } } }
                            { sortZ := { repr := ConLeche.PropWhenRepr.always✝ }, all := [Name.anonymous.str "Tree2"],
                              nparams := 1,
                              ctors := [Name.anonymous.str "Tree2.leaf", Name.anonymous.str "Tree2.node"] }] }.find?,
                ctorsOf := fun n => if (n == Ln) = true then listCs else [], lvls := [],
                ps := [Expr.fvar 0 (Expr.sort Level.zero.succ)],
                auxName := fun i => if (i == 1) = true then rn else cn }
              ((Expr.const (Name.anonymous.str "Tree2") []).app (Expr.fvar 0 (Expr.sort Level.zero.succ)))
        pure (__do_lift.forallE __do_lift_1 { pw := { repr := ConLeche.PropWhenRepr.never✝ } })
[Debug.Meta.Tactic.cbv.reduce] simplifyAppFn:
      StateT.instMonad.toBind.1
        (((StateT.get.bind fun st => do
                  let __do_lift ←
                    monadLift
                        (Official.isNestedApp
                          {
                            find? :=
                              {
                                  consts :=
                                    [ConstantInfo.indInfo
                                        { name := Name.anonymous.str "List", levelParams := [Name.anonymous.str "u"],
                                          type :=
                                            (Expr.sort (Level.param (Name.anonymous.str "u")).succ).forallE
                                              (Expr.sort (Level.param (Name.anonymous.str "u")).succ)
                                              { pw := { repr := ConLeche.PropWhenRepr.never✝ } } }
                                        { sortZ := { repr := ConLeche.PropWhenRepr.always✝ },
                                          all := [Name.anonymous.str "List"], nparams := 1,
                                          ctors := [Name.anonymous.str "List.nil", Name.anonymous.str "List.cons"] },
                                      ConstantInfo.ctorInfo
                                        { name := Name.anonymous.str "List.nil",
                                          levelParams := [Name.anonymous.str "u"],
                                          type :=
                                            (Expr.sort (Level.param (Name.anonymous.str "u")).succ).forallE
                                              ((Expr.const (Name.anonymous.str "List")
                                                    [Level.param (Name.anonymous.str "u")]).app
                                                (Expr.bvar 0))
                                              { pw := { repr := ConLeche.PropWhenRepr.never✝ } } }
                                        1 0,
                                      ConstantInfo.ctorInfo
                                        { name := Name.anonymous.str "List.cons",
                                          levelParams := [Name.anonymous.str "u"],
                                          type :=
                                            (Expr.sort (Level.param (Name.anonymous.str "u")).succ).forallE
                                              ((Expr.bvar 0).forallE
                                                (((Expr.const (Name.anonymous.str "List")
                                                          [Level.param (Name.anonymous.str "u")]).app
                                                      (Expr.bvar 1)).forallE
                                                  ((Expr.const (Name.anonymous.str "List")
                                                        [Level.param (Name.anonymous.str "u")]).app
                                                    (Expr.bvar 2))
                                                  { pw := { repr := ConLeche.PropWhenRepr.never✝ } })
                                                { pw := { repr := ConLeche.PropWhenRepr.never✝ } })
                                              { pw := { repr := ConLeche.PropWhenRepr.never✝ } } }
                                        1 2,
                                      ConstantInfo.indInfo
                                        { name := Name.anonymous.str "Tree2", levelParams := [],
                                          type :=
                                            (Expr.sort Level.zero.succ).forallE (Expr.sort Level.zero.succ)
                                              { pw := { repr := ConLeche.PropWhenRepr.never✝ } } }
                                        { sortZ := { repr := ConLeche.PropWhenRepr.always✝ },
                                          all := [Name.anonymous.str "Tree2"], nparams := 1,
                                          ctors :=
                                            [Name.anonymous.str "Tree2.leaf",
                                              Name.anonymous.str "Tree2.node"] }] }.find?,
                            ctorsOf := fun n => if (n == Ln) = true then listCs else [], lvls := [],
                            ps := [Expr.fvar 0 (Expr.sort Level.zero.succ)],
                            auxName := fun i => if (i == 1) = true then rn else cn }
                          (List.map Official.AuxType.name st.types.toList)
                          ((Expr.const (Name.anonymous.str "List") [Level.zero]).app
                            ((Expr.const (Name.anonymous.str "List") [Level.zero]).app
                              ((Expr.const (Name.anonymous.str "Tree2") []).app
                                (Expr.fvar 0 (Expr.sort Level.zero.succ))))))
                  match __do_lift with
                    | none => pure none
                    | some (I, us, np, args) =>
                      have key := (Expr.const I us).mkAppN (List.take np args);
                      have mk := fun a =>
                        ((Expr.const a
                                  {
                                      find? :=
                                        {
                                            consts :=
                                              [ConstantInfo.indInfo
                                                  { name := Name.anonymous.str "List",
                                                    levelParams := [Name.anonymous.str "u"],
                                                    type :=
                                                      (Expr.sort (Level.param (Name.anonymous.str "u")).succ).forallE
                                                        (Expr.sort (Level.param (Name.anonymous.str "u")).succ)
                                                        { pw := { repr := ConLeche.PropWhenRepr.never✝ } } }
                                                  { sortZ := { repr := ConLeche.PropWhenRepr.always✝ },
                                                    all := [Name.anonymous.str "List"], nparams := 1,
                                                    ctors :=
                                                      [Name.anonymous.str "List.nil", Name.anonymous.str "List.cons"] },
                                                ConstantInfo.ctorInfo
                                                  { name := Name.anonymous.str "List.nil",
                                                    levelParams := [Name.anonymous.str "u"],
                                                    type :=
                                                      (Expr.sort (Level.param (Name.anonymous.str "u")).succ).forallE
                                                        ((Expr.const (Name.anonymous.str "List")
                                                              [Level.param (Name.anonymous.str "u")]).app
                                                          (Expr.bvar 0))
                                                        { pw := { repr := ConLeche.PropWhenRepr.never✝ } } }
                                                  1 0,
                                                ConstantInfo.ctorInfo
                                                  { name := Name.anonymous.str "List.cons",
                                                    levelParams := [Name.anonymous.str "u"],
                                                    type :=
                                                      (Expr.sort (Level.param (Name.anonymous.str "u")).succ).forallE
                                                        ((Expr.bvar 0).forallE
                                                          (((Expr.const (Name.anonymous.str "List")
                                                                    [Level.param (Name.anonymous.str "u")]).app
                                                                (Expr.bvar 1)).forallE
                                                            ((Expr.const (Name.anonymous.str "List")
                                                                  [Level.param (Name.anonymous.str "u")]).app
                                                              (Expr.bvar 2))
                                                            { pw := { repr := ConLeche.PropWhenRepr.never✝ } })
                                                          { pw := { repr := ConLeche.PropWhenRepr.never✝ } })
                                                        { pw := { repr := ConLeche.PropWhenRepr.never✝ } } }
                                                  1 2,
                                                ConstantInfo.indInfo
                                                  { name := Name.anonymous.str "Tree2", levelParams := [],
                                                    type :=
                                                      (Expr.sort Level.zero.succ).forallE (Expr.sort Level.zero.succ)
                                                        { pw := { repr := ConLeche.PropWhenRepr.never✝ } } }
                                                  { sortZ := { repr := ConLeche.PropWhenRepr.always✝ },
                                                    all := [Name.anonymous.str "Tree2"], nparams := 1,
                                                    ctors :=
                                                      [Name.anonymous.str "Tree2.leaf",
                                                        Name.anonymous.str "Tree2.node"] }] }.find?,
                                      ctorsOf := fun n => if (n == Ln) = true then listCs else [], lvls := [],
                                      ps := [Expr.fvar 0 (Expr.sort Level.zero.succ)],
                                      auxName := fun i => if (i == 1) = true then rn else cn }.lvls).mkAppN
                              {
                                  find? :=
                                    {
                                        consts :=
                                          [ConstantInfo.indInfo
                                              { name := Name.anonymous.str "List",
                                                levelParams := [Name.anonymous.str "u"],
                                                type :=
                                                  (Expr.sort (Level.param (Name.anonymous.str "u")).succ).forallE
                                                    (Expr.sort (Level.param (Name.anonymous.str "u")).succ)
                                                    { pw := { repr := ConLeche.PropWhenRepr.never✝ } } }
                                              { sortZ := { repr := ConLeche.PropWhenRepr.always✝ },
                                                all := [Name.anonymous.str "List"], nparams := 1,
                                                ctors :=
                                                  [Name.anonymous.str "List.nil", Name.anonymous.str "List.cons"] },
                                            ConstantInfo.ctorInfo
                                              { name := Name.anonymous.str "List.nil",
                                                levelParams := [Name.anonymous.str "u"],
                                                type :=
                                                  (Expr.sort (Level.param (Name.anonymous.str "u")).succ).forallE
                                                    ((Expr.const (Name.anonymous.str "List")
                                                          [Level.param (Name.anonymous.str "u")]).app
                                                      (Expr.bvar 0))
                                                    { pw := { repr := ConLeche.PropWhenRepr.never✝ } } }
                                              1 0,
                                            ConstantInfo.ctorInfo
                                              { name := Name.anonymous.str "List.cons",
                                                levelParams := [Name.anonymous.str "u"],
                                                type :=
                                                  (Expr.sort (Level.param (Name.anonymous.str "u")).succ).forallE
                                                    ((Expr.bvar 0).forallE
                                                      (((Expr.const (Name.anonymous.str "List")
                                                                [Level.param (Name.anonymous.str "u")]).app
                                                            (Expr.bvar 1)).forallE
                                                        ((Expr.const (Name.anonymous.str "List")
                                                              [Level.param (Name.anonymous.str "u")]).app
                                                          (Expr.bvar 2))
                                                        { pw := { repr := ConLeche.PropWhenRepr.never✝ } })
                                                      { pw := { repr := ConLeche.PropWhenRepr.never✝ } })
                                                    { pw := { repr := ConLeche.PropWhenRepr.never✝ } } }
                                              1 2,
                                            ConstantInfo.indInfo
                                              { name := Name.anonymous.str "Tree2", levelParams := [],
                                                type :=
                                                  (Expr.sort Level.zero.succ).forallE (Expr.sort Level.zero.succ)
                                                    { pw := { repr := ConLeche.PropWhenRepr.never✝ } } }
                                              { sortZ := { repr := ConLeche.PropWhenRepr.always✝ },
                                                all := [Name.anonymous.str "Tree2"], nparams := 1,
                                                ctors :=
                                                  [Name.anonymous.str "Tree2.leaf",
                                                    Name.anonymous.str "Tree2.node"] }] }.find?,
                                  ctorsOf := fun n => if (n == Ln) = true then listCs else [], lvls := [],
                                  ps := [Expr.fvar 0 (Expr.sort Level.zero.succ)],
                                  auxName := fun i => if (i == 1) = true then rn else cn }.ps).mkAppN
                          (List.drop np args);
                      match List.lookup key st.aux with
                      | some a => pure (some (mk a))
                      | none => do
                        Official.copyBlock
                            {
                              find? :=
                                {
                                    consts :=
                                      [ConstantInfo.indInfo
                                          { name := Name.anonymous.str "List", levelParams := [Name.anonymous.str "u"],
                                            type :=
                                              (Expr.sort (Level.param (Name.anonymous.str "u")).succ).forallE
                                                (Expr.sort (Level.param (Name.anonymous.str "u")).succ)
                                                { pw := { repr := ConLeche.PropWhenRepr.never✝ } } }
                                          { sortZ := { repr := ConLeche.PropWhenRepr.always✝ },
                                            all := [Name.anonymous.str "List"], nparams := 1,
                                            ctors := [Name.anonymous.str "List.nil", Name.anonymous.str "List.cons"] },
                                        ConstantInfo.ctorInfo
                                          { name := Name.anonymous.str "List.nil",
                                            levelParams := [Name.anonymous.str "u"],
                                            type :=
                                              (Expr.sort (Level.param (Name.anonymous.str "u")).succ).forallE
                                                ((Expr.const (Name.anonymous.str "List")
                                                      [Level.param (Name.anonymous.str "u")]).app
                                                  (Expr.bvar 0))
                                                { pw := { repr := ConLeche.PropWhenRepr.never✝ } } }
                                          1 0,
                                        ConstantInfo.ctorInfo
                                          { name := Name.anonymous.str "List.cons",
                                            levelParams := [Name.anonymous.str "u"],
                                            type :=
                                              (Expr.sort (Level.param (Name.anonymous.str "u")).succ).forallE
                                                ((Expr.bvar 0).forallE
                                                  (((Expr.const (Name.anonymous.str "List")
                                                            [Level.param (Name.anonymous.str "u")]).app
                                                        (Expr.bvar 1)).forallE
                                                    ((Expr.const (Name.anonymous.str "List")
                                                          [Level.param (Name.anonymous.str "u")]).app
                                                      (Expr.bvar 2))
                                                    { pw := { repr := ConLeche.PropWhenRepr.never✝ } })
                                                  { pw := { repr := ConLeche.PropWhenRepr.never✝ } })
                                                { pw := { repr := ConLeche.PropWhenRepr.never✝ } } }
                                          1 2,
                                        ConstantInfo.indInfo
                                          { name := Name.anonymous.str "Tree2", levelParams := [],
                                            type :=
                                              (Expr.sort Level.zero.succ).forallE (Expr.sort Level.zero.succ)
                                                { pw := { repr := ConLeche.PropWhenRepr.never✝ } } }
                                          { sortZ := { repr := ConLeche.PropWhenRepr.always✝ },
                                            all := [Name.anonymous.str "Tree2"], nparams := 1,
                                            ctors :=
                                              [Name.anonymous.str "Tree2.leaf",
                                                Name.anonymous.str "Tree2.node"] }] }.find?,
                              ctorsOf := fun n => if (n == Ln) = true then listCs else [], lvls := [],
                              ps := [Expr.fvar 0 (Expr.sort Level.zero.succ)],
                              auxName := fun i => if (i == 1) = true then rn else cn }
                            us (List.take np args)
                            (Official.blockOf
                              {
                                find? :=
                                  {
                                      consts :=
                                        [ConstantInfo.indInfo
                                            { name := Name.anonymous.str "List",
                                              levelParams := [Name.anonymous.str "u"],
                                              type :=
                                                (Expr.sort (Level.param (Name.anonymous.str "u")).succ).forallE
                                                  (Expr.sort (Level.param (Name.anonymous.str "u")).succ)
                                                  { pw := { repr := ConLeche.PropWhenRepr.never✝ } } }
                                            { sortZ := { repr := ConLeche.PropWhenRepr.always✝ },
                                              all := [Name.anonymous.str "List"], nparams := 1,
                                              ctors :=
                                                [Name.anonymous.str "List.nil", Name.anonymous.str "List.cons"] },
                                          ConstantInfo.ctorInfo
                                            { name := Name.anonymous.str "List.nil",
                                              levelParams := [Name.anonymous.str "u"],
                                              type :=
                                                (Expr.sort (Level.param (Name.anonymous.str "u")).succ).forallE
                                                  ((Expr.const (Name.anonymous.str "List")
                                                        [Level.param (Name.anonymous.str "u")]).app
                                                    (Expr.bvar 0))
                                                  { pw := { repr := ConLeche.PropWhenRepr.never✝ } } }
                                            1 0,
                                          ConstantInfo.ctorInfo
                                            { name := Name.anonymous.str "List.cons",
                                              levelParams := [Name.anonymous.str "u"],
                                              type :=
                                                (Expr.sort (Level.param (Name.anonymous.str "u")).succ).forallE
                                                  ((Expr.bvar 0).forallE
                                                    (((Expr.const (Name.anonymous.str "List")
                                                              [Level.param (Name.anonymous.str "u")]).app
                                                          (Expr.bvar 1)).forallE
                                                      ((Expr.const (Name.anonymous.str "List")
                                                            [Level.param (Name.anonymous.str "u")]).app
                                                        (Expr.bvar 2))
                                                      { pw := { repr := ConLeche.PropWhenRepr.never✝ } })
                                                    { pw := { repr := ConLeche.PropWhenRepr.never✝ } })
                                                  { pw := { repr := ConLeche.PropWhenRepr.never✝ } } }
                                            1 2,
                                          ConstantInfo.indInfo
                                            { name := Name.anonymous.str "Tree2", levelParams := [],
                                              type :=
                                                (Expr.sort Level.zero.succ).forallE (Expr.sort Level.zero.succ)
                                                  { pw := { repr := ConLeche.PropWhenRepr.never✝ } } }
                                            { sortZ := { repr := ConLeche.PropWhenRepr.always✝ },
                                              all := [Name.anonymous.str "Tree2"], nparams := 1,
                                              ctors :=
                                                [Name.anonymous.str "Tree2.leaf",
                                                  Name.anonymous.str "Tree2.node"] }] }.find?,
                                ctorsOf := fun n => if (n == Ln) = true then listCs else [], lvls := [],
                                ps := [Expr.fvar 0 (Expr.sort Level.zero.succ)],
                                auxName := fun i => if (i == 1) = true then rn else cn }
                              I)
                        let __do_lift ← get
                        match List.lookup key __do_lift.aux with
                          | some a => pure (some (mk a))
                          | none => throw Official.illFormed).bind
              fun __do_lift =>
              match __do_lift with
              | some a => fun a_1 => pure a a_1
              | none => do
                let __do_lift ←
                  Official.replaceAll
                      {
                        find? :=
                          {
                              consts :=
                                [ConstantInfo.indInfo
                                    { name := Name.anonymous.str "List", levelParams := [Name.anonymous.str "u"],
                                      type :=
                                        (Expr.sort (Level.param (Name.anonymous.str "u")).succ).forallE
                                          (Expr.sort (Level.param (Name.anonymous.str "u")).succ)
                                          { pw := { repr := ConLeche.PropWhenRepr.never✝ } } }
                                    { sortZ := { repr := ConLeche.PropWhenRepr.always✝ },
                                      all := [Name.anonymous.str "List"], nparams := 1,
                                      ctors := [Name.anonymous.str "List.nil", Name.anonymous.str "List.cons"] },
                                  ConstantInfo.ctorInfo
                                    { name := Name.anonymous.str "List.nil", levelParams := [Name.anonymous.str "u"],
                                      type :=
                                        (Expr.sort (Level.param (Name.anonymous.str "u")).succ).forallE
                                          ((Expr.const (Name.anonymous.str "List")
                                                [Level.param (Name.anonymous.str "u")]).app
                                            (Expr.bvar 0))
                                          { pw := { repr := ConLeche.PropWhenRepr.never✝ } } }
                                    1 0,
                                  ConstantInfo.ctorInfo
                                    { name := Name.anonymous.str "List.cons", levelParams := [Name.anonymous.str "u"],
                                      type :=
                                        (Expr.sort (Level.param (Name.anonymous.str "u")).succ).forallE
                                          ((Expr.bvar 0).forallE
                                            (((Expr.const (Name.anonymous.str "List")
                                                      [Level.param (Name.anonymous.str "u")]).app
                                                  (Expr.bvar 1)).forallE
                                              ((Expr.const (Name.anonymous.str "List")
                                                    [Level.param (Name.anonymous.str "u")]).app
                                                (Expr.bvar 2))
                                              { pw := { repr := ConLeche.PropWhenRepr.never✝ } })
                                            { pw := { repr := ConLeche.PropWhenRepr.never✝ } })
                                          { pw := { repr := ConLeche.PropWhenRepr.never✝ } } }
                                    1 2,
                                  ConstantInfo.indInfo
                                    { name := Name.anonymous.str "Tree2", levelParams := [],
                                      type :=
                                        (Expr.sort Level.zero.succ).forallE (Expr.sort Level.zero.succ)
                                          { pw := { repr := ConLeche.PropWhenRepr.never✝ } } }
                                    { sortZ := { repr := ConLeche.PropWhenRepr.always✝ },
                                      all := [Name.anonymous.str "Tree2"], nparams := 1,
                                      ctors :=
                                        [Name.anonymous.str "Tree2.leaf", Name.anonymous.str "Tree2.node"] }] }.find?,
                        ctorsOf := fun n => if (n == Ln) = true then listCs else [], lvls := [],
                        ps := [Expr.fvar 0 (Expr.sort Level.zero.succ)],
                        auxName := fun i => if (i == 1) = true then rn else cn }
                      (Expr.const (Name.anonymous.str "List") [Level.zero])
                let __do_lift_1 ←
                  Official.replaceAll
                      {
                        find? :=
                          {
                              consts :=
                                [ConstantInfo.indInfo
                                    { name := Name.anonymous.str "List", levelParams := [Name.anonymous.str "u"],
                                      type :=
                                        (Expr.sort (Level.param (Name.anonymous.str "u")).succ).forallE
                                          (Expr.sort (Level.param (Name.anonymous.str "u")).succ)
                                          { pw := { repr := ConLeche.PropWhenRepr.never✝ } } }
                                    { sortZ := { repr := ConLeche.PropWhenRepr.always✝ },
                                      all := [Name.anonymous.str "List"], nparams := 1,
                                      ctors := [Name.anonymous.str "List.nil", Name.anonymous.str "List.cons"] },
                                  ConstantInfo.ctorInfo
                                    { name := Name.anonymous.str "List.nil", levelParams := [Name.anonymous.str "u"],
                                      type :=
                                        (Expr.sort (Level.param (Name.anonymous.str "u")).succ).forallE
                                          ((Expr.const (Name.anonymous.str "List")
                                                [Level.param (Name.anonymous.str "u")]).app
                                            (Expr.bvar 0))
                                          { pw := { repr := ConLeche.PropWhenRepr.never✝ } } }
                                    1 0,
                                  ConstantInfo.ctorInfo
                                    { name := Name.anonymous.str "List.cons", levelParams := [Name.anonymous.str "u"],
                                      type :=
                                        (Expr.sort (Level.param (Name.anonymous.str "u")).succ).forallE
                                          ((Expr.bvar 0).forallE
                                            (((Expr.const (Name.anonymous.str "List")
                                                      [Level.param (Name.anonymous.str "u")]).app
                                                  (Expr.bvar 1)).forallE
                                              ((Expr.const (Name.anonymous.str "List")
                                                    [Level.param (Name.anonymous.str "u")]).app
                                                (Expr.bvar 2))
                                              { pw := { repr := ConLeche.PropWhenRepr.never✝ } })
                                            { pw := { repr := ConLeche.PropWhenRepr.never✝ } })
                                          { pw := { repr := ConLeche.PropWhenRepr.never✝ } } }
                                    1 2,
                                  ConstantInfo.indInfo
                                    { name := Name.anonymous.str "Tree2", levelParams := [],
                                      type :=
                                        (Expr.sort Level.zero.succ).forallE (Expr.sort Level.zero.succ)
                                          { pw := { repr := ConLeche.PropWhenRepr.never✝ } } }
                                    { sortZ := { repr := ConLeche.PropWhenRepr.always✝ },
                                      all := [Name.anonymous.str "Tree2"], nparams := 1,
                                      ctors :=
                                        [Name.anonymous.str "Tree2.leaf", Name.anonymous.str "Tree2.node"] }] }.find?,
                        ctorsOf := fun n => if (n == Ln) = true then listCs else [], lvls := [],
                        ps := [Expr.fvar 0 (Expr.sort Level.zero.succ)],
                        auxName := fun i => if (i == 1) = true then rn else cn }
                      ((Expr.const (Name.anonymous.str "List") [Level.zero]).app
                        ((Expr.const (Name.anonymous.str "Tree2") []).app (Expr.fvar 0 (Expr.sort Level.zero.succ))))
                pure (__do_lift.app __do_lift_1)).bind
          fun __do_lift => do
          let __do_lift_1 ←
            Official.replaceAll
                {
                  find? :=
                    {
                        consts :=
                          [ConstantInfo.indInfo
                              { name := Name.anonymous.str "List", levelParams := [Name.anonymous.str "u"],
                                type :=
                                  (Expr.sort (Level.param (Name.anonymous.str "u")).succ).forallE
                                    (Expr.sort (Level.param (Name.anonymous.str "u")).succ)
                                    { pw := { repr := ConLeche.PropWhenRepr.never✝ } } }
                              { sortZ := { repr := ConLeche.PropWhenRepr.always✝ }, all := [Name.anonymous.str "List"],
                                nparams := 1,
                                ctors := [Name.anonymous.str "List.nil", Name.anonymous.str "List.cons"] },
                            ConstantInfo.ctorInfo
                              { name := Name.anonymous.str "List.nil", levelParams := [Name.anonymous.str "u"],
                                type :=
                                  (Expr.sort (Level.param (Name.anonymous.str "u")).succ).forallE
                                    ((Expr.const (Name.anonymous.str "List") [Level.param (Name.anonymous.str "u")]).app
                                      (Expr.bvar 0))
                                    { pw := { repr := ConLeche.PropWhenRepr.never✝ } } }
                              1 0,
                            ConstantInfo.ctorInfo
                              { name := Name.anonymous.str "List.cons", levelParams := [Name.anonymous.str "u"],
                                type :=
                                  (Expr.sort (Level.param (Name.anonymous.str "u")).succ).forallE
                                    ((Expr.bvar 0).forallE
                                      (((Expr.const (Name.anonymous.str "List")
                                                [Level.param (Name.anonymous.str "u")]).app
                                            (Expr.bvar 1)).forallE
                                        ((Expr.const (Name.anonymous.str "List")
                                              [Level.param (Name.anonymous.str "u")]).app
                                          (Expr.bvar 2))
                                        { pw := { repr := ConLeche.PropWhenRepr.never✝ } })
                                      { pw := { repr := ConLeche.PropWhenRepr.never✝ } })
                                    { pw := { repr := ConLeche.PropWhenRepr.never✝ } } }
                              1 2,
                            ConstantInfo.indInfo
                              { name := Name.anonymous.str "Tree2", levelParams := [],
                                type :=
                                  (Expr.sort Level.zero.succ).forallE (Expr.sort Level.zero.succ)
                                    { pw := { repr := ConLeche.PropWhenRepr.never✝ } } }
                              { sortZ := { repr := ConLeche.PropWhenRepr.always✝ }, all := [Name.anonymous.str "Tree2"],
                                nparams := 1,
                                ctors := [Name.anonymous.str "Tree2.leaf", Name.anonymous.str "Tree2.node"] }] }.find?,
                  ctorsOf := fun n => if (n == Ln) = true then listCs else [], lvls := [],
                  ps := [Expr.fvar 0 (Expr.sort Level.zero.succ)],
                  auxName := fun i => if (i == 1) = true then rn else cn }
                ((Expr.const (Name.anonymous.str "Tree2") []).app (Expr.fvar 0 (Expr.sort Level.zero.succ)))
          pure (__do_lift.forallE __do_lift_1 { pw := { repr := ConLeche.PropWhenRepr.never✝ } }))
        (fun __do_lift =>
          List.mapM.loop
            (Official.replaceAll
              {
                find? :=
                  {
                      consts :=
                        [ConstantInfo.indInfo
                            { name := Name.anonymous.str "List", levelParams := [Name.anonymous.str "u"],
                              type :=
                                (Expr.sort (Level.param (Name.anonymous.str "u")).succ).forallE
                                  (Expr.sort (Level.param (Name.anonymous.str "u")).succ)
                                  { pw := { repr := ConLeche.PropWhenRepr.never✝ } } }
                            { sortZ := { repr := ConLeche.PropWhenRepr.always✝ }, all := [Name.anonymous.str "List"],
                              nparams := 1, ctors := [Name.anonymous.str "List.nil", Name.anonymous.str "List.cons"] },
                          ConstantInfo.ctorInfo
                            { name := Name.anonymous.str "List.nil", levelParams := [Name.anonymous.str "u"],
                              type :=
                                (Expr.sort (Level.param (Name.anonymous.str "u")).succ).forallE
                                  ((Expr.const (Name.anonymous.str "List") [Level.param (Name.anonymous.str "u")]).app
                                    (Expr.bvar 0))
                                  { pw := { repr := ConLeche.PropWhenRepr.never✝ } } }
                            1 0,
                          ConstantInfo.ctorInfo
                            { name := Name.anonymous.str "List.cons", levelParams := [Name.anonymous.str "u"],
                              type :=
                                (Expr.sort (Level.param (Name.anonymous.str "u")).succ).forallE
                                  ((Expr.bvar 0).forallE
                                    (((Expr.const (Name.anonymous.str "List")
                                              [Level.param (Name.anonymous.str "u")]).app
                                          (Expr.bvar 1)).forallE
                                      ((Expr.const (Name.anonymous.str "List")
                                            [Level.param (Name.anonymous.str "u")]).app
                                        (Expr.bvar 2))
                                      { pw := { repr := ConLeche.PropWhenRepr.never✝ } })
                                    { pw := { repr := ConLeche.PropWhenRepr.never✝ } })
                                  { pw := { repr := ConLeche.PropWhenRepr.never✝ } } }
                            1 2,
                          ConstantInfo.indInfo
                            { name := Name.anonymous.str "Tree2", levelParams := [],
                              type :=
                                (Expr.sort Level.zero.succ).forallE (Expr.sort Level.zero.succ)
                                  { pw := { repr := ConLeche.PropWhenRepr.never✝ } } }
                            { sortZ := { repr := ConLeche.PropWhenRepr.always✝ }, all := [Name.anonymous.str "Tree2"],
                              nparams := 1,
                              ctors := [Name.anonymous.str "Tree2.leaf", Name.anonymous.str "Tree2.node"] }] }.find?,
                ctorsOf := fun n => if (n == Ln) = true then listCs else [], lvls := [],
                ps := [Expr.fvar 0 (Expr.sort Level.zero.succ)],
                auxName := fun i => if (i == 1) = true then rn else cn })
            []
            [__do_lift,
              (Expr.fvar 0 (Expr.sort Level.zero.succ)).forallE
                ((Expr.const (Name.anonymous.str "Tree2") []).app (Expr.fvar 0 (Expr.sort Level.zero.succ)))
                { pw := { repr := ConLeche.PropWhenRepr.never✝ } }])
        {
          types :=
            {
              toList :=
                [{ name := Name.anonymous.str "Tree2", type := Expr.sort Level.zero.succ,
                    ctors :=
                      [(Expr.fvar 0 (Expr.sort Level.zero.succ)).forallE
                          ((Expr.const (Name.anonymous.str "Tree2") []).app (Expr.fvar 0 (Expr.sort Level.zero.succ)))
                          { pw := { repr := ConLeche.PropWhenRepr.never✝ } },
                        ((Expr.const (Name.anonymous.str "List") [Level.zero]).app
                              ((Expr.const (Name.anonymous.str "List") [Level.zero]).app
                                ((Expr.const (Name.anonymous.str "Tree2") []).app
                                  (Expr.fvar 0 (Expr.sort Level.zero.succ))))).forallE
                          ((Expr.const (Name.anonymous.str "Tree2") []).app (Expr.fvar 0 (Expr.sort Level.zero.succ)))
                          { pw := { repr := ConLeche.PropWhenRepr.never✝ } }] }] } }
    ==>
      (((StateT.get.bind fun st => do
                    let __do_lift ←
                      monadLift
                          (Official.isNestedApp
                            {
                              find? :=
                                {
                                    consts :=
                                      [ConstantInfo.indInfo
                                          { name := Name.anonymous.str "List", levelParams := [Name.anonymous.str "u"],
                                            type :=
                                              (Expr.sort (Level.param (Name.anonymous.str "u")).succ).forallE
                                                (Expr.sort (Level.param (Name.anonymous.str "u")).succ)
                                                { pw := { repr := ConLeche.PropWhenRepr.never✝ } } }
                                          { sortZ := { repr := ConLeche.PropWhenRepr.always✝ },
                                            all := [Name.anonymous.str "List"], nparams := 1,
                                            ctors := [Name.anonymous.str "List.nil", Name.anonymous.str "List.cons"] },
                                        ConstantInfo.ctorInfo
                                          { name := Name.anonymous.str "List.nil",
                                            levelParams := [Name.anonymous.str "u"],
                                            type :=
                                              (Expr.sort (Level.param (Name.anonymous.str "u")).succ).forallE
                                                ((Expr.const (Name.anonymous.str "List")
                                                      [Level.param (Name.anonymous.str "u")]).app
                                                  (Expr.bvar 0))
                                                { pw := { repr := ConLeche.PropWhenRepr.never✝ } } }
                                          1 0,
                                        ConstantInfo.ctorInfo
                                          { name := Name.anonymous.str "List.cons",
                                            levelParams := [Name.anonymous.str "u"],
                                            type :=
                                              (Expr.sort (Level.param (Name.anonymous.str "u")).succ).forallE
                                                ((Expr.bvar 0).forallE
                                                  (((Expr.const (Name.anonymous.str "List")
                                                            [Level.param (Name.anonymous.str "u")]).app
                                                        (Expr.bvar 1)).forallE
                                                    ((Expr.const (Name.anonymous.str "List")
                                                          [Level.param (Name.anonymous.str "u")]).app
                                                      (Expr.bvar 2))
                                                    { pw := { repr := ConLeche.PropWhenRepr.never✝ } })
                                                  { pw := { repr := ConLeche.PropWhenRepr.never✝ } })
                                                { pw := { repr := ConLeche.PropWhenRepr.never✝ } } }
                                          1 2,
                                        ConstantInfo.indInfo
                                          { name := Name.anonymous.str "Tree2", levelParams := [],
                                            type :=
                                              (Expr.sort Level.zero.succ).forallE (Expr.sort Level.zero.succ)
                                                { pw := { repr := ConLeche.PropWhenRepr.never✝ } } }
                                          { sortZ := { repr := ConLeche.PropWhenRepr.always✝ },
                                            all := [Name.anonymous.str "Tree2"], nparams := 1,
                                            ctors :=
                                              [Name.anonymous.str "Tree2.leaf",
                                                Name.anonymous.str "Tree2.node"] }] }.find?,
                              ctorsOf := fun n => if (n == Ln) = true then listCs else [], lvls := [],
                              ps := [Expr.fvar 0 (Expr.sort Level.zero.succ)],
                              auxName := fun i => if (i == 1) = true then rn else cn }
                            (List.map Official.AuxType.name st.types.toList)
                            ((Expr.const (Name.anonymous.str "List") [Level.zero]).app
                              ((Expr.const (Name.anonymous.str "List") [Level.zero]).app
                                ((Expr.const (Name.anonymous.str "Tree2") []).app
                                  (Expr.fvar 0 (Expr.sort Level.zero.succ))))))
                    match __do_lift with
                      | none => pure none
                      | some (I, us, np, args) =>
                        have key := (Expr.const I us).mkAppN (List.take np args);
                        have mk := fun a =>
                          ((Expr.const a
                                    {
                                        find? :=
                                          {
                                              consts :=
                                                [ConstantInfo.indInfo
                                                    { name := Name.anonymous.str "List",
                                                      levelParams := [Name.anonymous.str "u"],
                                                      type :=
                                                        (Expr.sort (Level.param (Name.anonymous.str "u")).succ).forallE
                                                          (Expr.sort (Level.param (Name.anonymous.str "u")).succ)
                                                          { pw := { repr := ConLeche.PropWhenRepr.never✝ } } }
                                                    { sortZ := { repr := ConLeche.PropWhenRepr.always✝ },
                                                      all := [Name.anonymous.str "List"], nparams := 1,
                                                      ctors :=
                                                        [Name.anonymous.str "List.nil",
                                                          Name.anonymous.str "List.cons"] },
                                                  ConstantInfo.ctorInfo
                                                    { name := Name.anonymous.str "List.nil",
                                                      levelParams := [Name.anonymous.str "u"],
                                                      type :=
                                                        (Expr.sort (Level.param (Name.anonymous.str "u")).succ).forallE
                                                          ((Expr.const (Name.anonymous.str "List")
                                                                [Level.param (Name.anonymous.str "u")]).app
                                                            (Expr.bvar 0))
                                                          { pw := { repr := ConLeche.PropWhenRepr.never✝ } } }
                                                    1 0,
                                                  ConstantInfo.ctorInfo
                                                    { name := Name.anonymous.str "List.cons",
                                                      levelParams := [Name.anonymous.str "u"],
                                                      type :=
                                                        (Expr.sort (Level.param (Name.anonymous.str "u")).succ).forallE
                                                          ((Expr.bvar 0).forallE
                                                            (((Expr.const (Name.anonymous.str "List")
                                                                      [Level.param (Name.anonymous.str "u")]).app
                                                                  (Expr.bvar 1)).forallE
                                                              ((Expr.const (Name.anonymous.str "List")
                                                                    [Level.param (Name.anonymous.str "u")]).app
                                                                (Expr.bvar 2))
                                                              { pw := { repr := ConLeche.PropWhenRepr.never✝ } })
                                                            { pw := { repr := ConLeche.PropWhenRepr.never✝ } })
                                                          { pw := { repr := ConLeche.PropWhenRepr.never✝ } } }
                                                    1 2,
                                                  ConstantInfo.indInfo
                                                    { name := Name.anonymous.str "Tree2", levelParams := [],
                                                      type :=
                                                        (Expr.sort Level.zero.succ).forallE (Expr.sort Level.zero.succ)
                                                          { pw := { repr := ConLeche.PropWhenRepr.never✝ } } }
                                                    { sortZ := { repr := ConLeche.PropWhenRepr.always✝ },
                                                      all := [Name.anonymous.str "Tree2"], nparams := 1,
                                                      ctors :=
                                                        [Name.anonymous.str "Tree2.leaf",
                                                          Name.anonymous.str "Tree2.node"] }] }.find?,
                                        ctorsOf := fun n => if (n == Ln) = true then listCs else [], lvls := [],
                                        ps := [Expr.fvar 0 (Expr.sort Level.zero.succ)],
                                        auxName := fun i => if (i == 1) = true then rn else cn }.lvls).mkAppN
                                {
                                    find? :=
                                      {
                                          consts :=
                                            [ConstantInfo.indInfo
                                                { name := Name.anonymous.str "List",
                                                  levelParams := [Name.anonymous.str "u"],
                                                  type :=
                                                    (Expr.sort (Level.param (Name.anonymous.str "u")).succ).forallE
                                                      (Expr.sort (Level.param (Name.anonymous.str "u")).succ)
                                                      { pw := { repr := ConLeche.PropWhenRepr.never✝ } } }
                                                { sortZ := { repr := ConLeche.PropWhenRepr.always✝ },
                                                  all := [Name.anonymous.str "List"], nparams := 1,
                                                  ctors :=
                                                    [Name.anonymous.str "List.nil", Name.anonymous.str "List.cons"] },
                                              ConstantInfo.ctorInfo
                                                { name := Name.anonymous.str "List.nil",
                                                  levelParams := [Name.anonymous.str "u"],
                                                  type :=
                                                    (Expr.sort (Level.param (Name.anonymous.str "u")).succ).forallE
                                                      ((Expr.const (Name.anonymous.str "List")
                                                            [Level.param (Name.anonymous.str "u")]).app
                                                        (Expr.bvar 0))
                                                      { pw := { repr := ConLeche.PropWhenRepr.never✝ } } }
                                                1 0,
                                              ConstantInfo.ctorInfo
                                                { name := Name.anonymous.str "List.cons",
                                                  levelParams := [Name.anonymous.str "u"],
                                                  type :=
                                                    (Expr.sort (Level.param (Name.anonymous.str "u")).succ).forallE
                                                      ((Expr.bvar 0).forallE
                                                        (((Expr.const (Name.anonymous.str "List")
                                                                  [Level.param (Name.anonymous.str "u")]).app
                                                              (Expr.bvar 1)).forallE
                                                          ((Expr.const (Name.anonymous.str "List")
                                                                [Level.param (Name.anonymous.str "u")]).app
                                                            (Expr.bvar 2))
                                                          { pw := { repr := ConLeche.PropWhenRepr.never✝ } })
                                                        { pw := { repr := ConLeche.PropWhenRepr.never✝ } })
                                                      { pw := { repr := ConLeche.PropWhenRepr.never✝ } } }
                                                1 2,
                                              ConstantInfo.indInfo
                                                { name := Name.anonymous.str "Tree2", levelParams := [],
                                                  type :=
                                                    (Expr.sort Level.zero.succ).forallE (Expr.sort Level.zero.succ)
                                                      { pw := { repr := ConLeche.PropWhenRepr.never✝ } } }
                                                { sortZ := { repr := ConLeche.PropWhenRepr.always✝ },
                                                  all := [Name.anonymous.str "Tree2"], nparams := 1,
                                                  ctors :=
                                                    [Name.anonymous.str "Tree2.leaf",
                                                      Name.anonymous.str "Tree2.node"] }] }.find?,
                                    ctorsOf := fun n => if (n == Ln) = true then listCs else [], lvls := [],
                                    ps := [Expr.fvar 0 (Expr.sort Level.zero.succ)],
                                    auxName := fun i => if (i == 1) = true then rn else cn }.ps).mkAppN
                            (List.drop np args);
                        match List.lookup key st.aux with
                        | some a => pure (some (mk a))
                        | none => do
                          Official.copyBlock
                              {
                                find? :=
                                  {
                                      consts :=
                                        [ConstantInfo.indInfo
                                            { name := Name.anonymous.str "List",
                                              levelParams := [Name.anonymous.str "u"],
                                              type :=
                                                (Expr.sort (Level.param (Name.anonymous.str "u")).succ).forallE
                                                  (Expr.sort (Level.param (Name.anonymous.str "u")).succ)
                                                  { pw := { repr := ConLeche.PropWhenRepr.never✝ } } }
                                            { sortZ := { repr := ConLeche.PropWhenRepr.always✝ },
                                              all := [Name.anonymous.str "List"], nparams := 1,
                                              ctors :=
                                                [Name.anonymous.str "List.nil", Name.anonymous.str "List.cons"] },
                                          ConstantInfo.ctorInfo
                                            { name := Name.anonymous.str "List.nil",
                                              levelParams := [Name.anonymous.str "u"],
                                              type :=
                                                (Expr.sort (Level.param (Name.anonymous.str "u")).succ).forallE
                                                  ((Expr.const (Name.anonymous.str "List")
                                                        [Level.param (Name.anonymous.str "u")]).app
                                                    (Expr.bvar 0))
                                                  { pw := { repr := ConLeche.PropWhenRepr.never✝ } } }
                                            1 0,
                                          ConstantInfo.ctorInfo
                                            { name := Name.anonymous.str "List.cons",
                                              levelParams := [Name.anonymous.str "u"],
                                              type :=
                                                (Expr.sort (Level.param (Name.anonymous.str "u")).succ).forallE
                                                  ((Expr.bvar 0).forallE
                                                    (((Expr.const (Name.anonymous.str "List")
                                                              [Level.param (Name.anonymous.str "u")]).app
                                                          (Expr.bvar 1)).forallE
                                                      ((Expr.const (Name.anonymous.str "List")
                                                            [Level.param (Name.anonymous.str "u")]).app
                                                        (Expr.bvar 2))
                                                      { pw := { repr := ConLeche.PropWhenRepr.never✝ } })
                                                    { pw := { repr := ConLeche.PropWhenRepr.never✝ } })
                                                  { pw := { repr := ConLeche.PropWhenRepr.never✝ } } }
                                            1 2,
                                          ConstantInfo.indInfo
                                            { name := Name.anonymous.str "Tree2", levelParams := [],
                                              type :=
                                                (Expr.sort Level.zero.succ).forallE (Expr.sort Level.zero.succ)
                                                  { pw := { repr := ConLeche.PropWhenRepr.never✝ } } }
                                            { sortZ := { repr := ConLeche.PropWhenRepr.always✝ },
                                              all := [Name.anonymous.str "Tree2"], nparams := 1,
                                              ctors :=
                                                [Name.anonymous.str "Tree2.leaf",
                                                  Name.anonymous.str "Tree2.node"] }] }.find?,
                                ctorsOf := fun n => if (n == Ln) = true then listCs else [], lvls := [],
                                ps := [Expr.fvar 0 (Expr.sort Level.zero.succ)],
                                auxName := fun i => if (i == 1) = true then rn else cn }
                              us (List.take np args)
                              (Official.blockOf
                                {
                                  find? :=
                                    {
                                        consts :=
                                          [ConstantInfo.indInfo
                                              { name := Name.anonymous.str "List",
                                                levelParams := [Name.anonymous.str "u"],
                                                type :=
                                                  (Expr.sort (Level.param (Name.anonymous.str "u")).succ).forallE
                                                    (Expr.sort (Level.param (Name.anonymous.str "u")).succ)
                                                    { pw := { repr := ConLeche.PropWhenRepr.never✝ } } }
                                              { sortZ := { repr := ConLeche.PropWhenRepr.always✝ },
                                                all := [Name.anonymous.str "List"], nparams := 1,
                                                ctors :=
                                                  [Name.anonymous.str "List.nil", Name.anonymous.str "List.cons"] },
                                            ConstantInfo.ctorInfo
                                              { name := Name.anonymous.str "List.nil",
                                                levelParams := [Name.anonymous.str "u"],
                                                type :=
                                                  (Expr.sort (Level.param (Name.anonymous.str "u")).succ).forallE
                                                    ((Expr.const (Name.anonymous.str "List")
                                                          [Level.param (Name.anonymous.str "u")]).app
                                                      (Expr.bvar 0))
                                                    { pw := { repr := ConLeche.PropWhenRepr.never✝ } } }
                                              1 0,
                                            ConstantInfo.ctorInfo
                                              { name := Name.anonymous.str "List.cons",
                                                levelParams := [Name.anonymous.str "u"],
                                                type :=
                                                  (Expr.sort (Level.param (Name.anonymous.str "u")).succ).forallE
                                                    ((Expr.bvar 0).forallE
                                                      (((Expr.const (Name.anonymous.str "List")
                                                                [Level.param (Name.anonymous.str "u")]).app
                                                            (Expr.bvar 1)).forallE
                                                        ((Expr.const (Name.anonymous.str "List")
                                                              [Level.param (Name.anonymous.str "u")]).app
                                                          (Expr.bvar 2))
                                                        { pw := { repr := ConLeche.PropWhenRepr.never✝ } })
                                                      { pw := { repr := ConLeche.PropWhenRepr.never✝ } })
                                                    { pw := { repr := ConLeche.PropWhenRepr.never✝ } } }
                                              1 2,
                                            ConstantInfo.indInfo
                                              { name := Name.anonymous.str "Tree2", levelParams := [],
                                                type :=
                                                  (Expr.sort Level.zero.succ).forallE (Expr.sort Level.zero.succ)
                                                    { pw := { repr := ConLeche.PropWhenRepr.never✝ } } }
                                              { sortZ := { repr := ConLeche.PropWhenRepr.always✝ },
                                                all := [Name.anonymous.str "Tree2"], nparams := 1,
                                                ctors :=
                                                  [Name.anonymous.str "Tree2.leaf",
                                                    Name.anonymous.str "Tree2.node"] }] }.find?,
                                  ctorsOf := fun n => if (n == Ln) = true then listCs else [], lvls := [],
                                  ps := [Expr.fvar 0 (Expr.sort Level.zero.succ)],
                                  auxName := fun i => if (i == 1) = true then rn else cn }
                                I)
                          let __do_lift ← get
                          match List.lookup key __do_lift.aux with
                            | some a => pure (some (mk a))
                            | none => throw Official.illFormed).bind
                fun __do_lift =>
                match __do_lift with
                | some a => fun a_1 => pure a a_1
                | none => do
                  let __do_lift ←
                    Official.replaceAll
                        {
                          find? :=
                            {
                                consts :=
                                  [ConstantInfo.indInfo
                                      { name := Name.anonymous.str "List", levelParams := [Name.anonymous.str "u"],
                                        type :=
                                          (Expr.sort (Level.param (Name.anonymous.str "u")).succ).forallE
                                            (Expr.sort (Level.param (Name.anonymous.str "u")).succ)
                                            { pw := { repr := ConLeche.PropWhenRepr.never✝ } } }
                                      { sortZ := { repr := ConLeche.PropWhenRepr.always✝ },
                                        all := [Name.anonymous.str "List"], nparams := 1,
                                        ctors := [Name.anonymous.str "List.nil", Name.anonymous.str "List.cons"] },
                                    ConstantInfo.ctorInfo
                                      { name := Name.anonymous.str "List.nil", levelParams := [Name.anonymous.str "u"],
                                        type :=
                                          (Expr.sort (Level.param (Name.anonymous.str "u")).succ).forallE
                                            ((Expr.const (Name.anonymous.str "List")
                                                  [Level.param (Name.anonymous.str "u")]).app
                                              (Expr.bvar 0))
                                            { pw := { repr := ConLeche.PropWhenRepr.never✝ } } }
                                      1 0,
                                    ConstantInfo.ctorInfo
                                      { name := Name.anonymous.str "List.cons", levelParams := [Name.anonymous.str "u"],
                                        type :=
                                          (Expr.sort (Level.param (Name.anonymous.str "u")).succ).forallE
                                            ((Expr.bvar 0).forallE
                                              (((Expr.const (Name.anonymous.str "List")
                                                        [Level.param (Name.anonymous.str "u")]).app
                                                    (Expr.bvar 1)).forallE
                                                ((Expr.const (Name.anonymous.str "List")
                                                      [Level.param (Name.anonymous.str "u")]).app
                                                  (Expr.bvar 2))
                                                { pw := { repr := ConLeche.PropWhenRepr.never✝ } })
                                              { pw := { repr := ConLeche.PropWhenRepr.never✝ } })
                                            { pw := { repr := ConLeche.PropWhenRepr.never✝ } } }
                                      1 2,
                                    ConstantInfo.indInfo
                                      { name := Name.anonymous.str "Tree2", levelParams := [],
                                        type :=
                                          (Expr.sort Level.zero.succ).forallE (Expr.sort Level.zero.succ)
                                            { pw := { repr := ConLeche.PropWhenRepr.never✝ } } }
                                      { sortZ := { repr := ConLeche.PropWhenRepr.always✝ },
                                        all := [Name.anonymous.str "Tree2"], nparams := 1,
                                        ctors :=
                                          [Name.anonymous.str "Tree2.leaf", Name.anonymous.str "Tree2.node"] }] }.find?,
                          ctorsOf := fun n => if (n == Ln) = true then listCs else [], lvls := [],
                          ps := [Expr.fvar 0 (Expr.sort Level.zero.succ)],
                          auxName := fun i => if (i == 1) = true then rn else cn }
                        (Expr.const (Name.anonymous.str "List") [Level.zero])
                  let __do_lift_1 ←
                    Official.replaceAll
                        {
                          find? :=
                            {
                                consts :=
                                  [ConstantInfo.indInfo
                                      { name := Name.anonymous.str "List", levelParams := [Name.anonymous.str "u"],
                                        type :=
                                          (Expr.sort (Level.param (Name.anonymous.str "u")).succ).forallE
                                            (Expr.sort (Level.param (Name.anonymous.str "u")).succ)
                                            { pw := { repr := ConLeche.PropWhenRepr.never✝ } } }
                                      { sortZ := { repr := ConLeche.PropWhenRepr.always✝ },
                                        all := [Name.anonymous.str "List"], nparams := 1,
                                        ctors := [Name.anonymous.str "List.nil", Name.anonymous.str "List.cons"] },
                                    ConstantInfo.ctorInfo
                                      { name := Name.anonymous.str "List.nil", levelParams := [Name.anonymous.str "u"],
                                        type :=
                                          (Expr.sort (Level.param (Name.anonymous.str "u")).succ).forallE
                                            ((Expr.const (Name.anonymous.str "List")
                                                  [Level.param (Name.anonymous.str "u")]).app
                                              (Expr.bvar 0))
                                            { pw := { repr := ConLeche.PropWhenRepr.never✝ } } }
                                      1 0,
                                    ConstantInfo.ctorInfo
                                      { name := Name.anonymous.str "List.cons", levelParams := [Name.anonymous.str "u"],
                                        type :=
                                          (Expr.sort (Level.param (Name.anonymous.str "u")).succ).forallE
                                            ((Expr.bvar 0).forallE
                                              (((Expr.const (Name.anonymous.str "List")
                                                        [Level.param (Name.anonymous.str "u")]).app
                                                    (Expr.bvar 1)).forallE
                                                ((Expr.const (Name.anonymous.str "List")
                                                      [Level.param (Name.anonymous.str "u")]).app
                                                  (Expr.bvar 2))
                                                { pw := { repr := ConLeche.PropWhenRepr.never✝ } })
                                              { pw := { repr := ConLeche.PropWhenRepr.never✝ } })
                                            { pw := { repr := ConLeche.PropWhenRepr.never✝ } } }
                                      1 2,
                                    ConstantInfo.indInfo
                                      { name := Name.anonymous.str "Tree2", levelParams := [],
                                        type :=
                                          (Expr.sort Level.zero.succ).forallE (Expr.sort Level.zero.succ)
                                            { pw := { repr := ConLeche.PropWhenRepr.never✝ } } }
                                      { sortZ := { repr := ConLeche.PropWhenRepr.always✝ },
                                        all := [Name.anonymous.str "Tree2"], nparams := 1,
                                        ctors :=
                                          [Name.anonymous.str "Tree2.leaf", Name.anonymous.str "Tree2.node"] }] }.find?,
                          ctorsOf := fun n => if (n == Ln) = true then listCs else [], lvls := [],
                          ps := [Expr.fvar 0 (Expr.sort Level.zero.succ)],
                          auxName := fun i => if (i == 1) = true then rn else cn }
                        ((Expr.const (Name.anonymous.str "List") [Level.zero]).app
                          ((Expr.const (Name.anonymous.str "Tree2") []).app (Expr.fvar 0 (Expr.sort Level.zero.succ))))
                  pure (__do_lift.app __do_lift_1)).bind
            fun __do_lift => do
            let __do_lift_1 ←
              Official.replaceAll
                  {
                    find? :=
                      {
                          consts :=
                            [ConstantInfo.indInfo
                                { name := Name.anonymous.str "List", levelParams := [Name.anonymous.str "u"],
                                  type :=
                                    (Expr.sort (Level.param (Name.anonymous.str "u")).succ).forallE
                                      (Expr.sort (Level.param (Name.anonymous.str "u")).succ)
                                      { pw := { repr := ConLeche.PropWhenRepr.never✝ } } }
                                { sortZ := { repr := ConLeche.PropWhenRepr.always✝ },
                                  all := [Name.anonymous.str "List"], nparams := 1,
                                  ctors := [Name.anonymous.str "List.nil", Name.anonymous.str "List.cons"] },
                              ConstantInfo.ctorInfo
                                { name := Name.anonymous.str "List.nil", levelParams := [Name.anonymous.str "u"],
                                  type :=
                                    (Expr.sort (Level.param (Name.anonymous.str "u")).succ).forallE
                                      ((Expr.const (Name.anonymous.str "List")
                                            [Level.param (Name.anonymous.str "u")]).app
                                        (Expr.bvar 0))
                                      { pw := { repr := ConLeche.PropWhenRepr.never✝ } } }
                                1 0,
                              ConstantInfo.ctorInfo
                                { name := Name.anonymous.str "List.cons", levelParams := [Name.anonymous.str "u"],
                                  type :=
                                    (Expr.sort (Level.param (Name.anonymous.str "u")).succ).forallE
                                      ((Expr.bvar 0).forallE
                                        (((Expr.const (Name.anonymous.str "List")
                                                  [Level.param (Name.anonymous.str "u")]).app
                                              (Expr.bvar 1)).forallE
                                          ((Expr.const (Name.anonymous.str "List")
                                                [Level.param (Name.anonymous.str "u")]).app
                                            (Expr.bvar 2))
                                          { pw := { repr := ConLeche.PropWhenRepr.never✝ } })
                                        { pw := { repr := ConLeche.PropWhenRepr.never✝ } })
                                      { pw := { repr := ConLeche.PropWhenRepr.never✝ } } }
                                1 2,
                              ConstantInfo.indInfo
                                { name := Name.anonymous.str "Tree2", levelParams := [],
                                  type :=
                                    (Expr.sort Level.zero.succ).forallE (Expr.sort Level.zero.succ)
                                      { pw := { repr := ConLeche.PropWhenRepr.never✝ } } }
                                { sortZ := { repr := ConLeche.PropWhenRepr.always✝ },
                                  all := [Name.anonymous.str "Tree2"], nparams := 1,
                                  ctors :=
                                    [Name.anonymous.str "Tree2.leaf", Name.anonymous.str "Tree2.node"] }] }.find?,
                    ctorsOf := fun n => if (n == Ln) = true then listCs else [], lvls := [],
                    ps := [Expr.fvar 0 (Expr.sort Level.zero.succ)],
                    auxName := fun i => if (i == 1) = true then rn else cn }
                  ((Expr.const (Name.anonymous.str "Tree2") []).app (Expr.fvar 0 (Expr.sort Level.zero.succ)))
            pure (__do_lift.forallE __do_lift_1 { pw := { repr := ConLeche.PropWhenRepr.never✝ } })).bind
        (fun __do_lift =>
          List.mapM.loop
            (Official.replaceAll
              {
                find? :=
                  {
                      consts :=
                        [ConstantInfo.indInfo
                            { name := Name.anonymous.str "List", levelParams := [Name.anonymous.str "u"],
                              type :=
                                (Expr.sort (Level.param (Name.anonymous.str "u")).succ).forallE
                                  (Expr.sort (Level.param (Name.anonymous.str "u")).succ)
                                  { pw := { repr := ConLeche.PropWhenRepr.never✝ } } }
                            { sortZ := { repr := ConLeche.PropWhenRepr.always✝ }, all := [Name.anonymous.str "List"],
                              nparams := 1, ctors := [Name.anonymous.str "List.nil", Name.anonymous.str "List.cons"] },
                          ConstantInfo.ctorInfo
                            { name := Name.anonymous.str "List.nil", levelParams := [Name.anonymous.str "u"],
                              type :=
                                (Expr.sort (Level.param (Name.anonymous.str "u")).succ).forallE
                                  ((Expr.const (Name.anonymous.str "List") [Level.param (Name.anonymous.str "u")]).app
                                    (Expr.bvar 0))
                                  { pw := { repr := ConLeche.PropWhenRepr.never✝ } } }
                            1 0,
                          ConstantInfo.ctorInfo
                            { name := Name.anonymous.str "List.cons", levelParams := [Name.anonymous.str "u"],
                              type :=
                                (Expr.sort (Level.param (Name.anonymous.str "u")).succ).forallE
                                  ((Expr.bvar 0).forallE
                                    (((Expr.const (Name.anonymous.str "List")
                                              [Level.param (Name.anonymous.str "u")]).app
                                          (Expr.bvar 1)).forallE
                                      ((Expr.const (Name.anonymous.str "List")
                                            [Level.param (Name.anonymous.str "u")]).app
                                        (Expr.bvar 2))
                                      { pw := { repr := ConLeche.PropWhenRepr.never✝ } })
                                    { pw := { repr := ConLeche.PropWhenRepr.never✝ } })
                                  { pw := { repr := ConLeche.PropWhenRepr.never✝ } } }
                            1 2,
                          ConstantInfo.indInfo
                            { name := Name.anonymous.str "Tree2", levelParams := [],
                              type :=
                                (Expr.sort Level.zero.succ).forallE (Expr.sort Level.zero.succ)
                                  { pw := { repr := ConLeche.PropWhenRepr.never✝ } } }
                            { sortZ := { repr := ConLeche.PropWhenRepr.always✝ }, all := [Name.anonymous.str "Tree2"],
                              nparams := 1,
                              ctors := [Name.anonymous.str "Tree2.leaf", Name.anonymous.str "Tree2.node"] }] }.find?,
                ctorsOf := fun n => if (n == Ln) = true then listCs else [], lvls := [],
                ps := [Expr.fvar 0 (Expr.sort Level.zero.succ)],
                auxName := fun i => if (i == 1) = true then rn else cn })
            []
            [__do_lift,
              (Expr.fvar 0 (Expr.sort Level.zero.succ)).forallE
                ((Expr.const (Name.anonymous.str "Tree2") []).app (Expr.fvar 0 (Expr.sort Level.zero.succ)))
                { pw := { repr := ConLeche.PropWhenRepr.never✝ } }])
        {
          types :=
            {
              toList :=
                [{ name := Name.anonymous.str "Tree2", type := Expr.sort Level.zero.succ,
                    ctors :=
                      [(Expr.fvar 0 (Expr.sort Level.zero.succ)).forallE
                          ((Expr.const (Name.anonymous.str "Tree2") []).app (Expr.fvar 0 (Expr.sort Level.zero.succ)))
                          { pw := { repr := ConLeche.PropWhenRepr.never✝ } },
                        ((Expr.const (Name.anonymous.str "List") [Level.zero]).app
                              ((Expr.const (Name.anonymous.str "List") [Level.zero]).app
                                ((Expr.const (Name.anonymous.str "Tree2") []).app
                                  (Expr.fvar 0 (Expr.sort Level.zero.succ))))).forallE
                          ((Expr.const (Name.anonymous.str "Tree2") []).app (Expr.fvar 0 (Expr.sort Level.zero.succ)))
                          { pw := { repr := ConLeche.PropWhenRepr.never✝ } }] }] } }
[Debug.Meta.Tactic.cbv.reduce] simplifyAppFn:
      Except.instMonad.toBind.1
        (Except.ok
          ({
              types :=
                {
                  toList :=
                    [{ name := Name.anonymous.str "Tree2", type := Expr.sort Level.zero.succ,
                        ctors :=
                          [(Expr.fvar 0 (Expr.sort Level.zero.succ)).forallE
                              ((Expr.const (Name.anonymous.str "Tree2") []).app
                                (Expr.fvar 0 (Expr.sort Level.zero.succ)))
                              { pw := { repr := ConLeche.PropWhenRepr.never✝ } },
                            ((Expr.const (Name.anonymous.str "List") [Level.zero]).app
                                  ((Expr.const (Name.anonymous.str "List") [Level.zero]).app
                                    ((Expr.const (Name.anonymous.str "Tree2") []).app
                                      (Expr.fvar 0 (Expr.sort Level.zero.succ))))).forallE
                              ((Expr.const (Name.anonymous.str "Tree2") []).app
                                (Expr.fvar 0 (Expr.sort Level.zero.succ)))
                              { pw := { repr := ConLeche.PropWhenRepr.never✝ } }] }] } },
            {
              types :=
                {
                  toList :=
                    [{ name := Name.anonymous.str "Tree2", type := Expr.sort Level.zero.succ,
                        ctors :=
                          [(Expr.fvar 0 (Expr.sort Level.zero.succ)).forallE
                              ((Expr.const (Name.anonymous.str "Tree2") []).app
                                (Expr.fvar 0 (Expr.sort Level.zero.succ)))
                              { pw := { repr := ConLeche.PropWhenRepr.never✝ } },
                            ((Expr.const (Name.anonymous.str "List") [Level.zero]).app
                                  ((Expr.const (Name.anonymous.str "List") [Level.zero]).app
                                    ((Expr.const (Name.anonymous.str "Tree2") []).app
                                      (Expr.fvar 0 (Expr.sort Level.zero.succ))))).forallE
                              ((Expr.const (Name.anonymous.str "Tree2") []).app
                                (Expr.fvar 0 (Expr.sort Level.zero.succ)))
                              { pw := { repr := ConLeche.PropWhenRepr.never✝ } }] }] } }))
        fun __x =>
        match __x with
        | (st, a) =>
          (monadLift
                (Official.isNestedApp
                  {
                    find? :=
                      {
                          consts :=
                            [ConstantInfo.indInfo
                                { name := Name.anonymous.str "List", levelParams := [Name.anonymous.str "u"],
                                  type :=
                                    (Expr.sort (Level.param (Name.anonymous.str "u")).succ).forallE
                                      (Expr.sort (Level.param (Name.anonymous.str "u")).succ)
                                      { pw := { repr := ConLeche.PropWhenRepr.never✝ } } }
                                { sortZ := { repr := ConLeche.PropWhenRepr.always✝ },
                                  all := [Name.anonymous.str "List"], nparams := 1,
                                  ctors := [Name.anonymous.str "List.nil", Name.anonymous.str "List.cons"] },
                              ConstantInfo.ctorInfo
                                { name := Name.anonymous.str "List.nil", levelParams := [Name.anonymous.str "u"],
                                  type :=
                                    (Expr.sort (Level.param (Name.anonymous.str "u")).succ).forallE
                                      ((Expr.const (Name.anonymous.str "List")
                                            [Level.param (Name.anonymous.str "u")]).app
                                        (Expr.bvar 0))
                                      { pw := { repr := ConLeche.PropWhenRepr.never✝ } } }
                                1 0,
                              ConstantInfo.ctorInfo
                                { name := Name.anonymous.str "List.cons", levelParams := [Name.anonymous.str "u"],
                                  type :=
                                    (Expr.sort (Level.param (Name.anonymous.str "u")).succ).forallE
                                      ((Expr.bvar 0).forallE
                                        (((Expr.const (Name.anonymous.str "List")
                                                  [Level.param (Name.anonymous.str "u")]).app
                                              (Expr.bvar 1)).forallE
                                          ((Expr.const (Name.anonymous.str "List")
                                                [Level.param (Name.anonymous.str "u")]).app
                                            (Expr.bvar 2))
                                          { pw := { repr := ConLeche.PropWhenRepr.never✝ } })
                                        { pw := { repr := ConLeche.PropWhenRepr.never✝ } })
                                      { pw := { repr := ConLeche.PropWhenRepr.never✝ } } }
                                1 2,
                              ConstantInfo.indInfo
                                { name := Name.anonymous.str "Tree2", levelParams := [],
                                  type :=
                                    (Expr.sort Level.zero.succ).forallE (Expr.sort Level.zero.succ)
                                      { pw := { repr := ConLeche.PropWhenRepr.never✝ } } }
                                { sortZ := { repr := ConLeche.PropWhenRepr.always✝ },
                                  all := [Name.anonymous.str "Tree2"], nparams := 1,
                                  ctors :=
                                    [Name.anonymous.str "Tree2.leaf", Name.anonymous.str "Tree2.node"] }] }.find?,
                    ctorsOf := fun n => if (n == Ln) = true then listCs else [], lvls := [],
                    ps := [Expr.fvar 0 (Expr.sort Level.zero.succ)],
                    auxName := fun i => if (i == 1) = true then rn else cn }
                  (List.map Official.AuxType.name st.types.toList)
                  ((Expr.const (Name.anonymous.str "List") [Level.zero]).app
                    ((Expr.const (Name.anonymous.str "List") [Level.zero]).app
                      ((Expr.const (Name.anonymous.str "Tree2") []).app
                        (Expr.fvar 0 (Expr.sort Level.zero.succ)))))) >>=
              fun __do_lift =>
              match __do_lift with
              | none => pure none
              | some (I, us, np, args) =>
                have key := (Expr.const I us).mkAppN (List.take np args);
                have mk := fun a =>
                  ((Expr.const a
                            {
                                find? :=
                                  {
                                      consts :=
                                        [ConstantInfo.indInfo
                                            { name := Name.anonymous.str "List",
                                              levelParams := [Name.anonymous.str "u"],
                                              type :=
                                                (Expr.sort (Level.param (Name.anonymous.str "u")).succ).forallE
                                                  (Expr.sort (Level.param (Name.anonymous.str "u")).succ)
                                                  { pw := { repr := ConLeche.PropWhenRepr.never✝ } } }
                                            { sortZ := { repr := ConLeche.PropWhenRepr.always✝ },
                                              all := [Name.anonymous.str "List"], nparams := 1,
                                              ctors :=
                                                [Name.anonymous.str "List.nil", Name.anonymous.str "List.cons"] },
                                          ConstantInfo.ctorInfo
                                            { name := Name.anonymous.str "List.nil",
                                              levelParams := [Name.anonymous.str "u"],
                                              type :=
                                                (Expr.sort (Level.param (Name.anonymous.str "u")).succ).forallE
                                                  ((Expr.const (Name.anonymous.str "List")
                                                        [Level.param (Name.anonymous.str "u")]).app
                                                    (Expr.bvar 0))
                                                  { pw := { repr := ConLeche.PropWhenRepr.never✝ } } }
                                            1 0,
                                          ConstantInfo.ctorInfo
                                            { name := Name.anonymous.str "List.cons",
                                              levelParams := [Name.anonymous.str "u"],
                                              type :=
                                                (Expr.sort (Level.param (Name.anonymous.str "u")).succ).forallE
                                                  ((Expr.bvar 0).forallE
                                                    (((Expr.const (Name.anonymous.str "List")
                                                              [Level.param (Name.anonymous.str "u")]).app
                                                          (Expr.bvar 1)).forallE
                                                      ((Expr.const (Name.anonymous.str "List")
                                                            [Level.param (Name.anonymous.str "u")]).app
                                                        (Expr.bvar 2))
                                                      { pw := { repr := ConLeche.PropWhenRepr.never✝ } })
                                                    { pw := { repr := ConLeche.PropWhenRepr.never✝ } })
                                                  { pw := { repr := ConLeche.PropWhenRepr.never✝ } } }
                                            1 2,
                                          ConstantInfo.indInfo
                                            { name := Name.anonymous.str "Tree2", levelParams := [],
                                              type :=
                                                (Expr.sort Level.zero.succ).forallE (Expr.sort Level.zero.succ)
                                                  { pw := { repr := ConLeche.PropWhenRepr.never✝ } } }
                                            { sortZ := { repr := ConLeche.PropWhenRepr.always✝ },
                                              all := [Name.anonymous.str "Tree2"], nparams := 1,
                                              ctors :=
                                                [Name.anonymous.str "Tree2.leaf",
                                                  Name.anonymous.str "Tree2.node"] }] }.find?,
                                ctorsOf := fun n => if (n == Ln) = true then listCs else [], lvls := [],
                                ps := [Expr.fvar 0 (Expr.sort Level.zero.succ)],
                                auxName := fun i => if (i == 1) = true then rn else cn }.lvls).mkAppN
                        {
                            find? :=
                              {
                                  consts :=
                                    [ConstantInfo.indInfo
                                        { name := Name.anonymous.str "List", levelParams := [Name.anonymous.str "u"],
                                          type :=
                                            (Expr.sort (Level.param (Name.anonymous.str "u")).succ).forallE
                                              (Expr.sort (Level.param (Name.anonymous.str "u")).succ)
                                              { pw := { repr := ConLeche.PropWhenRepr.never✝ } } }
                                        { sortZ := { repr := ConLeche.PropWhenRepr.always✝ },
                                          all := [Name.anonymous.str "List"], nparams := 1,
                                          ctors := [Name.anonymous.str "List.nil", Name.anonymous.str "List.cons"] },
                                      ConstantInfo.ctorInfo
                                        { name := Name.anonymous.str "List.nil",
                                          levelParams := [Name.anonymous.str "u"],
                                          type :=
                                            (Expr.sort (Level.param (Name.anonymous.str "u")).succ).forallE
                                              ((Expr.const (Name.anonymous.str "List")
                                                    [Level.param (Name.anonymous.str "u")]).app
                                                (Expr.bvar 0))
                                              { pw := { repr := ConLeche.PropWhenRepr.never✝ } } }
                                        1 0,
                                      ConstantInfo.ctorInfo
                                        { name := Name.anonymous.str "List.cons",
                                          levelParams := [Name.anonymous.str "u"],
                                          type :=
                                            (Expr.sort (Level.param (Name.anonymous.str "u")).succ).forallE
                                              ((Expr.bvar 0).forallE
                                                (((Expr.const (Name.anonymous.str "List")
                                                          [Level.param (Name.anonymous.str "u")]).app
                                                      (Expr.bvar 1)).forallE
                                                  ((Expr.const (Name.anonymous.str "List")
                                                        [Level.param (Name.anonymous.str "u")]).app
                                                    (Expr.bvar 2))
                                                  { pw := { repr := ConLeche.PropWhenRepr.never✝ } })
                                                { pw := { repr := ConLeche.PropWhenRepr.never✝ } })
                                              { pw := { repr := ConLeche.PropWhenRepr.never✝ } } }
                                        1 2,
                                      ConstantInfo.indInfo
                                        { name := Name.anonymous.str "Tree2", levelParams := [],
                                          type :=
                                            (Expr.sort Level.zero.succ).forallE (Expr.sort Level.zero.succ)
                                              { pw := { repr := ConLeche.PropWhenRepr.never✝ } } }
                                        { sortZ := { repr := ConLeche.PropWhenRepr.always✝ },
                                          all := [Name.anonymous.str "Tree2"], nparams := 1,
                                          ctors :=
                                            [Name.anonymous.str "Tree2.leaf",
                                              Name.anonymous.str "Tree2.node"] }] }.find?,
                            ctorsOf := fun n => if (n == Ln) = true then listCs else [], lvls := [],
                            ps := [Expr.fvar 0 (Expr.sort Level.zero.succ)],
                            auxName := fun i => if (i == 1) = true then rn else cn }.ps).mkAppN
                    (List.drop np args);
                match List.lookup key st.aux with
                | some a => pure (some (mk a))
                | none => do
                  Official.copyBlock
                      {
                        find? :=
                          {
                              consts :=
                                [ConstantInfo.indInfo
                                    { name := Name.anonymous.str "List", levelParams := [Name.anonymous.str "u"],
                                      type :=
                                        (Expr.sort (Level.param (Name.anonymous.str "u")).succ).forallE
                                          (Expr.sort (Level.param (Name.anonymous.str "u")).succ)
                                          { pw := { repr := ConLeche.PropWhenRepr.never✝ } } }
                                    { sortZ := { repr := ConLeche.PropWhenRepr.always✝ },
                                      all := [Name.anonymous.str "List"], nparams := 1,
                                      ctors := [Name.anonymous.str "List.nil", Name.anonymous.str "List.cons"] },
                                  ConstantInfo.ctorInfo
                                    { name := Name.anonymous.str "List.nil", levelParams := [Name.anonymous.str "u"],
                                      type :=
                                        (Expr.sort (Level.param (Name.anonymous.str "u")).succ).forallE
                                          ((Expr.const (Name.anonymous.str "List")
                                                [Level.param (Name.anonymous.str "u")]).app
                                            (Expr.bvar 0))
                                          { pw := { repr := ConLeche.PropWhenRepr.never✝ } } }
                                    1 0,
                                  ConstantInfo.ctorInfo
                                    { name := Name.anonymous.str "List.cons", levelParams := [Name.anonymous.str "u"],
                                      type :=
                                        (Expr.sort (Level.param (Name.anonymous.str "u")).succ).forallE
                                          ((Expr.bvar 0).forallE
                                            (((Expr.const (Name.anonymous.str "List")
                                                      [Level.param (Name.anonymous.str "u")]).app
                                                  (Expr.bvar 1)).forallE
                                              ((Expr.const (Name.anonymous.str "List")
                                                    [Level.param (Name.anonymous.str "u")]).app
                                                (Expr.bvar 2))
                                              { pw := { repr := ConLeche.PropWhenRepr.never✝ } })
                                            { pw := { repr := ConLeche.PropWhenRepr.never✝ } })
                                          { pw := { repr := ConLeche.PropWhenRepr.never✝ } } }
                                    1 2,
                                  ConstantInfo.indInfo
                                    { name := Name.anonymous.str "Tree2", levelParams := [],
                                      type :=
                                        (Expr.sort Level.zero.succ).forallE (Expr.sort Level.zero.succ)
                                          { pw := { repr := ConLeche.PropWhenRepr.never✝ } } }
                                    { sortZ := { repr := ConLeche.PropWhenRepr.always✝ },
                                      all := [Name.anonymous.str "Tree2"], nparams := 1,
                                      ctors :=
                                        [Name.anonymous.str "Tree2.leaf", Name.anonymous.str "Tree2.node"] }] }.find?,
                        ctorsOf := fun n => if (n == Ln) = true then listCs else [], lvls := [],
                        ps := [Expr.fvar 0 (Expr.sort Level.zero.succ)],
                        auxName := fun i => if (i == 1) = true then rn else cn }
                      us (List.take np args)
                      (Official.blockOf
                        {
                          find? :=
                            {
                                consts :=
                                  [ConstantInfo.indInfo
                                      { name := Name.anonymous.str "List", levelParams := [Name.anonymous.str "u"],
                                        type :=
                                          (Expr.sort (Level.param (Name.anonymous.str "u")).succ).forallE
                                            (Expr.sort (Level.param (Name.anonymous.str "u")).succ)
                                            { pw := { repr := ConLeche.PropWhenRepr.never✝ } } }
                                      { sortZ := { repr := ConLeche.PropWhenRepr.always✝ },
                                        all := [Name.anonymous.str "List"], nparams := 1,
                                        ctors := [Name.anonymous.str "List.nil", Name.anonymous.str "List.cons"] },
                                    ConstantInfo.ctorInfo
                                      { name := Name.anonymous.str "List.nil", levelParams := [Name.anonymous.str "u"],
                                        type :=
                                          (Expr.sort (Level.param (Name.anonymous.str "u")).succ).forallE
                                            ((Expr.const (Name.anonymous.str "List")
                                                  [Level.param (Name.anonymous.str "u")]).app
                                              (Expr.bvar 0))
                                            { pw := { repr := ConLeche.PropWhenRepr.never✝ } } }
                                      1 0,
                                    ConstantInfo.ctorInfo
                                      { name := Name.anonymous.str "List.cons", levelParams := [Name.anonymous.str "u"],
                                        type :=
                                          (Expr.sort (Level.param (Name.anonymous.str "u")).succ).forallE
                                            ((Expr.bvar 0).forallE
                                              (((Expr.const (Name.anonymous.str "List")
                                                        [Level.param (Name.anonymous.str "u")]).app
                                                    (Expr.bvar 1)).forallE
                                                ((Expr.const (Name.anonymous.str "List")
                                                      [Level.param (Name.anonymous.str "u")]).app
                                                  (Expr.bvar 2))
                                                { pw := { repr := ConLeche.PropWhenRepr.never✝ } })
                                              { pw := { repr := ConLeche.PropWhenRepr.never✝ } })
                                            { pw := { repr := ConLeche.PropWhenRepr.never✝ } } }
                                      1 2,
                                    ConstantInfo.indInfo
                                      { name := Name.anonymous.str "Tree2", levelParams := [],
                                        type :=
                                          (Expr.sort Level.zero.succ).forallE (Expr.sort Level.zero.succ)
                                            { pw := { repr := ConLeche.PropWhenRepr.never✝ } } }
                                      { sortZ := { repr := ConLeche.PropWhenRepr.always✝ },
                                        all := [Name.anonymous.str "Tree2"], nparams := 1,
                                        ctors :=
                                          [Name.anonymous.str "Tree2.leaf", Name.anonymous.str "Tree2.node"] }] }.find?,
                          ctorsOf := fun n => if (n == Ln) = true then listCs else [], lvls := [],
                          ps := [Expr.fvar 0 (Expr.sort Level.zero.succ)],
                          auxName := fun i => if (i == 1) = true then rn else cn }
                        I)
                  let __do_lift ← get
                  match List.lookup key __do_lift.aux with
                    | some a => pure (some (mk a))
                    | none => throw Official.illFormed)
            a
    ==>
      (Except.ok
            ({
                types :=
                  {
                    toList :=
                      [{ name := Name.anonymous.str "Tree2", type := Expr.sort Level.zero.succ,
                          ctors :=
                            [(Expr.fvar 0 (Expr.sort Level.zero.succ)).forallE
                                ((Expr.const (Name.anonymous.str "Tree2") []).app
                                  (Expr.fvar 0 (Expr.sort Level.zero.succ)))
                                { pw := { repr := ConLeche.PropWhenRepr.never✝ } },
                              ((Expr.const (Name.anonymous.str "List") [Level.zero]).app
                                    ((Expr.const (Name.anonymous.str "List") [Level.zero]).app
                                      ((Expr.const (Name.anonymous.str "Tree2") []).app
                                        (Expr.fvar 0 (Expr.sort Level.zero.succ))))).forallE
                                ((Expr.const (Name.anonymous.str "Tree2") []).app
                                  (Expr.fvar 0 (Expr.sort Level.zero.succ)))
                                { pw := { repr := ConLeche.PropWhenRepr.never✝ } }] }] } },
              {
                types :=
                  {
                    toList :=
                      [{ name := Name.anonymous.str "Tree2", type := Expr.sort Level.zero.succ,
                          ctors :=
                            [(Expr.fvar 0 (Expr.sort Level.zero.succ)).forallE
                                ((Expr.const (Name.anonymous.str "Tree2") []).app
                                  (Expr.fvar 0 (Expr.sort Level.zero.succ)))
                                { pw := { repr := ConLeche.PropWhenRepr.never✝ } },
                              ((Expr.const (Name.anonymous.str "List") [Level.zero]).app
                                    ((Expr.const (Name.anonymous.str "List") [Level.zero]).app
                                      ((Expr.const (Name.anonymous.str "Tree2") []).app
                                        (Expr.fvar 0 (Expr.sort Level.zero.succ))))).forallE
                                ((Expr.const (Name.anonymous.str "Tree2") []).app
                                  (Expr.fvar 0 (Expr.sort Level.zero.succ)))
                                { pw := { repr := ConLeche.PropWhenRepr.never✝ } }] }] } })).bind
        fun __x =>
        match __x with
        | (st, a) =>
          (monadLift
                (Official.isNestedApp
                  {
                    find? :=
                      {
                          consts :=
                            [ConstantInfo.indInfo
                                { name := Name.anonymous.str "List", levelParams := [Name.anonymous.str "u"],
                                  type :=
                                    (Expr.sort (Level.param (Name.anonymous.str "u")).succ).forallE
                                      (Expr.sort (Level.param (Name.anonymous.str "u")).succ)
                                      { pw := { repr := ConLeche.PropWhenRepr.never✝ } } }
                                { sortZ := { repr := ConLeche.PropWhenRepr.always✝ },
                                  all := [Name.anonymous.str "List"], nparams := 1,
                                  ctors := [Name.anonymous.str "List.nil", Name.anonymous.str "List.cons"] },
                              ConstantInfo.ctorInfo
                                { name := Name.anonymous.str "List.nil", levelParams := [Name.anonymous.str "u"],
                                  type :=
                                    (Expr.sort (Level.param (Name.anonymous.str "u")).succ).forallE
                                      ((Expr.const (Name.anonymous.str "List")
                                            [Level.param (Name.anonymous.str "u")]).app
                                        (Expr.bvar 0))
                                      { pw := { repr := ConLeche.PropWhenRepr.never✝ } } }
                                1 0,
                              ConstantInfo.ctorInfo
                                { name := Name.anonymous.str "List.cons", levelParams := [Name.anonymous.str "u"],
                                  type :=
                                    (Expr.sort (Level.param (Name.anonymous.str "u")).succ).forallE
                                      ((Expr.bvar 0).forallE
                                        (((Expr.const (Name.anonymous.str "List")
                                                  [Level.param (Name.anonymous.str "u")]).app
                                              (Expr.bvar 1)).forallE
                                          ((Expr.const (Name.anonymous.str "List")
                                                [Level.param (Name.anonymous.str "u")]).app
                                            (Expr.bvar 2))
                                          { pw := { repr := ConLeche.PropWhenRepr.never✝ } })
                                        { pw := { repr := ConLeche.PropWhenRepr.never✝ } })
                                      { pw := { repr := ConLeche.PropWhenRepr.never✝ } } }
                                1 2,
                              ConstantInfo.indInfo
                                { name := Name.anonymous.str "Tree2", levelParams := [],
                                  type :=
                                    (Expr.sort Level.zero.succ).forallE (Expr.sort Level.zero.succ)
                                      { pw := { repr := ConLeche.PropWhenRepr.never✝ } } }
                                { sortZ := { repr := ConLeche.PropWhenRepr.always✝ },
                                  all := [Name.anonymous.str "Tree2"], nparams := 1,
                                  ctors :=
                                    [Name.anonymous.str "Tree2.leaf", Name.anonymous.str "Tree2.node"] }] }.find?,
                    ctorsOf := fun n => if (n == Ln) = true then listCs else [], lvls := [],
                    ps := [Expr.fvar 0 (Expr.sort Level.zero.succ)],
                    auxName := fun i => if (i == 1) = true then rn else cn }
                  (List.map Official.AuxType.name st.types.toList)
                  ((Expr.const (Name.anonymous.str "List") [Level.zero]).app
                    ((Expr.const (Name.anonymous.str "List") [Level.zero]).app
                      ((Expr.const (Name.anonymous.str "Tree2") []).app
                        (Expr.fvar 0 (Expr.sort Level.zero.succ)))))) >>=
              fun __do_lift =>
              match __do_lift with
              | none => pure none
              | some (I, us, np, args) =>
                have key := (Expr.const I us).mkAppN (List.take np args);
                have mk := fun a =>
                  ((Expr.const a
                            {
                                find? :=
                                  {
                                      consts :=
                                        [ConstantInfo.indInfo
                                            { name := Name.anonymous.str "List",
                                              levelParams := [Name.anonymous.str "u"],
                                              type :=
                                                (Expr.sort (Level.param (Name.anonymous.str "u")).succ).forallE
                                                  (Expr.sort (Level.param (Name.anonymous.str "u")).succ)
                                                  { pw := { repr := ConLeche.PropWhenRepr.never✝ } } }
                                            { sortZ := { repr := ConLeche.PropWhenRepr.always✝ },
                                              all := [Name.anonymous.str "List"], nparams := 1,
                                              ctors :=
                                                [Name.anonymous.str "List.nil", Name.anonymous.str "List.cons"] },
                                          ConstantInfo.ctorInfo
                                            { name := Name.anonymous.str "List.nil",
                                              levelParams := [Name.anonymous.str "u"],
                                              type :=
                                                (Expr.sort (Level.param (Name.anonymous.str "u")).succ).forallE
                                                  ((Expr.const (Name.anonymous.str "List")
                                                        [Level.param (Name.anonymous.str "u")]).app
                                                    (Expr.bvar 0))
                                                  { pw := { repr := ConLeche.PropWhenRepr.never✝ } } }
                                            1 0,
                                          ConstantInfo.ctorInfo
                                            { name := Name.anonymous.str "List.cons",
                                              levelParams := [Name.anonymous.str "u"],
                                              type :=
                                                (Expr.sort (Level.param (Name.anonymous.str "u")).succ).forallE
                                                  ((Expr.bvar 0).forallE
                                                    (((Expr.const (Name.anonymous.str "List")
                                                              [Level.param (Name.anonymous.str "u")]).app
                                                          (Expr.bvar 1)).forallE
                                                      ((Expr.const (Name.anonymous.str "List")
                                                            [Level.param (Name.anonymous.str "u")]).app
                                                        (Expr.bvar 2))
                                                      { pw := { repr := ConLeche.PropWhenRepr.never✝ } })
                                                    { pw := { repr := ConLeche.PropWhenRepr.never✝ } })
                                                  { pw := { repr := ConLeche.PropWhenRepr.never✝ } } }
                                            1 2,
                                          ConstantInfo.indInfo
                                            { name := Name.anonymous.str "Tree2", levelParams := [],
                                              type :=
                                                (Expr.sort Level.zero.succ).forallE (Expr.sort Level.zero.succ)
                                                  { pw := { repr := ConLeche.PropWhenRepr.never✝ } } }
                                            { sortZ := { repr := ConLeche.PropWhenRepr.always✝ },
                                              all := [Name.anonymous.str "Tree2"], nparams := 1,
                                              ctors :=
                                                [Name.anonymous.str "Tree2.leaf",
                                                  Name.anonymous.str "Tree2.node"] }] }.find?,
                                ctorsOf := fun n => if (n == Ln) = true then listCs else [], lvls := [],
                                ps := [Expr.fvar 0 (Expr.sort Level.zero.succ)],
                                auxName := fun i => if (i == 1) = true then rn else cn }.lvls).mkAppN
                        {
                            find? :=
                              {
                                  consts :=
                                    [ConstantInfo.indInfo
                                        { name := Name.anonymous.str "List", levelParams := [Name.anonymous.str "u"],
                                          type :=
                                            (Expr.sort (Level.param (Name.anonymous.str "u")).succ).forallE
                                              (Expr.sort (Level.param (Name.anonymous.str "u")).succ)
                                              { pw := { repr := ConLeche.PropWhenRepr.never✝ } } }
                                        { sortZ := { repr := ConLeche.PropWhenRepr.always✝ },
                                          all := [Name.anonymous.str "List"], nparams := 1,
                                          ctors := [Name.anonymous.str "List.nil", Name.anonymous.str "List.cons"] },
                                      ConstantInfo.ctorInfo
                                        { name := Name.anonymous.str "List.nil",
                                          levelParams := [Name.anonymous.str "u"],
                                          type :=
                                            (Expr.sort (Level.param (Name.anonymous.str "u")).succ).forallE
                                              ((Expr.const (Name.anonymous.str "List")
                                                    [Level.param (Name.anonymous.str "u")]).app
                                                (Expr.bvar 0))
                                              { pw := { repr := ConLeche.PropWhenRepr.never✝ } } }
                                        1 0,
                                      ConstantInfo.ctorInfo
                                        { name := Name.anonymous.str "List.cons",
                                          levelParams := [Name.anonymous.str "u"],
                                          type :=
                                            (Expr.sort (Level.param (Name.anonymous.str "u")).succ).forallE
                                              ((Expr.bvar 0).forallE
                                                (((Expr.const (Name.anonymous.str "List")
                                                          [Level.param (Name.anonymous.str "u")]).app
                                                      (Expr.bvar 1)).forallE
                                                  ((Expr.const (Name.anonymous.str "List")
                                                        [Level.param (Name.anonymous.str "u")]).app
                                                    (Expr.bvar 2))
                                                  { pw := { repr := ConLeche.PropWhenRepr.never✝ } })
                                                { pw := { repr := ConLeche.PropWhenRepr.never✝ } })
                                              { pw := { repr := ConLeche.PropWhenRepr.never✝ } } }
                                        1 2,
                                      ConstantInfo.indInfo
                                        { name := Name.anonymous.str "Tree2", levelParams := [],
                                          type :=
                                            (Expr.sort Level.zero.succ).forallE (Expr.sort Level.zero.succ)
                                              { pw := { repr := ConLeche.PropWhenRepr.never✝ } } }
                                        { sortZ := { repr := ConLeche.PropWhenRepr.always✝ },
                                          all := [Name.anonymous.str "Tree2"], nparams := 1,
                                          ctors :=
                                            [Name.anonymous.str "Tree2.leaf",
                                              Name.anonymous.str "Tree2.node"] }] }.find?,
                            ctorsOf := fun n => if (n == Ln) = true then listCs else [], lvls := [],
                            ps := [Expr.fvar 0 (Expr.sort Level.zero.succ)],
                            auxName := fun i => if (i == 1) = true then rn else cn }.ps).mkAppN
                    (List.drop np args);
                match List.lookup key st.aux with
                | some a => pure (some (mk a))
                | none => do
                  Official.copyBlock
                      {
                        find? :=
                          {
                              consts :=
                                [ConstantInfo.indInfo
                                    { name := Name.anonymous.str "List", levelParams := [Name.anonymous.str "u"],
                                      type :=
                                        (Expr.sort (Level.param (Name.anonymous.str "u")).succ).forallE
                                          (Expr.sort (Level.param (Name.anonymous.str "u")).succ)
                                          { pw := { repr := ConLeche.PropWhenRepr.never✝ } } }
                                    { sortZ := { repr := ConLeche.PropWhenRepr.always✝ },
                                      all := [Name.anonymous.str "List"], nparams := 1,
                                      ctors := [Name.anonymous.str "List.nil", Name.anonymous.str "List.cons"] },
                                  ConstantInfo.ctorInfo
                                    { name := Name.anonymous.str "List.nil", levelParams := [Name.anonymous.str "u"],
                                      type :=
                                        (Expr.sort (Level.param (Name.anonymous.str "u")).succ).forallE
                                          ((Expr.const (Name.anonymous.str "List")
                                                [Level.param (Name.anonymous.str "u")]).app
                                            (Expr.bvar 0))
                                          { pw := { repr := ConLeche.PropWhenRepr.never✝ } } }
                                    1 0,
                                  ConstantInfo.ctorInfo
                                    { name := Name.anonymous.str "List.cons", levelParams := [Name.anonymous.str "u"],
                                      type :=
                                        (Expr.sort (Level.param (Name.anonymous.str "u")).succ).forallE
                                          ((Expr.bvar 0).forallE
                                            (((Expr.const (Name.anonymous.str "List")
                                                      [Level.param (Name.anonymous.str "u")]).app
                                                  (Expr.bvar 1)).forallE
                                              ((Expr.const (Name.anonymous.str "List")
                                                    [Level.param (Name.anonymous.str "u")]).app
                                                (Expr.bvar 2))
                                              { pw := { repr := ConLeche.PropWhenRepr.never✝ } })
                                            { pw := { repr := ConLeche.PropWhenRepr.never✝ } })
                                          { pw := { repr := ConLeche.PropWhenRepr.never✝ } } }
                                    1 2,
                                  ConstantInfo.indInfo
                                    { name := Name.anonymous.str "Tree2", levelParams := [],
                                      type :=
                                        (Expr.sort Level.zero.succ).forallE (Expr.sort Level.zero.succ)
                                          { pw := { repr := ConLeche.PropWhenRepr.never✝ } } }
                                    { sortZ := { repr := ConLeche.PropWhenRepr.always✝ },
                                      all := [Name.anonymous.str "Tree2"], nparams := 1,
                                      ctors :=
                                        [Name.anonymous.str "Tree2.leaf", Name.anonymous.str "Tree2.node"] }] }.find?,
                        ctorsOf := fun n => if (n == Ln) = true then listCs else [], lvls := [],
                        ps := [Expr.fvar 0 (Expr.sort Level.zero.succ)],
                        auxName := fun i => if (i == 1) = true then rn else cn }
                      us (List.take np args)
                      (Official.blockOf
                        {
                          find? :=
                            {
                                consts :=
                                  [ConstantInfo.indInfo
                                      { name := Name.anonymous.str "List", levelParams := [Name.anonymous.str "u"],
                                        type :=
                                          (Expr.sort (Level.param (Name.anonymous.str "u")).succ).forallE
                                            (Expr.sort (Level.param (Name.anonymous.str "u")).succ)
                                            { pw := { repr := ConLeche.PropWhenRepr.never✝ } } }
                                      { sortZ := { repr := ConLeche.PropWhenRepr.always✝ },
                                        all := [Name.anonymous.str "List"], nparams := 1,
                                        ctors := [Name.anonymous.str "List.nil", Name.anonymous.str "List.cons"] },
                                    ConstantInfo.ctorInfo
                                      { name := Name.anonymous.str "List.nil", levelParams := [Name.anonymous.str "u"],
                                        type :=
                                          (Expr.sort (Level.param (Name.anonymous.str "u")).succ).forallE
                                            ((Expr.const (Name.anonymous.str "List")
                                                  [Level.param (Name.anonymous.str "u")]).app
                                              (Expr.bvar 0))
                                            { pw := { repr := ConLeche.PropWhenRepr.never✝ } } }
                                      1 0,
                                    ConstantInfo.ctorInfo
                                      { name := Name.anonymous.str "List.cons", levelParams := [Name.anonymous.str "u"],
                                        type :=
                                          (Expr.sort (Level.param (Name.anonymous.str "u")).succ).forallE
                                            ((Expr.bvar 0).forallE
                                              (((Expr.const (Name.anonymous.str "List")
                                                        [Level.param (Name.anonymous.str "u")]).app
                                                    (Expr.bvar 1)).forallE
                                                ((Expr.const (Name.anonymous.str "List")
                                                      [Level.param (Name.anonymous.str "u")]).app
                                                  (Expr.bvar 2))
                                                { pw := { repr := ConLeche.PropWhenRepr.never✝ } })
                                              { pw := { repr := ConLeche.PropWhenRepr.never✝ } })
                                            { pw := { repr := ConLeche.PropWhenRepr.never✝ } } }
                                      1 2,
                                    ConstantInfo.indInfo
                                      { name := Name.anonymous.str "Tree2", levelParams := [],
                                        type :=
                                          (Expr.sort Level.zero.succ).forallE (Expr.sort Level.zero.succ)
                                            { pw := { repr := ConLeche.PropWhenRepr.never✝ } } }
                                      { sortZ := { repr := ConLeche.PropWhenRepr.always✝ },
                                        all := [Name.anonymous.str "Tree2"], nparams := 1,
                                        ctors :=
                                          [Name.anonymous.str "Tree2.leaf", Name.anonymous.str "Tree2.node"] }] }.find?,
                          ctorsOf := fun n => if (n == Ln) = true then listCs else [], lvls := [],
                          ps := [Expr.fvar 0 (Expr.sort Level.zero.succ)],
                          auxName := fun i => if (i == 1) = true then rn else cn }
                        I)
                  let __do_lift ← get
                  match List.lookup key __do_lift.aux with
                    | some a => pure (some (mk a))
                    | none => throw Official.illFormed)
            a
[Debug.Meta.Tactic.cbv.reduce] simplifyAppFn:
      {
            find? :=
              {
                  consts :=
                    [ConstantInfo.indInfo
                        { name := Name.anonymous.str "List", levelParams := [Name.anonymous.str "u"],
                          type :=
                            (Expr.sort (Level.param (Name.anonymous.str "u")).succ).forallE
                              (Expr.sort (Level.param (Name.anonymous.str "u")).succ)
                              { pw := { repr := ConLeche.PropWhenRepr.never✝ } } }
                        { sortZ := { repr := ConLeche.PropWhenRepr.always✝ }, all := [Name.anonymous.str "List"],
                          nparams := 1, ctors := [Name.anonymous.str "List.nil", Name.anonymous.str "List.cons"] },
                      ConstantInfo.ctorInfo
                        { name := Name.anonymous.str "List.nil", levelParams := [Name.anonymous.str "u"],
                          type :=
                            (Expr.sort (Level.param (Name.anonymous.str "u")).succ).forallE
                              ((Expr.const (Name.anonymous.str "List") [Level.param (Name.anonymous.str "u")]).app
                                (Expr.bvar 0))
                              { pw := { repr := ConLeche.PropWhenRepr.never✝ } } }
                        1 0,
                      ConstantInfo.ctorInfo
                        { name := Name.anonymous.str "List.cons", levelParams := [Name.anonymous.str "u"],
                          type :=
                            (Expr.sort (Level.param (Name.anonymous.str "u")).succ).forallE
                              ((Expr.bvar 0).forallE
                                (((Expr.const (Name.anonymous.str "List") [Level.param (Name.anonymous.str "u")]).app
                                      (Expr.bvar 1)).forallE
                                  ((Expr.const (Name.anonymous.str "List") [Level.param (Name.anonymous.str "u")]).app
                                    (Expr.bvar 2))
                                  { pw := { repr := ConLeche.PropWhenRepr.never✝ } })
                                { pw := { repr := ConLeche.PropWhenRepr.never✝ } })
                              { pw := { repr := ConLeche.PropWhenRepr.never✝ } } }
                        1 2,
                      ConstantInfo.indInfo
                        { name := Name.anonymous.str "Tree2", levelParams := [],
                          type :=
                            (Expr.sort Level.zero.succ).forallE (Expr.sort Level.zero.succ)
                              { pw := { repr := ConLeche.PropWhenRepr.never✝ } } }
                        { sortZ := { repr := ConLeche.PropWhenRepr.always✝ }, all := [Name.anonymous.str "Tree2"],
                          nparams := 1,
                          ctors := [Name.anonymous.str "Tree2.leaf", Name.anonymous.str "Tree2.node"] }] }.find?,
            ctorsOf := fun n => if (n == Ln) = true then listCs else [], lvls := [],
            ps := [Expr.fvar 0 (Expr.sort Level.zero.succ)], auxName := fun i => if (i == 1) = true then rn else cn }.1
        (Name.anonymous.str "List")
    ==>
      {
            consts :=
              [ConstantInfo.indInfo
                  { name := Name.anonymous.str "List", levelParams := [Name.anonymous.str "u"],
                    type :=
                      (Expr.sort (Level.param (Name.anonymous.str "u")).succ).forallE
                        (Expr.sort (Level.param (Name.anonymous.str "u")).succ)
                        { pw := { repr := ConLeche.PropWhenRepr.never✝ } } }
                  { sortZ := { repr := ConLeche.PropWhenRepr.always✝ }, all := [Name.anonymous.str "List"],
                    nparams := 1, ctors := [Name.anonymous.str "List.nil", Name.anonymous.str "List.cons"] },
                ConstantInfo.ctorInfo
                  { name := Name.anonymous.str "List.nil", levelParams := [Name.anonymous.str "u"],
                    type :=
                      (Expr.sort (Level.param (Name.anonymous.str "u")).succ).forallE
                        ((Expr.const (Name.anonymous.str "List") [Level.param (Name.anonymous.str "u")]).app
                          (Expr.bvar 0))
                        { pw := { repr := ConLeche.PropWhenRepr.never✝ } } }
                  1 0,
                ConstantInfo.ctorInfo
                  { name := Name.anonymous.str "List.cons", levelParams := [Name.anonymous.str "u"],
                    type :=
                      (Expr.sort (Level.param (Name.anonymous.str "u")).succ).forallE
                        ((Expr.bvar 0).forallE
                          (((Expr.const (Name.anonymous.str "List") [Level.param (Name.anonymous.str "u")]).app
                                (Expr.bvar 1)).forallE
                            ((Expr.const (Name.anonymous.str "List") [Level.param (Name.anonymous.str "u")]).app
                              (Expr.bvar 2))
                            { pw := { repr := ConLeche.PropWhenRepr.never✝ } })
                          { pw := { repr := ConLeche.PropWhenRepr.never✝ } })
                        { pw := { repr := ConLeche.PropWhenRepr.never✝ } } }
                  1 2,
                ConstantInfo.indInfo
                  { name := Name.anonymous.str "Tree2", levelParams := [],
                    type :=
                      (Expr.sort Level.zero.succ).forallE (Expr.sort Level.zero.succ)
                        { pw := { repr := ConLeche.PropWhenRepr.never✝ } } }
                  { sortZ := { repr := ConLeche.PropWhenRepr.always✝ }, all := [Name.anonymous.str "Tree2"],
                    nparams := 1, ctors := [Name.anonymous.str "Tree2.leaf", Name.anonymous.str "Tree2.node"] }] }.find?
        (Name.anonymous.str "List")
[Debug.Meta.Tactic.cbv.reduce] simplifyAppFn:
      instBEqName.1 (Name.anonymous.str "List") (Name.anonymous.str "List")
    ==>
      (Name.anonymous.str "List").beq (Name.anonymous.str "List")
[Debug.Meta.Tactic.cbv.reduce] simplifyAppFn:
      instBEqName.1 (Name.anonymous.str "List") (Name.anonymous.str "Quot")
    ==>
      (Name.anonymous.str "List").beq (Name.anonymous.str "Quot")
[Debug.Meta.Tactic.cbv.reduce] beta:
      (fun inst => dite ("List" = "Quot") (Eq.rec (isTrue ⋯)) fun h => isFalse ⋯) (isTrue ⋯)
    ==>
      dite ("List" = "Quot") (Eq.rec (isTrue ⋯)) fun h => isFalse ⋯
[Debug.Meta.Tactic.cbv.reduce] beta:
      (fun {α} a motive refl => refl) Name.anonymous
        (fun x x_1 =>
          have inst := instDecidableEqName.decEq Name.anonymous x;
          Decidable (Name.anonymous.str "List" = x.str "Quot"))
        (isFalse ⋯)
    ==>
      isFalse ⋯
[Debug.Meta.Tactic.cbv.reduce] simplifyAppFn:
      instHAppendOfAppend.1 []
        [(Expr.const (Name.anonymous.str "List") [Level.zero]).app
            ((Expr.const (Name.anonymous.str "Tree2") []).app (Expr.fvar 0 (Expr.sort Level.zero.succ)))]
    ==>
      [].append
        [(Expr.const (Name.anonymous.str "List") [Level.zero]).app
            ((Expr.const (Name.anonymous.str "Tree2") []).app (Expr.fvar 0 (Expr.sort Level.zero.succ)))]
[Debug.Meta.Tactic.cbv.reduce] beta:
      (fun args =>
          if
              args.length <
                { sortZ := { repr := ConLeche.PropWhenRepr.always✝ }, all := [Name.anonymous.str "List"], nparams := 1,
                    ctors := [Name.anonymous.str "List.nil", Name.anonymous.str "List.cons"] }.nparams then
            pure none
          else
            have ds :=
              List.take
                { sortZ := { repr := ConLeche.PropWhenRepr.always✝ }, all := [Name.anonymous.str "List"], nparams := 1,
                    ctors := [Name.anonymous.str "List.nil", Name.anonymous.str "List.cons"] }.nparams
                args;
            if (!ds.any (Expr.nestOcc [Name.anonymous.str "Tree2"] 0 0)) = true then pure none
            else
              if (ds.any fun x => x.bvarB != 0) = true then
                throw
                  (CheckError.invalid "official: nested inductive datatypes parameters cannot contain local variables")
              else
                pure
                  (some
                    (Name.anonymous.str "List", [Level.zero],
                      { sortZ := { repr := ConLeche.PropWhenRepr.always✝ }, all := [Name.anonymous.str "List"],
                          nparams := 1,
                          ctors := [Name.anonymous.str "List.nil", Name.anonymous.str "List.cons"] }.nparams,
                      args)))
        [(Expr.const (Name.anonymous.str "List") [Level.zero]).app
            ((Expr.const (Name.anonymous.str "Tree2") []).app (Expr.fvar 0 (Expr.sort Level.zero.succ)))]
    ==>
      if
          [(Expr.const (Name.anonymous.str "List") [Level.zero]).app
                  ((Expr.const (Name.anonymous.str "Tree2") []).app (Expr.fvar 0 (Expr.sort Level.zero.succ)))].length <
            { sortZ := { repr := ConLeche.PropWhenRepr.always✝ }, all := [Name.anonymous.str "List"], nparams := 1,
                ctors := [Name.anonymous.str "List.nil", Name.anonymous.str "List.cons"] }.nparams then
        pure none
      else
        have ds :=
          List.take
            { sortZ := { repr := ConLeche.PropWhenRepr.always✝ }, all := [Name.anonymous.str "List"], nparams := 1,
                ctors := [Name.anonymous.str "List.nil", Name.anonymous.str "List.cons"] }.nparams
            [(Expr.const (Name.anonymous.str "List") [Level.zero]).app
                ((Expr.const (Name.anonymous.str "Tree2") []).app (Expr.fvar 0 (Expr.sort Level.zero.succ)))];
        if (!ds.any (Expr.nestOcc [Name.anonymous.str "Tree2"] 0 0)) = true then pure none
        else
          if (ds.any fun x => x.bvarB != 0) = true then
            throw (CheckError.invalid "official: nested inductive datatypes parameters cannot contain local variables")
          else
            pure
              (some
                (Name.anonymous.str "List", [Level.zero],
                  { sortZ := { repr := ConLeche.PropWhenRepr.always✝ }, all := [Name.anonymous.str "List"],
                      nparams := 1, ctors := [Name.anonymous.str "List.nil", Name.anonymous.str "List.cons"] }.nparams,
                  [(Expr.const (Name.anonymous.str "List") [Level.zero]).app
                      ((Expr.const (Name.anonymous.str "Tree2") []).app (Expr.fvar 0 (Expr.sort Level.zero.succ)))]))
[Debug.Meta.Tactic.cbv.reduce] ✅️ proj `ConLeche.IndCaps`.9:
      { sortZ := { repr := ConLeche.PropWhenRepr.always✝ }, all := [Name.anonymous.str "List"], nparams := 1,
          ctors := [Name.anonymous.str "List.nil", Name.anonymous.str "List.cons"] }.10
    ==>
      1
[Debug.Meta.Tactic.cbv.reduce] beta:
      (fun ds =>
          if (!ds.any (Expr.nestOcc [Name.anonymous.str "Tree2"] 0 0)) = true then pure none
          else
            if (ds.any fun x => x.bvarB != 0) = true then
              throw
                (CheckError.invalid "official: nested inductive datatypes parameters cannot contain local variables")
            else
              pure
                (some
                  (Name.anonymous.str "List", [Level.zero],
                    { sortZ := { repr := ConLeche.PropWhenRepr.always✝ }, all := [Name.anonymous.str "List"],
                        nparams := 1,
                        ctors := [Name.anonymous.str "List.nil", Name.anonymous.str "List.cons"] }.nparams,
                    [(Expr.const (Name.anonymous.str "List") [Level.zero]).app
                        ((Expr.const (Name.anonymous.str "Tree2") []).app (Expr.fvar 0 (Expr.sort Level.zero.succ)))])))
        [(Expr.const (Name.anonymous.str "List") [Level.zero]).app
            ((Expr.const (Name.anonymous.str "Tree2") []).app (Expr.fvar 0 (Expr.sort Level.zero.succ)))]
    ==>
      if
          (![(Expr.const (Name.anonymous.str "List") [Level.zero]).app
                      ((Expr.const (Name.anonymous.str "Tree2") []).app (Expr.fvar 0 (Expr.sort Level.zero.succ)))].any
                (Expr.nestOcc [Name.anonymous.str "Tree2"] 0 0)) =
            true then
        pure none
      else
        if
            ([(Expr.const (Name.anonymous.str "List") [Level.zero]).app
                      ((Expr.const (Name.anonymous.str "Tree2") []).app (Expr.fvar 0 (Expr.sort Level.zero.succ)))].any
                fun x => x.bvarB != 0) =
              true then
          throw (CheckError.invalid "official: nested inductive datatypes parameters cannot contain local variables")
        else
          pure
            (some
              (Name.anonymous.str "List", [Level.zero],
                { sortZ := { repr := ConLeche.PropWhenRepr.always✝ }, all := [Name.anonymous.str "List"], nparams := 1,
                    ctors := [Name.anonymous.str "List.nil", Name.anonymous.str "List.cons"] }.nparams,
                [(Expr.const (Name.anonymous.str "List") [Level.zero]).app
                    ((Expr.const (Name.anonymous.str "Tree2") []).app (Expr.fvar 0 (Expr.sort Level.zero.succ)))]))
[Debug.Meta.Tactic.cbv.reduce] ✅️ proj `Max`.0:
      Nat.instMax.1
    ==>
      { max := fun x y => if x ≤ y then y else x }.1
[Debug.Meta.Tactic.cbv.reduce] ✅️ proj `Max`.0:
      { max := fun x y => if x ≤ y then y else x }.1
    ==>
      fun x y => if x ≤ y then y else x
[Debug.Meta.Tactic.cbv.reduce] simplifyAppFn:
      Nat.instMax.1 0 0
    ==>
      (fun x y => if x ≤ y then y else x) 0 0
[Debug.Meta.Tactic.cbv.reduce] beta:
      (fun x y => if x ≤ y then y else x) 0 0
    ==>
      if 0 ≤ 0 then 0 else 0
'Tree2Bridge.official_lowering' depends on axioms: [propext, sorryAx, Classical.choice, Quot.sound]
'Tree2Bridge.canonical_list' depends on axioms: [propext, Classical.choice, Quot.sound]
'Tree2Bridge.root_crests' depends on axioms: [propext, Classical.choice, Quot.sound]
'Tree2Bridge.container_crests' depends on axioms: [propext, Classical.choice, Quot.sound]
'Tree2Bridge.frame_reset' depends on axioms: [propext, Classical.choice, Quot.sound]
'Tree2Bridge.infer_outer' depends on axioms: [propext, Classical.choice, Quot.sound]
