{"id":"bmp1-08500","outputs":[["a",["l",["b",0],["a",["b",1],["b",0]]],["b",4]],["a",["l",["b",0],["a",["b",1],["b",0]]],["b",3]]]}
{"id":"bmp1-08501","outputs":[["a",["l",["a",["b",0],["b",1]],["a",["a",["b",1],["b",2]],["b",0]]],["b",2]],["a",["l",["a",["b",0],["b",0]],["a",["a",["b",1],["b",1]],["b",0]]],["b",1]]]}
{"id":"bmp1-08502","outputs":[["a",["l",["l",["s"],["a",["b",1],["b",0]]],["a",["l",["s"],["a",["b",2],["b",0]]],["b",0]]],["b",0]],["a",["l",["l",["s"],["a",["b",1],["b",0]]],["a",["l",["s"],["a",["b",2],["b",0]]],["b",0]]],["b",0]]]}
{"id":"bmp1-08503","outputs":[["a",["l",["t",["s"],["b",3],["a",["b",1],["b",0]]],["a",["t",["s"],["b",4],["a",["b",2],["b",0]]],["b",0]]],["b",4]],["a",["l",["t",["s"],["b",2],["a",["b",1],["b",0]]],["a",["t",["s"],["b",3],["a",["b",2],["b",0]]],["b",0]]],["b",3]]]}
{"id":"bmp1-08504","outputs":[["a",["l",["b",0],["a",["b",1],["b",0]]],["b",0]],["a",["l",["a",["b",0],["b",1]],["a",["a",["b",1],["b",2]],["b",0]]],["a",["b",0],["b",1]]]]}
{"id":"bmp1-08505","outputs":[["a",["l",["a",["b",0],["b",1]],["a",["a",["b",1],["b",2]],["b",0]]],["b",3]],["a",["l",["a",["a",["b",0],["b",2]],["b",0]],["a",["a",["a",["b",1],["b",3]],["b",1]],["b",0]]],["b",2]]]}
{"id":"bmp1-08506","outputs":[["a",["l",["l",["s"],["a",["b",1],["b",0]]],["a",["l",["s"],["a",["b",2],["b",0]]],["b",0]]],["b",1]],["a",["l",["l",["s"],["a",["a",["b",1],["b",2]],["b",0]]],["a",["l",["s"],["a",["a",["b",2],["b",3]],["b",0]]],["b",0]]],["b",0]]]}
{"id":"bmp1-08507","outputs":[["a",["l",["t",["s"],["b",4],["a",["b",1],["b",0]]],["a",["t",["s"],["b",5],["a",["b",2],["b",0]]],["b",0]]],["b",2]],["a",["l",["t",["s"],["b",3],["a",["a",["b",1],["b",4]],["b",0]]],["a",["t",["s"],["b",4],["a",["a",["b",2],["b",5]],["b",0]]],["b",0]]],["b",1]]]}
{"id":"bmp1-08508","outputs":[["a",["l",["b",0],["a",["b",1],["b",0]]],["b",2]],["a",["l",["l",["s"],["a",["b",1],["b",0]]],["a",["l",["s"],["a",["b",2],["b",0]]],["b",0]]],["b",1]]]}
{"id":"bmp1-08509","outputs":[["a",["l",["a",["b",0],["b",0]],["a",["a",["b",1],["b",1]],["b",0]]],["b",1]],["a",["l",["a",["l",["s"],["a",["b",1],["b",0]]],["l",["s"],["a",["b",1],["b",0]]]],["a",["a",["l",["s"],["a",["b",2],["b",0]]],["l",["s"],["a",["b",2],["b",0]]]],["b",0]]],["b",0]]]}
{"id":"bmp1-08510","outputs":[["a",["l",["l",["s"],["a",["b",1],["b",0]]],["a",["l",["s"],["a",["b",2],["b",0]]],["b",0]]],["b",4]],["a",["l",["l",["s"],["a",["l",["s"],["a",["b",2],["b",0]]],["b",0]]],["a",["l",["s"],["a",["l",["s"],["a",["b",3],["b",0]]],["b",0]]],["b",0]]],["b",3]]]}
{"id":"bmp1-08511","outputs":[["a",["l",["t",["s"],["b",4],["a",["b",1],["b",0]]],["a",["t",["s"],["b",5],["a",["b",2],["b",0]]],["b",0]]],["b",2]],["a",["l",["t",["s"],["b",3],["a",["l",["s"],["a",["b",2],["b",0]]],["b",0]]],["a",["t",["s"],["b",4],["a",["l",["s"],["a",["b",3],["b",0]]],["b",0]]],["b",0]]],["b",1]]]}
{"id":"bmp1-08512","outputs":[["a",["l",["b",0],["a",["b",1],["b",0]]],["b",1]],["a",["l",["t",["s"],["b",0],["a",["b",1],["b",0]]],["a",["t",["s"],["b",1],["a",["b",2],["b",0]]],["b",0]]],["b",0]]]}
{"id":"bmp1-08513","outputs":[["a",["l",["a",["b",0],["b",2]],["a",["a",["b",1],["b",3]],["b",0]]],["b",2]],["a",["l",["a",["t",["s"],["b",1],["a",["b",1],["b",0]]],["b",1]],["a",["a",["t",["s"],["b",2],["a",["b",2],["b",0]]],["b",2]],["b",0]]],["b",1]]]}
{"id":"bmp1-08514","outputs":[["a",["l",["l",["s"],["a",["b",1],["b",0]]],["a",["l",["s"],["a",["b",2],["b",0]]],["b",0]]],["b",3]],["a",["l",["l",["s"],["a",["t",["s"],["b",1],["a",["b",2],["b",0]]],["b",0]]],["a",["l",["s"],["a",["t",["s"],["b",2],["a",["b",3],["b",0]]],["b",0]]],["b",0]]],["b",2]]]}
{"id":"bmp1-08515","outputs":[["a",["l",["t",["s"],["b",0],["a",["b",1],["b",0]]],["a",["t",["s"],["b",1],["a",["b",2],["b",0]]],["b",0]]],["b",0]],["a",["l",["t",["s"],["t",["s"],["b",0],["a",["b",1],["b",0]]],["a",["t",["s"],["b",1],["a",["b",2],["b",0]]],["b",0]]],["a",["t",["s"],["t",["s"],["b",1],["a",["b",2],["b",0]]],["a",["t",["s"],["b",2],["a",["b",3],["b",0]]],["b",0]]],["b",0]]],["t",["s"],["b",0],["a",["b",1],["b",0]]]]]}
{"id":"bmp1-08516","outputs":[["a",["l",["b",0],["a",["b",1],["b",0]]],["b",2]],["a",["l",["b",0],["a",["b",1],["b",0]]],["b",1]]]}
{"id":"bmp1-08517","outputs":[["a",["l",["a",["b",0],["b",0]],["a",["a",["b",1],["b",1]],["b",0]]],["b",1]],["a",["l",["a",["b",0],["b",0]],["a",["a",["b",1],["b",1]],["b",0]]],["b",0]]]}
{"id":"bmp1-08518","outputs":[["a",["l",["l",["s"],["a",["b",1],["b",0]]],["a",["l",["s"],["a",["b",2],["b",0]]],["b",0]]],["b",0]],["a",["l",["l",["s"],["a",["b",1],["b",0]]],["a",["l",["s"],["a",["b",2],["b",0]]],["b",0]]],["b",0]]]}
{"id":"bmp1-08519","outputs":[["a",["l",["t",["s"],["b",1],["a",["b",1],["b",0]]],["a",["t",["s"],["b",2],["a",["b",2],["b",0]]],["b",0]]],["b",1]],["a",["l",["t",["s"],["b",0],["a",["b",1],["b",0]]],["a",["t",["s"],["b",1],["a",["b",2],["b",0]]],["b",0]]],["b",0]]]}
{"id":"bmp1-08520","outputs":[["a",["l",["b",0],["a",["b",1],["b",0]]],["b",2]],["a",["l",["a",["b",0],["b",0]],["a",["a",["b",1],["b",1]],["b",0]]],["b",1]]]}
{"id":"bmp1-08521","outputs":[["a",["l",["a",["b",0],["b",1]],["a",["a",["b",1],["b",2]],["b",0]]],["b",0]],["a",["l",["a",["a",["b",0],["b",0]],["b",0]],["a",["a",["a",["b",1],["b",1]],["b",1]],["b",0]]],["a",["b",0],["b",0]]]]}
{"id":"bmp1-08522","outputs":[["a",["l",["l",["s"],["a",["b",1],["b",0]]],["a",["l",["s"],["a",["b",2],["b",0]]],["b",0]]],["b",0]],["a",["l",["l",["s"],["a",["a",["b",1],["b",1]],["b",0]]],["a",["l",["s"],["a",["a",["b",2],["b",2]],["b",0]]],["b",0]]],["a",["b",0],["b",0]]]]}
{"id":"bmp1-08523","outputs":[["a",["l",["t",["s"],["b",1],["a",["b",1],["b",0]]],["a",["t",["s"],["b",2],["a",["b",2],["b",0]]],["b",0]]],["b",1]],["a",["l",["t",["s"],["b",0],["a",["a",["b",1],["b",1]],["b",0]]],["a",["t",["s"],["b",1],["a",["a",["b",2],["b",2]],["b",0]]],["b",0]]],["b",0]]]}
{"id":"bmp1-08524","outputs":[["a",["l",["b",0],["a",["b",1],["b",0]]],["b",0]],["a",["l",["l",["s"],["a",["b",1],["b",0]]],["a",["l",["s"],["a",["b",2],["b",0]]],["b",0]]],["l",["s"],["a",["b",1],["b",0]]]]]}
{"id":"bmp1-08525","outputs":[["a",["l",["a",["b",0],["b",0]],["a",["a",["b",1],["b",1]],["b",0]]],["b",0]],["a",["l",["a",["l",["s"],["a",["b",1],["b",0]]],["l",["s"],["a",["b",1],["b",0]]]],["a",["a",["l",["s"],["a",["b",2],["b",0]]],["l",["s"],["a",["b",2],["b",0]]]],["b",0]]],["l",["s"],["a",["b",1],["b",0]]]]]}
{"id":"bmp1-08526","outputs":[["a",["l",["l",["s"],["a",["b",1],["b",0]]],["a",["l",["s"],["a",["b",2],["b",0]]],["b",0]]],["b",0]],["a",["l",["l",["s"],["a",["l",["s"],["a",["b",2],["b",0]]],["b",0]]],["a",["l",["s"],["a",["l",["s"],["a",["b",3],["b",0]]],["b",0]]],["b",0]]],["l",["s"],["a",["b",1],["b",0]]]]]}
{"id":"bmp1-08527","outputs":[["a",["l",["t",["s"],["b",1],["a",["b",1],["b",0]]],["a",["t",["s"],["b",2],["a",["b",2],["b",0]]],["b",0]]],["b",0]],["a",["l",["t",["s"],["b",0],["a",["l",["s"],["a",["b",2],["b",0]]],["b",0]]],["a",["t",["s"],["b",1],["a",["l",["s"],["a",["b",3],["b",0]]],["b",0]]],["b",0]]],["l",["s"],["a",["b",1],["b",0]]]]]}
{"id":"bmp1-08528","outputs":[["a",["l",["b",0],["a",["b",1],["b",0]]],["b",1]],["a",["l",["t",["s"],["b",0],["a",["b",1],["b",0]]],["a",["t",["s"],["b",1],["a",["b",2],["b",0]]],["b",0]]],["b",0]]]}
{"id":"bmp1-08529","outputs":[["a",["l",["a",["b",0],["b",1]],["a",["a",["b",1],["b",2]],["b",0]]],["b",0]],["a",["l",["a",["t",["s"],["b",2],["a",["b",1],["b",0]]],["b",0]],["a",["a",["t",["s"],["b",3],["a",["b",2],["b",0]]],["b",1]],["b",0]]],["t",["s"],["b",2],["a",["b",1],["b",0]]]]]}
{"id":"bmp1-08530","outputs":[["a",["l",["l",["s"],["a",["b",1],["b",0]]],["a",["l",["s"],["a",["b",2],["b",0]]],["b",0]]],["b",2]],["a",["l",["l",["s"],["a",["t",["s"],["b",1],["a",["b",2],["b",0]]],["b",0]]],["a",["l",["s"],["a",["t",["s"],["b",2],["a",["b",3],["b",0]]],["b",0]]],["b",0]]],["b",1]]]}
{"id":"bmp1-08531","outputs":[["a",["l",["t",["s"],["b",0],["a",["b",1],["b",0]]],["a",["t",["s"],["b",1],["a",["b",2],["b",0]]],["b",0]]],["b",2]],["a",["l",["t",["s"],["t",["s"],["b",1],["a",["b",1],["b",0]]],["a",["t",["s"],["b",2],["a",["b",2],["b",0]]],["b",0]]],["a",["t",["s"],["t",["s"],["b",2],["a",["b",2],["b",0]]],["a",["t",["s"],["b",3],["a",["b",3],["b",0]]],["b",0]]],["b",0]]],["b",1]]]}
{"id":"bmp1-08532","outputs":[["a",["l",["b",0],["a",["b",1],["b",0]]],["b",1]],["a",["l",["b",0],["a",["b",1],["b",0]]],["b",0]]]}
{"id":"bmp1-08533","outputs":[["a",["l",["a",["b",0],["b",0]],["a",["a",["b",1],["b",1]],["b",0]]],["b",1]],["a",["l",["a",["b",0],["b",0]],["a",["a",["b",1],["b",1]],["b",0]]],["b",0]]]}
{"id":"bmp1-08534","outputs":[["a",["l",["l",["s"],["a",["b",1],["b",0]]],["a",["l",["s"],["a",["b",2],["b",0]]],["b",0]]],["b",1]],["a",["l",["l",["s"],["a",["b",1],["b",0]]],["a",["l",["s"],["a",["b",2],["b",0]]],["b",0]]],["b",0]]]}
{"id":"bmp1-08535","outputs":[["a",["l",["t",["s"],["b",1],["a",["b",1],["b",0]]],["a",["t",["s"],["b",2],["a",["b",2],["b",0]]],["b",0]]],["b",0]],["a",["l",["t",["s"],["b",0],["a",["b",1],["b",0]]],["a",["t",["s"],["b",1],["a",["b",2],["b",0]]],["b",0]]],["b",0]]]}
{"id":"bmp1-08536","outputs":[["a",["l",["b",0],["a",["b",1],["b",0]]],["b",4]],["a",["l",["a",["b",0],["b",2]],["a",["a",["b",1],["b",3]],["b",0]]],["b",3]]]}
{"id":"bmp1-08537","outputs":[["a",["l",["a",["b",0],["b",0]],["a",["a",["b",1],["b",1]],["b",0]]],["b",4]],["a",["l",["a",["a",["b",0],["b",1]],["a",["b",0],["b",1]]],["a",["a",["a",["b",1],["b",2]],["a",["b",1],["b",2]]],["b",0]]],["b",3]]]}
{"id":"bmp1-08538","outputs":[["a",["l",["l",["s"],["a",["b",1],["b",0]]],["a",["l",["s"],["a",["b",2],["b",0]]],["b",0]]],["b",0]],["a",["l",["l",["s"],["a",["a",["b",1],["b",1]],["b",0]]],["a",["l",["s"],["a",["a",["b",2],["b",2]],["b",0]]],["b",0]]],["a",["b",0],["b",0]]]]}
{"id":"bmp1-08539","outputs":[["a",["l",["t",["s"],["b",0],["a",["b",1],["b",0]]],["a",["t",["s"],["b",1],["a",["b",2],["b",0]]],["b",0]]],["b",1]],["a",["l",["t",["s"],["a",["b",0],["b",1]],["a",["a",["b",1],["b",2]],["b",0]]],["a",["t",["s"],["a",["b",1],["b",2]],["a",["a",["b",2],["b",3]],["b",0]]],["b",0]]],["b",0]]]}
{"id":"bmp1-08540","outputs":[["a",["l",["b",0],["a",["b",1],["b",0]]],["b",1]],["a",["l",["l",["s"],["a",["b",1],["b",0]]],["a",["l",["s"],["a",["b",2],["b",0]]],["b",0]]],["b",0]]]}
{"id":"bmp1-08541","outputs":[["a",["l",["a",["b",0],["b",1]],["a",["a",["b",1],["b",2]],["b",0]]],["b",1]],["a",["l",["a",["l",["s"],["a",["b",1],["b",0]]],["b",0]],["a",["a",["l",["s"],["a",["b",2],["b",0]]],["b",1]],["b",0]]],["b",0]]]}
{"id":"bmp1-08542","outputs":[["a",["l",["l",["s"],["a",["b",1],["b",0]]],["a",["l",["s"],["a",["b",2],["b",0]]],["b",0]]],["b",3]],["a",["l",["l",["s"],["a",["l",["s"],["a",["b",2],["b",0]]],["b",0]]],["a",["l",["s"],["a",["l",["s"],["a",["b",3],["b",0]]],["b",0]]],["b",0]]],["b",2]]]}
{"id":"bmp1-08543","outputs":[["a",["l",["t",["s"],["b",3],["a",["b",1],["b",0]]],["a",["t",["s"],["b",4],["a",["b",2],["b",0]]],["b",0]]],["b",0]],["a",["l",["t",["s"],["b",2],["a",["l",["s"],["a",["b",2],["b",0]]],["b",0]]],["a",["t",["s"],["b",3],["a",["l",["s"],["a",["b",3],["b",0]]],["b",0]]],["b",0]]],["l",["s"],["a",["b",1],["b",0]]]]]}
{"id":"bmp1-08544","outputs":[["a",["l",["b",0],["a",["b",1],["b",0]]],["b",1]],["a",["l",["t",["s"],["b",0],["a",["b",1],["b",0]]],["a",["t",["s"],["b",1],["a",["b",2],["b",0]]],["b",0]]],["b",0]]]}
{"id":"bmp1-08545","outputs":[["a",["l",["a",["b",0],["b",0]],["a",["a",["b",1],["b",1]],["b",0]]],["b",1]],["a",["l",["a",["t",["s"],["b",0],["a",["b",1],["b",0]]],["t",["s"],["b",0],["a",["b",1],["b",0]]]],["a",["a",["t",["s"],["b",1],["a",["b",2],["b",0]]],["t",["s"],["b",1],["a",["b",2],["b",0]]]],["b",0]]],["b",0]]]}
{"id":"bmp1-08546","outputs":[["a",["l",["l",["s"],["a",["b",1],["b",0]]],["a",["l",["s"],["a",["b",2],["b",0]]],["b",0]]],["b",0]],["a",["l",["l",["s"],["a",["t",["s"],["b",1],["a",["b",2],["b",0]]],["b",0]]],["a",["l",["s"],["a",["t",["s"],["b",2],["a",["b",3],["b",0]]],["b",0]]],["b",0]]],["t",["s"],["b",0],["a",["b",1],["b",0]]]]]}
{"id":"bmp1-08547","outputs":[["a",["l",["t",["s"],["b",0],["a",["b",1],["b",0]]],["a",["t",["s"],["b",1],["a",["b",2],["b",0]]],["b",0]]],["b",2]],["a",["l",["t",["s"],["t",["s"],["b",1],["a",["b",1],["b",0]]],["a",["t",["s"],["b",2],["a",["b",2],["b",0]]],["b",0]]],["a",["t",["s"],["t",["s"],["b",2],["a",["b",2],["b",0]]],["a",["t",["s"],["b",3],["a",["b",3],["b",0]]],["b",0]]],["b",0]]],["b",1]]]}
{"id":"bmp1-08548","outputs":[["a",["l",["b",0],["a",["b",1],["b",0]]],["b",1]],["a",["l",["b",0],["a",["b",1],["b",0]]],["b",0]]]}
{"id":"bmp1-08549","outputs":[["a",["l",["a",["b",0],["b",1]],["a",["a",["b",1],["b",2]],["b",0]]],["b",2]],["a",["l",["a",["b",0],["b",0]],["a",["a",["b",1],["b",1]],["b",0]]],["b",1]]]}
{"id":"bmp1-08550","outputs":[["a",["l",["l",["s"],["a",["b",1],["b",0]]],["a",["l",["s"],["a",["b",2],["b",0]]],["b",0]]],["b",1]],["a",["l",["l",["s"],["a",["b",1],["b",0]]],["a",["l",["s"],["a",["b",2],["b",0]]],["b",0]]],["b",0]]]}
{"id":"bmp1-08551","outputs":[["a",["l",["t",["s"],["b",0],["a",["b",1],["b",0]]],["a",["t",["s"],["b",1],["a",["b",2],["b",0]]],["b",0]]],["b",2]],["a",["l",["t",["s"],["b",0],["a",["b",1],["b",0]]],["a",["t",["s"],["b",1],["a",["b",2],["b",0]]],["b",0]]],["b",1]]]}
{"id":"bmp1-08552","outputs":[["a",["l",["b",0],["a",["b",1],["b",0]]],["b",1]],["a",["l",["a",["b",0],["b",0]],["a",["a",["b",1],["b",1]],["b",0]]],["b",0]]]}
{"id":"bmp1-08553","outputs":[["a",["l",["a",["b",0],["b",3]],["a",["a",["b",1],["b",4]],["b",0]]],["b",0]],["a",["l",["a",["a",["b",0],["b",1]],["b",2]],["a",["a",["a",["b",1],["b",2]],["b",3]],["b",0]]],["a",["b",0],["b",1]]]]}
{"id":"bmp1-08554","outputs":[["a",["l",["l",["s"],["a",["b",1],["b",0]]],["a",["l",["s"],["a",["b",2],["b",0]]],["b",0]]],["b",0]],["a",["l",["l",["s"],["a",["a",["b",1],["b",1]],["b",0]]],["a",["l",["s"],["a",["a",["b",2],["b",2]],["b",0]]],["b",0]]],["a",["b",0],["b",0]]]]}
{"id":"bmp1-08555","outputs":[["a",["l",["t",["s"],["b",0],["a",["b",1],["b",0]]],["a",["t",["s"],["b",1],["a",["b",2],["b",0]]],["b",0]]],["b",0]],["a",["l",["t",["s"],["a",["b",0],["b",0]],["a",["a",["b",1],["b",1]],["b",0]]],["a",["t",["s"],["a",["b",1],["b",1]],["a",["a",["b",2],["b",2]],["b",0]]],["b",0]]],["a",["b",0],["b",0]]]]}
{"id":"bmp1-08556","outputs":[["a",["l",["b",0],["a",["b",1],["b",0]]],["b",1]],["a",["l",["l",["s"],["a",["b",1],["b",0]]],["a",["l",["s"],["a",["b",2],["b",0]]],["b",0]]],["b",0]]]}
{"id":"bmp1-08557","outputs":[["a",["l",["a",["b",0],["b",1]],["a",["a",["b",1],["b",2]],["b",0]]],["b",1]],["a",["l",["a",["l",["s"],["a",["b",1],["b",0]]],["b",0]],["a",["a",["l",["s"],["a",["b",2],["b",0]]],["b",1]],["b",0]]],["b",0]]]}
{"id":"bmp1-08558","outputs":[["a",["l",["l",["s"],["a",["b",1],["b",0]]],["a",["l",["s"],["a",["b",2],["b",0]]],["b",0]]],["b",2]],["a",["l",["l",["s"],["a",["l",["s"],["a",["b",2],["b",0]]],["b",0]]],["a",["l",["s"],["a",["l",["s"],["a",["b",3],["b",0]]],["b",0]]],["b",0]]],["b",1]]]}
{"id":"bmp1-08559","outputs":[["a",["l",["t",["s"],["b",1],["a",["b",1],["b",0]]],["a",["t",["s"],["b",2],["a",["b",2],["b",0]]],["b",0]]],["b",2]],["a",["l",["t",["s"],["b",0],["a",["l",["s"],["a",["b",2],["b",0]]],["b",0]]],["a",["t",["s"],["b",1],["a",["l",["s"],["a",["b",3],["b",0]]],["b",0]]],["b",0]]],["b",1]]]}
{"id":"bmp1-08560","outputs":[["a",["l",["b",0],["a",["b",1],["b",0]]],["b",2]],["a",["l",["t",["s"],["b",0],["a",["b",1],["b",0]]],["a",["t",["s"],["b",1],["a",["b",2],["b",0]]],["b",0]]],["b",1]]]}
{"id":"bmp1-08561","outputs":[["a",["l",["a",["b",0],["b",0]],["a",["a",["b",1],["b",1]],["b",0]]],["b",0]],["a",["l",["a",["t",["s"],["b",0],["a",["b",1],["b",0]]],["t",["s"],["b",0],["a",["b",1],["b",0]]]],["a",["a",["t",["s"],["b",1],["a",["b",2],["b",0]]],["t",["s"],["b",1],["a",["b",2],["b",0]]]],["b",0]]],["t",["s"],["b",0],["a",["b",1],["b",0]]]]]}
{"id":"bmp1-08562","outputs":[["a",["l",["l",["s"],["a",["b",1],["b",0]]],["a",["l",["s"],["a",["b",2],["b",0]]],["b",0]]],["b",2]],["a",["l",["l",["s"],["a",["t",["s"],["b",3],["a",["b",2],["b",0]]],["b",0]]],["a",["l",["s"],["a",["t",["s"],["b",4],["a",["b",3],["b",0]]],["b",0]]],["b",0]]],["b",1]]]}
{"id":"bmp1-08563","outputs":[["a",["l",["t",["s"],["b",0],["a",["b",1],["b",0]]],["a",["t",["s"],["b",1],["a",["b",2],["b",0]]],["b",0]]],["b",1]],["a",["l",["t",["s"],["t",["s"],["b",2],["a",["b",1],["b",0]]],["a",["t",["s"],["b",3],["a",["b",2],["b",0]]],["b",0]]],["a",["t",["s"],["t",["s"],["b",3],["a",["b",2],["b",0]]],["a",["t",["s"],["b",4],["a",["b",3],["b",0]]],["b",0]]],["b",0]]],["b",0]]]}
{"id":"bmp1-08564","outputs":[["a",["l",["b",0],["a",["b",1],["b",0]]],["b",2]],["a",["l",["b",0],["a",["b",1],["b",0]]],["b",1]]]}
{"id":"bmp1-08565","outputs":[["a",["l",["a",["b",0],["b",0]],["a",["a",["b",1],["b",1]],["b",0]]],["b",1]],["a",["l",["a",["b",0],["b",0]],["a",["a",["b",1],["b",1]],["b",0]]],["b",0]]]}
{"id":"bmp1-08566","outputs":[["a",["l",["l",["s"],["a",["b",1],["b",0]]],["a",["l",["s"],["a",["b",2],["b",0]]],["b",0]]],["b",3]],["a",["l",["l",["s"],["a",["b",1],["b",0]]],["a",["l",["s"],["a",["b",2],["b",0]]],["b",0]]],["b",2]]]}
{"id":"bmp1-08567","outputs":[["a",["l",["t",["s"],["b",1],["a",["b",1],["b",0]]],["a",["t",["s"],["b",2],["a",["b",2],["b",0]]],["b",0]]],["b",1]],["a",["l",["t",["s"],["b",0],["a",["b",1],["b",0]]],["a",["t",["s"],["b",1],["a",["b",2],["b",0]]],["b",0]]],["b",0]]]}
{"id":"bmp1-08568","outputs":[["a",["l",["b",0],["a",["b",1],["b",0]]],["b",2]],["a",["l",["a",["b",0],["b",1]],["a",["a",["b",1],["b",2]],["b",0]]],["b",1]]]}
{"id":"bmp1-08569","outputs":[["a",["l",["a",["b",0],["b",2]],["a",["a",["b",1],["b",3]],["b",0]]],["b",0]],["a",["l",["a",["a",["b",0],["b",2]],["b",1]],["a",["a",["a",["b",1],["b",3]],["b",2]],["b",0]]],["a",["b",0],["b",2]]]]}
{"id":"bmp1-08570","outputs":[["a",["l",["l",["s"],["a",["b",1],["b",0]]],["a",["l",["s"],["a",["b",2],["b",0]]],["b",0]]],["b",2]],["a",["l",["l",["s"],["a",["a",["b",1],["b",2]],["b",0]]],["a",["l",["s"],["a",["a",["b",2],["b",3]],["b",0]]],["b",0]]],["b",1]]]}
{"id":"bmp1-08571","outputs":[["a",["l",["t",["s"],["b",0],["a",["b",1],["b",0]]],["a",["t",["s"],["b",1],["a",["b",2],["b",0]]],["b",0]]],["b",0]],["a",["l",["t",["s"],["a",["b",0],["b",2]],["a",["a",["b",1],["b",3]],["b",0]]],["a",["t",["s"],["a",["b",1],["b",3]],["a",["a",["b",2],["b",4]],["b",0]]],["b",0]]],["a",["b",0],["b",2]]]]}
{"id":"bmp1-08572","outputs":[["a",["l",["b",0],["a",["b",1],["b",0]]],["b",0]],["a",["l",["l",["s"],["a",["b",1],["b",0]]],["a",["l",["s"],["a",["b",2],["b",0]]],["b",0]]],["l",["s"],["a",["b",1],["b",0]]]]]}
{"id":"bmp1-08573","outputs":[["a",["l",["a",["b",0],["b",2]],["a",["a",["b",1],["b",3]],["b",0]]],["b",3]],["a",["l",["a",["l",["s"],["a",["b",1],["b",0]]],["b",1]],["a",["a",["l",["s"],["a",["b",2],["b",0]]],["b",2]],["b",0]]],["b",2]]]}
{"id":"bmp1-08574","outputs":[["a",["l",["l",["s"],["a",["b",1],["b",0]]],["a",["l",["s"],["a",["b",2],["b",0]]],["b",0]]],["b",0]],["a",["l",["l",["s"],["a",["l",["s"],["a",["b",2],["b",0]]],["b",0]]],["a",["l",["s"],["a",["l",["s"],["a",["b",3],["b",0]]],["b",0]]],["b",0]]],["l",["s"],["a",["b",1],["b",0]]]]]}
{"id":"bmp1-08575","outputs":[["a",["l",["t",["s"],["b",2],["a",["b",1],["b",0]]],["a",["t",["s"],["b",3],["a",["b",2],["b",0]]],["b",0]]],["b",3]],["a",["l",["t",["s"],["b",1],["a",["l",["s"],["a",["b",2],["b",0]]],["b",0]]],["a",["t",["s"],["b",2],["a",["l",["s"],["a",["b",3],["b",0]]],["b",0]]],["b",0]]],["b",2]]]}
{"id":"bmp1-08576","outputs":[["a",["l",["b",0],["a",["b",1],["b",0]]],["b",2]],["a",["l",["t",["s"],["b",1],["a",["b",1],["b",0]]],["a",["t",["s"],["b",2],["a",["b",2],["b",0]]],["b",0]]],["b",1]]]}
{"id":"bmp1-08577","outputs":[["a",["l",["a",["b",0],["b",4]],["a",["a",["b",1],["b",5]],["b",0]]],["b",0]],["a",["l",["a",["t",["s"],["b",0],["a",["b",1],["b",0]]],["b",3]],["a",["a",["t",["s"],["b",1],["a",["b",2],["b",0]]],["b",4]],["b",0]]],["t",["s"],["b",0],["a",["b",1],["b",0]]]]]}
{"id":"bmp1-08578","outputs":[["a",["l",["l",["s"],["a",["b",1],["b",0]]],["a",["l",["s"],["a",["b",2],["b",0]]],["b",0]]],["b",1]],["a",["l",["l",["s"],["a",["t",["s"],["b",4],["a",["b",2],["b",0]]],["b",0]]],["a",["l",["s"],["a",["t",["s"],["b",5],["a",["b",3],["b",0]]],["b",0]]],["b",0]]],["b",0]]]}
{"id":"bmp1-08579","outputs":[["a",["l",["t",["s"],["b",0],["a",["b",1],["b",0]]],["a",["t",["s"],["b",1],["a",["b",2],["b",0]]],["b",0]]],["b",1]],["a",["l",["t",["s"],["t",["s"],["b",0],["a",["b",1],["b",0]]],["a",["t",["s"],["b",1],["a",["b",2],["b",0]]],["b",0]]],["a",["t",["s"],["t",["s"],["b",1],["a",["b",2],["b",0]]],["a",["t",["s"],["b",2],["a",["b",3],["b",0]]],["b",0]]],["b",0]]],["b",0]]]}
{"id":"bmp1-08580","outputs":[["a",["l",["b",0],["a",["b",1],["b",0]]],["b",0]],["a",["l",["b",0],["a",["b",1],["b",0]]],["b",0]]]}
{"id":"bmp1-08581","outputs":[["a",["l",["a",["b",0],["b",2]],["a",["a",["b",1],["b",3]],["b",0]]],["b",2]],["a",["l",["a",["b",0],["b",1]],["a",["a",["b",1],["b",2]],["b",0]]],["b",1]]]}
{"id":"bmp1-08582","outputs":[["a",["l",["l",["s"],["a",["b",1],["b",0]]],["a",["l",["s"],["a",["b",2],["b",0]]],["b",0]]],["b",1]],["a",["l",["l",["s"],["a",["b",1],["b",0]]],["a",["l",["s"],["a",["b",2],["b",0]]],["b",0]]],["b",0]]]}
{"id":"bmp1-08583","outputs":[["a",["l",["t",["s"],["b",2],["a",["b",1],["b",0]]],["a",["t",["s"],["b",3],["a",["b",2],["b",0]]],["b",0]]],["b",2]],["a",["l",["t",["s"],["b",1],["a",["b",1],["b",0]]],["a",["t",["s"],["b",2],["a",["b",2],["b",0]]],["b",0]]],["b",1]]]}
{"id":"bmp1-08584","outputs":[["a",["l",["b",0],["a",["b",1],["b",0]]],["b",2]],["a",["l",["a",["b",0],["b",0]],["a",["a",["b",1],["b",1]],["b",0]]],["b",1]]]}
{"id":"bmp1-08585","outputs":[["a",["l",["a",["b",0],["b",0]],["a",["a",["b",1],["b",1]],["b",0]]],["b",1]],["a",["l",["a",["a",["b",0],["b",0]],["a",["b",0],["b",0]]],["a",["a",["a",["b",1],["b",1]],["a",["b",1],["b",1]]],["b",0]]],["b",0]]]}
{"id":"bmp1-08586","outputs":[["a",["l",["l",["s"],["a",["b",1],["b",0]]],["a",["l",["s"],["a",["b",2],["b",0]]],["b",0]]],["b",1]],["a",["l",["l",["s"],["a",["a",["b",1],["b",2]],["b",0]]],["a",["l",["s"],["a",["a",["b",2],["b",3]],["b",0]]],["b",0]]],["b",0]]]}
{"id":"bmp1-08587","outputs":[["a",["l",["t",["s"],["b",0],["a",["b",1],["b",0]]],["a",["t",["s"],["b",1],["a",["b",2],["b",0]]],["b",0]]],["b",1]],["a",["l",["t",["s"],["a",["b",0],["b",0]],["a",["a",["b",1],["b",1]],["b",0]]],["a",["t",["s"],["a",["b",1],["b",1]],["a",["a",["b",2],["b",2]],["b",0]]],["b",0]]],["b",0]]]}
{"id":"bmp1-08588","outputs":[["a",["l",["b",0],["a",["b",1],["b",0]]],["b",0]],["a",["l",["l",["s"],["a",["b",1],["b",0]]],["a",["l",["s"],["a",["b",2],["b",0]]],["b",0]]],["l",["s"],["a",["b",1],["b",0]]]]]}
{"id":"bmp1-08589","outputs":[["a",["l",["a",["b",0],["b",1]],["a",["a",["b",1],["b",2]],["b",0]]],["b",1]],["a",["l",["a",["l",["s"],["a",["b",1],["b",0]]],["b",0]],["a",["a",["l",["s"],["a",["b",2],["b",0]]],["b",1]],["b",0]]],["b",0]]]}
{"id":"bmp1-08590","outputs":[["a",["l",["l",["s"],["a",["b",1],["b",0]]],["a",["l",["s"],["a",["b",2],["b",0]]],["b",0]]],["b",0]],["a",["l",["l",["s"],["a",["l",["s"],["a",["b",2],["b",0]]],["b",0]]],["a",["l",["s"],["a",["l",["s"],["a",["b",3],["b",0]]],["b",0]]],["b",0]]],["l",["s"],["a",["b",1],["b",0]]]]]}
{"id":"bmp1-08591","outputs":[["a",["l",["t",["s"],["b",0],["a",["b",1],["b",0]]],["a",["t",["s"],["b",1],["a",["b",2],["b",0]]],["b",0]]],["b",1]],["a",["l",["t",["s"],["l",["s"],["a",["b",1],["b",0]]],["a",["l",["s"],["a",["b",2],["b",0]]],["b",0]]],["a",["t",["s"],["l",["s"],["a",["b",2],["b",0]]],["a",["l",["s"],["a",["b",3],["b",0]]],["b",0]]],["b",0]]],["b",0]]]}
{"id":"bmp1-08592","outputs":[["a",["l",["b",0],["a",["b",1],["b",0]]],["b",1]],["a",["l",["t",["s"],["b",1],["a",["b",1],["b",0]]],["a",["t",["s"],["b",2],["a",["b",2],["b",0]]],["b",0]]],["b",0]]]}
{"id":"bmp1-08593","outputs":[["a",["l",["a",["b",0],["b",1]],["a",["a",["b",1],["b",2]],["b",0]]],["b",0]],["a",["l",["a",["t",["s"],["b",3],["a",["b",1],["b",0]]],["b",0]],["a",["a",["t",["s"],["b",4],["a",["b",2],["b",0]]],["b",1]],["b",0]]],["t",["s"],["b",3],["a",["b",1],["b",0]]]]]}
{"id":"bmp1-08594","outputs":[["a",["l",["l",["s"],["a",["b",1],["b",0]]],["a",["l",["s"],["a",["b",2],["b",0]]],["b",0]]],["b",4]],["a",["l",["l",["s"],["a",["t",["s"],["b",2],["a",["b",2],["b",0]]],["b",0]]],["a",["l",["s"],["a",["t",["s"],["b",3],["a",["b",3],["b",0]]],["b",0]]],["b",0]]],["b",3]]]}
{"id":"bmp1-08595","outputs":[["a",["l",["t",["s"],["b",1],["a",["b",1],["b",0]]],["a",["t",["s"],["b",2],["a",["b",2],["b",0]]],["b",0]]],["b",2]],["a",["l",["t",["s"],["b",0],["a",["t",["s"],["b",1],["a",["b",2],["b",0]]],["b",0]]],["a",["t",["s"],["b",1],["a",["t",["s"],["b",2],["a",["b",3],["b",0]]],["b",0]]],["b",0]]],["b",1]]]}
{"id":"bmp1-08596","outputs":[["a",["l",["b",0],["a",["b",1],["b",0]]],["b",4]],["a",["l",["b",0],["a",["b",1],["b",0]]],["b",3]]]}
{"id":"bmp1-08597","outputs":[["a",["l",["a",["b",0],["b",0]],["a",["a",["b",1],["b",1]],["b",0]]],["b",2]],["a",["l",["a",["b",0],["b",0]],["a",["a",["b",1],["b",1]],["b",0]]],["b",1]]]}
{"id":"bmp1-08598","outputs":[["a",["l",["l",["s"],["a",["b",1],["b",0]]],["a",["l",["s"],["a",["b",2],["b",0]]],["b",0]]],["b",3]],["a",["l",["l",["s"],["a",["b",1],["b",0]]],["a",["l",["s"],["a",["b",2],["b",0]]],["b",0]]],["b",2]]]}
{"id":"bmp1-08599","outputs":[["a",["l",["t",["s"],["b",0],["a",["b",1],["b",0]]],["a",["t",["s"],["b",1],["a",["b",2],["b",0]]],["b",0]]],["b",2]],["a",["l",["t",["s"],["b",0],["a",["b",1],["b",0]]],["a",["t",["s"],["b",1],["a",["b",2],["b",0]]],["b",0]]],["b",1]]]}
{"id":"bmp1-08600","outputs":[["a",["l",["b",0],["a",["b",1],["b",0]]],["b",0]],["a",["l",["a",["b",0],["b",0]],["a",["a",["b",1],["b",1]],["b",0]]],["a",["b",0],["b",0]]]]}
{"id":"bmp1-08601","outputs":[["a",["l",["a",["b",0],["b",3]],["a",["a",["b",1],["b",4]],["b",0]]],["b",0]],["a",["l",["a",["a",["b",0],["b",2]],["b",2]],["a",["a",["a",["b",1],["b",3]],["b",3]],["b",0]]],["a",["b",0],["b",2]]]]}
{"id":"bmp1-08602","outputs":[["a",["l",["l",["s"],["a",["b",1],["b",0]]],["a",["l",["s"],["a",["b",2],["b",0]]],["b",0]]],["b",2]],["a",["l",["l",["s"],["a",["a",["b",1],["b",1]],["b",0]]],["a",["l",["s"],["a",["a",["b",2],["b",2]],["b",0]]],["b",0]]],["b",1]]]}
{"id":"bmp1-08603","outputs":[["a",["l",["t",["s"],["b",2],["a",["b",1],["b",0]]],["a",["t",["s"],["b",3],["a",["b",2],["b",0]]],["b",0]]],["b",1]],["a",["l",["t",["s"],["b",1],["a",["a",["b",1],["b",2]],["b",0]]],["a",["t",["s"],["b",2],["a",["a",["b",2],["b",3]],["b",0]]],["b",0]]],["b",0]]]}
{"id":"bmp1-08604","outputs":[["a",["l",["b",0],["a",["b",1],["b",0]]],["b",4]],["a",["l",["l",["s"],["a",["b",1],["b",0]]],["a",["l",["s"],["a",["b",2],["b",0]]],["b",0]]],["b",3]]]}
{"id":"bmp1-08605","outputs":[["a",["l",["a",["b",0],["b",0]],["a",["a",["b",1],["b",1]],["b",0]]],["b",3]],["a",["l",["a",["l",["s"],["a",["b",1],["b",0]]],["l",["s"],["a",["b",1],["b",0]]]],["a",["a",["l",["s"],["a",["b",2],["b",0]]],["l",["s"],["a",["b",2],["b",0]]]],["b",0]]],["b",2]]]}
{"id":"bmp1-08606","outputs":[["a",["l",["l",["s"],["a",["b",1],["b",0]]],["a",["l",["s"],["a",["b",2],["b",0]]],["b",0]]],["b",1]],["a",["l",["l",["s"],["a",["l",["s"],["a",["b",2],["b",0]]],["b",0]]],["a",["l",["s"],["a",["l",["s"],["a",["b",3],["b",0]]],["b",0]]],["b",0]]],["b",0]]]}
{"id":"bmp1-08607","outputs":[["a",["l",["t",["s"],["b",2],["a",["b",1],["b",0]]],["a",["t",["s"],["b",3],["a",["b",2],["b",0]]],["b",0]]],["b",1]],["a",["l",["t",["s"],["b",1],["a",["l",["s"],["a",["b",2],["b",0]]],["b",0]]],["a",["t",["s"],["b",2],["a",["l",["s"],["a",["b",3],["b",0]]],["b",0]]],["b",0]]],["b",0]]]}
{"id":"bmp1-08608","outputs":[["a",["l",["b",0],["a",["b",1],["b",0]]],["b",2]],["a",["l",["t",["s"],["b",0],["a",["b",1],["b",0]]],["a",["t",["s"],["b",1],["a",["b",2],["b",0]]],["b",0]]],["b",1]]]}
{"id":"bmp1-08609","outputs":[["a",["l",["a",["b",0],["b",2]],["a",["a",["b",1],["b",3]],["b",0]]],["b",0]],["a",["l",["a",["t",["s"],["b",0],["a",["b",1],["b",0]]],["b",1]],["a",["a",["t",["s"],["b",1],["a",["b",2],["b",0]]],["b",2]],["b",0]]],["t",["s"],["b",0],["a",["b",1],["b",0]]]]]}
{"id":"bmp1-08610","outputs":[["a",["l",["l",["s"],["a",["b",1],["b",0]]],["a",["l",["s"],["a",["b",2],["b",0]]],["b",0]]],["b",2]],["a",["l",["l",["s"],["a",["t",["s"],["b",2],["a",["b",2],["b",0]]],["b",0]]],["a",["l",["s"],["a",["t",["s"],["b",3],["a",["b",3],["b",0]]],["b",0]]],["b",0]]],["b",1]]]}
{"id":"bmp1-08611","outputs":[["a",["l",["t",["s"],["b",2],["a",["b",1],["b",0]]],["a",["t",["s"],["b",3],["a",["b",2],["b",0]]],["b",0]]],["b",2]],["a",["l",["t",["s"],["b",1],["a",["t",["s"],["b",2],["a",["b",2],["b",0]]],["b",0]]],["a",["t",["s"],["b",2],["a",["t",["s"],["b",3],["a",["b",3],["b",0]]],["b",0]]],["b",0]]],["b",1]]]}
{"id":"bmp1-08612","outputs":[["a",["l",["b",0],["a",["b",1],["b",0]]],["b",1]],["a",["l",["b",0],["a",["b",1],["b",0]]],["b",0]]]}
{"id":"bmp1-08613","outputs":[["a",["l",["a",["b",0],["b",0]],["a",["a",["b",1],["b",1]],["b",0]]],["b",1]],["a",["l",["a",["b",0],["b",0]],["a",["a",["b",1],["b",1]],["b",0]]],["b",0]]]}
{"id":"bmp1-08614","outputs":[["a",["l",["l",["s"],["a",["b",1],["b",0]]],["a",["l",["s"],["a",["b",2],["b",0]]],["b",0]]],["b",3]],["a",["l",["l",["s"],["a",["b",1],["b",0]]],["a",["l",["s"],["a",["b",2],["b",0]]],["b",0]]],["b",2]]]}
{"id":"bmp1-08615","outputs":[["a",["l",["t",["s"],["b",1],["a",["b",1],["b",0]]],["a",["t",["s"],["b",2],["a",["b",2],["b",0]]],["b",0]]],["b",0]],["a",["l",["t",["s"],["b",0],["a",["b",1],["b",0]]],["a",["t",["s"],["b",1],["a",["b",2],["b",0]]],["b",0]]],["b",0]]]}
{"id":"bmp1-08616","outputs":[["a",["l",["b",0],["a",["b",1],["b",0]]],["b",1]],["a",["l",["a",["b",0],["b",3]],["a",["a",["b",1],["b",4]],["b",0]]],["b",0]]]}
{"id":"bmp1-08617","outputs":[["a",["l",["a",["b",0],["b",1]],["a",["a",["b",1],["b",2]],["b",0]]],["b",0]],["a",["l",["a",["a",["b",0],["b",0]],["b",0]],["a",["a",["a",["b",1],["b",1]],["b",1]],["b",0]]],["a",["b",0],["b",0]]]]}
{"id":"bmp1-08618","outputs":[["a",["l",["l",["s"],["a",["b",1],["b",0]]],["a",["l",["s"],["a",["b",2],["b",0]]],["b",0]]],["b",2]],["a",["l",["l",["s"],["a",["a",["b",1],["b",3]],["b",0]]],["a",["l",["s"],["a",["a",["b",2],["b",4]],["b",0]]],["b",0]]],["b",1]]]}
{"id":"bmp1-08619","outputs":[["a",["l",["t",["s"],["b",2],["a",["b",1],["b",0]]],["a",["t",["s"],["b",3],["a",["b",2],["b",0]]],["b",0]]],["b",1]],["a",["l",["t",["s"],["b",1],["a",["a",["b",1],["b",1]],["b",0]]],["a",["t",["s"],["b",2],["a",["a",["b",2],["b",2]],["b",0]]],["b",0]]],["b",0]]]}
{"id":"bmp1-08620","outputs":[["a",["l",["b",0],["a",["b",1],["b",0]]],["b",2]],["a",["l",["l",["s"],["a",["b",1],["b",0]]],["a",["l",["s"],["a",["b",2],["b",0]]],["b",0]]],["b",1]]]}
{"id":"bmp1-08621","outputs":[["a",["l",["a",["b",0],["b",1]],["a",["a",["b",1],["b",2]],["b",0]]],["b",0]],["a",["l",["a",["l",["s"],["a",["b",1],["b",0]]],["b",0]],["a",["a",["l",["s"],["a",["b",2],["b",0]]],["b",1]],["b",0]]],["l",["s"],["a",["b",1],["b",0]]]]]}
{"id":"bmp1-08622","outputs":[["a",["l",["l",["s"],["a",["b",1],["b",0]]],["a",["l",["s"],["a",["b",2],["b",0]]],["b",0]]],["b",0]],["a",["l",["l",["s"],["a",["l",["s"],["a",["b",2],["b",0]]],["b",0]]],["a",["l",["s"],["a",["l",["s"],["a",["b",3],["b",0]]],["b",0]]],["b",0]]],["l",["s"],["a",["b",1],["b",0]]]]]}
{"id":"bmp1-08623","outputs":[["a",["l",["t",["s"],["b",0],["a",["b",1],["b",0]]],["a",["t",["s"],["b",1],["a",["b",2],["b",0]]],["b",0]]],["b",3]],["a",["l",["t",["s"],["l",["s"],["a",["b",1],["b",0]]],["a",["l",["s"],["a",["b",2],["b",0]]],["b",0]]],["a",["t",["s"],["l",["s"],["a",["b",2],["b",0]]],["a",["l",["s"],["a",["b",3],["b",0]]],["b",0]]],["b",0]]],["b",2]]]}
{"id":"bmp1-08624","outputs":[["a",["l",["b",0],["a",["b",1],["b",0]]],["b",0]],["a",["l",["t",["s"],["b",0],["a",["b",1],["b",0]]],["a",["t",["s"],["b",1],["a",["b",2],["b",0]]],["b",0]]],["t",["s"],["b",0],["a",["b",1],["b",0]]]]]}
{"id":"bmp1-08625","outputs":[["a",["l",["a",["b",0],["b",0]],["a",["a",["b",1],["b",1]],["b",0]]],["b",1]],["a",["l",["a",["t",["s"],["b",1],["a",["b",1],["b",0]]],["t",["s"],["b",1],["a",["b",1],["b",0]]]],["a",["a",["t",["s"],["b",2],["a",["b",2],["b",0]]],["t",["s"],["b",2],["a",["b",2],["b",0]]]],["b",0]]],["b",0]]]}
{"id":"bmp1-08626","outputs":[["a",["l",["l",["s"],["a",["b",1],["b",0]]],["a",["l",["s"],["a",["b",2],["b",0]]],["b",0]]],["b",3]],["a",["l",["l",["s"],["a",["t",["s"],["b",4],["a",["b",2],["b",0]]],["b",0]]],["a",["l",["s"],["a",["t",["s"],["b",5],["a",["b",3],["b",0]]],["b",0]]],["b",0]]],["b",2]]]}
{"id":"bmp1-08627","outputs":[["a",["l",["t",["s"],["b",0],["a",["b",1],["b",0]]],["a",["t",["s"],["b",1],["a",["b",2],["b",0]]],["b",0]]],["b",1]],["a",["l",["t",["s"],["t",["s"],["b",0],["a",["b",1],["b",0]]],["a",["t",["s"],["b",1],["a",["b",2],["b",0]]],["b",0]]],["a",["t",["s"],["t",["s"],["b",1],["a",["b",2],["b",0]]],["a",["t",["s"],["b",2],["a",["b",3],["b",0]]],["b",0]]],["b",0]]],["b",0]]]}
{"id":"bmp1-08628","outputs":[["a",["l",["b",0],["a",["b",1],["b",0]]],["b",2]],["a",["l",["b",0],["a",["b",1],["b",0]]],["b",1]]]}
{"id":"bmp1-08629","outputs":[["a",["l",["a",["b",0],["b",1]],["a",["a",["b",1],["b",2]],["b",0]]],["b",4]],["a",["l",["a",["b",0],["b",0]],["a",["a",["b",1],["b",1]],["b",0]]],["b",3]]]}
{"id":"bmp1-08630","outputs":[["a",["l",["l",["s"],["a",["b",1],["b",0]]],["a",["l",["s"],["a",["b",2],["b",0]]],["b",0]]],["b",2]],["a",["l",["l",["s"],["a",["b",1],["b",0]]],["a",["l",["s"],["a",["b",2],["b",0]]],["b",0]]],["b",1]]]}
{"id":"bmp1-08631","outputs":[["a",["l",["t",["s"],["b",0],["a",["b",1],["b",0]]],["a",["t",["s"],["b",1],["a",["b",2],["b",0]]],["b",0]]],["b",0]],["a",["l",["t",["s"],["b",0],["a",["b",1],["b",0]]],["a",["t",["s"],["b",1],["a",["b",2],["b",0]]],["b",0]]],["b",0]]]}
{"id":"bmp1-08632","outputs":[["a",["l",["b",0],["a",["b",1],["b",0]]],["b",0]],["a",["l",["a",["b",0],["b",0]],["a",["a",["b",1],["b",1]],["b",0]]],["a",["b",0],["b",0]]]]}
{"id":"bmp1-08633","outputs":[["a",["l",["a",["b",0],["b",1]],["a",["a",["b",1],["b",2]],["b",0]]],["b",0]],["a",["l",["a",["a",["b",0],["b",0]],["b",0]],["a",["a",["a",["b",1],["b",1]],["b",1]],["b",0]]],["a",["b",0],["b",0]]]]}
{"id":"bmp1-08634","outputs":[["a",["l",["l",["s"],["a",["b",1],["b",0]]],["a",["l",["s"],["a",["b",2],["b",0]]],["b",0]]],["b",0]],["a",["l",["l",["s"],["a",["a",["b",1],["b",1]],["b",0]]],["a",["l",["s"],["a",["a",["b",2],["b",2]],["b",0]]],["b",0]]],["a",["b",0],["b",0]]]]}
{"id":"bmp1-08635","outputs":[["a",["l",["t",["s"],["b",0],["a",["b",1],["b",0]]],["a",["t",["s"],["b",1],["a",["b",2],["b",0]]],["b",0]]],["b",1]],["a",["l",["t",["s"],["a",["b",0],["b",0]],["a",["a",["b",1],["b",1]],["b",0]]],["a",["t",["s"],["a",["b",1],["b",1]],["a",["a",["b",2],["b",2]],["b",0]]],["b",0]]],["b",0]]]}
{"id":"bmp1-08636","outputs":[["a",["l",["b",0],["a",["b",1],["b",0]]],["b",1]],["a",["l",["l",["s"],["a",["b",1],["b",0]]],["a",["l",["s"],["a",["b",2],["b",0]]],["b",0]]],["b",0]]]}
{"id":"bmp1-08637","outputs":[["a",["l",["a",["b",0],["b",1]],["a",["a",["b",1],["b",2]],["b",0]]],["b",0]],["a",["l",["a",["l",["s"],["a",["b",1],["b",0]]],["b",0]],["a",["a",["l",["s"],["a",["b",2],["b",0]]],["b",1]],["b",0]]],["l",["s"],["a",["b",1],["b",0]]]]]}
{"id":"bmp1-08638","outputs":[["a",["l",["l",["s"],["a",["b",1],["b",0]]],["a",["l",["s"],["a",["b",2],["b",0]]],["b",0]]],["b",0]],["a",["l",["l",["s"],["a",["l",["s"],["a",["b",2],["b",0]]],["b",0]]],["a",["l",["s"],["a",["l",["s"],["a",["b",3],["b",0]]],["b",0]]],["b",0]]],["l",["s"],["a",["b",1],["b",0]]]]]}
{"id":"bmp1-08639","outputs":[["a",["l",["t",["s"],["b",1],["a",["b",1],["b",0]]],["a",["t",["s"],["b",2],["a",["b",2],["b",0]]],["b",0]]],["b",0]],["a",["l",["t",["s"],["b",0],["a",["l",["s"],["a",["b",2],["b",0]]],["b",0]]],["a",["t",["s"],["b",1],["a",["l",["s"],["a",["b",3],["b",0]]],["b",0]]],["b",0]]],["l",["s"],["a",["b",1],["b",0]]]]]}
{"id":"bmp1-08640","outputs":[["a",["l",["b",0],["a",["b",1],["b",0]]],["b",2]],["a",["l",["t",["s"],["b",1],["a",["b",1],["b",0]]],["a",["t",["s"],["b",2],["a",["b",2],["b",0]]],["b",0]]],["b",1]]]}
{"id":"bmp1-08641","outputs":[["a",["l",["a",["b",0],["b",2]],["a",["a",["b",1],["b",3]],["b",0]]],["b",1]],["a",["l",["a",["t",["s"],["b",1],["a",["b",1],["b",0]]],["b",1]],["a",["a",["t",["s"],["b",2],["a",["b",2],["b",0]]],["b",2]],["b",0]]],["b",0]]]}
{"id":"bmp1-08642","outputs":[["a",["l",["l",["s"],["a",["b",1],["b",0]]],["a",["l",["s"],["a",["b",2],["b",0]]],["b",0]]],["b",2]],["a",["l",["l",["s"],["a",["t",["s"],["b",1],["a",["b",2],["b",0]]],["b",0]]],["a",["l",["s"],["a",["t",["s"],["b",2],["a",["b",3],["b",0]]],["b",0]]],["b",0]]],["b",1]]]}
{"id":"bmp1-08643","outputs":[["a",["l",["t",["s"],["b",1],["a",["b",1],["b",0]]],["a",["t",["s"],["b",2],["a",["b",2],["b",0]]],["b",0]]],["b",4]],["a",["l",["t",["s"],["b",0],["a",["t",["s"],["b",2],["a",["b",2],["b",0]]],["b",0]]],["a",["t",["s"],["b",1],["a",["t",["s"],["b",3],["a",["b",3],["b",0]]],["b",0]]],["b",0]]],["b",3]]]}
{"id":"bmp1-08644","outputs":[["a",["l",["b",0],["a",["b",1],["b",0]]],["b",2]],["a",["l",["b",0],["a",["b",1],["b",0]]],["b",1]]]}
{"id":"bmp1-08645","outputs":[["a",["l",["a",["b",0],["b",3]],["a",["a",["b",1],["b",4]],["b",0]]],["b",0]],["a",["l",["a",["b",0],["b",2]],["a",["a",["b",1],["b",3]],["b",0]]],["b",0]]]}
{"id":"bmp1-08646","outputs":[["a",["l",["l",["s"],["a",["b",1],["b",0]]],["a",["l",["s"],["a",["b",2],["b",0]]],["b",0]]],["b",1]],["a",["l",["l",["s"],["a",["b",1],["b",0]]],["a",["l",["s"],["a",["b",2],["b",0]]],["b",0]]],["b",0]]]}
{"id":"bmp1-08647","outputs":[["a",["l",["t",["s"],["b",0],["a",["b",1],["b",0]]],["a",["t",["s"],["b",1],["a",["b",2],["b",0]]],["b",0]]],["b",1]],["a",["l",["t",["s"],["b",0],["a",["b",1],["b",0]]],["a",["t",["s"],["b",1],["a",["b",2],["b",0]]],["b",0]]],["b",0]]]}
{"id":"bmp1-08648","outputs":[["a",["l",["b",0],["a",["b",1],["b",0]]],["b",0]],["a",["l",["a",["b",0],["b",0]],["a",["a",["b",1],["b",1]],["b",0]]],["a",["b",0],["b",0]]]]}
{"id":"bmp1-08649","outputs":[["a",["l",["a",["b",0],["b",3]],["a",["a",["b",1],["b",4]],["b",0]]],["b",2]],["a",["l",["a",["a",["b",0],["b",1]],["b",2]],["a",["a",["a",["b",1],["b",2]],["b",3]],["b",0]]],["b",1]]]}
{"id":"bmp1-08650","outputs":[["a",["l",["l",["s"],["a",["b",1],["b",0]]],["a",["l",["s"],["a",["b",2],["b",0]]],["b",0]]],["b",0]],["a",["l",["l",["s"],["a",["a",["b",1],["b",3]],["b",0]]],["a",["l",["s"],["a",["a",["b",2],["b",4]],["b",0]]],["b",0]]],["a",["b",0],["b",2]]]]}
{"id":"bmp1-08651","outputs":[["a",["l",["t",["s"],["b",0],["a",["b",1],["b",0]]],["a",["t",["s"],["b",1],["a",["b",2],["b",0]]],["b",0]]],["b",3]],["a",["l",["t",["s"],["a",["b",0],["b",0]],["a",["a",["b",1],["b",1]],["b",0]]],["a",["t",["s"],["a",["b",1],["b",1]],["a",["a",["b",2],["b",2]],["b",0]]],["b",0]]],["b",2]]]}
{"id":"bmp1-08652","outputs":[["a",["l",["b",0],["a",["b",1],["b",0]]],["b",1]],["a",["l",["l",["s"],["a",["b",1],["b",0]]],["a",["l",["s"],["a",["b",2],["b",0]]],["b",0]]],["b",0]]]}
{"id":"bmp1-08653","outputs":[["a",["l",["a",["b",0],["b",0]],["a",["a",["b",1],["b",1]],["b",0]]],["b",0]],["a",["l",["a",["l",["s"],["a",["b",1],["b",0]]],["l",["s"],["a",["b",1],["b",0]]]],["a",["a",["l",["s"],["a",["b",2],["b",0]]],["l",["s"],["a",["b",2],["b",0]]]],["b",0]]],["l",["s"],["a",["b",1],["b",0]]]]]}
{"id":"bmp1-08654","outputs":[["a",["l",["l",["s"],["a",["b",1],["b",0]]],["a",["l",["s"],["a",["b",2],["b",0]]],["b",0]]],["b",0]],["a",["l",["l",["s"],["a",["l",["s"],["a",["b",2],["b",0]]],["b",0]]],["a",["l",["s"],["a",["l",["s"],["a",["b",3],["b",0]]],["b",0]]],["b",0]]],["l",["s"],["a",["b",1],["b",0]]]]]}
{"id":"bmp1-08655","outputs":[["a",["l",["t",["s"],["b",2],["a",["b",1],["b",0]]],["a",["t",["s"],["b",3],["a",["b",2],["b",0]]],["b",0]]],["b",3]],["a",["l",["t",["s"],["b",1],["a",["l",["s"],["a",["b",2],["b",0]]],["b",0]]],["a",["t",["s"],["b",2],["a",["l",["s"],["a",["b",3],["b",0]]],["b",0]]],["b",0]]],["b",2]]]}
{"id":"bmp1-08656","outputs":[["a",["l",["b",0],["a",["b",1],["b",0]]],["b",1]],["a",["l",["t",["s"],["b",1],["a",["b",1],["b",0]]],["a",["t",["s"],["b",2],["a",["b",2],["b",0]]],["b",0]]],["b",0]]]}
{"id":"bmp1-08657","outputs":[["a",["l",["a",["b",0],["b",1]],["a",["a",["b",1],["b",2]],["b",0]]],["b",4]],["a",["l",["a",["t",["s"],["b",2],["a",["b",1],["b",0]]],["b",0]],["a",["a",["t",["s"],["b",3],["a",["b",2],["b",0]]],["b",1]],["b",0]]],["b",3]]]}
{"id":"bmp1-08658","outputs":[["a",["l",["l",["s"],["a",["b",1],["b",0]]],["a",["l",["s"],["a",["b",2],["b",0]]],["b",0]]],["b",1]],["a",["l",["l",["s"],["a",["t",["s"],["b",4],["a",["b",2],["b",0]]],["b",0]]],["a",["l",["s"],["a",["t",["s"],["b",5],["a",["b",3],["b",0]]],["b",0]]],["b",0]]],["b",0]]]}
{"id":"bmp1-08659","outputs":[["a",["l",["t",["s"],["b",1],["a",["b",1],["b",0]]],["a",["t",["s"],["b",2],["a",["b",2],["b",0]]],["b",0]]],["b",2]],["a",["l",["t",["s"],["b",0],["a",["t",["s"],["b",2],["a",["b",2],["b",0]]],["b",0]]],["a",["t",["s"],["b",1],["a",["t",["s"],["b",3],["a",["b",3],["b",0]]],["b",0]]],["b",0]]],["b",1]]]}
{"id":"bmp1-08660","outputs":[["a",["l",["b",0],["a",["b",1],["b",0]]],["b",3]],["a",["l",["b",0],["a",["b",1],["b",0]]],["b",2]]]}
{"id":"bmp1-08661","outputs":[["a",["l",["a",["b",0],["b",1]],["a",["a",["b",1],["b",2]],["b",0]]],["b",3]],["a",["l",["a",["b",0],["b",0]],["a",["a",["b",1],["b",1]],["b",0]]],["b",2]]]}
{"id":"bmp1-08662","outputs":[["a",["l",["l",["s"],["a",["b",1],["b",0]]],["a",["l",["s"],["a",["b",2],["b",0]]],["b",0]]],["b",0]],["a",["l",["l",["s"],["a",["b",1],["b",0]]],["a",["l",["s"],["a",["b",2],["b",0]]],["b",0]]],["b",0]]]}
{"id":"bmp1-08663","outputs":[["a",["l",["t",["s"],["b",0],["a",["b",1],["b",0]]],["a",["t",["s"],["b",1],["a",["b",2],["b",0]]],["b",0]]],["b",1]],["a",["l",["t",["s"],["b",0],["a",["b",1],["b",0]]],["a",["t",["s"],["b",1],["a",["b",2],["b",0]]],["b",0]]],["b",0]]]}
{"id":"bmp1-08664","outputs":[["a",["l",["b",0],["a",["b",1],["b",0]]],["b",2]],["a",["l",["a",["b",0],["b",3]],["a",["a",["b",1],["b",4]],["b",0]]],["b",1]]]}
{"id":"bmp1-08665","outputs":[["a",["l",["a",["b",0],["b",0]],["a",["a",["b",1],["b",1]],["b",0]]],["b",1]],["a",["l",["a",["a",["b",0],["b",0]],["a",["b",0],["b",0]]],["a",["a",["a",["b",1],["b",1]],["a",["b",1],["b",1]]],["b",0]]],["b",0]]]}
{"id":"bmp1-08666","outputs":[["a",["l",["l",["s"],["a",["b",1],["b",0]]],["a",["l",["s"],["a",["b",2],["b",0]]],["b",0]]],["b",3]],["a",["l",["l",["s"],["a",["a",["b",1],["b",3]],["b",0]]],["a",["l",["s"],["a",["a",["b",2],["b",4]],["b",0]]],["b",0]]],["b",2]]]}
{"id":"bmp1-08667","outputs":[["a",["l",["t",["s"],["b",3],["a",["b",1],["b",0]]],["a",["t",["s"],["b",4],["a",["b",2],["b",0]]],["b",0]]],["b",0]],["a",["l",["t",["s"],["b",2],["a",["a",["b",1],["b",1]],["b",0]]],["a",["t",["s"],["b",3],["a",["a",["b",2],["b",2]],["b",0]]],["b",0]]],["a",["b",0],["b",0]]]]}
{"id":"bmp1-08668","outputs":[["a",["l",["b",0],["a",["b",1],["b",0]]],["b",0]],["a",["l",["l",["s"],["a",["b",1],["b",0]]],["a",["l",["s"],["a",["b",2],["b",0]]],["b",0]]],["l",["s"],["a",["b",1],["b",0]]]]]}
{"id":"bmp1-08669","outputs":[["a",["l",["a",["b",0],["b",0]],["a",["a",["b",1],["b",1]],["b",0]]],["b",0]],["a",["l",["a",["l",["s"],["a",["b",1],["b",0]]],["l",["s"],["a",["b",1],["b",0]]]],["a",["a",["l",["s"],["a",["b",2],["b",0]]],["l",["s"],["a",["b",2],["b",0]]]],["b",0]]],["l",["s"],["a",["b",1],["b",0]]]]]}
{"id":"bmp1-08670","outputs":[["a",["l",["l",["s"],["a",["b",1],["b",0]]],["a",["l",["s"],["a",["b",2],["b",0]]],["b",0]]],["b",0]],["a",["l",["l",["s"],["a",["l",["s"],["a",["b",2],["b",0]]],["b",0]]],["a",["l",["s"],["a",["l",["s"],["a",["b",3],["b",0]]],["b",0]]],["b",0]]],["l",["s"],["a",["b",1],["b",0]]]]]}
{"id":"bmp1-08671","outputs":[["a",["l",["t",["s"],["b",1],["a",["b",1],["b",0]]],["a",["t",["s"],["b",2],["a",["b",2],["b",0]]],["b",0]]],["b",3]],["a",["l",["t",["s"],["b",0],["a",["l",["s"],["a",["b",2],["b",0]]],["b",0]]],["a",["t",["s"],["b",1],["a",["l",["s"],["a",["b",3],["b",0]]],["b",0]]],["b",0]]],["b",2]]]}
{"id":"bmp1-08672","outputs":[["a",["l",["b",0],["a",["b",1],["b",0]]],["b",0]],["a",["l",["t",["s"],["b",0],["a",["b",1],["b",0]]],["a",["t",["s"],["b",1],["a",["b",2],["b",0]]],["b",0]]],["t",["s"],["b",0],["a",["b",1],["b",0]]]]]}
{"id":"bmp1-08673","outputs":[["a",["l",["a",["b",0],["b",0]],["a",["a",["b",1],["b",1]],["b",0]]],["b",1]],["a",["l",["a",["t",["s"],["b",0],["a",["b",1],["b",0]]],["t",["s"],["b",0],["a",["b",1],["b",0]]]],["a",["a",["t",["s"],["b",1],["a",["b",2],["b",0]]],["t",["s"],["b",1],["a",["b",2],["b",0]]]],["b",0]]],["b",0]]]}
{"id":"bmp1-08674","outputs":[["a",["l",["l",["s"],["a",["b",1],["b",0]]],["a",["l",["s"],["a",["b",2],["b",0]]],["b",0]]],["b",2]],["a",["l",["l",["s"],["a",["t",["s"],["b",1],["a",["b",2],["b",0]]],["b",0]]],["a",["l",["s"],["a",["t",["s"],["b",2],["a",["b",3],["b",0]]],["b",0]]],["b",0]]],["b",1]]]}
{"id":"bmp1-08675","outputs":[["a",["l",["t",["s"],["b",0],["a",["b",1],["b",0]]],["a",["t",["s"],["b",1],["a",["b",2],["b",0]]],["b",0]]],["b",2]],["a",["l",["t",["s"],["t",["s"],["b",1],["a",["b",1],["b",0]]],["a",["t",["s"],["b",2],["a",["b",2],["b",0]]],["b",0]]],["a",["t",["s"],["t",["s"],["b",2],["a",["b",2],["b",0]]],["a",["t",["s"],["b",3],["a",["b",3],["b",0]]],["b",0]]],["b",0]]],["b",1]]]}
{"id":"bmp1-08676","outputs":[["a",["l",["b",0],["a",["b",1],["b",0]]],["b",1]],["a",["l",["b",0],["a",["b",1],["b",0]]],["b",0]]]}
{"id":"bmp1-08677","outputs":[["a",["l",["a",["b",0],["b",1]],["a",["a",["b",1],["b",2]],["b",0]]],["b",0]],["a",["l",["a",["b",0],["b",0]],["a",["a",["b",1],["b",1]],["b",0]]],["b",0]]]}
{"id":"bmp1-08678","outputs":[["a",["l",["l",["s"],["a",["b",1],["b",0]]],["a",["l",["s"],["a",["b",2],["b",0]]],["b",0]]],["b",0]],["a",["l",["l",["s"],["a",["b",1],["b",0]]],["a",["l",["s"],["a",["b",2],["b",0]]],["b",0]]],["b",0]]]}
{"id":"bmp1-08679","outputs":[["a",["l",["t",["s"],["b",1],["a",["b",1],["b",0]]],["a",["t",["s"],["b",2],["a",["b",2],["b",0]]],["b",0]]],["b",3]],["a",["l",["t",["s"],["b",0],["a",["b",1],["b",0]]],["a",["t",["s"],["b",1],["a",["b",2],["b",0]]],["b",0]]],["b",2]]]}
{"id":"bmp1-08680","outputs":[["a",["l",["b",0],["a",["b",1],["b",0]]],["b",2]],["a",["l",["a",["b",0],["b",1]],["a",["a",["b",1],["b",2]],["b",0]]],["b",1]]]}
{"id":"bmp1-08681","outputs":[["a",["l",["a",["b",0],["b",1]],["a",["a",["b",1],["b",2]],["b",0]]],["b",0]],["a",["l",["a",["a",["b",0],["b",0]],["b",0]],["a",["a",["a",["b",1],["b",1]],["b",1]],["b",0]]],["a",["b",0],["b",0]]]]}
{"id":"bmp1-08682","outputs":[["a",["l",["l",["s"],["a",["b",1],["b",0]]],["a",["l",["s"],["a",["b",2],["b",0]]],["b",0]]],["b",0]],["a",["l",["l",["s"],["a",["a",["b",1],["b",3]],["b",0]]],["a",["l",["s"],["a",["a",["b",2],["b",4]],["b",0]]],["b",0]]],["a",["b",0],["b",2]]]]}
{"id":"bmp1-08683","outputs":[["a",["l",["t",["s"],["b",1],["a",["b",1],["b",0]]],["a",["t",["s"],["b",2],["a",["b",2],["b",0]]],["b",0]]],["b",0]],["a",["l",["t",["s"],["b",0],["a",["a",["b",1],["b",1]],["b",0]]],["a",["t",["s"],["b",1],["a",["a",["b",2],["b",2]],["b",0]]],["b",0]]],["a",["b",0],["b",0]]]]}
{"id":"bmp1-08684","outputs":[["a",["l",["b",0],["a",["b",1],["b",0]]],["b",0]],["a",["l",["l",["s"],["a",["b",1],["b",0]]],["a",["l",["s"],["a",["b",2],["b",0]]],["b",0]]],["l",["s"],["a",["b",1],["b",0]]]]]}
{"id":"bmp1-08685","outputs":[["a",["l",["a",["b",0],["b",2]],["a",["a",["b",1],["b",3]],["b",0]]],["b",3]],["a",["l",["a",["l",["s"],["a",["b",1],["b",0]]],["b",1]],["a",["a",["l",["s"],["a",["b",2],["b",0]]],["b",2]],["b",0]]],["b",2]]]}
{"id":"bmp1-08686","outputs":[["a",["l",["l",["s"],["a",["b",1],["b",0]]],["a",["l",["s"],["a",["b",2],["b",0]]],["b",0]]],["b",2]],["a",["l",["l",["s"],["a",["l",["s"],["a",["b",2],["b",0]]],["b",0]]],["a",["l",["s"],["a",["l",["s"],["a",["b",3],["b",0]]],["b",0]]],["b",0]]],["b",1]]]}
{"id":"bmp1-08687","outputs":[["a",["l",["t",["s"],["b",1],["a",["b",1],["b",0]]],["a",["t",["s"],["b",2],["a",["b",2],["b",0]]],["b",0]]],["b",1]],["a",["l",["t",["s"],["b",0],["a",["l",["s"],["a",["b",2],["b",0]]],["b",0]]],["a",["t",["s"],["b",1],["a",["l",["s"],["a",["b",3],["b",0]]],["b",0]]],["b",0]]],["b",0]]]}
{"id":"bmp1-08688","outputs":[["a",["l",["b",0],["a",["b",1],["b",0]]],["b",1]],["a",["l",["t",["s"],["b",0],["a",["b",1],["b",0]]],["a",["t",["s"],["b",1],["a",["b",2],["b",0]]],["b",0]]],["b",0]]]}
{"id":"bmp1-08689","outputs":[["a",["l",["a",["b",0],["b",2]],["a",["a",["b",1],["b",3]],["b",0]]],["b",0]],["a",["l",["a",["t",["s"],["b",3],["a",["b",1],["b",0]]],["b",1]],["a",["a",["t",["s"],["b",4],["a",["b",2],["b",0]]],["b",2]],["b",0]]],["t",["s"],["b",3],["a",["b",1],["b",0]]]]]}
{"id":"bmp1-08690","outputs":[["a",["l",["l",["s"],["a",["b",1],["b",0]]],["a",["l",["s"],["a",["b",2],["b",0]]],["b",0]]],["b",1]],["a",["l",["l",["s"],["a",["t",["s"],["b",1],["a",["b",2],["b",0]]],["b",0]]],["a",["l",["s"],["a",["t",["s"],["b",2],["a",["b",3],["b",0]]],["b",0]]],["b",0]]],["b",0]]]}
{"id":"bmp1-08691","outputs":[["a",["l",["t",["s"],["b",0],["a",["b",1],["b",0]]],["a",["t",["s"],["b",1],["a",["b",2],["b",0]]],["b",0]]],["b",3]],["a",["l",["t",["s"],["t",["s"],["b",2],["a",["b",1],["b",0]]],["a",["t",["s"],["b",3],["a",["b",2],["b",0]]],["b",0]]],["a",["t",["s"],["t",["s"],["b",3],["a",["b",2],["b",0]]],["a",["t",["s"],["b",4],["a",["b",3],["b",0]]],["b",0]]],["b",0]]],["b",2]]]}
{"id":"bmp1-08692","outputs":[["a",["l",["b",0],["a",["b",1],["b",0]]],["b",4]],["a",["l",["b",0],["a",["b",1],["b",0]]],["b",3]]]}
{"id":"bmp1-08693","outputs":[["a",["l",["a",["b",0],["b",4]],["a",["a",["b",1],["b",5]],["b",0]]],["b",0]],["a",["l",["a",["b",0],["b",3]],["a",["a",["b",1],["b",4]],["b",0]]],["b",0]]]}
{"id":"bmp1-08694","outputs":[["a",["l",["l",["s"],["a",["b",1],["b",0]]],["a",["l",["s"],["a",["b",2],["b",0]]],["b",0]]],["b",0]],["a",["l",["l",["s"],["a",["b",1],["b",0]]],["a",["l",["s"],["a",["b",2],["b",0]]],["b",0]]],["b",0]]]}
{"id":"bmp1-08695","outputs":[["a",["l",["t",["s"],["b",0],["a",["b",1],["b",0]]],["a",["t",["s"],["b",1],["a",["b",2],["b",0]]],["b",0]]],["b",1]],["a",["l",["t",["s"],["b",0],["a",["b",1],["b",0]]],["a",["t",["s"],["b",1],["a",["b",2],["b",0]]],["b",0]]],["b",0]]]}
{"id":"bmp1-08696","outputs":[["a",["l",["b",0],["a",["b",1],["b",0]]],["b",1]],["a",["l",["a",["b",0],["b",2]],["a",["a",["b",1],["b",3]],["b",0]]],["b",0]]]}
{"id":"bmp1-08697","outputs":[["a",["l",["a",["b",0],["b",1]],["a",["a",["b",1],["b",2]],["b",0]]],["b",4]],["a",["l",["a",["a",["b",0],["b",1]],["b",0]],["a",["a",["a",["b",1],["b",2]],["b",1]],["b",0]]],["b",3]]]}
{"id":"bmp1-08698","outputs":[["a",["l",["l",["s"],["a",["b",1],["b",0]]],["a",["l",["s"],["a",["b",2],["b",0]]],["b",0]]],["b",0]],["a",["l",["l",["s"],["a",["a",["b",1],["b",3]],["b",0]]],["a",["l",["s"],["a",["a",["b",2],["b",4]],["b",0]]],["b",0]]],["a",["b",0],["b",2]]]]}
{"id":"bmp1-08699","outputs":[["a",["l",["t",["s"],["b",1],["a",["b",1],["b",0]]],["a",["t",["s"],["b",2],["a",["b",2],["b",0]]],["b",0]]],["b",2]],["a",["l",["t",["s"],["b",0],["a",["a",["b",1],["b",1]],["b",0]]],["a",["t",["s"],["b",1],["a",["a",["b",2],["b",2]],["b",0]]],["b",0]]],["b",1]]]}
{"id":"bmp1-08700","outputs":[["a",["l",["b",0],["a",["b",1],["b",0]]],["b",0]],["a",["l",["l",["s"],["a",["b",1],["b",0]]],["a",["l",["s"],["a",["b",2],["b",0]]],["b",0]]],["l",["s"],["a",["b",1],["b",0]]]]]}
{"id":"bmp1-08701","outputs":[["a",["l",["a",["b",0],["b",1]],["a",["a",["b",1],["b",2]],["b",0]]],["b",0]],["a",["l",["a",["l",["s"],["a",["b",1],["b",0]]],["b",0]],["a",["a",["l",["s"],["a",["b",2],["b",0]]],["b",1]],["b",0]]],["l",["s"],["a",["b",1],["b",0]]]]]}
{"id":"bmp1-08702","outputs":[["a",["l",["l",["s"],["a",["b",1],["b",0]]],["a",["l",["s"],["a",["b",2],["b",0]]],["b",0]]],["b",1]],["a",["l",["l",["s"],["a",["l",["s"],["a",["b",2],["b",0]]],["b",0]]],["a",["l",["s"],["a",["l",["s"],["a",["b",3],["b",0]]],["b",0]]],["b",0]]],["b",0]]]}
{"id":"bmp1-08703","outputs":[["a",["l",["t",["s"],["b",1],["a",["b",1],["b",0]]],["a",["t",["s"],["b",2],["a",["b",2],["b",0]]],["b",0]]],["b",0]],["a",["l",["t",["s"],["b",0],["a",["l",["s"],["a",["b",2],["b",0]]],["b",0]]],["a",["t",["s"],["b",1],["a",["l",["s"],["a",["b",3],["b",0]]],["b",0]]],["b",0]]],["l",["s"],["a",["b",1],["b",0]]]]]}
{"id":"bmp1-08704","outputs":[["a",["l",["b",0],["a",["b",1],["b",0]]],["b",2]],["a",["l",["t",["s"],["b",0],["a",["b",1],["b",0]]],["a",["t",["s"],["b",1],["a",["b",2],["b",0]]],["b",0]]],["b",1]]]}
{"id":"bmp1-08705","outputs":[["a",["l",["a",["b",0],["b",0]],["a",["a",["b",1],["b",1]],["b",0]]],["b",0]],["a",["l",["a",["t",["s"],["b",0],["a",["b",1],["b",0]]],["t",["s"],["b",0],["a",["b",1],["b",0]]]],["a",["a",["t",["s"],["b",1],["a",["b",2],["b",0]]],["t",["s"],["b",1],["a",["b",2],["b",0]]]],["b",0]]],["t",["s"],["b",0],["a",["b",1],["b",0]]]]]}
{"id":"bmp1-08706","outputs":[["a",["l",["l",["s"],["a",["b",1],["b",0]]],["a",["l",["s"],["a",["b",2],["b",0]]],["b",0]]],["b",1]],["a",["l",["l",["s"],["a",["t",["s"],["b",2],["a",["b",2],["b",0]]],["b",0]]],["a",["l",["s"],["a",["t",["s"],["b",3],["a",["b",3],["b",0]]],["b",0]]],["b",0]]],["b",0]]]}
{"id":"bmp1-08707","outputs":[["a",["l",["t",["s"],["b",3],["a",["b",1],["b",0]]],["a",["t",["s"],["b",4],["a",["b",2],["b",0]]],["b",0]]],["b",3]],["a",["l",["t",["s"],["b",2],["a",["t",["s"],["b",2],["a",["b",2],["b",0]]],["b",0]]],["a",["t",["s"],["b",3],["a",["t",["s"],["b",3],["a",["b",3],["b",0]]],["b",0]]],["b",0]]],["b",2]]]}
{"id":"bmp1-08708","outputs":[["a",["l",["b",0],["a",["b",1],["b",0]]],["b",2]],["a",["l",["b",0],["a",["b",1],["b",0]]],["b",1]]]}
{"id":"bmp1-08709","outputs":[["a",["l",["a",["b",0],["b",1]],["a",["a",["b",1],["b",2]],["b",0]]],["b",2]],["a",["l",["a",["b",0],["b",0]],["a",["a",["b",1],["b",1]],["b",0]]],["b",1]]]}
{"id":"bmp1-08710","outputs":[["a",["l",["l",["s"],["a",["b",1],["b",0]]],["a",["l",["s"],["a",["b",2],["b",0]]],["b",0]]],["b",0]],["a",["l",["l",["s"],["a",["b",1],["b",0]]],["a",["l",["s"],["a",["b",2],["b",0]]],["b",0]]],["b",0]]]}
{"id":"bmp1-08711","outputs":[["a",["l",["t",["s"],["b",2],["a",["b",1],["b",0]]],["a",["t",["s"],["b",3],["a",["b",2],["b",0]]],["b",0]]],["b",1]],["a",["l",["t",["s"],["b",1],["a",["b",1],["b",0]]],["a",["t",["s"],["b",2],["a",["b",2],["b",0]]],["b",0]]],["b",0]]]}
{"id":"bmp1-08712","outputs":[["a",["l",["b",0],["a",["b",1],["b",0]]],["b",4]],["a",["l",["a",["b",0],["b",1]],["a",["a",["b",1],["b",2]],["b",0]]],["b",3]]]}
{"id":"bmp1-08713","outputs":[["a",["l",["a",["b",0],["b",0]],["a",["a",["b",1],["b",1]],["b",0]]],["b",1]],["a",["l",["a",["a",["b",0],["b",0]],["a",["b",0],["b",0]]],["a",["a",["a",["b",1],["b",1]],["a",["b",1],["b",1]]],["b",0]]],["b",0]]]}
{"id":"bmp1-08714","outputs":[["a",["l",["l",["s"],["a",["b",1],["b",0]]],["a",["l",["s"],["a",["b",2],["b",0]]],["b",0]]],["b",0]],["a",["l",["l",["s"],["a",["a",["b",1],["b",1]],["b",0]]],["a",["l",["s"],["a",["a",["b",2],["b",2]],["b",0]]],["b",0]]],["a",["b",0],["b",0]]]]}
{"id":"bmp1-08715","outputs":[["a",["l",["t",["s"],["b",1],["a",["b",1],["b",0]]],["a",["t",["s"],["b",2],["a",["b",2],["b",0]]],["b",0]]],["b",2]],["a",["l",["t",["s"],["b",0],["a",["a",["b",1],["b",1]],["b",0]]],["a",["t",["s"],["b",1],["a",["a",["b",2],["b",2]],["b",0]]],["b",0]]],["b",1]]]}
{"id":"bmp1-08716","outputs":[["a",["l",["b",0],["a",["b",1],["b",0]]],["b",1]],["a",["l",["l",["s"],["a",["b",1],["b",0]]],["a",["l",["s"],["a",["b",2],["b",0]]],["b",0]]],["b",0]]]}
{"id":"bmp1-08717","outputs":[["a",["l",["a",["b",0],["b",2]],["a",["a",["b",1],["b",3]],["b",0]]],["b",1]],["a",["l",["a",["l",["s"],["a",["b",1],["b",0]]],["b",1]],["a",["a",["l",["s"],["a",["b",2],["b",0]]],["b",2]],["b",0]]],["b",0]]]}
{"id":"bmp1-08718","outputs":[["a",["l",["l",["s"],["a",["b",1],["b",0]]],["a",["l",["s"],["a",["b",2],["b",0]]],["b",0]]],["b",1]],["a",["l",["l",["s"],["a",["l",["s"],["a",["b",2],["b",0]]],["b",0]]],["a",["l",["s"],["a",["l",["s"],["a",["b",3],["b",0]]],["b",0]]],["b",0]]],["b",0]]]}
{"id":"bmp1-08719","outputs":[["a",["l",["t",["s"],["b",0],["a",["b",1],["b",0]]],["a",["t",["s"],["b",1],["a",["b",2],["b",0]]],["b",0]]],["b",0]],["a",["l",["t",["s"],["l",["s"],["a",["b",1],["b",0]]],["a",["l",["s"],["a",["b",2],["b",0]]],["b",0]]],["a",["t",["s"],["l",["s"],["a",["b",2],["b",0]]],["a",["l",["s"],["a",["b",3],["b",0]]],["b",0]]],["b",0]]],["l",["s"],["a",["b",1],["b",0]]]]]}
{"id":"bmp1-08720","outputs":[["a",["l",["b",0],["a",["b",1],["b",0]]],["b",1]],["a",["l",["t",["s"],["b",0],["a",["b",1],["b",0]]],["a",["t",["s"],["b",1],["a",["b",2],["b",0]]],["b",0]]],["b",0]]]}
{"id":"bmp1-08721","outputs":[["a",["l",["a",["b",0],["b",2]],["a",["a",["b",1],["b",3]],["b",0]]],["b",1]],["a",["l",["a",["t",["s"],["b",2],["a",["b",1],["b",0]]],["b",1]],["a",["a",["t",["s"],["b",3],["a",["b",2],["b",0]]],["b",2]],["b",0]]],["b",0]]]}
{"id":"bmp1-08722","outputs":[["a",["l",["l",["s"],["a",["b",1],["b",0]]],["a",["l",["s"],["a",["b",2],["b",0]]],["b",0]]],["b",1]],["a",["l",["l",["s"],["a",["t",["s"],["b",1],["a",["b",2],["b",0]]],["b",0]]],["a",["l",["s"],["a",["t",["s"],["b",2],["a",["b",3],["b",0]]],["b",0]]],["b",0]]],["b",0]]]}
{"id":"bmp1-08723","outputs":[["a",["l",["t",["s"],["b",2],["a",["b",1],["b",0]]],["a",["t",["s"],["b",3],["a",["b",2],["b",0]]],["b",0]]],["b",2]],["a",["l",["t",["s"],["b",1],["a",["t",["s"],["b",2],["a",["b",2],["b",0]]],["b",0]]],["a",["t",["s"],["b",2],["a",["t",["s"],["b",3],["a",["b",3],["b",0]]],["b",0]]],["b",0]]],["b",1]]]}
{"id":"bmp1-08724","outputs":[["a",["l",["b",0],["a",["b",1],["b",0]]],["b",1]],["a",["l",["b",0],["a",["b",1],["b",0]]],["b",0]]]}
{"id":"bmp1-08725","outputs":[["a",["l",["a",["b",0],["b",2]],["a",["a",["b",1],["b",3]],["b",0]]],["b",0]],["a",["l",["a",["b",0],["b",1]],["a",["a",["b",1],["b",2]],["b",0]]],["b",0]]]}
{"id":"bmp1-08726","outputs":[["a",["l",["l",["s"],["a",["b",1],["b",0]]],["a",["l",["s"],["a",["b",2],["b",0]]],["b",0]]],["b",0]],["a",["l",["l",["s"],["a",["b",1],["b",0]]],["a",["l",["s"],["a",["b",2],["b",0]]],["b",0]]],["b",0]]]}
{"id":"bmp1-08727","outputs":[["a",["l",["t",["s"],["b",2],["a",["b",1],["b",0]]],["a",["t",["s"],["b",3],["a",["b",2],["b",0]]],["b",0]]],["b",2]],["a",["l",["t",["s"],["b",1],["a",["b",1],["b",0]]],["a",["t",["s"],["b",2],["a",["b",2],["b",0]]],["b",0]]],["b",1]]]}
{"id":"bmp1-08728","outputs":[["a",["l",["b",0],["a",["b",1],["b",0]]],["b",1]],["a",["l",["a",["b",0],["b",0]],["a",["a",["b",1],["b",1]],["b",0]]],["b",0]]]}
{"id":"bmp1-08729","outputs":[["a",["l",["a",["b",0],["b",1]],["a",["a",["b",1],["b",2]],["b",0]]],["b",1]],["a",["l",["a",["a",["b",0],["b",2]],["b",0]],["a",["a",["a",["b",1],["b",3]],["b",1]],["b",0]]],["b",0]]]}
{"id":"bmp1-08730","outputs":[["a",["l",["l",["s"],["a",["b",1],["b",0]]],["a",["l",["s"],["a",["b",2],["b",0]]],["b",0]]],["b",1]],["a",["l",["l",["s"],["a",["a",["b",1],["b",1]],["b",0]]],["a",["l",["s"],["a",["a",["b",2],["b",2]],["b",0]]],["b",0]]],["b",0]]]}
{"id":"bmp1-08731","outputs":[["a",["l",["t",["s"],["b",1],["a",["b",1],["b",0]]],["a",["t",["s"],["b",2],["a",["b",2],["b",0]]],["b",0]]],["b",0]],["a",["l",["t",["s"],["b",0],["a",["a",["b",1],["b",1]],["b",0]]],["a",["t",["s"],["b",1],["a",["a",["b",2],["b",2]],["b",0]]],["b",0]]],["a",["b",0],["b",0]]]]}
{"id":"bmp1-08732","outputs":[["a",["l",["b",0],["a",["b",1],["b",0]]],["b",2]],["a",["l",["l",["s"],["a",["b",1],["b",0]]],["a",["l",["s"],["a",["b",2],["b",0]]],["b",0]]],["b",1]]]}
{"id":"bmp1-08733","outputs":[["a",["l",["a",["b",0],["b",1]],["a",["a",["b",1],["b",2]],["b",0]]],["b",0]],["a",["l",["a",["l",["s"],["a",["b",1],["b",0]]],["b",0]],["a",["a",["l",["s"],["a",["b",2],["b",0]]],["b",1]],["b",0]]],["l",["s"],["a",["b",1],["b",0]]]]]}
{"id":"bmp1-08734","outputs":[["a",["l",["l",["s"],["a",["b",1],["b",0]]],["a",["l",["s"],["a",["b",2],["b",0]]],["b",0]]],["b",3]],["a",["l",["l",["s"],["a",["l",["s"],["a",["b",2],["b",0]]],["b",0]]],["a",["l",["s"],["a",["l",["s"],["a",["b",3],["b",0]]],["b",0]]],["b",0]]],["b",2]]]}
{"id":"bmp1-08735","outputs":[["a",["l",["t",["s"],["b",2],["a",["b",1],["b",0]]],["a",["t",["s"],["b",3],["a",["b",2],["b",0]]],["b",0]]],["b",3]],["a",["l",["t",["s"],["b",1],["a",["l",["s"],["a",["b",2],["b",0]]],["b",0]]],["a",["t",["s"],["b",2],["a",["l",["s"],["a",["b",3],["b",0]]],["b",0]]],["b",0]]],["b",2]]]}
{"id":"bmp1-08736","outputs":[["a",["l",["b",0],["a",["b",1],["b",0]]],["b",3]],["a",["l",["t",["s"],["b",2],["a",["b",1],["b",0]]],["a",["t",["s"],["b",3],["a",["b",2],["b",0]]],["b",0]]],["b",2]]]}
{"id":"bmp1-08737","outputs":[["a",["l",["a",["b",0],["b",0]],["a",["a",["b",1],["b",1]],["b",0]]],["b",1]],["a",["l",["a",["t",["s"],["b",0],["a",["b",1],["b",0]]],["t",["s"],["b",0],["a",["b",1],["b",0]]]],["a",["a",["t",["s"],["b",1],["a",["b",2],["b",0]]],["t",["s"],["b",1],["a",["b",2],["b",0]]]],["b",0]]],["b",0]]]}
{"id":"bmp1-08738","outputs":[["a",["l",["l",["s"],["a",["b",1],["b",0]]],["a",["l",["s"],["a",["b",2],["b",0]]],["b",0]]],["b",0]],["a",["l",["l",["s"],["a",["t",["s"],["b",4],["a",["b",2],["b",0]]],["b",0]]],["a",["l",["s"],["a",["t",["s"],["b",5],["a",["b",3],["b",0]]],["b",0]]],["b",0]]],["t",["s"],["b",3],["a",["b",1],["b",0]]]]]}
{"id":"bmp1-08739","outputs":[["a",["l",["t",["s"],["b",0],["a",["b",1],["b",0]]],["a",["t",["s"],["b",1],["a",["b",2],["b",0]]],["b",0]]],["b",1]],["a",["l",["t",["s"],["t",["s"],["b",0],["a",["b",1],["b",0]]],["a",["t",["s"],["b",1],["a",["b",2],["b",0]]],["b",0]]],["a",["t",["s"],["t",["s"],["b",1],["a",["b",2],["b",0]]],["a",["t",["s"],["b",2],["a",["b",3],["b",0]]],["b",0]]],["b",0]]],["b",0]]]}
{"id":"bmp1-08740","outputs":[["a",["l",["b",0],["a",["b",1],["b",0]]],["b",4]],["a",["l",["b",0],["a",["b",1],["b",0]]],["b",3]]]}
{"id":"bmp1-08741","outputs":[["a",["l",["a",["b",0],["b",0]],["a",["a",["b",1],["b",1]],["b",0]]],["b",1]],["a",["l",["a",["b",0],["b",0]],["a",["a",["b",1],["b",1]],["b",0]]],["b",0]]]}
{"id":"bmp1-08742","outputs":[["a",["l",["l",["s"],["a",["b",1],["b",0]]],["a",["l",["s"],["a",["b",2],["b",0]]],["b",0]]],["b",1]],["a",["l",["l",["s"],["a",["b",1],["b",0]]],["a",["l",["s"],["a",["b",2],["b",0]]],["b",0]]],["b",0]]]}
{"id":"bmp1-08743","outputs":[["a",["l",["t",["s"],["b",2],["a",["b",1],["b",0]]],["a",["t",["s"],["b",3],["a",["b",2],["b",0]]],["b",0]]],["b",2]],["a",["l",["t",["s"],["b",1],["a",["b",1],["b",0]]],["a",["t",["s"],["b",2],["a",["b",2],["b",0]]],["b",0]]],["b",1]]]}
{"id":"bmp1-08744","outputs":[["a",["l",["b",0],["a",["b",1],["b",0]]],["b",0]],["a",["l",["a",["b",0],["b",2]],["a",["a",["b",1],["b",3]],["b",0]]],["a",["b",0],["b",2]]]]}
{"id":"bmp1-08745","outputs":[["a",["l",["a",["b",0],["b",2]],["a",["a",["b",1],["b",3]],["b",0]]],["b",0]],["a",["l",["a",["a",["b",0],["b",0]],["b",1]],["a",["a",["a",["b",1],["b",1]],["b",2]],["b",0]]],["a",["b",0],["b",0]]]]}
{"id":"bmp1-08746","outputs":[["a",["l",["l",["s"],["a",["b",1],["b",0]]],["a",["l",["s"],["a",["b",2],["b",0]]],["b",0]]],["b",1]],["a",["l",["l",["s"],["a",["a",["b",1],["b",2]],["b",0]]],["a",["l",["s"],["a",["a",["b",2],["b",3]],["b",0]]],["b",0]]],["b",0]]]}
{"id":"bmp1-08747","outputs":[["a",["l",["t",["s"],["b",3],["a",["b",1],["b",0]]],["a",["t",["s"],["b",4],["a",["b",2],["b",0]]],["b",0]]],["b",3]],["a",["l",["t",["s"],["b",2],["a",["a",["b",1],["b",2]],["b",0]]],["a",["t",["s"],["b",3],["a",["a",["b",2],["b",3]],["b",0]]],["b",0]]],["b",2]]]}
{"id":"bmp1-08748","outputs":[["a",["l",["b",0],["a",["b",1],["b",0]]],["b",1]],["a",["l",["l",["s"],["a",["b",1],["b",0]]],["a",["l",["s"],["a",["b",2],["b",0]]],["b",0]]],["b",0]]]}
{"id":"bmp1-08749","outputs":[["a",["l",["a",["b",0],["b",1]],["a",["a",["b",1],["b",2]],["b",0]]],["b",1]],["a",["l",["a",["l",["s"],["a",["b",1],["b",0]]],["b",0]],["a",["a",["l",["s"],["a",["b",2],["b",0]]],["b",1]],["b",0]]],["b",0]]]}
{"id":"bmp1-08750","outputs":[["a",["l",["l",["s"],["a",["b",1],["b",0]]],["a",["l",["s"],["a",["b",2],["b",0]]],["b",0]]],["b",1]],["a",["l",["l",["s"],["a",["l",["s"],["a",["b",2],["b",0]]],["b",0]]],["a",["l",["s"],["a",["l",["s"],["a",["b",3],["b",0]]],["b",0]]],["b",0]]],["b",0]]]}
{"id":"bmp1-08751","outputs":[["a",["l",["t",["s"],["b",1],["a",["b",1],["b",0]]],["a",["t",["s"],["b",2],["a",["b",2],["b",0]]],["b",0]]],["b",1]],["a",["l",["t",["s"],["b",0],["a",["l",["s"],["a",["b",2],["b",0]]],["b",0]]],["a",["t",["s"],["b",1],["a",["l",["s"],["a",["b",3],["b",0]]],["b",0]]],["b",0]]],["b",0]]]}
{"id":"bmp1-08752","outputs":[["a",["l",["b",0],["a",["b",1],["b",0]]],["b",4]],["a",["l",["t",["s"],["b",1],["a",["b",1],["b",0]]],["a",["t",["s"],["b",2],["a",["b",2],["b",0]]],["b",0]]],["b",3]]]}
{"id":"bmp1-08753","outputs":[["a",["l",["a",["b",0],["b",0]],["a",["a",["b",1],["b",1]],["b",0]]],["b",3]],["a",["l",["a",["t",["s"],["b",0],["a",["b",1],["b",0]]],["t",["s"],["b",0],["a",["b",1],["b",0]]]],["a",["a",["t",["s"],["b",1],["a",["b",2],["b",0]]],["t",["s"],["b",1],["a",["b",2],["b",0]]]],["b",0]]],["b",2]]]}
{"id":"bmp1-08754","outputs":[["a",["l",["l",["s"],["a",["b",1],["b",0]]],["a",["l",["s"],["a",["b",2],["b",0]]],["b",0]]],["b",2]],["a",["l",["l",["s"],["a",["t",["s"],["b",2],["a",["b",2],["b",0]]],["b",0]]],["a",["l",["s"],["a",["t",["s"],["b",3],["a",["b",3],["b",0]]],["b",0]]],["b",0]]],["b",1]]]}
{"id":"bmp1-08755","outputs":[["a",["l",["t",["s"],["b",2],["a",["b",1],["b",0]]],["a",["t",["s"],["b",3],["a",["b",2],["b",0]]],["b",0]]],["b",2]],["a",["l",["t",["s"],["b",1],["a",["t",["s"],["b",1],["a",["b",2],["b",0]]],["b",0]]],["a",["t",["s"],["b",2],["a",["t",["s"],["b",2],["a",["b",3],["b",0]]],["b",0]]],["b",0]]],["b",1]]]}
{"id":"bmp1-08756","outputs":[["a",["l",["b",0],["a",["b",1],["b",0]]],["b",0]],["a",["l",["b",0],["a",["b",1],["b",0]]],["b",0]]]}
{"id":"bmp1-08757","outputs":[["a",["l",["a",["b",0],["b",1]],["a",["a",["b",1],["b",2]],["b",0]]],["b",0]],["a",["l",["a",["b",0],["b",0]],["a",["a",["b",1],["b",1]],["b",0]]],["b",0]]]}
{"id":"bmp1-08758","outputs":[["a",["l",["l",["s"],["a",["b",1],["b",0]]],["a",["l",["s"],["a",["b",2],["b",0]]],["b",0]]],["b",3]],["a",["l",["l",["s"],["a",["b",1],["b",0]]],["a",["l",["s"],["a",["b",2],["b",0]]],["b",0]]],["b",2]]]}
{"id":"bmp1-08759","outputs":[["a",["l",["t",["s"],["b",3],["a",["b",1],["b",0]]],["a",["t",["s"],["b",4],["a",["b",2],["b",0]]],["b",0]]],["b",2]],["a",["l",["t",["s"],["b",2],["a",["b",1],["b",0]]],["a",["t",["s"],["b",3],["a",["b",2],["b",0]]],["b",0]]],["b",1]]]}
{"id":"bmp1-08760","outputs":[["a",["l",["b",0],["a",["b",1],["b",0]]],["b",3]],["a",["l",["a",["b",0],["b",1]],["a",["a",["b",1],["b",2]],["b",0]]],["b",2]]]}
{"id":"bmp1-08761","outputs":[["a",["l",["a",["b",0],["b",1]],["a",["a",["b",1],["b",2]],["b",0]]],["b",1]],["a",["l",["a",["a",["b",0],["b",0]],["b",0]],["a",["a",["a",["b",1],["b",1]],["b",1]],["b",0]]],["b",0]]]}
{"id":"bmp1-08762","outputs":[["a",["l",["l",["s"],["a",["b",1],["b",0]]],["a",["l",["s"],["a",["b",2],["b",0]]],["b",0]]],["b",3]],["a",["l",["l",["s"],["a",["a",["b",1],["b",1]],["b",0]]],["a",["l",["s"],["a",["a",["b",2],["b",2]],["b",0]]],["b",0]]],["b",2]]]}
{"id":"bmp1-08763","outputs":[["a",["l",["t",["s"],["b",0],["a",["b",1],["b",0]]],["a",["t",["s"],["b",1],["a",["b",2],["b",0]]],["b",0]]],["b",2]],["a",["l",["t",["s"],["a",["b",0],["b",1]],["a",["a",["b",1],["b",2]],["b",0]]],["a",["t",["s"],["a",["b",1],["b",2]],["a",["a",["b",2],["b",3]],["b",0]]],["b",0]]],["b",1]]]}
{"id":"bmp1-08764","outputs":[["a",["l",["b",0],["a",["b",1],["b",0]]],["b",0]],["a",["l",["l",["s"],["a",["b",1],["b",0]]],["a",["l",["s"],["a",["b",2],["b",0]]],["b",0]]],["l",["s"],["a",["b",1],["b",0]]]]]}
{"id":"bmp1-08765","outputs":[["a",["l",["a",["b",0],["b",4]],["a",["a",["b",1],["b",5]],["b",0]]],["b",1]],["a",["l",["a",["l",["s"],["a",["b",1],["b",0]]],["b",3]],["a",["a",["l",["s"],["a",["b",2],["b",0]]],["b",4]],["b",0]]],["b",0]]]}
{"id":"bmp1-08766","outputs":[["a",["l",["l",["s"],["a",["b",1],["b",0]]],["a",["l",["s"],["a",["b",2],["b",0]]],["b",0]]],["b",2]],["a",["l",["l",["s"],["a",["l",["s"],["a",["b",2],["b",0]]],["b",0]]],["a",["l",["s"],["a",["l",["s"],["a",["b",3],["b",0]]],["b",0]]],["b",0]]],["b",1]]]}
{"id":"bmp1-08767","outputs":[["a",["l",["t",["s"],["b",0],["a",["b",1],["b",0]]],["a",["t",["s"],["b",1],["a",["b",2],["b",0]]],["b",0]]],["b",0]],["a",["l",["t",["s"],["l",["s"],["a",["b",1],["b",0]]],["a",["l",["s"],["a",["b",2],["b",0]]],["b",0]]],["a",["t",["s"],["l",["s"],["a",["b",2],["b",0]]],["a",["l",["s"],["a",["b",3],["b",0]]],["b",0]]],["b",0]]],["l",["s"],["a",["b",1],["b",0]]]]]}
{"id":"bmp1-08768","outputs":[["a",["l",["b",0],["a",["b",1],["b",0]]],["b",1]],["a",["l",["t",["s"],["b",1],["a",["b",1],["b",0]]],["a",["t",["s"],["b",2],["a",["b",2],["b",0]]],["b",0]]],["b",0]]]}
{"id":"bmp1-08769","outputs":[["a",["l",["a",["b",0],["b",2]],["a",["a",["b",1],["b",3]],["b",0]]],["b",3]],["a",["l",["a",["t",["s"],["b",2],["a",["b",1],["b",0]]],["b",1]],["a",["a",["t",["s"],["b",3],["a",["b",2],["b",0]]],["b",2]],["b",0]]],["b",2]]]}
{"id":"bmp1-08770","outputs":[["a",["l",["l",["s"],["a",["b",1],["b",0]]],["a",["l",["s"],["a",["b",2],["b",0]]],["b",0]]],["b",1]],["a",["l",["l",["s"],["a",["t",["s"],["b",1],["a",["b",2],["b",0]]],["b",0]]],["a",["l",["s"],["a",["t",["s"],["b",2],["a",["b",3],["b",0]]],["b",0]]],["b",0]]],["b",0]]]}
{"id":"bmp1-08771","outputs":[["a",["l",["t",["s"],["b",1],["a",["b",1],["b",0]]],["a",["t",["s"],["b",2],["a",["b",2],["b",0]]],["b",0]]],["b",0]],["a",["l",["t",["s"],["b",0],["a",["t",["s"],["b",1],["a",["b",2],["b",0]]],["b",0]]],["a",["t",["s"],["b",1],["a",["t",["s"],["b",2],["a",["b",3],["b",0]]],["b",0]]],["b",0]]],["t",["s"],["b",0],["a",["b",1],["b",0]]]]]}
{"id":"bmp1-08772","outputs":[["a",["l",["b",0],["a",["b",1],["b",0]]],["b",0]],["a",["l",["b",0],["a",["b",1],["b",0]]],["b",0]]]}
{"id":"bmp1-08773","outputs":[["a",["l",["a",["b",0],["b",2]],["a",["a",["b",1],["b",3]],["b",0]]],["b",2]],["a",["l",["a",["b",0],["b",1]],["a",["a",["b",1],["b",2]],["b",0]]],["b",1]]]}
{"id":"bmp1-08774","outputs":[["a",["l",["l",["s"],["a",["b",1],["b",0]]],["a",["l",["s"],["a",["b",2],["b",0]]],["b",0]]],["b",1]],["a",["l",["l",["s"],["a",["b",1],["b",0]]],["a",["l",["s"],["a",["b",2],["b",0]]],["b",0]]],["b",0]]]}
{"id":"bmp1-08775","outputs":[["a",["l",["t",["s"],["b",1],["a",["b",1],["b",0]]],["a",["t",["s"],["b",2],["a",["b",2],["b",0]]],["b",0]]],["b",0]],["a",["l",["t",["s"],["b",0],["a",["b",1],["b",0]]],["a",["t",["s"],["b",1],["a",["b",2],["b",0]]],["b",0]]],["b",0]]]}
{"id":"bmp1-08776","outputs":[["a",["l",["b",0],["a",["b",1],["b",0]]],["b",2]],["a",["l",["a",["b",0],["b",0]],["a",["a",["b",1],["b",1]],["b",0]]],["b",1]]]}
{"id":"bmp1-08777","outputs":[["a",["l",["a",["b",0],["b",0]],["a",["a",["b",1],["b",1]],["b",0]]],["b",0]],["a",["l",["a",["a",["b",0],["b",1]],["a",["b",0],["b",1]]],["a",["a",["a",["b",1],["b",2]],["a",["b",1],["b",2]]],["b",0]]],["a",["b",0],["b",1]]]]}
{"id":"bmp1-08778","outputs":[["a",["l",["l",["s"],["a",["b",1],["b",0]]],["a",["l",["s"],["a",["b",2],["b",0]]],["b",0]]],["b",1]],["a",["l",["l",["s"],["a",["a",["b",1],["b",1]],["b",0]]],["a",["l",["s"],["a",["a",["b",2],["b",2]],["b",0]]],["b",0]]],["b",0]]]}
{"id":"bmp1-08779","outputs":[["a",["l",["t",["s"],["b",1],["a",["b",1],["b",0]]],["a",["t",["s"],["b",2],["a",["b",2],["b",0]]],["b",0]]],["b",2]],["a",["l",["t",["s"],["b",0],["a",["a",["b",1],["b",2]],["b",0]]],["a",["t",["s"],["b",1],["a",["a",["b",2],["b",3]],["b",0]]],["b",0]]],["b",1]]]}
{"id":"bmp1-08780","outputs":[["a",["l",["b",0],["a",["b",1],["b",0]]],["b",1]],["a",["l",["l",["s"],["a",["b",1],["b",0]]],["a",["l",["s"],["a",["b",2],["b",0]]],["b",0]]],["b",0]]]}
{"id":"bmp1-08781","outputs":[["a",["l",["a",["b",0],["b",1]],["a",["a",["b",1],["b",2]],["b",0]]],["b",0]],["a",["l",["a",["l",["s"],["a",["b",1],["b",0]]],["b",0]],["a",["a",["l",["s"],["a",["b",2],["b",0]]],["b",1]],["b",0]]],["l",["s"],["a",["b",1],["b",0]]]]]}
{"id":"bmp1-08782","outputs":[["a",["l",["l",["s"],["a",["b",1],["b",0]]],["a",["l",["s"],["a",["b",2],["b",0]]],["b",0]]],["b",3]],["a",["l",["l",["s"],["a",["l",["s"],["a",["b",2],["b",0]]],["b",0]]],["a",["l",["s"],["a",["l",["s"],["a",["b",3],["b",0]]],["b",0]]],["b",0]]],["b",2]]]}
{"id":"bmp1-08783","outputs":[["a",["l",["t",["s"],["b",3],["a",["b",1],["b",0]]],["a",["t",["s"],["b",4],["a",["b",2],["b",0]]],["b",0]]],["b",1]],["a",["l",["t",["s"],["b",2],["a",["l",["s"],["a",["b",2],["b",0]]],["b",0]]],["a",["t",["s"],["b",3],["a",["l",["s"],["a",["b",3],["b",0]]],["b",0]]],["b",0]]],["b",0]]]}
{"id":"bmp1-08784","outputs":[["a",["l",["b",0],["a",["b",1],["b",0]]],["b",3]],["a",["l",["t",["s"],["b",1],["a",["b",1],["b",0]]],["a",["t",["s"],["b",2],["a",["b",2],["b",0]]],["b",0]]],["b",2]]]}
{"id":"bmp1-08785","outputs":[["a",["l",["a",["b",0],["b",1]],["a",["a",["b",1],["b",2]],["b",0]]],["b",0]],["a",["l",["a",["t",["s"],["b",0],["a",["b",1],["b",0]]],["b",0]],["a",["a",["t",["s"],["b",1],["a",["b",2],["b",0]]],["b",1]],["b",0]]],["t",["s"],["b",0],["a",["b",1],["b",0]]]]]}
{"id":"bmp1-08786","outputs":[["a",["l",["l",["s"],["a",["b",1],["b",0]]],["a",["l",["s"],["a",["b",2],["b",0]]],["b",0]]],["b",0]],["a",["l",["l",["s"],["a",["t",["s"],["b",1],["a",["b",2],["b",0]]],["b",0]]],["a",["l",["s"],["a",["t",["s"],["b",2],["a",["b",3],["b",0]]],["b",0]]],["b",0]]],["t",["s"],["b",0],["a",["b",1],["b",0]]]]]}
{"id":"bmp1-08787","outputs":[["a",["l",["t",["s"],["b",2],["a",["b",1],["b",0]]],["a",["t",["s"],["b",3],["a",["b",2],["b",0]]],["b",0]]],["b",3]],["a",["l",["t",["s"],["b",1],["a",["t",["s"],["b",3],["a",["b",2],["b",0]]],["b",0]]],["a",["t",["s"],["b",2],["a",["t",["s"],["b",4],["a",["b",3],["b",0]]],["b",0]]],["b",0]]],["b",2]]]}
{"id":"bmp1-08788","outputs":[["a",["l",["b",0],["a",["b",1],["b",0]]],["b",0]],["a",["l",["b",0],["a",["b",1],["b",0]]],["b",0]]]}
{"id":"bmp1-08789","outputs":[["a",["l",["a",["b",0],["b",2]],["a",["a",["b",1],["b",3]],["b",0]]],["b",0]],["a",["l",["a",["b",0],["b",1]],["a",["a",["b",1],["b",2]],["b",0]]],["b",0]]]}
{"id":"bmp1-08790","outputs":[["a",["l",["l",["s"],["a",["b",1],["b",0]]],["a",["l",["s"],["a",["b",2],["b",0]]],["b",0]]],["b",3]],["a",["l",["l",["s"],["a",["b",1],["b",0]]],["a",["l",["s"],["a",["b",2],["b",0]]],["b",0]]],["b",2]]]}
{"id":"bmp1-08791","outputs":[["a",["l",["t",["s"],["b",0],["a",["b",1],["b",0]]],["a",["t",["s"],["b",1],["a",["b",2],["b",0]]],["b",0]]],["b",3]],["a",["l",["t",["s"],["b",0],["a",["b",1],["b",0]]],["a",["t",["s"],["b",1],["a",["b",2],["b",0]]],["b",0]]],["b",2]]]}
{"id":"bmp1-08792","outputs":[["a",["l",["b",0],["a",["b",1],["b",0]]],["b",0]],["a",["l",["a",["b",0],["b",1]],["a",["a",["b",1],["b",2]],["b",0]]],["a",["b",0],["b",1]]]]}
{"id":"bmp1-08793","outputs":[["a",["l",["a",["b",0],["b",2]],["a",["a",["b",1],["b",3]],["b",0]]],["b",2]],["a",["l",["a",["a",["b",0],["b",2]],["b",1]],["a",["a",["a",["b",1],["b",3]],["b",2]],["b",0]]],["b",1]]]}
{"id":"bmp1-08794","outputs":[["a",["l",["l",["s"],["a",["b",1],["b",0]]],["a",["l",["s"],["a",["b",2],["b",0]]],["b",0]]],["b",2]],["a",["l",["l",["s"],["a",["a",["b",1],["b",1]],["b",0]]],["a",["l",["s"],["a",["a",["b",2],["b",2]],["b",0]]],["b",0]]],["b",1]]]}
{"id":"bmp1-08795","outputs":[["a",["l",["t",["s"],["b",0],["a",["b",1],["b",0]]],["a",["t",["s"],["b",1],["a",["b",2],["b",0]]],["b",0]]],["b",2]],["a",["l",["t",["s"],["a",["b",0],["b",0]],["a",["a",["b",1],["b",1]],["b",0]]],["a",["t",["s"],["a",["b",1],["b",1]],["a",["a",["b",2],["b",2]],["b",0]]],["b",0]]],["b",1]]]}
{"id":"bmp1-08796","outputs":[["a",["l",["b",0],["a",["b",1],["b",0]]],["b",0]],["a",["l",["l",["s"],["a",["b",1],["b",0]]],["a",["l",["s"],["a",["b",2],["b",0]]],["b",0]]],["l",["s"],["a",["b",1],["b",0]]]]]}
{"id":"bmp1-08797","outputs":[["a",["l",["a",["b",0],["b",1]],["a",["a",["b",1],["b",2]],["b",0]]],["b",1]],["a",["l",["a",["l",["s"],["a",["b",1],["b",0]]],["b",0]],["a",["a",["l",["s"],["a",["b",2],["b",0]]],["b",1]],["b",0]]],["b",0]]]}
{"id":"bmp1-08798","outputs":[["a",["l",["l",["s"],["a",["b",1],["b",0]]],["a",["l",["s"],["a",["b",2],["b",0]]],["b",0]]],["b",2]],["a",["l",["l",["s"],["a",["l",["s"],["a",["b",2],["b",0]]],["b",0]]],["a",["l",["s"],["a",["l",["s"],["a",["b",3],["b",0]]],["b",0]]],["b",0]]],["b",1]]]}
{"id":"bmp1-08799","outputs":[["a",["l",["t",["s"],["b",2],["a",["b",1],["b",0]]],["a",["t",["s"],["b",3],["a",["b",2],["b",0]]],["b",0]]],["b",2]],["a",["l",["t",["s"],["b",1],["a",["l",["s"],["a",["b",2],["b",0]]],["b",0]]],["a",["t",["s"],["b",2],["a",["l",["s"],["a",["b",3],["b",0]]],["b",0]]],["b",0]]],["b",1]]]}
{"id":"bmp1-08800","outputs":[["a",["l",["b",0],["a",["b",1],["b",0]]],["b",1]],["a",["l",["t",["s"],["b",0],["a",["b",1],["b",0]]],["a",["t",["s"],["b",1],["a",["b",2],["b",0]]],["b",0]]],["b",0]]]}
{"id":"bmp1-08801","outputs":[["a",["l",["a",["b",0],["b",2]],["a",["a",["b",1],["b",3]],["b",0]]],["b",1]],["a",["l",["a",["t",["s"],["b",0],["a",["b",1],["b",0]]],["b",1]],["a",["a",["t",["s"],["b",1],["a",["b",2],["b",0]]],["b",2]],["b",0]]],["b",0]]]}
{"id":"bmp1-08802","outputs":[["a",["l",["l",["s"],["a",["b",1],["b",0]]],["a",["l",["s"],["a",["b",2],["b",0]]],["b",0]]],["b",1]],["a",["l",["l",["s"],["a",["t",["s"],["b",1],["a",["b",2],["b",0]]],["b",0]]],["a",["l",["s"],["a",["t",["s"],["b",2],["a",["b",3],["b",0]]],["b",0]]],["b",0]]],["b",0]]]}
{"id":"bmp1-08803","outputs":[["a",["l",["t",["s"],["b",1],["a",["b",1],["b",0]]],["a",["t",["s"],["b",2],["a",["b",2],["b",0]]],["b",0]]],["b",2]],["a",["l",["t",["s"],["b",0],["a",["t",["s"],["b",3],["a",["b",2],["b",0]]],["b",0]]],["a",["t",["s"],["b",1],["a",["t",["s"],["b",4],["a",["b",3],["b",0]]],["b",0]]],["b",0]]],["b",1]]]}
{"id":"bmp1-08804","outputs":[["a",["l",["b",0],["a",["b",1],["b",0]]],["b",2]],["a",["l",["b",0],["a",["b",1],["b",0]]],["b",1]]]}
{"id":"bmp1-08805","outputs":[["a",["l",["a",["b",0],["b",1]],["a",["a",["b",1],["b",2]],["b",0]]],["b",0]],["a",["l",["a",["b",0],["b",0]],["a",["a",["b",1],["b",1]],["b",0]]],["b",0]]]}
{"id":"bmp1-08806","outputs":[["a",["l",["l",["s"],["a",["b",1],["b",0]]],["a",["l",["s"],["a",["b",2],["b",0]]],["b",0]]],["b",2]],["a",["l",["l",["s"],["a",["b",1],["b",0]]],["a",["l",["s"],["a",["b",2],["b",0]]],["b",0]]],["b",1]]]}
{"id":"bmp1-08807","outputs":[["a",["l",["t",["s"],["b",0],["a",["b",1],["b",0]]],["a",["t",["s"],["b",1],["a",["b",2],["b",0]]],["b",0]]],["b",1]],["a",["l",["t",["s"],["b",0],["a",["b",1],["b",0]]],["a",["t",["s"],["b",1],["a",["b",2],["b",0]]],["b",0]]],["b",0]]]}
{"id":"bmp1-08808","outputs":[["a",["l",["b",0],["a",["b",1],["b",0]]],["b",2]],["a",["l",["a",["b",0],["b",0]],["a",["a",["b",1],["b",1]],["b",0]]],["b",1]]]}
{"id":"bmp1-08809","outputs":[["a",["l",["a",["b",0],["b",0]],["a",["a",["b",1],["b",1]],["b",0]]],["b",2]],["a",["l",["a",["a",["b",0],["b",1]],["a",["b",0],["b",1]]],["a",["a",["a",["b",1],["b",2]],["a",["b",1],["b",2]]],["b",0]]],["b",1]]]}
{"id":"bmp1-08810","outputs":[["a",["l",["l",["s"],["a",["b",1],["b",0]]],["a",["l",["s"],["a",["b",2],["b",0]]],["b",0]]],["b",0]],["a",["l",["l",["s"],["a",["a",["b",1],["b",1]],["b",0]]],["a",["l",["s"],["a",["a",["b",2],["b",2]],["b",0]]],["b",0]]],["a",["b",0],["b",0]]]]}
{"id":"bmp1-08811","outputs":[["a",["l",["t",["s"],["b",0],["a",["b",1],["b",0]]],["a",["t",["s"],["b",1],["a",["b",2],["b",0]]],["b",0]]],["b",1]],["a",["l",["t",["s"],["a",["b",0],["b",0]],["a",["a",["b",1],["b",1]],["b",0]]],["a",["t",["s"],["a",["b",1],["b",1]],["a",["a",["b",2],["b",2]],["b",0]]],["b",0]]],["b",0]]]}
{"id":"bmp1-08812","outputs":[["a",["l",["b",0],["a",["b",1],["b",0]]],["b",1]],["a",["l",["l",["s"],["a",["b",1],["b",0]]],["a",["l",["s"],["a",["b",2],["b",0]]],["b",0]]],["b",0]]]}
{"id":"bmp1-08813","outputs":[["a",["l",["a",["b",0],["b",3]],["a",["a",["b",1],["b",4]],["b",0]]],["b",4]],["a",["l",["a",["l",["s"],["a",["b",1],["b",0]]],["b",2]],["a",["a",["l",["s"],["a",["b",2],["b",0]]],["b",3]],["b",0]]],["b",3]]]}
{"id":"bmp1-08814","outputs":[["a",["l",["l",["s"],["a",["b",1],["b",0]]],["a",["l",["s"],["a",["b",2],["b",0]]],["b",0]]],["b",4]],["a",["l",["l",["s"],["a",["l",["s"],["a",["b",2],["b",0]]],["b",0]]],["a",["l",["s"],["a",["l",["s"],["a",["b",3],["b",0]]],["b",0]]],["b",0]]],["b",3]]]}
{"id":"bmp1-08815","outputs":[["a",["l",["t",["s"],["b",2],["a",["b",1],["b",0]]],["a",["t",["s"],["b",3],["a",["b",2],["b",0]]],["b",0]]],["b",3]],["a",["l",["t",["s"],["b",1],["a",["l",["s"],["a",["b",2],["b",0]]],["b",0]]],["a",["t",["s"],["b",2],["a",["l",["s"],["a",["b",3],["b",0]]],["b",0]]],["b",0]]],["b",2]]]}
{"id":"bmp1-08816","outputs":[["a",["l",["b",0],["a",["b",1],["b",0]]],["b",3]],["a",["l",["t",["s"],["b",0],["a",["b",1],["b",0]]],["a",["t",["s"],["b",1],["a",["b",2],["b",0]]],["b",0]]],["b",2]]]}
{"id":"bmp1-08817","outputs":[["a",["l",["a",["b",0],["b",0]],["a",["a",["b",1],["b",1]],["b",0]]],["b",0]],["a",["l",["a",["t",["s"],["b",0],["a",["b",1],["b",0]]],["t",["s"],["b",0],["a",["b",1],["b",0]]]],["a",["a",["t",["s"],["b",1],["a",["b",2],["b",0]]],["t",["s"],["b",1],["a",["b",2],["b",0]]]],["b",0]]],["t",["s"],["b",0],["a",["b",1],["b",0]]]]]}
{"id":"bmp1-08818","outputs":[["a",["l",["l",["s"],["a",["b",1],["b",0]]],["a",["l",["s"],["a",["b",2],["b",0]]],["b",0]]],["b",0]],["a",["l",["l",["s"],["a",["t",["s"],["b",4],["a",["b",2],["b",0]]],["b",0]]],["a",["l",["s"],["a",["t",["s"],["b",5],["a",["b",3],["b",0]]],["b",0]]],["b",0]]],["t",["s"],["b",3],["a",["b",1],["b",0]]]]]}
{"id":"bmp1-08819","outputs":[["a",["l",["t",["s"],["b",1],["a",["b",1],["b",0]]],["a",["t",["s"],["b",2],["a",["b",2],["b",0]]],["b",0]]],["b",1]],["a",["l",["t",["s"],["b",0],["a",["t",["s"],["b",1],["a",["b",2],["b",0]]],["b",0]]],["a",["t",["s"],["b",1],["a",["t",["s"],["b",2],["a",["b",3],["b",0]]],["b",0]]],["b",0]]],["b",0]]]}
{"id":"bmp1-08820","outputs":[["a",["l",["b",0],["a",["b",1],["b",0]]],["b",0]],["a",["l",["b",0],["a",["b",1],["b",0]]],["b",0]]]}
{"id":"bmp1-08821","outputs":[["a",["l",["a",["b",0],["b",3]],["a",["a",["b",1],["b",4]],["b",0]]],["b",0]],["a",["l",["a",["b",0],["b",2]],["a",["a",["b",1],["b",3]],["b",0]]],["b",0]]]}
{"id":"bmp1-08822","outputs":[["a",["l",["l",["s"],["a",["b",1],["b",0]]],["a",["l",["s"],["a",["b",2],["b",0]]],["b",0]]],["b",3]],["a",["l",["l",["s"],["a",["b",1],["b",0]]],["a",["l",["s"],["a",["b",2],["b",0]]],["b",0]]],["b",2]]]}
{"id":"bmp1-08823","outputs":[["a",["l",["t",["s"],["b",3],["a",["b",1],["b",0]]],["a",["t",["s"],["b",4],["a",["b",2],["b",0]]],["b",0]]],["b",0]],["a",["l",["t",["s"],["b",2],["a",["b",1],["b",0]]],["a",["t",["s"],["b",3],["a",["b",2],["b",0]]],["b",0]]],["b",0]]]}
{"id":"bmp1-08824","outputs":[["a",["l",["b",0],["a",["b",1],["b",0]]],["b",2]],["a",["l",["a",["b",0],["b",1]],["a",["a",["b",1],["b",2]],["b",0]]],["b",1]]]}
{"id":"bmp1-08825","outputs":[["a",["l",["a",["b",0],["b",3]],["a",["a",["b",1],["b",4]],["b",0]]],["b",2]],["a",["l",["a",["a",["b",0],["b",2]],["b",2]],["a",["a",["a",["b",1],["b",3]],["b",3]],["b",0]]],["b",1]]]}
{"id":"bmp1-08826","outputs":[["a",["l",["l",["s"],["a",["b",1],["b",0]]],["a",["l",["s"],["a",["b",2],["b",0]]],["b",0]]],["b",0]],["a",["l",["l",["s"],["a",["a",["b",1],["b",1]],["b",0]]],["a",["l",["s"],["a",["a",["b",2],["b",2]],["b",0]]],["b",0]]],["a",["b",0],["b",0]]]]}
{"id":"bmp1-08827","outputs":[["a",["l",["t",["s"],["b",0],["a",["b",1],["b",0]]],["a",["t",["s"],["b",1],["a",["b",2],["b",0]]],["b",0]]],["b",1]],["a",["l",["t",["s"],["a",["b",0],["b",0]],["a",["a",["b",1],["b",1]],["b",0]]],["a",["t",["s"],["a",["b",1],["b",1]],["a",["a",["b",2],["b",2]],["b",0]]],["b",0]]],["b",0]]]}
{"id":"bmp1-08828","outputs":[["a",["l",["b",0],["a",["b",1],["b",0]]],["b",0]],["a",["l",["l",["s"],["a",["b",1],["b",0]]],["a",["l",["s"],["a",["b",2],["b",0]]],["b",0]]],["l",["s"],["a",["b",1],["b",0]]]]]}
{"id":"bmp1-08829","outputs":[["a",["l",["a",["b",0],["b",1]],["a",["a",["b",1],["b",2]],["b",0]]],["b",1]],["a",["l",["a",["l",["s"],["a",["b",1],["b",0]]],["b",0]],["a",["a",["l",["s"],["a",["b",2],["b",0]]],["b",1]],["b",0]]],["b",0]]]}
{"id":"bmp1-08830","outputs":[["a",["l",["l",["s"],["a",["b",1],["b",0]]],["a",["l",["s"],["a",["b",2],["b",0]]],["b",0]]],["b",0]],["a",["l",["l",["s"],["a",["l",["s"],["a",["b",2],["b",0]]],["b",0]]],["a",["l",["s"],["a",["l",["s"],["a",["b",3],["b",0]]],["b",0]]],["b",0]]],["l",["s"],["a",["b",1],["b",0]]]]]}
{"id":"bmp1-08831","outputs":[["a",["l",["t",["s"],["b",1],["a",["b",1],["b",0]]],["a",["t",["s"],["b",2],["a",["b",2],["b",0]]],["b",0]]],["b",0]],["a",["l",["t",["s"],["b",0],["a",["l",["s"],["a",["b",2],["b",0]]],["b",0]]],["a",["t",["s"],["b",1],["a",["l",["s"],["a",["b",3],["b",0]]],["b",0]]],["b",0]]],["l",["s"],["a",["b",1],["b",0]]]]]}
{"id":"bmp1-08832","outputs":[["a",["l",["b",0],["a",["b",1],["b",0]]],["b",0]],["a",["l",["t",["s"],["b",0],["a",["b",1],["b",0]]],["a",["t",["s"],["b",1],["a",["b",2],["b",0]]],["b",0]]],["t",["s"],["b",0],["a",["b",1],["b",0]]]]]}
{"id":"bmp1-08833","outputs":[["a",["l",["a",["b",0],["b",1]],["a",["a",["b",1],["b",2]],["b",0]]],["b",0]],["a",["l",["a",["t",["s"],["b",1],["a",["b",1],["b",0]]],["b",0]],["a",["a",["t",["s"],["b",2],["a",["b",2],["b",0]]],["b",1]],["b",0]]],["t",["s"],["b",1],["a",["b",1],["b",0]]]]]}
{"id":"bmp1-08834","outputs":[["a",["l",["l",["s"],["a",["b",1],["b",0]]],["a",["l",["s"],["a",["b",2],["b",0]]],["b",0]]],["b",1]],["a",["l",["l",["s"],["a",["t",["s"],["b",1],["a",["b",2],["b",0]]],["b",0]]],["a",["l",["s"],["a",["t",["s"],["b",2],["a",["b",3],["b",0]]],["b",0]]],["b",0]]],["b",0]]]}
{"id":"bmp1-08835","outputs":[["a",["l",["t",["s"],["b",0],["a",["b",1],["b",0]]],["a",["t",["s"],["b",1],["a",["b",2],["b",0]]],["b",0]]],["b",2]],["a",["l",["t",["s"],["t",["s"],["b",0],["a",["b",1],["b",0]]],["a",["t",["s"],["b",1],["a",["b",2],["b",0]]],["b",0]]],["a",["t",["s"],["t",["s"],["b",1],["a",["b",2],["b",0]]],["a",["t",["s"],["b",2],["a",["b",3],["b",0]]],["b",0]]],["b",0]]],["b",1]]]}
{"id":"bmp1-08836","outputs":[["a",["l",["b",0],["a",["b",1],["b",0]]],["b",1]],["a",["l",["b",0],["a",["b",1],["b",0]]],["b",0]]]}
{"id":"bmp1-08837","outputs":[["a",["l",["a",["b",0],["b",1]],["a",["a",["b",1],["b",2]],["b",0]]],["b",0]],["a",["l",["a",["b",0],["b",0]],["a",["a",["b",1],["b",1]],["b",0]]],["b",0]]]}
{"id":"bmp1-08838","outputs":[["a",["l",["l",["s"],["a",["b",1],["b",0]]],["a",["l",["s"],["a",["b",2],["b",0]]],["b",0]]],["b",1]],["a",["l",["l",["s"],["a",["b",1],["b",0]]],["a",["l",["s"],["a",["b",2],["b",0]]],["b",0]]],["b",0]]]}
{"id":"bmp1-08839","outputs":[["a",["l",["t",["s"],["b",0],["a",["b",1],["b",0]]],["a",["t",["s"],["b",1],["a",["b",2],["b",0]]],["b",0]]],["b",1]],["a",["l",["t",["s"],["b",0],["a",["b",1],["b",0]]],["a",["t",["s"],["b",1],["a",["b",2],["b",0]]],["b",0]]],["b",0]]]}
{"id":"bmp1-08840","outputs":[["a",["l",["b",0],["a",["b",1],["b",0]]],["b",0]],["a",["l",["a",["b",0],["b",3]],["a",["a",["b",1],["b",4]],["b",0]]],["a",["b",0],["b",3]]]]}
{"id":"bmp1-08841","outputs":[["a",["l",["a",["b",0],["b",2]],["a",["a",["b",1],["b",3]],["b",0]]],["b",2]],["a",["l",["a",["a",["b",0],["b",0]],["b",1]],["a",["a",["a",["b",1],["b",1]],["b",2]],["b",0]]],["b",1]]]}
{"id":"bmp1-08842","outputs":[["a",["l",["l",["s"],["a",["b",1],["b",0]]],["a",["l",["s"],["a",["b",2],["b",0]]],["b",0]]],["b",2]],["a",["l",["l",["s"],["a",["a",["b",1],["b",2]],["b",0]]],["a",["l",["s"],["a",["a",["b",2],["b",3]],["b",0]]],["b",0]]],["b",1]]]}
{"id":"bmp1-08843","outputs":[["a",["l",["t",["s"],["b",1],["a",["b",1],["b",0]]],["a",["t",["s"],["b",2],["a",["b",2],["b",0]]],["b",0]]],["b",1]],["a",["l",["t",["s"],["b",0],["a",["a",["b",1],["b",1]],["b",0]]],["a",["t",["s"],["b",1],["a",["a",["b",2],["b",2]],["b",0]]],["b",0]]],["b",0]]]}
{"id":"bmp1-08844","outputs":[["a",["l",["b",0],["a",["b",1],["b",0]]],["b",1]],["a",["l",["l",["s"],["a",["b",1],["b",0]]],["a",["l",["s"],["a",["b",2],["b",0]]],["b",0]]],["b",0]]]}
{"id":"bmp1-08845","outputs":[["a",["l",["a",["b",0],["b",0]],["a",["a",["b",1],["b",1]],["b",0]]],["b",2]],["a",["l",["a",["l",["s"],["a",["b",1],["b",0]]],["l",["s"],["a",["b",1],["b",0]]]],["a",["a",["l",["s"],["a",["b",2],["b",0]]],["l",["s"],["a",["b",2],["b",0]]]],["b",0]]],["b",1]]]}
{"id":"bmp1-08846","outputs":[["a",["l",["l",["s"],["a",["b",1],["b",0]]],["a",["l",["s"],["a",["b",2],["b",0]]],["b",0]]],["b",1]],["a",["l",["l",["s"],["a",["l",["s"],["a",["b",2],["b",0]]],["b",0]]],["a",["l",["s"],["a",["l",["s"],["a",["b",3],["b",0]]],["b",0]]],["b",0]]],["b",0]]]}
{"id":"bmp1-08847","outputs":[["a",["l",["t",["s"],["b",0],["a",["b",1],["b",0]]],["a",["t",["s"],["b",1],["a",["b",2],["b",0]]],["b",0]]],["b",1]],["a",["l",["t",["s"],["l",["s"],["a",["b",1],["b",0]]],["a",["l",["s"],["a",["b",2],["b",0]]],["b",0]]],["a",["t",["s"],["l",["s"],["a",["b",2],["b",0]]],["a",["l",["s"],["a",["b",3],["b",0]]],["b",0]]],["b",0]]],["b",0]]]}
{"id":"bmp1-08848","outputs":[["a",["l",["b",0],["a",["b",1],["b",0]]],["b",0]],["a",["l",["t",["s"],["b",1],["a",["b",1],["b",0]]],["a",["t",["s"],["b",2],["a",["b",2],["b",0]]],["b",0]]],["t",["s"],["b",1],["a",["b",1],["b",0]]]]]}
{"id":"bmp1-08849","outputs":[["a",["l",["a",["b",0],["b",2]],["a",["a",["b",1],["b",3]],["b",0]]],["b",1]],["a",["l",["a",["t",["s"],["b",1],["a",["b",1],["b",0]]],["b",1]],["a",["a",["t",["s"],["b",2],["a",["b",2],["b",0]]],["b",2]],["b",0]]],["b",0]]]}
{"id":"bmp1-08850","outputs":[["a",["l",["l",["s"],["a",["b",1],["b",0]]],["a",["l",["s"],["a",["b",2],["b",0]]],["b",0]]],["b",0]],["a",["l",["l",["s"],["a",["t",["s"],["b",1],["a",["b",2],["b",0]]],["b",0]]],["a",["l",["s"],["a",["t",["s"],["b",2],["a",["b",3],["b",0]]],["b",0]]],["b",0]]],["t",["s"],["b",0],["a",["b",1],["b",0]]]]]}
{"id":"bmp1-08851","outputs":[["a",["l",["t",["s"],["b",1],["a",["b",1],["b",0]]],["a",["t",["s"],["b",2],["a",["b",2],["b",0]]],["b",0]]],["b",0]],["a",["l",["t",["s"],["b",0],["a",["t",["s"],["b",2],["a",["b",2],["b",0]]],["b",0]]],["a",["t",["s"],["b",1],["a",["t",["s"],["b",3],["a",["b",3],["b",0]]],["b",0]]],["b",0]]],["t",["s"],["b",1],["a",["b",1],["b",0]]]]]}
{"id":"bmp1-08852","outputs":[["a",["l",["b",0],["a",["b",1],["b",0]]],["b",1]],["a",["l",["b",0],["a",["b",1],["b",0]]],["b",0]]]}
{"id":"bmp1-08853","outputs":[["a",["l",["a",["b",0],["b",2]],["a",["a",["b",1],["b",3]],["b",0]]],["b",0]],["a",["l",["a",["b",0],["b",1]],["a",["a",["b",1],["b",2]],["b",0]]],["b",0]]]}
{"id":"bmp1-08854","outputs":[["a",["l",["l",["s"],["a",["b",1],["b",0]]],["a",["l",["s"],["a",["b",2],["b",0]]],["b",0]]],["b",0]],["a",["l",["l",["s"],["a",["b",1],["b",0]]],["a",["l",["s"],["a",["b",2],["b",0]]],["b",0]]],["b",0]]]}
{"id":"bmp1-08855","outputs":[["a",["l",["t",["s"],["b",3],["a",["b",1],["b",0]]],["a",["t",["s"],["b",4],["a",["b",2],["b",0]]],["b",0]]],["b",1]],["a",["l",["t",["s"],["b",2],["a",["b",1],["b",0]]],["a",["t",["s"],["b",3],["a",["b",2],["b",0]]],["b",0]]],["b",0]]]}
{"id":"bmp1-08856","outputs":[["a",["l",["b",0],["a",["b",1],["b",0]]],["b",1]],["a",["l",["a",["b",0],["b",0]],["a",["a",["b",1],["b",1]],["b",0]]],["b",0]]]}
{"id":"bmp1-08857","outputs":[["a",["l",["a",["b",0],["b",3]],["a",["a",["b",1],["b",4]],["b",0]]],["b",0]],["a",["l",["a",["a",["b",0],["b",0]],["b",2]],["a",["a",["a",["b",1],["b",1]],["b",3]],["b",0]]],["a",["b",0],["b",0]]]]}
{"id":"bmp1-08858","outputs":[["a",["l",["l",["s"],["a",["b",1],["b",0]]],["a",["l",["s"],["a",["b",2],["b",0]]],["b",0]]],["b",0]],["a",["l",["l",["s"],["a",["a",["b",1],["b",1]],["b",0]]],["a",["l",["s"],["a",["a",["b",2],["b",2]],["b",0]]],["b",0]]],["a",["b",0],["b",0]]]]}
{"id":"bmp1-08859","outputs":[["a",["l",["t",["s"],["b",1],["a",["b",1],["b",0]]],["a",["t",["s"],["b",2],["a",["b",2],["b",0]]],["b",0]]],["b",0]],["a",["l",["t",["s"],["b",0],["a",["a",["b",1],["b",2]],["b",0]]],["a",["t",["s"],["b",1],["a",["a",["b",2],["b",3]],["b",0]]],["b",0]]],["a",["b",0],["b",1]]]]}
{"id":"bmp1-08860","outputs":[["a",["l",["b",0],["a",["b",1],["b",0]]],["b",0]],["a",["l",["l",["s"],["a",["b",1],["b",0]]],["a",["l",["s"],["a",["b",2],["b",0]]],["b",0]]],["l",["s"],["a",["b",1],["b",0]]]]]}
{"id":"bmp1-08861","outputs":[["a",["l",["a",["b",0],["b",1]],["a",["a",["b",1],["b",2]],["b",0]]],["b",1]],["a",["l",["a",["l",["s"],["a",["b",1],["b",0]]],["b",0]],["a",["a",["l",["s"],["a",["b",2],["b",0]]],["b",1]],["b",0]]],["b",0]]]}
{"id":"bmp1-08862","outputs":[["a",["l",["l",["s"],["a",["b",1],["b",0]]],["a",["l",["s"],["a",["b",2],["b",0]]],["b",0]]],["b",1]],["a",["l",["l",["s"],["a",["l",["s"],["a",["b",2],["b",0]]],["b",0]]],["a",["l",["s"],["a",["l",["s"],["a",["b",3],["b",0]]],["b",0]]],["b",0]]],["b",0]]]}
{"id":"bmp1-08863","outputs":[["a",["l",["t",["s"],["b",0],["a",["b",1],["b",0]]],["a",["t",["s"],["b",1],["a",["b",2],["b",0]]],["b",0]]],["b",3]],["a",["l",["t",["s"],["l",["s"],["a",["b",1],["b",0]]],["a",["l",["s"],["a",["b",2],["b",0]]],["b",0]]],["a",["t",["s"],["l",["s"],["a",["b",2],["b",0]]],["a",["l",["s"],["a",["b",3],["b",0]]],["b",0]]],["b",0]]],["b",2]]]}
{"id":"bmp1-08864","outputs":[["a",["l",["b",0],["a",["b",1],["b",0]]],["b",0]],["a",["l",["t",["s"],["b",0],["a",["b",1],["b",0]]],["a",["t",["s"],["b",1],["a",["b",2],["b",0]]],["b",0]]],["t",["s"],["b",0],["a",["b",1],["b",0]]]]]}
{"id":"bmp1-08865","outputs":[["a",["l",["a",["b",0],["b",1]],["a",["a",["b",1],["b",2]],["b",0]]],["b",1]],["a",["l",["a",["t",["s"],["b",1],["a",["b",1],["b",0]]],["b",0]],["a",["a",["t",["s"],["b",2],["a",["b",2],["b",0]]],["b",1]],["b",0]]],["b",0]]]}
{"id":"bmp1-08866","outputs":[["a",["l",["l",["s"],["a",["b",1],["b",0]]],["a",["l",["s"],["a",["b",2],["b",0]]],["b",0]]],["b",3]],["a",["l",["l",["s"],["a",["t",["s"],["b",4],["a",["b",2],["b",0]]],["b",0]]],["a",["l",["s"],["a",["t",["s"],["b",5],["a",["b",3],["b",0]]],["b",0]]],["b",0]]],["b",2]]]}
{"id":"bmp1-08867","outputs":[["a",["l",["t",["s"],["b",3],["a",["b",1],["b",0]]],["a",["t",["s"],["b",4],["a",["b",2],["b",0]]],["b",0]]],["b",2]],["a",["l",["t",["s"],["b",2],["a",["t",["s"],["b",3],["a",["b",2],["b",0]]],["b",0]]],["a",["t",["s"],["b",3],["a",["t",["s"],["b",4],["a",["b",3],["b",0]]],["b",0]]],["b",0]]],["b",1]]]}
{"id":"bmp1-08868","outputs":[["a",["l",["b",0],["a",["b",1],["b",0]]],["b",0]],["a",["l",["b",0],["a",["b",1],["b",0]]],["b",0]]]}
{"id":"bmp1-08869","outputs":[["a",["l",["a",["b",0],["b",0]],["a",["a",["b",1],["b",1]],["b",0]]],["b",0]],["a",["l",["a",["b",0],["b",0]],["a",["a",["b",1],["b",1]],["b",0]]],["b",0]]]}
{"id":"bmp1-08870","outputs":[["a",["l",["l",["s"],["a",["b",1],["b",0]]],["a",["l",["s"],["a",["b",2],["b",0]]],["b",0]]],["b",0]],["a",["l",["l",["s"],["a",["b",1],["b",0]]],["a",["l",["s"],["a",["b",2],["b",0]]],["b",0]]],["b",0]]]}
{"id":"bmp1-08871","outputs":[["a",["l",["t",["s"],["b",1],["a",["b",1],["b",0]]],["a",["t",["s"],["b",2],["a",["b",2],["b",0]]],["b",0]]],["b",0]],["a",["l",["t",["s"],["b",0],["a",["b",1],["b",0]]],["a",["t",["s"],["b",1],["a",["b",2],["b",0]]],["b",0]]],["b",0]]]}
{"id":"bmp1-08872","outputs":[["a",["l",["b",0],["a",["b",1],["b",0]]],["b",0]],["a",["l",["a",["b",0],["b",0]],["a",["a",["b",1],["b",1]],["b",0]]],["a",["b",0],["b",0]]]]}
{"id":"bmp1-08873","outputs":[["a",["l",["a",["b",0],["b",3]],["a",["a",["b",1],["b",4]],["b",0]]],["b",2]],["a",["l",["a",["a",["b",0],["b",2]],["b",2]],["a",["a",["a",["b",1],["b",3]],["b",3]],["b",0]]],["b",1]]]}
{"id":"bmp1-08874","outputs":[["a",["l",["l",["s"],["a",["b",1],["b",0]]],["a",["l",["s"],["a",["b",2],["b",0]]],["b",0]]],["b",3]],["a",["l",["l",["s"],["a",["a",["b",1],["b",3]],["b",0]]],["a",["l",["s"],["a",["a",["b",2],["b",4]],["b",0]]],["b",0]]],["b",2]]]}
{"id":"bmp1-08875","outputs":[["a",["l",["t",["s"],["b",1],["a",["b",1],["b",0]]],["a",["t",["s"],["b",2],["a",["b",2],["b",0]]],["b",0]]],["b",1]],["a",["l",["t",["s"],["b",0],["a",["a",["b",1],["b",1]],["b",0]]],["a",["t",["s"],["b",1],["a",["a",["b",2],["b",2]],["b",0]]],["b",0]]],["b",0]]]}
{"id":"bmp1-08876","outputs":[["a",["l",["b",0],["a",["b",1],["b",0]]],["b",2]],["a",["l",["l",["s"],["a",["b",1],["b",0]]],["a",["l",["s"],["a",["b",2],["b",0]]],["b",0]]],["b",1]]]}
{"id":"bmp1-08877","outputs":[["a",["l",["a",["b",0],["b",1]],["a",["a",["b",1],["b",2]],["b",0]]],["b",0]],["a",["l",["a",["l",["s"],["a",["b",1],["b",0]]],["b",0]],["a",["a",["l",["s"],["a",["b",2],["b",0]]],["b",1]],["b",0]]],["l",["s"],["a",["b",1],["b",0]]]]]}
{"id":"bmp1-08878","outputs":[["a",["l",["l",["s"],["a",["b",1],["b",0]]],["a",["l",["s"],["a",["b",2],["b",0]]],["b",0]]],["b",1]],["a",["l",["l",["s"],["a",["l",["s"],["a",["b",2],["b",0]]],["b",0]]],["a",["l",["s"],["a",["l",["s"],["a",["b",3],["b",0]]],["b",0]]],["b",0]]],["b",0]]]}
{"id":"bmp1-08879","outputs":[["a",["l",["t",["s"],["b",1],["a",["b",1],["b",0]]],["a",["t",["s"],["b",2],["a",["b",2],["b",0]]],["b",0]]],["b",1]],["a",["l",["t",["s"],["b",0],["a",["l",["s"],["a",["b",2],["b",0]]],["b",0]]],["a",["t",["s"],["b",1],["a",["l",["s"],["a",["b",3],["b",0]]],["b",0]]],["b",0]]],["b",0]]]}
{"id":"bmp1-08880","outputs":[["a",["l",["b",0],["a",["b",1],["b",0]]],["b",3]],["a",["l",["t",["s"],["b",2],["a",["b",1],["b",0]]],["a",["t",["s"],["b",3],["a",["b",2],["b",0]]],["b",0]]],["b",2]]]}
{"id":"bmp1-08881","outputs":[["a",["l",["a",["b",0],["b",4]],["a",["a",["b",1],["b",5]],["b",0]]],["b",2]],["a",["l",["a",["t",["s"],["b",2],["a",["b",1],["b",0]]],["b",3]],["a",["a",["t",["s"],["b",3],["a",["b",2],["b",0]]],["b",4]],["b",0]]],["b",1]]]}
{"id":"bmp1-08882","outputs":[["a",["l",["l",["s"],["a",["b",1],["b",0]]],["a",["l",["s"],["a",["b",2],["b",0]]],["b",0]]],["b",2]],["a",["l",["l",["s"],["a",["t",["s"],["b",2],["a",["b",2],["b",0]]],["b",0]]],["a",["l",["s"],["a",["t",["s"],["b",3],["a",["b",3],["b",0]]],["b",0]]],["b",0]]],["b",1]]]}
{"id":"bmp1-08883","outputs":[["a",["l",["t",["s"],["b",3],["a",["b",1],["b",0]]],["a",["t",["s"],["b",4],["a",["b",2],["b",0]]],["b",0]]],["b",0]],["a",["l",["t",["s"],["b",2],["a",["t",["s"],["b",3],["a",["b",2],["b",0]]],["b",0]]],["a",["t",["s"],["b",3],["a",["t",["s"],["b",4],["a",["b",3],["b",0]]],["b",0]]],["b",0]]],["t",["s"],["b",2],["a",["b",1],["b",0]]]]]}
{"id":"bmp1-08884","outputs":[["a",["l",["b",0],["a",["b",1],["b",0]]],["b",3]],["a",["l",["b",0],["a",["b",1],["b",0]]],["b",2]]]}
{"id":"bmp1-08885","outputs":[["a",["l",["a",["b",0],["b",0]],["a",["a",["b",1],["b",1]],["b",0]]],["b",4]],["a",["l",["a",["b",0],["b",0]],["a",["a",["b",1],["b",1]],["b",0]]],["b",3]]]}
{"id":"bmp1-08886","outputs":[["a",["l",["l",["s"],["a",["b",1],["b",0]]],["a",["l",["s"],["a",["b",2],["b",0]]],["b",0]]],["b",1]],["a",["l",["l",["s"],["a",["b",1],["b",0]]],["a",["l",["s"],["a",["b",2],["b",0]]],["b",0]]],["b",0]]]}
{"id":"bmp1-08887","outputs":[["a",["l",["t",["s"],["b",0],["a",["b",1],["b",0]]],["a",["t",["s"],["b",1],["a",["b",2],["b",0]]],["b",0]]],["b",0]],["a",["l",["t",["s"],["b",0],["a",["b",1],["b",0]]],["a",["t",["s"],["b",1],["a",["b",2],["b",0]]],["b",0]]],["b",0]]]}
{"id":"bmp1-08888","outputs":[["a",["l",["b",0],["a",["b",1],["b",0]]],["b",2]],["a",["l",["a",["b",0],["b",0]],["a",["a",["b",1],["b",1]],["b",0]]],["b",1]]]}
{"id":"bmp1-08889","outputs":[["a",["l",["a",["b",0],["b",3]],["a",["a",["b",1],["b",4]],["b",0]]],["b",2]],["a",["l",["a",["a",["b",0],["b",2]],["b",2]],["a",["a",["a",["b",1],["b",3]],["b",3]],["b",0]]],["b",1]]]}
{"id":"bmp1-08890","outputs":[["a",["l",["l",["s"],["a",["b",1],["b",0]]],["a",["l",["s"],["a",["b",2],["b",0]]],["b",0]]],["b",0]],["a",["l",["l",["s"],["a",["a",["b",1],["b",1]],["b",0]]],["a",["l",["s"],["a",["a",["b",2],["b",2]],["b",0]]],["b",0]]],["a",["b",0],["b",0]]]]}
{"id":"bmp1-08891","outputs":[["a",["l",["t",["s"],["b",1],["a",["b",1],["b",0]]],["a",["t",["s"],["b",2],["a",["b",2],["b",0]]],["b",0]]],["b",1]],["a",["l",["t",["s"],["b",0],["a",["a",["b",1],["b",1]],["b",0]]],["a",["t",["s"],["b",1],["a",["a",["b",2],["b",2]],["b",0]]],["b",0]]],["b",0]]]}
{"id":"bmp1-08892","outputs":[["a",["l",["b",0],["a",["b",1],["b",0]]],["b",1]],["a",["l",["l",["s"],["a",["b",1],["b",0]]],["a",["l",["s"],["a",["b",2],["b",0]]],["b",0]]],["b",0]]]}
{"id":"bmp1-08893","outputs":[["a",["l",["a",["b",0],["b",0]],["a",["a",["b",1],["b",1]],["b",0]]],["b",0]],["a",["l",["a",["l",["s"],["a",["b",1],["b",0]]],["l",["s"],["a",["b",1],["b",0]]]],["a",["a",["l",["s"],["a",["b",2],["b",0]]],["l",["s"],["a",["b",2],["b",0]]]],["b",0]]],["l",["s"],["a",["b",1],["b",0]]]]]}
{"id":"bmp1-08894","outputs":[["a",["l",["l",["s"],["a",["b",1],["b",0]]],["a",["l",["s"],["a",["b",2],["b",0]]],["b",0]]],["b",0]],["a",["l",["l",["s"],["a",["l",["s"],["a",["b",2],["b",0]]],["b",0]]],["a",["l",["s"],["a",["l",["s"],["a",["b",3],["b",0]]],["b",0]]],["b",0]]],["l",["s"],["a",["b",1],["b",0]]]]]}
{"id":"bmp1-08895","outputs":[["a",["l",["t",["s"],["b",4],["a",["b",1],["b",0]]],["a",["t",["s"],["b",5],["a",["b",2],["b",0]]],["b",0]]],["b",2]],["a",["l",["t",["s"],["b",3],["a",["l",["s"],["a",["b",2],["b",0]]],["b",0]]],["a",["t",["s"],["b",4],["a",["l",["s"],["a",["b",3],["b",0]]],["b",0]]],["b",0]]],["b",1]]]}
{"id":"bmp1-08896","outputs":[["a",["l",["b",0],["a",["b",1],["b",0]]],["b",1]],["a",["l",["t",["s"],["b",0],["a",["b",1],["b",0]]],["a",["t",["s"],["b",1],["a",["b",2],["b",0]]],["b",0]]],["b",0]]]}
{"id":"bmp1-08897","outputs":[["a",["l",["a",["b",0],["b",2]],["a",["a",["b",1],["b",3]],["b",0]]],["b",1]],["a",["l",["a",["t",["s"],["b",2],["a",["b",1],["b",0]]],["b",1]],["a",["a",["t",["s"],["b",3],["a",["b",2],["b",0]]],["b",2]],["b",0]]],["b",0]]]}
{"id":"bmp1-08898","outputs":[["a",["l",["l",["s"],["a",["b",1],["b",0]]],["a",["l",["s"],["a",["b",2],["b",0]]],["b",0]]],["b",0]],["a",["l",["l",["s"],["a",["t",["s"],["b",2],["a",["b",2],["b",0]]],["b",0]]],["a",["l",["s"],["a",["t",["s"],["b",3],["a",["b",3],["b",0]]],["b",0]]],["b",0]]],["t",["s"],["b",1],["a",["b",1],["b",0]]]]]}
{"id":"bmp1-08899","outputs":[["a",["l",["t",["s"],["b",4],["a",["b",1],["b",0]]],["a",["t",["s"],["b",5],["a",["b",2],["b",0]]],["b",0]]],["b",0]],["a",["l",["t",["s"],["b",3],["a",["t",["s"],["b",4],["a",["b",2],["b",0]]],["b",0]]],["a",["t",["s"],["b",4],["a",["t",["s"],["b",5],["a",["b",3],["b",0]]],["b",0]]],["b",0]]],["t",["s"],["b",3],["a",["b",1],["b",0]]]]]}
{"id":"bmp1-08900","outputs":[["a",["l",["b",0],["a",["b",1],["b",0]]],["b",0]],["a",["l",["b",0],["a",["b",1],["b",0]]],["b",0]]]}
{"id":"bmp1-08901","outputs":[["a",["l",["a",["b",0],["b",4]],["a",["a",["b",1],["b",5]],["b",0]]],["b",1]],["a",["l",["a",["b",0],["b",3]],["a",["a",["b",1],["b",4]],["b",0]]],["b",0]]]}
{"id":"bmp1-08902","outputs":[["a",["l",["l",["s"],["a",["b",1],["b",0]]],["a",["l",["s"],["a",["b",2],["b",0]]],["b",0]]],["b",3]],["a",["l",["l",["s"],["a",["b",1],["b",0]]],["a",["l",["s"],["a",["b",2],["b",0]]],["b",0]]],["b",2]]]}
{"id":"bmp1-08903","outputs":[["a",["l",["t",["s"],["b",0],["a",["b",1],["b",0]]],["a",["t",["s"],["b",1],["a",["b",2],["b",0]]],["b",0]]],["b",1]],["a",["l",["t",["s"],["b",0],["a",["b",1],["b",0]]],["a",["t",["s"],["b",1],["a",["b",2],["b",0]]],["b",0]]],["b",0]]]}
{"id":"bmp1-08904","outputs":[["a",["l",["b",0],["a",["b",1],["b",0]]],["b",1]],["a",["l",["a",["b",0],["b",0]],["a",["a",["b",1],["b",1]],["b",0]]],["b",0]]]}
{"id":"bmp1-08905","outputs":[["a",["l",["a",["b",0],["b",0]],["a",["a",["b",1],["b",1]],["b",0]]],["b",3]],["a",["l",["a",["a",["b",0],["b",2]],["a",["b",0],["b",2]]],["a",["a",["a",["b",1],["b",3]],["a",["b",1],["b",3]]],["b",0]]],["b",2]]]}
{"id":"bmp1-08906","outputs":[["a",["l",["l",["s"],["a",["b",1],["b",0]]],["a",["l",["s"],["a",["b",2],["b",0]]],["b",0]]],["b",1]],["a",["l",["l",["s"],["a",["a",["b",1],["b",1]],["b",0]]],["a",["l",["s"],["a",["a",["b",2],["b",2]],["b",0]]],["b",0]]],["b",0]]]}
{"id":"bmp1-08907","outputs":[["a",["l",["t",["s"],["b",1],["a",["b",1],["b",0]]],["a",["t",["s"],["b",2],["a",["b",2],["b",0]]],["b",0]]],["b",1]],["a",["l",["t",["s"],["b",0],["a",["a",["b",1],["b",1]],["b",0]]],["a",["t",["s"],["b",1],["a",["a",["b",2],["b",2]],["b",0]]],["b",0]]],["b",0]]]}
{"id":"bmp1-08908","outputs":[["a",["l",["b",0],["a",["b",1],["b",0]]],["b",4]],["a",["l",["l",["s"],["a",["b",1],["b",0]]],["a",["l",["s"],["a",["b",2],["b",0]]],["b",0]]],["b",3]]]}
{"id":"bmp1-08909","outputs":[["a",["l",["a",["b",0],["b",1]],["a",["a",["b",1],["b",2]],["b",0]]],["b",3]],["a",["l",["a",["l",["s"],["a",["b",1],["b",0]]],["b",0]],["a",["a",["l",["s"],["a",["b",2],["b",0]]],["b",1]],["b",0]]],["b",2]]]}
{"id":"bmp1-08910","outputs":[["a",["l",["l",["s"],["a",["b",1],["b",0]]],["a",["l",["s"],["a",["b",2],["b",0]]],["b",0]]],["b",0]],["a",["l",["l",["s"],["a",["l",["s"],["a",["b",2],["b",0]]],["b",0]]],["a",["l",["s"],["a",["l",["s"],["a",["b",3],["b",0]]],["b",0]]],["b",0]]],["l",["s"],["a",["b",1],["b",0]]]]]}
{"id":"bmp1-08911","outputs":[["a",["l",["t",["s"],["b",2],["a",["b",1],["b",0]]],["a",["t",["s"],["b",3],["a",["b",2],["b",0]]],["b",0]]],["b",0]],["a",["l",["t",["s"],["b",1],["a",["l",["s"],["a",["b",2],["b",0]]],["b",0]]],["a",["t",["s"],["b",2],["a",["l",["s"],["a",["b",3],["b",0]]],["b",0]]],["b",0]]],["l",["s"],["a",["b",1],["b",0]]]]]}
{"id":"bmp1-08912","outputs":[["a",["l",["b",0],["a",["b",1],["b",0]]],["b",1]],["a",["l",["t",["s"],["b",1],["a",["b",1],["b",0]]],["a",["t",["s"],["b",2],["a",["b",2],["b",0]]],["b",0]]],["b",0]]]}
{"id":"bmp1-08913","outputs":[["a",["l",["a",["b",0],["b",1]],["a",["a",["b",1],["b",2]],["b",0]]],["b",0]],["a",["l",["a",["t",["s"],["b",0],["a",["b",1],["b",0]]],["b",0]],["a",["a",["t",["s"],["b",1],["a",["b",2],["b",0]]],["b",1]],["b",0]]],["t",["s"],["b",0],["a",["b",1],["b",0]]]]]}
{"id":"bmp1-08914","outputs":[["a",["l",["l",["s"],["a",["b",1],["b",0]]],["a",["l",["s"],["a",["b",2],["b",0]]],["b",0]]],["b",1]],["a",["l",["l",["s"],["a",["t",["s"],["b",4],["a",["b",2],["b",0]]],["b",0]]],["a",["l",["s"],["a",["t",["s"],["b",5],["a",["b",3],["b",0]]],["b",0]]],["b",0]]],["b",0]]]}
{"id":"bmp1-08915","outputs":[["a",["l",["t",["s"],["b",1],["a",["b",1],["b",0]]],["a",["t",["s"],["b",2],["a",["b",2],["b",0]]],["b",0]]],["b",3]],["a",["l",["t",["s"],["b",0],["a",["t",["s"],["b",3],["a",["b",2],["b",0]]],["b",0]]],["a",["t",["s"],["b",1],["a",["t",["s"],["b",4],["a",["b",3],["b",0]]],["b",0]]],["b",0]]],["b",2]]]}
{"id":"bmp1-08916","outputs":[["a",["l",["b",0],["a",["b",1],["b",0]]],["b",1]],["a",["l",["b",0],["a",["b",1],["b",0]]],["b",0]]]}
{"id":"bmp1-08917","outputs":[["a",["l",["a",["b",0],["b",0]],["a",["a",["b",1],["b",1]],["b",0]]],["b",0]],["a",["l",["a",["b",0],["b",0]],["a",["a",["b",1],["b",1]],["b",0]]],["b",0]]]}
{"id":"bmp1-08918","outputs":[["a",["l",["l",["s"],["a",["b",1],["b",0]]],["a",["l",["s"],["a",["b",2],["b",0]]],["b",0]]],["b",1]],["a",["l",["l",["s"],["a",["b",1],["b",0]]],["a",["l",["s"],["a",["b",2],["b",0]]],["b",0]]],["b",0]]]}
{"id":"bmp1-08919","outputs":[["a",["l",["t",["s"],["b",1],["a",["b",1],["b",0]]],["a",["t",["s"],["b",2],["a",["b",2],["b",0]]],["b",0]]],["b",2]],["a",["l",["t",["s"],["b",0],["a",["b",1],["b",0]]],["a",["t",["s"],["b",1],["a",["b",2],["b",0]]],["b",0]]],["b",1]]]}
{"id":"bmp1-08920","outputs":[["a",["l",["b",0],["a",["b",1],["b",0]]],["b",0]],["a",["l",["a",["b",0],["b",1]],["a",["a",["b",1],["b",2]],["b",0]]],["a",["b",0],["b",1]]]]}
{"id":"bmp1-08921","outputs":[["a",["l",["a",["b",0],["b",1]],["a",["a",["b",1],["b",2]],["b",0]]],["b",0]],["a",["l",["a",["a",["b",0],["b",0]],["b",0]],["a",["a",["a",["b",1],["b",1]],["b",1]],["b",0]]],["a",["b",0],["b",0]]]]}
{"id":"bmp1-08922","outputs":[["a",["l",["l",["s"],["a",["b",1],["b",0]]],["a",["l",["s"],["a",["b",2],["b",0]]],["b",0]]],["b",0]],["a",["l",["l",["s"],["a",["a",["b",1],["b",1]],["b",0]]],["a",["l",["s"],["a",["a",["b",2],["b",2]],["b",0]]],["b",0]]],["a",["b",0],["b",0]]]]}
{"id":"bmp1-08923","outputs":[["a",["l",["t",["s"],["b",0],["a",["b",1],["b",0]]],["a",["t",["s"],["b",1],["a",["b",2],["b",0]]],["b",0]]],["b",2]],["a",["l",["t",["s"],["a",["b",0],["b",3]],["a",["a",["b",1],["b",4]],["b",0]]],["a",["t",["s"],["a",["b",1],["b",4]],["a",["a",["b",2],["b",5]],["b",0]]],["b",0]]],["b",1]]]}
{"id":"bmp1-08924","outputs":[["a",["l",["b",0],["a",["b",1],["b",0]]],["b",2]],["a",["l",["l",["s"],["a",["b",1],["b",0]]],["a",["l",["s"],["a",["b",2],["b",0]]],["b",0]]],["b",1]]]}
{"id":"bmp1-08925","outputs":[["a",["l",["a",["b",0],["b",0]],["a",["a",["b",1],["b",1]],["b",0]]],["b",0]],["a",["l",["a",["l",["s"],["a",["b",1],["b",0]]],["l",["s"],["a",["b",1],["b",0]]]],["a",["a",["l",["s"],["a",["b",2],["b",0]]],["l",["s"],["a",["b",2],["b",0]]]],["b",0]]],["l",["s"],["a",["b",1],["b",0]]]]]}
{"id":"bmp1-08926","outputs":[["a",["l",["l",["s"],["a",["b",1],["b",0]]],["a",["l",["s"],["a",["b",2],["b",0]]],["b",0]]],["b",1]],["a",["l",["l",["s"],["a",["l",["s"],["a",["b",2],["b",0]]],["b",0]]],["a",["l",["s"],["a",["l",["s"],["a",["b",3],["b",0]]],["b",0]]],["b",0]]],["b",0]]]}
{"id":"bmp1-08927","outputs":[["a",["l",["t",["s"],["b",0],["a",["b",1],["b",0]]],["a",["t",["s"],["b",1],["a",["b",2],["b",0]]],["b",0]]],["b",1]],["a",["l",["t",["s"],["l",["s"],["a",["b",1],["b",0]]],["a",["l",["s"],["a",["b",2],["b",0]]],["b",0]]],["a",["t",["s"],["l",["s"],["a",["b",2],["b",0]]],["a",["l",["s"],["a",["b",3],["b",0]]],["b",0]]],["b",0]]],["b",0]]]}
{"id":"bmp1-08928","outputs":[["a",["l",["b",0],["a",["b",1],["b",0]]],["b",0]],["a",["l",["t",["s"],["b",0],["a",["b",1],["b",0]]],["a",["t",["s"],["b",1],["a",["b",2],["b",0]]],["b",0]]],["t",["s"],["b",0],["a",["b",1],["b",0]]]]]}
{"id":"bmp1-08929","outputs":[["a",["l",["a",["b",0],["b",1]],["a",["a",["b",1],["b",2]],["b",0]]],["b",2]],["a",["l",["a",["t",["s"],["b",0],["a",["b",1],["b",0]]],["b",0]],["a",["a",["t",["s"],["b",1],["a",["b",2],["b",0]]],["b",1]],["b",0]]],["b",1]]]}
{"id":"bmp1-08930","outputs":[["a",["l",["l",["s"],["a",["b",1],["b",0]]],["a",["l",["s"],["a",["b",2],["b",0]]],["b",0]]],["b",1]],["a",["l",["l",["s"],["a",["t",["s"],["b",3],["a",["b",2],["b",0]]],["b",0]]],["a",["l",["s"],["a",["t",["s"],["b",4],["a",["b",3],["b",0]]],["b",0]]],["b",0]]],["b",0]]]}
{"id":"bmp1-08931","outputs":[["a",["l",["t",["s"],["b",1],["a",["b",1],["b",0]]],["a",["t",["s"],["b",2],["a",["b",2],["b",0]]],["b",0]]],["b",0]],["a",["l",["t",["s"],["b",0],["a",["t",["s"],["b",1],["a",["b",2],["b",0]]],["b",0]]],["a",["t",["s"],["b",1],["a",["t",["s"],["b",2],["a",["b",3],["b",0]]],["b",0]]],["b",0]]],["t",["s"],["b",0],["a",["b",1],["b",0]]]]]}
{"id":"bmp1-08932","outputs":[["a",["l",["b",0],["a",["b",1],["b",0]]],["b",3]],["a",["l",["b",0],["a",["b",1],["b",0]]],["b",2]]]}
{"id":"bmp1-08933","outputs":[["a",["l",["a",["b",0],["b",0]],["a",["a",["b",1],["b",1]],["b",0]]],["b",0]],["a",["l",["a",["b",0],["b",0]],["a",["a",["b",1],["b",1]],["b",0]]],["b",0]]]}
{"id":"bmp1-08934","outputs":[["a",["l",["l",["s"],["a",["b",1],["b",0]]],["a",["l",["s"],["a",["b",2],["b",0]]],["b",0]]],["b",2]],["a",["l",["l",["s"],["a",["b",1],["b",0]]],["a",["l",["s"],["a",["b",2],["b",0]]],["b",0]]],["b",1]]]}
{"id":"bmp1-08935","outputs":[["a",["l",["t",["s"],["b",1],["a",["b",1],["b",0]]],["a",["t",["s"],["b",2],["a",["b",2],["b",0]]],["b",0]]],["b",0]],["a",["l",["t",["s"],["b",0],["a",["b",1],["b",0]]],["a",["t",["s"],["b",1],["a",["b",2],["b",0]]],["b",0]]],["b",0]]]}
{"id":"bmp1-08936","outputs":[["a",["l",["b",0],["a",["b",1],["b",0]]],["b",2]],["a",["l",["a",["b",0],["b",0]],["a",["a",["b",1],["b",1]],["b",0]]],["b",1]]]}
{"id":"bmp1-08937","outputs":[["a",["l",["a",["b",0],["b",0]],["a",["a",["b",1],["b",1]],["b",0]]],["b",0]],["a",["l",["a",["a",["b",0],["b",2]],["a",["b",0],["b",2]]],["a",["a",["a",["b",1],["b",3]],["a",["b",1],["b",3]]],["b",0]]],["a",["b",0],["b",2]]]]}
{"id":"bmp1-08938","outputs":[["a",["l",["l",["s"],["a",["b",1],["b",0]]],["a",["l",["s"],["a",["b",2],["b",0]]],["b",0]]],["b",2]],["a",["l",["l",["s"],["a",["a",["b",1],["b",1]],["b",0]]],["a",["l",["s"],["a",["a",["b",2],["b",2]],["b",0]]],["b",0]]],["b",1]]]}
{"id":"bmp1-08939","outputs":[["a",["l",["t",["s"],["b",3],["a",["b",1],["b",0]]],["a",["t",["s"],["b",4],["a",["b",2],["b",0]]],["b",0]]],["b",3]],["a",["l",["t",["s"],["b",2],["a",["a",["b",1],["b",4]],["b",0]]],["a",["t",["s"],["b",3],["a",["a",["b",2],["b",5]],["b",0]]],["b",0]]],["b",2]]]}
{"id":"bmp1-08940","outputs":[["a",["l",["b",0],["a",["b",1],["b",0]]],["b",0]],["a",["l",["l",["s"],["a",["b",1],["b",0]]],["a",["l",["s"],["a",["b",2],["b",0]]],["b",0]]],["l",["s"],["a",["b",1],["b",0]]]]]}
{"id":"bmp1-08941","outputs":[["a",["l",["a",["b",0],["b",3]],["a",["a",["b",1],["b",4]],["b",0]]],["b",2]],["a",["l",["a",["l",["s"],["a",["b",1],["b",0]]],["b",2]],["a",["a",["l",["s"],["a",["b",2],["b",0]]],["b",3]],["b",0]]],["b",1]]]}
{"id":"bmp1-08942","outputs":[["a",["l",["l",["s"],["a",["b",1],["b",0]]],["a",["l",["s"],["a",["b",2],["b",0]]],["b",0]]],["b",2]],["a",["l",["l",["s"],["a",["l",["s"],["a",["b",2],["b",0]]],["b",0]]],["a",["l",["s"],["a",["l",["s"],["a",["b",3],["b",0]]],["b",0]]],["b",0]]],["b",1]]]}
{"id":"bmp1-08943","outputs":[["a",["l",["t",["s"],["b",1],["a",["b",1],["b",0]]],["a",["t",["s"],["b",2],["a",["b",2],["b",0]]],["b",0]]],["b",0]],["a",["l",["t",["s"],["b",0],["a",["l",["s"],["a",["b",2],["b",0]]],["b",0]]],["a",["t",["s"],["b",1],["a",["l",["s"],["a",["b",3],["b",0]]],["b",0]]],["b",0]]],["l",["s"],["a",["b",1],["b",0]]]]]}
{"id":"bmp1-08944","outputs":[["a",["l",["b",0],["a",["b",1],["b",0]]],["b",2]],["a",["l",["t",["s"],["b",3],["a",["b",1],["b",0]]],["a",["t",["s"],["b",4],["a",["b",2],["b",0]]],["b",0]]],["b",1]]]}
{"id":"bmp1-08945","outputs":[["a",["l",["a",["b",0],["b",4]],["a",["a",["b",1],["b",5]],["b",0]]],["b",2]],["a",["l",["a",["t",["s"],["b",0],["a",["b",1],["b",0]]],["b",3]],["a",["a",["t",["s"],["b",1],["a",["b",2],["b",0]]],["b",4]],["b",0]]],["b",1]]]}
{"id":"bmp1-08946","outputs":[["a",["l",["l",["s"],["a",["b",1],["b",0]]],["a",["l",["s"],["a",["b",2],["b",0]]],["b",0]]],["b",0]],["a",["l",["l",["s"],["a",["t",["s"],["b",1],["a",["b",2],["b",0]]],["b",0]]],["a",["l",["s"],["a",["t",["s"],["b",2],["a",["b",3],["b",0]]],["b",0]]],["b",0]]],["t",["s"],["b",0],["a",["b",1],["b",0]]]]]}
{"id":"bmp1-08947","outputs":[["a",["l",["t",["s"],["b",2],["a",["b",1],["b",0]]],["a",["t",["s"],["b",3],["a",["b",2],["b",0]]],["b",0]]],["b",0]],["a",["l",["t",["s"],["b",1],["a",["t",["s"],["b",1],["a",["b",2],["b",0]]],["b",0]]],["a",["t",["s"],["b",2],["a",["t",["s"],["b",2],["a",["b",3],["b",0]]],["b",0]]],["b",0]]],["t",["s"],["b",0],["a",["b",1],["b",0]]]]]}
{"id":"bmp1-08948","outputs":[["a",["l",["b",0],["a",["b",1],["b",0]]],["b",4]],["a",["l",["b",0],["a",["b",1],["b",0]]],["b",3]]]}
{"id":"bmp1-08949","outputs":[["a",["l",["a",["b",0],["b",1]],["a",["a",["b",1],["b",2]],["b",0]]],["b",1]],["a",["l",["a",["b",0],["b",0]],["a",["a",["b",1],["b",1]],["b",0]]],["b",0]]]}
{"id":"bmp1-08950","outputs":[["a",["l",["l",["s"],["a",["b",1],["b",0]]],["a",["l",["s"],["a",["b",2],["b",0]]],["b",0]]],["b",1]],["a",["l",["l",["s"],["a",["b",1],["b",0]]],["a",["l",["s"],["a",["b",2],["b",0]]],["b",0]]],["b",0]]]}
{"id":"bmp1-08951","outputs":[["a",["l",["t",["s"],["b",1],["a",["b",1],["b",0]]],["a",["t",["s"],["b",2],["a",["b",2],["b",0]]],["b",0]]],["b",0]],["a",["l",["t",["s"],["b",0],["a",["b",1],["b",0]]],["a",["t",["s"],["b",1],["a",["b",2],["b",0]]],["b",0]]],["b",0]]]}
{"id":"bmp1-08952","outputs":[["a",["l",["b",0],["a",["b",1],["b",0]]],["b",3]],["a",["l",["a",["b",0],["b",0]],["a",["a",["b",1],["b",1]],["b",0]]],["b",2]]]}
{"id":"bmp1-08953","outputs":[["a",["l",["a",["b",0],["b",0]],["a",["a",["b",1],["b",1]],["b",0]]],["b",1]],["a",["l",["a",["a",["b",0],["b",0]],["a",["b",0],["b",0]]],["a",["a",["a",["b",1],["b",1]],["a",["b",1],["b",1]]],["b",0]]],["b",0]]]}
{"id":"bmp1-08954","outputs":[["a",["l",["l",["s"],["a",["b",1],["b",0]]],["a",["l",["s"],["a",["b",2],["b",0]]],["b",0]]],["b",3]],["a",["l",["l",["s"],["a",["a",["b",1],["b",3]],["b",0]]],["a",["l",["s"],["a",["a",["b",2],["b",4]],["b",0]]],["b",0]]],["b",2]]]}
{"id":"bmp1-08955","outputs":[["a",["l",["t",["s"],["b",0],["a",["b",1],["b",0]]],["a",["t",["s"],["b",1],["a",["b",2],["b",0]]],["b",0]]],["b",2]],["a",["l",["t",["s"],["a",["b",0],["b",1]],["a",["a",["b",1],["b",2]],["b",0]]],["a",["t",["s"],["a",["b",1],["b",2]],["a",["a",["b",2],["b",3]],["b",0]]],["b",0]]],["b",1]]]}
{"id":"bmp1-08956","outputs":[["a",["l",["b",0],["a",["b",1],["b",0]]],["b",0]],["a",["l",["l",["s"],["a",["b",1],["b",0]]],["a",["l",["s"],["a",["b",2],["b",0]]],["b",0]]],["l",["s"],["a",["b",1],["b",0]]]]]}
{"id":"bmp1-08957","outputs":[["a",["l",["a",["b",0],["b",1]],["a",["a",["b",1],["b",2]],["b",0]]],["b",0]],["a",["l",["a",["l",["s"],["a",["b",1],["b",0]]],["b",0]],["a",["a",["l",["s"],["a",["b",2],["b",0]]],["b",1]],["b",0]]],["l",["s"],["a",["b",1],["b",0]]]]]}
{"id":"bmp1-08958","outputs":[["a",["l",["l",["s"],["a",["b",1],["b",0]]],["a",["l",["s"],["a",["b",2],["b",0]]],["b",0]]],["b",0]],["a",["l",["l",["s"],["a",["l",["s"],["a",["b",2],["b",0]]],["b",0]]],["a",["l",["s"],["a",["l",["s"],["a",["b",3],["b",0]]],["b",0]]],["b",0]]],["l",["s"],["a",["b",1],["b",0]]]]]}
{"id":"bmp1-08959","outputs":[["a",["l",["t",["s"],["b",2],["a",["b",1],["b",0]]],["a",["t",["s"],["b",3],["a",["b",2],["b",0]]],["b",0]]],["b",1]],["a",["l",["t",["s"],["b",1],["a",["l",["s"],["a",["b",2],["b",0]]],["b",0]]],["a",["t",["s"],["b",2],["a",["l",["s"],["a",["b",3],["b",0]]],["b",0]]],["b",0]]],["b",0]]]}
{"id":"bmp1-08960","outputs":[["a",["l",["b",0],["a",["b",1],["b",0]]],["b",0]],["a",["l",["t",["s"],["b",0],["a",["b",1],["b",0]]],["a",["t",["s"],["b",1],["a",["b",2],["b",0]]],["b",0]]],["t",["s"],["b",0],["a",["b",1],["b",0]]]]]}
{"id":"bmp1-08961","outputs":[["a",["l",["a",["b",0],["b",0]],["a",["a",["b",1],["b",1]],["b",0]]],["b",1]],["a",["l",["a",["t",["s"],["b",0],["a",["b",1],["b",0]]],["t",["s"],["b",0],["a",["b",1],["b",0]]]],["a",["a",["t",["s"],["b",1],["a",["b",2],["b",0]]],["t",["s"],["b",1],["a",["b",2],["b",0]]]],["b",0]]],["b",0]]]}
{"id":"bmp1-08962","outputs":[["a",["l",["l",["s"],["a",["b",1],["b",0]]],["a",["l",["s"],["a",["b",2],["b",0]]],["b",0]]],["b",1]],["a",["l",["l",["s"],["a",["t",["s"],["b",2],["a",["b",2],["b",0]]],["b",0]]],["a",["l",["s"],["a",["t",["s"],["b",3],["a",["b",3],["b",0]]],["b",0]]],["b",0]]],["b",0]]]}
{"id":"bmp1-08963","outputs":[["a",["l",["t",["s"],["b",1],["a",["b",1],["b",0]]],["a",["t",["s"],["b",2],["a",["b",2],["b",0]]],["b",0]]],["b",2]],["a",["l",["t",["s"],["b",0],["a",["t",["s"],["b",2],["a",["b",2],["b",0]]],["b",0]]],["a",["t",["s"],["b",1],["a",["t",["s"],["b",3],["a",["b",3],["b",0]]],["b",0]]],["b",0]]],["b",1]]]}
{"id":"bmp1-08964","outputs":[["a",["l",["b",0],["a",["b",1],["b",0]]],["b",1]],["a",["l",["b",0],["a",["b",1],["b",0]]],["b",0]]]}
{"id":"bmp1-08965","outputs":[["a",["l",["a",["b",0],["b",2]],["a",["a",["b",1],["b",3]],["b",0]]],["b",0]],["a",["l",["a",["b",0],["b",1]],["a",["a",["b",1],["b",2]],["b",0]]],["b",0]]]}
{"id":"bmp1-08966","outputs":[["a",["l",["l",["s"],["a",["b",1],["b",0]]],["a",["l",["s"],["a",["b",2],["b",0]]],["b",0]]],["b",0]],["a",["l",["l",["s"],["a",["b",1],["b",0]]],["a",["l",["s"],["a",["b",2],["b",0]]],["b",0]]],["b",0]]]}
{"id":"bmp1-08967","outputs":[["a",["l",["t",["s"],["b",3],["a",["b",1],["b",0]]],["a",["t",["s"],["b",4],["a",["b",2],["b",0]]],["b",0]]],["b",4]],["a",["l",["t",["s"],["b",2],["a",["b",1],["b",0]]],["a",["t",["s"],["b",3],["a",["b",2],["b",0]]],["b",0]]],["b",3]]]}
{"id":"bmp1-08968","outputs":[["a",["l",["b",0],["a",["b",1],["b",0]]],["b",1]],["a",["l",["a",["b",0],["b",0]],["a",["a",["b",1],["b",1]],["b",0]]],["b",0]]]}
{"id":"bmp1-08969","outputs":[["a",["l",["a",["b",0],["b",1]],["a",["a",["b",1],["b",2]],["b",0]]],["b",0]],["a",["l",["a",["a",["b",0],["b",0]],["b",0]],["a",["a",["a",["b",1],["b",1]],["b",1]],["b",0]]],["a",["b",0],["b",0]]]]}
{"id":"bmp1-08970","outputs":[["a",["l",["l",["s"],["a",["b",1],["b",0]]],["a",["l",["s"],["a",["b",2],["b",0]]],["b",0]]],["b",1]],["a",["l",["l",["s"],["a",["a",["b",1],["b",1]],["b",0]]],["a",["l",["s"],["a",["a",["b",2],["b",2]],["b",0]]],["b",0]]],["b",0]]]}
{"id":"bmp1-08971","outputs":[["a",["l",["t",["s"],["b",0],["a",["b",1],["b",0]]],["a",["t",["s"],["b",1],["a",["b",2],["b",0]]],["b",0]]],["b",0]],["a",["l",["t",["s"],["a",["b",0],["b",1]],["a",["a",["b",1],["b",2]],["b",0]]],["a",["t",["s"],["a",["b",1],["b",2]],["a",["a",["b",2],["b",3]],["b",0]]],["b",0]]],["a",["b",0],["b",1]]]]}
{"id":"bmp1-08972","outputs":[["a",["l",["b",0],["a",["b",1],["b",0]]],["b",2]],["a",["l",["l",["s"],["a",["b",1],["b",0]]],["a",["l",["s"],["a",["b",2],["b",0]]],["b",0]]],["b",1]]]}
{"id":"bmp1-08973","outputs":[["a",["l",["a",["b",0],["b",1]],["a",["a",["b",1],["b",2]],["b",0]]],["b",1]],["a",["l",["a",["l",["s"],["a",["b",1],["b",0]]],["b",0]],["a",["a",["l",["s"],["a",["b",2],["b",0]]],["b",1]],["b",0]]],["b",0]]]}
{"id":"bmp1-08974","outputs":[["a",["l",["l",["s"],["a",["b",1],["b",0]]],["a",["l",["s"],["a",["b",2],["b",0]]],["b",0]]],["b",2]],["a",["l",["l",["s"],["a",["l",["s"],["a",["b",2],["b",0]]],["b",0]]],["a",["l",["s"],["a",["l",["s"],["a",["b",3],["b",0]]],["b",0]]],["b",0]]],["b",1]]]}
{"id":"bmp1-08975","outputs":[["a",["l",["t",["s"],["b",2],["a",["b",1],["b",0]]],["a",["t",["s"],["b",3],["a",["b",2],["b",0]]],["b",0]]],["b",0]],["a",["l",["t",["s"],["b",1],["a",["l",["s"],["a",["b",2],["b",0]]],["b",0]]],["a",["t",["s"],["b",2],["a",["l",["s"],["a",["b",3],["b",0]]],["b",0]]],["b",0]]],["l",["s"],["a",["b",1],["b",0]]]]]}
{"id":"bmp1-08976","outputs":[["a",["l",["b",0],["a",["b",1],["b",0]]],["b",0]],["a",["l",["t",["s"],["b",1],["a",["b",1],["b",0]]],["a",["t",["s"],["b",2],["a",["b",2],["b",0]]],["b",0]]],["t",["s"],["b",1],["a",["b",1],["b",0]]]]]}
{"id":"bmp1-08977","outputs":[["a",["l",["a",["b",0],["b",2]],["a",["a",["b",1],["b",3]],["b",0]]],["b",2]],["a",["l",["a",["t",["s"],["b",0],["a",["b",1],["b",0]]],["b",1]],["a",["a",["t",["s"],["b",1],["a",["b",2],["b",0]]],["b",2]],["b",0]]],["b",1]]]}
{"id":"bmp1-08978","outputs":[["a",["l",["l",["s"],["a",["b",1],["b",0]]],["a",["l",["s"],["a",["b",2],["b",0]]],["b",0]]],["b",1]],["a",["l",["l",["s"],["a",["t",["s"],["b",1],["a",["b",2],["b",0]]],["b",0]]],["a",["l",["s"],["a",["t",["s"],["b",2],["a",["b",3],["b",0]]],["b",0]]],["b",0]]],["b",0]]]}
{"id":"bmp1-08979","outputs":[["a",["l",["t",["s"],["b",1],["a",["b",1],["b",0]]],["a",["t",["s"],["b",2],["a",["b",2],["b",0]]],["b",0]]],["b",1]],["a",["l",["t",["s"],["b",0],["a",["t",["s"],["b",1],["a",["b",2],["b",0]]],["b",0]]],["a",["t",["s"],["b",1],["a",["t",["s"],["b",2],["a",["b",3],["b",0]]],["b",0]]],["b",0]]],["b",0]]]}
{"id":"bmp1-08980","outputs":[["a",["l",["b",0],["a",["b",1],["b",0]]],["b",2]],["a",["l",["b",0],["a",["b",1],["b",0]]],["b",1]]]}
{"id":"bmp1-08981","outputs":[["a",["l",["a",["b",0],["b",2]],["a",["a",["b",1],["b",3]],["b",0]]],["b",0]],["a",["l",["a",["b",0],["b",1]],["a",["a",["b",1],["b",2]],["b",0]]],["b",0]]]}
{"id":"bmp1-08982","outputs":[["a",["l",["l",["s"],["a",["b",1],["b",0]]],["a",["l",["s"],["a",["b",2],["b",0]]],["b",0]]],["b",2]],["a",["l",["l",["s"],["a",["b",1],["b",0]]],["a",["l",["s"],["a",["b",2],["b",0]]],["b",0]]],["b",1]]]}
{"id":"bmp1-08983","outputs":[["a",["l",["t",["s"],["b",2],["a",["b",1],["b",0]]],["a",["t",["s"],["b",3],["a",["b",2],["b",0]]],["b",0]]],["b",2]],["a",["l",["t",["s"],["b",1],["a",["b",1],["b",0]]],["a",["t",["s"],["b",2],["a",["b",2],["b",0]]],["b",0]]],["b",1]]]}
{"id":"bmp1-08984","outputs":[["a",["l",["b",0],["a",["b",1],["b",0]]],["b",1]],["a",["l",["a",["b",0],["b",2]],["a",["a",["b",1],["b",3]],["b",0]]],["b",0]]]}
{"id":"bmp1-08985","outputs":[["a",["l",["a",["b",0],["b",0]],["a",["a",["b",1],["b",1]],["b",0]]],["b",2]],["a",["l",["a",["a",["b",0],["b",0]],["a",["b",0],["b",0]]],["a",["a",["a",["b",1],["b",1]],["a",["b",1],["b",1]]],["b",0]]],["b",1]]]}
{"id":"bmp1-08986","outputs":[["a",["l",["l",["s"],["a",["b",1],["b",0]]],["a",["l",["s"],["a",["b",2],["b",0]]],["b",0]]],["b",0]],["a",["l",["l",["s"],["a",["a",["b",1],["b",1]],["b",0]]],["a",["l",["s"],["a",["a",["b",2],["b",2]],["b",0]]],["b",0]]],["a",["b",0],["b",0]]]]}
{"id":"bmp1-08987","outputs":[["a",["l",["t",["s"],["b",0],["a",["b",1],["b",0]]],["a",["t",["s"],["b",1],["a",["b",2],["b",0]]],["b",0]]],["b",1]],["a",["l",["t",["s"],["a",["b",0],["b",0]],["a",["a",["b",1],["b",1]],["b",0]]],["a",["t",["s"],["a",["b",1],["b",1]],["a",["a",["b",2],["b",2]],["b",0]]],["b",0]]],["b",0]]]}
{"id":"bmp1-08988","outputs":[["a",["l",["b",0],["a",["b",1],["b",0]]],["b",1]],["a",["l",["l",["s"],["a",["b",1],["b",0]]],["a",["l",["s"],["a",["b",2],["b",0]]],["b",0]]],["b",0]]]}
{"id":"bmp1-08989","outputs":[["a",["l",["a",["b",0],["b",1]],["a",["a",["b",1],["b",2]],["b",0]]],["b",2]],["a",["l",["a",["l",["s"],["a",["b",1],["b",0]]],["b",0]],["a",["a",["l",["s"],["a",["b",2],["b",0]]],["b",1]],["b",0]]],["b",1]]]}
{"id":"bmp1-08990","outputs":[["a",["l",["l",["s"],["a",["b",1],["b",0]]],["a",["l",["s"],["a",["b",2],["b",0]]],["b",0]]],["b",0]],["a",["l",["l",["s"],["a",["l",["s"],["a",["b",2],["b",0]]],["b",0]]],["a",["l",["s"],["a",["l",["s"],["a",["b",3],["b",0]]],["b",0]]],["b",0]]],["l",["s"],["a",["b",1],["b",0]]]]]}
{"id":"bmp1-08991","outputs":[["a",["l",["t",["s"],["b",1],["a",["b",1],["b",0]]],["a",["t",["s"],["b",2],["a",["b",2],["b",0]]],["b",0]]],["b",3]],["a",["l",["t",["s"],["b",0],["a",["l",["s"],["a",["b",2],["b",0]]],["b",0]]],["a",["t",["s"],["b",1],["a",["l",["s"],["a",["b",3],["b",0]]],["b",0]]],["b",0]]],["b",2]]]}
{"id":"bmp1-08992","outputs":[["a",["l",["b",0],["a",["b",1],["b",0]]],["b",1]],["a",["l",["t",["s"],["b",0],["a",["b",1],["b",0]]],["a",["t",["s"],["b",1],["a",["b",2],["b",0]]],["b",0]]],["b",0]]]}
{"id":"bmp1-08993","outputs":[["a",["l",["a",["b",0],["b",1]],["a",["a",["b",1],["b",2]],["b",0]]],["b",1]],["a",["l",["a",["t",["s"],["b",1],["a",["b",1],["b",0]]],["b",0]],["a",["a",["t",["s"],["b",2],["a",["b",2],["b",0]]],["b",1]],["b",0]]],["b",0]]]}
{"id":"bmp1-08994","outputs":[["a",["l",["l",["s"],["a",["b",1],["b",0]]],["a",["l",["s"],["a",["b",2],["b",0]]],["b",0]]],["b",1]],["a",["l",["l",["s"],["a",["t",["s"],["b",2],["a",["b",2],["b",0]]],["b",0]]],["a",["l",["s"],["a",["t",["s"],["b",3],["a",["b",3],["b",0]]],["b",0]]],["b",0]]],["b",0]]]}
{"id":"bmp1-08995","outputs":[["a",["l",["t",["s"],["b",0],["a",["b",1],["b",0]]],["a",["t",["s"],["b",1],["a",["b",2],["b",0]]],["b",0]]],["b",0]],["a",["l",["t",["s"],["t",["s"],["b",2],["a",["b",1],["b",0]]],["a",["t",["s"],["b",3],["a",["b",2],["b",0]]],["b",0]]],["a",["t",["s"],["t",["s"],["b",3],["a",["b",2],["b",0]]],["a",["t",["s"],["b",4],["a",["b",3],["b",0]]],["b",0]]],["b",0]]],["t",["s"],["b",2],["a",["b",1],["b",0]]]]]}
{"id":"bmp1-08996","outputs":[["a",["l",["b",0],["a",["b",1],["b",0]]],["b",1]],["a",["l",["b",0],["a",["b",1],["b",0]]],["b",0]]]}
{"id":"bmp1-08997","outputs":[["a",["l",["a",["b",0],["b",2]],["a",["a",["b",1],["b",3]],["b",0]]],["b",1]],["a",["l",["a",["b",0],["b",1]],["a",["a",["b",1],["b",2]],["b",0]]],["b",0]]]}
{"id":"bmp1-08998","outputs":[["a",["l",["l",["s"],["a",["b",1],["b",0]]],["a",["l",["s"],["a",["b",2],["b",0]]],["b",0]]],["b",3]],["a",["l",["l",["s"],["a",["b",1],["b",0]]],["a",["l",["s"],["a",["b",2],["b",0]]],["b",0]]],["b",2]]]}
{"id":"bmp1-08999","outputs":[["a",["l",["t",["s"],["b",3],["a",["b",1],["b",0]]],["a",["t",["s"],["b",4],["a",["b",2],["b",0]]],["b",0]]],["b",1]],["a",["l",["t",["s"],["b",2],["a",["b",1],["b",0]]],["a",["t",["s"],["b",3],["a",["b",2],["b",0]]],["b",0]]],["b",0]]]}
