unit-tests	Run python scripts/run-unit-tests	﻿2026-09-23T11:23:52.8187107Z ##[group]Run python scripts/run-unit-tests
unit-tests	Run python scripts/run-unit-tests	2026-09-23T11:23:52.8187497Z ^[[36;1mpython scripts/run-unit-tests^[[0m
unit-tests	Run python scripts/run-unit-tests	2026-09-23T11:23:52.8225748Z shell: /usr/bin/bash -e {0}
unit-tests	Run python scripts/run-unit-tests	2026-09-23T11:23:52.8226008Z env:
unit-tests	Run python scripts/run-unit-tests	2026-09-23T11:23:52.8226276Z   pythonLocation: /opt/hostedtoolcache/Python/3.10.21/x64
unit-tests	Run python scripts/run-unit-tests	2026-09-23T11:23:52.8226721Z   PKG_CONFIG_PATH: /opt/hostedtoolcache/Python/3.10.21/x64/lib/pkgconfig
unit-tests	Run python scripts/run-unit-tests	2026-09-23T11:23:52.8227168Z   Python_ROOT_DIR: /opt/hostedtoolcache/Python/3.10.21/x64
unit-tests	Run python scripts/run-unit-tests	2026-09-23T11:23:52.8227578Z   Python2_ROOT_DIR: /opt/hostedtoolcache/Python/3.10.21/x64
unit-tests	Run python scripts/run-unit-tests	2026-09-23T11:23:52.8227973Z   Python3_ROOT_DIR: /opt/hostedtoolcache/Python/3.10.21/x64
unit-tests	Run python scripts/run-unit-tests	2026-09-23T11:23:52.8228369Z   LD_LIBRARY_PATH: /opt/hostedtoolcache/Python/3.10.21/x64/lib
unit-tests	Run python scripts/run-unit-tests	2026-09-23T11:23:52.8228708Z ##[endgroup]
unit-tests	Run python scripts/run-unit-tests	2026-09-23T11:23:54.7872866Z test_adaptation_external_action_and_wrong_successor_are_rejected (test_acceptance_impact_closure.AcceptanceImpactClosureTests) ... ok
unit-tests	Run python scripts/run-unit-tests	2026-09-23T11:23:54.7976013Z test_exact_boundary_closure_passes (test_acceptance_impact_closure.AcceptanceImpactClosureTests) ... ok
unit-tests	Run python scripts/run-unit-tests	2026-09-23T11:23:54.8048752Z test_exact_official_stderr_is_immutable (test_acceptance_impact_closure.AcceptanceImpactClosureTests) ... ok
unit-tests	Run python scripts/run-unit-tests	2026-09-23T11:23:54.8157017Z test_final_work_and_queue_state_are_required (test_acceptance_impact_closure.AcceptanceImpactClosureTests) ... ok
unit-tests	Run python scripts/run-unit-tests	2026-09-23T11:23:54.8264824Z test_post_hoc_promotion_and_relaunch_are_rejected (test_acceptance_impact_closure.AcceptanceImpactClosureTests) ... ok
unit-tests	Run python scripts/run-unit-tests	2026-09-23T11:23:54.8266525Z test_receipt_safety_requires_positive_rss_and_cleanup (test_acceptance_impact_closure.AcceptanceImpactClosureTests) ... ok
unit-tests	Run python scripts/run-unit-tests	2026-09-23T11:23:54.8275123Z test_bound_byte_tamper_is_rejected_before_claims (test_acceptance_impact_pair.AcceptanceImpactPairTests) ... ok
unit-tests	Run python scripts/run-unit-tests	2026-09-23T11:23:54.8348657Z test_declaration_identity_and_reference_set_are_enforced (test_acceptance_impact_pair.AcceptanceImpactPairTests) ... ok
unit-tests	Run python scripts/run-unit-tests	2026-09-23T11:23:54.8357369Z test_duplicate_json_key_is_rejected (test_acceptance_impact_pair.AcceptanceImpactPairTests) ... ok
unit-tests	Run python scripts/run-unit-tests	2026-09-23T11:23:54.8438934Z test_generated_audit_is_current_and_nonexecuting (test_acceptance_impact_pair.AcceptanceImpactPairTests) ... ok
unit-tests	Run python scripts/run-unit-tests	2026-09-23T11:23:54.8512612Z test_historical_binding_tamper_and_stale_output_are_rejected (test_acceptance_impact_pair.AcceptanceImpactPairTests) ... ok
unit-tests	Run python scripts/run-unit-tests	2026-09-23T11:23:54.8556176Z test_reversed_pointer_values_are_rejected (test_acceptance_impact_pair.AcceptanceImpactPairTests) ... ok
unit-tests	Run python scripts/run-unit-tests	2026-09-23T11:23:54.8590292Z test_second_scalar_difference_is_rejected (test_acceptance_impact_pair.AcceptanceImpactPairTests) ... ok
unit-tests	Run python scripts/run-unit-tests	2026-09-23T11:23:54.8635968Z test_shared_expression_table_change_is_rejected (test_acceptance_impact_pair.AcceptanceImpactPairTests) ... ok
unit-tests	Run python scripts/run-unit-tests	2026-09-23T11:23:54.8637991Z test_build_environment_contains_only_frozen_keys (test_acceptance_impact_pilot.AcceptanceImpactPilotTests) ... ok
unit-tests	Run python scripts/run-unit-tests	2026-09-23T11:23:54.8641831Z test_classifier_accepts_only_exact_success_and_intended_rejection (test_acceptance_impact_pilot.AcceptanceImpactPilotTests) ... ok
unit-tests	Run python scripts/run-unit-tests	2026-09-23T11:23:54.8657020Z test_completed_item_refuses_live_preparation_validation (test_acceptance_impact_pilot.AcceptanceImpactPilotTests) ... ok
unit-tests	Run python scripts/run-unit-tests	2026-09-23T11:23:54.8661980Z test_every_safety_defect_is_infrastructure_failure (test_acceptance_impact_pilot.AcceptanceImpactPilotTests) ... ok
unit-tests	Run python scripts/run-unit-tests	2026-09-23T11:23:54.8663195Z test_frozen_cell_order_and_gate_are_exact (test_acceptance_impact_pilot.AcceptanceImpactPilotTests) ... ok
unit-tests	Run python scripts/run-unit-tests	2026-09-23T11:23:54.8664324Z test_launch_lock_is_exclusive (test_acceptance_impact_pilot.AcceptanceImpactPilotTests) ... ok
unit-tests	Run python scripts/run-unit-tests	2026-09-23T11:23:54.8675182Z test_raw_receipt_replay_rejects_tampering (test_acceptance_impact_pilot.AcceptanceImpactPilotTests) ... ok
unit-tests	Run python scripts/run-unit-tests	2026-09-23T11:23:55.0430026Z test_archive_dependencies_and_toolchain_match_frozen_inputs (test_acceptance_impact_source.AcceptanceImpactSourceTests) ... ERROR
unit-tests	Run python scripts/run-unit-tests	2026-09-23T11:23:55.0491471Z test_materialized_source_tampering_is_rejected (test_acceptance_impact_source.AcceptanceImpactSourceTests) ... ERROR
unit-tests	Run python scripts/run-unit-tests	2026-09-23T11:23:55.0494375Z test_prepare_is_exact_idempotent_and_non_observational (test_acceptance_impact_source.AcceptanceImpactSourceTests) ... ERROR
unit-tests	Run python scripts/run-unit-tests	2026-09-23T11:23:55.0511533Z test_completed_item_refuses_live_stage2_validation (test_acceptance_impact_stage2.AcceptanceImpactStage2Tests) ... ok
unit-tests	Run python scripts/run-unit-tests	2026-09-23T11:23:55.0512838Z test_exact_matrix_is_consequential (test_acceptance_impact_stage2.AcceptanceImpactStage2Tests) ... ok
unit-tests	Run python scripts/run-unit-tests	2026-09-23T11:23:55.0516156Z test_launch_lock_is_exclusive_and_removed (test_acceptance_impact_stage2.AcceptanceImpactStage2Tests) ... ok
unit-tests	Run python scripts/run-unit-tests	2026-09-23T11:23:55.0517625Z test_matrix_is_exact_and_bounded (test_acceptance_impact_stage2.AcceptanceImpactStage2Tests) ... ok
unit-tests	Run python scripts/run-unit-tests	2026-09-23T11:23:55.0518819Z test_nonexact_matrix_is_not_promoted_to_harmless (test_acceptance_impact_stage2.AcceptanceImpactStage2Tests) ... ok
unit-tests	Run python scripts/run-unit-tests	2026-09-23T11:23:55.0569352Z test_changed_base_prefix_is_rejected_even_with_fresh_binding (test_acceptance_impact_stage2_audit.AcceptanceImpactStage2AuditTests) ... ok
unit-tests	Run python scripts/run-unit-tests	2026-09-23T11:23:55.0574814Z test_closure_analysis_distinguishes_open_spine_from_closed_value (test_acceptance_impact_stage2_audit.AcceptanceImpactStage2AuditTests) ... ok
unit-tests	Run python scripts/run-unit-tests	2026-09-23T11:23:55.0605706Z test_domain_and_pair_difference_checks_are_directional (test_acceptance_impact_stage2_audit.AcceptanceImpactStage2AuditTests) ... ok
unit-tests	Run python scripts/run-unit-tests	2026-09-23T11:23:55.0630498Z test_duplicate_key_and_missing_terminal_newline_are_rejected (test_acceptance_impact_stage2_audit.AcceptanceImpactStage2AuditTests) ... ok
unit-tests	Run python scripts/run-unit-tests	2026-09-23T11:23:55.0945498Z test_exact_pair_passes_and_report_is_deterministic_and_nonexecuting (test_acceptance_impact_stage2_audit.AcceptanceImpactStage2AuditTests) ... ok
unit-tests	Run python scripts/run-unit-tests	2026-09-23T11:23:55.1023546Z test_spine_or_added_declaration_change_is_rejected (test_acceptance_impact_stage2_audit.AcceptanceImpactStage2AuditTests) ... ok
unit-tests	Run python scripts/run-unit-tests	2026-09-23T11:23:55.1054685Z test_bound_base_tamper_is_refused (test_acceptance_impact_stage2_producer.AcceptanceImpactStage2ProducerTests) ... ok
unit-tests	Run python scripts/run-unit-tests	2026-09-23T11:23:55.1064655Z test_changed_committed_suffix_is_refused (test_acceptance_impact_stage2_producer.AcceptanceImpactStage2ProducerTests) ... ok
unit-tests	Run python scripts/run-unit-tests	2026-09-23T11:23:55.1151425Z test_existing_second_destination_prevents_partial_first_output (test_acceptance_impact_stage2_producer.AcceptanceImpactStage2ProducerTests) ... ok
unit-tests	Run python scripts/run-unit-tests	2026-09-23T11:23:55.1218235Z test_fixed_five_application_spine_and_domains_are_emitted (test_acceptance_impact_stage2_producer.AcceptanceImpactStage2ProducerTests) ... ok
unit-tests	Run python scripts/run-unit-tests	2026-09-23T11:23:55.1396139Z test_produce_writes_only_the_two_temp_outputs_and_refuses_overwrite (test_acceptance_impact_stage2_producer.AcceptanceImpactStage2ProducerTests) ... ok
unit-tests	Run python scripts/run-unit-tests	2026-09-23T11:23:55.1471392Z test_render_is_exact_and_preserves_each_base_byte_for_byte (test_acceptance_impact_stage2_producer.AcceptanceImpactStage2ProducerTests) ... ok
unit-tests	Run python scripts/run-unit-tests	2026-09-23T11:23:55.1477833Z test_uncommitted_contract_is_refused_before_rendering (test_acceptance_impact_stage2_producer.AcceptanceImpactStage2ProducerTests) ... ok
unit-tests	Run python scripts/run-unit-tests	2026-09-23T11:23:55.1492259Z test_bound_evidence_hashes_match (test_action_recommendations.ActionRecommendationTests) ... ok
unit-tests	Run python scripts/run-unit-tests	2026-09-23T11:23:55.1536228Z test_current_recommendations_conform_to_schema (test_action_recommendations.ActionRecommendationTests) ... ok
unit-tests	Run python scripts/run-unit-tests	2026-09-23T11:23:55.1537470Z test_every_finding_has_a_concrete_action (test_action_recommendations.ActionRecommendationTests) ... ok
unit-tests	Run python scripts/run-unit-tests	2026-09-23T11:23:55.1538366Z test_external_actions_are_human_gated (test_action_recommendations.ActionRecommendationTests) ... ok
unit-tests	Run python scripts/run-unit-tests	2026-09-23T11:23:55.1569381Z test_schema_rejects_ungated_external_action (test_action_recommendations.ActionRecommendationTests) ... ok
unit-tests	Run python scripts/run-unit-tests	2026-09-23T11:23:55.1571221Z test_upstream_preflight_is_complete_but_not_submitted (test_action_recommendations.ActionRecommendationTests) ... ok
unit-tests	Run python scripts/run-unit-tests	2026-09-23T11:23:55.1572979Z test_expected_outcomes_preserve_scientific_boundary (test_arena_companion_integration.ArenaCompanionIntegrationTests) ... ok
unit-tests	Run python scripts/run-unit-tests	2026-09-23T11:23:55.1574628Z test_static_definitions_need_no_toolchain_or_checker (test_arena_companion_integration.ArenaCompanionIntegrationTests) ... ok
unit-tests	Run python scripts/run-unit-tests	2026-09-23T11:23:55.8276766Z test_artifact_binding_tampering_and_mutable_queue_independence (test_arena_inductive_isolation_closure.ArenaInductiveIsolationClosureTests) ... ok
unit-tests	Run python scripts/run-unit-tests	2026-09-23T11:23:55.8288297Z test_clock_reset_nonfinite_and_cap_refused (test_arena_inductive_isolation_closure.ArenaInductiveIsolationClosureTests) ... ok
unit-tests	Run python scripts/run-unit-tests	2026-09-23T11:23:55.8296057Z test_delivery_accounting_preserves_inclusive_cap_and_handoff (test_arena_inductive_isolation_closure.ArenaInductiveIsolationClosureTests) ... ok
unit-tests	Run python scripts/run-unit-tests	2026-09-23T11:23:55.8307549Z test_handoff_and_item_closure_agree (test_arena_inductive_isolation_closure.ArenaInductiveIsolationClosureTests) ... ok
unit-tests	Run python scripts/run-unit-tests	2026-09-23T11:23:55.8343436Z test_inflated_claims_and_launches_refused (test_arena_inductive_isolation_closure.ArenaInductiveIsolationClosureTests) ... ok
unit-tests	Run python scripts/run-unit-tests	2026-09-23T11:23:55.8354596Z test_request_cost_cannot_be_erased_or_exceeded (test_arena_inductive_isolation_closure.ArenaInductiveIsolationClosureTests) ... ok
unit-tests	Run python scripts/run-unit-tests	2026-09-23T11:23:55.8357750Z test_valid_scoped_closure (test_arena_inductive_isolation_closure.ArenaInductiveIsolationClosureTests) ... ok
unit-tests	Run python scripts/run-unit-tests	2026-09-23T11:23:56.1031407Z test_copied_evidence_tampering_is_rejected (test_arena_inductive_isolation_closure.ArenaInductiveStaticAuditTests) ... ok
unit-tests	Run python scripts/run-unit-tests	2026-09-23T11:23:56.1441699Z test_generated_audit_replays_and_complete_reuse_is_exact (test_arena_inductive_isolation_closure.ArenaInductiveStaticAuditTests) ... ok
unit-tests	Run python scripts/run-unit-tests	2026-09-23T11:23:56.1450077Z test_clock_reset_nonfinite_and_cap_refused (test_arena_let_policy_followup_closure.ArenaLetPolicyFollowupClosureTests) ... ok
unit-tests	Run python scripts/run-unit-tests	2026-09-23T11:23:56.2571301Z test_complete_archive_inventory_replays_and_omission_fails (test_arena_let_policy_followup_closure.ArenaLetPolicyFollowupClosureTests) ... ok
unit-tests	Run python scripts/run-unit-tests	2026-09-23T11:23:56.2629985Z test_exact_candidate_cannot_be_replaced_even_with_rebound_hash (test_arena_let_policy_followup_closure.ArenaLetPolicyFollowupClosureTests) ... ok
unit-tests	Run python scripts/run-unit-tests	2026-09-23T11:23:56.2649167Z test_request_and_scientific_charges_cannot_be_erased (test_arena_let_policy_followup_closure.ArenaLetPolicyFollowupClosureTests) ... ok
unit-tests	Run python scripts/run-unit-tests	2026-09-23T11:23:56.2651971Z test_scoped_closure_validates_without_live_queue (test_arena_let_policy_followup_closure.ArenaLetPolicyFollowupClosureTests) ... ok
unit-tests	Run python scripts/run-unit-tests	2026-09-23T11:23:56.2704020Z test_static_cleanup_and_statistics_are_verified (test_arena_let_policy_followup_closure.ArenaLetPolicyFollowupClosureTests) ... ok
unit-tests	Run python scripts/run-unit-tests	2026-09-23T11:23:56.2716151Z test_strict_label_and_execution_promotion_refused (test_arena_let_policy_followup_closure.ArenaLetPolicyFollowupClosureTests) ... ok
unit-tests	Run python scripts/run-unit-tests	2026-09-23T11:23:56.2723461Z test_successor_cannot_be_started_or_snapshot_replaced (test_arena_let_policy_followup_closure.ArenaLetPolicyFollowupClosureTests) ... ok
unit-tests	Run python scripts/run-unit-tests	2026-09-23T11:23:56.2785921Z test_erratum_preserves_and_binds_the_original_closure (test_arena_let_regression_erratum.ArenaLetRegressionErratumTests) ... ok
unit-tests	Run python scripts/run-unit-tests	2026-09-23T11:23:56.2911741Z test_followup_repair_binds_portable_cache_validation (test_arena_let_regression_erratum.ArenaLetRegressionErratumTests) ... ok
unit-tests	Run python scripts/run-unit-tests	2026-09-23T11:23:56.4292417Z test_queue_evolution_repair_preserves_both_historical_repairs (test_arena_let_regression_erratum.ArenaLetRegressionErratumTests) ... ok
unit-tests	Run python scripts/run-unit-tests	2026-09-23T11:23:56.4297566Z test_ready_count_accepts_singular_and_plural_without_loose_suffixes (test_arena_let_regression_erratum.ArenaLetRegressionErratumTests) ... ok
unit-tests	Run python scripts/run-unit-tests	2026-09-23T11:23:56.5975070Z test_repair_record_binds_successors_without_scientific_change (test_arena_let_regression_erratum.ArenaLetRegressionErratumTests) ... ok
unit-tests	Run python scripts/run-unit-tests	2026-09-23T11:23:56.5988095Z test_status_ready_count_matches_the_canonical_queue (test_arena_let_regression_erratum.ArenaLetRegressionErratumTests) ... ok
unit-tests	Run python scripts/run-unit-tests	2026-09-23T11:23:56.5989673Z test_request_is_pinned_get_only_scope (test_arena_tutorial_source_collector.ArenaTutorialSourceCollectorTests) ... ok
unit-tests	Run python scripts/run-unit-tests	2026-09-23T11:23:56.6009737Z test_bad_pinned_dependency_is_rejected (test_artifact_graph.ArtifactGraphTests) ... ok
unit-tests	Run python scripts/run-unit-tests	2026-09-23T11:23:56.6202801Z test_changed_dependency_marks_report_stale (test_artifact_graph.ArtifactGraphTests) ... ok
unit-tests	Run python scripts/run-unit-tests	2026-09-23T11:23:56.6210254Z test_current_graph_passes_gate (test_artifact_graph.ArtifactGraphTests) ... ok
unit-tests	Run python scripts/run-unit-tests	2026-09-23T11:23:56.6216265Z test_missing_dependency_marks_report_missing (test_artifact_graph.ArtifactGraphTests) ... ok
unit-tests	Run python scripts/run-unit-tests	2026-09-23T11:23:57.0526641Z test_project_graph_invalidation_contracts (test_artifact_graph.ArtifactGraphTests) ... ok
unit-tests	Run python scripts/run-unit-tests	2026-09-23T11:23:57.1714595Z test_changed_input_and_frontier_refused (test_authorized_runs.AuthorizedRuns) ... ok
unit-tests	Run python scripts/run-unit-tests	2026-09-23T11:23:57.7261991Z test_complete_resume_and_stale_running_charge (test_authorized_runs.AuthorizedRuns) ... ok
unit-tests	Run python scripts/run-unit-tests	2026-09-23T11:23:59.0089751Z test_lock_excludes_and_stubborn_group_is_killed (test_authorized_runs.AuthorizedRuns) ... ok
unit-tests	Run python scripts/run-unit-tests	2026-09-23T11:23:59.0136189Z test_materialization_refuses_existing_mismatch (test_authorized_runs.AuthorizedRuns) ... materialization refused: destination exists with different bytes: scripts/ok
unit-tests	Run python scripts/run-unit-tests	2026-09-23T11:23:59.0139208Z ok
unit-tests	Run python scripts/run-unit-tests	2026-09-23T11:23:59.0855426Z test_unknown_or_live_orphan_refuses_resume (test_authorized_runs.AuthorizedRuns) ... ok
unit-tests	Run python scripts/run-unit-tests	2026-09-23T11:23:59.0856965Z test_binding_ignores_mutable_execution_evidence (test_campaign_runner.CampaignRunnerTests) ... ok
unit-tests	Run python scripts/run-unit-tests	2026-09-23T11:23:59.0858495Z test_phase_commands_are_bounded_to_existing_mechanical_steps (test_campaign_runner.CampaignRunnerTests) ... ok
unit-tests	Run python scripts/run-unit-tests	2026-09-23T11:23:59.0860061Z test_reconcile_interruption_keeps_completed_phases (test_campaign_runner.CampaignRunnerTests) ... ok
unit-tests	Run python scripts/run-unit-tests	2026-09-23T11:23:59.0861703Z test_reconciliation_adopts_completed_batch_work (test_campaign_runner.CampaignRunnerTests) ... ok
unit-tests	Run python scripts/run-unit-tests	2026-09-23T11:23:59.0862999Z test_accept (test_child_panic_confirmation.ChildPanicConfirmationTests) ... ok
unit-tests	Run python scripts/run-unit-tests	2026-09-23T11:23:59.0864217Z test_direct_refusal (test_child_panic_confirmation.ChildPanicConfirmationTests) ... ok
unit-tests	Run python scripts/run-unit-tests	2026-09-23T11:23:59.0865789Z test_worker_join_refusal (test_child_panic_confirmation.ChildPanicConfirmationTests) ... ok
unit-tests	Run python scripts/run-unit-tests	2026-09-23T11:23:59.0869834Z test_all_six_processes_are_observed_and_clean (test_child_panic_confirmation_closure.ChildPanicConfirmationClosureTests) ... ok
unit-tests	Run python scripts/run-unit-tests	2026-09-23T11:23:59.0872207Z test_claim_is_diagnostic_only_and_prelaunch_failure_is_preserved (test_child_panic_confirmation_closure.ChildPanicConfirmationClosureTests) ... ok
unit-tests	Run python scripts/run-unit-tests	2026-09-23T11:23:59.0873444Z test_fixed_four_cell_oracle (test_child_panic_confirmation_closure.ChildPanicConfirmationClosureTests) ... ok
unit-tests	Run python scripts/run-unit-tests	2026-09-23T11:23:59.0874422Z test_extracts_target_counts_by_relative_suffix (test_collatz_projection_repair.CollatzProjectionRepairCoverageTests) ... ok
unit-tests	Run python scripts/run-unit-tests	2026-09-23T11:23:59.0876289Z test_rejects_ambiguous_target_source (test_collatz_projection_repair.CollatzProjectionRepairCoverageTests) ... ok
unit-tests	Run python scripts/run-unit-tests	2026-09-23T11:23:59.0878027Z test_rejects_missing_target_source (test_collatz_projection_repair.CollatzProjectionRepairCoverageTests) ... ok
unit-tests	Run python scripts/run-unit-tests	2026-09-23T11:23:59.0879711Z test_rejects_source_map_without_target_segments (test_collatz_projection_repair.CollatzProjectionRepairCoverageTests) ... ok
unit-tests	Run python scripts/run-unit-tests	2026-09-23T11:23:59.0895259Z test_lazy_limit_matches_prefix_of_frozen_generator (test_collatz_projection_repair_v2.BoundedProjectionMutationTests) ... ok
unit-tests	Run python scripts/run-unit-tests	2026-09-23T11:23:59.0909510Z test_lazy_order_matches_frozen_eager_generator (test_collatz_projection_repair_v2.BoundedProjectionMutationTests) ... ok
unit-tests	Run python scripts/run-unit-tests	2026-09-23T11:23:59.0925296Z test_bound_files_cannot_escape_repository (test_contribution_workflow.ContributionWorkflowTests) ... ok
unit-tests	Run python scripts/run-unit-tests	2026-09-23T11:23:59.0926622Z test_bug_investigations_require_action_and_authorization_metadata (test_contribution_workflow.ContributionWorkflowTests) ... ok
unit-tests	Run python scripts/run-unit-tests	2026-09-23T11:23:59.0940306Z test_catalog_is_valid_and_has_all_seven_paths (test_contribution_workflow.ContributionWorkflowTests) ... ok
unit-tests	Run python scripts/run-unit-tests	2026-09-23T11:23:59.0950681Z test_empty_required_type_metadata_is_rejected (test_contribution_workflow.ContributionWorkflowTests) ... ok
unit-tests	Run python scripts/run-unit-tests	2026-09-23T11:23:59.1015143Z test_every_contribution_type_has_a_valid_manifest_contract (test_contribution_workflow.ContributionWorkflowTests) ... ok
unit-tests	Run python scripts/run-unit-tests	2026-09-23T11:23:59.1024941Z test_missing_type_metadata_is_rejected (test_contribution_workflow.ContributionWorkflowTests) ... ok
unit-tests	Run python scripts/run-unit-tests	2026-09-23T11:23:59.1035299Z test_stale_artifact_hash_is_rejected (test_contribution_workflow.ContributionWorkflowTests) ... ok
unit-tests	Run python scripts/run-unit-tests	2026-09-23T11:23:59.1080309Z test_external_pr_description_stands_alone (test_corpus_integration_closure.CorpusIntegrationClosureTests) ... ok
unit-tests	Run python scripts/run-unit-tests	2026-09-23T11:23:59.1113707Z test_rejects_admission_predicate_tampering (test_corpus_integration_closure.CorpusIntegrationClosureTests) ... ok
unit-tests	Run python scripts/run-unit-tests	2026-09-23T11:23:59.1128921Z test_rejects_checker_or_download_bound_changes (test_corpus_integration_closure.CorpusIntegrationClosureTests) ... ok
unit-tests	Run python scripts/run-unit-tests	2026-09-23T11:23:59.1164987Z test_rejects_external_action_record_tampering (test_corpus_integration_closure.CorpusIntegrationClosureTests) ... ok
unit-tests	Run python scripts/run-unit-tests	2026-09-23T11:23:59.1207536Z test_renders_recorded_external_decisions_without_processes (test_corpus_integration_closure.CorpusIntegrationClosureTests) ... ok
unit-tests	Run python scripts/run-unit-tests	2026-09-23T11:23:59.1209424Z test_aggregate_never_majority_votes_away_disagreement (test_cross_validation.CrossValidationTests) ... ok
unit-tests	Run python scripts/run-unit-tests	2026-09-23T11:23:59.1214339Z test_catalog_conforms_to_schema_and_disables_majority_vote (test_cross_validation.CrossValidationTests) ... ok
unit-tests	Run python scripts/run-unit-tests	2026-09-23T11:23:59.1351211Z test_direct_runner_records_decline_crash_and_timeout (test_cross_validation.CrossValidationTests) ... ok
unit-tests	Run python scripts/run-unit-tests	2026-09-23T11:23:59.1352584Z test_exceptional_outcome_is_not_hidden_by_confirmation (test_cross_validation.CrossValidationTests) ... ok
unit-tests	Run python scripts/run-unit-tests	2026-09-23T11:23:59.1353870Z test_expected_outcome_classifications_are_explicit (test_cross_validation.CrossValidationTests) ... ok
unit-tests	Run python scripts/run-unit-tests	2026-09-23T11:23:59.1355159Z test_normalization_preserves_all_exceptional_outcomes (test_cross_validation.CrossValidationTests) ... ok
unit-tests	Run python scripts/run-unit-tests	2026-09-23T11:23:59.1356895Z test_witness_is_statically_compatible_with_built_profiles (test_cross_validation.CrossValidationTests) ... skipped 'requires materialized Lean Kernel Arena checker profiles'
unit-tests	Run python scripts/run-unit-tests	2026-09-23T11:23:59.1358945Z test_context_threshold_never_becomes_a_gate (test_current_assurance.CurrentAssuranceTests) ... ok
unit-tests	Run python scripts/run-unit-tests	2026-09-23T11:23:59.1360528Z test_current_gate_fails_only_for_semantic_disagreement (test_current_assurance.CurrentAssuranceTests) ... ok
unit-tests	Run python scripts/run-unit-tests	2026-09-23T11:23:59.1363937Z test_generated_witness_kills_are_derived_from_current_evidence (test_current_assurance.CurrentAssuranceTests) ... ok
unit-tests	Run python scripts/run-unit-tests	2026-09-23T11:23:59.1367067Z test_pending_mechanical_survivors_are_not_conflated_with_modeled_results (test_current_assurance.CurrentAssuranceTests) ... ok
unit-tests	Run python scripts/run-unit-tests	2026-09-23T11:23:59.1514143Z test_snapshot_and_policy_schemas_are_valid (test_current_assurance.CurrentAssuranceTests) ... ok
unit-tests	Run python scripts/run-unit-tests	2026-09-23T11:23:59.1517431Z test_snapshot_has_every_plan_metric (test_current_assurance.CurrentAssuranceTests) ... ok
unit-tests	Run python scripts/run-unit-tests	2026-09-23T11:23:59.1846790Z test_budget_and_elapsed_time_tampering_fail (test_cvc1_assessment.Cvc1AssessmentTests) ... ok
unit-tests	Run python scripts/run-unit-tests	2026-09-23T11:23:59.2360967Z test_completed_repository_artifacts_validate (test_cvc1_assessment.Cvc1AssessmentTests) ... ok
unit-tests	Run python scripts/run-unit-tests	2026-09-23T11:23:59.2648697Z test_excerpt_linkage_and_historical_successor_are_checked (test_cvc1_assessment.Cvc1AssessmentTests) ... ok
unit-tests	Run python scripts/run-unit-tests	2026-09-23T11:23:59.2898899Z test_fabricated_initial_hash_and_source_linkage_fail (test_cvc1_assessment.Cvc1AssessmentTests) ... ok
unit-tests	Run python scripts/run-unit-tests	2026-09-23T11:23:59.3126151Z test_modified_evidence_fails_manifest (test_cvc1_assessment.Cvc1AssessmentTests) ... ok
unit-tests	Run python scripts/run-unit-tests	2026-09-23T11:23:59.3499249Z test_query_cap_nonfinite_accounting_and_file_bindings_fail (test_cvc1_assessment.Cvc1AssessmentTests) ... ok
unit-tests	Run python scripts/run-unit-tests	2026-09-23T11:23:59.4211732Z test_valid_ledger_and_cli (test_cvc1_assessment.Cvc1AssessmentTests) ... ok
unit-tests	Run python scripts/run-unit-tests	2026-09-23T11:23:59.4398968Z test_boolean_noninteger_and_negative_ids_are_rejected (test_cvc2_artifact.CVC2ArtifactTests) ... ok
unit-tests	Run python scripts/run-unit-tests	2026-09-23T11:23:59.4403805Z test_duplicate_json_keys_at_every_depth_are_rejected (test_cvc2_artifact.CVC2ArtifactTests) ... ok
unit-tests	Run python scripts/run-unit-tests	2026-09-23T11:23:59.4417380Z test_duplicate_namespace_ids_and_implicit_ids_are_rejected (test_cvc2_artifact.CVC2ArtifactTests) ... ok
unit-tests	Run python scripts/run-unit-tests	2026-09-23T11:23:59.4420760Z test_exact_existing_candidate_shape (test_cvc2_artifact.CVC2ArtifactTests) ... ok
unit-tests	Run python scripts/run-unit-tests	2026-09-23T11:23:59.4424457Z test_exact_existing_control_shape (test_cvc2_artifact.CVC2ArtifactTests) ... ok
unit-tests	Run python scripts/run-unit-tests	2026-09-23T11:23:59.4449795Z test_extra_fields_are_rejected (test_cvc2_artifact.CVC2ArtifactTests) ... ok
unit-tests	Run python scripts/run-unit-tests	2026-09-23T11:23:59.4454626Z test_extracted_trees_do_not_share_mutable_nodes (test_cvc2_artifact.CVC2ArtifactTests) ... ok
unit-tests	Run python scripts/run-unit-tests	2026-09-23T11:23:59.4485118Z test_forward_and_unresolved_references_are_rejected (test_cvc2_artifact.CVC2ArtifactTests) ... ok
unit-tests	Run python scripts/run-unit-tests	2026-09-23T11:23:59.4501709Z test_header_versions_are_fixed_and_lean_strings_are_provenance_only (test_cvc2_artifact.CVC2ArtifactTests) ... ok
unit-tests	Run python scripts/run-unit-tests	2026-09-23T11:23:59.4510068Z test_invalid_json_encoding_and_nonobject_records_are_rejected (test_cvc2_artifact.CVC2ArtifactTests) ... ok
unit-tests	Run python scripts/run-unit-tests	2026-09-23T11:23:59.4539202Z test_missing_fields_are_rejected (test_cvc2_artifact.CVC2ArtifactTests) ... ok
unit-tests	Run python scripts/run-unit-tests	2026-09-23T11:23:59.4564860Z test_only_final_single_safe_opaque_definition_is_supported (test_cvc2_artifact.CVC2ArtifactTests) ... ok
unit-tests	Run python scripts/run-unit-tests	2026-09-23T11:23:59.4596085Z test_other_names_levels_and_expression_forms_are_rejected (test_cvc2_artifact.CVC2ArtifactTests) ... ok
unit-tests	Run python scripts/run-unit-tests	2026-09-23T11:23:59.4614225Z test_parameter_ownership_includes_unused_level_records (test_cvc2_artifact.CVC2ArtifactTests) ... ok
unit-tests	Run python scripts/run-unit-tests	2026-09-23T11:23:59.4626960Z test_valid_changed_references_remain_changed_in_extracted_body (test_cvc2_artifact.CVC2ArtifactTests) ... ok
unit-tests	Run python scripts/run-unit-tests	2026-09-23T11:23:59.5521981Z test_claim_runtime_availability_and_axiom_promotions_are_rejected (test_cvc2_contract.CVC2ContractTests) ... ok
unit-tests	Run python scripts/run-unit-tests	2026-09-23T11:23:59.5652581Z test_completed_evidence_passes_without_running_inventory_commands (test_cvc2_contract.CVC2ContractTests) ... ok
unit-tests	Run python scripts/run-unit-tests	2026-09-23T11:23:59.5781289Z test_fixed_boundary_shape_and_example_inventory_are_required (test_cvc2_contract.CVC2ContractTests) ... ok
unit-tests	Run python scripts/run-unit-tests	2026-09-23T11:23:59.6516434Z test_future_protocol_limits_execution_and_required_results_are_fixed (test_cvc2_contract.CVC2ContractTests) ... ok
unit-tests	Run python scripts/run-unit-tests	2026-09-23T11:23:59.6665174Z test_historical_successor_state_may_change_but_bound_inputs_may_not (test_cvc2_contract.CVC2ContractTests) ... ok
unit-tests	Run python scripts/run-unit-tests	2026-09-23T11:23:59.6958065Z test_manifest_detects_changed_omitted_and_duplicate_evidence (test_cvc2_contract.CVC2ContractTests) ... ok
unit-tests	Run python scripts/run-unit-tests	2026-09-23T11:23:59.7128661Z test_rehashed_independent_meaning_ownership_and_target_changes_are_rejected (test_cvc2_contract.CVC2ContractTests) ... ok
unit-tests	Run python scripts/run-unit-tests	2026-09-23T11:23:59.7217428Z test_rehashed_lean_example_body_change_is_rejected (test_cvc2_contract.CVC2ContractTests) ... ok
unit-tests	Run python scripts/run-unit-tests	2026-09-23T11:23:59.7343671Z test_rehashed_raw_body_change_cannot_disguise_ast_replacement (test_cvc2_contract.CVC2ContractTests) ... ok
unit-tests	Run python scripts/run-unit-tests	2026-09-23T11:23:59.7564606Z test_session_bounds_and_consumed_counts_cannot_be_reset_or_promoted (test_cvc2_contract.CVC2ContractTests) ... ok
unit-tests	Run python scripts/run-unit-tests	2026-09-23T11:23:59.7816612Z test_source_mapping_and_pin_tampering_are_rejected (test_cvc2_contract.CVC2ContractTests) ... ok
unit-tests	Run python scripts/run-unit-tests	2026-09-23T11:23:59.7972029Z test_unsafe_bindings_malformed_json_and_missing_evidence_fail_cleanly (test_cvc2_contract.CVC2ContractTests) ... ok
unit-tests	Run python scripts/run-unit-tests	2026-09-23T11:23:59.8106312Z test_actual_transcript_replays_failure_without_promoting_baseline (test_cvc3_a7_evidence.A7ClosureTests) ... ok
unit-tests	Run python scripts/run-unit-tests	2026-09-23T11:23:59.8913354Z test_closure_binds_accounting_and_diagnostic_independently_of_manifest (test_cvc3_a7_evidence.A7ClosureTests) ... ok
unit-tests	Run python scripts/run-unit-tests	2026-09-23T11:23:59.9545419Z test_closure_rejects_aggregate_cost_and_successor_budget_resets (test_cvc3_a7_evidence.A7ClosureTests) ... ok
unit-tests	Run python scripts/run-unit-tests	2026-09-23T11:23:59.9706507Z test_portable_mode_works_without_ignored_signature_payload (test_cvc3_a7_evidence.A7ClosureTests) ... ok
unit-tests	Run python scripts/run-unit-tests	2026-09-23T11:23:59.9784529Z test_predecessor_bound_bytes_are_preserved_without_unstarted_gate (test_cvc3_a7_evidence.A7ClosureTests) ... ok
unit-tests	Run python scripts/run-unit-tests	2026-09-23T11:24:00.0018937Z test_raw_transcript_and_compiled_raw_receipts_are_required (test_cvc3_a7_evidence.A7ClosureTests) ... ok
unit-tests	Run python scripts/run-unit-tests	2026-09-23T11:24:00.0218464Z test_rehashed_ledger_cannot_forge_an_audit_downgrade (test_cvc3_a7_evidence.A7ClosureTests) ... ok
unit-tests	Run python scripts/run-unit-tests	2026-09-23T11:24:00.0418182Z test_rehashed_receipts_cannot_change_process_success_to_failure (test_cvc3_a7_evidence.A7ClosureTests) ... ok
unit-tests	Run python scripts/run-unit-tests	2026-09-23T11:24:00.0615888Z test_rehashed_request_receipt_still_requires_internal_request_hash (test_cvc3_a7_evidence.A7ClosureTests) ... ok
unit-tests	Run python scripts/run-unit-tests	2026-09-23T11:24:00.0729157Z test_snapshot_and_fixed_source_tampering_are_rejected (test_cvc3_a7_evidence.A7ClosureTests) ... ok
unit-tests	Run python scripts/run-unit-tests	2026-09-23T11:24:00.1498485Z test_closure_rejects_result_accounting_and_axiom_tampering (test_cvc3_evidence.EvidenceTests) ... ok
unit-tests	Run python scripts/run-unit-tests	2026-09-23T11:24:00.1737517Z test_failed_comparator_reports_preserve_exact_unlisted_axioms (test_cvc3_evidence.EvidenceTests) ... ok
unit-tests	Run python scripts/run-unit-tests	2026-09-23T11:24:00.2024606Z test_full_payload_mode_requires_compiler_output_receipt (test_cvc3_evidence.EvidenceTests) ... ok
unit-tests	Run python scripts/run-unit-tests	2026-09-23T11:24:00.2290269Z test_individual_session_cap_is_not_hidden_by_total_budget (test_cvc3_evidence.EvidenceTests) ... ok
unit-tests	Run python scripts/run-unit-tests	2026-09-23T11:24:00.2584598Z test_summary_uses_closed_ledger_and_audited_final_proof (test_cvc3_evidence.EvidenceTests) ... ok
unit-tests	Run python scripts/run-unit-tests	2026-09-23T11:24:00.2845059Z test_tampered_raw_source_and_snapshot_are_rejected (test_cvc3_evidence.EvidenceTests) ... ok
unit-tests	Run python scripts/run-unit-tests	2026-09-23T11:24:00.2850981Z test_candidate_cannot_be_promoted_to_invalid (test_cvc4_adapter_review.AdapterReviewTests) ... ok
unit-tests	Run python scripts/run-unit-tests	2026-09-23T11:24:00.2855543Z test_changed_meaning_is_not_a_representation_transition (test_cvc4_adapter_review.AdapterReviewTests) ... ok
unit-tests	Run python scripts/run-unit-tests	2026-09-23T11:24:00.3623255Z test_existing_bound_review_validates_without_variant_generation (test_cvc4_adapter_review.AdapterReviewTests) ... ok
unit-tests	Run python scripts/run-unit-tests	2026-09-23T11:24:00.3630149Z test_launch_expansion_and_terminal_resume_are_refused (test_cvc4_adapter_review.AdapterReviewTests) ... ok
unit-tests	Run python scripts/run-unit-tests	2026-09-23T11:24:00.3637261Z test_missing_positive_control_or_changed_binary_is_refused (test_cvc4_adapter_review.AdapterReviewTests) ... ok
unit-tests	Run python scripts/run-unit-tests	2026-09-23T11:24:00.3641762Z test_wrong_name_reference_cannot_supply_unused_v (test_cvc4_adapter_review.AdapterReviewTests) ... ok
unit-tests	Run python scripts/run-unit-tests	2026-09-23T11:24:00.3666663Z test_actual_fixed_cases_bind (test_cvc4_artifacts.CVC4ArtifactsTests) ... ok
unit-tests	Run python scripts/run-unit-tests	2026-09-23T11:24:00.3733724Z test_changed_candidate_cannot_be_regenerated_over (test_cvc4_artifacts.CVC4ArtifactsTests) ... ok
unit-tests	Run python scripts/run-unit-tests	2026-09-23T11:24:00.3741253Z test_serializer_preserves_zero_and_ownership_boundaries (test_cvc4_artifacts.CVC4ArtifactsTests) ... ok
unit-tests	Run python scripts/run-unit-tests	2026-09-23T11:24:01.2587821Z test_completed_result_replays_with_original_tooling (test_cvc4_evidence.ClosureEvidenceTests) ... ok
unit-tests	Run python scripts/run-unit-tests	2026-09-23T11:24:01.2589322Z test_explicit_declared_parameter_record_has_no_gap (test_cvc4_evidence.ParameterRecordBoundaryTests) ... ok
unit-tests	Run python scripts/run-unit-tests	2026-09-23T11:24:01.2593015Z test_frozen_ownership_streams_lack_the_declared_v_parameter_record (test_cvc4_evidence.ParameterRecordBoundaryTests) ... ok
unit-tests	Run python scripts/run-unit-tests	2026-09-23T11:24:01.2665813Z test_assumptions_cannot_be_silently_removed (test_cvc4_evidence.SourceMappingTests) ... ok
unit-tests	Run python scripts/run-unit-tests	2026-09-23T11:24:01.2733041Z test_exact_source_locks_and_proof_assumptions (test_cvc4_evidence.SourceMappingTests) ... ok
unit-tests	Run python scripts/run-unit-tests	2026-09-23T11:24:01.2796670Z test_source_range_cannot_extend_past_actual_file (test_cvc4_evidence.SourceMappingTests) ... ok
unit-tests	Run python scripts/run-unit-tests	2026-09-23T11:24:01.2799765Z test_candidate_acceptance_is_characterized_without_changing_hypothesis (test_cvc4_ownership_evidence.OwnershipEvidenceTests) ... ok
unit-tests	Run python scripts/run-unit-tests	2026-09-23T11:24:01.2801352Z test_engineering_failure_is_not_refusal (test_cvc4_ownership_evidence.OwnershipEvidenceTests) ... ok
unit-tests	Run python scripts/run-unit-tests	2026-09-23T11:24:01.2806601Z test_ast_or_parameter_order_cannot_change (test_cvc4_ownership_inputs.OwnershipInsertionTests) ... ok
unit-tests	Run python scripts/run-unit-tests	2026-09-23T11:24:01.2820536Z test_committed_successor_bytes (test_cvc4_ownership_inputs.OwnershipInsertionTests) ... ok
unit-tests	Run python scripts/run-unit-tests	2026-09-23T11:24:01.2832523Z test_exact_transition_and_strict_boundary (test_cvc4_ownership_inputs.OwnershipInsertionTests) ... ok
unit-tests	Run python scripts/run-unit-tests	2026-09-23T11:24:01.2845816Z test_no_extra_edit_or_record (test_cvc4_ownership_inputs.OwnershipInsertionTests) ... ok
unit-tests	Run python scripts/run-unit-tests	2026-09-23T11:24:01.2849960Z test_predecessor_cannot_change (test_cvc4_ownership_inputs.OwnershipInsertionTests) ... ok
unit-tests	Run python scripts/run-unit-tests	2026-09-23T11:24:01.2856298Z test_wrong_name_or_level_identity (test_cvc4_ownership_inputs.OwnershipInsertionTests) ... ok
unit-tests	Run python scripts/run-unit-tests	2026-09-23T11:24:01.2861786Z test_both_fresh_controls_are_required_before_any_candidate (test_cvc4_ownership_runner.OwnershipOrderTests) ... ok
unit-tests	Run python scripts/run-unit-tests	2026-09-23T11:24:01.2865970Z test_missing_or_malformed_output_remains_a_pause_not_an_outcome (test_cvc4_ownership_runner.OwnershipOrderTests) ... ok
unit-tests	Run python scripts/run-unit-tests	2026-09-23T11:24:01.2867539Z test_new_and_combined_launch_caps_are_cumulative (test_cvc4_ownership_runner.OwnershipOrderTests) ... ok
unit-tests	Run python scripts/run-unit-tests	2026-09-23T11:24:01.2893710Z test_compare_rejects_missing_utf8_and_empty_acceptance_output (test_cvc4_ownership_runner.ReceiptAndClockTests) ... ok
unit-tests	Run python scripts/run-unit-tests	2026-09-23T11:24:01.2902955Z test_empty_receipts_cannot_establish_a_control_acceptance (test_cvc4_ownership_runner.ReceiptAndClockTests) ... ok
unit-tests	Run python scripts/run-unit-tests	2026-09-23T11:24:01.2940080Z test_supervisor_rejects_bound_request_tampering_and_process_hash_tampering (test_cvc4_ownership_runner.ReceiptAndClockTests) ... ok
unit-tests	Run python scripts/run-unit-tests	2026-09-23T11:24:01.2972698Z test_terminal_cannot_forge_raw_supervisor_status_or_returncode (test_cvc4_ownership_runner.ReceiptAndClockTests) ... ok
unit-tests	Run python scripts/run-unit-tests	2026-09-23T11:24:01.2991745Z test_unknown_candidate_output_pauses_but_exact_acceptance_is_observed (test_cvc4_ownership_runner.ReceiptAndClockTests) ... ok
unit-tests	Run python scripts/run-unit-tests	2026-09-23T11:24:01.3001034Z test_wall_and_monotonic_rollbacks_and_distinct_work_are_rejected_or_allowed (test_cvc4_ownership_runner.ReceiptAndClockTests) ... ok
unit-tests	Run python scripts/run-unit-tests	2026-09-23T11:24:01.3242246Z test_accounting_failure_after_process_still_records_failed_terminal (test_cvc4_runner.ObserverRunnerTests) ... ok
unit-tests	Run python scripts/run-unit-tests	2026-09-23T11:24:01.3492377Z test_cleanup_fault_cannot_be_reconciled (test_cvc4_runner.ObserverRunnerTests) ... ok
unit-tests	Run python scripts/run-unit-tests	2026-09-23T11:24:01.4122507Z test_clone_relocation_preserves_original_absolute_launch_paths (test_cvc4_runner.ObserverRunnerTests) ... ok
unit-tests	Run python scripts/run-unit-tests	2026-09-23T11:24:01.4579536Z test_clone_safe_read_only_replay_excludes_payload_availability (test_cvc4_runner.ObserverRunnerTests) ... ok
unit-tests	Run python scripts/run-unit-tests	2026-09-23T11:24:01.4624169Z test_closed_intervals_are_immutable_and_utc_mono_both_monotone (test_cvc4_runner.ObserverRunnerTests) ... ok
unit-tests	Run python scripts/run-unit-tests	2026-09-23T11:24:01.4788485Z test_cumulative_engineering_cap_includes_closed_intervals (test_cvc4_runner.ObserverRunnerTests) ... ok
unit-tests	Run python scripts/run-unit-tests	2026-09-23T11:24:01.5091631Z test_engineering_start_and_observed_time_cannot_be_erased (test_cvc4_runner.ObserverRunnerTests) ... ok
unit-tests	Run python scripts/run-unit-tests	2026-09-23T11:24:01.5505430Z test_expected_nonzero_rejection_is_a_matched_observation (test_cvc4_runner.ObserverRunnerTests) ... ok
unit-tests	Run python scripts/run-unit-tests	2026-09-23T11:24:01.5894067Z test_failed_control_cannot_authorize_candidate_after_reconciliation (test_cvc4_runner.ObserverRunnerTests) ... ok
unit-tests	Run python scripts/run-unit-tests	2026-09-23T11:24:01.6414845Z test_finite_matrix_completes_once_and_binds_prelaunch_reservations (test_cvc4_runner.ObserverRunnerTests) ... ok
unit-tests	Run python scripts/run-unit-tests	2026-09-23T11:24:01.6539191Z test_finite_matrix_constraints_and_absolute_argument_bindings (test_cvc4_runner.ObserverRunnerTests) ... ok
unit-tests	Run python scripts/run-unit-tests	2026-09-23T11:24:01.6798925Z test_ledger_truncation_and_snapshot_mutation_are_refused (test_cvc4_runner.ObserverRunnerTests) ... ok
unit-tests	Run python scripts/run-unit-tests	2026-09-23T11:24:01.6938715Z test_live_interval_reservation_requires_full_timeout (test_cvc4_runner.ObserverRunnerTests) ... ok
unit-tests	Run python scripts/run-unit-tests	2026-09-23T11:24:01.7189366Z test_mutated_supervisor_request_cannot_reconcile (test_cvc4_runner.ObserverRunnerTests) ... ok
unit-tests	Run python scripts/run-unit-tests	2026-09-23T11:24:01.7488156Z test_output_signatures_do_not_normalize_crlf (test_cvc4_runner.ObserverRunnerTests) ... ok
unit-tests	Run python scripts/run-unit-tests	2026-09-23T11:24:01.7876339Z test_parent_loss_retains_pending_reservation_until_explicit_receipt_reconciliation (test_cvc4_runner.ObserverRunnerTests) ... ok
unit-tests	Run python scripts/run-unit-tests	2026-09-23T11:24:01.8116624Z test_pending_without_receipts_cannot_be_zero_cost_or_replayed (test_cvc4_runner.ObserverRunnerTests) ... ok
unit-tests	Run python scripts/run-unit-tests	2026-09-23T11:24:01.8241495Z test_rebound_manifest_cannot_replace_initial_hypotheses (test_cvc4_runner.ObserverRunnerTests) ... ok
unit-tests	Run python scripts/run-unit-tests	2026-09-23T11:24:01.8513739Z test_retained_output_mutation_prevents_next_launch (test_cvc4_runner.ObserverRunnerTests) ... ok
unit-tests	Run python scripts/run-unit-tests	2026-09-23T11:24:01.8674280Z test_runtime_tooling_and_fixed_input_mutations_prevent_launch (test_cvc4_runner.ObserverRunnerTests) ... ok
unit-tests	Run python scripts/run-unit-tests	2026-09-23T11:24:02.5781602Z test_sixteen_launch_ceiling_is_enforced (test_cvc4_runner.ObserverRunnerTests) ... ok
unit-tests	Run python scripts/run-unit-tests	2026-09-23T11:24:02.6088038Z test_start_error_unknown_cost_stays_paused (test_cvc4_runner.ObserverRunnerTests) ... ok
unit-tests	Run python scripts/run-unit-tests	2026-09-23T11:24:02.6392246Z test_strict_signature_mismatch_stops_sequence (test_cvc4_runner.ObserverRunnerTests) ... ok
unit-tests	Run python scripts/run-unit-tests	2026-09-23T11:24:02.6633186Z test_unreserved_duplicate_terminal_is_rejected (test_cvc4_runner.ObserverRunnerTests) ... ok
unit-tests	Run python scripts/run-unit-tests	2026-09-23T11:24:02.6903331Z test_accounting_failure_after_process_still_records_failed_terminal (test_cvc4_runner2.ObserverSuccessorTests) ... ok
unit-tests	Run python scripts/run-unit-tests	2026-09-23T11:24:02.7193639Z test_cleanup_fault_cannot_be_reconciled (test_cvc4_runner2.ObserverSuccessorTests) ... ok
unit-tests	Run python scripts/run-unit-tests	2026-09-23T11:24:02.7745617Z test_clone_relocation_preserves_original_absolute_launch_paths (test_cvc4_runner2.ObserverSuccessorTests) ... ok
unit-tests	Run python scripts/run-unit-tests	2026-09-23T11:24:02.8289898Z test_clone_safe_read_only_replay_excludes_payload_availability (test_cvc4_runner2.ObserverSuccessorTests) ... ok
unit-tests	Run python scripts/run-unit-tests	2026-09-23T11:24:02.8343563Z test_closed_intervals_are_immutable_and_utc_mono_both_monotone (test_cvc4_runner2.ObserverSuccessorTests) ... ok
unit-tests	Run python scripts/run-unit-tests	2026-09-23T11:24:02.8515392Z test_cumulative_engineering_cap_includes_closed_intervals (test_cvc4_runner2.ObserverSuccessorTests) ... ok
unit-tests	Run python scripts/run-unit-tests	2026-09-23T11:24:02.9061589Z test_engineering_start_and_observed_time_cannot_be_erased (test_cvc4_runner2.ObserverSuccessorTests) ... ok
unit-tests	Run python scripts/run-unit-tests	2026-09-23T11:24:02.9183739Z test_exact_prior_reporting_mismatch_is_replayed_without_relabeling (test_cvc4_runner2.ObserverSuccessorTests) ... ok
unit-tests	Run python scripts/run-unit-tests	2026-09-23T11:24:02.9657717Z test_expected_nonzero_rejection_is_a_matched_observation (test_cvc4_runner2.ObserverSuccessorTests) ... ok
unit-tests	Run python scripts/run-unit-tests	2026-09-23T11:24:03.0080904Z test_failed_control_cannot_authorize_candidate_after_reconciliation (test_cvc4_runner2.ObserverSuccessorTests) ... ok
unit-tests	Run python scripts/run-unit-tests	2026-09-23T11:24:03.0657269Z test_finite_matrix_completes_once_and_binds_prelaunch_reservations (test_cvc4_runner2.ObserverSuccessorTests) ... ok
unit-tests	Run python scripts/run-unit-tests	2026-09-23T11:24:03.0812382Z test_finite_matrix_constraints_and_absolute_argument_bindings (test_cvc4_runner2.ObserverSuccessorTests) ... ok
unit-tests	Run python scripts/run-unit-tests	2026-09-23T11:24:03.0946560Z test_inherited_cost_is_written_into_start_and_cannot_reset (test_cvc4_runner2.ObserverSuccessorTests) ... ok
unit-tests	Run python scripts/run-unit-tests	2026-09-23T11:24:03.1235233Z test_ledger_truncation_and_snapshot_mutation_are_refused (test_cvc4_runner2.ObserverSuccessorTests) ... ok
unit-tests	Run python scripts/run-unit-tests	2026-09-23T11:24:03.1406871Z test_live_interval_reservation_requires_full_timeout (test_cvc4_runner2.ObserverSuccessorTests) ... ok
unit-tests	Run python scripts/run-unit-tests	2026-09-23T11:24:03.1744764Z test_mutated_supervisor_request_cannot_reconcile (test_cvc4_runner2.ObserverSuccessorTests) ... ok
unit-tests	Run python scripts/run-unit-tests	2026-09-23T11:24:03.1818551Z test_new_matrix_cannot_claim_sixteen_additional_launches (test_cvc4_runner2.ObserverSuccessorTests) ... ok
unit-tests	Run python scripts/run-unit-tests	2026-09-23T11:24:03.2081362Z test_output_signatures_do_not_normalize_crlf (test_cvc4_runner2.ObserverSuccessorTests) ... ok
unit-tests	Run python scripts/run-unit-tests	2026-09-23T11:24:03.2504545Z test_parent_loss_retains_pending_reservation_until_explicit_receipt_reconciliation (test_cvc4_runner2.ObserverSuccessorTests) ... ok
unit-tests	Run python scripts/run-unit-tests	2026-09-23T11:24:03.2777527Z test_pending_without_receipts_cannot_be_zero_cost_or_replayed (test_cvc4_runner2.ObserverSuccessorTests) ... ok
unit-tests	Run python scripts/run-unit-tests	2026-09-23T11:24:03.2897847Z test_predecessor_exact_raw_diagnostic_is_required (test_cvc4_runner2.ObserverSuccessorTests) ... ok
unit-tests	Run python scripts/run-unit-tests	2026-09-23T11:24:03.3068034Z test_predecessor_wrong_cost_count_or_observation_is_refused (test_cvc4_runner2.ObserverSuccessorTests) ... ok
unit-tests	Run python scripts/run-unit-tests	2026-09-23T11:24:03.3179403Z test_prior_observed_engineering_work_cannot_be_erased_by_new_baseline (test_cvc4_runner2.ObserverSuccessorTests) ... ok
unit-tests	Run python scripts/run-unit-tests	2026-09-23T11:24:03.3321045Z test_rebound_manifest_cannot_replace_initial_hypotheses (test_cvc4_runner2.ObserverSuccessorTests) ... ok
unit-tests	Run python scripts/run-unit-tests	2026-09-23T11:24:03.3443404Z test_reporting_switch_requires_json_boolean_false (test_cvc4_runner2.ObserverSuccessorTests) ... ok
unit-tests	Run python scripts/run-unit-tests	2026-09-23T11:24:03.3734860Z test_retained_output_mutation_prevents_next_launch (test_cvc4_runner2.ObserverSuccessorTests) ... ok
unit-tests	Run python scripts/run-unit-tests	2026-09-23T11:24:03.3884989Z test_runtime_tooling_and_fixed_input_mutations_prevent_launch (test_cvc4_runner2.ObserverSuccessorTests) ... ok
unit-tests	Run python scripts/run-unit-tests	2026-09-23T11:24:03.4039006Z test_scientific_expectations_payloads_and_old_binding_inventory_cannot_change (test_cvc4_runner2.ObserverSuccessorTests) ... ok
unit-tests	Run python scripts/run-unit-tests	2026-09-23T11:24:03.9798756Z test_sixteen_launch_ceiling_is_enforced (test_cvc4_runner2.ObserverSuccessorTests) ... ok
unit-tests	Run python scripts/run-unit-tests	2026-09-23T11:24:04.0145841Z test_start_error_unknown_cost_stays_paused (test_cvc4_runner2.ObserverSuccessorTests) ... ok
unit-tests	Run python scripts/run-unit-tests	2026-09-23T11:24:04.0486806Z test_strict_signature_mismatch_stops_sequence (test_cvc4_runner2.ObserverSuccessorTests) ... ok
unit-tests	Run python scripts/run-unit-tests	2026-09-23T11:24:04.0614432Z test_successor_may_change_only_print_axioms (test_cvc4_runner2.ObserverSuccessorTests) ... ok
unit-tests	Run python scripts/run-unit-tests	2026-09-23T11:24:04.0894938Z test_unreserved_duplicate_terminal_is_rejected (test_cvc4_runner2.ObserverSuccessorTests) ... ok
unit-tests	Run python scripts/run-unit-tests	2026-09-23T11:24:04.0941043Z test_cannot_discharge_assumptions (test_cvc5_package.PackageTests) ... ok
unit-tests	Run python scripts/run-unit-tests	2026-09-23T11:24:04.1282493Z test_cannot_hide_parser_failure_or_unrun_candidate (test_cvc5_package.PackageTests) ... ok
unit-tests	Run python scripts/run-unit-tests	2026-09-23T11:24:04.1349289Z test_cannot_promote_unsupported_or_control_acceptance (test_cvc5_package.PackageTests) ... ok
unit-tests	Run python scripts/run-unit-tests	2026-09-23T11:24:04.1411281Z test_cannot_reset_prior_costs_or_drop_raw_receipt (test_cvc5_package.PackageTests) ... ok
unit-tests	Run python scripts/run-unit-tests	2026-09-23T11:24:04.1452882Z test_embedded_scientific_bytes_and_raw_receipts_must_be_bound (test_cvc5_package.PackageTests) ... ok
unit-tests	Run python scripts/run-unit-tests	2026-09-23T11:24:04.1457271Z test_incomplete_manifest_rejected_before_git (test_cvc5_package.PackageTests) ... ok
unit-tests	Run python scripts/run-unit-tests	2026-09-23T11:24:04.1684428Z test_no_new_work_or_broader_claim (test_cvc5_package.PackageTests) ... ok
unit-tests	Run python scripts/run-unit-tests	2026-09-23T11:24:04.1714447Z test_retained_projection (test_cvc5_package.PackageTests) ... ok
unit-tests	Run python scripts/run-unit-tests	2026-09-23T11:24:04.1718943Z test_baseline_is_generated_from_independent_reviewed_types (test_cvc_a7_audit.BaselineTests) ... ok
unit-tests	Run python scripts/run-unit-tests	2026-09-23T11:24:04.1722805Z test_comparator_mutations_reject_missing_extra_and_duplicate (test_cvc_a7_audit.BaselineTests) ... ok
unit-tests	Run python scripts/run-unit-tests	2026-09-23T11:24:04.1733720Z test_exact_baseline_accepts (test_cvc_a7_audit.BaselineTests) ... ok
unit-tests	Run python scripts/run-unit-tests	2026-09-23T11:24:04.1736758Z test_later_proof_keeps_original_targets_and_only_permits_a7_subsets (test_cvc_a7_audit.BaselineTests) ... ok
unit-tests	Run python scripts/run-unit-tests	2026-09-23T11:24:04.1739703Z test_reordered_exact_set_is_accepted_and_diagnostic_is_rejected (test_cvc_a7_audit.BaselineTests) ... ok
unit-tests	Run python scripts/run-unit-tests	2026-09-23T11:24:04.1745041Z test_type_mutations_reject_missing_duplicate_and_mismatch (test_cvc_a7_audit.BaselineTests) ... ok
unit-tests	Run python scripts/run-unit-tests	2026-09-23T11:24:04.1748768Z test_unclaimed_comment_or_log_spoof_is_rejected (test_cvc_a7_audit.BaselineTests) ... ok
unit-tests	Run python scripts/run-unit-tests	2026-09-23T11:24:04.1758555Z test_both_header_universe_decorations_are_validated (test_cvc_a7_repair_audit.RepairedBaselineTests) ... ok
unit-tests	Run python scripts/run-unit-tests	2026-09-23T11:24:04.1778906Z test_diagnostics_are_never_removed_or_absorbed (test_cvc_a7_repair_audit.RepairedBaselineTests) ... ok
unit-tests	Run python scripts/run-unit-tests	2026-09-23T11:24:04.1784274Z test_historical_warning_transcript_still_rejected (test_cvc_a7_repair_audit.RepairedBaselineTests) ... ok
unit-tests	Run python scripts/run-unit-tests	2026-09-23T11:24:04.1797928Z test_missing_duplicate_and_extra_axiom_reports_rejected (test_cvc_a7_repair_audit.RepairedBaselineTests) ... ok
unit-tests	Run python scripts/run-unit-tests	2026-09-23T11:24:04.1821914Z test_missing_duplicate_reordered_and_extra_type_headers_rejected (test_cvc_a7_repair_audit.RepairedBaselineTests) ... ok
unit-tests	Run python scripts/run-unit-tests	2026-09-23T11:24:04.1840126Z test_missing_extra_and_duplicate_axioms_rejected (test_cvc_a7_repair_audit.RepairedBaselineTests) ... ok
unit-tests	Run python scripts/run-unit-tests	2026-09-23T11:24:04.1856264Z test_pair_type_mutations_are_scientific_mismatch (test_cvc_a7_repair_audit.RepairedBaselineTests) ... ok
unit-tests	Run python scripts/run-unit-tests	2026-09-23T11:24:04.1865953Z test_real_format_with_exact_warning_preamble_removed_in_fixture (test_cvc_a7_repair_audit.RepairedBaselineTests) ... ok
unit-tests	Run python scripts/run-unit-tests	2026-09-23T11:24:04.1869671Z test_repaired_source_keeps_independent_typed_declarations (test_cvc_a7_repair_audit.RepairedBaselineTests) ... ok
unit-tests	Run python scripts/run-unit-tests	2026-09-23T11:24:04.1927351Z test_universe_annotation_malformed_cases_rejected (test_cvc_a7_repair_audit.RepairedBaselineTests) ... ok
unit-tests	Run python scripts/run-unit-tests	2026-09-23T11:24:04.1936424Z test_wrapped_headers_can_use_whitespace_without_changing_types (test_cvc_a7_repair_audit.RepairedBaselineTests) ... ok
unit-tests	Run python scripts/run-unit-tests	2026-09-23T11:24:04.1940346Z test_all_comparators_exact_and_unlisted_lab_axioms_rejected (test_cvc_a7_repair_audit.RepairedProofTests) ... ok
unit-tests	Run python scripts/run-unit-tests	2026-09-23T11:24:04.1943828Z test_empty_lab_assumptions_and_exact_counterexample_skeleton (test_cvc_a7_repair_audit.RepairedProofTests) ... ok
unit-tests	Run python scripts/run-unit-tests	2026-09-23T11:24:04.1946060Z test_harmless_proof_warning_policy_preserved (test_cvc_a7_repair_audit.RepairedProofTests) ... ok
unit-tests	Run python scripts/run-unit-tests	2026-09-23T11:24:04.1948811Z test_original_skeleton_and_a7_subsets_remain (test_cvc_a7_repair_audit.RepairedProofTests) ... ok
unit-tests	Run python scripts/run-unit-tests	2026-09-23T11:24:04.1954687Z test_sorry_errors_and_duplicate_or_forged_reports_rejected (test_cvc_a7_repair_audit.RepairedProofTests) ... ok
unit-tests	Run python scripts/run-unit-tests	2026-09-23T11:24:04.2033960Z test_actual_closure_metadata_matches_audited_run (test_cvc_a7_repair_evidence.ActualClosureMetadataTests) ... ok
unit-tests	Run python scripts/run-unit-tests	2026-09-23T11:24:04.2071601Z test_rebinding_work_receipt_does_not_authorize_a_build_count_reset (test_cvc_a7_repair_evidence.ActualClosureMetadataTests) ... ok
unit-tests	Run python scripts/run-unit-tests	2026-09-23T11:24:04.2158394Z test_result_cannot_reset_actual_work_or_omit_checked_declarations (test_cvc_a7_repair_evidence.ActualClosureMetadataTests) ... ok
unit-tests	Run python scripts/run-unit-tests	2026-09-23T11:24:04.2206031Z test_baseline_replays_against_exact_original_audit_module (test_cvc_a7_repair_evidence.AuditReplayTests) ... ok
unit-tests	Run python scripts/run-unit-tests	2026-09-23T11:24:04.2236631Z test_bound_generator_and_immutable_expectations_are_required (test_cvc_a7_repair_evidence.AuditReplayTests) ... ok
unit-tests	Run python scripts/run-unit-tests	2026-09-23T11:24:04.2265592Z test_failed_compilation_cannot_supply_successful_audit (test_cvc_a7_repair_evidence.AuditReplayTests) ... ok
unit-tests	Run python scripts/run-unit-tests	2026-09-23T11:24:04.2299298Z test_format_failure_is_a_repair_pause_not_scientific_mismatch (test_cvc_a7_repair_evidence.AuditReplayTests) ... ok
unit-tests	Run python scripts/run-unit-tests	2026-09-23T11:24:04.2309947Z test_engineering_pause_cannot_claim_unspent_build_or_time_cap (test_cvc_a7_repair_evidence.BindingAndClosureTests) ... ok
unit-tests	Run python scripts/run-unit-tests	2026-09-23T11:24:04.2319908Z test_initial_accounting_must_match_committed_activation_work (test_cvc_a7_repair_evidence.BindingAndClosureTests) ... ok
unit-tests	Run python scripts/run-unit-tests	2026-09-23T11:24:04.2333848Z test_portability_only_omits_absent_ignored_compiler_products (test_cvc_a7_repair_evidence.BindingAndClosureTests) ... ok
unit-tests	Run python scripts/run-unit-tests	2026-09-23T11:24:04.2342284Z test_present_ignored_product_must_still_match_receipt (test_cvc_a7_repair_evidence.BindingAndClosureTests) ... ok
unit-tests	Run python scripts/run-unit-tests	2026-09-23T11:24:04.2361468Z test_rehashed_tooling_archive_cannot_replace_git_checkpoint (test_cvc_a7_repair_evidence.BindingAndClosureTests) ... ok
unit-tests	Run python scripts/run-unit-tests	2026-09-23T11:24:04.2366548Z test_scientific_success_requires_all_four_per_result_reports (test_cvc_a7_repair_evidence.BindingAndClosureTests) ... ok
unit-tests	Run python scripts/run-unit-tests	2026-09-23T11:24:04.2372259Z test_success_cannot_hide_an_exceeded_interval_or_cumulative_cap (test_cvc_a7_repair_evidence.BindingAndClosureTests) ... ok
unit-tests	Run python scripts/run-unit-tests	2026-09-23T11:24:04.2379927Z test_success_requires_checked_run_and_no_unreconciled_process_stop (test_cvc_a7_repair_evidence.BindingAndClosureTests) ... ok
unit-tests	Run python scripts/run-unit-tests	2026-09-23T11:24:04.2384805Z test_tooling_revision_cannot_broaden_fixed_a7_envelope (test_cvc_a7_repair_evidence.BindingAndClosureTests) ... ok
unit-tests	Run python scripts/run-unit-tests	2026-09-23T11:24:04.2391041Z test_true_cap_and_documented_unrepairable_boundary_are_distinct (test_cvc_a7_repair_evidence.BindingAndClosureTests) ... ok
unit-tests	Run python scripts/run-unit-tests	2026-09-23T11:24:04.2459123Z test_cleanup_and_deadline_tampering_fail_after_rebinding (test_cvc_a7_repair_evidence.ProcessEvidenceTests) ... ok
unit-tests	Run python scripts/run-unit-tests	2026-09-23T11:24:04.2480067Z test_forged_process_identity_is_rejected (test_cvc_a7_repair_evidence.ProcessEvidenceTests) ... ok
unit-tests	Run python scripts/run-unit-tests	2026-09-23T11:24:04.2499616Z test_rehashed_receipt_does_not_replace_internal_request_hash (test_cvc_a7_repair_evidence.ProcessEvidenceTests) ... ok
unit-tests	Run python scripts/run-unit-tests	2026-09-23T11:24:04.2519737Z test_request_cannot_change_invocation_even_after_rehashing (test_cvc_a7_repair_evidence.ProcessEvidenceTests) ... ok
unit-tests	Run python scripts/run-unit-tests	2026-09-23T11:24:04.2535667Z test_retained_successful_supervisor_receipt_validates (test_cvc_a7_repair_evidence.ProcessEvidenceTests) ... ok
unit-tests	Run python scripts/run-unit-tests	2026-09-23T11:24:04.2558508Z test_terminal_cost_and_raw_stream_cannot_be_rewritten (test_cvc_a7_repair_evidence.ProcessEvidenceTests) ... ok
unit-tests	Run python scripts/run-unit-tests	2026-09-23T11:24:04.2564152Z test_clean_counted_baseline_required_before_proof (test_cvc_a7_repair_runner.AccountingTests) ... ok
unit-tests	Run python scripts/run-unit-tests	2026-09-23T11:24:04.2567270Z test_late_closure_cannot_erase_observed_open_interval (test_cvc_a7_repair_runner.AccountingTests) ... ok
unit-tests	Run python scripts/run-unit-tests	2026-09-23T11:24:04.2570432Z test_orphan_keeps_reservation_and_pauses_control (test_cvc_a7_repair_runner.AccountingTests) ... ok
unit-tests	Run python scripts/run-unit-tests	2026-09-23T11:24:04.2577400Z test_parser_failure_pauses_until_changed_tooling_without_reset (test_cvc_a7_repair_runner.AccountingTests) ... ok
unit-tests	Run python scripts/run-unit-tests	2026-09-23T11:24:04.2583016Z test_proof_compile_failure_allows_source_repair_same_tooling (test_cvc_a7_repair_runner.AccountingTests) ... ok
unit-tests	Run python scripts/run-unit-tests	2026-09-23T11:24:04.2586106Z test_semantic_mismatch_and_control_pause_are_distinct (test_cvc_a7_repair_runner.AccountingTests) ... ok
unit-tests	Run python scripts/run-unit-tests	2026-09-23T11:24:04.2588330Z test_signature_compile_error_is_repair_pause_not_scientific_result (test_cvc_a7_repair_runner.AccountingTests) ... ok
unit-tests	Run python scripts/run-unit-tests	2026-09-23T11:24:04.2590674Z test_unlimited_interval_count_charges_actual_cumulative_time (test_cvc_a7_repair_runner.AccountingTests) ... ok
unit-tests	Run python scripts/run-unit-tests	2026-09-23T11:24:04.2592188Z test_work_start_and_closed_intervals_cannot_be_rewritten (test_cvc_a7_repair_runner.AccountingTests) ... ok
unit-tests	Run python scripts/run-unit-tests	2026-09-23T11:24:04.3881592Z test_archived_parser_replay_does_not_read_current_parser_bytes (test_cvc_a7_repair_runner.MockedControllerTests) ... ok
unit-tests	Run python scripts/run-unit-tests	2026-09-23T11:24:04.7041416Z test_mutated_signature_or_old_archived_tooling_blocks_launch (test_cvc_a7_repair_runner.MockedControllerTests) ... ok
unit-tests	Run python scripts/run-unit-tests	2026-09-23T11:24:05.1089671Z test_orphan_recovery_keeps_failed_slot_and_no_new_launch (test_cvc_a7_repair_runner.MockedControllerTests) ... ok
unit-tests	Run python scripts/run-unit-tests	2026-09-23T11:24:05.7766578Z test_parser_pause_new_tested_revision_then_counted_baseline (test_cvc_a7_repair_runner.MockedControllerTests) ... ok
unit-tests	Run python scripts/run-unit-tests	2026-09-23T11:24:06.4612287Z test_proof_compile_feedback_retries_changed_source_without_tooling_revision (test_cvc_a7_repair_runner.MockedControllerTests) ... ok
unit-tests	Run python scripts/run-unit-tests	2026-09-23T11:24:06.6400150Z test_same_revision_cannot_be_relabelled_as_repair (test_cvc_a7_repair_runner.MockedControllerTests) ... ok
unit-tests	Run python scripts/run-unit-tests	2026-09-23T11:24:06.9713729Z test_scientific_mismatch_does_not_become_parser_repair (test_cvc_a7_repair_runner.MockedControllerTests) ... ok
unit-tests	Run python scripts/run-unit-tests	2026-09-23T11:24:07.1738083Z test_stale_test_binding_and_manifest_limit_change_fail_closed (test_cvc_a7_repair_runner.MockedControllerTests) ... ok
unit-tests	Run python scripts/run-unit-tests	2026-09-23T11:24:07.6896943Z test_three_stages_with_bound_signature_copy_and_archived_tooling (test_cvc_a7_repair_runner.MockedControllerTests) ... ok
unit-tests	Run python scripts/run-unit-tests	2026-09-23T11:24:08.4261769Z test_timeout_reconciliation_keeps_failed_build_and_same_item (test_cvc_a7_repair_runner.MockedControllerTests) ... ok
unit-tests	Run python scripts/run-unit-tests	2026-09-23T11:24:08.7131119Z test_unknown_orphan_cleanup_cannot_be_reconciled (test_cvc_a7_repair_runner.MockedControllerTests) ... ok
unit-tests	Run python scripts/run-unit-tests	2026-09-23T11:24:08.9744244Z test_wal_and_workspace_identity_cannot_reset_counters (test_cvc_a7_repair_runner.MockedControllerTests) ... ok
unit-tests	Run python scripts/run-unit-tests	2026-09-23T11:24:09.3375529Z test_command_paths_and_counted_stage_sequence (test_cvc_a7_runner.ControllerTests) ... ok
unit-tests	Run python scripts/run-unit-tests	2026-09-23T11:24:09.8041996Z test_failed_baseline_is_reserved_then_retried_as_baseline (test_cvc_a7_runner.ControllerTests) ... ok
unit-tests	Run python scripts/run-unit-tests	2026-09-23T11:24:09.9463659Z test_manifest_binds_fixed_baseline_and_expectations (test_cvc_a7_runner.ControllerTests) ... ok
unit-tests	Run python scripts/run-unit-tests	2026-09-23T11:24:10.0547454Z test_manifest_rejects_old_entry_and_stage_command_mutation (test_cvc_a7_runner.ControllerTests) ... ok
unit-tests	Run python scripts/run-unit-tests	2026-09-23T11:24:10.2928621Z test_signature_output_or_fixed_baseline_tamper_prevents_later_launch (test_cvc_a7_runner.ControllerTests) ... ok
unit-tests	Run python scripts/run-unit-tests	2026-09-23T11:24:10.6247817Z test_wal_rejects_reset_and_orphan_is_not_replayed (test_cvc_a7_runner.ControllerTests) ... ok
unit-tests	Run python scripts/run-unit-tests	2026-09-23T11:24:10.6249986Z test_baseline_mismatch_and_orphan_stop_without_free_retry (test_cvc_a7_runner.StageAccountingTests) ... ok
unit-tests	Run python scripts/run-unit-tests	2026-09-23T11:24:10.6253923Z test_baseline_success_requires_audit_and_cannot_publish_result (test_cvc_a7_runner.StageAccountingTests) ... ok
unit-tests	Run python scripts/run-unit-tests	2026-09-23T11:24:10.6257036Z test_failed_baseline_consumes_its_number_and_retries_as_baseline (test_cvc_a7_runner.StageAccountingTests) ... ok
unit-tests	Run python scripts/run-unit-tests	2026-09-23T11:24:10.6259279Z test_signature_failure_is_terminal_and_baseline_cannot_precede_it (test_cvc_a7_runner.StageAccountingTests) ... ok
unit-tests	Run python scripts/run-unit-tests	2026-09-23T11:24:10.6262436Z test_signature_then_baseline_before_proof (test_cvc_a7_runner.StageAccountingTests) ... ok
unit-tests	Run python scripts/run-unit-tests	2026-09-23T11:24:10.6267356Z test_six_attempt_and_two_session_bounds (test_cvc_a7_runner.StageAccountingTests) ... ok
unit-tests	Run python scripts/run-unit-tests	2026-09-23T11:24:10.6355749Z test_changed_statement_type_rejected_after_rebinding (test_cvc_axioms.CvcAxiomsClosureTests) ... ok
unit-tests	Run python scripts/run-unit-tests	2026-09-23T11:24:10.6516443Z test_missing_or_nonzero_operation_rejected_after_rebinding (test_cvc_axioms.CvcAxiomsClosureTests) ... ok
unit-tests	Run python scripts/run-unit-tests	2026-09-23T11:24:10.6586901Z test_old_allowlist_cannot_be_rewritten_and_rebound (test_cvc_axioms.CvcAxiomsClosureTests) ... ok
unit-tests	Run python scripts/run-unit-tests	2026-09-23T11:24:10.6670506Z test_omitted_assumption_rejected_after_rebinding (test_cvc_axioms.CvcAxiomsClosureTests) ... ok
unit-tests	Run python scripts/run-unit-tests	2026-09-23T11:24:10.6747838Z test_real_closure_validates_without_source_payloads (test_cvc_axioms.CvcAxiomsClosureTests) ... ok
unit-tests	Run python scripts/run-unit-tests	2026-09-23T11:24:10.6765296Z test_source_byte_mismatch_fails_full_check (test_cvc_axioms.CvcAxiomsClosureTests) ... ok
unit-tests	Run python scripts/run-unit-tests	2026-09-23T11:24:10.6851329Z test_valid_unrelated_statement_excerpt_rejected_after_rebinding (test_cvc_axioms.CvcAxiomsClosureTests) ... ok
unit-tests	Run python scripts/run-unit-tests	2026-09-23T11:24:10.6852906Z test_comparator_reports_extract_exact_multiline_lists (test_cvc_axioms.CvcAxiomsHelpersTests) ... ok
unit-tests	Run python scripts/run-unit-tests	2026-09-23T11:24:10.6854473Z test_comparator_reports_reject_missing_and_duplicate (test_cvc_axioms.CvcAxiomsHelpersTests) ... ok
unit-tests	Run python scripts/run-unit-tests	2026-09-23T11:24:10.6861354Z test_manifest_binding_rejects_changed_evidence (test_cvc_axioms.CvcAxiomsHelpersTests) ... ok
unit-tests	Run python scripts/run-unit-tests	2026-09-23T11:24:10.6862761Z test_sessions_reject_counter_and_duration_tampering (test_cvc_axioms.CvcAxiomsHelpersTests) ... ok
unit-tests	Run python scripts/run-unit-tests	2026-09-23T11:24:10.6866634Z test_source_excerpt_rejects_misbinding_and_changed_hash (test_cvc_axioms.CvcAxiomsHelpersTests) ... ok
unit-tests	Run python scripts/run-unit-tests	2026-09-23T11:24:10.6868197Z test_statement_rejects_valid_but_unrelated_excerpt (test_cvc_axioms.CvcAxiomsHelpersTests) ... ok
unit-tests	Run python scripts/run-unit-tests	2026-09-23T11:24:10.6869607Z test_attempt_38_and_exhausted_compile_rejected (test_cvc_prep.BudgetTests) ... ok
unit-tests	Run python scripts/run-unit-tests	2026-09-23T11:24:10.6871720Z test_deadlines_include_session_and_compilation_subcaps (test_cvc_prep.BudgetTests) ... ok
unit-tests	Run python scripts/run-unit-tests	2026-09-23T11:24:10.6873064Z test_reversed_overlong_and_closed_sessions_rejected (test_cvc_prep.BudgetTests) ... ok
unit-tests	Run python scripts/run-unit-tests	2026-09-23T11:24:10.6874386Z test_two_session_total_and_third_session_rejection (test_cvc_prep.BudgetTests) ... ok
unit-tests	Run python scripts/run-unit-tests	2026-09-23T11:24:10.7406136Z {"attempt": 1, "module": "Batteries.M0", "status": "COMPLETE", "seconds": 0.01}
unit-tests	Run python scripts/run-unit-tests	2026-09-23T11:24:10.7519816Z {"attempt": 2, "module": "Batteries.M1", "status": "COMPLETE", "seconds": 0.01}
unit-tests	Run python scripts/run-unit-tests	2026-09-23T11:24:10.7647371Z {"attempt": 3, "module": "Batteries.M2", "status": "COMPLETE", "seconds": 0.01}
unit-tests	Run python scripts/run-unit-tests	2026-09-23T11:24:10.7784250Z {"attempt": 4, "module": "Batteries.M3", "status": "COMPLETE", "seconds": 0.01}
unit-tests	Run python scripts/run-unit-tests	2026-09-23T11:24:10.7930494Z {"attempt": 5, "module": "Batteries.M4", "status": "COMPLETE", "seconds": 0.01}
unit-tests	Run python scripts/run-unit-tests	2026-09-23T11:24:10.8086289Z {"attempt": 6, "module": "Batteries.M5", "status": "COMPLETE", "seconds": 0.01}
unit-tests	Run python scripts/run-unit-tests	2026-09-23T11:24:10.8253833Z {"attempt": 7, "module": "Batteries.M6", "status": "COMPLETE", "seconds": 0.01}
unit-tests	Run python scripts/run-unit-tests	2026-09-23T11:24:10.8435619Z {"attempt": 8, "module": "Batteries.M7", "status": "COMPLETE", "seconds": 0.01}
unit-tests	Run python scripts/run-unit-tests	2026-09-23T11:24:10.8623335Z {"attempt": 9, "module": "Batteries.M8", "status": "COMPLETE", "seconds": 0.01}
unit-tests	Run python scripts/run-unit-tests	2026-09-23T11:24:10.8825832Z {"attempt": 10, "module": "Batteries.M9", "status": "COMPLETE", "seconds": 0.01}
unit-tests	Run python scripts/run-unit-tests	2026-09-23T11:24:10.9036694Z {"attempt": 11, "module": "Batteries.M10", "status": "COMPLETE", "seconds": 0.01}
unit-tests	Run python scripts/run-unit-tests	2026-09-23T11:24:10.9257009Z {"attempt": 12, "module": "Batteries.M11", "status": "COMPLETE", "seconds": 0.01}
unit-tests	Run python scripts/run-unit-tests	2026-09-23T11:24:10.9495622Z {"attempt": 13, "module": "Batteries.M12", "status": "COMPLETE", "seconds": 0.01}
unit-tests	Run python scripts/run-unit-tests	2026-09-23T11:24:10.9758532Z {"attempt": 14, "module": "Batteries.M13", "status": "COMPLETE", "seconds": 0.01}
unit-tests	Run python scripts/run-unit-tests	2026-09-23T11:24:10.9994855Z {"attempt": 15, "module": "Batteries.M14", "status": "COMPLETE", "seconds": 0.01}
unit-tests	Run python scripts/run-unit-tests	2026-09-23T11:24:11.0259499Z {"attempt": 16, "module": "Batteries.M15", "status": "COMPLETE", "seconds": 0.01}
unit-tests	Run python scripts/run-unit-tests	2026-09-23T11:24:11.0542178Z {"attempt": 17, "module": "Batteries.M16", "status": "COMPLETE", "seconds": 0.01}
unit-tests	Run python scripts/run-unit-tests	2026-09-23T11:24:11.0835869Z {"attempt": 18, "module": "Batteries.M17", "status": "COMPLETE", "seconds": 0.01}
unit-tests	Run python scripts/run-unit-tests	2026-09-23T11:24:11.1144091Z {"attempt": 19, "module": "Batteries.M18", "status": "COMPLETE", "seconds": 0.01}
unit-tests	Run python scripts/run-unit-tests	2026-09-23T11:24:11.1463173Z {"attempt": 20, "module": "Batteries.M19", "status": "COMPLETE", "seconds": 0.01}
unit-tests	Run python scripts/run-unit-tests	2026-09-23T11:24:11.1798469Z {"attempt": 21, "module": "Batteries.M20", "status": "COMPLETE", "seconds": 0.01}
unit-tests	Run python scripts/run-unit-tests	2026-09-23T11:24:11.2147945Z {"attempt": 22, "module": "Batteries.M21", "status": "COMPLETE", "seconds": 0.01}
unit-tests	Run python scripts/run-unit-tests	2026-09-23T11:24:11.2503530Z {"attempt": 23, "module": "Batteries.M22", "status": "COMPLETE", "seconds": 0.01}
unit-tests	Run python scripts/run-unit-tests	2026-09-23T11:24:11.2888519Z {"attempt": 24, "module": "Batteries.M23", "status": "COMPLETE", "seconds": 0.01}
unit-tests	Run python scripts/run-unit-tests	2026-09-23T11:24:11.3278375Z {"attempt": 25, "module": "Batteries.M24", "status": "COMPLETE", "seconds": 0.01}
unit-tests	Run python scripts/run-unit-tests	2026-09-23T11:24:11.3677401Z {"attempt": 26, "module": "Lean4Lean.M0", "status": "COMPLETE", "seconds": 0.01}
unit-tests	Run python scripts/run-unit-tests	2026-09-23T11:24:11.4092364Z {"attempt": 27, "module": "Lean4Lean.M1", "status": "COMPLETE", "seconds": 0.01}
unit-tests	Run python scripts/run-unit-tests	2026-09-23T11:24:11.4586350Z {"attempt": 28, "module": "Lean4Lean.M2", "status": "COMPLETE", "seconds": 0.01}
unit-tests	Run python scripts/run-unit-tests	2026-09-23T11:24:11.5048560Z {"attempt": 29, "module": "Lean4Lean.M3", "status": "COMPLETE", "seconds": 0.01}
unit-tests	Run python scripts/run-unit-tests	2026-09-23T11:24:11.5524843Z {"attempt": 30, "module": "Lean4Lean.M4", "status": "COMPLETE", "seconds": 0.01}
unit-tests	Run python scripts/run-unit-tests	2026-09-23T11:24:11.6100949Z {"attempt": 31, "module": "Lean4Lean.M5", "status": "COMPLETE", "seconds": 0.01}
unit-tests	Run python scripts/run-unit-tests	2026-09-23T11:24:11.6594856Z {"attempt": 32, "module": "Lean4Lean.M6", "status": "COMPLETE", "seconds": 0.01}
unit-tests	Run python scripts/run-unit-tests	2026-09-23T11:24:11.7206118Z {"attempt": 33, "module": "Lean4Lean.M7", "status": "COMPLETE", "seconds": 0.01}
unit-tests	Run python scripts/run-unit-tests	2026-09-23T11:24:11.7741039Z {"attempt": 34, "module": "Lean4Lean.M8", "status": "COMPLETE", "seconds": 0.01}
unit-tests	Run python scripts/run-unit-tests	2026-09-23T11:24:11.8395012Z {"attempt": 35, "module": "Lean4Lean.M9", "status": "COMPLETE", "seconds": 0.01}
unit-tests	Run python scripts/run-unit-tests	2026-09-23T11:24:11.8952870Z {"attempt": 36, "module": "Lean4Lean.M10", "status": "COMPLETE", "seconds": 0.01}
unit-tests	Run python scripts/run-unit-tests	2026-09-23T11:24:11.9558589Z {"attempt": 37, "module": "Lean4Lean.M11", "status": "COMPLETE", "seconds": 0.01}
unit-tests	Run python scripts/run-unit-tests	2026-09-23T11:24:12.0376056Z test_changed_dependency_and_unrecorded_output_rejected (test_cvc_prep.ControllerTests) ... ok
unit-tests	Run python scripts/run-unit-tests	2026-09-23T11:24:12.0771755Z {"attempt": 1, "module": "Batteries.M0", "status": "COMPLETE", "seconds": 0.01}
unit-tests	Run python scripts/run-unit-tests	2026-09-23T11:24:12.0891182Z {"attempt": 2, "module": "Batteries.M1", "status": "COMPLETE", "seconds": 0.01}
unit-tests	Run python scripts/run-unit-tests	2026-09-23T11:24:12.1016349Z {"attempt": 3, "module": "Batteries.M2", "status": "COMPLETE", "seconds": 0.01}
unit-tests	Run python scripts/run-unit-tests	2026-09-23T11:24:12.1149703Z {"attempt": 4, "module": "Batteries.M3", "status": "COMPLETE", "seconds": 0.01}
unit-tests	Run python scripts/run-unit-tests	2026-09-23T11:24:12.1292558Z {"attempt": 5, "module": "Batteries.M4", "status": "COMPLETE", "seconds": 0.01}
unit-tests	Run python scripts/run-unit-tests	2026-09-23T11:24:12.1445054Z {"attempt": 6, "module": "Batteries.M5", "status": "COMPLETE", "seconds": 0.01}
unit-tests	Run python scripts/run-unit-tests	2026-09-23T11:24:12.1608935Z {"attempt": 7, "module": "Batteries.M6", "status": "COMPLETE", "seconds": 0.01}
unit-tests	Run python scripts/run-unit-tests	2026-09-23T11:24:12.1803687Z {"attempt": 8, "module": "Batteries.M7", "status": "COMPLETE", "seconds": 0.01}
unit-tests	Run python scripts/run-unit-tests	2026-09-23T11:24:12.1990770Z {"attempt": 9, "module": "Batteries.M8", "status": "COMPLETE", "seconds": 0.01}
unit-tests	Run python scripts/run-unit-tests	2026-09-23T11:24:12.2188512Z {"attempt": 10, "module": "Batteries.M9", "status": "COMPLETE", "seconds": 0.01}
unit-tests	Run python scripts/run-unit-tests	2026-09-23T11:24:12.2397983Z {"attempt": 11, "module": "Batteries.M10", "status": "COMPLETE", "seconds": 0.01}
unit-tests	Run python scripts/run-unit-tests	2026-09-23T11:24:12.2616006Z {"attempt": 12, "module": "Batteries.M11", "status": "COMPLETE", "seconds": 0.01}
unit-tests	Run python scripts/run-unit-tests	2026-09-23T11:24:12.2848207Z {"attempt": 13, "module": "Batteries.M12", "status": "COMPLETE", "seconds": 0.01}
unit-tests	Run python scripts/run-unit-tests	2026-09-23T11:24:12.3096188Z {"attempt": 14, "module": "Batteries.M13", "status": "COMPLETE", "seconds": 0.01}
unit-tests	Run python scripts/run-unit-tests	2026-09-23T11:24:12.3352999Z {"attempt": 15, "module": "Batteries.M14", "status": "COMPLETE", "seconds": 0.01}
unit-tests	Run python scripts/run-unit-tests	2026-09-23T11:24:12.3621050Z {"attempt": 16, "module": "Batteries.M15", "status": "COMPLETE", "seconds": 0.01}
unit-tests	Run python scripts/run-unit-tests	2026-09-23T11:24:12.3901004Z {"attempt": 17, "module": "Batteries.M16", "status": "COMPLETE", "seconds": 0.01}
unit-tests	Run python scripts/run-unit-tests	2026-09-23T11:24:12.4192581Z {"attempt": 18, "module": "Batteries.M17", "status": "COMPLETE", "seconds": 0.01}
unit-tests	Run python scripts/run-unit-tests	2026-09-23T11:24:12.4503701Z {"attempt": 19, "module": "Batteries.M18", "status": "COMPLETE", "seconds": 0.01}
unit-tests	Run python scripts/run-unit-tests	2026-09-23T11:24:12.4840091Z {"attempt": 20, "module": "Batteries.M19", "status": "COMPLETE", "seconds": 0.01}
unit-tests	Run python scripts/run-unit-tests	2026-09-23T11:24:12.5172962Z {"attempt": 21, "module": "Batteries.M20", "status": "COMPLETE", "seconds": 0.01}
unit-tests	Run python scripts/run-unit-tests	2026-09-23T11:24:12.5516418Z {"attempt": 22, "module": "Batteries.M21", "status": "COMPLETE", "seconds": 0.01}
unit-tests	Run python scripts/run-unit-tests	2026-09-23T11:24:12.5877528Z {"attempt": 23, "module": "Batteries.M22", "status": "COMPLETE", "seconds": 0.01}
unit-tests	Run python scripts/run-unit-tests	2026-09-23T11:24:12.6256220Z {"attempt": 24, "module": "Batteries.M23", "status": "COMPLETE", "seconds": 0.01}
unit-tests	Run python scripts/run-unit-tests	2026-09-23T11:24:12.6661729Z {"attempt": 25, "module": "Batteries.M24", "status": "COMPLETE", "seconds": 0.01}
unit-tests	Run python scripts/run-unit-tests	2026-09-23T11:24:12.7064104Z {"attempt": 26, "module": "Lean4Lean.M0", "status": "COMPLETE", "seconds": 0.01}
unit-tests	Run python scripts/run-unit-tests	2026-09-23T11:24:12.7482600Z {"attempt": 27, "module": "Lean4Lean.M1", "status": "COMPLETE", "seconds": 0.01}
unit-tests	Run python scripts/run-unit-tests	2026-09-23T11:24:12.7918431Z {"attempt": 28, "module": "Lean4Lean.M2", "status": "COMPLETE", "seconds": 0.01}
unit-tests	Run python scripts/run-unit-tests	2026-09-23T11:24:12.8367311Z {"attempt": 29, "module": "Lean4Lean.M3", "status": "COMPLETE", "seconds": 0.01}
unit-tests	Run python scripts/run-unit-tests	2026-09-23T11:24:12.8836576Z {"attempt": 30, "module": "Lean4Lean.M4", "status": "COMPLETE", "seconds": 0.01}
unit-tests	Run python scripts/run-unit-tests	2026-09-23T11:24:12.9320958Z {"attempt": 31, "module": "Lean4Lean.M5", "status": "COMPLETE", "seconds": 0.01}
unit-tests	Run python scripts/run-unit-tests	2026-09-23T11:24:12.9819164Z {"attempt": 32, "module": "Lean4Lean.M6", "status": "COMPLETE", "seconds": 0.01}
unit-tests	Run python scripts/run-unit-tests	2026-09-23T11:24:13.0478556Z {"attempt": 33, "module": "Lean4Lean.M7", "status": "COMPLETE", "seconds": 0.01}
unit-tests	Run python scripts/run-unit-tests	2026-09-23T11:24:13.1014760Z {"attempt": 34, "module": "Lean4Lean.M8", "status": "COMPLETE", "seconds": 0.01}
unit-tests	Run python scripts/run-unit-tests	2026-09-23T11:24:13.1563346Z {"attempt": 35, "module": "Lean4Lean.M9", "status": "COMPLETE", "seconds": 0.01}
unit-tests	Run python scripts/run-unit-tests	2026-09-23T11:24:13.2127321Z {"attempt": 36, "module": "Lean4Lean.M10", "status": "COMPLETE", "seconds": 0.01}
unit-tests	Run python scripts/run-unit-tests	2026-09-23T11:24:13.2716601Z {"attempt": 37, "module": "Lean4Lean.M11", "status": "COMPLETE", "seconds": 0.01}
unit-tests	Run python scripts/run-unit-tests	2026-09-23T11:24:13.3222546Z test_changed_source_and_runtime_stop_before_spawn (test_cvc_prep.ControllerTests) ... ok
unit-tests	Run python scripts/run-unit-tests	2026-09-23T11:24:13.3431045Z test_extra_args_network_compiler_paths_and_modules_rejected (test_cvc_prep.ControllerTests) ... ok
unit-tests	Run python scripts/run-unit-tests	2026-09-23T11:24:13.3897464Z {"attempt": 1, "module": "Batteries.M0", "status": "FAILED", "seconds": 0.01}
unit-tests	Run python scripts/run-unit-tests	2026-09-23T11:24:13.3972509Z test_failure_stops_and_cannot_retry (test_cvc_prep.ControllerTests) ... ok
unit-tests	Run python scripts/run-unit-tests	2026-09-23T11:24:13.4351364Z {"attempt": 1, "module": "Batteries.M0", "status": "COMPLETE", "seconds": 0.01}
unit-tests	Run python scripts/run-unit-tests	2026-09-23T11:24:13.4474058Z {"attempt": 2, "module": "Batteries.M1", "status": "COMPLETE", "seconds": 0.01}
unit-tests	Run python scripts/run-unit-tests	2026-09-23T11:24:13.4600961Z {"attempt": 3, "module": "Batteries.M2", "status": "COMPLETE", "seconds": 0.01}
unit-tests	Run python scripts/run-unit-tests	2026-09-23T11:24:13.4736940Z {"attempt": 4, "module": "Batteries.M3", "status": "COMPLETE", "seconds": 0.01}
unit-tests	Run python scripts/run-unit-tests	2026-09-23T11:24:13.4923764Z {"attempt": 5, "module": "Batteries.M4", "status": "COMPLETE", "seconds": 0.01}
unit-tests	Run python scripts/run-unit-tests	2026-09-23T11:24:13.5078742Z {"attempt": 6, "module": "Batteries.M5", "status": "COMPLETE", "seconds": 0.01}
unit-tests	Run python scripts/run-unit-tests	2026-09-23T11:24:13.5243356Z {"attempt": 7, "module": "Batteries.M6", "status": "COMPLETE", "seconds": 0.01}
unit-tests	Run python scripts/run-unit-tests	2026-09-23T11:24:13.5419811Z {"attempt": 8, "module": "Batteries.M7", "status": "COMPLETE", "seconds": 0.01}
unit-tests	Run python scripts/run-unit-tests	2026-09-23T11:24:13.5604662Z {"attempt": 9, "module": "Batteries.M8", "status": "COMPLETE", "seconds": 0.01}
unit-tests	Run python scripts/run-unit-tests	2026-09-23T11:24:13.5813116Z {"attempt": 10, "module": "Batteries.M9", "status": "COMPLETE", "seconds": 0.01}
unit-tests	Run python scripts/run-unit-tests	2026-09-23T11:24:13.6023408Z {"attempt": 11, "module": "Batteries.M10", "status": "COMPLETE", "seconds": 0.01}
unit-tests	Run python scripts/run-unit-tests	2026-09-23T11:24:13.6258180Z {"attempt": 12, "module": "Batteries.M11", "status": "COMPLETE", "seconds": 0.01}
unit-tests	Run python scripts/run-unit-tests	2026-09-23T11:24:13.6490143Z {"attempt": 13, "module": "Batteries.M12", "status": "COMPLETE", "seconds": 0.01}
unit-tests	Run python scripts/run-unit-tests	2026-09-23T11:24:13.6735579Z {"attempt": 14, "module": "Batteries.M13", "status": "COMPLETE", "seconds": 0.01}
unit-tests	Run python scripts/run-unit-tests	2026-09-23T11:24:13.6999912Z {"attempt": 15, "module": "Batteries.M14", "status": "COMPLETE", "seconds": 0.01}
unit-tests	Run python scripts/run-unit-tests	2026-09-23T11:24:13.7270232Z {"attempt": 16, "module": "Batteries.M15", "status": "COMPLETE", "seconds": 0.01}
unit-tests	Run python scripts/run-unit-tests	2026-09-23T11:24:13.7551104Z {"attempt": 17, "module": "Batteries.M16", "status": "COMPLETE", "seconds": 0.01}
unit-tests	Run python scripts/run-unit-tests	2026-09-23T11:24:13.7846138Z {"attempt": 18, "module": "Batteries.M17", "status": "COMPLETE", "seconds": 0.01}
unit-tests	Run python scripts/run-unit-tests	2026-09-23T11:24:13.8160466Z {"attempt": 19, "module": "Batteries.M18", "status": "COMPLETE", "seconds": 0.01}
unit-tests	Run python scripts/run-unit-tests	2026-09-23T11:24:13.8486287Z {"attempt": 20, "module": "Batteries.M19", "status": "COMPLETE", "seconds": 0.01}
unit-tests	Run python scripts/run-unit-tests	2026-09-23T11:24:13.8822921Z {"attempt": 21, "module": "Batteries.M20", "status": "COMPLETE", "seconds": 0.01}
unit-tests	Run python scripts/run-unit-tests	2026-09-23T11:24:13.9182093Z {"attempt": 22, "module": "Batteries.M21", "status": "COMPLETE", "seconds": 0.01}
unit-tests	Run python scripts/run-unit-tests	2026-09-23T11:24:13.9546491Z {"attempt": 23, "module": "Batteries.M22", "status": "COMPLETE", "seconds": 0.01}
unit-tests	Run python scripts/run-unit-tests	2026-09-23T11:24:13.9923470Z {"attempt": 24, "module": "Batteries.M23", "status": "COMPLETE", "seconds": 0.01}
unit-tests	Run python scripts/run-unit-tests	2026-09-23T11:24:14.0308559Z {"attempt": 25, "module": "Batteries.M24", "status": "COMPLETE", "seconds": 0.01}
unit-tests	Run python scripts/run-unit-tests	2026-09-23T11:24:14.0716649Z {"attempt": 26, "module": "Lean4Lean.M0", "status": "COMPLETE", "seconds": 0.01}
unit-tests	Run python scripts/run-unit-tests	2026-09-23T11:24:14.1146149Z {"attempt": 27, "module": "Lean4Lean.M1", "status": "COMPLETE", "seconds": 0.01}
unit-tests	Run python scripts/run-unit-tests	2026-09-23T11:24:14.1578420Z {"attempt": 28, "module": "Lean4Lean.M2", "status": "COMPLETE", "seconds": 0.01}
unit-tests	Run python scripts/run-unit-tests	2026-09-23T11:24:14.2043794Z {"attempt": 29, "module": "Lean4Lean.M3", "status": "COMPLETE", "seconds": 0.01}
unit-tests	Run python scripts/run-unit-tests	2026-09-23T11:24:14.2509685Z {"attempt": 30, "module": "Lean4Lean.M4", "status": "COMPLETE", "seconds": 0.01}
unit-tests	Run python scripts/run-unit-tests	2026-09-23T11:24:14.2994653Z {"attempt": 31, "module": "Lean4Lean.M5", "status": "COMPLETE", "seconds": 0.01}
unit-tests	Run python scripts/run-unit-tests	2026-09-23T11:24:14.3493478Z {"attempt": 32, "module": "Lean4Lean.M6", "status": "COMPLETE", "seconds": 0.01}
unit-tests	Run python scripts/run-unit-tests	2026-09-23T11:24:14.4011132Z {"attempt": 33, "module": "Lean4Lean.M7", "status": "COMPLETE", "seconds": 0.01}
unit-tests	Run python scripts/run-unit-tests	2026-09-23T11:24:14.4536476Z {"attempt": 34, "module": "Lean4Lean.M8", "status": "COMPLETE", "seconds": 0.01}
unit-tests	Run python scripts/run-unit-tests	2026-09-23T11:24:14.5079264Z {"attempt": 35, "module": "Lean4Lean.M9", "status": "COMPLETE", "seconds": 0.01}
unit-tests	Run python scripts/run-unit-tests	2026-09-23T11:24:14.5641810Z {"attempt": 36, "module": "Lean4Lean.M10", "status": "COMPLETE", "seconds": 0.01}
unit-tests	Run python scripts/run-unit-tests	2026-09-23T11:24:14.6221178Z {"attempt": 37, "module": "Lean4Lean.M11", "status": "COMPLETE", "seconds": 0.01}
unit-tests	Run python scripts/run-unit-tests	2026-09-23T11:24:14.7187905Z test_full_order_sidecars_once_and_successful_resume_no_replay (test_cvc_prep.ControllerTests) ... ok
unit-tests	Run python scripts/run-unit-tests	2026-09-23T11:24:14.7572639Z {"attempt": 1, "module": "Batteries.M0", "status": "COMPLETE", "seconds": 0.01}
unit-tests	Run python scripts/run-unit-tests	2026-09-23T11:24:14.7687985Z {"attempt": 2, "module": "Batteries.M1", "status": "COMPLETE", "seconds": 0.01}
unit-tests	Run python scripts/run-unit-tests	2026-09-23T11:24:14.7814783Z {"attempt": 3, "module": "Batteries.M2", "status": "COMPLETE", "seconds": 0.01}
unit-tests	Run python scripts/run-unit-tests	2026-09-23T11:24:14.7949499Z {"attempt": 4, "module": "Batteries.M3", "status": "COMPLETE", "seconds": 0.01}
unit-tests	Run python scripts/run-unit-tests	2026-09-23T11:24:14.8097543Z {"attempt": 5, "module": "Batteries.M4", "status": "COMPLETE", "seconds": 0.01}
unit-tests	Run python scripts/run-unit-tests	2026-09-23T11:24:14.8258912Z {"attempt": 6, "module": "Batteries.M5", "status": "COMPLETE", "seconds": 0.01}
unit-tests	Run python scripts/run-unit-tests	2026-09-23T11:24:14.8430038Z {"attempt": 7, "module": "Batteries.M6", "status": "COMPLETE", "seconds": 0.01}
unit-tests	Run python scripts/run-unit-tests	2026-09-23T11:24:14.8606082Z {"attempt": 8, "module": "Batteries.M7", "status": "COMPLETE", "seconds": 0.01}
unit-tests	Run python scripts/run-unit-tests	2026-09-23T11:24:14.8821215Z {"attempt": 9, "module": "Batteries.M8", "status": "COMPLETE", "seconds": 0.01}
unit-tests	Run python scripts/run-unit-tests	2026-09-23T11:24:14.9020009Z {"attempt": 10, "module": "Batteries.M9", "status": "COMPLETE", "seconds": 0.01}
unit-tests	Run python scripts/run-unit-tests	2026-09-23T11:24:14.9231362Z {"attempt": 11, "module": "Batteries.M10", "status": "COMPLETE", "seconds": 0.01}
unit-tests	Run python scripts/run-unit-tests	2026-09-23T11:24:14.9450197Z {"attempt": 12, "module": "Batteries.M11", "status": "COMPLETE", "seconds": 0.01}
unit-tests	Run python scripts/run-unit-tests	2026-09-23T11:24:14.9678895Z {"attempt": 13, "module": "Batteries.M12", "status": "COMPLETE", "seconds": 0.01}
unit-tests	Run python scripts/run-unit-tests	2026-09-23T11:24:14.9918474Z {"attempt": 14, "module": "Batteries.M13", "status": "COMPLETE", "seconds": 0.01}
unit-tests	Run python scripts/run-unit-tests	2026-09-23T11:24:15.0171086Z {"attempt": 15, "module": "Batteries.M14", "status": "COMPLETE", "seconds": 0.01}
unit-tests	Run python scripts/run-unit-tests	2026-09-23T11:24:15.0437701Z {"attempt": 16, "module": "Batteries.M15", "status": "COMPLETE", "seconds": 0.01}
unit-tests	Run python scripts/run-unit-tests	2026-09-23T11:24:15.0723329Z {"attempt": 17, "module": "Batteries.M16", "status": "COMPLETE", "seconds": 0.01}
unit-tests	Run python scripts/run-unit-tests	2026-09-23T11:24:15.1021639Z {"attempt": 18, "module": "Batteries.M17", "status": "COMPLETE", "seconds": 0.01}
unit-tests	Run python scripts/run-unit-tests	2026-09-23T11:24:15.1325567Z {"attempt": 19, "module": "Batteries.M18", "status": "COMPLETE", "seconds": 0.01}
unit-tests	Run python scripts/run-unit-tests	2026-09-23T11:24:15.1642594Z {"attempt": 20, "module": "Batteries.M19", "status": "COMPLETE", "seconds": 0.01}
unit-tests	Run python scripts/run-unit-tests	2026-09-23T11:24:15.1973295Z {"attempt": 21, "module": "Batteries.M20", "status": "COMPLETE", "seconds": 0.01}
unit-tests	Run python scripts/run-unit-tests	2026-09-23T11:24:15.2442088Z {"attempt": 22, "module": "Batteries.M21", "status": "COMPLETE", "seconds": 0.01}
unit-tests	Run python scripts/run-unit-tests	2026-09-23T11:24:15.2807453Z {"attempt": 23, "module": "Batteries.M22", "status": "COMPLETE", "seconds": 0.01}
unit-tests	Run python scripts/run-unit-tests	2026-09-23T11:24:15.3183860Z {"attempt": 24, "module": "Batteries.M23", "status": "COMPLETE", "seconds": 0.01}
unit-tests	Run python scripts/run-unit-tests	2026-09-23T11:24:15.3573863Z {"attempt": 25, "module": "Batteries.M24", "status": "COMPLETE", "seconds": 0.01}
unit-tests	Run python scripts/run-unit-tests	2026-09-23T11:24:15.3982157Z {"attempt": 26, "module": "Lean4Lean.M0", "status": "COMPLETE", "seconds": 0.01}
unit-tests	Run python scripts/run-unit-tests	2026-09-23T11:24:15.4398841Z {"attempt": 27, "module": "Lean4Lean.M1", "status": "COMPLETE", "seconds": 0.01}
unit-tests	Run python scripts/run-unit-tests	2026-09-23T11:24:15.4838631Z {"attempt": 28, "module": "Lean4Lean.M2", "status": "COMPLETE", "seconds": 0.01}
unit-tests	Run python scripts/run-unit-tests	2026-09-23T11:24:15.5294657Z {"attempt": 29, "module": "Lean4Lean.M3", "status": "COMPLETE", "seconds": 0.01}
unit-tests	Run python scripts/run-unit-tests	2026-09-23T11:24:15.5761592Z {"attempt": 30, "module": "Lean4Lean.M4", "status": "COMPLETE", "seconds": 0.01}
unit-tests	Run python scripts/run-unit-tests	2026-09-23T11:24:15.6246767Z {"attempt": 31, "module": "Lean4Lean.M5", "status": "COMPLETE", "seconds": 0.01}
unit-tests	Run python scripts/run-unit-tests	2026-09-23T11:24:15.6747512Z {"attempt": 32, "module": "Lean4Lean.M6", "status": "COMPLETE", "seconds": 0.01}
unit-tests	Run python scripts/run-unit-tests	2026-09-23T11:24:15.7254684Z {"attempt": 33, "module": "Lean4Lean.M7", "status": "COMPLETE", "seconds": 0.01}
unit-tests	Run python scripts/run-unit-tests	2026-09-23T11:24:15.7793183Z {"attempt": 34, "module": "Lean4Lean.M8", "status": "COMPLETE", "seconds": 0.01}
unit-tests	Run python scripts/run-unit-tests	2026-09-23T11:24:15.8342444Z {"attempt": 35, "module": "Lean4Lean.M9", "status": "COMPLETE", "seconds": 0.01}
unit-tests	Run python scripts/run-unit-tests	2026-09-23T11:24:15.8910511Z {"attempt": 36, "module": "Lean4Lean.M10", "status": "COMPLETE", "seconds": 0.01}
unit-tests	Run python scripts/run-unit-tests	2026-09-23T11:24:15.9493901Z {"attempt": 37, "module": "Lean4Lean.M11", "status": "COMPLETE", "seconds": 0.01}
unit-tests	Run python scripts/run-unit-tests	2026-09-23T11:24:15.9919540Z test_missing_marker_or_ledger_cannot_reset (test_cvc_prep.ControllerTests) ... ok
unit-tests	Run python scripts/run-unit-tests	2026-09-23T11:24:16.0293630Z {"attempt": 1, "module": "Batteries.M0", "status": "COMPLETE", "seconds": 0.01}
unit-tests	Run python scripts/run-unit-tests	2026-09-23T11:24:16.0406573Z {"attempt": 2, "module": "Batteries.M1", "status": "COMPLETE", "seconds": 0.01}
unit-tests	Run python scripts/run-unit-tests	2026-09-23T11:24:16.0528253Z {"attempt": 3, "module": "Batteries.M2", "status": "COMPLETE", "seconds": 0.01}
unit-tests	Run python scripts/run-unit-tests	2026-09-23T11:24:16.0671458Z {"attempt": 4, "module": "Batteries.M3", "status": "COMPLETE", "seconds": 0.01}
unit-tests	Run python scripts/run-unit-tests	2026-09-23T11:24:16.0816756Z {"attempt": 5, "module": "Batteries.M4", "status": "COMPLETE", "seconds": 0.01}
unit-tests	Run python scripts/run-unit-tests	2026-09-23T11:24:16.0975317Z {"attempt": 6, "module": "Batteries.M5", "status": "COMPLETE", "seconds": 0.01}
unit-tests	Run python scripts/run-unit-tests	2026-09-23T11:24:16.1139262Z {"attempt": 7, "module": "Batteries.M6", "status": "COMPLETE", "seconds": 0.01}
unit-tests	Run python scripts/run-unit-tests	2026-09-23T11:24:16.1314352Z {"attempt": 8, "module": "Batteries.M7", "status": "COMPLETE", "seconds": 0.01}
unit-tests	Run python scripts/run-unit-tests	2026-09-23T11:24:16.1501138Z {"attempt": 9, "module": "Batteries.M8", "status": "COMPLETE", "seconds": 0.01}
unit-tests	Run python scripts/run-unit-tests	2026-09-23T11:24:16.1698820Z {"attempt": 10, "module": "Batteries.M9", "status": "COMPLETE", "seconds": 0.01}
unit-tests	Run python scripts/run-unit-tests	2026-09-23T11:24:16.1905485Z {"attempt": 11, "module": "Batteries.M10", "status": "COMPLETE", "seconds": 0.01}
unit-tests	Run python scripts/run-unit-tests	2026-09-23T11:24:16.2123490Z {"attempt": 12, "module": "Batteries.M11", "status": "COMPLETE", "seconds": 0.01}
unit-tests	Run python scripts/run-unit-tests	2026-09-23T11:24:16.2358987Z {"attempt": 13, "module": "Batteries.M12", "status": "COMPLETE", "seconds": 0.01}
unit-tests	Run python scripts/run-unit-tests	2026-09-23T11:24:16.2604471Z {"attempt": 14, "module": "Batteries.M13", "status": "COMPLETE", "seconds": 0.01}
unit-tests	Run python scripts/run-unit-tests	2026-09-23T11:24:16.2860576Z {"attempt": 15, "module": "Batteries.M14", "status": "COMPLETE", "seconds": 0.01}
unit-tests	Run python scripts/run-unit-tests	2026-09-23T11:24:16.3144744Z {"attempt": 16, "module": "Batteries.M15", "status": "COMPLETE", "seconds": 0.01}
unit-tests	Run python scripts/run-unit-tests	2026-09-23T11:24:16.3428892Z {"attempt": 17, "module": "Batteries.M16", "status": "COMPLETE", "seconds": 0.01}
unit-tests	Run python scripts/run-unit-tests	2026-09-23T11:24:16.3722633Z {"attempt": 18, "module": "Batteries.M17", "status": "COMPLETE", "seconds": 0.01}
unit-tests	Run python scripts/run-unit-tests	2026-09-23T11:24:16.4035079Z {"attempt": 19, "module": "Batteries.M18", "status": "COMPLETE", "seconds": 0.01}
unit-tests	Run python scripts/run-unit-tests	2026-09-23T11:24:16.4357753Z {"attempt": 20, "module": "Batteries.M19", "status": "COMPLETE", "seconds": 0.01}
unit-tests	Run python scripts/run-unit-tests	2026-09-23T11:24:16.4693475Z {"attempt": 21, "module": "Batteries.M20", "status": "COMPLETE", "seconds": 0.01}
unit-tests	Run python scripts/run-unit-tests	2026-09-23T11:24:16.5040032Z {"attempt": 22, "module": "Batteries.M21", "status": "COMPLETE", "seconds": 0.01}
unit-tests	Run python scripts/run-unit-tests	2026-09-23T11:24:16.5399878Z {"attempt": 23, "module": "Batteries.M22", "status": "COMPLETE", "seconds": 0.01}
unit-tests	Run python scripts/run-unit-tests	2026-09-23T11:24:16.5772196Z {"attempt": 24, "module": "Batteries.M23", "status": "COMPLETE", "seconds": 0.01}
unit-tests	Run python scripts/run-unit-tests	2026-09-23T11:24:16.6163995Z {"attempt": 25, "module": "Batteries.M24", "status": "COMPLETE", "seconds": 0.01}
unit-tests	Run python scripts/run-unit-tests	2026-09-23T11:24:16.6569538Z {"attempt": 26, "module": "Lean4Lean.M0", "status": "COMPLETE", "seconds": 0.01}
unit-tests	Run python scripts/run-unit-tests	2026-09-23T11:24:16.6987284Z {"attempt": 27, "module": "Lean4Lean.M1", "status": "COMPLETE", "seconds": 0.01}
unit-tests	Run python scripts/run-unit-tests	2026-09-23T11:24:16.7416897Z {"attempt": 28, "module": "Lean4Lean.M2", "status": "COMPLETE", "seconds": 0.01}
unit-tests	Run python scripts/run-unit-tests	2026-09-23T11:24:16.7860637Z {"attempt": 29, "module": "Lean4Lean.M3", "status": "COMPLETE", "seconds": 0.01}
unit-tests	Run python scripts/run-unit-tests	2026-09-23T11:24:16.8328124Z {"attempt": 30, "module": "Lean4Lean.M4", "status": "COMPLETE", "seconds": 0.01}
unit-tests	Run python scripts/run-unit-tests	2026-09-23T11:24:16.8804339Z {"attempt": 31, "module": "Lean4Lean.M5", "status": "COMPLETE", "seconds": 0.01}
unit-tests	Run python scripts/run-unit-tests	2026-09-23T11:24:16.9298199Z {"attempt": 32, "module": "Lean4Lean.M6", "status": "COMPLETE", "seconds": 0.01}
unit-tests	Run python scripts/run-unit-tests	2026-09-23T11:24:16.9813457Z {"attempt": 33, "module": "Lean4Lean.M7", "status": "COMPLETE", "seconds": 0.01}
unit-tests	Run python scripts/run-unit-tests	2026-09-23T11:24:17.0344345Z {"attempt": 34, "module": "Lean4Lean.M8", "status": "COMPLETE", "seconds": 0.01}
unit-tests	Run python scripts/run-unit-tests	2026-09-23T11:24:17.0895961Z {"attempt": 35, "module": "Lean4Lean.M9", "status": "COMPLETE", "seconds": 0.01}
unit-tests	Run python scripts/run-unit-tests	2026-09-23T11:24:17.1461459Z {"attempt": 36, "module": "Lean4Lean.M10", "status": "COMPLETE", "seconds": 0.01}
unit-tests	Run python scripts/run-unit-tests	2026-09-23T11:24:17.2041245Z {"attempt": 37, "module": "Lean4Lean.M11", "status": "COMPLETE", "seconds": 0.01}
unit-tests	Run python scripts/run-unit-tests	2026-09-23T11:24:17.2448951Z test_orphan_conservatively_charged_and_no_replay (test_cvc_prep.ControllerTests) ... ok
unit-tests	Run python scripts/run-unit-tests	2026-09-23T11:24:17.2597065Z test_preflight_never_materializes (test_cvc_prep.ControllerTests) ... ok
unit-tests	Run python scripts/run-unit-tests	2026-09-23T11:24:17.2711945Z test_uncommitted_input_and_nonselected_item_rejected (test_cvc_prep.ControllerTests) ... ok
unit-tests	Run python scripts/run-unit-tests	2026-09-23T11:24:17.2715245Z test_duplicate_reservation_terminal_and_order_rejected (test_cvc_prep.LedgerTests) ... ok
unit-tests	Run python scripts/run-unit-tests	2026-09-23T11:24:17.2746720Z test_hash_chain_rejects_tampering_and_truncation (test_cvc_prep.LedgerTests) ... ok
unit-tests	Run python scripts/run-unit-tests	2026-09-23T11:24:17.2751191Z test_lock_rejects_concurrent_owner (test_cvc_prep.LedgerTests) ... ok
unit-tests	Run python scripts/run-unit-tests	2026-09-23T11:24:17.2752212Z test_orphan_preserves_reservation (test_cvc_prep.LedgerTests) ... ok
unit-tests	Run python scripts/run-unit-tests	2026-09-23T11:24:17.2764004Z test_interruption_kills_group_and_preserves_charge (test_cvc_prep.ProcessTests) ... ok
unit-tests	Run python scripts/run-unit-tests	2026-09-23T11:24:17.2934368Z test_real_success_and_failed_spawn_preserve_logs (test_cvc_prep.ProcessTests) ... ok
unit-tests	Run python scripts/run-unit-tests	2026-09-23T11:24:17.5961725Z test_real_timeout_kills_process_group (test_cvc_prep.ProcessTests) ... ok
unit-tests	Run python scripts/run-unit-tests	2026-09-23T11:24:17.5997743Z test_binder_refuses_any_started_or_stopped_state (test_cvc_prep2.BinderTests) ... ok
unit-tests	Run python scripts/run-unit-tests	2026-09-23T11:24:17.5999298Z test_attempt_11_and_exhausted_compile_rejected (test_cvc_prep2.BudgetTests) ... ok
unit-tests	Run python scripts/run-unit-tests	2026-09-23T11:24:17.6000932Z test_deadlines_include_session_and_compilation_subcaps (test_cvc_prep2.BudgetTests) ... ok
unit-tests	Run python scripts/run-unit-tests	2026-09-23T11:24:17.6002115Z test_reversed_overlong_and_closed_sessions_rejected (test_cvc_prep2.BudgetTests) ... ok
unit-tests	Run python scripts/run-unit-tests	2026-09-23T11:24:17.6003427Z test_two_session_total_and_third_session_rejection (test_cvc_prep2.BudgetTests) ... ok
unit-tests	Run python scripts/run-unit-tests	2026-09-23T11:24:17.8094233Z {"attempt": 1, "module": "Lean4Lean.M2", "status": "COMPLETE", "seconds": 0.01}
unit-tests	Run python scripts/run-unit-tests	2026-09-23T11:24:17.8741810Z {"attempt": 2, "module": "Lean4Lean.M3", "status": "COMPLETE", "seconds": 0.01}
unit-tests	Run python scripts/run-unit-tests	2026-09-23T11:24:17.9408029Z {"attempt": 3, "module": "Lean4Lean.M4", "status": "COMPLETE", "seconds": 0.01}
unit-tests	Run python scripts/run-unit-tests	2026-09-23T11:24:18.0081754Z {"attempt": 4, "module": "Lean4Lean.M5", "status": "COMPLETE", "seconds": 0.01}
unit-tests	Run python scripts/run-unit-tests	2026-09-23T11:24:18.0772532Z {"attempt": 5, "module": "Lean4Lean.M6", "status": "COMPLETE", "seconds": 0.01}
unit-tests	Run python scripts/run-unit-tests	2026-09-23T11:24:18.1492920Z {"attempt": 6, "module": "Lean4Lean.M7", "status": "COMPLETE", "seconds": 0.01}
unit-tests	Run python scripts/run-unit-tests	2026-09-23T11:24:18.2223671Z {"attempt": 7, "module": "Lean4Lean.M8", "status": "COMPLETE", "seconds": 0.01}
unit-tests	Run python scripts/run-unit-tests	2026-09-23T11:24:18.3152225Z {"attempt": 8, "module": "Lean4Lean.M9", "status": "COMPLETE", "seconds": 0.01}
unit-tests	Run python scripts/run-unit-tests	2026-09-23T11:24:18.3938909Z {"attempt": 9, "module": "Lean4Lean.M10", "status": "COMPLETE", "seconds": 0.01}
unit-tests	Run python scripts/run-unit-tests	2026-09-23T11:24:18.4756105Z {"attempt": 10, "module": "Lean4Lean.M11", "status": "COMPLETE", "seconds": 0.01}
unit-tests	Run python scripts/run-unit-tests	2026-09-23T11:24:18.5527886Z test_changed_dependency_and_unrecorded_output_rejected (test_cvc_prep2.ControllerTests) ... ok
unit-tests	Run python scripts/run-unit-tests	2026-09-23T11:24:18.5953564Z test_changed_predecessor_or_commands_cannot_be_rebound_to_new_scope (test_cvc_prep2.ControllerTests) ... ok
unit-tests	Run python scripts/run-unit-tests	2026-09-23T11:24:18.8036221Z {"attempt": 1, "module": "Lean4Lean.M2", "status": "COMPLETE", "seconds": 0.01}
unit-tests	Run python scripts/run-unit-tests	2026-09-23T11:24:18.8677017Z {"attempt": 2, "module": "Lean4Lean.M3", "status": "COMPLETE", "seconds": 0.01}
unit-tests	Run python scripts/run-unit-tests	2026-09-23T11:24:18.9349218Z {"attempt": 3, "module": "Lean4Lean.M4", "status": "COMPLETE", "seconds": 0.01}
unit-tests	Run python scripts/run-unit-tests	2026-09-23T11:24:19.0026158Z {"attempt": 4, "module": "Lean4Lean.M5", "status": "COMPLETE", "seconds": 0.01}
unit-tests	Run python scripts/run-unit-tests	2026-09-23T11:24:19.0722832Z {"attempt": 5, "module": "Lean4Lean.M6", "status": "COMPLETE", "seconds": 0.01}
unit-tests	Run python scripts/run-unit-tests	2026-09-23T11:24:19.1446077Z {"attempt": 6, "module": "Lean4Lean.M7", "status": "COMPLETE", "seconds": 0.01}
unit-tests	Run python scripts/run-unit-tests	2026-09-23T11:24:19.2198130Z {"attempt": 7, "module": "Lean4Lean.M8", "status": "COMPLETE", "seconds": 0.01}
unit-tests	Run python scripts/run-unit-tests	2026-09-23T11:24:19.2947675Z {"attempt": 8, "module": "Lean4Lean.M9", "status": "COMPLETE", "seconds": 0.01}
unit-tests	Run python scripts/run-unit-tests	2026-09-23T11:24:19.3726462Z {"attempt": 9, "module": "Lean4Lean.M10", "status": "COMPLETE", "seconds": 0.01}
unit-tests	Run python scripts/run-unit-tests	2026-09-23T11:24:19.4528391Z {"attempt": 10, "module": "Lean4Lean.M11", "status": "COMPLETE", "seconds": 0.01}
unit-tests	Run python scripts/run-unit-tests	2026-09-23T11:24:19.5199666Z test_changed_source_and_runtime_stop_before_spawn (test_cvc_prep2.ControllerTests) ... ok
unit-tests	Run python scripts/run-unit-tests	2026-09-23T11:24:19.5639382Z test_control_failure_is_terminal_after_inputs_restored (test_cvc_prep2.ControllerTests) ... ok
unit-tests	Run python scripts/run-unit-tests	2026-09-23T11:24:19.5982091Z test_direct_materialization_rechecks_all_sources_runtime_and_seeds (test_cvc_prep2.ControllerTests) ... ok
unit-tests	Run python scripts/run-unit-tests	2026-09-23T11:24:19.8092740Z {"attempt": 1, "module": "Lean4Lean.M2", "status": "COMPLETE", "seconds": 0.01}
unit-tests	Run python scripts/run-unit-tests	2026-09-23T11:24:19.8731345Z {"attempt": 2, "module": "Lean4Lean.M3", "status": "COMPLETE", "seconds": 0.01}
unit-tests	Run python scripts/run-unit-tests	2026-09-23T11:24:19.9389641Z {"attempt": 3, "module": "Lean4Lean.M4", "status": "COMPLETE", "seconds": 0.01}
unit-tests	Run python scripts/run-unit-tests	2026-09-23T11:24:20.0065053Z {"attempt": 4, "module": "Lean4Lean.M5", "status": "COMPLETE", "seconds": 0.01}
unit-tests	Run python scripts/run-unit-tests	2026-09-23T11:24:20.0756628Z {"attempt": 5, "module": "Lean4Lean.M6", "status": "COMPLETE", "seconds": 0.01}
unit-tests	Run python scripts/run-unit-tests	2026-09-23T11:24:20.1478448Z {"attempt": 6, "module": "Lean4Lean.M7", "status": "COMPLETE", "seconds": 0.01}
unit-tests	Run python scripts/run-unit-tests	2026-09-23T11:24:20.2213414Z {"attempt": 7, "module": "Lean4Lean.M8", "status": "COMPLETE", "seconds": 0.01}
unit-tests	Run python scripts/run-unit-tests	2026-09-23T11:24:20.2963450Z {"attempt": 8, "module": "Lean4Lean.M9", "status": "COMPLETE", "seconds": 0.01}
unit-tests	Run python scripts/run-unit-tests	2026-09-23T11:24:20.3741106Z {"attempt": 9, "module": "Lean4Lean.M10", "status": "COMPLETE", "seconds": 0.01}
unit-tests	Run python scripts/run-unit-tests	2026-09-23T11:24:20.4531860Z {"attempt": 10, "module": "Lean4Lean.M11", "status": "COMPLETE", "seconds": 0.01}
unit-tests	Run python scripts/run-unit-tests	2026-09-23T11:24:20.5479326Z test_exact_seed_mapping_and_only_remaining_launches (test_cvc_prep2.ControllerTests) ... ok
unit-tests	Run python scripts/run-unit-tests	2026-09-23T11:24:20.5963648Z test_extra_args_network_compiler_paths_and_modules_rejected (test_cvc_prep2.ControllerTests) ... ok
unit-tests	Run python scripts/run-unit-tests	2026-09-23T11:24:20.8064675Z {"attempt": 1, "module": "Lean4Lean.M2", "status": "FAILED", "seconds": 0.01}
unit-tests	Run python scripts/run-unit-tests	2026-09-23T11:24:20.8229468Z test_failure_stops_and_cannot_retry (test_cvc_prep2.ControllerTests) ... ok
unit-tests	Run python scripts/run-unit-tests	2026-09-23T11:24:21.0330307Z {"attempt": 1, "module": "Lean4Lean.M2", "status": "COMPLETE", "seconds": 0.01}
unit-tests	Run python scripts/run-unit-tests	2026-09-23T11:24:21.0968226Z {"attempt": 2, "module": "Lean4Lean.M3", "status": "COMPLETE", "seconds": 0.01}
unit-tests	Run python scripts/run-unit-tests	2026-09-23T11:24:21.1628854Z {"attempt": 3, "module": "Lean4Lean.M4", "status": "COMPLETE", "seconds": 0.01}
unit-tests	Run python scripts/run-unit-tests	2026-09-23T11:24:21.2351078Z {"attempt": 4, "module": "Lean4Lean.M5", "status": "COMPLETE", "seconds": 0.01}
unit-tests	Run python scripts/run-unit-tests	2026-09-23T11:24:21.3039733Z {"attempt": 5, "module": "Lean4Lean.M6", "status": "COMPLETE", "seconds": 0.01}
unit-tests	Run python scripts/run-unit-tests	2026-09-23T11:24:21.3758865Z {"attempt": 6, "module": "Lean4Lean.M7", "status": "COMPLETE", "seconds": 0.01}
unit-tests	Run python scripts/run-unit-tests	2026-09-23T11:24:21.4487377Z {"attempt": 7, "module": "Lean4Lean.M8", "status": "COMPLETE", "seconds": 0.01}
unit-tests	Run python scripts/run-unit-tests	2026-09-23T11:24:21.5241172Z {"attempt": 8, "module": "Lean4Lean.M9", "status": "COMPLETE", "seconds": 0.01}
unit-tests	Run python scripts/run-unit-tests	2026-09-23T11:24:21.6015885Z {"attempt": 9, "module": "Lean4Lean.M10", "status": "COMPLETE", "seconds": 0.01}
unit-tests	Run python scripts/run-unit-tests	2026-09-23T11:24:21.6811602Z {"attempt": 10, "module": "Lean4Lean.M11", "status": "COMPLETE", "seconds": 0.01}
unit-tests	Run python scripts/run-unit-tests	2026-09-23T11:24:21.8124092Z test_full_order_sidecars_once_and_successful_resume_no_replay (test_cvc_prep2.ControllerTests) ... ok
unit-tests	Run python scripts/run-unit-tests	2026-09-23T11:24:22.0245085Z {"attempt": 1, "module": "Lean4Lean.M2", "status": "COMPLETE", "seconds": 0.01}
unit-tests	Run python scripts/run-unit-tests	2026-09-23T11:24:22.0894368Z {"attempt": 2, "module": "Lean4Lean.M3", "status": "COMPLETE", "seconds": 0.01}
unit-tests	Run python scripts/run-unit-tests	2026-09-23T11:24:22.1724189Z {"attempt": 3, "module": "Lean4Lean.M4", "status": "FAILED", "seconds": 0.01}
unit-tests	Run python scripts/run-unit-tests	2026-09-23T11:24:22.2061335Z test_later_failure_preserves_successes_and_never_replays (test_cvc_prep2.ControllerTests) ... ok
unit-tests	Run python scripts/run-unit-tests	2026-09-23T11:24:22.4162829Z {"attempt": 1, "module": "Lean4Lean.M2", "status": "COMPLETE", "seconds": 0.01}
unit-tests	Run python scripts/run-unit-tests	2026-09-23T11:24:22.4800378Z {"attempt": 2, "module": "Lean4Lean.M3", "status": "COMPLETE", "seconds": 0.01}
unit-tests	Run python scripts/run-unit-tests	2026-09-23T11:24:22.5452656Z {"attempt": 3, "module": "Lean4Lean.M4", "status": "COMPLETE", "seconds": 0.01}
unit-tests	Run python scripts/run-unit-tests	2026-09-23T11:24:22.6131906Z {"attempt": 4, "module": "Lean4Lean.M5", "status": "COMPLETE", "seconds": 0.01}
unit-tests	Run python scripts/run-unit-tests	2026-09-23T11:24:22.6826335Z {"attempt": 5, "module": "Lean4Lean.M6", "status": "COMPLETE", "seconds": 0.01}
unit-tests	Run python scripts/run-unit-tests	2026-09-23T11:24:22.7542988Z {"attempt": 6, "module": "Lean4Lean.M7", "status": "COMPLETE", "seconds": 0.01}
unit-tests	Run python scripts/run-unit-tests	2026-09-23T11:24:22.8296597Z {"attempt": 7, "module": "Lean4Lean.M8", "status": "COMPLETE", "seconds": 0.01}
unit-tests	Run python scripts/run-unit-tests	2026-09-23T11:24:22.9062937Z {"attempt": 8, "module": "Lean4Lean.M9", "status": "COMPLETE", "seconds": 0.01}
unit-tests	Run python scripts/run-unit-tests	2026-09-23T11:24:22.9842032Z {"attempt": 9, "module": "Lean4Lean.M10", "status": "COMPLETE", "seconds": 0.01}
unit-tests	Run python scripts/run-unit-tests	2026-09-23T11:24:23.0661082Z {"attempt": 10, "module": "Lean4Lean.M11", "status": "COMPLETE", "seconds": 0.01}
unit-tests	Run python scripts/run-unit-tests	2026-09-23T11:24:23.1248293Z test_missing_marker_or_ledger_cannot_reset (test_cvc_prep2.ControllerTests) ... ok
unit-tests	Run python scripts/run-unit-tests	2026-09-23T11:24:23.3365511Z {"attempt": 1, "module": "Lean4Lean.M2", "status": "COMPLETE", "seconds": 0.01}
unit-tests	Run python scripts/run-unit-tests	2026-09-23T11:24:23.4007205Z {"attempt": 2, "module": "Lean4Lean.M3", "status": "COMPLETE", "seconds": 0.01}
unit-tests	Run python scripts/run-unit-tests	2026-09-23T11:24:23.4666099Z {"attempt": 3, "module": "Lean4Lean.M4", "status": "COMPLETE", "seconds": 0.01}
unit-tests	Run python scripts/run-unit-tests	2026-09-23T11:24:23.5339752Z {"attempt": 4, "module": "Lean4Lean.M5", "status": "COMPLETE", "seconds": 0.01}
unit-tests	Run python scripts/run-unit-tests	2026-09-23T11:24:23.6043953Z {"attempt": 5, "module": "Lean4Lean.M6", "status": "COMPLETE", "seconds": 0.01}
unit-tests	Run python scripts/run-unit-tests	2026-09-23T11:24:23.6789463Z {"attempt": 6, "module": "Lean4Lean.M7", "status": "COMPLETE", "seconds": 0.01}
unit-tests	Run python scripts/run-unit-tests	2026-09-23T11:24:23.7548262Z {"attempt": 7, "module": "Lean4Lean.M8", "status": "COMPLETE", "seconds": 0.01}
unit-tests	Run python scripts/run-unit-tests	2026-09-23T11:24:23.8312885Z {"attempt": 8, "module": "Lean4Lean.M9", "status": "COMPLETE", "seconds": 0.01}
unit-tests	Run python scripts/run-unit-tests	2026-09-23T11:24:23.9093981Z {"attempt": 9, "module": "Lean4Lean.M10", "status": "COMPLETE", "seconds": 0.01}
unit-tests	Run python scripts/run-unit-tests	2026-09-23T11:24:23.9890205Z {"attempt": 10, "module": "Lean4Lean.M11", "status": "COMPLETE", "seconds": 0.01}
unit-tests	Run python scripts/run-unit-tests	2026-09-23T11:24:24.0459674Z test_orphan_conservatively_charged_and_no_replay (test_cvc_prep2.ControllerTests) ... ok
unit-tests	Run python scripts/run-unit-tests	2026-09-23T11:24:24.1013094Z test_preflight_never_materializes (test_cvc_prep2.ControllerTests) ... ok
unit-tests	Run python scripts/run-unit-tests	2026-09-23T11:24:24.2493447Z test_seed_invalid_before_any_destination_or_launch (test_cvc_prep2.ControllerTests) ... ok
unit-tests	Run python scripts/run-unit-tests	2026-09-23T11:24:24.2864128Z test_uncommitted_input_and_nonselected_item_rejected (test_cvc_prep2.ControllerTests) ... ok
unit-tests	Run python scripts/run-unit-tests	2026-09-23T11:24:24.2866979Z test_duplicate_reservation_terminal_and_order_rejected (test_cvc_prep2.LedgerTests) ... ok
unit-tests	Run python scripts/run-unit-tests	2026-09-23T11:24:24.2902316Z test_hash_chain_rejects_tampering_and_truncation (test_cvc_prep2.LedgerTests) ... ok
unit-tests	Run python scripts/run-unit-tests	2026-09-23T11:24:24.2906037Z test_lock_rejects_concurrent_owner (test_cvc_prep2.LedgerTests) ... ok
unit-tests	Run python scripts/run-unit-tests	2026-09-23T11:24:24.2906874Z test_orphan_preserves_reservation (test_cvc_prep2.LedgerTests) ... ok
unit-tests	Run python scripts/run-unit-tests	2026-09-23T11:24:24.2941373Z test_mixed_namespace_and_module_order_is_irrelevant_but_bytes_are_exact (test_cvc_prep2.OutputIdentityTests) ... ok
unit-tests	Run python scripts/run-unit-tests	2026-09-23T11:24:24.2943148Z test_relocation_rejects_escape_and_duplicate_paths (test_cvc_prep2.OutputIdentityTests) ... ok
unit-tests	Run python scripts/run-unit-tests	2026-09-23T11:24:24.2954339Z test_interruption_kills_group_and_preserves_charge (test_cvc_prep2.ProcessTests) ... ok
unit-tests	Run python scripts/run-unit-tests	2026-09-23T11:24:24.3125739Z test_real_success_and_failed_spawn_preserve_logs (test_cvc_prep2.ProcessTests) ... ok
unit-tests	Run python scripts/run-unit-tests	2026-09-23T11:24:24.6152047Z test_real_timeout_kills_process_group (test_cvc_prep2.ProcessTests) ... ok
unit-tests	Run python scripts/run-unit-tests	2026-09-23T11:24:24.6154602Z test_closed_work_preserves_input_and_time_accounting (test_cvc_prep2_closure.ClosureAccountingTests) ... ok
unit-tests	Run python scripts/run-unit-tests	2026-09-23T11:24:24.6156416Z test_closed_work_rejects_overlapping_sessions (test_cvc_prep2_closure.ClosureAccountingTests) ... ok
unit-tests	Run python scripts/run-unit-tests	2026-09-23T11:24:24.6184086Z test_fixture_costs_require_paired_bounded_finite_attempts (test_cvc_prep2_closure.ClosureAccountingTests) ... ok
unit-tests	Run python scripts/run-unit-tests	2026-09-23T11:24:24.6190212Z test_prelaunch_counts_come_from_raw_logs (test_cvc_prep2_closure.ClosureAccountingTests) ... ok
unit-tests	Run python scripts/run-unit-tests	2026-09-23T11:24:24.6214421Z test_exact_runtime (test_cvc_prep_binding.RuntimeBindingTests) ... ok
unit-tests	Run python scripts/run-unit-tests	2026-09-23T11:24:24.6236538Z test_missing_reachable_dependency_rejected (test_cvc_prep_binding.RuntimeBindingTests) ... ok
unit-tests	Run python scripts/run-unit-tests	2026-09-23T11:24:24.6310709Z test_mutations_rejected (test_cvc_prep_binding.RuntimeBindingTests) ... ok
unit-tests	Run python scripts/run-unit-tests	2026-09-23T11:24:24.6327448Z test_platform_change_rejected (test_cvc_prep_binding.RuntimeBindingTests) ... ok
unit-tests	Run python scripts/run-unit-tests	2026-09-23T11:24:24.6342510Z test_recursive_closure_and_missing_node (test_cvc_prep_binding.RuntimeBindingTests) ... ok
unit-tests	Run python scripts/run-unit-tests	2026-09-23T11:24:24.6363581Z test_symlink_rejected_even_if_resolved_content_matches (test_cvc_prep_binding.RuntimeBindingTests) ... ok
unit-tests	Run python scripts/run-unit-tests	2026-09-23T11:24:24.6385000Z test_unbound_native_target_rejected (test_cvc_prep_binding.RuntimeBindingTests) ... ok
unit-tests	Run python scripts/run-unit-tests	2026-09-23T11:24:24.6405803Z test_unreachable_inventory_does_not_claim_lean_load_failure (test_cvc_prep_binding.RuntimeBindingTests) ... ok
unit-tests	Run python scripts/run-unit-tests	2026-09-23T11:24:24.6424273Z test_characterized_path_vs_string_order_boundary (test_cvc_prep_closure.ClosureBoundaryTests) ... ok
unit-tests	Run python scripts/run-unit-tests	2026-09-23T11:24:24.6442187Z test_closure_still_rejects_changed_and_additional_bytes (test_cvc_prep_closure.ClosureBoundaryTests) ... ok
unit-tests	Run python scripts/run-unit-tests	2026-09-23T11:24:24.6454513Z test_duplicate_receipts_are_not_collapsed_into_success (test_cvc_prep_closure.ClosureBoundaryTests) ... ok
unit-tests	Run python scripts/run-unit-tests	2026-09-23T11:24:24.6961461Z test_cancellation_reaps_child_without_killing_test_controller (test_cvc_process.ProcessTests) ... ok
unit-tests	Run python scripts/run-unit-tests	2026-09-23T11:24:24.7772763Z test_controller_sigkill_leaves_supervisor_cleanup_receipt (test_cvc_process.ProcessTests) ... ok
unit-tests	Run python scripts/run-unit-tests	2026-09-23T11:24:24.7984345Z test_failed_start_is_receipted (test_cvc_process.ProcessTests) ... ok
unit-tests	Run python scripts/run-unit-tests	2026-09-23T11:24:26.8407302Z test_leaf_deadline_is_independent_of_supervisor_timeout (test_cvc_process.ProcessTests) ... ok
unit-tests	Run python scripts/run-unit-tests	2026-09-23T11:24:26.8917465Z test_success_retains_raw_logs_and_guard_receipt (test_cvc_process.ProcessTests) ... ok
unit-tests	Run python scripts/run-unit-tests	2026-09-23T11:24:27.5087166Z test_timeout_terminates_descendant_group (test_cvc_process.ProcessTests) ... ok
unit-tests	Run python scripts/run-unit-tests	2026-09-23T11:24:27.5097471Z test_cli_refuses_all_prior_modes_and_cannot_enable_by_flag (test_cvc_runner.DisabledRunnerTests) ... ok
unit-tests	Run python scripts/run-unit-tests	2026-09-23T11:24:27.5098892Z test_diagnostic_and_incomplete_draft_are_durable (test_cvc_runner.DisabledRunnerTests) ... ok
unit-tests	Run python scripts/run-unit-tests	2026-09-23T11:24:27.5107281Z test_every_programmatic_entry_refuses_before_any_process_or_file_write (test_cvc_runner.DisabledRunnerTests) ... ok
unit-tests	Run python scripts/run-unit-tests	2026-09-23T11:24:27.5112382Z test_duplicate_or_out_of_order_reservation_and_terminal_rejected (test_cvc_runner2.AccountingTests) ... ok
unit-tests	Run python scripts/run-unit-tests	2026-09-23T11:24:27.5114539Z test_four_sessions_total_and_fifth_start_rejected (test_cvc_runner2.AccountingTests) ... ok
unit-tests	Run python scripts/run-unit-tests	2026-09-23T11:24:27.5116718Z test_orphan_cannot_be_undercharged_or_succeeded (test_cvc_runner2.AccountingTests) ... ok
unit-tests	Run python scripts/run-unit-tests	2026-09-23T11:24:27.5118671Z test_proof_success_prevents_another_attempt (test_cvc_runner2.AccountingTests) ... ok
unit-tests	Run python scripts/run-unit-tests	2026-09-23T11:24:27.5120891Z test_session_deadline_counts_design_time_and_clock_rollback (test_cvc_runner2.AccountingTests) ... ok
unit-tests	Run python scripts/run-unit-tests	2026-09-23T11:24:27.5123482Z test_signature_failure_stops_but_proof_failure_allows_counted_repair (test_cvc_runner2.AccountingTests) ... ok
unit-tests	Run python scripts/run-unit-tests	2026-09-23T11:24:27.5125373Z test_successful_terminal_after_session_budget_is_unresolved (test_cvc_runner2.AccountingTests) ... ok
unit-tests	Run python scripts/run-unit-tests	2026-09-23T11:24:27.5127602Z test_terminal_audit_crossing_total_budget_persists_stop (test_cvc_runner2.AccountingTests) ... ok
unit-tests	Run python scripts/run-unit-tests	2026-09-23T11:24:27.5133929Z test_thirteenth_attempt_is_rejected (test_cvc_runner2.AccountingTests) ... ok
unit-tests	Run python scripts/run-unit-tests	2026-09-23T11:24:27.5175153Z test_wal_recovers_only_a_valid_suffix_and_refuses_reset (test_cvc_runner2.AccountingTests) ... ok
unit-tests	Run python scripts/run-unit-tests	2026-09-23T11:24:27.5178819Z test_empty_and_multiline_actual_transitive_subsets (test_cvc_runner2.AuditTests) ... ok
unit-tests	Run python scripts/run-unit-tests	2026-09-23T11:24:27.5188896Z test_fixed_types_and_generated_suffix_for_both_outcomes (test_cvc_runner2.AuditTests) ... ok
unit-tests	Run python scripts/run-unit-tests	2026-09-23T11:24:27.5194381Z test_missing_duplicate_malformed_and_extra_reports_rejected (test_cvc_runner2.AuditTests) ... ok
unit-tests	Run python scripts/run-unit-tests	2026-09-23T11:24:27.5205974Z test_missing_wrong_type_and_comment_spoof_rejected (test_cvc_runner2.AuditTests) ... ok
unit-tests	Run python scripts/run-unit-tests	2026-09-23T11:24:27.5207697Z test_nested_comments_do_not_create_false_declarations (test_cvc_runner2.AuditTests) ... ok
unit-tests	Run python scripts/run-unit-tests	2026-09-23T11:24:27.5229689Z test_new_axioms_native_trust_and_forged_printouts_rejected (test_cvc_runner2.AuditTests) ... ok
unit-tests	Run python scripts/run-unit-tests	2026-09-23T11:24:27.5233265Z test_unlisted_single_and_dotted_axioms_and_sorry_rejected (test_cvc_runner2.AuditTests) ... ok
unit-tests	Run python scripts/run-unit-tests	2026-09-23T11:24:27.7681284Z test_begin_end_sessions_use_append_only_design_accounting (test_cvc_runner2.ControllerTests) ... ok
unit-tests	Run python scripts/run-unit-tests	2026-09-23T11:24:28.0058952Z test_changed_signature_output_prevents_proof_launch (test_cvc_runner2.ControllerTests) ... ok
unit-tests	Run python scripts/run-unit-tests	2026-09-23T11:24:28.3675812Z test_changed_signature_source_and_dependency_argv_manifest_refused (test_cvc_runner2.ControllerTests) ... ok
unit-tests	Run python scripts/run-unit-tests	2026-09-23T11:24:28.6229352Z test_counterexample_retains_negative_outcome (test_cvc_runner2.ControllerTests) ... ok
unit-tests	Run python scripts/run-unit-tests	2026-09-23T11:24:28.9621189Z test_failed_proof_is_repaired_as_next_number (test_cvc_runner2.ControllerTests) ... ok
unit-tests	Run python scripts/run-unit-tests	2026-09-23T11:24:29.2305652Z test_immutable_change_during_launch_is_persistent_control_stop (test_cvc_runner2.ControllerTests) ... ok
unit-tests	Run python scripts/run-unit-tests	2026-09-23T11:24:29.4635666Z test_missing_guard_receipt_waits_then_stops_without_new_launch (test_cvc_runner2.ControllerTests) ... ok
unit-tests	Run python scripts/run-unit-tests	2026-09-23T11:24:29.7345656Z test_missing_ledger_or_marker_cannot_reset_run (test_cvc_runner2.ControllerTests) ... ok
unit-tests	Run python scripts/run-unit-tests	2026-09-23T11:24:29.9681873Z test_missing_olean_or_stdout_audit_cannot_pass (test_cvc_runner2.ControllerTests) ... ok
unit-tests	Run python scripts/run-unit-tests	2026-09-23T11:24:30.3096477Z test_orphan_guard_receipt_is_reconciled_with_full_charge (test_cvc_runner2.ControllerTests) ... ok
unit-tests	Run python scripts/run-unit-tests	2026-09-23T11:24:30.6337930Z test_orphan_reconciliation_charges_once_and_does_not_replay (test_cvc_runner2.ControllerTests) ... ok
unit-tests	Run python scripts/run-unit-tests	2026-09-23T11:24:30.7966015Z test_runtime_change_missing_promotion_and_concurrent_lock_prevent_launch (test_cvc_runner2.ControllerTests) ... ok
unit-tests	Run python scripts/run-unit-tests	2026-09-23T11:24:31.0227590Z test_signature_failure_consumed_once_and_never_retried (test_cvc_runner2.ControllerTests) ... ok
unit-tests	Run python scripts/run-unit-tests	2026-09-23T11:24:31.3484806Z test_signature_then_proof_success_and_no_completed_replay (test_cvc_runner2.ControllerTests) ... ok
unit-tests	Run python scripts/run-unit-tests	2026-09-23T11:24:31.3568571Z test_promotion_requires_review_and_exact_committed_checkpoint (test_cvc_runner2.EntryGateTests) ... ok
unit-tests	Run python scripts/run-unit-tests	2026-09-23T11:24:31.3574190Z test_unpromoted_gate_refuses_before_any_run_directory (test_cvc_runner2.EntryGateTests) ... ok
unit-tests	Run python scripts/run-unit-tests	2026-09-23T11:24:31.3631845Z test_fixture_identity_and_snapshot_reject_deletion_or_truncation (test_cvc_runner2.FixtureAccountingTests) ... ok
unit-tests	Run python scripts/run-unit-tests	2026-09-23T11:24:31.3633545Z test_source_change_or_nonfinite_charge_blocks_later_reservation (test_cvc_runner2.FixtureAccountingTests) ... ok
unit-tests	Run python scripts/run-unit-tests	2026-09-23T11:24:31.3635289Z test_command_accepts_declared_receipt_forms (test_cvc_runner2_evidence.EvidenceHelperTests) ... ok
unit-tests	Run python scripts/run-unit-tests	2026-09-23T11:24:31.3642022Z test_current_binding_detects_tampering (test_cvc_runner2_evidence.EvidenceHelperTests) ... ok
unit-tests	Run python scripts/run-unit-tests	2026-09-23T11:24:31.3646386Z test_legacy_pairs_and_charges (test_cvc_runner2_evidence.EvidenceHelperTests) ... ok
unit-tests	Run python scripts/run-unit-tests	2026-09-23T11:24:31.3656955Z test_legacy_rejects_reset_and_cap_tampering (test_cvc_runner2_evidence.EvidenceHelperTests) ... ok
unit-tests	Run python scripts/run-unit-tests	2026-09-23T11:24:31.3658144Z test_session_caps_and_numbering (test_cvc_runner2_evidence.EvidenceHelperTests) ... ok
unit-tests	Run python scripts/run-unit-tests	2026-09-23T11:24:31.3660531Z test_failure_cannot_be_promoted_to_success_or_session_reset (test_cvc_runner_closure.ClosureTests) ... ok
unit-tests	Run python scripts/run-unit-tests	2026-09-23T11:24:31.3662372Z test_malformed_or_nonfinite_validation_receipts_refused (test_cvc_runner_closure.ClosureTests) ... ok
unit-tests	Run python scripts/run-unit-tests	2026-09-23T11:24:31.3663719Z test_orphan_is_preserved_and_never_labeled_measured (test_cvc_runner_closure.ClosureTests) ... ok
unit-tests	Run python scripts/run-unit-tests	2026-09-23T11:24:31.3666241Z test_raw_root_failure_and_worker_uncertainty_retained (test_cvc_runner_closure.ClosureTests) ... ok
unit-tests	Run python scripts/run-unit-tests	2026-09-23T11:24:31.3675572Z test_darwin_context_restores_original_even_on_exception (test_cvc_signal_retry.SignalRetryTests) ... ok
unit-tests	Run python scripts/run-unit-tests	2026-09-23T11:24:31.3690398Z test_driver_runs_exact_original_script_forwards_flags_and_restores (test_cvc_signal_retry.SignalRetryTests) ... ok
unit-tests	Run python scripts/run-unit-tests	2026-09-23T11:24:31.3698207Z test_existing_or_reused_leader_propagates_original_denial (test_cvc_signal_retry.SignalRetryTests) ... ok
unit-tests	Run python scripts/run-unit-tests	2026-09-23T11:24:31.3707108Z test_leader_reappearance_stops_further_retries (test_cvc_signal_retry.SignalRetryTests) ... ok
unit-tests	Run python scripts/run-unit-tests	2026-09-23T11:24:31.3718278Z test_nested_context_restores_each_original_binding (test_cvc_signal_retry.SignalRetryTests) ... ok
unit-tests	Run python scripts/run-unit-tests	2026-09-23T11:24:31.3727160Z test_non_darwin_context_leaves_runtime_untouched (test_cvc_signal_retry.SignalRetryTests) ... ok
unit-tests	Run python scripts/run-unit-tests	2026-09-23T11:24:31.3764753Z test_nonadvancing_clock_still_has_finite_retry_count (test_cvc_signal_retry.SignalRetryTests) ... ok
unit-tests	Run python scripts/run-unit-tests	2026-09-23T11:24:31.3775939Z test_other_errors_pass_through_without_retry_or_inspection (test_cvc_signal_retry.SignalRetryTests) ... ok
unit-tests	Run python scripts/run-unit-tests	2026-09-23T11:24:31.3813482Z test_persistent_denial_propagates_within_fixed_retry_bound (test_cvc_signal_retry.SignalRetryTests) ... ok
unit-tests	Run python scripts/run-unit-tests	2026-09-23T11:24:31.3823201Z test_scheduling_delay_cannot_launch_signal_after_deadline (test_cvc_signal_retry.SignalRetryTests) ... ok
unit-tests	Run python scripts/run-unit-tests	2026-09-23T11:24:31.3830614Z test_success_passes_through_without_inspecting_process (test_cvc_signal_retry.SignalRetryTests) ... ok
unit-tests	Run python scripts/run-unit-tests	2026-09-23T11:24:31.3838359Z test_transient_denial_can_return_real_kernel_success (test_cvc_signal_retry.SignalRetryTests) ... ok
unit-tests	Run python scripts/run-unit-tests	2026-09-23T11:24:31.3847861Z test_transient_denial_retries_identical_signal_and_preserves_esrch (test_cvc_signal_retry.SignalRetryTests) ... ok
unit-tests	Run python scripts/run-unit-tests	2026-09-23T11:24:31.3855901Z test_unknown_leader_inspection_does_not_authorize_retry (test_cvc_signal_retry.SignalRetryTests) ... ok
unit-tests	Run python scripts/run-unit-tests	2026-09-23T11:24:31.4182155Z test_active_statement_contradiction_blocks_established_authority (test_declaration_validation_catalog.DeclarationValidationCatalogTests) ... ok
unit-tests	Run python scripts/run-unit-tests	2026-09-23T11:24:31.4352598Z test_catalog_adjudication_cannot_extend_frozen_approved_source_registry (test_declaration_validation_catalog.DeclarationValidationCatalogTests) ... ok
unit-tests	Run python scripts/run-unit-tests	2026-09-23T11:24:31.4531807Z test_checker_disagreement_does_not_block_independently_qualified_normative_authority (test_declaration_validation_catalog.DeclarationValidationCatalogTests) ... ok
unit-tests	Run python scripts/run-unit-tests	2026-09-23T11:24:31.4730701Z test_checker_outcome_cannot_be_forged_by_secondary_metadata (test_declaration_validation_catalog.DeclarationValidationCatalogTests) ... ok
unit-tests	Run python scripts/run-unit-tests	2026-09-23T11:24:31.4915041Z test_checker_outcome_cannot_be_forged_through_case_id_locator (test_declaration_validation_catalog.DeclarationValidationCatalogTests) ... ok
unit-tests	Run python scripts/run-unit-tests	2026-09-23T11:24:31.5080119Z test_concrete_observer_outcome_requires_evidence (test_declaration_validation_catalog.DeclarationValidationCatalogTests) ... ok
unit-tests	Run python scripts/run-unit-tests	2026-09-23T11:24:32.3343976Z test_corrected_milestone_8_historical_attestation_is_required (test_declaration_validation_catalog.DeclarationValidationCatalogTests) ... ok
unit-tests	Run python scripts/run-unit-tests	2026-09-23T11:24:32.3528803Z test_decision_requires_content_bound_before_snapshot (test_declaration_validation_catalog.DeclarationValidationCatalogTests) ... ok
unit-tests	Run python scripts/run-unit-tests	2026-09-23T11:24:32.3876109Z test_duplicate_stable_id_fails (test_declaration_validation_catalog.DeclarationValidationCatalogTests) ... ok
unit-tests	Run python scripts/run-unit-tests	2026-09-23T11:24:32.3942753Z test_dynamic_report_is_derived_from_catalog_entry (test_declaration_validation_catalog.DeclarationValidationCatalogTests) ... ok
unit-tests	Run python scripts/run-unit-tests	2026-09-23T11:24:32.4288439Z test_editorial_and_observational_fields_are_not_identity_defining (test_declaration_validation_catalog.DeclarationValidationCatalogTests) ... ok
unit-tests	Run python scripts/run-unit-tests	2026-09-23T11:24:32.4664020Z test_empirical_stable_identity_rejects_precondition_or_observation_drift (test_declaration_validation_catalog.DeclarationValidationCatalogTests) ... ok
unit-tests	Run python scripts/run-unit-tests	2026-09-23T11:24:32.4845486Z test_established_empirical_authority_requires_concrete_observation (test_declaration_validation_catalog.DeclarationValidationCatalogTests) ... ok
unit-tests	Run python scripts/run-unit-tests	2026-09-23T11:24:32.5016660Z test_established_normative_support_rejects_active_assumptions (test_declaration_validation_catalog.DeclarationValidationCatalogTests) ... ok
unit-tests	Run python scripts/run-unit-tests	2026-09-23T11:24:32.5188069Z test_established_normative_support_rejects_unresolved_assumptions (test_declaration_validation_catalog.DeclarationValidationCatalogTests) ... ok
unit-tests	Run python scripts/run-unit-tests	2026-09-23T11:24:32.5216897Z test_evidence_lock_successor_chain_binds_immutable_m7_root (test_declaration_validation_catalog.DeclarationValidationCatalogTests) ... ok
unit-tests	Run python scripts/run-unit-tests	2026-09-23T11:24:32.5350164Z test_existing_evidence_cannot_be_linked_to_wrong_identity (test_declaration_validation_catalog.DeclarationValidationCatalogTests) ... ok
unit-tests	Run python scripts/run-unit-tests	2026-09-23T11:24:32.5476632Z test_existing_evidence_closure_rejects_silent_omission (test_declaration_validation_catalog.DeclarationValidationCatalogTests) ... ok
unit-tests	Run python scripts/run-unit-tests	2026-09-23T11:24:32.5598362Z test_explicit_multi_identity_witness_is_dispositioned_for_both (test_declaration_validation_catalog.DeclarationValidationCatalogTests) ... ok
unit-tests	Run python scripts/run-unit-tests	2026-09-23T11:24:32.5606084Z test_full_m8_site_closure_rejects_an_omitted_frozen_site (test_declaration_validation_catalog.DeclarationValidationCatalogTests) ... ok
unit-tests	Run python scripts/run-unit-tests	2026-09-23T11:24:32.5607727Z test_gate_6_catalog_successor_is_authoritative_and_complete (test_declaration_validation_catalog.DeclarationValidationCatalogTests) ... ok
unit-tests	Run python scripts/run-unit-tests	2026-09-23T11:24:32.5639439Z test_historical_m7_attestation_rejects_missing_completion_artifact (test_declaration_validation_catalog.DeclarationValidationCatalogTests) ... ok
unit-tests	Run python scripts/run-unit-tests	2026-09-23T11:24:32.7133917Z test_historical_m7_attestation_replaces_mutable_freeze_rendering (test_declaration_validation_catalog.DeclarationValidationCatalogTests) ... ok
unit-tests	Run python scripts/run-unit-tests	2026-09-23T11:24:32.7305321Z test_identity_statement_hash_drift_fails (test_declaration_validation_catalog.DeclarationValidationCatalogTests) ... ok
unit-tests	Run python scripts/run-unit-tests	2026-09-23T11:24:32.7474437Z test_implementation_observation_cannot_establish_normativity (test_declaration_validation_catalog.DeclarationValidationCatalogTests) ... ok
unit-tests	Run python scripts/run-unit-tests	2026-09-23T11:24:32.7577559Z test_incomplete_observer_vector_fails (test_declaration_validation_catalog.DeclarationValidationCatalogTests) ... ok
unit-tests	Run python scripts/run-unit-tests	2026-09-23T11:24:32.7740942Z test_invalid_claim_pointer_fails (test_declaration_validation_catalog.DeclarationValidationCatalogTests) ... ok
unit-tests	Run python scripts/run-unit-tests	2026-09-23T11:24:32.7742606Z test_json_pointer_resolution_is_strict_rfc6901 (test_declaration_validation_catalog.DeclarationValidationCatalogTests) ... ok
unit-tests	Run python scripts/run-unit-tests	2026-09-23T11:24:32.7942580Z test_lifecycle_target_cycle_fails (test_declaration_validation_catalog.DeclarationValidationCatalogTests) ... ok
unit-tests	Run python scripts/run-unit-tests	2026-09-23T11:24:32.8105899Z test_locally_forged_authoritative_document_cannot_establish_authority (test_declaration_validation_catalog.DeclarationValidationCatalogTests) ... ok
unit-tests	Run python scripts/run-unit-tests	2026-09-23T11:24:32.8285077Z test_locally_forged_formal_mechanization_cannot_establish_authority (test_declaration_validation_catalog.DeclarationValidationCatalogTests) ... ok
unit-tests	Run python scripts/run-unit-tests	2026-09-23T11:24:32.8483111Z test_locally_forged_normative_document_cannot_establish_authority (test_declaration_validation_catalog.DeclarationValidationCatalogTests) ... ok
unit-tests	Run python scripts/run-unit-tests	2026-09-23T11:24:32.8485149Z test_milestone_8_completion_derives_evidence_observer_and_arena_counts (test_declaration_validation_catalog.DeclarationValidationCatalogTests) ... ok
unit-tests	Run python scripts/run-unit-tests	2026-09-23T11:24:32.8489558Z test_milestone_8_freeze_is_acyclic_and_binds_its_historical_catalog (test_declaration_validation_catalog.DeclarationValidationCatalogTests) ... ok
unit-tests	Run python scripts/run-unit-tests	2026-09-23T11:24:33.0416390Z test_milestone_8_requires_complete_identity_dispositions (test_declaration_validation_catalog.DeclarationValidationCatalogTests) ... ok
unit-tests	Run python scripts/run-unit-tests	2026-09-23T11:24:33.0587374Z test_missing_lifecycle_target_fails (test_declaration_validation_catalog.DeclarationValidationCatalogTests) ... ok
unit-tests	Run python scripts/run-unit-tests	2026-09-23T11:24:33.0591728Z test_report_contains_all_required_generated_views (test_declaration_validation_catalog.DeclarationValidationCatalogTests) ... ok
unit-tests	Run python scripts/run-unit-tests	2026-09-23T11:24:33.0723645Z test_report_is_deterministic_synchronized_and_content_bound (test_declaration_validation_catalog.DeclarationValidationCatalogTests) ... ok
unit-tests	Run python scripts/run-unit-tests	2026-09-23T11:24:33.0763773Z test_report_is_status_aware_and_exposes_provisional_gap (test_declaration_validation_catalog.DeclarationValidationCatalogTests) ... ok
unit-tests	Run python scripts/run-unit-tests	2026-09-23T11:24:33.0961440Z test_reserved_out_of_scope_identity_cannot_be_active_entry (test_declaration_validation_catalog.DeclarationValidationCatalogTests) ... ok
unit-tests	Run python scripts/run-unit-tests	2026-09-23T11:24:33.5784303Z test_reviewed_m8_pilot_attestation_is_required_by_completion_validation (test_declaration_validation_catalog.DeclarationValidationCatalogTests) ... ok
unit-tests	Run python scripts/run-unit-tests	2026-09-23T11:24:33.7598910Z test_reviewed_pilot_entries_remain_exact_historical_inputs (test_declaration_validation_catalog.DeclarationValidationCatalogTests) ... ok
unit-tests	Run python scripts/run-unit-tests	2026-09-23T11:24:34.1688152Z test_schemas_are_valid_and_frozen_artifacts_pass (test_declaration_validation_catalog.DeclarationValidationCatalogTests) ... ok
unit-tests	Run python scripts/run-unit-tests	2026-09-23T11:24:34.1883904Z test_secondary_observer_metadata_is_not_factual_authority (test_declaration_validation_catalog.DeclarationValidationCatalogTests) ... ok
unit-tests	Run python scripts/run-unit-tests	2026-09-23T11:24:34.2048915Z test_semantic_target_profile_cannot_establish_normativity (test_declaration_validation_catalog.DeclarationValidationCatalogTests) ... ok
unit-tests	Run python scripts/run-unit-tests	2026-09-23T11:24:34.2051572Z test_six_authority_rules_cover_both_kinds_and_all_statuses (test_declaration_validation_catalog.DeclarationValidationCatalogTests) ... ok
unit-tests	Run python scripts/run-unit-tests	2026-09-23T11:24:34.2214009Z test_soundness_claims_are_blocked_until_separately_qualified (test_declaration_validation_catalog.DeclarationValidationCatalogTests) ... ok
unit-tests	Run python scripts/run-unit-tests	2026-09-23T11:24:34.2389866Z test_source_mapping_must_match_implementation_repository_and_evidence (test_declaration_validation_catalog.DeclarationValidationCatalogTests) ... ok
unit-tests	Run python scripts/run-unit-tests	2026-09-23T11:24:34.2555299Z test_source_type_must_match_locked_record_kind (test_declaration_validation_catalog.DeclarationValidationCatalogTests) ... ok
unit-tests	Run python scripts/run-unit-tests	2026-09-23T11:24:34.3070363Z test_stable_identity_binds_structured_semantics (test_declaration_validation_catalog.DeclarationValidationCatalogTests) ... ok
unit-tests	Run python scripts/run-unit-tests	2026-09-23T11:24:34.3394543Z test_stable_identity_rejects_applicability_or_premise_drift (test_declaration_validation_catalog.DeclarationValidationCatalogTests) ... ok
unit-tests	Run python scripts/run-unit-tests	2026-09-23T11:24:34.3556641Z test_stable_identity_rejects_modeled_judgment_drift (test_declaration_validation_catalog.DeclarationValidationCatalogTests) ... ok
unit-tests	Run python scripts/run-unit-tests	2026-09-23T11:24:34.3585926Z test_successor_registry_cannot_self_approve_a_source (test_declaration_validation_catalog.DeclarationValidationCatalogTests) ... ok
unit-tests	Run python scripts/run-unit-tests	2026-09-23T11:24:34.3588256Z test_tracked_evidence_descendant_json_pointer_resolves (test_declaration_validation_catalog.DeclarationValidationCatalogTests) ... ok
unit-tests	Run python scripts/run-unit-tests	2026-09-23T11:24:34.3592467Z test_unknown_case_id_fails_source_lock_resolution (test_declaration_validation_catalog.DeclarationValidationCatalogTests) ... ok
unit-tests	Run python scripts/run-unit-tests	2026-09-23T11:24:34.3772170Z test_unknown_decision_id_fails (test_declaration_validation_catalog.DeclarationValidationCatalogTests) ... ok
unit-tests	Run python scripts/run-unit-tests	2026-09-23T11:24:34.3940385Z test_unknown_source_lock_reference_fails (test_declaration_validation_catalog.DeclarationValidationCatalogTests) ... ok
unit-tests	Run python scripts/run-unit-tests	2026-09-23T11:24:34.4107998Z test_unknown_source_mapping_fails (test_declaration_validation_catalog.DeclarationValidationCatalogTests) ... ok
unit-tests	Run python scripts/run-unit-tests	2026-09-23T11:24:34.4288366Z test_unqualified_other_evidence_cannot_establish_empirical_authority (test_declaration_validation_catalog.DeclarationValidationCatalogTests) ... ok
unit-tests	Run python scripts/run-unit-tests	2026-09-23T11:24:34.4451542Z test_unregistered_stable_id_fails (test_declaration_validation_catalog.DeclarationValidationCatalogTests) ... ok
unit-tests	Run python scripts/run-unit-tests	2026-09-23T11:24:34.4615956Z test_unresolved_authority_requires_durable_blocker (test_declaration_validation_catalog.DeclarationValidationCatalogTests) ... ok
unit-tests	Run python scripts/run-unit-tests	2026-09-23T11:24:34.4782344Z test_unresolved_evidence_reference_fails (test_declaration_validation_catalog.DeclarationValidationCatalogTests) ... ok
unit-tests	Run python scripts/run-unit-tests	2026-09-23T11:24:34.4969880Z test_valid_empirical_fixture_satisfies_established_rule (test_declaration_validation_catalog.DeclarationValidationCatalogTests) ... ok
unit-tests	Run python scripts/run-unit-tests	2026-09-23T11:24:34.5135284Z test_valid_normative_fixture_satisfies_established_rule (test_declaration_validation_catalog.DeclarationValidationCatalogTests) ... ok
unit-tests	Run python scripts/run-unit-tests	2026-09-23T11:24:34.5202395Z test_both_kinds_have_distinct_valid_statement_shapes (test_declaration_validation_characterization_model.DeclarationValidationCharacterizationModelTests) ... ok
unit-tests	Run python scripts/run-unit-tests	2026-09-23T11:24:34.6013505Z test_both_schemas_are_valid_and_model_conforms (test_declaration_validation_characterization_model.DeclarationValidationCharacterizationModelTests) ... ok
unit-tests	Run python scripts/run-unit-tests	2026-09-23T11:24:34.6051282Z test_claim_pointer_and_evidence_references_are_checked (test_declaration_validation_characterization_model.DeclarationValidationCharacterizationModelTests) ... ok
unit-tests	Run python scripts/run-unit-tests	2026-09-23T11:24:34.6107515Z test_confidence_and_misplaced_policy_states_are_rejected (test_declaration_validation_characterization_model.DeclarationValidationCharacterizationModelTests) ... ok
unit-tests	Run python scripts/run-unit-tests	2026-09-23T11:24:34.6132707Z test_empirical_scenario_can_span_multiple_layers (test_declaration_validation_characterization_model.DeclarationValidationCharacterizationModelTests) ... ok
unit-tests	Run python scripts/run-unit-tests	2026-09-23T11:24:34.6163129Z test_four_implementation_observations_do_not_establish_normativity (test_declaration_validation_characterization_model.DeclarationValidationCharacterizationModelTests) ... ok
unit-tests	Run python scripts/run-unit-tests	2026-09-23T11:24:34.6211428Z test_implementation_observation_requires_correct_lineage (test_declaration_validation_characterization_model.DeclarationValidationCharacterizationModelTests) ... ok
unit-tests	Run python scripts/run-unit-tests	2026-09-23T11:24:34.6508661Z test_in_memory_conformance_suite_passes_every_check (test_declaration_validation_characterization_model.DeclarationValidationCharacterizationModelTests) ... ok
unit-tests	Run python scripts/run-unit-tests	2026-09-23T11:24:34.6550458Z test_mechanized_result_requires_and_accepts_full_qualification (test_declaration_validation_characterization_model.DeclarationValidationCharacterizationModelTests) ... ok
unit-tests	Run python scripts/run-unit-tests	2026-09-23T11:24:34.6552405Z test_model_stops_before_discovery_and_catalog_entries (test_declaration_validation_characterization_model.DeclarationValidationCharacterizationModelTests) ... ok
unit-tests	Run python scripts/run-unit-tests	2026-09-23T11:24:34.7061595Z test_catalog_and_stable_identity_boundary_is_mechanical (test_declaration_validation_discovery_closure.DeclarationValidationDiscoveryClosureTests) ... ok
unit-tests	Run python scripts/run-unit-tests	2026-09-23T11:24:34.7063693Z test_every_topic_has_exactly_four_observer_states (test_declaration_validation_discovery_closure.DeclarationValidationDiscoveryClosureTests) ... ok
unit-tests	Run python scripts/run-unit-tests	2026-09-23T11:24:34.7065392Z test_kiota_differences_are_explicit_not_normative_votes (test_declaration_validation_discovery_closure.DeclarationValidationDiscoveryClosureTests) ... ok
unit-tests	Run python scripts/run-unit-tests	2026-09-23T11:24:34.7315639Z test_missing_required_topic_fails (test_declaration_validation_discovery_closure.DeclarationValidationDiscoveryClosureTests) ... ok
unit-tests	Run python scripts/run-unit-tests	2026-09-23T11:24:34.7566200Z test_observer_vector_omission_fails (test_declaration_validation_discovery_closure.DeclarationValidationDiscoveryClosureTests) ... ok
unit-tests	Run python scripts/run-unit-tests	2026-09-23T11:24:34.7818816Z test_pinned_revision_drift_fails (test_declaration_validation_discovery_closure.DeclarationValidationDiscoveryClosureTests) ... ok
unit-tests	Run python scripts/run-unit-tests	2026-09-23T11:24:34.8073746Z test_primary_scope_cannot_silently_shrink (test_declaration_validation_discovery_closure.DeclarationValidationDiscoveryClosureTests) ... ok
unit-tests	Run python scripts/run-unit-tests	2026-09-23T11:24:34.8075759Z test_required_starting_audit_surface_is_present (test_declaration_validation_discovery_closure.DeclarationValidationDiscoveryClosureTests) ... ok
unit-tests	Run python scripts/run-unit-tests	2026-09-23T11:24:34.8631576Z test_schema_is_valid_and_frozen_closure_passes (test_declaration_validation_discovery_closure.DeclarationValidationDiscoveryClosureTests) ... ok
unit-tests	Run python scripts/run-unit-tests	2026-09-23T11:24:34.8883628Z test_seed_cannot_be_promoted_in_milestone_4 (test_declaration_validation_discovery_closure.DeclarationValidationDiscoveryClosureTests) ... ok
unit-tests	Run python scripts/run-unit-tests	2026-09-23T11:24:34.9137216Z test_site_source_cross_reference_is_bidirectional (test_declaration_validation_discovery_closure.DeclarationValidationDiscoveryClosureTests) ... ok
unit-tests	Run python scripts/run-unit-tests	2026-09-23T11:24:36.3814881Z test_actual_gate_6_catalog_leaves_m8_history_valid (test_declaration_validation_historical_transition.DeclarationValidationHistoricalTransitionTests) ... ok
unit-tests	Run python scripts/run-unit-tests	2026-09-23T11:24:36.5244347Z test_historical_blob_identity_tampering_fails (test_declaration_validation_historical_transition.DeclarationValidationHistoricalTransitionTests) ... ok
unit-tests	Run python scripts/run-unit-tests	2026-09-23T11:24:36.6788084Z test_historical_m7_uses_its_own_schema_without_later_required_fields (test_declaration_validation_historical_transition.DeclarationValidationHistoricalTransitionTests) ... ok
unit-tests	Run python scripts/run-unit-tests	2026-09-23T11:24:37.5524689Z test_m10_historical_attestation_tampering_fails (test_declaration_validation_historical_transition.DeclarationValidationHistoricalTransitionTests) ... ok
unit-tests	Run python scripts/run-unit-tests	2026-09-23T11:24:39.8408585Z test_m10_to_successor_transition_preserves_protocol_history (test_declaration_validation_historical_transition.DeclarationValidationHistoricalTransitionTests) ... ok
unit-tests	Run python scripts/run-unit-tests	2026-09-23T11:24:39.8411672Z test_m8_current_catalog_transition_leaves_historical_attestations_unchanged (test_declaration_validation_historical_transition.DeclarationValidationHistoricalTransitionTests)
unit-tests	Run python scripts/run-unit-tests	2026-09-23T11:24:40.6772511Z This would fail when M7 or the reviewed pilot followed config/catalog.json. ... ok
unit-tests	Run python scripts/run-unit-tests	2026-09-23T11:24:42.7149103Z test_m8_historical_attestation_tampering_fails (test_declaration_validation_historical_transition.DeclarationValidationHistoricalTransitionTests) ... ok
unit-tests	Run python scripts/run-unit-tests	2026-09-23T11:24:42.7152002Z test_m9_current_catalog_transition_leaves_m8_historical_attestation_unchanged (test_declaration_validation_historical_transition.DeclarationValidationHistoricalTransitionTests)
unit-tests	Run python scripts/run-unit-tests	2026-09-23T11:24:44.2464378Z A future current catalog cannot redefine the corrected M8 content state. ... ok
unit-tests	Run python scripts/run-unit-tests	2026-09-23T11:24:45.5571328Z test_m9_historical_attestation_tampering_fails (test_declaration_validation_historical_transition.DeclarationValidationHistoricalTransitionTests) ... ok
unit-tests	Run python scripts/run-unit-tests	2026-09-23T11:24:45.5573407Z test_m9_to_m10_current_state_transition_preserves_all_history (test_declaration_validation_historical_transition.DeclarationValidationHistoricalTransitionTests)
unit-tests	Run python scripts/run-unit-tests	2026-09-23T11:24:47.4028931Z A future current state may change without redefining reviewed M9. ... ok
unit-tests	Run python scripts/run-unit-tests	2026-09-23T11:24:47.4030967Z test_mutable_current_pilot_path_cannot_redefine_reviewed_pilot (test_declaration_validation_historical_transition.DeclarationValidationHistoricalTransitionTests)
unit-tests	Run python scripts/run-unit-tests	2026-09-23T11:24:48.0453721Z The historical validator must not read config/declaration-validation-milestone-8-pilot.json. ... ok
unit-tests	Run python scripts/run-unit-tests	2026-09-23T11:24:48.2198027Z test_pilot_rejects_a_mutable_current_catalog_as_its_predecessor (test_declaration_validation_historical_transition.DeclarationValidationHistoricalTransitionTests) ... ok
unit-tests	Run python scripts/run-unit-tests	2026-09-23T11:24:48.4339795Z test_reviewed_pilot_attestation_tampering_fails (test_declaration_validation_historical_transition.DeclarationValidationHistoricalTransitionTests) ... ok
unit-tests	Run python scripts/run-unit-tests	2026-09-23T11:24:49.6214061Z test_actual_m10_design_validates (test_declaration_validation_milestone_10.DeclarationValidationMilestone10Tests) ... ok
unit-tests	Run python scripts/run-unit-tests	2026-09-23T11:24:50.6196928Z test_authority_cannot_be_promoted_in_readiness (test_declaration_validation_milestone_10.DeclarationValidationMilestone10Tests) ... ok
unit-tests	Run python scripts/run-unit-tests	2026-09-23T11:24:50.9774255Z test_authority_short_circuit_cannot_remove_other_dimensions (test_declaration_validation_milestone_10.DeclarationValidationMilestone10Tests) ... ok
unit-tests	Run python scripts/run-unit-tests	2026-09-23T11:24:50.9777011Z test_complete_inventory_is_analyzed_without_authority_short_circuit (test_declaration_validation_milestone_10.DeclarationValidationMilestone10Tests) ... ok
unit-tests	Run python scripts/run-unit-tests	2026-09-23T11:24:51.6810424Z test_current_catalog_path_is_not_an_eligibility_input (test_declaration_validation_milestone_10.DeclarationValidationMilestone10Tests) ... ok
unit-tests	Run python scripts/run-unit-tests	2026-09-23T11:24:51.6811937Z test_deferred_and_reserved_identifications_are_closed (test_declaration_validation_milestone_10.DeclarationValidationMilestone10Tests) ... ok
unit-tests	Run python scripts/run-unit-tests	2026-09-23T11:24:52.3569911Z test_derived_populations_are_not_authored_booleans (test_declaration_validation_milestone_10.DeclarationValidationMilestone10Tests) ... ok
unit-tests	Run python scripts/run-unit-tests	2026-09-23T11:24:53.0352781Z test_evidence_cannot_be_redirected_to_another_identity (test_declaration_validation_milestone_10.DeclarationValidationMilestone10Tests) ... ok
unit-tests	Run python scripts/run-unit-tests	2026-09-23T11:24:53.0354471Z test_execution_gates_and_prohibitions_stop_m10_before_campaigns (test_declaration_validation_milestone_10.DeclarationValidationMilestone10Tests) ... ok
unit-tests	Run python scripts/run-unit-tests	2026-09-23T11:24:53.0355910Z test_exploratory_and_empirical_populations_remain_separate (test_declaration_validation_milestone_10.DeclarationValidationMilestone10Tests) ... ok
unit-tests	Run python scripts/run-unit-tests	2026-09-23T11:24:53.7236227Z test_frozen_classification_cannot_follow_mutable_reinterpretation (test_declaration_validation_milestone_10.DeclarationValidationMilestone10Tests) ... ok
unit-tests	Run python scripts/run-unit-tests	2026-09-23T11:24:53.7237604Z test_future_coverage_contract_preserves_reach_and_isolation (test_declaration_validation_milestone_10.DeclarationValidationMilestone10Tests) ... ok
unit-tests	Run python scripts/run-unit-tests	2026-09-23T11:24:54.0405105Z test_generated_population_and_report_are_synchronized (test_declaration_validation_milestone_10.DeclarationValidationMilestone10Tests) ... ok
unit-tests	Run python scripts/run-unit-tests	2026-09-23T11:24:54.0406940Z test_immutable_m9_binding_is_exact (test_declaration_validation_milestone_10.DeclarationValidationMilestone10Tests) ... ok
unit-tests	Run python scripts/run-unit-tests	2026-09-23T11:24:54.0408647Z test_primary_denominator_is_empty_without_percentage (test_declaration_validation_milestone_10.DeclarationValidationMilestone10Tests) ... ok
unit-tests	Run python scripts/run-unit-tests	2026-09-23T11:24:54.5398965Z test_actual_erratum_validates (test_declaration_validation_milestone_10_protocol_erratum.DeclarationValidationMilestone10ProtocolErratumTests) ... ok
unit-tests	Run python scripts/run-unit-tests	2026-09-23T11:24:54.5401600Z test_correction_is_prop_valued_theorem_with_matching_proof (test_declaration_validation_milestone_10_protocol_erratum.DeclarationValidationMilestone10ProtocolErratumTests) ... ok
unit-tests	Run python scripts/run-unit-tests	2026-09-23T11:24:55.0272149Z test_definition_form_cannot_be_reintroduced_as_matched_control (test_declaration_validation_milestone_10_protocol_erratum.DeclarationValidationMilestone10ProtocolErratumTests) ... ok
unit-tests	Run python scripts/run-unit-tests	2026-09-23T11:24:55.0274755Z test_definition_form_is_auxiliary_not_matched_positive_control (test_declaration_validation_milestone_10_protocol_erratum.DeclarationValidationMilestone10ProtocolErratumTests) ... ok
unit-tests	Run python scripts/run-unit-tests	2026-09-23T11:24:55.0277086Z test_erratum_does_not_authorize_successor_execution (test_declaration_validation_milestone_10_protocol_erratum.DeclarationValidationMilestone10ProtocolErratumTests) ... ok
unit-tests	Run python scripts/run-unit-tests	2026-09-23T11:24:55.0279084Z test_generated_report_is_synchronized (test_declaration_validation_milestone_10_protocol_erratum.DeclarationValidationMilestone10ProtocolErratumTests) ... ok
unit-tests	Run python scripts/run-unit-tests	2026-09-23T11:24:55.2378048Z test_historical_attestation_tampering_fails (test_declaration_validation_milestone_10_protocol_erratum.DeclarationValidationMilestone10ProtocolErratumTests) ... ok
unit-tests	Run python scripts/run-unit-tests	2026-09-23T11:24:55.8004948Z test_historical_attestation_validates_without_live_erratum (test_declaration_validation_milestone_10_protocol_erratum.DeclarationValidationMilestone10ProtocolErratumTests) ... ok
unit-tests	Run python scripts/run-unit-tests	2026-09-23T11:24:56.3059426Z test_immutable_m10_artifacts_remain_exact (test_declaration_validation_milestone_10_protocol_erratum.DeclarationValidationMilestone10ProtocolErratumTests) ... ok
unit-tests	Run python scripts/run-unit-tests	2026-09-23T11:24:56.7941853Z test_wrong_target_pointer_is_rejected (test_declaration_validation_milestone_10_protocol_erratum.DeclarationValidationMilestone10ProtocolErratumTests) ... ok
unit-tests	Run python scripts/run-unit-tests	2026-09-23T11:24:56.8114314Z test_authority_or_layer_fields_are_rejected (test_declaration_validation_milestone_5.DeclarationValidationMilestone5Tests) ... ok
unit-tests	Run python scripts/run-unit-tests	2026-09-23T11:24:56.8277288Z test_catalog_transition_hash_drift_fails (test_declaration_validation_milestone_5.DeclarationValidationMilestone5Tests) ... ok
unit-tests	Run python scripts/run-unit-tests	2026-09-23T11:24:56.8434354Z test_checker_or_provenance_specific_id_fails (test_declaration_validation_milestone_5.DeclarationValidationMilestone5Tests) ... ok
unit-tests	Run python scripts/run-unit-tests	2026-09-23T11:24:56.8436856Z test_decision_evidence_is_qualified_as_discovery_only (test_declaration_validation_milestone_5.DeclarationValidationMilestone5Tests) ... ok
unit-tests	Run python scripts/run-unit-tests	2026-09-23T11:24:56.8438504Z test_every_milestone_4_seed_has_exactly_one_decision (test_declaration_validation_milestone_5.DeclarationValidationMilestone5Tests) ... ok
unit-tests	Run python scripts/run-unit-tests	2026-09-23T11:24:56.8595850Z test_generated_decision_log_drift_fails (test_declaration_validation_milestone_5.DeclarationValidationMilestone5Tests) ... ok
unit-tests	Run python scripts/run-unit-tests	2026-09-23T11:24:56.8747029Z test_id_deletion_reuse_policy_is_frozen (test_declaration_validation_milestone_5.DeclarationValidationMilestone5Tests) ... ok
unit-tests	Run python scripts/run-unit-tests	2026-09-23T11:24:56.8904829Z test_kind_change_requires_a_new_identity (test_declaration_validation_milestone_5.DeclarationValidationMilestone5Tests) ... ok
unit-tests	Run python scripts/run-unit-tests	2026-09-23T11:24:56.9061668Z test_missing_seed_resolution_fails (test_declaration_validation_milestone_5.DeclarationValidationMilestone5Tests) ... ok
unit-tests	Run python scripts/run-unit-tests	2026-09-23T11:24:56.9217185Z test_non_split_requires_one_result (test_declaration_validation_milestone_5.DeclarationValidationMilestone5Tests) ... ok
unit-tests	Run python scripts/run-unit-tests	2026-09-23T11:24:56.9372084Z test_out_of_scope_decision_must_remain_reserved (test_declaration_validation_milestone_5.DeclarationValidationMilestone5Tests) ... ok
unit-tests	Run python scripts/run-unit-tests	2026-09-23T11:24:56.9414517Z test_renderer_is_deterministic (test_declaration_validation_milestone_5.DeclarationValidationMilestone5Tests) ... ok
unit-tests	Run python scripts/run-unit-tests	2026-09-23T11:24:56.9893606Z test_schemas_are_valid_and_frozen_artifacts_pass (test_declaration_validation_milestone_5.DeclarationValidationMilestone5Tests) ... ok
unit-tests	Run python scripts/run-unit-tests	2026-09-23T11:24:57.0065560Z test_split_requires_multiple_results (test_declaration_validation_milestone_5.DeclarationValidationMilestone5Tests) ... ok
unit-tests	Run python scripts/run-unit-tests	2026-09-23T11:24:57.0225062Z test_statement_drift_requires_hash_change (test_declaration_validation_milestone_5.DeclarationValidationMilestone5Tests) ... ok
unit-tests	Run python scripts/run-unit-tests	2026-09-23T11:24:57.0227521Z test_two_kind_model_is_preserved_without_forcing_unassigned_identities (test_declaration_validation_milestone_5.DeclarationValidationMilestone5Tests) ... ok
unit-tests	Run python scripts/run-unit-tests	2026-09-23T11:24:57.0384414Z test_uncertain_kind_cannot_be_forced (test_declaration_validation_milestone_5.DeclarationValidationMilestone5Tests) ... ok
unit-tests	Run python scripts/run-unit-tests	2026-09-23T11:24:57.4993644Z test_arena_disposition_cannot_be_silent (test_declaration_validation_milestone_8_pilot.DeclarationValidationMilestone8PilotTests) ... ok
unit-tests	Run python scripts/run-unit-tests	2026-09-23T11:24:57.9622310Z test_checker_disagreement_may_not_be_modeled_as_authority_contradiction (test_declaration_validation_milestone_8_pilot.DeclarationValidationMilestone8PilotTests) ... ok
unit-tests	Run python scripts/run-unit-tests	2026-09-23T11:24:58.4282558Z test_concrete_outcome_must_resolve_to_its_checker_result_bytes (test_declaration_validation_milestone_8_pilot.DeclarationValidationMilestone8PilotTests) ... ok
unit-tests	Run python scripts/run-unit-tests	2026-09-23T11:24:58.8921105Z test_existing_lab_witness_cannot_be_promoted_to_isolation (test_declaration_validation_milestone_8_pilot.DeclarationValidationMilestone8PilotTests) ... ok
unit-tests	Run python scripts/run-unit-tests	2026-09-23T11:24:59.3692315Z test_historical_pilot_uses_its_bound_registry_snapshot (test_declaration_validation_milestone_8_pilot.DeclarationValidationMilestone8PilotTests) ... ok
unit-tests	Run python scripts/run-unit-tests	2026-09-23T11:24:59.8346136Z test_observed_absence_is_a_valid_non_enforcement_disposition (test_declaration_validation_milestone_8_pilot.DeclarationValidationMilestone8PilotTests) ... ok
unit-tests	Run python scripts/run-unit-tests	2026-09-23T11:25:00.2997305Z test_omitted_frozen_m4_site_fails_closure (test_declaration_validation_milestone_8_pilot.DeclarationValidationMilestone8PilotTests) ... ok
unit-tests	Run python scripts/run-unit-tests	2026-09-23T11:25:00.7647454Z test_pilot_entries_cannot_be_promoted_to_established_authority (test_declaration_validation_milestone_8_pilot.DeclarationValidationMilestone8PilotTests) ... ok
unit-tests	Run python scripts/run-unit-tests	2026-09-23T11:25:01.2407082Z test_pilot_passes_full_validation (test_declaration_validation_milestone_8_pilot.DeclarationValidationMilestone8PilotTests) ... ok
unit-tests	Run python scripts/run-unit-tests	2026-09-23T11:25:01.7038846Z test_selection_must_remain_the_authorized_five_entries (test_declaration_validation_milestone_8_pilot.DeclarationValidationMilestone8PilotTests) ... ok
unit-tests	Run python scripts/run-unit-tests	2026-09-23T11:25:01.7914822Z test_authored_correction_can_validate_with_matching_catalog_change (test_declaration_validation_milestone_9.DeclarationValidationMilestone9Tests) ... ok
unit-tests	Run python scripts/run-unit-tests	2026-09-23T11:25:01.8806897Z test_authority_promotion_is_rejected (test_declaration_validation_milestone_9.DeclarationValidationMilestone9Tests) ... ok
unit-tests	Run python scripts/run-unit-tests	2026-09-23T11:25:01.9648134Z test_challenge_hash_tampering_fails (test_declaration_validation_milestone_9.DeclarationValidationMilestone9Tests) ... ok
unit-tests	Run python scripts/run-unit-tests	2026-09-23T11:25:01.9650150Z test_freeze_cycle_is_rejected (test_declaration_validation_milestone_9.DeclarationValidationMilestone9Tests) ... ok
unit-tests	Run python scripts/run-unit-tests	2026-09-23T11:25:03.7617351Z test_milestone_9_artifacts_pass (test_declaration_validation_milestone_9.DeclarationValidationMilestone9Tests) ... ok
unit-tests	Run python scripts/run-unit-tests	2026-09-23T11:25:03.8487150Z test_missing_authored_attack_or_rationale_fails (test_declaration_validation_milestone_9.DeclarationValidationMilestone9Tests) ... ok
unit-tests	Run python scripts/run-unit-tests	2026-09-23T11:25:05.5449709Z test_pre_review_generation_is_deterministic (test_declaration_validation_milestone_9.DeclarationValidationMilestone9Tests) ... ok
unit-tests	Run python scripts/run-unit-tests	2026-09-23T11:25:05.5698539Z test_pre_review_inventory_is_exact_immutable_m8_content (test_declaration_validation_milestone_9.DeclarationValidationMilestone9Tests) ... ok
unit-tests	Run python scripts/run-unit-tests	2026-09-23T11:25:05.5701216Z test_renderer_has_no_semantic_decision_constructor (test_declaration_validation_milestone_9.DeclarationValidationMilestone9Tests) ... ok
unit-tests	Run python scripts/run-unit-tests	2026-09-23T11:25:05.5716085Z test_renderer_preserves_authored_disposition_and_rationale (test_declaration_validation_milestone_9.DeclarationValidationMilestone9Tests) ... ok
unit-tests	Run python scripts/run-unit-tests	2026-09-23T11:25:05.6281796Z test_review_schema_and_exact_challenge_set (test_declaration_validation_milestone_9.DeclarationValidationMilestone9Tests) ... ok
unit-tests	Run python scripts/run-unit-tests	2026-09-23T11:25:05.6706425Z test_reviewed_catalog_changes_only_milestone_envelope_and_remains_historically_bound (test_declaration_validation_milestone_9.DeclarationValidationMilestone9Tests) ... ok
unit-tests	Run python scripts/run-unit-tests	2026-09-23T11:25:05.7636861Z test_soundness_overreach_is_rejected (test_declaration_validation_milestone_9.DeclarationValidationMilestone9Tests) ... ok
unit-tests	Run python scripts/run-unit-tests	2026-09-23T11:25:05.8510922Z test_unbound_review_evidence_fails (test_declaration_validation_milestone_9.DeclarationValidationMilestone9Tests) ... ok
unit-tests	Run python scripts/run-unit-tests	2026-09-23T11:25:05.8848939Z test_unrecorded_reviewed_catalog_change_fails (test_declaration_validation_milestone_9.DeclarationValidationMilestone9Tests) ... ok
unit-tests	Run python scripts/run-unit-tests	2026-09-23T11:25:05.9598700Z test_unresolving_review_evidence_locator_fails (test_declaration_validation_milestone_9.DeclarationValidationMilestone9Tests) ... ok
unit-tests	Run python scripts/run-unit-tests	2026-09-23T11:25:05.9609856Z test_absent_normative_and_mechanized_evidence_is_explicit (test_declaration_validation_source_lock.DeclarationValidationSourceLockTests) ... ok
unit-tests	Run python scripts/run-unit-tests	2026-09-23T11:25:05.9772671Z test_absolute_optional_local_path_fails (test_declaration_validation_source_lock.DeclarationValidationSourceLockTests) ... ok
unit-tests	Run python scripts/run-unit-tests	2026-09-23T11:25:05.9932618Z test_entrypoint_requires_mechanical_locator_tokens (test_declaration_validation_source_lock.DeclarationValidationSourceLockTests) ... ok
unit-tests	Run python scripts/run-unit-tests	2026-09-23T11:25:05.9934926Z test_every_discovery_source_is_content_bound (test_declaration_validation_source_lock.DeclarationValidationSourceLockTests) ... ok
unit-tests	Run python scripts/run-unit-tests	2026-09-23T11:25:06.0097090Z test_invalid_json_pointer_fails (test_declaration_validation_source_lock.DeclarationValidationSourceLockTests) ... ok
unit-tests	Run python scripts/run-unit-tests	2026-09-23T11:25:06.0257590Z test_missing_discovery_source_fails (test_declaration_validation_source_lock.DeclarationValidationSourceLockTests) ... ok
unit-tests	Run python scripts/run-unit-tests	2026-09-23T11:25:06.0418986Z test_missing_optional_local_observation_does_not_fail (test_declaration_validation_source_lock.DeclarationValidationSourceLockTests) ... ok
unit-tests	Run python scripts/run-unit-tests	2026-09-23T11:25:06.0422078Z test_no_catalog_or_authority_assignment_crosses_milestone_boundary (test_declaration_validation_source_lock.DeclarationValidationSourceLockTests) ... ok
unit-tests	Run python scripts/run-unit-tests	2026-09-23T11:25:06.0581343Z test_observer_configuration_digest_drift_fails (test_declaration_validation_source_lock.DeclarationValidationSourceLockTests) ... ok
unit-tests	Run python scripts/run-unit-tests	2026-09-23T11:25:06.0700402Z test_observer_vector_cannot_shrink (test_declaration_validation_source_lock.DeclarationValidationSourceLockTests) ... ok
unit-tests	Run python scripts/run-unit-tests	2026-09-23T11:25:06.0702948Z test_online_verifier_checks_revision_content_and_tokens (test_declaration_validation_source_lock.DeclarationValidationSourceLockTests) ... ok
unit-tests	Run python scripts/run-unit-tests	2026-09-23T11:25:06.0704587Z test_online_verifier_rejects_wrong_content (test_declaration_validation_source_lock.DeclarationValidationSourceLockTests) ... ok
unit-tests	Run python scripts/run-unit-tests	2026-09-23T11:25:06.0801973Z test_renderer_is_deterministic_and_synchronized (test_declaration_validation_source_lock.DeclarationValidationSourceLockTests) ... ok
unit-tests	Run python scripts/run-unit-tests	2026-09-23T11:25:06.0803336Z test_repository_tuple_is_exactly_the_pinned_target_tuple (test_declaration_validation_source_lock.DeclarationValidationSourceLockTests) ... ok
unit-tests	Run python scripts/run-unit-tests	2026-09-23T11:25:06.1315105Z test_schema_is_valid_and_frozen_lock_passes (test_declaration_validation_source_lock.DeclarationValidationSourceLockTests) ... ok
unit-tests	Run python scripts/run-unit-tests	2026-09-23T11:25:06.1476055Z test_tracked_evidence_hash_drift_fails (test_declaration_validation_source_lock.DeclarationValidationSourceLockTests) ... ok
unit-tests	Run python scripts/run-unit-tests	2026-09-23T11:25:06.1640391Z test_witness_hash_drift_fails (test_declaration_validation_source_lock.DeclarationValidationSourceLockTests) ... ok
unit-tests	Run python scripts/run-unit-tests	2026-09-23T11:25:06.1800967Z test_witness_must_reference_a_stable_identity (test_declaration_validation_source_lock.DeclarationValidationSourceLockTests) ... ok
unit-tests	Run python scripts/run-unit-tests	2026-09-23T11:25:06.1961935Z test_witness_origin_must_be_content_bound (test_declaration_validation_source_lock.DeclarationValidationSourceLockTests) ... ok
unit-tests	Run python scripts/run-unit-tests	2026-09-23T11:25:06.1965434Z test_failure_classes_are_not_rejections (test_ecosystem_cases.EcosystemCasesTests) ... ok
unit-tests	Run python scripts/run-unit-tests	2026-09-23T11:25:06.1967885Z test_fixed_pairs_only_change_target_field (test_ecosystem_cases.EcosystemCasesTests) ... ok
unit-tests	Run python scripts/run-unit-tests	2026-09-23T11:25:06.2089563Z test_budget_and_fixed_selection_are_enforced (test_ecosystem_closure.EcosystemClosureTests) ... ok
unit-tests	Run python scripts/run-unit-tests	2026-09-23T11:25:06.2098200Z test_corrupted_raw_binding_is_refused (test_ecosystem_closure.EcosystemClosureTests) ... ok
unit-tests	Run python scripts/run-unit-tests	2026-09-23T11:25:06.2106733Z test_forged_outcome_is_refused_from_bound_raw_evidence (test_ecosystem_closure.EcosystemClosureTests) ... ok
unit-tests	Run python scripts/run-unit-tests	2026-09-23T11:25:06.2298570Z test_actual_ledger_validates_and_view_is_current (test_external_contributions.ExternalContributionTests) ... ok
unit-tests	Run python scripts/run-unit-tests	2026-09-23T11:25:06.2483505Z test_all_convention_named_pull_request_drafts_are_indexed (test_external_contributions.ExternalContributionTests) ... ok
unit-tests	Run python scripts/run-unit-tests	2026-09-23T11:25:06.2667949Z test_current_index_includes_open_merged_and_local_draft_states (test_external_contributions.ExternalContributionTests) ... ok
unit-tests	Run python scripts/run-unit-tests	2026-09-23T11:25:06.2869468Z test_duplicate_external_reference_is_rejected (test_external_contributions.ExternalContributionTests) ... ok
unit-tests	Run python scripts/run-unit-tests	2026-09-23T11:25:06.3055770Z test_generator_is_explicitly_offline (test_external_contributions.ExternalContributionTests) ... ok
unit-tests	Run python scripts/run-unit-tests	2026-09-23T11:25:06.3086823Z test_candidate_yield_cannot_be_inflated (test_hsbm_closure.HsbmClosureTests) ... ok
unit-tests	Run python scripts/run-unit-tests	2026-09-23T11:25:06.3111545Z test_clock_and_budget_tampering (test_hsbm_closure.HsbmClosureTests) ... ok
unit-tests	Run python scripts/run-unit-tests	2026-09-23T11:25:06.3953000Z test_isolated_binding_and_frozen_input_tampering (test_hsbm_closure.HsbmClosureTests) ... ok
unit-tests	Run python scripts/run-unit-tests	2026-09-23T11:25:06.3974248Z test_launch_request_and_successor_gates (test_hsbm_closure.HsbmClosureTests) ... ok
unit-tests	Run python scripts/run-unit-tests	2026-09-23T11:25:15.8701076Z PASS: exact population/selection reproduction
unit-tests	Run python scripts/run-unit-tests	2026-09-23T11:25:15.8794492Z test_retained_fetch_head_bundle_replays_offline (test_hsbm_closure.HsbmClosureTests) ... ok
unit-tests	Run python scripts/run-unit-tests	2026-09-23T11:25:15.8820470Z test_selection_and_boundary_tampering (test_hsbm_closure.HsbmClosureTests) ... ok
unit-tests	Run python scripts/run-unit-tests	2026-09-23T11:25:15.8826219Z test_valid_negative_and_two_candidate_success (test_hsbm_closure.HsbmClosureTests) ... ok
unit-tests	Run python scripts/run-unit-tests	2026-09-23T11:25:15.8857605Z test_diff_context_and_headers_do_not_create_signals (test_hsbm_pilot.HsbmPilotSelectionTests) ... ok
unit-tests	Run python scripts/run-unit-tests	2026-09-23T11:25:15.8882787Z test_frozen_selection_cannot_be_overwritten_and_check_rejects_drift (test_hsbm_pilot.HsbmPilotSelectionTests) ... ok
unit-tests	Run python scripts/run-unit-tests	2026-09-23T11:25:15.8889915Z test_population_exclusions_diversity_and_seeded_controls (test_hsbm_pilot.HsbmPilotSelectionTests) ... ok
unit-tests	Run python scripts/run-unit-tests	2026-09-23T11:25:15.8894184Z test_small_population_keeps_shortfall_and_never_duplicates (test_hsbm_pilot.HsbmPilotSelectionTests) ... ok
unit-tests	Run python scripts/run-unit-tests	2026-09-23T11:25:18.2189022Z test_changed_coverage_decision_fails (test_kiota_ctor_index_coverage_closure.KiotaCtorIndexCoverageClosureTest) ... ok
unit-tests	Run python scripts/run-unit-tests	2026-09-23T11:25:20.5594205Z test_completed_item_cannot_be_reopened_after_successor_transition (test_kiota_ctor_index_coverage_closure.KiotaCtorIndexCoverageClosureTest) ... ok
unit-tests	Run python scripts/run-unit-tests	2026-09-23T11:25:22.8701219Z test_live_closure_passes (test_kiota_ctor_index_coverage_closure.KiotaCtorIndexCoverageClosureTest) ... ok
unit-tests	Run python scripts/run-unit-tests	2026-09-23T11:25:22.8741135Z test_build_cap_refuses (test_kiota_ctor_index_runner.LaunchGate) ... ok
unit-tests	Run python scripts/run-unit-tests	2026-09-23T11:25:22.8767784Z test_changed_binding_refuses (test_kiota_ctor_index_runner.LaunchGate) ... ok
unit-tests	Run python scripts/run-unit-tests	2026-09-23T11:25:22.8834288Z test_cleanup_failure_keeps_pending (test_kiota_ctor_index_runner.LaunchGate) ... ok
unit-tests	Run python scripts/run-unit-tests	2026-09-23T11:25:22.8868532Z test_completed_cell_cannot_repeat (test_kiota_ctor_index_runner.LaunchGate) ... ok
unit-tests	Run python scripts/run-unit-tests	2026-09-23T11:25:22.8900392Z test_disagreeing_clocks_refuses (test_kiota_ctor_index_runner.LaunchGate) ... ok
unit-tests	Run python scripts/run-unit-tests	2026-09-23T11:25:22.8953242Z test_failed_process_remains_charged_and_clears_pending (test_kiota_ctor_index_runner.LaunchGate) ... ok
unit-tests	Run python scripts/run-unit-tests	2026-09-23T11:25:22.8986531Z test_item_deadline_refuses (test_kiota_ctor_index_runner.LaunchGate) ... ok
unit-tests	Run python scripts/run-unit-tests	2026-09-23T11:25:22.9019139Z test_manifest_must_be_committed (test_kiota_ctor_index_runner.LaunchGate) ... ok
unit-tests	Run python scripts/run-unit-tests	2026-09-23T11:25:22.9051429Z test_missing_account_after_prior_directory_refuses (test_kiota_ctor_index_runner.LaunchGate) ... ok
unit-tests	Run python scripts/run-unit-tests	2026-09-23T11:25:22.9084847Z test_pending_reservation_refuses (test_kiota_ctor_index_runner.LaunchGate) ... ok
unit-tests	Run python scripts/run-unit-tests	2026-09-23T11:25:22.9132880Z test_reservation_is_durable_before_launch (test_kiota_ctor_index_runner.LaunchGate) ... ok
unit-tests	Run python scripts/run-unit-tests	2026-09-23T11:25:22.9165672Z test_timeout_cannot_expand (test_kiota_ctor_index_runner.LaunchGate) ... ok
unit-tests	Run python scripts/run-unit-tests	2026-09-23T11:25:22.9199948Z test_unbound_cargo_configuration_refuses (test_kiota_ctor_index_runner.LaunchGate) ... ok
unit-tests	Run python scripts/run-unit-tests	2026-09-23T11:25:22.9225986Z test_wrong_cell_refuses (test_kiota_ctor_index_runner.LaunchGate) ... ok
unit-tests	Run python scripts/run-unit-tests	2026-09-23T11:25:22.9419297Z test_altered_historical_review_is_rejected (test_kiota_ctor_index_test_closure.KiotaCtorIndexTestClosureTest) ... ok
unit-tests	Run python scripts/run-unit-tests	2026-09-23T11:25:23.0892347Z test_changed_exact_message_fails (test_kiota_ctor_index_test_closure.KiotaCtorIndexTestClosureTest) ... ok
unit-tests	Run python scripts/run-unit-tests	2026-09-23T11:25:23.1363734Z test_later_frontier_cannot_change_completed_budget (test_kiota_ctor_index_test_closure.KiotaCtorIndexTestClosureTest) ... ok
unit-tests	Run python scripts/run-unit-tests	2026-09-23T11:25:23.1822150Z test_later_frontier_cannot_reopen_completed_kiota_item (test_kiota_ctor_index_test_closure.KiotaCtorIndexTestClosureTest) ... ok
unit-tests	Run python scripts/run-unit-tests	2026-09-23T11:25:23.2278354Z test_later_valid_frontier_preserves_historical_handoff (test_kiota_ctor_index_test_closure.KiotaCtorIndexTestClosureTest) ... ok
unit-tests	Run python scripts/run-unit-tests	2026-09-23T11:25:23.4959423Z test_live_closure_passes (test_kiota_ctor_index_test_closure.KiotaCtorIndexTestClosureTest) ... ok
unit-tests	Run python scripts/run-unit-tests	2026-09-23T11:25:23.5005231Z test_original_tooling_remains_bound (test_kiota_ctor_index_test_closure.KiotaCtorIndexTestClosureTest) ... ok
unit-tests	Run python scripts/run-unit-tests	2026-09-23T11:25:23.5013800Z test_audit_cannot_authorize_production_edit (test_kiota_recursor_type_design.KiotaRecursorTypeDesignTests) ... ok
unit-tests	Run python scripts/run-unit-tests	2026-09-23T11:25:23.5018687Z test_base_or_nested_stage_omission_fails (test_kiota_recursor_type_design.KiotaRecursorTypeDesignTests) ... ok
unit-tests	Run python scripts/run-unit-tests	2026-09-23T11:25:23.5021422Z test_circular_current_rec_environment_fails (test_kiota_recursor_type_design.KiotaRecursorTypeDesignTests) ... ok
unit-tests	Run python scripts/run-unit-tests	2026-09-23T11:25:23.5063801Z test_exact_package_passes (test_kiota_recursor_type_design.KiotaRecursorTypeDesignTests) ... ERROR
unit-tests	Run python scripts/run-unit-tests	2026-09-23T11:25:23.5069197Z test_fixture_hash_profile_or_outcome_tampering_fails (test_kiota_recursor_type_design.KiotaRecursorTypeDesignTests) ... FAIL
unit-tests	Run python scripts/run-unit-tests	2026-09-23T11:25:23.5072342Z test_result_cannot_overclaim_or_record_actions (test_kiota_recursor_type_design.KiotaRecursorTypeDesignTests) ... ok
unit-tests	Run python scripts/run-unit-tests	2026-09-23T11:25:23.5147092Z test_source_hash_or_locator_tampering_fails (test_kiota_recursor_type_design.KiotaRecursorTypeDesignTests) ... FAIL
unit-tests	Run python scripts/run-unit-tests	2026-09-23T11:25:23.5150259Z test_weaker_comparison_relation_fails (test_kiota_recursor_type_design.KiotaRecursorTypeDesignTests) ... ok
unit-tests	Run python scripts/run-unit-tests	2026-09-23T11:25:23.5153534Z test_claim_and_recommendation_stay_scoped (test_metamorphic_pilot_closure.MetamorphicPilotClosureTests) ... ok
unit-tests	Run python scripts/run-unit-tests	2026-09-23T11:25:23.5163670Z test_final_run_is_observed_clean_and_exact (test_metamorphic_pilot_closure.MetamorphicPilotClosureTests) ... ok
unit-tests	Run python scripts/run-unit-tests	2026-09-23T11:25:23.5172830Z test_generation_bindings_and_eligibility_are_complete (test_metamorphic_pilot_closure.MetamorphicPilotClosureTests) ... ok
unit-tests	Run python scripts/run-unit-tests	2026-09-23T11:25:23.5175227Z test_predecessor_remains_exact_unresolved_history (test_metamorphic_pilot_closure.MetamorphicPilotClosureTests) ... ok
unit-tests	Run python scripts/run-unit-tests	2026-09-23T11:25:23.5178521Z test_twelve_cell_matrix_and_four_relations_are_complete (test_metamorphic_pilot_closure.MetamorphicPilotClosureTests) ... ok
unit-tests	Run python scripts/run-unit-tests	2026-09-23T11:25:23.5190284Z test_changed_imax_constructor_fails_preservation (test_metamorphic_representation.AdversarialAuditTests) ... ok
unit-tests	Run python scripts/run-unit-tests	2026-09-23T11:25:23.5199335Z test_changed_let_value_fails_preservation (test_metamorphic_representation.AdversarialAuditTests) ... ok
unit-tests	Run python scripts/run-unit-tests	2026-09-23T11:25:23.5206775Z test_duplicate_index_fails_closed (test_metamorphic_representation.AdversarialAuditTests) ... ok
unit-tests	Run python scripts/run-unit-tests	2026-09-23T11:25:23.5214819Z test_extra_field_fails_closed (test_metamorphic_representation.AdversarialAuditTests) ... ok
unit-tests	Run python scripts/run-unit-tests	2026-09-23T11:25:23.5223117Z test_invalid_reference_fails_closed (test_metamorphic_representation.AdversarialAuditTests) ... ok
unit-tests	Run python scripts/run-unit-tests	2026-09-23T11:25:23.5232856Z test_missing_record_fails_closed (test_metamorphic_representation.AdversarialAuditTests) ... ok
unit-tests	Run python scripts/run-unit-tests	2026-09-23T11:25:23.5243213Z test_unknown_tag_fails_closed (test_metamorphic_representation.AdversarialAuditTests) ... ok
unit-tests	Run python scripts/run-unit-tests	2026-09-23T11:25:23.5297207Z test_generation_is_byte_deterministic (test_metamorphic_representation.TransformationTests) ... ok
unit-tests	Run python scripts/run-unit-tests	2026-09-23T11:25:23.5298588Z test_generation_summary_is_owned_by_successor (test_metamorphic_representation.TransformationTests) ... ok
unit-tests	Run python scripts/run-unit-tests	2026-09-23T11:25:23.5332607Z test_identity_decode_encode_roundtrip (test_metamorphic_representation.TransformationTests) ... ok
unit-tests	Run python scripts/run-unit-tests	2026-09-23T11:25:23.5358214Z test_reverse_ready_pairs_are_nonidentity_and_preserved (test_metamorphic_representation.TransformationTests) ... ok
unit-tests	Run python scripts/run-unit-tests	2026-09-23T11:25:23.5384736Z test_round_robin_is_preserved_but_ineligible_under_frozen_delta (test_metamorphic_representation.TransformationTests) ... ok
unit-tests	Run python scripts/run-unit-tests	2026-09-23T11:25:23.5388590Z test_unknown_algorithm_fails (test_metamorphic_representation.TransformationTests) ... ok
unit-tests	Run python scripts/run-unit-tests	2026-09-23T11:25:23.5420043Z test_nonempty_zero_rss_samples_never_release_child (test_metamorphic_supervisor.StartGateTests) ... ok
unit-tests	Run python scripts/run-unit-tests	2026-09-23T11:25:23.5447963Z test_zero_then_positive_rss_delays_release_until_positive (test_metamorphic_supervisor.StartGateTests) ... ok
unit-tests	Run python scripts/run-unit-tests	2026-09-23T11:25:23.6088281Z test_child_memory_breach_kills_process_group (test_metamorphic_supervisor.SupervisorTests) ... ok
unit-tests	Run python scripts/run-unit-tests	2026-09-23T11:25:23.6089685Z test_classification_rejects_missing_runtime_sample (test_metamorphic_supervisor.SupervisorTests) ... ok
unit-tests	Run python scripts/run-unit-tests	2026-09-23T11:25:23.6458131Z test_nonzero_exit_is_preserved (test_metamorphic_supervisor.SupervisorTests) ... ok
unit-tests	Run python scripts/run-unit-tests	2026-09-23T11:25:23.7787770Z test_normal_exit_is_observed (test_metamorphic_supervisor.SupervisorTests) ... ok
unit-tests	Run python scripts/run-unit-tests	2026-09-23T11:25:24.7948132Z test_timeout_kills_process_group (test_metamorphic_supervisor.SupervisorTests) ... ok
unit-tests	Run python scripts/run-unit-tests	2026-09-23T11:25:24.7970309Z test_attempts_have_final_classifications (test_mutation_model.MutationModelTests) ... ok
unit-tests	Run python scripts/run-unit-tests	2026-09-23T11:25:24.7972122Z test_generated_ids_are_content_deterministic (test_mutation_model.MutationModelTests) ... ok
unit-tests	Run python scripts/run-unit-tests	2026-09-23T11:25:24.7974793Z test_manual_catalog_binds_specs (test_mutation_model.MutationModelTests) ... ok
unit-tests	Run python scripts/run-unit-tests	2026-09-23T11:25:24.7976002Z test_population_is_bounded_and_multi_family (test_mutation_model.MutationModelTests) ... ok
unit-tests	Run python scripts/run-unit-tests	2026-09-23T11:25:24.7979996Z test_constructor_owner_classification_requires_all_invariants (test_mutation_surface_audit.MutationSurfaceAuditTests) ... ok
unit-tests	Run python scripts/run-unit-tests	2026-09-23T11:25:24.7981583Z test_debug_only_strong_reduce_is_not_in_modeled_surface (test_mutation_surface_audit.MutationSurfaceAuditTests) ... ok
unit-tests	Run python scripts/run-unit-tests	2026-09-23T11:25:24.7982840Z test_distinguishes_selection_and_operator_surface_gaps (test_mutation_surface_audit.MutationSurfaceAuditTests) ... ok
unit-tests	Run python scripts/run-unit-tests	2026-09-23T11:25:24.7984343Z test_diversity_selection_spreads_subsystems_then_functions (test_mutation_surface_audit.MutationSurfaceAuditTests) ... ok
unit-tests	Run python scripts/run-unit-tests	2026-09-23T11:25:24.7985864Z test_instantiation_and_abstraction_are_modeled_as_substitution (test_mutation_surface_audit.MutationSurfaceAuditTests) ... ok
unit-tests	Run python scripts/run-unit-tests	2026-09-23T11:25:24.7987210Z test_nat_extension_classification_fails_closed (test_mutation_surface_audit.MutationSurfaceAuditTests) ... ok
unit-tests	Run python scripts/run-unit-tests	2026-09-23T11:25:24.7988071Z test_quot_ind_classification_requires_explicit_probe (test_mutation_surface_audit.MutationSurfaceAuditTests) ... ok
unit-tests	Run python scripts/run-unit-tests	2026-09-23T11:25:24.8012056Z test_reference_aligned_mutants_are_excluded_from_scores (test_mutation_surface_audit.MutationSurfaceAuditTests) ... ok
unit-tests	Run python scripts/run-unit-tests	2026-09-23T11:25:24.8018000Z test_repository_report_matches_active_batch (test_mutation_surface_audit.MutationSurfaceAuditTests) ... ok
unit-tests	Run python scripts/run-unit-tests	2026-09-23T11:25:24.8019442Z test_scheduler_falls_back_to_full_baseline_without_coverage_inputs (test_mutation_surface_audit.MutationSurfaceAuditTests) ... ok
unit-tests	Run python scripts/run-unit-tests	2026-09-23T11:25:24.8021204Z test_scheduler_keeps_coverage_guided_selection_when_available (test_mutation_surface_audit.MutationSurfaceAuditTests) ... ok
unit-tests	Run python scripts/run-unit-tests	2026-09-23T11:25:24.9049612Z test_artifact_binding_tampering_and_mutable_queue_independence (test_nanoda_defeq_cache_closure.NanodaDefeqCacheClosureTests) ... ok
unit-tests	Run python scripts/run-unit-tests	2026-09-23T11:25:24.9056936Z test_clock_reset_nonfinite_and_cap_refused (test_nanoda_defeq_cache_closure.NanodaDefeqCacheClosureTests) ... ok
unit-tests	Run python scripts/run-unit-tests	2026-09-23T11:25:24.9064374Z test_handoff_and_item_closure_agree (test_nanoda_defeq_cache_closure.NanodaDefeqCacheClosureTests) ... ok
unit-tests	Run python scripts/run-unit-tests	2026-09-23T11:25:24.9078297Z test_inflated_claims_and_launches_refused (test_nanoda_defeq_cache_closure.NanodaDefeqCacheClosureTests) ... ok
unit-tests	Run python scripts/run-unit-tests	2026-09-23T11:25:24.9085248Z test_request_cost_cannot_be_erased_or_exceeded (test_nanoda_defeq_cache_closure.NanodaDefeqCacheClosureTests) ... ok
unit-tests	Run python scripts/run-unit-tests	2026-09-23T11:25:24.9086854Z test_valid_scoped_closure (test_nanoda_defeq_cache_closure.NanodaDefeqCacheClosureTests) ... ok
unit-tests	Run python scripts/run-unit-tests	2026-09-23T11:25:24.9231878Z test_closure_snapshot_survives_later_live_frontier_and_submission (test_nanoda_nat_dispatch_closure.ClosureReplay) ... ok
unit-tests	Run python scripts/run-unit-tests	2026-09-23T11:25:24.9392145Z test_counts_cannot_disagree_between_closure_and_result (test_nanoda_nat_dispatch_closure.ClosureReplay) ... ok
unit-tests	Run python scripts/run-unit-tests	2026-09-23T11:25:24.9462904Z test_deducted_work_time_refused (test_nanoda_nat_dispatch_closure.ClosureReplay) ... ok
unit-tests	Run python scripts/run-unit-tests	2026-09-23T11:25:24.9587528Z test_deleted_attempt_cannot_reduce_counts (test_nanoda_nat_dispatch_closure.ClosureReplay) ... ok
unit-tests	Run python scripts/run-unit-tests	2026-09-23T11:25:24.9739838Z test_draft_path_in_unrelated_ledger_text_is_not_attribution (test_nanoda_nat_dispatch_closure.ClosureReplay) ... ok
unit-tests	Run python scripts/run-unit-tests	2026-09-23T11:25:24.9810494Z test_entry_work_record_cannot_be_rewritten (test_nanoda_nat_dispatch_closure.ClosureReplay) ... ok
unit-tests	Run python scripts/run-unit-tests	2026-09-23T11:25:24.9960192Z test_external_draft_requires_ledger_index (test_nanoda_nat_dispatch_closure.ClosureReplay) ... ok
unit-tests	Run python scripts/run-unit-tests	2026-09-23T11:25:25.0137539Z test_failed_attempt_is_retained_and_charged_before_successful_retry (test_nanoda_nat_dispatch_closure.ClosureReplay) ... ok
unit-tests	Run python scripts/run-unit-tests	2026-09-23T11:25:25.0278720Z test_forged_pass_count_without_named_tests_refused (test_nanoda_nat_dispatch_closure.ClosureReplay) ... ok
unit-tests	Run python scripts/run-unit-tests	2026-09-23T11:25:25.0426710Z test_full_suite_cannot_hide_missing_documentation_phase (test_nanoda_nat_dispatch_closure.ClosureReplay) ... ok
unit-tests	Run python scripts/run-unit-tests	2026-09-23T11:25:25.0566851Z test_inflated_pass_summary_refused (test_nanoda_nat_dispatch_closure.ClosureReplay) ... ok
unit-tests	Run python scripts/run-unit-tests	2026-09-23T11:25:25.0658355Z test_inputs_cannot_change_after_freeze_even_with_updated_output_hash (test_nanoda_nat_dispatch_closure.ClosureReplay) ... ok
unit-tests	Run python scripts/run-unit-tests	2026-09-23T11:25:25.0728351Z test_nan_clock_does_not_evade_budget (test_nanoda_nat_dispatch_closure.ClosureReplay) ... ok
unit-tests	Run python scripts/run-unit-tests	2026-09-23T11:25:25.0797804Z test_old_historical_binding_is_checked_at_its_base_commit (test_nanoda_nat_dispatch_closure.ClosureReplay) ... ok
unit-tests	Run python scripts/run-unit-tests	2026-09-23T11:25:25.0920825Z test_orphan_raw_attempt_refused (test_nanoda_nat_dispatch_closure.ClosureReplay) ... ok
unit-tests	Run python scripts/run-unit-tests	2026-09-23T11:25:25.1056311Z test_output_binding_cannot_be_omitted (test_nanoda_nat_dispatch_closure.ClosureReplay) ... ok
unit-tests	Run python scripts/run-unit-tests	2026-09-23T11:25:25.1182749Z test_pending_cleanup_refused (test_nanoda_nat_dispatch_closure.ClosureReplay) ... ok
unit-tests	Run python scripts/run-unit-tests	2026-09-23T11:25:25.1313864Z test_portable_complete_replay_requires_no_runtime_installation (test_nanoda_nat_dispatch_closure.ClosureReplay) ... ok
unit-tests	Run python scripts/run-unit-tests	2026-09-23T11:25:25.1432981Z test_post_launch_commit_refused (test_nanoda_nat_dispatch_closure.ClosureReplay) ... ok
unit-tests	Run python scripts/run-unit-tests	2026-09-23T11:25:25.1509840Z test_production_patch_refused_even_if_committed (test_nanoda_nat_dispatch_closure.ClosureReplay) ... ok
unit-tests	Run python scripts/run-unit-tests	2026-09-23T11:25:25.1646917Z test_raw_request_hash_is_recomputed (test_nanoda_nat_dispatch_closure.ClosureReplay) ... ok
unit-tests	Run python scripts/run-unit-tests	2026-09-23T11:25:25.1785995Z test_reservation_numbers_cannot_reset (test_nanoda_nat_dispatch_closure.ClosureReplay) ... ok
unit-tests	Run python scripts/run-unit-tests	2026-09-23T11:25:25.1938588Z test_same_draft_for_different_item_refused (test_nanoda_nat_dispatch_closure.ClosureReplay) ... ok
unit-tests	Run python scripts/run-unit-tests	2026-09-23T11:25:25.2091856Z test_snapshot_cannot_claim_started_successor (test_nanoda_nat_dispatch_closure.ClosureReplay) ... ok
unit-tests	Run python scripts/run-unit-tests	2026-09-23T11:25:25.2227855Z test_successor_must_remain_unstarted (test_nanoda_nat_dispatch_closure.ClosureReplay) ... ok
unit-tests	Run python scripts/run-unit-tests	2026-09-23T11:25:25.2371185Z test_valid_request_hash_does_not_authorize_different_invocation (test_nanoda_nat_dispatch_closure.ClosureReplay) ... ok
unit-tests	Run python scripts/run-unit-tests	2026-09-23T11:25:25.2443852Z test_wrong_scientific_matrix_cannot_be_legitimized_by_git_binding (test_nanoda_nat_dispatch_closure.ClosureReplay) ... ok
unit-tests	Run python scripts/run-unit-tests	2026-09-23T11:25:25.2489339Z test_build_cap_refuses_before_spawn (test_nanoda_nat_dispatch_runner.LaunchGate) ... ok
unit-tests	Run python scripts/run-unit-tests	2026-09-23T11:25:25.2519196Z test_changed_dependency_source_refuses_before_spawn (test_nanoda_nat_dispatch_runner.LaunchGate) ... ok
unit-tests	Run python scripts/run-unit-tests	2026-09-23T11:25:25.2542374Z test_changed_input_refuses_before_spawn (test_nanoda_nat_dispatch_runner.LaunchGate) ... ok
unit-tests	Run python scripts/run-unit-tests	2026-09-23T11:25:25.2565856Z test_changed_source_patch_refuses_before_spawn (test_nanoda_nat_dispatch_runner.LaunchGate) ... ok
unit-tests	Run python scripts/run-unit-tests	2026-09-23T11:25:25.2594186Z test_clock_rollback_refuses_before_spawn (test_nanoda_nat_dispatch_runner.LaunchGate) ... ok
unit-tests	Run python scripts/run-unit-tests	2026-09-23T11:25:25.2622989Z test_completed_reservation_cannot_be_reused (test_nanoda_nat_dispatch_runner.LaunchGate) ... ok
unit-tests	Run python scripts/run-unit-tests	2026-09-23T11:25:25.2648357Z test_disagreeing_clocks_refuse_before_spawn (test_nanoda_nat_dispatch_runner.LaunchGate) ... ok
unit-tests	Run python scripts/run-unit-tests	2026-09-23T11:25:25.2699241Z test_durable_reservation_precedes_mock_launch (test_nanoda_nat_dispatch_runner.LaunchGate) ... ok
unit-tests	Run python scripts/run-unit-tests	2026-09-23T11:25:25.2739011Z test_full_reservation_must_fit_remaining_time (test_nanoda_nat_dispatch_runner.LaunchGate) ... ok
unit-tests	Run python scripts/run-unit-tests	2026-09-23T11:25:25.2768038Z test_inconsistent_counts_refuse_before_spawn (test_nanoda_nat_dispatch_runner.LaunchGate) ... ok
unit-tests	Run python scripts/run-unit-tests	2026-09-23T11:25:25.2797640Z test_missing_account_with_prior_directory_refuses_before_spawn (test_nanoda_nat_dispatch_runner.LaunchGate) ... ok
unit-tests	Run python scripts/run-unit-tests	2026-09-23T11:25:25.2826268Z test_pending_reservation_refuses_before_spawn (test_nanoda_nat_dispatch_runner.LaunchGate) ... ok
unit-tests	Run python scripts/run-unit-tests	2026-09-23T11:25:25.2854324Z test_process_ceiling_cannot_be_enlarged (test_nanoda_nat_dispatch_runner.LaunchGate) ... ok
unit-tests	Run python scripts/run-unit-tests	2026-09-23T11:25:25.2882042Z test_test_cap_refuses_before_spawn (test_nanoda_nat_dispatch_runner.LaunchGate) ... ok
unit-tests	Run python scripts/run-unit-tests	2026-09-23T11:25:25.2910218Z test_unbound_dependency_file_refuses_before_spawn (test_nanoda_nat_dispatch_runner.LaunchGate) ... ok
unit-tests	Run python scripts/run-unit-tests	2026-09-23T11:25:25.2931256Z test_uncommitted_manifest_refuses_before_spawn (test_nanoda_nat_dispatch_runner.LaunchGate) ... ok
unit-tests	Run python scripts/run-unit-tests	2026-09-23T11:25:25.2959529Z test_untracked_source_refuses_before_spawn (test_nanoda_nat_dispatch_runner.LaunchGate) ... ok
unit-tests	Run python scripts/run-unit-tests	2026-09-23T11:25:25.2982955Z test_wrong_cell_identity_refuses_before_spawn (test_nanoda_nat_dispatch_runner.LaunchGate) ... ok
unit-tests	Run python scripts/run-unit-tests	2026-09-23T11:25:26.9275387Z test_artifact_binding_tampering_and_mutable_queue_independence (test_nanoda_native_config_closure.NanodaNativeConfigClosureTests) ... ok
unit-tests	Run python scripts/run-unit-tests	2026-09-23T11:25:26.9285523Z test_clock_reset_nonfinite_and_cap_refused (test_nanoda_native_config_closure.NanodaNativeConfigClosureTests) ... ok
unit-tests	Run python scripts/run-unit-tests	2026-09-23T11:25:26.9297100Z test_design_cannot_claim_execution_or_drop_unicode_control (test_nanoda_native_config_closure.NanodaNativeConfigClosureTests) ... ok
unit-tests	Run python scripts/run-unit-tests	2026-09-23T11:25:28.3268019Z test_exact_source_inventory_tests_and_excerpt_bindings (test_nanoda_native_config_closure.NanodaNativeConfigClosureTests) ... ok
unit-tests	Run python scripts/run-unit-tests	2026-09-23T11:25:28.3277738Z test_handoff_and_item_closure_agree (test_nanoda_native_config_closure.NanodaNativeConfigClosureTests) ... ok
unit-tests	Run python scripts/run-unit-tests	2026-09-23T11:25:28.3297957Z test_inflated_claims_and_launches_refused (test_nanoda_native_config_closure.NanodaNativeConfigClosureTests) ... ok
unit-tests	Run python scripts/run-unit-tests	2026-09-23T11:25:28.3301640Z test_matrix_requires_exact_unique_flag_and_name_cells (test_nanoda_native_config_closure.NanodaNativeConfigClosureTests) ... ok
unit-tests	Run python scripts/run-unit-tests	2026-09-23T11:25:28.3334600Z test_reconstruction_typing_and_admission_cannot_be_conflated (test_nanoda_native_config_closure.NanodaNativeConfigClosureTests) ... ok
unit-tests	Run python scripts/run-unit-tests	2026-09-23T11:25:28.3344270Z test_request_cost_cannot_be_erased_or_exceeded (test_nanoda_native_config_closure.NanodaNativeConfigClosureTests) ... ok
unit-tests	Run python scripts/run-unit-tests	2026-09-23T11:25:28.3346706Z test_valid_scoped_closure (test_nanoda_native_config_closure.NanodaNativeConfigClosureTests) ... ok
unit-tests	Run python scripts/run-unit-tests	2026-09-23T11:25:29.9371084Z test_artifact_binding_tampering_and_mutable_queue_independence (test_nanoda_nested_closure.NanodaNestedClosureTests) ... ok
unit-tests	Run python scripts/run-unit-tests	2026-09-23T11:25:29.9383588Z test_clock_reset_nonfinite_and_cap_refused (test_nanoda_nested_closure.NanodaNestedClosureTests) ... ok
unit-tests	Run python scripts/run-unit-tests	2026-09-23T11:25:29.9392694Z test_generic_panics_cannot_replace_guard_assertions_or_control (test_nanoda_nested_closure.NanodaNestedClosureTests) ... ok
unit-tests	Run python scripts/run-unit-tests	2026-09-23T11:25:29.9405319Z test_handoff_and_item_closure_agree (test_nanoda_nested_closure.NanodaNestedClosureTests) ... ok
unit-tests	Run python scripts/run-unit-tests	2026-09-23T11:25:29.9431591Z test_inflated_claims_and_launches_refused (test_nanoda_nested_closure.NanodaNestedClosureTests) ... ok
unit-tests	Run python scripts/run-unit-tests	2026-09-23T11:25:29.9445516Z test_projection_paths_and_enforcement_controls_cannot_be_dropped (test_nanoda_nested_closure.NanodaNestedClosureTests) ... ok
unit-tests	Run python scripts/run-unit-tests	2026-09-23T11:25:29.9457112Z test_request_cost_cannot_be_erased_or_exceeded (test_nanoda_nested_closure.NanodaNestedClosureTests) ... ok
unit-tests	Run python scripts/run-unit-tests	2026-09-23T11:25:31.0902984Z test_source_inventory_cannot_rebind_or_omit_current_source (test_nanoda_nested_closure.NanodaNestedClosureTests) ... ok
unit-tests	Run python scripts/run-unit-tests	2026-09-23T11:25:31.0906726Z test_valid_scoped_closure (test_nanoda_nested_closure.NanodaNestedClosureTests) ... ok
unit-tests	Run python scripts/run-unit-tests	2026-09-23T11:25:31.1054936Z test_changed_fixture_hash_cannot_be_legitimized_by_manifest (test_nanoda_nested_test_closure.ClosureReplay) ... ok
unit-tests	Run python scripts/run-unit-tests	2026-09-23T11:25:31.1198125Z test_closure_snapshot_survives_later_live_frontier_and_submission (test_nanoda_nested_test_closure.ClosureReplay) ... ok
unit-tests	Run python scripts/run-unit-tests	2026-09-23T11:25:31.1289477Z test_control_outcome_cannot_be_promoted (test_nanoda_nested_test_closure.ClosureReplay) ... ok
unit-tests	Run python scripts/run-unit-tests	2026-09-23T11:25:31.1758957Z test_counts_cannot_disagree_between_closure_and_result (test_nanoda_nested_test_closure.ClosureReplay) ... ok
unit-tests	Run python scripts/run-unit-tests	2026-09-23T11:25:31.1833016Z test_deducted_work_time_refused (test_nanoda_nested_test_closure.ClosureReplay) ... ok
unit-tests	Run python scripts/run-unit-tests	2026-09-23T11:25:31.1964123Z test_deleted_attempt_cannot_reduce_counts (test_nanoda_nested_test_closure.ClosureReplay) ... ok
unit-tests	Run python scripts/run-unit-tests	2026-09-23T11:25:31.2109802Z test_design_binding_cannot_be_omitted_from_launch_manifest (test_nanoda_nested_test_closure.ClosureReplay) ... ok
unit-tests	Run python scripts/run-unit-tests	2026-09-23T11:25:31.2267227Z test_draft_path_in_unrelated_ledger_text_is_not_attribution (test_nanoda_nested_test_closure.ClosureReplay) ... ok
unit-tests	Run python scripts/run-unit-tests	2026-09-23T11:25:31.2341259Z test_entry_work_record_cannot_be_rewritten (test_nanoda_nested_test_closure.ClosureReplay) ... ok
unit-tests	Run python scripts/run-unit-tests	2026-09-23T11:25:31.2497081Z test_external_draft_requires_ledger_index (test_nanoda_nested_test_closure.ClosureReplay) ... ok
unit-tests	Run python scripts/run-unit-tests	2026-09-23T11:25:31.2682069Z test_failed_attempt_is_retained_and_charged_before_successful_retry (test_nanoda_nested_test_closure.ClosureReplay) ... ok
unit-tests	Run python scripts/run-unit-tests	2026-09-23T11:25:31.2821953Z test_fixture_binding_cannot_be_omitted_from_launch_manifest (test_nanoda_nested_test_closure.ClosureReplay) ... ok
unit-tests	Run python scripts/run-unit-tests	2026-09-23T11:25:31.2964592Z test_forged_pass_count_without_named_tests_refused (test_nanoda_nested_test_closure.ClosureReplay) ... ok
unit-tests	Run python scripts/run-unit-tests	2026-09-23T11:25:31.3120047Z test_full_suite_cannot_hide_missing_documentation_phase (test_nanoda_nested_test_closure.ClosureReplay) ... ok
unit-tests	Run python scripts/run-unit-tests	2026-09-23T11:25:31.3264216Z test_inflated_pass_summary_refused (test_nanoda_nested_test_closure.ClosureReplay) ... ok
unit-tests	Run python scripts/run-unit-tests	2026-09-23T11:25:31.3371394Z test_inputs_cannot_change_after_freeze_even_with_updated_output_hash (test_nanoda_nested_test_closure.ClosureReplay) ... ok
unit-tests	Run python scripts/run-unit-tests	2026-09-23T11:25:31.3445887Z test_nan_clock_does_not_evade_budget (test_nanoda_nested_test_closure.ClosureReplay) ... ok
unit-tests	Run python scripts/run-unit-tests	2026-09-23T11:25:31.3516547Z test_old_historical_binding_is_checked_at_its_base_commit (test_nanoda_nested_test_closure.ClosureReplay) ... ok
unit-tests	Run python scripts/run-unit-tests	2026-09-23T11:25:31.3629280Z test_orphan_raw_attempt_refused (test_nanoda_nested_test_closure.ClosureReplay) ... ok
unit-tests	Run python scripts/run-unit-tests	2026-09-23T11:25:31.3768204Z test_output_binding_cannot_be_omitted (test_nanoda_nested_test_closure.ClosureReplay) ... ok
unit-tests	Run python scripts/run-unit-tests	2026-09-23T11:25:31.3898355Z test_pending_cleanup_refused (test_nanoda_nested_test_closure.ClosureReplay) ... ok
unit-tests	Run python scripts/run-unit-tests	2026-09-23T11:25:31.4036444Z test_portable_complete_replay_requires_no_runtime_installation (test_nanoda_nested_test_closure.ClosureReplay) ... ok
unit-tests	Run python scripts/run-unit-tests	2026-09-23T11:25:31.4160780Z test_post_launch_commit_refused (test_nanoda_nested_test_closure.ClosureReplay) ... ok
unit-tests	Run python scripts/run-unit-tests	2026-09-23T11:25:31.4236275Z test_predecessor_design_is_bound_without_semantic_promotion (test_nanoda_nested_test_closure.ClosureReplay) ... ok
unit-tests	Run python scripts/run-unit-tests	2026-09-23T11:25:31.4313566Z test_production_patch_refused_even_if_committed (test_nanoda_nested_test_closure.ClosureReplay) ... ok
unit-tests	Run python scripts/run-unit-tests	2026-09-23T11:25:31.4387738Z test_qualified_exclusion_cannot_be_dropped (test_nanoda_nested_test_closure.ClosureReplay) ... ok
unit-tests	Run python scripts/run-unit-tests	2026-09-23T11:25:31.4530363Z test_raw_request_hash_is_recomputed (test_nanoda_nested_test_closure.ClosureReplay) ... ok
unit-tests	Run python scripts/run-unit-tests	2026-09-23T11:25:31.4687645Z test_reservation_numbers_cannot_reset (test_nanoda_nested_test_closure.ClosureReplay) ... ok
unit-tests	Run python scripts/run-unit-tests	2026-09-23T11:25:31.4844653Z test_same_draft_for_different_item_refused (test_nanoda_nested_test_closure.ClosureReplay) ... ok
unit-tests	Run python scripts/run-unit-tests	2026-09-23T11:25:31.5000551Z test_snapshot_cannot_claim_started_successor (test_nanoda_nested_test_closure.ClosureReplay) ... ok
unit-tests	Run python scripts/run-unit-tests	2026-09-23T11:25:31.5140003Z test_successor_must_remain_unstarted (test_nanoda_nested_test_closure.ClosureReplay) ... ok
unit-tests	Run python scripts/run-unit-tests	2026-09-23T11:25:31.5297309Z test_valid_request_hash_does_not_authorize_different_invocation (test_nanoda_nested_test_closure.ClosureReplay) ... ok
unit-tests	Run python scripts/run-unit-tests	2026-09-23T11:25:31.5375675Z test_wrong_scientific_matrix_cannot_be_legitimized_by_git_binding (test_nanoda_nested_test_closure.ClosureReplay) ... ok
unit-tests	Run python scripts/run-unit-tests	2026-09-23T11:25:31.5406268Z test_build_cap_refuses_before_spawn (test_nanoda_nested_test_runner.LaunchGate) ... ok
unit-tests	Run python scripts/run-unit-tests	2026-09-23T11:25:31.5434712Z test_changed_dependency_source_refuses_before_spawn (test_nanoda_nested_test_runner.LaunchGate) ... ok
unit-tests	Run python scripts/run-unit-tests	2026-09-23T11:25:31.5457659Z test_changed_input_refuses_before_spawn (test_nanoda_nested_test_runner.LaunchGate) ... ok
unit-tests	Run python scripts/run-unit-tests	2026-09-23T11:25:31.5480593Z test_changed_source_patch_refuses_before_spawn (test_nanoda_nested_test_runner.LaunchGate) ... ok
unit-tests	Run python scripts/run-unit-tests	2026-09-23T11:25:31.5549212Z test_cleanup_failure_keeps_reservation_pending (test_nanoda_nested_test_runner.LaunchGate) ... ok
unit-tests	Run python scripts/run-unit-tests	2026-09-23T11:25:31.5583412Z test_clock_rollback_refuses_before_spawn (test_nanoda_nested_test_runner.LaunchGate) ... ok
unit-tests	Run python scripts/run-unit-tests	2026-09-23T11:25:31.5612464Z test_completed_reservation_cannot_be_reused (test_nanoda_nested_test_runner.LaunchGate) ... ok
unit-tests	Run python scripts/run-unit-tests	2026-09-23T11:25:31.5658478Z test_deadline_failure_keeps_reservation_pending (test_nanoda_nested_test_runner.LaunchGate) ... ok
unit-tests	Run python scripts/run-unit-tests	2026-09-23T11:25:31.5685171Z test_disagreeing_clocks_refuse_before_spawn (test_nanoda_nested_test_runner.LaunchGate) ... ok
unit-tests	Run python scripts/run-unit-tests	2026-09-23T11:25:31.5725941Z test_durable_reservation_precedes_mock_launch (test_nanoda_nested_test_runner.LaunchGate) ... ok
unit-tests	Run python scripts/run-unit-tests	2026-09-23T11:25:31.5753632Z test_full_reservation_must_fit_remaining_time (test_nanoda_nested_test_runner.LaunchGate) ... ok
unit-tests	Run python scripts/run-unit-tests	2026-09-23T11:25:31.5781093Z test_inconsistent_counts_refuse_before_spawn (test_nanoda_nested_test_runner.LaunchGate) ... ok
unit-tests	Run python scripts/run-unit-tests	2026-09-23T11:25:31.5816826Z test_missing_account_with_prior_directory_refuses_before_spawn (test_nanoda_nested_test_runner.LaunchGate) ... ok
unit-tests	Run python scripts/run-unit-tests	2026-09-23T11:25:31.5865193Z test_ordinary_failed_build_stays_charged_and_allows_repair (test_nanoda_nested_test_runner.LaunchGate) ... ok
unit-tests	Run python scripts/run-unit-tests	2026-09-23T11:25:31.5893256Z test_pending_reservation_refuses_before_spawn (test_nanoda_nested_test_runner.LaunchGate) ... ok
unit-tests	Run python scripts/run-unit-tests	2026-09-23T11:25:31.5920868Z test_process_ceiling_cannot_be_enlarged (test_nanoda_nested_test_runner.LaunchGate) ... ok
unit-tests	Run python scripts/run-unit-tests	2026-09-23T11:25:31.5948455Z test_test_cap_refuses_before_spawn (test_nanoda_nested_test_runner.LaunchGate) ... ok
unit-tests	Run python scripts/run-unit-tests	2026-09-23T11:25:31.5972841Z test_unbound_cargo_configuration_refuses_before_spawn (test_nanoda_nested_test_runner.LaunchGate) ... ok
unit-tests	Run python scripts/run-unit-tests	2026-09-23T11:25:31.5999586Z test_unbound_dependency_file_refuses_before_spawn (test_nanoda_nested_test_runner.LaunchGate) ... ok
unit-tests	Run python scripts/run-unit-tests	2026-09-23T11:25:31.6020301Z test_uncommitted_manifest_refuses_before_spawn (test_nanoda_nested_test_runner.LaunchGate) ... ok
unit-tests	Run python scripts/run-unit-tests	2026-09-23T11:25:31.6048518Z test_untracked_source_refuses_before_spawn (test_nanoda_nested_test_runner.LaunchGate) ... ok
unit-tests	Run python scripts/run-unit-tests	2026-09-23T11:25:31.6071076Z test_wrong_cell_identity_refuses_before_spawn (test_nanoda_nested_test_runner.LaunchGate) ... ok
unit-tests	Run python scripts/run-unit-tests	2026-09-23T11:25:31.6221604Z test_changed_fixture_hash_cannot_be_legitimized_by_manifest (test_nanoda_string_reconstruction_closure.ClosureReplay) ... ok
unit-tests	Run python scripts/run-unit-tests	2026-09-23T11:25:31.6364127Z test_closure_snapshot_survives_later_live_frontier_and_submission (test_nanoda_string_reconstruction_closure.ClosureReplay) ... ok
unit-tests	Run python scripts/run-unit-tests	2026-09-23T11:25:31.6520641Z test_counts_cannot_disagree_between_closure_and_result (test_nanoda_string_reconstruction_closure.ClosureReplay) ... ok
unit-tests	Run python scripts/run-unit-tests	2026-09-23T11:25:31.6598615Z test_declaration_presence_cannot_be_promoted (test_nanoda_string_reconstruction_closure.ClosureReplay) ... ok
unit-tests	Run python scripts/run-unit-tests	2026-09-23T11:25:31.6673375Z test_deducted_work_time_refused (test_nanoda_string_reconstruction_closure.ClosureReplay) ... ok
unit-tests	Run python scripts/run-unit-tests	2026-09-23T11:25:31.6807759Z test_deleted_attempt_cannot_reduce_counts (test_nanoda_string_reconstruction_closure.ClosureReplay) ... ok
unit-tests	Run python scripts/run-unit-tests	2026-09-23T11:25:31.6949896Z test_design_binding_cannot_be_omitted_from_launch_manifest (test_nanoda_string_reconstruction_closure.ClosureReplay) ... ok
unit-tests	Run python scripts/run-unit-tests	2026-09-23T11:25:31.7110338Z test_draft_path_in_unrelated_ledger_text_is_not_attribution (test_nanoda_string_reconstruction_closure.ClosureReplay) ... ok
unit-tests	Run python scripts/run-unit-tests	2026-09-23T11:25:31.7187335Z test_entry_work_record_cannot_be_rewritten (test_nanoda_string_reconstruction_closure.ClosureReplay) ... ok
unit-tests	Run python scripts/run-unit-tests	2026-09-23T11:25:31.7362277Z test_external_draft_requires_ledger_index (test_nanoda_string_reconstruction_closure.ClosureReplay) ... ok
unit-tests	Run python scripts/run-unit-tests	2026-09-23T11:25:31.7551874Z test_failed_attempt_is_retained_and_charged_before_successful_retry (test_nanoda_string_reconstruction_closure.ClosureReplay) ... ok
unit-tests	Run python scripts/run-unit-tests	2026-09-23T11:25:31.7694966Z test_fixture_binding_cannot_be_omitted_from_launch_manifest (test_nanoda_string_reconstruction_closure.ClosureReplay) ... ok
unit-tests	Run python scripts/run-unit-tests	2026-09-23T11:25:31.7840857Z test_forged_pass_count_without_named_tests_refused (test_nanoda_string_reconstruction_closure.ClosureReplay) ... ok
unit-tests	Run python scripts/run-unit-tests	2026-09-23T11:25:31.7998341Z test_full_suite_cannot_hide_missing_documentation_phase (test_nanoda_string_reconstruction_closure.ClosureReplay) ... ok
unit-tests	Run python scripts/run-unit-tests	2026-09-23T11:25:31.8146057Z test_inflated_pass_summary_refused (test_nanoda_string_reconstruction_closure.ClosureReplay) ... ok
unit-tests	Run python scripts/run-unit-tests	2026-09-23T11:25:31.8239691Z test_inputs_cannot_change_after_freeze_even_with_updated_output_hash (test_nanoda_string_reconstruction_closure.ClosureReplay) ... ok
unit-tests	Run python scripts/run-unit-tests	2026-09-23T11:25:31.8381770Z test_matrix_binding_cannot_be_omitted_from_launch_manifest (test_nanoda_string_reconstruction_closure.ClosureReplay) ... ok
unit-tests	Run python scripts/run-unit-tests	2026-09-23T11:25:31.8456975Z test_nan_clock_does_not_evade_budget (test_nanoda_string_reconstruction_closure.ClosureReplay) ... ok
unit-tests	Run python scripts/run-unit-tests	2026-09-23T11:25:31.8529796Z test_old_historical_binding_is_checked_at_its_base_commit (test_nanoda_string_reconstruction_closure.ClosureReplay) ... ok
unit-tests	Run python scripts/run-unit-tests	2026-09-23T11:25:31.8647123Z test_orphan_raw_attempt_refused (test_nanoda_string_reconstruction_closure.ClosureReplay) ... ok
unit-tests	Run python scripts/run-unit-tests	2026-09-23T11:25:31.8787088Z test_output_binding_cannot_be_omitted (test_nanoda_string_reconstruction_closure.ClosureReplay) ... ok
unit-tests	Run python scripts/run-unit-tests	2026-09-23T11:25:31.8920014Z test_pending_cleanup_refused (test_nanoda_string_reconstruction_closure.ClosureReplay) ... ok
unit-tests	Run python scripts/run-unit-tests	2026-09-23T11:25:31.9073606Z test_portable_complete_replay_requires_no_runtime_installation (test_nanoda_string_reconstruction_closure.ClosureReplay) ... ok
unit-tests	Run python scripts/run-unit-tests	2026-09-23T11:25:31.9198206Z test_post_launch_commit_refused (test_nanoda_string_reconstruction_closure.ClosureReplay) ... ok
unit-tests	Run python scripts/run-unit-tests	2026-09-23T11:25:31.9277425Z test_predecessor_design_is_bound_without_semantic_promotion (test_nanoda_string_reconstruction_closure.ClosureReplay) ... ok
unit-tests	Run python scripts/run-unit-tests	2026-09-23T11:25:31.9362223Z test_production_patch_refused_even_if_committed (test_nanoda_string_reconstruction_closure.ClosureReplay) ... ok
unit-tests	Run python scripts/run-unit-tests	2026-09-23T11:25:31.9440408Z test_qualified_exclusion_cannot_be_dropped (test_nanoda_string_reconstruction_closure.ClosureReplay) ... ok
unit-tests	Run python scripts/run-unit-tests	2026-09-23T11:25:31.9587922Z test_raw_request_hash_is_recomputed (test_nanoda_string_reconstruction_closure.ClosureReplay) ... ok
unit-tests	Run python scripts/run-unit-tests	2026-09-23T11:25:31.9734293Z test_reservation_numbers_cannot_reset (test_nanoda_string_reconstruction_closure.ClosureReplay) ... ok
unit-tests	Run python scripts/run-unit-tests	2026-09-23T11:25:31.9894878Z test_same_draft_for_different_item_refused (test_nanoda_string_reconstruction_closure.ClosureReplay) ... ok
unit-tests	Run python scripts/run-unit-tests	2026-09-23T11:25:32.0052891Z test_snapshot_cannot_claim_started_successor (test_nanoda_string_reconstruction_closure.ClosureReplay) ... ok
unit-tests	Run python scripts/run-unit-tests	2026-09-23T11:25:32.0192844Z test_successor_must_remain_unstarted (test_nanoda_string_reconstruction_closure.ClosureReplay) ... ok
unit-tests	Run python scripts/run-unit-tests	2026-09-23T11:25:32.0269258Z test_unicode_scalar_order_cannot_change (test_nanoda_string_reconstruction_closure.ClosureReplay) ... ok
unit-tests	Run python scripts/run-unit-tests	2026-09-23T11:25:32.0346408Z test_unicode_scalars_cannot_be_replaced_with_utf8_bytes (test_nanoda_string_reconstruction_closure.ClosureReplay) ... ok
unit-tests	Run python scripts/run-unit-tests	2026-09-23T11:25:32.0508098Z test_valid_request_hash_does_not_authorize_different_invocation (test_nanoda_string_reconstruction_closure.ClosureReplay) ... ok
unit-tests	Run python scripts/run-unit-tests	2026-09-23T11:25:32.0585399Z test_wrong_scientific_matrix_cannot_be_legitimized_by_git_binding (test_nanoda_string_reconstruction_closure.ClosureReplay) ... ok
unit-tests	Run python scripts/run-unit-tests	2026-09-23T11:25:32.0614131Z test_build_cap_refuses_before_spawn (test_nanoda_string_reconstruction_runner.LaunchGate) ... ok
unit-tests	Run python scripts/run-unit-tests	2026-09-23T11:25:32.0642510Z test_changed_dependency_source_refuses_before_spawn (test_nanoda_string_reconstruction_runner.LaunchGate) ... ok
unit-tests	Run python scripts/run-unit-tests	2026-09-23T11:25:32.0666938Z test_changed_input_refuses_before_spawn (test_nanoda_string_reconstruction_runner.LaunchGate) ... ok
unit-tests	Run python scripts/run-unit-tests	2026-09-23T11:25:32.0690816Z test_changed_source_patch_refuses_before_spawn (test_nanoda_string_reconstruction_runner.LaunchGate) ... ok
unit-tests	Run python scripts/run-unit-tests	2026-09-23T11:25:32.0747327Z test_cleanup_failure_keeps_reservation_pending (test_nanoda_string_reconstruction_runner.LaunchGate) ... ok
unit-tests	Run python scripts/run-unit-tests	2026-09-23T11:25:32.0780872Z test_clock_rollback_refuses_before_spawn (test_nanoda_string_reconstruction_runner.LaunchGate) ... ok
unit-tests	Run python scripts/run-unit-tests	2026-09-23T11:25:32.0810207Z test_completed_reservation_cannot_be_reused (test_nanoda_string_reconstruction_runner.LaunchGate) ... ok
unit-tests	Run python scripts/run-unit-tests	2026-09-23T11:25:32.0864088Z test_deadline_failure_keeps_reservation_pending (test_nanoda_string_reconstruction_runner.LaunchGate) ... ok
unit-tests	Run python scripts/run-unit-tests	2026-09-23T11:25:32.0889978Z test_disagreeing_clocks_refuse_before_spawn (test_nanoda_string_reconstruction_runner.LaunchGate) ... ok
unit-tests	Run python scripts/run-unit-tests	2026-09-23T11:25:32.0928691Z test_durable_reservation_precedes_mock_launch (test_nanoda_string_reconstruction_runner.LaunchGate) ... ok
unit-tests	Run python scripts/run-unit-tests	2026-09-23T11:25:32.0956590Z test_full_reservation_must_fit_remaining_time (test_nanoda_string_reconstruction_runner.LaunchGate) ... ok
unit-tests	Run python scripts/run-unit-tests	2026-09-23T11:25:32.0983841Z test_inconsistent_counts_refuse_before_spawn (test_nanoda_string_reconstruction_runner.LaunchGate) ... ok
unit-tests	Run python scripts/run-unit-tests	2026-09-23T11:25:32.1012239Z test_missing_account_with_prior_directory_refuses_before_spawn (test_nanoda_string_reconstruction_runner.LaunchGate) ... ok
unit-tests	Run python scripts/run-unit-tests	2026-09-23T11:25:32.1058594Z test_ordinary_failed_build_stays_charged_and_allows_repair (test_nanoda_string_reconstruction_runner.LaunchGate) ... ok
unit-tests	Run python scripts/run-unit-tests	2026-09-23T11:25:32.1092740Z test_pending_reservation_refuses_before_spawn (test_nanoda_string_reconstruction_runner.LaunchGate) ... ok
unit-tests	Run python scripts/run-unit-tests	2026-09-23T11:25:32.1119818Z test_process_ceiling_cannot_be_enlarged (test_nanoda_string_reconstruction_runner.LaunchGate) ... ok
unit-tests	Run python scripts/run-unit-tests	2026-09-23T11:25:32.1147383Z test_test_cap_refuses_before_spawn (test_nanoda_string_reconstruction_runner.LaunchGate) ... ok
unit-tests	Run python scripts/run-unit-tests	2026-09-23T11:25:32.1171249Z test_unbound_cargo_configuration_refuses_before_spawn (test_nanoda_string_reconstruction_runner.LaunchGate) ... ok
unit-tests	Run python scripts/run-unit-tests	2026-09-23T11:25:32.1198231Z test_unbound_dependency_file_refuses_before_spawn (test_nanoda_string_reconstruction_runner.LaunchGate) ... ok
unit-tests	Run python scripts/run-unit-tests	2026-09-23T11:25:32.1219033Z test_uncommitted_manifest_refuses_before_spawn (test_nanoda_string_reconstruction_runner.LaunchGate) ... ok
unit-tests	Run python scripts/run-unit-tests	2026-09-23T11:25:32.1241701Z test_untracked_source_refuses_before_spawn (test_nanoda_string_reconstruction_runner.LaunchGate) ... ok
unit-tests	Run python scripts/run-unit-tests	2026-09-23T11:25:32.1264431Z test_wrong_cell_identity_refuses_before_spawn (test_nanoda_string_reconstruction_runner.LaunchGate) ... ok
unit-tests	Run python scripts/run-unit-tests	2026-09-23T11:25:32.1268470Z test_bound_protocol (test_nanoda_zero_thread_upstream.ProtocolTests) ... ok
unit-tests	Run python scripts/run-unit-tests	2026-09-23T11:25:32.1271879Z test_link_parser_accepts_only_explicit_next (test_nanoda_zero_thread_upstream.ProtocolTests) ... ok
unit-tests	Run python scripts/run-unit-tests	2026-09-23T11:25:32.1274293Z test_pagination_cannot_change_repository_or_query (test_nanoda_zero_thread_upstream.ProtocolTests) ... ok
unit-tests	Run python scripts/run-unit-tests	2026-09-23T11:25:32.1277200Z test_continued_local_investigation_is_recommended (test_ordinary_inductive_contract_matrix.OrdinaryInductiveContractMatrixTests) ... ok
unit-tests	Run python scripts/run-unit-tests	2026-09-23T11:25:32.1279006Z test_expected_candidate_split_and_controls (test_ordinary_inductive_contract_matrix.OrdinaryInductiveContractMatrixTests) ... ok
unit-tests	Run python scripts/run-unit-tests	2026-09-23T11:25:32.1280158Z test_matrix_passes (test_ordinary_inductive_contract_matrix.OrdinaryInductiveContractMatrixTests) ... ok
unit-tests	Run python scripts/run-unit-tests	2026-09-23T11:25:32.1281431Z test_survival_is_not_reported_as_equivalence (test_ordinary_inductive_contract_matrix.OrdinaryInductiveContractMatrixTests) ... ok
unit-tests	Run python scripts/run-unit-tests	2026-09-23T11:25:32.1293162Z test_closure_rejects_a_disconnected_expected_declaration (test_pipeline_completeness.PipelineCompletenessTests) ... ok
unit-tests	Run python scripts/run-unit-tests	2026-09-23T11:25:32.1296578Z test_duplicate_keys_and_non_lf_fail_closed (test_pipeline_completeness.PipelineCompletenessTests) ... ok
unit-tests	Run python scripts/run-unit-tests	2026-09-23T11:25:32.1305295Z test_exact_inventory_and_dependency_closure (test_pipeline_completeness.PipelineCompletenessTests) ... ok
unit-tests	Run python scripts/run-unit-tests	2026-09-23T11:25:32.1332958Z test_fixed_faults_fail_for_distinct_reasons (test_pipeline_completeness.PipelineCompletenessTests) ... ok
unit-tests	Run python scripts/run-unit-tests	2026-09-23T11:25:32.1334369Z test_matrix_is_controls_then_faults (test_pipeline_completeness.PipelineCompletenessTests) ... ok
unit-tests	Run python scripts/run-unit-tests	2026-09-23T11:25:32.1335957Z test_minimal_lake_workspace_does_not_preempt_lake_manifest_generation (test_pipeline_completeness.PipelineCompletenessTests) ... ok
unit-tests	Run python scripts/run-unit-tests	2026-09-23T11:25:32.1337224Z test_process_outcomes_preserve_rejection_and_infrastructure (test_pipeline_completeness.PipelineCompletenessTests) ... ok
unit-tests	Run python scripts/run-unit-tests	2026-09-23T11:25:32.1338487Z test_closure_makes_no_scientific_claim (test_pipeline_completeness_closure.PipelineCompletenessClosureTests) ... ok
unit-tests	Run python scripts/run-unit-tests	2026-09-23T11:25:32.1339935Z test_repair_binds_exact_regression_without_launch_authority (test_pipeline_completeness_closure.PipelineCompletenessClosureTests) ... ok
unit-tests	Run python scripts/run-unit-tests	2026-09-23T11:25:32.1342862Z test_terminal_attempt_is_preserved_and_charged (test_pipeline_completeness_closure.PipelineCompletenessClosureTests) ... ok
unit-tests	Run python scripts/run-unit-tests	2026-09-23T11:25:32.1349514Z test_attempt_allocator_never_overwrites_evidence (test_pipeline_completeness_pilot_2.PipelineCompletenessPilot2Tests) ... ok
unit-tests	Run python scripts/run-unit-tests	2026-09-23T11:25:32.1350530Z test_fixed_matrix_has_eight_cells (test_pipeline_completeness_pilot_2.PipelineCompletenessPilot2Tests) ... ok
unit-tests	Run python scripts/run-unit-tests	2026-09-23T11:25:32.1353383Z test_successful_producer_allows_preserved_lake_stdout (test_pipeline_completeness_pilot_2.PipelineCompletenessPilot2Tests) ... ok
unit-tests	Run python scripts/run-unit-tests	2026-09-23T11:25:32.1359261Z test_three_field_file_binding_is_verified (test_pipeline_completeness_pilot_2.PipelineCompletenessPilot2Tests) ... ok
unit-tests	Run python scripts/run-unit-tests	2026-09-23T11:25:32.1360306Z test_workspace_controls_leave_manifest_to_lake (test_pipeline_completeness_pilot_2.PipelineCompletenessPilot2Tests) ... ok
unit-tests	Run python scripts/run-unit-tests	2026-09-23T11:25:32.1362371Z test_baseline_and_fault_contract (test_pipeline_completeness_pilot_2_closure.PipelineCompletenessPilot2ClosureTests) ... ok
unit-tests	Run python scripts/run-unit-tests	2026-09-23T11:25:32.1364209Z test_checker_success_alone_has_four_false_reassurances (test_pipeline_completeness_pilot_2_closure.PipelineCompletenessPilot2ClosureTests) ... ok
unit-tests	Run python scripts/run-unit-tests	2026-09-23T11:25:32.1367673Z test_closure_bindings_and_nonterminal_accounting (test_pipeline_completeness_pilot_2_closure.PipelineCompletenessPilot2ClosureTests) ... ok
unit-tests	Run python scripts/run-unit-tests	2026-09-23T11:25:32.1377222Z test_exact_matrix_completed_without_infrastructure_failure (test_pipeline_completeness_pilot_2_closure.PipelineCompletenessPilot2ClosureTests) ... ok
unit-tests	Run python scripts/run-unit-tests	2026-09-23T11:25:32.1378836Z test_attempt_counts_are_observational_not_terminal (test_pipeline_completeness_pilot_2_protocol.PipelineCompletenessPilot2ProtocolTests) ... ok
unit-tests	Run python scripts/run-unit-tests	2026-09-23T11:25:32.1381558Z test_inherited_scientific_inputs_are_exact (test_pipeline_completeness_pilot_2_protocol.PipelineCompletenessPilot2ProtocolTests) ... ok
unit-tests	Run python scripts/run-unit-tests	2026-09-23T11:25:32.1383048Z test_preflight_precedes_new_producer (test_pipeline_completeness_pilot_2_protocol.PipelineCompletenessPilot2ProtocolTests) ... ok
unit-tests	Run python scripts/run-unit-tests	2026-09-23T11:25:32.1384485Z test_scientific_matrix_remains_fixed (test_pipeline_completeness_pilot_2_protocol.PipelineCompletenessPilot2ProtocolTests) ... ok
unit-tests	Run python scripts/run-unit-tests	2026-09-23T11:25:32.1386641Z test_fixed_fault_matrix_and_limits (test_pipeline_completeness_protocol.PipelineCompletenessProtocolTests) ... ok
unit-tests	Run python scripts/run-unit-tests	2026-09-23T11:25:32.1388670Z test_independent_twelve_declaration_chain (test_pipeline_completeness_protocol.PipelineCompletenessProtocolTests) ... ok
unit-tests	Run python scripts/run-unit-tests	2026-09-23T11:25:32.1389917Z test_process_success_is_not_the_completeness_oracle (test_pipeline_completeness_protocol.PipelineCompletenessProtocolTests) ... ok
unit-tests	Run python scripts/run-unit-tests	2026-09-23T11:25:32.1392532Z test_ambiguous_anchor_fails_closed (test_portable_coverage.PortableCoverageTests) ... ok
unit-tests	Run python scripts/run-unit-tests	2026-09-23T11:25:32.1393473Z test_coverage_is_canonicalized_to_relative_source_ids (test_portable_coverage.PortableCoverageTests) ... ok
unit-tests	Run python scripts/run-unit-tests	2026-09-23T11:25:32.4898780Z test_encoded_rustflags_remap_checkout_with_spaces (test_portable_coverage.PortableCoverageTests) ... ok
unit-tests	Run python scripts/run-unit-tests	2026-09-23T11:25:32.4900241Z test_sentinel_fails_closed (test_portable_coverage.PortableCoverageTests) ... ok
unit-tests	Run python scripts/run-unit-tests	2026-09-23T11:25:32.4901790Z test_uncompiled_source_file_may_be_absent (test_portable_coverage.PortableCoverageTests) ... ok
unit-tests	Run python scripts/run-unit-tests	2026-09-23T11:25:32.4906279Z test_completed_record_can_only_be_reranked (test_portfolio_historical_snapshot.PortfolioHistoricalSnapshotTests) ... ok
unit-tests	Run python scripts/run-unit-tests	2026-09-23T11:25:32.4912163Z test_custody_failure_cannot_silently_remove_tests (test_portfolio_historical_snapshot.PortfolioHistoricalSnapshotTests) ... ok
unit-tests	Run python scripts/run-unit-tests	2026-09-23T11:25:33.2526787Z test_exact_module_selection_and_live_transition (test_portfolio_historical_snapshot.PortfolioHistoricalSnapshotTests) ... ok
unit-tests	Run python scripts/run-unit-tests	2026-09-23T11:25:33.2529304Z test_frozen_test_or_scientific_input_drift_is_rejected (test_portfolio_historical_snapshot.PortfolioHistoricalSnapshotTests) ... ok
unit-tests	Run python scripts/run-unit-tests	2026-09-23T11:25:33.2598601Z test_historical_process_failure_propagates (test_portfolio_historical_snapshot.PortfolioHistoricalSnapshotTests) ... ok
unit-tests	Run python scripts/run-unit-tests	2026-09-23T11:25:33.2600338Z test_inconsistent_recorded_workspace_identity_is_rejected (test_portfolio_historical_snapshot.PortfolioHistoricalSnapshotTests) ... ok
unit-tests	Run python scripts/run-unit-tests	2026-09-23T11:25:33.2608198Z test_payload_cannot_replace_tracked_content (test_portfolio_historical_snapshot.PortfolioHistoricalSnapshotTests) ... ok
unit-tests	Run python scripts/run-unit-tests	2026-09-23T11:25:33.2613891Z test_recorded_workspace_identity_is_preserved_across_checkout_paths (test_portfolio_historical_snapshot.PortfolioHistoricalSnapshotTests) ... ok
unit-tests	Run python scripts/run-unit-tests	2026-09-23T11:25:33.2615641Z test_registry_allows_only_preserved_prefix (test_portfolio_historical_snapshot.PortfolioHistoricalSnapshotTests) ... ok
unit-tests	Run python scripts/run-unit-tests	2026-09-23T11:25:33.2617415Z test_missing_merge_evidence_is_not_guessed (test_project_review_contribution_observations.ContributionObservationTests) ... ok
unit-tests	Run python scripts/run-unit-tests	2026-09-23T11:25:33.2619279Z test_preserves_distinct_states_and_observation_dates (test_project_review_contribution_observations.ContributionObservationTests) ... ok
unit-tests	Run python scripts/run-unit-tests	2026-09-23T11:25:33.2653045Z test_arena_draft_stands_alone_and_records_accepted_layout (test_proof_parameter_contract_review.ProofParameterContractReviewTests) ... ok
unit-tests	Run python scripts/run-unit-tests	2026-09-23T11:25:33.2684202Z test_drafts_disclose_shared_recursors_and_no_unsoundness (test_proof_parameter_contract_review.ProofParameterContractReviewTests) ... ok
unit-tests	Run python scripts/run-unit-tests	2026-09-23T11:25:33.2715862Z test_review_preserves_unresolved_authority_and_shared_scope (test_proof_parameter_contract_review.ProofParameterContractReviewTests) ... ok
unit-tests	Run python scripts/run-unit-tests	2026-09-23T11:25:33.2717572Z test_scope_is_two_pinned_get_requests (test_proof_parameter_source_collector.ProofParameterSourceCollectorTests) ... ok
unit-tests	Run python scripts/run-unit-tests	2026-09-23T11:25:33.2785164Z test_active_session_and_candidate_reservations_fail_closed (test_publication_study_execution.ExecutionLedgerTests) ... ok
unit-tests	Run python scripts/run-unit-tests	2026-09-23T11:25:33.2841582Z test_budget_stops_before_ninth_or_overrun (test_publication_study_execution.ExecutionLedgerTests) ... ok
unit-tests	Run python scripts/run-unit-tests	2026-09-23T11:25:33.2995339Z test_fixed_eight_order_and_raw_outputs (test_publication_study_execution.ExecutionLedgerTests) ... ok
unit-tests	Run python scripts/run-unit-tests	2026-09-23T11:25:33.3040039Z test_pending_reservation_is_unresolved_not_retried (test_publication_study_execution.ExecutionLedgerTests) ... ok
unit-tests	Run python scripts/run-unit-tests	2026-09-23T11:25:33.3200634Z test_resume_rejects_tampered_raw_result (test_publication_study_execution.ExecutionLedgerTests) ... ok
unit-tests	Run python scripts/run-unit-tests	2026-09-23T11:25:33.3237371Z test_tampered_dependency_and_candidate_are_rejected (test_publication_study_execution.ExecutionLedgerTests) ... ok
unit-tests	Run python scripts/run-unit-tests	2026-09-23T11:25:33.3790155Z test_git_binding_requires_full_exact_commit (test_publication_study_history.PublicationStudyHistoryTests) ... ok
unit-tests	Run python scripts/run-unit-tests	2026-09-23T11:25:33.4473541Z test_invalid_manifest_is_rejected_by_attestation_creation (test_publication_study_history.PublicationStudyHistoryTests) ... ok
unit-tests	Run python scripts/run-unit-tests	2026-09-23T11:25:33.5523330Z test_old_snapshot_validates_after_live_content_and_validator_change (test_publication_study_history.PublicationStudyHistoryTests) ... ok
unit-tests	Run python scripts/run-unit-tests	2026-09-23T11:25:33.6411236Z test_omitted_or_changed_artifact_and_unbound_validator_are_rejected (test_publication_study_history.PublicationStudyHistoryTests) ... ok
unit-tests	Run python scripts/run-unit-tests	2026-09-23T11:25:33.7216763Z test_tampered_manifest_blob_commit_and_artifact_fail_before_execution (test_publication_study_history.PublicationStudyHistoryTests) ... ok
unit-tests	Run python scripts/run-unit-tests	2026-09-23T11:25:33.8117915Z test_attaches_only_ignored_payload_and_preserves_snapshot_inputs (test_publication_study_snapshot.PublicationStudySnapshotTests) ... ok
unit-tests	Run python scripts/run-unit-tests	2026-09-23T11:25:33.8794617Z test_loads_historical_helper_bytes_instead_of_live_helper (test_publication_study_snapshot.PublicationStudySnapshotTests) ... ok
unit-tests	Run python scripts/run-unit-tests	2026-09-23T11:25:35.2528302Z test_real_bound_validator_rejects_a_tampered_artifact_binding (test_publication_study_snapshot.PublicationStudySnapshotTests) ... ok
unit-tests	Run python scripts/run-unit-tests	2026-09-23T11:25:35.3197664Z test_refuses_attestation_overwrite_of_an_archived_path (test_publication_study_snapshot.PublicationStudySnapshotTests) ... ok
unit-tests	Run python scripts/run-unit-tests	2026-09-23T11:25:35.4229901Z test_refuses_link_when_historical_tree_owns_payload_prefix (test_publication_study_snapshot.PublicationStudySnapshotTests) ... ok
unit-tests	Run python scripts/run-unit-tests	2026-09-23T11:25:35.4730297Z test_subprocess_environment_does_not_leak_git_overrides (test_publication_study_snapshot.PublicationStudySnapshotTests) ... ok
unit-tests	Run python scripts/run-unit-tests	2026-09-23T11:25:35.4734757Z test_clean_main_pushes_only_exact_nonforced_main_ref (test_push_main.MainDeliveryTests) ... ok
unit-tests	Run python scripts/run-unit-tests	2026-09-23T11:25:35.4737921Z test_detached_head_or_git_error_fails_before_push (test_push_main.MainDeliveryTests) ... ok
unit-tests	Run python scripts/run-unit-tests	2026-09-23T11:25:35.4741827Z test_dirty_tree_cannot_be_delivered (test_push_main.MainDeliveryTests) ... ok
unit-tests	Run python scripts/run-unit-tests	2026-09-23T11:25:35.4748950Z test_push_options_and_alternate_branches_are_refused (test_push_main.MainDeliveryTests) ... ok
unit-tests	Run python scripts/run-unit-tests	2026-09-23T11:25:35.4752323Z test_rejected_push_does_not_retry_or_change_branch (test_push_main.MainDeliveryTests) ... ok
unit-tests	Run python scripts/run-unit-tests	2026-09-23T11:25:35.4756298Z test_remote_commit_must_match_before_reporting_delivery (test_push_main.MainDeliveryTests) ... ok
unit-tests	Run python scripts/run-unit-tests	2026-09-23T11:25:35.4759119Z test_task_branch_cannot_be_delivered (test_push_main.MainDeliveryTests) ... ok
unit-tests	Run python scripts/run-unit-tests	2026-09-23T11:25:35.4767328Z test_wrong_or_multiple_remote_destinations_cannot_be_delivered (test_push_main.MainDeliveryTests) ... ok
unit-tests	Run python scripts/run-unit-tests	2026-09-23T11:25:35.4813416Z test_exact_package_passes (test_recursor_type_trust_boundary.RecursorTypeTrustBoundaryTests) ... ERROR
unit-tests	Run python scripts/run-unit-tests	2026-09-23T11:25:35.5720926Z test_historical_ready_handoff_survives_later_successors (test_recursor_type_trust_boundary.RecursorTypeTrustBoundaryTests) ... ok
unit-tests	Run python scripts/run-unit-tests	2026-09-23T11:25:35.5733147Z test_launch_edit_and_external_action_fail (test_recursor_type_trust_boundary.RecursorTypeTrustBoundaryTests) ... FAIL
unit-tests	Run python scripts/run-unit-tests	2026-09-23T11:25:35.5773876Z test_missing_unblock_condition_fails (test_recursor_type_trust_boundary.RecursorTypeTrustBoundaryTests) ... FAIL
unit-tests	Run python scripts/run-unit-tests	2026-09-23T11:25:35.5781568Z test_pair_delta_tampering_fails (test_recursor_type_trust_boundary.RecursorTypeTrustBoundaryTests) ... ok
unit-tests	Run python scripts/run-unit-tests	2026-09-23T11:25:35.5784803Z test_policy_overclaim_and_catalog_promotion_fail (test_recursor_type_trust_boundary.RecursorTypeTrustBoundaryTests) ... ok
unit-tests	Run python scripts/run-unit-tests	2026-09-23T11:25:35.5795736Z test_production_ready_without_design_fails (test_recursor_type_trust_boundary.RecursorTypeTrustBoundaryTests) ... FAIL
unit-tests	Run python scripts/run-unit-tests	2026-09-23T11:25:35.5835031Z test_raw_diagnostic_hash_tampering_fails (test_recursor_type_trust_boundary.RecursorTypeTrustBoundaryTests) ... FAIL
unit-tests	Run python scripts/run-unit-tests	2026-09-23T11:25:35.5837839Z test_result_cannot_claim_universal_authority (test_recursor_type_trust_boundary.RecursorTypeTrustBoundaryTests) ... ok
unit-tests	Run python scripts/run-unit-tests	2026-09-23T11:25:35.5841293Z test_result_cannot_promote_production_readiness (test_recursor_type_trust_boundary.RecursorTypeTrustBoundaryTests) ... ok
unit-tests	Run python scripts/run-unit-tests	2026-09-23T11:25:35.5914340Z test_source_hash_and_locator_tampering_fail (test_recursor_type_trust_boundary.RecursorTypeTrustBoundaryTests) ... FAIL
unit-tests	Run python scripts/run-unit-tests	2026-09-23T11:25:35.5923816Z test_swapped_or_weakened_regression_outcomes_fail (test_recursor_type_trust_boundary.RecursorTypeTrustBoundaryTests) ... ok
unit-tests	Run python scripts/run-unit-tests	2026-09-23T11:25:35.5926947Z test_all_candidates_and_controls_are_consensus_accepts (test_reduction_semantics_matrix.ReductionSemanticsMatrixTests) ... ok
unit-tests	Run python scripts/run-unit-tests	2026-09-23T11:25:35.5928486Z test_matrix_passes (test_reduction_semantics_matrix.ReductionSemanticsMatrixTests) ... ok
unit-tests	Run python scripts/run-unit-tests	2026-09-23T11:25:35.5929672Z test_mutation_sensitivity_preserves_observational_limits (test_reduction_semantics_matrix.ReductionSemanticsMatrixTests) ... ok
unit-tests	Run python scripts/run-unit-tests	2026-09-23T11:25:35.5931093Z test_no_external_action_is_recommended (test_reduction_semantics_matrix.ReductionSemanticsMatrixTests) ... ok
unit-tests	Run python scripts/run-unit-tests	2026-09-23T11:25:35.5939716Z test_failure_stops_before_downstream_generation_and_preserves_log (test_refresh_current_state.RefreshCurrentStateTests) ... ok
unit-tests	Run python scripts/run-unit-tests	2026-09-23T11:25:35.5941516Z test_refresh_order_attests_changed_producers_before_dependents (test_refresh_current_state.RefreshCurrentStateTests) ... ok
unit-tests	Run python scripts/run-unit-tests	2026-09-23T11:25:35.5957973Z test_budget_closure_and_status_binding_are_required (test_research_queue.ResearchQueueTests) ... ok
unit-tests	Run python scripts/run-unit-tests	2026-09-23T11:25:35.5969421Z test_cycle_and_unsatisfied_dependency_are_refused (test_research_queue.ResearchQueueTests) ... ok
unit-tests	Run python scripts/run-unit-tests	2026-09-23T11:25:35.5980842Z test_duplicate_id_or_rank_is_refused (test_research_queue.ResearchQueueTests) ... ok
unit-tests	Run python scripts/run-unit-tests	2026-09-23T11:25:35.5989300Z test_no_ready_item_is_refused (test_research_queue.ResearchQueueTests) ... ok
unit-tests	Run python scripts/run-unit-tests	2026-09-23T11:25:35.5998886Z test_non_success_completion_cannot_unlock_dependency (test_research_queue.ResearchQueueTests) ... ok
unit-tests	Run python scripts/run-unit-tests	2026-09-23T11:25:35.6012879Z test_path_and_malformed_values_are_refused (test_research_queue.ResearchQueueTests) ... ok
unit-tests	Run python scripts/run-unit-tests	2026-09-23T11:25:35.6026984Z test_selection_uses_lowest_ready_and_active_sticks (test_research_queue.ResearchQueueTests) ... ok
unit-tests	Run python scripts/run-unit-tests	2026-09-23T11:25:35.6037966Z test_successful_completion_unlocks_dependency (test_research_queue.ResearchQueueTests) ... ok
unit-tests	Run python scripts/run-unit-tests	2026-09-23T11:25:35.6046469Z test_two_active_items_are_refused (test_research_queue.ResearchQueueTests) ... ok
unit-tests	Run python scripts/run-unit-tests	2026-09-23T11:25:35.6466426Z test_valid_queue_and_cli (test_research_queue.ResearchQueueTests) ... ok
unit-tests	Run python scripts/run-unit-tests	2026-09-23T11:25:35.6488526Z test_explicit_schema_successor_preserves_v1_readiness_requirement (test_research_queue_v2.ResearchQueueV2Tests) ... ok
unit-tests	Run python scripts/run-unit-tests	2026-09-23T11:25:35.6518576Z test_handoff_marker_must_match_once (test_research_queue_v2.ResearchQueueV2Tests) ... ok
unit-tests	Run python scripts/run-unit-tests	2026-09-23T11:25:35.6541264Z test_pause_requires_blocker_decision_and_existing_evidence (test_research_queue_v2.ResearchQueueV2Tests) ... ok
unit-tests	Run python scripts/run-unit-tests	2026-09-23T11:25:35.6578619Z test_paused_handoff_is_valid_but_cli_refuses_operational_readiness (test_research_queue_v2.ResearchQueueV2Tests) ... ok
unit-tests	Run python scripts/run-unit-tests	2026-09-23T11:25:35.6595060Z test_paused_handoff_refuses_any_ready_or_active_item (test_research_queue_v2.ResearchQueueV2Tests) ... ok
unit-tests	Run python scripts/run-unit-tests	2026-09-23T11:25:35.6620189Z test_paused_selection_requires_highest_ranked_blocked_item (test_research_queue_v2.ResearchQueueV2Tests) ... ok
unit-tests	Run python scripts/run-unit-tests	2026-09-23T11:25:35.6628121Z test_project_review_exposes_pause_and_required_decision (test_research_queue_v2.ResearchQueueV2Tests) ... ok
unit-tests	Run python scripts/run-unit-tests	2026-09-23T11:25:35.6656900Z test_v1_ready_cli_remains_operational (test_research_queue_v2.ResearchQueueV2Tests) ... ok
unit-tests	Run python scripts/run-unit-tests	2026-09-23T11:25:35.6685032Z test_all_runnable_alternatives_must_be_assessed (test_research_queue_v3.ResearchQueueV3Tests) ... ok
unit-tests	Run python scripts/run-unit-tests	2026-09-23T11:25:35.6718616Z test_blocked_candidates_require_exact_blocker_evidence (test_research_queue_v3.ResearchQueueV3Tests) ... ok
unit-tests	Run python scripts/run-unit-tests	2026-09-23T11:25:35.6746644Z test_bounded_item_and_highest_ranked_selection_checks_are_preserved (test_research_queue_v3.ResearchQueueV3Tests) ... ok
unit-tests	Run python scripts/run-unit-tests	2026-09-23T11:25:35.6785818Z test_candidate_evidence_must_be_bound_and_match_queue_evidence (test_research_queue_v3.ResearchQueueV3Tests) ... ok
unit-tests	Run python scripts/run-unit-tests	2026-09-23T11:25:35.6824780Z test_category_can_explain_why_no_candidate_exists_without_filler (test_research_queue_v3.ResearchQueueV3Tests) ... ok
unit-tests	Run python scripts/run-unit-tests	2026-09-23T11:25:35.6847082Z test_closure_must_reference_a_completed_item (test_research_queue_v3.ResearchQueueV3Tests) ... ok
unit-tests	Run python scripts/run-unit-tests	2026-09-23T11:25:35.6887497Z test_closure_records_completed_item_and_leaves_successor_ready (test_research_queue_v3.ResearchQueueV3Tests) ... ok
unit-tests	Run python scripts/run-unit-tests	2026-09-23T11:25:35.6921719Z test_completed_plan_is_not_a_blocker_kind (test_research_queue_v3.ResearchQueueV3Tests) ... ok
unit-tests	Run python scripts/run-unit-tests	2026-09-23T11:25:35.6971316Z test_constitution_workflow_and_plan_must_be_bound (test_research_queue_v3.ResearchQueueV3Tests) ... ok
unit-tests	Run python scripts/run-unit-tests	2026-09-23T11:25:35.6997638Z test_duplicate_json_keys_and_nonfinite_review_values_fail_closed (test_research_queue_v3.ResearchQueueV3Tests) ... ok
unit-tests	Run python scripts/run-unit-tests	2026-09-23T11:25:35.7035852Z test_entry_allows_current_active_item_without_claiming_closure (test_research_queue_v3.ResearchQueueV3Tests) ... ok
unit-tests	Run python scripts/run-unit-tests	2026-09-23T11:25:35.7066523Z test_feasible_disposition_cannot_relabel_a_blocked_item (test_research_queue_v3.ResearchQueueV3Tests) ... ok
unit-tests	Run python scripts/run-unit-tests	2026-09-23T11:25:35.7097678Z test_missing_project_category_is_rejected (test_research_queue_v3.ResearchQueueV3Tests) ... ok
unit-tests	Run python scripts/run-unit-tests	2026-09-23T11:25:35.7132817Z test_pause_cannot_hide_a_feasible_alternative (test_research_queue_v3.ResearchQueueV3Tests) ... ok
unit-tests	Run python scripts/run-unit-tests	2026-09-23T11:25:35.7167051Z test_pause_requires_local_blocker_removal_assessment (test_research_queue_v3.ResearchQueueV3Tests) ... ok
unit-tests	Run python scripts/run-unit-tests	2026-09-23T11:25:35.7197356Z test_queue_cannot_change_budget_priority_or_action_under_old_review (test_research_queue_v3.ResearchQueueV3Tests) ... ok
unit-tests	Run python scripts/run-unit-tests	2026-09-23T11:25:35.7212317Z test_queue_duplicate_keys_are_rejected_by_v3_loader (test_research_queue_v3.ResearchQueueV3Tests) ... ok
unit-tests	Run python scripts/run-unit-tests	2026-09-23T11:25:35.7235174Z test_ready_handoff_cannot_use_entry_to_omit_completion_reassessment (test_research_queue_v3.ResearchQueueV3Tests) ... ok
unit-tests	Run python scripts/run-unit-tests	2026-09-23T11:25:35.7275002Z test_real_pause_validates_integrity_but_refuses_readiness (test_research_queue_v3.ResearchQueueV3Tests) ... ok
unit-tests	Run python scripts/run-unit-tests	2026-09-23T11:25:35.7293537Z test_review_hash_mismatch_is_rejected (test_research_queue_v3.ResearchQueueV3Tests) ... ok
unit-tests	Run python scripts/run-unit-tests	2026-09-23T11:25:35.7336272Z test_review_requires_current_date_selection_and_project_wide_scope (test_research_queue_v3.ResearchQueueV3Tests) ... ok
unit-tests	Run python scripts/run-unit-tests	2026-09-23T11:25:35.7359070Z test_scientific_evidence_drift_is_rejected (test_research_queue_v3.ResearchQueueV3Tests) ... ok
unit-tests	Run python scripts/run-unit-tests	2026-09-23T11:25:35.7376137Z test_unsafe_review_binding_cannot_escape_repository (test_research_queue_v3.ResearchQueueV3Tests) ... ok
unit-tests	Run python scripts/run-unit-tests	2026-09-23T11:25:35.7421746Z test_v1_and_v2_historical_semantics_survive_current_successor (test_research_queue_v3.ResearchQueueV3Tests) ... ok
unit-tests	Run python scripts/run-unit-tests	2026-09-23T11:25:35.7454951Z test_valid_project_wide_local_successor_and_queue_loader (test_research_queue_v3.ResearchQueueV3Tests) ... ok
unit-tests	Run python scripts/run-unit-tests	2026-09-23T11:25:35.7483151Z test_completed_historical_item_retains_original_budget (test_research_queue_v4.ResearchQueueV4Tests) ... ok
unit-tests	Run python scripts/run-unit-tests	2026-09-23T11:25:35.7500223Z test_execution_policy_is_exact_and_review_bound (test_research_queue_v4.ResearchQueueV4Tests) ... ok
unit-tests	Run python scripts/run-unit-tests	2026-09-23T11:25:35.7540177Z test_unfinished_work_has_no_terminal_attempt_budget (test_research_queue_v4.ResearchQueueV4Tests) ... ok
unit-tests	Run python scripts/run-unit-tests	2026-09-23T11:25:35.7561329Z test_checkpoint_is_atomic_and_schema_valid (test_rotating_checkpoint.RotatingCheckpointTests) ... ok
unit-tests	Run python scripts/run-unit-tests	2026-09-23T11:25:35.7582595Z test_completed_original_rows_must_be_the_frozen_prefix (test_rotating_checkpoint.RotatingCheckpointTests) ... ok
unit-tests	Run python scripts/run-unit-tests	2026-09-23T11:25:35.7607128Z test_resume_records_abandoned_attempt_and_retries_that_side (test_rotating_checkpoint.RotatingCheckpointTests) ... ok
unit-tests	Run python scripts/run-unit-tests	2026-09-23T11:25:35.7617308Z test_resume_rejects_changed_bindings (test_rotating_checkpoint.RotatingCheckpointTests) ... ok
unit-tests	Run python scripts/run-unit-tests	2026-09-23T11:25:35.7633676Z test_resume_rejects_tampered_candidate_result (test_rotating_checkpoint.RotatingCheckpointTests) ... ok
unit-tests	Run python scripts/run-unit-tests	2026-09-23T11:25:35.7650408Z test_resume_rejects_unreconciled_attempt_count (test_rotating_checkpoint.RotatingCheckpointTests) ... ok
unit-tests	Run python scripts/run-unit-tests	2026-09-23T11:25:35.7676214Z test_resume_reuses_completed_baseline_side (test_rotating_checkpoint.RotatingCheckpointTests) ... ok
unit-tests	Run python scripts/run-unit-tests	2026-09-23T11:25:35.7678870Z test_completed_report_has_rotated_validators_and_bounded_claim (test_rotating_evaluation.RotatingEvaluationTests) ... ok
unit-tests	Run python scripts/run-unit-tests	2026-09-23T11:25:35.7680474Z test_positive_fold_requires_score_improvement_and_control (test_rotating_evaluation.RotatingEvaluationTests) ... ok
unit-tests	Run python scripts/run-unit-tests	2026-09-23T11:25:35.7682112Z test_rotating_fold_classifications_are_reachable (test_rotating_evaluation.RotatingEvaluationTests) ... ok
unit-tests	Run python scripts/run-unit-tests	2026-09-23T11:25:35.7884492Z test_rotating_schemas_are_valid (test_rotating_evaluation.RotatingEvaluationTests) ... ok
unit-tests	Run python scripts/run-unit-tests	2026-09-23T11:25:35.7886380Z test_spec_declares_fresh_held_out_fold_without_outcomes (test_rotating_evaluation.RotatingEvaluationTests) ... ok
unit-tests	Run python scripts/run-unit-tests	2026-09-23T11:25:36.3787449Z test_archive_inventory_replay_rejects_tampering (test_semantic_import_contract_closure.SemanticImportContractClosureTests) ... ok
unit-tests	Run python scripts/run-unit-tests	2026-09-23T11:25:37.5651976Z test_artifact_binding_tampering_and_mutable_queue_independence (test_semantic_import_contract_closure.SemanticImportContractClosureTests) ... ok
unit-tests	Run python scripts/run-unit-tests	2026-09-23T11:25:37.5663342Z test_clock_reset_nonfinite_and_cap_refused (test_semantic_import_contract_closure.SemanticImportContractClosureTests) ... ok
unit-tests	Run python scripts/run-unit-tests	2026-09-23T11:25:37.5671314Z test_delivery_accounting_preserves_inclusive_cap_and_handoff (test_semantic_import_contract_closure.SemanticImportContractClosureTests) ... ok
unit-tests	Run python scripts/run-unit-tests	2026-09-23T11:25:37.5683380Z test_handoff_and_item_closure_agree (test_semantic_import_contract_closure.SemanticImportContractClosureTests) ... ok
unit-tests	Run python scripts/run-unit-tests	2026-09-23T11:25:37.5716952Z test_inflated_claims_and_launches_refused (test_semantic_import_contract_closure.SemanticImportContractClosureTests) ... ok
unit-tests	Run python scripts/run-unit-tests	2026-09-23T11:25:37.5729697Z test_request_cost_cannot_be_erased_or_exceeded (test_semantic_import_contract_closure.SemanticImportContractClosureTests) ... ok
unit-tests	Run python scripts/run-unit-tests	2026-09-23T11:25:37.5733240Z test_valid_scoped_closure (test_semantic_import_contract_closure.SemanticImportContractClosureTests) ... ok
unit-tests	Run python scripts/run-unit-tests	2026-09-23T11:25:37.5839011Z test_four_field_replay_preserves_nonrun_and_shared_nodes (test_semantic_import_contract_closure.SemanticImportHistoricalReplayTests) ... ok
unit-tests	Run python scripts/run-unit-tests	2026-09-23T11:25:37.5935640Z test_retained_byte_tamper_is_refused_before_pair_or_observer_claims (test_semantic_import_contract_closure.SemanticImportHistoricalReplayTests) ... ok
unit-tests	Run python scripts/run-unit-tests	2026-09-23T11:25:37.5948415Z test_authority_promotion_and_semantic_resolution_refused (test_semantic_let_contract.SemanticLetContractTests) ... ok
unit-tests	Run python scripts/run-unit-tests	2026-09-23T11:25:37.6584414Z test_clock_disagreement_and_prohibited_launch_refused (test_semantic_let_contract.SemanticLetContractTests) ... ok
unit-tests	Run python scripts/run-unit-tests	2026-09-23T11:25:37.6726694Z test_current_closure_and_later_queue_selection (test_semantic_let_contract.SemanticLetContractTests) ... ok
unit-tests	Run python scripts/run-unit-tests	2026-09-23T11:25:37.6763774Z test_extra_request_is_not_hidden_by_unchanged_counters (test_semantic_let_contract.SemanticLetContractTests) ... ok
unit-tests	Run python scripts/run-unit-tests	2026-09-23T11:25:37.6846602Z test_mutated_source_and_out_of_bounds_excerpt (test_semantic_let_contract.SemanticLetContractTests) ... ok
unit-tests	Run python scripts/run-unit-tests	2026-09-23T11:25:37.6855352Z test_allows_existing_error_directory_for_new_ledger (test_source_lock_completeness_audit.SourceLockAuditTests) ... ok
unit-tests	Run python scripts/run-unit-tests	2026-09-23T11:25:37.6862733Z test_binds_source_lock_byte_count (test_source_lock_completeness_audit.SourceLockAuditTests) ... ok
unit-tests	Run python scripts/run-unit-tests	2026-09-23T11:25:37.6864136Z test_detects_pinned_readme_directive (test_source_lock_completeness_audit.SourceLockAuditTests) ... ok
unit-tests	Run python scripts/run-unit-tests	2026-09-23T11:25:37.6865526Z test_refuses_source_root_escape (test_source_lock_completeness_audit.SourceLockAuditTests) ... ok
unit-tests	Run python scripts/run-unit-tests	2026-09-23T11:25:37.6866795Z test_resolves_relative_include (test_source_lock_completeness_audit.SourceLockAuditTests) ... ok
unit-tests	Run python scripts/run-unit-tests	2026-09-23T11:25:37.6868285Z test_ledger_has_exact_missing_readme_edge (test_source_lock_completeness_audit_closure.SourceLockAuditClosureTests) ... ok
unit-tests	Run python scripts/run-unit-tests	2026-09-23T11:25:37.6870025Z test_preserved_repairs_are_not_scientific_processes (test_source_lock_completeness_audit_closure.SourceLockAuditClosureTests) ... ok
unit-tests	Run python scripts/run-unit-tests	2026-09-23T11:25:37.6871981Z test_result_binds_the_written_ledger (test_source_lock_completeness_audit_closure.SourceLockAuditClosureTests) ... ok
unit-tests	Run python scripts/run-unit-tests	2026-09-23T11:25:37.6975319Z test_current_boundary_validates (test_survivor_cache_export_boundary.RepositoryEvidenceTests) ... ok
unit-tests	Run python scripts/run-unit-tests	2026-09-23T11:25:37.6978717Z test_missing_root_fails_closed (test_survivor_cache_export_boundary.RepositoryEvidenceTests) ... ok
unit-tests	Run python scripts/run-unit-tests	2026-09-23T11:25:37.6980066Z test_ordered_unique_accepts_exact_sequence (test_survivor_cache_export_boundary.SourceOrderTests) ... ok
unit-tests	Run python scripts/run-unit-tests	2026-09-23T11:25:37.6981744Z test_ordered_unique_rejects_duplicate_anchor (test_survivor_cache_export_boundary.SourceOrderTests) ... ok
unit-tests	Run python scripts/run-unit-tests	2026-09-23T11:25:37.6983145Z test_ordered_unique_rejects_reordering (test_survivor_cache_export_boundary.SourceOrderTests) ... ok
unit-tests	Run python scripts/run-unit-tests	2026-09-23T11:25:37.9336117Z test_completed_result_survives_current_queue_transition (test_survivor_cache_historical.SurvivorCacheHistoricalTests) ... ok
unit-tests	Run python scripts/run-unit-tests	2026-09-23T11:25:38.1664928Z test_actual_cache_history_validates_through_adapter (test_survivor_cache_historical_portability.SurvivorCacheHistoricalPortabilityTests) ... ok
unit-tests	Run python scripts/run-unit-tests	2026-09-23T11:25:38.1682882Z test_evidence_separates_storage_from_recorded_workspace (test_survivor_cache_historical_portability.SurvivorCacheHistoricalPortabilityTests) ... ok
unit-tests	Run python scripts/run-unit-tests	2026-09-23T11:25:38.1684846Z test_execution_context_is_scoped_and_restored (test_survivor_cache_historical_portability.SurvivorCacheHistoricalPortabilityTests) ... ok
unit-tests	Run python scripts/run-unit-tests	2026-09-23T11:25:38.1686408Z test_all_four_cells_finish_once (test_survivor_cache_runner.Accounting) ... ok
unit-tests	Run python scripts/run-unit-tests	2026-09-23T11:25:38.1687666Z test_baseline_candidate_failure_stops_interpretation (test_survivor_cache_runner.Accounting) ... ok
unit-tests	Run python scripts/run-unit-tests	2026-09-23T11:25:38.1689190Z test_checker_repairs_share_eight_attempt_cap (test_survivor_cache_runner.Accounting) ... ok
unit-tests	Run python scripts/run-unit-tests	2026-09-23T11:25:38.1690875Z test_failures_and_orphans_remain_charged (test_survivor_cache_runner.Accounting) ... ok
unit-tests	Run python scripts/run-unit-tests	2026-09-23T11:25:38.1720159Z test_ledger_reset_and_truncation_refused (test_survivor_cache_runner.Accounting) ... ok
unit-tests	Run python scripts/run-unit-tests	2026-09-23T11:25:38.1722069Z test_malformed_terminal_cannot_skip_audit_pause (test_survivor_cache_runner.Accounting) ... ok
unit-tests	Run python scripts/run-unit-tests	2026-09-23T11:25:38.1723360Z test_repair_cannot_change_cell_or_reset_build_cap (test_survivor_cache_runner.Accounting) ... ok
unit-tests	Run python scripts/run-unit-tests	2026-09-23T11:25:38.1725046Z test_two_builds_precede_exact_controls_then_candidates (test_survivor_cache_runner.Accounting) ... ok
unit-tests	Run python scripts/run-unit-tests	2026-09-23T11:25:38.1726146Z test_unknown_event_and_terminal_fail (test_survivor_cache_runner.Accounting) ... ok
unit-tests	Run python scripts/run-unit-tests	2026-09-23T11:25:38.1727227Z test_clock_rollback_and_disagreement_fail (test_survivor_cache_runner.ActiveTime) ... ok
unit-tests	Run python scripts/run-unit-tests	2026-09-23T11:25:38.1728183Z test_closed_intervals_are_not_reset (test_survivor_cache_runner.ActiveTime) ... ok
unit-tests	Run python scripts/run-unit-tests	2026-09-23T11:25:38.1729304Z test_overlapping_intervals_and_small_overhead_fail (test_survivor_cache_runner.ActiveTime) ... ok
unit-tests	Run python scripts/run-unit-tests	2026-09-23T11:25:38.1730337Z test_reservation_cannot_cross_cap (test_survivor_cache_runner.ActiveTime) ... ok
unit-tests	Run python scripts/run-unit-tests	2026-09-23T11:25:38.1731335Z test_time_includes_conservative_entry_overhead (test_survivor_cache_runner.ActiveTime) ... ok
unit-tests	Run python scripts/run-unit-tests	2026-09-23T11:25:38.1732369Z test_duplicate_json_keys_and_nonfinite_values_fail (test_survivor_cache_runner.ArtifactParsing) ... ok
unit-tests	Run python scripts/run-unit-tests	2026-09-23T11:25:38.1743536Z test_unique_exact_library_test_artifact_required (test_survivor_cache_runner.ArtifactParsing) ... ok
unit-tests	Run python scripts/run-unit-tests	2026-09-23T11:25:38.1751196Z test_wrong_source_target_and_non_json_output_fail (test_survivor_cache_runner.ArtifactParsing) ... ok
unit-tests	Run python scripts/run-unit-tests	2026-09-23T11:25:38.1752644Z test_exact_pass_all_cells (test_survivor_cache_runner.Classifier) ... ok
unit-tests	Run python scripts/run-unit-tests	2026-09-23T11:25:38.1753608Z test_extra_bytes_and_stderr_are_rejected (test_survivor_cache_runner.Classifier) ... ok
unit-tests	Run python scripts/run-unit-tests	2026-09-23T11:25:38.1754787Z test_failure_never_applies_to_control (test_survivor_cache_runner.Classifier) ... ok
unit-tests	Run python scripts/run-unit-tests	2026-09-23T11:25:38.1761007Z test_specific_failure_has_source_and_assertion (test_survivor_cache_runner.Classifier) ... ok
unit-tests	Run python scripts/run-unit-tests	2026-09-23T11:25:38.1762498Z test_timeout_cleanup_and_supervisor_error_fail_closed (test_survivor_cache_runner.Classifier) ... ok
unit-tests	Run python scripts/run-unit-tests	2026-09-23T11:25:38.1763728Z test_wrong_test_or_duplicate_panic_rejected (test_survivor_cache_runner.Classifier) ... ok
unit-tests	Run python scripts/run-unit-tests	2026-09-23T11:25:38.1765078Z test_target_specific_absence_must_be_symmetric_and_inherited (test_survivor_cache_runner.InheritedRuntimePackages) ... ok
unit-tests	Run python scripts/run-unit-tests	2026-09-23T11:25:38.1838679Z test_engineering_revision_preserves_frozen_science (test_survivor_cache_runner.ManifestFixture) ... ok
unit-tests	Run python scripts/run-unit-tests	2026-09-23T11:25:38.1877414Z test_exact_manifest_paths_only (test_survivor_cache_runner.ManifestFixture) ... ok
unit-tests	Run python scripts/run-unit-tests	2026-09-23T11:25:38.1995028Z test_missing_tool_and_stale_tests_fail (test_survivor_cache_runner.ManifestFixture) ... ok
unit-tests	Run python scripts/run-unit-tests	2026-09-23T11:25:38.2089624Z test_no_authority_and_relaxed_cap_fail (test_survivor_cache_runner.ManifestFixture) ... ok
unit-tests	Run python scripts/run-unit-tests	2026-09-23T11:25:38.2155175Z test_valid_fully_bound_manifest (test_survivor_cache_runner.ManifestFixture) ... ok
unit-tests	Run python scripts/run-unit-tests	2026-09-23T11:25:38.2252356Z test_wrong_science_or_input_hash_fails (test_survivor_cache_runner.ManifestFixture) ... ok
unit-tests	Run python scripts/run-unit-tests	2026-09-23T11:25:38.2357514Z test_cleanup_failure_keeps_raw_terminal_receipt (test_survivor_cache_runner.ProcessPersistence) ... ok
unit-tests	Run python scripts/run-unit-tests	2026-09-23T11:25:38.2421306Z test_reservation_survives_supervisor_exception (test_survivor_cache_runner.ProcessPersistence) ... ok
unit-tests	Run python scripts/run-unit-tests	2026-09-23T11:25:38.3291165Z test_public_export_path_exclusion_is_scoped (test_survivor_fvar_reachability.SurvivorFvarReachabilityTests) ... ok
unit-tests	Run python scripts/run-unit-tests	2026-09-23T11:25:38.5157551Z test_entry_bytes_survive_scoped_fvar_admission (test_survivor_fvar_reachability_historical.SurvivorFvarReachabilityHistoricalTests) ... ok
unit-tests	Run python scripts/run-unit-tests	2026-09-23T11:25:38.5223750Z test_historical_transition_executes_unchanged_admission_producer (test_survivor_let_association.SurvivorLetAssociationTests) ... ok
unit-tests	Run python scripts/run-unit-tests	2026-09-23T11:25:38.5903958Z test_input_drift_is_refused_but_future_successor_state_is_allowed (test_survivor_let_association.SurvivorLetAssociationTests) ... ok
unit-tests	Run python scripts/run-unit-tests	2026-09-23T11:25:38.6112775Z test_render_appends_one_classification_and_no_corpus_output (test_survivor_let_association.SurvivorLetAssociationTests) ... ok
unit-tests	Run python scripts/run-unit-tests	2026-09-23T11:25:38.6114474Z test_artifacts_declare_successor_blocker (test_survivor_let_result.ClosureTests) ... ok
unit-tests	Run python scripts/run-unit-tests	2026-09-23T11:25:38.6249684Z test_later_registry_suffix_does_not_rebind_historical_reuse (test_survivor_let_result.ClosureTests) ... ok
unit-tests	Run python scripts/run-unit-tests	2026-09-23T11:25:38.6251380Z test_reject_budget (test_survivor_let_result.ClosureTests) ... ok
unit-tests	Run python scripts/run-unit-tests	2026-09-23T11:25:38.6252328Z test_reject_cleanup_failure (test_survivor_let_result.ClosureTests) ... ok
unit-tests	Run python scripts/run-unit-tests	2026-09-23T11:25:38.6253414Z test_reject_extra_attempt (test_survivor_let_result.ClosureTests) ... ok
unit-tests	Run python scripts/run-unit-tests	2026-09-23T11:25:38.6254498Z test_reject_missing_repair (test_survivor_let_result.ClosureTests) ... ok
unit-tests	Run python scripts/run-unit-tests	2026-09-23T11:25:38.6255776Z test_reject_wrong_attribution (test_survivor_let_result.ClosureTests) ... ok
unit-tests	Run python scripts/run-unit-tests	2026-09-23T11:25:38.6256969Z test_reject_wrong_order (test_survivor_let_result.ClosureTests) ... ok
unit-tests	Run python scripts/run-unit-tests	2026-09-23T11:25:38.6391399Z test_successor_transition_preserves_frozen_reuse_closure (test_survivor_let_result.ClosureTests) ... ok
unit-tests	Run python scripts/run-unit-tests	2026-09-23T11:25:38.6392712Z test_valid_chain (test_survivor_let_result.ClosureTests) ... ok
unit-tests	Run python scripts/run-unit-tests	2026-09-23T11:25:38.6395010Z test_build_before_checker_controls_before_candidates (test_survivor_let_reuse.Accounting) ... ok
unit-tests	Run python scripts/run-unit-tests	2026-09-23T11:25:38.6396796Z test_caps_and_orphan_fail_closed (test_survivor_let_reuse.Accounting) ... ok
unit-tests	Run python scripts/run-unit-tests	2026-09-23T11:25:38.6398390Z test_failed_build_and_control_failure_pause_or_stop (test_survivor_let_reuse.Accounting) ... ok
unit-tests	Run python scripts/run-unit-tests	2026-09-23T11:25:38.6399682Z test_repair_replays_same_cell_only_after_pause (test_survivor_let_reuse.Accounting) ... ok
unit-tests	Run python scripts/run-unit-tests	2026-09-23T11:25:38.6400979Z test_max_clock_and_conservative_charge (test_survivor_let_reuse.ActiveTime) ... ok
unit-tests	Run python scripts/run-unit-tests	2026-09-23T11:25:38.6402068Z test_rejects_clock_disagreement_and_rollback (test_survivor_let_reuse.ActiveTime) ... ok
unit-tests	Run python scripts/run-unit-tests	2026-09-23T11:25:38.6403136Z test_reservation_cannot_cross_budget (test_survivor_let_reuse.ActiveTime) ... ok
unit-tests	Run python scripts/run-unit-tests	2026-09-23T11:25:38.6404187Z test_all_cells_exact_clean_success (test_survivor_let_reuse.Classification) ... ok
unit-tests	Run python scripts/run-unit-tests	2026-09-23T11:25:38.6418598Z test_generic_crash_parser_timeout_and_extra_output (test_survivor_let_reuse.Classification) ... ok
unit-tests	Run python scripts/run-unit-tests	2026-09-23T11:25:38.6419876Z test_precise_baseline_refusal_requires_retained_backtrace (test_survivor_let_reuse.Classification) ... ok
unit-tests	Run python scripts/run-unit-tests	2026-09-23T11:25:38.6421275Z test_refusal_not_transferred (test_survivor_let_reuse.Classification) ... ok
unit-tests	Run python scripts/run-unit-tests	2026-09-23T11:25:38.6424151Z test_active_authorized_selected_gate_passes (test_survivor_let_reuse.GateTests) ... ok
unit-tests	Run python scripts/run-unit-tests	2026-09-23T11:25:38.6436430Z test_gate_rejects_cap_before_launch (test_survivor_let_reuse.GateTests) ... ok
unit-tests	Run python scripts/run-unit-tests	2026-09-23T11:25:38.6458012Z test_owner_quote_and_work_closure_rejected (test_survivor_let_reuse.GateTests) ... ok
unit-tests	Run python scripts/run-unit-tests	2026-09-23T11:25:38.6473343Z test_wrong_frontier_or_status_rejected (test_survivor_let_reuse.GateTests) ... ok
unit-tests	Run python scripts/run-unit-tests	2026-09-23T11:25:38.6496555Z test_ledger_truncation_refused (test_survivor_let_reuse.LedgerAndManifest) ... ok
unit-tests	Run python scripts/run-unit-tests	2026-09-23T11:25:38.6503849Z test_manifest_path_and_missing_auth_artifacts_refused (test_survivor_let_reuse.LedgerAndManifest) ... ok
unit-tests	Run python scripts/run-unit-tests	2026-09-23T11:25:38.6509869Z test_manifest_revision_names_are_narrowly_bounded (test_survivor_let_reuse.LedgerAndManifest) ... ok
unit-tests	Run python scripts/run-unit-tests	2026-09-23T11:25:38.6511314Z test_unknown_event_and_wrong_terminal_are_rejected (test_survivor_let_reuse.LedgerAndManifest) ... ok
unit-tests	Run python scripts/run-unit-tests	2026-09-23T11:25:38.6696774Z test_config_science_drift_and_input_byte_drift_rejected (test_survivor_let_reuse.ManifestFixture) ... ok
unit-tests	Run python scripts/run-unit-tests	2026-09-23T11:25:38.7011900Z test_decision_tool_and_test_receipt_bindings_rejected (test_survivor_let_reuse.ManifestFixture) ... ok
unit-tests	Run python scripts/run-unit-tests	2026-09-23T11:25:38.7136147Z test_real_valid_manifest_fixture_passes (test_survivor_let_reuse.ManifestFixture) ... ok
unit-tests	Run python scripts/run-unit-tests	2026-09-23T11:25:38.7279649Z test_cleanup_failure_receipt_is_terminal_and_retained (test_survivor_let_reuse.ProcessPersistence) ... ok
unit-tests	Run python scripts/run-unit-tests	2026-09-23T11:25:38.7341612Z test_reservation_survives_launch_exception_and_blocks_retry (test_survivor_let_reuse.ProcessPersistence) ... ok
unit-tests	Run python scripts/run-unit-tests	2026-09-23T11:25:38.7889416Z test_alias_observation_cannot_become_selected_result (test_survivor_proposal.SurvivorProposalTests) ... ok
unit-tests	Run python scripts/run-unit-tests	2026-09-23T11:25:38.8744141Z test_authorization_or_alias_binary_cannot_be_inferred (test_survivor_proposal.SurvivorProposalTests) ... ok
unit-tests	Run python scripts/run-unit-tests	2026-09-23T11:25:38.9229987Z test_authorized_future_state_does_not_reinterpret_historical_proposal (test_survivor_proposal.SurvivorProposalTests) ... ok
unit-tests	Run python scripts/run-unit-tests	2026-09-23T11:25:38.9650909Z test_candidate_cannot_precede_controls_or_add_observer (test_survivor_proposal.SurvivorProposalTests) ... ok
unit-tests	Run python scripts/run-unit-tests	2026-09-23T11:25:39.0513202Z test_entry_transition_retains_valid_paused_queue_and_cvc5_bindings (test_survivor_proposal.SurvivorProposalTests) ... ok
unit-tests	Run python scripts/run-unit-tests	2026-09-23T11:25:39.0815670Z test_exact_source_or_reused_export_input_drift_is_refused (test_survivor_proposal.SurvivorProposalTests) ... ok
unit-tests	Run python scripts/run-unit-tests	2026-09-23T11:25:39.1202817Z test_extra_unbound_rust_source_is_refused (test_survivor_proposal.SurvivorProposalTests) ... ok
unit-tests	Run python scripts/run-unit-tests	2026-09-23T11:25:39.1646039Z test_inventory_cannot_hide_alternative_or_change_old_schedule (test_survivor_proposal.SurvivorProposalTests) ... ok
unit-tests	Run python scripts/run-unit-tests	2026-09-23T11:25:39.2493313Z test_missing_unknown_or_malformed_fields_are_refused (test_survivor_proposal.SurvivorProposalTests) ... ok
unit-tests	Run python scripts/run-unit-tests	2026-09-23T11:25:39.2961357Z test_planning_cannot_promote_classification (test_survivor_proposal.SurvivorProposalTests) ... ok
unit-tests	Run python scripts/run-unit-tests	2026-09-23T11:25:39.3389686Z test_portable_proposal_needs_no_ignored_binary_or_execution (test_survivor_proposal.SurvivorProposalTests) ... ok
unit-tests	Run python scripts/run-unit-tests	2026-09-23T11:25:39.4019855Z test_prelaunch_gate_cannot_disappear_or_claim_approval (test_survivor_proposal.SurvivorProposalTests) ... ok
unit-tests	Run python scripts/run-unit-tests	2026-09-23T11:25:39.4316460Z test_required_historical_binding_cannot_be_omitted (test_survivor_proposal.SurvivorProposalTests) ... ok
unit-tests	Run python scripts/run-unit-tests	2026-09-23T11:25:39.5416601Z test_result_cannot_claim_scientific_work_or_a_second_completed_item (test_survivor_proposal.SurvivorProposalTests) ... ok
unit-tests	Run python scripts/run-unit-tests	2026-09-23T11:25:39.8162542Z test_widened_limits_or_scientific_materialization_are_refused (test_survivor_proposal.SurvivorProposalTests) ... ok
unit-tests	Run python scripts/run-unit-tests	2026-09-23T11:25:39.9178993Z test_public_dispatch_counterexample_and_boundary_are_split (test_survivor_thread_config_reachability.SurvivorThreadConfigReachabilityTests) ... ok
unit-tests	Run python scripts/run-unit-tests	2026-09-23T11:25:40.1148453Z test_entry_bytes_survive_scoped_thread_classification (test_survivor_thread_config_reachability_historical.SurvivorThreadConfigReachabilityHistoricalTests) ... ok
unit-tests	Run python scripts/run-unit-tests	2026-09-23T11:25:40.1151222Z test_candidate_refusal_is_source_attributed (test_survivor_thread_config_regression.ClassificationTests) ... ok
unit-tests	Run python scripts/run-unit-tests	2026-09-23T11:25:40.1152762Z test_cleanup_failure_is_indeterminate (test_survivor_thread_config_regression.ClassificationTests) ... ok
unit-tests	Run python scripts/run-unit-tests	2026-09-23T11:25:40.1154147Z test_exact_success_is_accept (test_survivor_thread_config_regression.ClassificationTests) ... ok
unit-tests	Run python scripts/run-unit-tests	2026-09-23T11:25:40.1155110Z test_extra_stdout_is_indeterminate (test_survivor_thread_config_regression.ClassificationTests) ... ok
unit-tests	Run python scripts/run-unit-tests	2026-09-23T11:25:40.1156013Z test_parse_error_is_preserved (test_survivor_thread_config_regression.ClassificationTests) ... ok
unit-tests	Run python scripts/run-unit-tests	2026-09-23T11:25:40.1157260Z test_refusal_not_transferred_to_control (test_survivor_thread_config_regression.ClassificationTests) ... ok
unit-tests	Run python scripts/run-unit-tests	2026-09-23T11:25:40.1158229Z test_refusal_requires_assertion_site (test_survivor_thread_config_regression.ClassificationTests) ... ok
unit-tests	Run python scripts/run-unit-tests	2026-09-23T11:25:40.1159176Z test_refusal_requires_infer_frame (test_survivor_thread_config_regression.ClassificationTests) ... ok
unit-tests	Run python scripts/run-unit-tests	2026-09-23T11:25:40.1160135Z test_stderr_on_success_is_indeterminate (test_survivor_thread_config_regression.ClassificationTests) ... ok
unit-tests	Run python scripts/run-unit-tests	2026-09-23T11:25:40.1161070Z test_timeout_is_preserved (test_survivor_thread_config_regression.ClassificationTests) ... ok
unit-tests	Run python scripts/run-unit-tests	2026-09-23T11:25:40.1165963Z test_copy_exact_is_idempotent_and_detects_drift (test_survivor_thread_config_regression.FilesystemTests) ... ok
unit-tests	Run python scripts/run-unit-tests	2026-09-23T11:25:40.1200308Z test_ledger_refuses_truncation (test_survivor_thread_config_regression.FilesystemTests) ... ok
unit-tests	Run python scripts/run-unit-tests	2026-09-23T11:25:40.1212374Z test_manifest_names_are_narrow (test_survivor_thread_config_regression.FilesystemTests) ... ok
unit-tests	Run python scripts/run-unit-tests	2026-09-23T11:25:40.1253771Z test_materialization_applies_only_frozen_mutation (test_survivor_thread_config_regression.FilesystemTests) ... ok
unit-tests	Run python scripts/run-unit-tests	2026-09-23T11:25:40.1264138Z test_cap_is_checked_before_reservation (test_survivor_thread_config_regression.GateTests) ... ok
unit-tests	Run python scripts/run-unit-tests	2026-09-23T11:25:40.1274047Z test_exact_gate_passes (test_survivor_thread_config_regression.GateTests) ... ok
unit-tests	Run python scripts/run-unit-tests	2026-09-23T11:25:40.1285821Z test_unselected_frontier_is_rejected (test_survivor_thread_config_regression.GateTests) ... ok
unit-tests	Run python scripts/run-unit-tests	2026-09-23T11:25:40.1296625Z test_work_closure_blocks_launch (test_survivor_thread_config_regression.GateTests) ... ok
unit-tests	Run python scripts/run-unit-tests	2026-09-23T11:25:40.1298138Z test_baseline_candidate_accept_is_interpretable (test_survivor_thread_config_regression.SequenceTests) ... ok
unit-tests	Run python scripts/run-unit-tests	2026-09-23T11:25:40.1299871Z test_candidate_crash_pauses (test_survivor_thread_config_regression.SequenceTests) ... ok
unit-tests	Run python scripts/run-unit-tests	2026-09-23T11:25:40.1301560Z test_checker_before_builds_is_rejected (test_survivor_thread_config_regression.SequenceTests) ... ok
unit-tests	Run python scripts/run-unit-tests	2026-09-23T11:25:40.1303022Z test_control_mismatch_stops (test_survivor_thread_config_regression.SequenceTests) ... ok
unit-tests	Run python scripts/run-unit-tests	2026-09-23T11:25:40.1304288Z test_controls_precede_candidates (test_survivor_thread_config_regression.SequenceTests) ... ok
unit-tests	Run python scripts/run-unit-tests	2026-09-23T11:25:40.1305928Z test_expected_fixed_pair_completes (test_survivor_thread_config_regression.SequenceTests) ... ok
unit-tests	Run python scripts/run-unit-tests	2026-09-23T11:25:40.1307215Z test_first_action_is_baseline_build (test_survivor_thread_config_regression.SequenceTests) ... ok
unit-tests	Run python scripts/run-unit-tests	2026-09-23T11:25:40.1308702Z test_mutant_candidate_refusal_is_interpretable_falsification (test_survivor_thread_config_regression.SequenceTests) ... ok
unit-tests	Run python scripts/run-unit-tests	2026-09-23T11:25:40.1310300Z test_orphan_reservation_is_conservatively_charged (test_survivor_thread_config_regression.SequenceTests) ... ok
unit-tests	Run python scripts/run-unit-tests	2026-09-23T11:25:40.1311904Z test_repair_replays_only_paused_cell (test_survivor_thread_config_regression.SequenceTests) ... ok
unit-tests	Run python scripts/run-unit-tests	2026-09-23T11:25:40.1313286Z test_reservation_cannot_cross_active_cap (test_survivor_thread_config_regression.SequenceTests) ... ok
unit-tests	Run python scripts/run-unit-tests	2026-09-23T11:25:40.1314625Z test_second_action_is_mutant_build (test_survivor_thread_config_regression.SequenceTests) ... ok
unit-tests	Run python scripts/run-unit-tests	2026-09-23T11:25:40.1315903Z test_unknown_event_is_rejected (test_survivor_thread_config_regression.SequenceTests) ... ok
unit-tests	Run python scripts/run-unit-tests	2026-09-23T11:25:40.1317171Z test_wrong_build_order_is_rejected (test_survivor_thread_config_regression.SequenceTests) ... ok
unit-tests	Run python scripts/run-unit-tests	2026-09-23T11:25:40.1318531Z test_accounting_drift_is_rejected (test_survivor_thread_config_regression_closure.ClosureStateTests) ... ok
unit-tests	Run python scripts/run-unit-tests	2026-09-23T11:25:40.1319982Z test_control_mismatch_is_rejected (test_survivor_thread_config_regression_closure.ClosureStateTests) ... ok
unit-tests	Run python scripts/run-unit-tests	2026-09-23T11:25:40.1321630Z test_exact_completed_state_passes (test_survivor_thread_config_regression_closure.ClosureStateTests) ... ok
unit-tests	Run python scripts/run-unit-tests	2026-09-23T11:25:40.1323117Z test_repair_or_missing_cleanup_is_rejected (test_survivor_thread_config_regression_closure.ClosureStateTests) ... ok
unit-tests	Run python scripts/run-unit-tests	2026-09-23T11:25:40.1324866Z test_clean_success_is_accept (test_survivor_thread_one_child_panic_regression.ClassificationTests) ... ok
unit-tests	Run python scripts/run-unit-tests	2026-09-23T11:25:40.1325896Z test_direct_main_assertion_is_baseline_refusal (test_survivor_thread_one_child_panic_regression.ClassificationTests) ... ok
unit-tests	Run python scripts/run-unit-tests	2026-09-23T11:25:40.1327090Z test_join_message_cannot_satisfy_baseline (test_survivor_thread_one_child_panic_regression.ClassificationTests) ... ok
unit-tests	Run python scripts/run-unit-tests	2026-09-23T11:25:40.1328059Z test_monitor_failure_is_never_a_candidate_result (test_survivor_thread_one_child_panic_regression.ClassificationTests) ... ok
unit-tests	Run python scripts/run-unit-tests	2026-09-23T11:25:40.1329082Z test_worker_join_assertion_is_mutant_refusal (test_survivor_thread_one_child_panic_regression.ClassificationTests) ... ok
unit-tests	Run python scripts/run-unit-tests	2026-09-23T11:25:40.1330357Z test_control_failure_stops_before_candidate (test_survivor_thread_one_child_panic_regression.ProtocolTests) ... ok
unit-tests	Run python scripts/run-unit-tests	2026-09-23T11:25:40.1331998Z test_fixed_protocol_order (test_survivor_thread_one_child_panic_regression.ProtocolTests) ... ok
unit-tests	Run python scripts/run-unit-tests	2026-09-23T11:25:40.1333383Z test_orphan_reservation_pauses (test_survivor_thread_one_child_panic_regression.ProtocolTests) ... ok
unit-tests	Run python scripts/run-unit-tests	2026-09-23T11:25:40.1360195Z test_ledger_rejects_unreconciled_second_reservation (test_survivor_thread_one_child_panic_regression.SourceBindingTests) ... ok
unit-tests	Run python scripts/run-unit-tests	2026-09-23T11:25:40.1362969Z test_only_relational_boundary_changes (test_survivor_thread_one_child_panic_regression.SourceBindingTests) ... ok
unit-tests	Run python scripts/run-unit-tests	2026-09-23T11:25:40.1364647Z test_signal_retry_is_available_before_process_execution (test_survivor_thread_one_child_panic_regression.SourceBindingTests) ... ok
unit-tests	Run python scripts/run-unit-tests	2026-09-23T11:25:40.1366722Z test_pinned_main_requires_readme_missing_from_frozen_inventory (test_survivor_thread_one_child_panic_regression_closure.SourceMaterializationClosureTests) ... ok
unit-tests	Run python scripts/run-unit-tests	2026-09-23T11:25:40.1368884Z test_r1_incident_preceded_any_supervised_process (test_survivor_thread_one_child_panic_regression_closure.SourceMaterializationClosureTests) ... ok
unit-tests	Run python scripts/run-unit-tests	2026-09-23T11:25:40.1371251Z test_real_baseline_build_preserves_complete_supervision_receipts (test_survivor_thread_one_child_panic_regression_closure.SourceMaterializationClosureTests) ... ok
unit-tests	Run python scripts/run-unit-tests	2026-09-23T11:25:40.1375943Z test_assessment_binds_the_fixed_source_boundary (test_survivor_thread_one_determinism_closure.SurvivorThreadOneDeterminismClosureTests) ... ok
unit-tests	Run python scripts/run-unit-tests	2026-09-23T11:25:40.1378257Z test_protocol_is_operational_and_has_four_fixed_cells (test_survivor_thread_one_determinism_closure.SurvivorThreadOneDeterminismClosureTests) ... ok
unit-tests	Run python scripts/run-unit-tests	2026-09-23T11:25:40.1380241Z test_result_preserves_the_no_launch_boundary (test_survivor_thread_one_determinism_closure.SurvivorThreadOneDeterminismClosureTests) ... ok
unit-tests	Run python scripts/run-unit-tests	2026-09-23T11:25:40.2911567Z test_predecessor_bytes_survive_live_successor_transition (test_survivor_universe_diff_historical.UniverseDiffHistoricalTests) ... ok
unit-tests	Run python scripts/run-unit-tests	2026-09-23T11:25:40.2915298Z test_missing_root_fails_closed (test_survivor_universe_equivalence.RepositoryEvidenceTests) ... ok
unit-tests	Run python scripts/run-unit-tests	2026-09-23T11:25:40.3901663Z test_scoped_equivalence_admission_validates (test_survivor_universe_equivalence.RepositoryEvidenceTests) ... ok
unit-tests	Run python scripts/run-unit-tests	2026-09-23T11:25:40.3902798Z test_ordered_accepts_complete_sequence (test_survivor_universe_equivalence.SourceOrderTests) ... ok
unit-tests	Run python scripts/run-unit-tests	2026-09-23T11:25:40.3904153Z test_ordered_rejects_missing_or_reordered_fragment (test_survivor_universe_equivalence.SourceOrderTests) ... ok
unit-tests	Run python scripts/run-unit-tests	2026-09-23T11:25:40.5553742Z test_entry_bytes_survive_scoped_equivalence_admission (test_survivor_universe_equivalence_historical.UniverseEquivalenceHistoricalTests) ... ok
unit-tests	Run python scripts/run-unit-tests	2026-09-23T11:25:40.7045709Z test_altered_evidence_bytes (test_transfer_assessment.TransferAssessmentTests) ... ok
unit-tests	Run python scripts/run-unit-tests	2026-09-23T11:25:40.8555685Z test_boolean_zero_is_not_integer_counter (test_transfer_assessment.TransferAssessmentTests) ... ok
unit-tests	Run python scripts/run-unit-tests	2026-09-23T11:25:40.9765464Z test_deleted_manifest_row (test_transfer_assessment.TransferAssessmentTests) ... ok
unit-tests	Run python scripts/run-unit-tests	2026-09-23T11:25:41.3578940Z test_dropped_candidate_route (test_transfer_assessment.TransferAssessmentTests) ... ok
unit-tests	Run python scripts/run-unit-tests	2026-09-23T11:25:41.7360365Z test_dropped_primary_source (test_transfer_assessment.TransferAssessmentTests) ... ok
unit-tests	Run python scripts/run-unit-tests	2026-09-23T11:25:41.8846926Z test_duplicate_json_key (test_transfer_assessment.TransferAssessmentTests) ... ok
unit-tests	Run python scripts/run-unit-tests	2026-09-23T11:25:42.3571287Z test_future_live_successor_does_not_rewrite_history (test_transfer_assessment.TransferAssessmentTests) ... ok
unit-tests	Run python scripts/run-unit-tests	2026-09-23T11:25:43.0108512Z test_historical_and_current_integrity (test_transfer_assessment.TransferAssessmentTests) ... ok
unit-tests	Run python scripts/run-unit-tests	2026-09-23T11:25:43.1607722Z test_interval_accounting_cannot_be_undercharged (test_transfer_assessment.TransferAssessmentTests) ... ok
unit-tests	Run python scripts/run-unit-tests	2026-09-23T11:25:43.4375569Z test_invalid_local_json_pointer (test_transfer_assessment.TransferAssessmentTests) ... ok
unit-tests	Run python scripts/run-unit-tests	2026-09-23T11:25:43.5887309Z test_invented_launch_rejected_even_if_work_agrees (test_transfer_assessment.TransferAssessmentTests) ... ok
unit-tests	Run python scripts/run-unit-tests	2026-09-23T11:25:43.7398318Z test_no_go_cannot_be_forged_as_go (test_transfer_assessment.TransferAssessmentTests) ... ok
unit-tests	Run python scripts/run-unit-tests	2026-09-23T11:25:43.8902049Z test_no_go_cannot_smuggle_design (test_transfer_assessment.TransferAssessmentTests) ... ok
unit-tests	Run python scripts/run-unit-tests	2026-09-23T11:25:44.0400584Z test_nonfinite_budget (test_transfer_assessment.TransferAssessmentTests) ... ok
unit-tests	Run python scripts/run-unit-tests	2026-09-23T11:25:44.1921118Z test_open_reservation_rejected (test_transfer_assessment.TransferAssessmentTests) ... ok
unit-tests	Run python scripts/run-unit-tests	2026-09-23T11:25:44.3424448Z test_overflow_budget (test_transfer_assessment.TransferAssessmentTests) ... ok
unit-tests	Run python scripts/run-unit-tests	2026-09-23T11:25:44.5983297Z test_snapshot_cannot_be_rebound_away_from_git (test_transfer_assessment.TransferAssessmentTests) ... ok
unit-tests	Run python scripts/run-unit-tests	2026-09-23T11:25:44.7161685Z test_unsafe_manifest_path (test_transfer_assessment.TransferAssessmentTests) ... ok
unit-tests	Run python scripts/run-unit-tests	2026-09-23T11:25:44.7164055Z test_every_exit_classification_is_reachable (test_transfer_experiment.TransferExperimentTests) ... ok
unit-tests	Run python scripts/run-unit-tests	2026-09-23T11:25:44.7166206Z test_experiment_spec_declares_held_out_fault_without_results (test_transfer_experiment.TransferExperimentTests) ... ok
unit-tests	Run python scripts/run-unit-tests	2026-09-23T11:25:44.7167765Z test_positive_transfer_requires_modeled_direction_and_control (test_transfer_experiment.TransferExperimentTests) ... ok
unit-tests	Run python scripts/run-unit-tests	2026-09-23T11:25:44.7236859Z test_transfer_schemas_are_valid (test_transfer_experiment.TransferExperimentTests) ... ok
unit-tests	Run python scripts/run-unit-tests	2026-09-23T11:25:44.7256301Z test_checkpoint_failure_fails_complete_run (test_unit_test_runner.UnitRunnerBoundaryTests) ... ok
unit-tests	Run python scripts/run-unit-tests	2026-09-23T11:25:44.7271393Z test_current_suite_runs_inside_portable_cache_history_context (test_unit_test_runner.UnitRunnerBoundaryTests) ... ok
unit-tests	Run python scripts/run-unit-tests	2026-09-23T11:25:44.7288869Z test_historical_failure_fails_complete_run (test_unit_test_runner.UnitRunnerBoundaryTests) ... ok
unit-tests	Run python scripts/run-unit-tests	2026-09-23T11:25:44.7290447Z test_historical_partition_does_not_hide_future_tests (test_unit_test_runner.UnitRunnerBoundaryTests) ... ok
unit-tests	Run python scripts/run-unit-tests	2026-09-23T11:25:44.7300510Z test_missing_tracked_input_is_not_an_integration_skip (test_unit_test_runner.UnitRunnerBoundaryTests) ... ok
unit-tests	Run python scripts/run-unit-tests	2026-09-23T11:25:44.7302773Z test_only_exact_payload_test_is_skipped (test_unit_test_runner.UnitRunnerBoundaryTests) ... ok
unit-tests	Run python scripts/run-unit-tests	2026-09-23T11:25:44.7305713Z test_present_payload_retains_original_failures (test_unit_test_runner.UnitRunnerBoundaryTests) ... ok
unit-tests	Run python scripts/run-unit-tests	2026-09-23T11:25:44.7315127Z test_required_payload_fails_before_discovery (test_unit_test_runner.UnitRunnerBoundaryTests) ... ok
unit-tests	Run python scripts/run-unit-tests	2026-09-23T11:25:44.7364676Z test_all_five_static_dev_categories_pass (test_valid_dependent_term_audit.CaseAuditTests) ... ok
unit-tests	Run python scripts/run-unit-tests	2026-09-23T11:25:44.7381264Z test_app_and_let_conversion_and_substitution_witnesses_are_replayed (test_valid_dependent_term_audit.CaseAuditTests) ... ok
unit-tests	Run python scripts/run-unit-tests	2026-09-23T11:25:44.7402029Z test_category_metrics_seed_expected_type_and_size_tamper (test_valid_dependent_term_audit.CaseAuditTests) ... ok
unit-tests	Run python scripts/run-unit-tests	2026-09-23T11:25:44.7427074Z test_file_loader_rejects_duplicate_and_missing_keys_and_binds_bytes (test_valid_dependent_term_audit.CaseAuditTests) ... ok
unit-tests	Run python scripts/run-unit-tests	2026-09-23T11:25:44.7435374Z test_unknown_missing_ast_and_case_keys_rejected (test_valid_dependent_term_audit.CaseAuditTests) ... ok
unit-tests	Run python scripts/run-unit-tests	2026-09-23T11:25:44.7456737Z test_wrong_derivation_rule_premises_context_term_type_and_witness (test_valid_dependent_term_audit.CaseAuditTests) ... ok
unit-tests	Run python scripts/run-unit-tests	2026-09-23T11:25:44.7461088Z test_count_is_rejected_before_reading_cases (test_valid_dependent_term_audit.CorpusAuditTests) ... ok
unit-tests	Run python scripts/run-unit-tests	2026-09-23T11:25:44.7481416Z test_duplicate_terms_are_rejected_after_valid_order (test_valid_dependent_term_audit.CorpusAuditTests) ... ok
unit-tests	Run python scripts/run-unit-tests	2026-09-23T11:25:44.7586820Z test_exact_dev_corpus_order_passes_and_reordering_fails (test_valid_dependent_term_audit.CorpusAuditTests) ... ok
unit-tests	Run python scripts/run-unit-tests	2026-09-23T11:25:44.7588695Z test_beta_and_zeta_normalization (test_valid_dependent_term_audit.SemanticPrimitiveTests) ... ok
unit-tests	Run python scripts/run-unit-tests	2026-09-23T11:25:44.7598246Z test_derivation_preserves_raw_app_and_let_substitution_results (test_valid_dependent_term_audit.SemanticPrimitiveTests) ... ok
unit-tests	Run python scripts/run-unit-tests	2026-09-23T11:25:44.7601831Z test_loose_bvar_and_app_let_conversion_fail_closed (test_valid_dependent_term_audit.SemanticPrimitiveTests) ... ok
unit-tests	Run python scripts/run-unit-tests	2026-09-23T11:25:44.7603654Z test_pi_universe_witness_v_zero_and_nonzero (test_valid_dependent_term_audit.SemanticPrimitiveTests) ... ok
unit-tests	Run python scripts/run-unit-tests	2026-09-23T11:25:44.7605044Z test_shift_and_capture_avoiding_substitution (test_valid_dependent_term_audit.SemanticPrimitiveTests) ... ok
unit-tests	Run python scripts/run-unit-tests	2026-09-23T11:25:44.8170221Z test_committed_closure_evidence (test_valid_dependent_term_closure.ValidDependentTermClosureTests) ... ok
unit-tests	Run python scripts/run-unit-tests	2026-09-23T11:25:45.1460543Z test_canonical_bytes_and_case_seed_follow_frozen_encoding (test_valid_dependent_term_generator.ValidDependentTermGeneratorTests) ... ok
unit-tests	Run python scripts/run-unit-tests	2026-09-23T11:25:46.2735047Z test_cli_validate_only_is_nonwriting_and_normal_output_is_fresh (test_valid_dependent_term_generator.ValidDependentTermGeneratorTests) ... ok
unit-tests	Run python scripts/run-unit-tests	2026-09-23T11:25:46.2769598Z test_exact_count_order_attempts_uniqueness_and_bands (test_valid_dependent_term_generator.ValidDependentTermGeneratorTests) ... ok
unit-tests	Run python scripts/run-unit-tests	2026-09-23T11:25:46.2772744Z test_full_derivations_cover_every_rule_with_exact_shapes (test_valid_dependent_term_generator.ValidDependentTermGeneratorTests) ... ok
unit-tests	Run python scripts/run-unit-tests	2026-09-23T11:25:46.2774424Z test_nested_shift_and_capture_avoiding_substitution (test_valid_dependent_term_generator.ValidDependentTermGeneratorTests) ... ok
unit-tests	Run python scripts/run-unit-tests	2026-09-23T11:25:46.2783938Z test_numeric_imax_beta_and_zeta_positive_witnesses (test_valid_dependent_term_generator.ValidDependentTermGeneratorTests) ... ok
unit-tests	Run python scripts/run-unit-tests	2026-09-23T11:25:46.2824477Z test_rendered_module_has_exact_declarations_and_no_bypass (test_valid_dependent_term_generator.ValidDependentTermGeneratorTests) ... ok
unit-tests	Run python scripts/run-unit-tests	2026-09-23T11:25:46.7348913Z test_repeat_generation_is_byte_deterministic (test_valid_dependent_term_generator.ValidDependentTermGeneratorTests) ... ok
unit-tests	Run python scripts/run-unit-tests	2026-09-23T11:25:46.7362755Z test_root_categories_and_frozen_predicates (test_valid_dependent_term_generator.ValidDependentTermGeneratorTests) ... ok
unit-tests	Run python scripts/run-unit-tests	2026-09-23T11:25:46.7377326Z test_execution_validate_only_never_calls_process_runner (test_valid_dependent_term_pilot.ControllerContractTests) ... ok
unit-tests	Run python scripts/run-unit-tests	2026-09-23T11:25:46.7379162Z test_generator_public_renderer_handles_a_fake_development_case (test_valid_dependent_term_pilot.ControllerContractTests) ... ok
unit-tests	Run python scripts/run-unit-tests	2026-09-23T11:25:46.7381199Z test_matrix_is_profile_major_and_exactly_one_hundred_cells (test_valid_dependent_term_pilot.ControllerContractTests) ... ok
unit-tests	Run python scripts/run-unit-tests	2026-09-23T11:25:46.7396619Z test_process_receipt_replay_rejects_changed_raw_output (test_valid_dependent_term_pilot.ControllerContractTests) ... ok
unit-tests	Run python scripts/run-unit-tests	2026-09-23T11:25:46.7399236Z test_safety_failures_are_repair_pauses (test_valid_dependent_term_pilot.ControllerContractTests) ... ok
unit-tests	Run python scripts/run-unit-tests	2026-09-23T11:25:46.7406133Z test_stale_binding_fails_closed (test_valid_dependent_term_pilot.ControllerContractTests) ... ok
unit-tests	Run python scripts/run-unit-tests	2026-09-23T11:25:46.7431888Z test_supervised_wrapper_persists_and_checks_fake_receipt (test_valid_dependent_term_pilot.ControllerContractTests) ... ok
unit-tests	Run python scripts/run-unit-tests	2026-09-23T11:25:46.7464835Z test_validate_only_never_calls_process_runner (test_valid_dependent_term_pilot.ControllerContractTests) ... ok
unit-tests	Run python scripts/run-unit-tests	2026-09-23T11:25:46.7474920Z test_accepts_all_documented_definition_hint_shapes (test_valid_dependent_term_pilot.ExportBridgeTests) ... ok
unit-tests	Run python scripts/run-unit-tests	2026-09-23T11:25:46.7480392Z test_existing_let_fixture_rehydrates_without_generator_helpers (test_valid_dependent_term_pilot.ExportBridgeTests) ... ok
unit-tests	Run python scripts/run-unit-tests	2026-09-23T11:25:46.7488041Z test_reconstructs_exact_closed_fragment (test_valid_dependent_term_pilot.ExportBridgeTests) ... ok
unit-tests	Run python scripts/run-unit-tests	2026-09-23T11:25:46.7489359Z test_rejects_duplicate_json_key (test_valid_dependent_term_pilot.ExportBridgeTests) ... ok
unit-tests	Run python scripts/run-unit-tests	2026-09-23T11:25:46.7496839Z test_rejects_forbidden_expression_tag (test_valid_dependent_term_pilot.ExportBridgeTests) ... ok
unit-tests	Run python scripts/run-unit-tests	2026-09-23T11:25:46.7503610Z test_rejects_let_nondep_true (test_valid_dependent_term_pilot.ExportBridgeTests) ... ok
unit-tests	Run python scripts/run-unit-tests	2026-09-23T11:25:46.7509588Z test_rejects_loose_bound_variable (test_valid_dependent_term_pilot.ExportBridgeTests) ... ok
unit-tests	Run python scripts/run-unit-tests	2026-09-23T11:25:46.7516507Z test_rejects_malformed_definition_hint (test_valid_dependent_term_pilot.ExportBridgeTests) ... ok
unit-tests	Run python scripts/run-unit-tests	2026-09-23T11:25:46.7523093Z test_rejects_nondefault_binder (test_valid_dependent_term_pilot.ExportBridgeTests) ... ok
unit-tests	Run python scripts/run-unit-tests	2026-09-23T11:25:46.7556030Z test_changed_registry_is_not_accepted_as_a_predecessor (test_witness_admission.WitnessAdmissionTests) ... ok
unit-tests	Run python scripts/run-unit-tests	2026-09-23T11:25:46.7627612Z test_fixed_evidence_renders_two_successors_without_launching_processes (test_witness_admission.WitnessAdmissionTests) ... ok
unit-tests	Run python scripts/run-unit-tests	2026-09-23T11:25:46.7651075Z test_forged_outcome_is_refused_from_raw_bytes (test_witness_admission.WitnessAdmissionTests) ... ok
unit-tests	Run python scripts/run-unit-tests	2026-09-23T11:25:46.7670128Z test_candidate_order_is_deterministic (test_witness_search.WitnessSearchTests) ... ok
unit-tests	Run python scripts/run-unit-tests	2026-09-23T11:25:46.7671846Z test_inductive_metadata_candidates_precede_generic_mutations (test_witness_search.WitnessSearchTests) ... skipped 'Arena profiles are not materialized'
unit-tests	Run python scripts/run-unit-tests	2026-09-23T11:25:46.7682249Z test_inductive_metadata_candidates_target_auxiliary_fields (test_witness_search.WitnessSearchTests) ... ok
unit-tests	Run python scripts/run-unit-tests	2026-09-23T11:25:46.7694683Z test_minimizer_preserves_export_metadata (test_witness_search.WitnessSearchTests) ... ok
unit-tests	Run python scripts/run-unit-tests	2026-09-23T11:25:46.7717772Z test_minimizer_preserves_predicate (test_witness_search.WitnessSearchTests) ... ok
unit-tests	Run python scripts/run-unit-tests	2026-09-23T11:25:46.7718864Z test_semantic_states_are_distinct (test_witness_search.WitnessSearchTests) ... ok
unit-tests	Run python scripts/run-unit-tests	2026-09-23T11:25:46.7719995Z test_universe_template_is_the_confirmed_witness (test_witness_search.WitnessSearchTests) ... ok
unit-tests	Run python scripts/run-unit-tests	2026-09-23T11:25:46.7720947Z 
unit-tests	Run python scripts/run-unit-tests	2026-09-23T11:25:46.7721520Z ======================================================================
unit-tests	Run python scripts/run-unit-tests	2026-09-23T11:25:46.7722646Z ERROR: test_archive_dependencies_and_toolchain_match_frozen_inputs (test_acceptance_impact_source.AcceptanceImpactSourceTests)
unit-tests	Run python scripts/run-unit-tests	2026-09-23T11:25:46.7723843Z ----------------------------------------------------------------------
unit-tests	Run python scripts/run-unit-tests	2026-09-23T11:25:46.7724517Z Traceback (most recent call last):
unit-tests	Run python scripts/run-unit-tests	2026-09-23T11:25:46.7735241Z   File "/home/runner/work/lean-assurance-lab/lean-assurance-lab/tests/test_acceptance_impact_source.py", line 18, in test_archive_dependencies_and_toolchain_match_frozen_inputs
unit-tests	Run python scripts/run-unit-tests	2026-09-23T11:25:46.7736251Z     dependencies = source.verify_dependencies()
unit-tests	Run python scripts/run-unit-tests	2026-09-23T11:25:46.7736988Z   File "/home/runner/work/lean-assurance-lab/lean-assurance-lab/lib/acceptance_impact_source.py", line 251, in verify_dependencies
unit-tests	Run python scripts/run-unit-tests	2026-09-23T11:25:46.7737662Z     files, manifest = _tree_manifest(source_root)
unit-tests	Run python scripts/run-unit-tests	2026-09-23T11:25:46.7738319Z   File "/home/runner/work/lean-assurance-lab/lean-assurance-lab/lib/acceptance_impact_source.py", line 110, in _tree_manifest
unit-tests	Run python scripts/run-unit-tests	2026-09-23T11:25:46.7739093Z     _require(path.is_dir() and not path.is_symlink(), f"source tree is unavailable: {path}")
unit-tests	Run python scripts/run-unit-tests	2026-09-23T11:25:46.7739846Z   File "/home/runner/work/lean-assurance-lab/lean-assurance-lab/lib/acceptance_impact_source.py", line 60, in _require
unit-tests	Run python scripts/run-unit-tests	2026-09-23T11:25:46.7740454Z     raise SourcePreparationError(message)
unit-tests	Run python scripts/run-unit-tests	2026-09-23T11:25:46.7741407Z lib.acceptance_impact_source.SourcePreparationError: source tree is unavailable: /Users/danphifer/.cargo/registry/src/index.crates.io-1949cf8c6b5b557f/autocfg-1.5.1
unit-tests	Run python scripts/run-unit-tests	2026-09-23T11:25:46.7742072Z 
unit-tests	Run python scripts/run-unit-tests	2026-09-23T11:25:46.7742197Z ======================================================================
unit-tests	Run python scripts/run-unit-tests	2026-09-23T11:25:46.7742773Z ERROR: test_materialized_source_tampering_is_rejected (test_acceptance_impact_source.AcceptanceImpactSourceTests)
unit-tests	Run python scripts/run-unit-tests	2026-09-23T11:25:46.7743615Z ----------------------------------------------------------------------
unit-tests	Run python scripts/run-unit-tests	2026-09-23T11:25:46.7743970Z Traceback (most recent call last):
unit-tests	Run python scripts/run-unit-tests	2026-09-23T11:25:46.7744737Z   File "/home/runner/work/lean-assurance-lab/lean-assurance-lab/tests/test_acceptance_impact_source.py", line 48, in test_materialized_source_tampering_is_rejected
unit-tests	Run python scripts/run-unit-tests	2026-09-23T11:25:46.7745687Z     with tempfile.TemporaryDirectory(prefix="acceptance-impact-source-tamper-", dir=external) as raw:
unit-tests	Run python scripts/run-unit-tests	2026-09-23T11:25:46.7746393Z   File "/opt/hostedtoolcache/Python/3.10.21/x64/lib/python3.10/tempfile.py", line 835, in __init__
unit-tests	Run python scripts/run-unit-tests	2026-09-23T11:25:46.7746879Z     self.name = mkdtemp(suffix, prefix, dir)
unit-tests	Run python scripts/run-unit-tests	2026-09-23T11:25:46.7747363Z   File "/opt/hostedtoolcache/Python/3.10.21/x64/lib/python3.10/tempfile.py", line 384, in mkdtemp
unit-tests	Run python scripts/run-unit-tests	2026-09-23T11:25:46.7747816Z     _os.mkdir(file, 0o700)
unit-tests	Run python scripts/run-unit-tests	2026-09-23T11:25:46.7748501Z FileNotFoundError: [Errno 2] No such file or directory: '/home/runner/work/lean-assurance-lab/lean-assurance-lab/external/acceptance-impact-source-tamper-sfff20rs'
unit-tests	Run python scripts/run-unit-tests	2026-09-23T11:25:46.7749178Z 
unit-tests	Run python scripts/run-unit-tests	2026-09-23T11:25:46.7749303Z ======================================================================
unit-tests	Run python scripts/run-unit-tests	2026-09-23T11:25:46.7749901Z ERROR: test_prepare_is_exact_idempotent_and_non_observational (test_acceptance_impact_source.AcceptanceImpactSourceTests)
unit-tests	Run python scripts/run-unit-tests	2026-09-23T11:25:46.7750519Z ----------------------------------------------------------------------
unit-tests	Run python scripts/run-unit-tests	2026-09-23T11:25:46.7751021Z Traceback (most recent call last):
unit-tests	Run python scripts/run-unit-tests	2026-09-23T11:25:46.7751799Z   File "/home/runner/work/lean-assurance-lab/lean-assurance-lab/tests/test_acceptance_impact_source.py", line 28, in test_prepare_is_exact_idempotent_and_non_observational
unit-tests	Run python scripts/run-unit-tests	2026-09-23T11:25:46.7752737Z     with tempfile.TemporaryDirectory(prefix="acceptance-impact-source-test-", dir=external) as raw:
unit-tests	Run python scripts/run-unit-tests	2026-09-23T11:25:46.7753450Z   File "/opt/hostedtoolcache/Python/3.10.21/x64/lib/python3.10/tempfile.py", line 835, in __init__
unit-tests	Run python scripts/run-unit-tests	2026-09-23T11:25:46.7753946Z     self.name = mkdtemp(suffix, prefix, dir)
unit-tests	Run python scripts/run-unit-tests	2026-09-23T11:25:46.7754436Z   File "/opt/hostedtoolcache/Python/3.10.21/x64/lib/python3.10/tempfile.py", line 384, in mkdtemp
unit-tests	Run python scripts/run-unit-tests	2026-09-23T11:25:46.7754893Z     _os.mkdir(file, 0o700)
unit-tests	Run python scripts/run-unit-tests	2026-09-23T11:25:46.7755727Z FileNotFoundError: [Errno 2] No such file or directory: '/home/runner/work/lean-assurance-lab/lean-assurance-lab/external/acceptance-impact-source-test-gfaz119i'
unit-tests	Run python scripts/run-unit-tests	2026-09-23T11:25:46.7756338Z 
unit-tests	Run python scripts/run-unit-tests	2026-09-23T11:25:46.7756463Z ======================================================================
unit-tests	Run python scripts/run-unit-tests	2026-09-23T11:25:46.7756959Z ERROR: test_exact_package_passes (test_kiota_recursor_type_design.KiotaRecursorTypeDesignTests)
unit-tests	Run python scripts/run-unit-tests	2026-09-23T11:25:46.7757490Z ----------------------------------------------------------------------
unit-tests	Run python scripts/run-unit-tests	2026-09-23T11:25:46.7757826Z Traceback (most recent call last):
unit-tests	Run python scripts/run-unit-tests	2026-09-23T11:25:46.7758498Z   File "/home/runner/work/lean-assurance-lab/lean-assurance-lab/tests/test_kiota_recursor_type_design.py", line 20, in test_exact_package_passes
unit-tests	Run python scripts/run-unit-tests	2026-09-23T11:25:46.7759182Z     result = design.validate_package(design.ROOT)
unit-tests	Run python scripts/run-unit-tests	2026-09-23T11:25:46.7759839Z   File "/home/runner/work/lean-assurance-lab/lean-assurance-lab/lib/kiota_recursor_type_design.py", line 379, in validate_package
unit-tests	Run python scripts/run-unit-tests	2026-09-23T11:25:46.7760482Z     validate_source_value(load_json(root / SOURCE), root)
unit-tests	Run python scripts/run-unit-tests	2026-09-23T11:25:46.7761295Z   File "/home/runner/work/lean-assurance-lab/lean-assurance-lab/lib/kiota_recursor_type_design.py", line 173, in validate_source_value
unit-tests	Run python scripts/run-unit-tests	2026-09-23T11:25:46.7761983Z     paths = {role: _verify_binding(root, bindings[role], expected)
unit-tests	Run python scripts/run-unit-tests	2026-09-23T11:25:46.7762649Z   File "/home/runner/work/lean-assurance-lab/lean-assurance-lab/lib/kiota_recursor_type_design.py", line 173, in <dictcomp>
unit-tests	Run python scripts/run-unit-tests	2026-09-23T11:25:46.7763287Z     paths = {role: _verify_binding(root, bindings[role], expected)
unit-tests	Run python scripts/run-unit-tests	2026-09-23T11:25:46.7763950Z   File "/home/runner/work/lean-assurance-lab/lean-assurance-lab/lib/kiota_recursor_type_design.py", line 151, in _verify_binding
unit-tests	Run python scripts/run-unit-tests	2026-09-23T11:25:46.7764813Z     raise DesignError(f"bound file differs: {wanted['path']}")
unit-tests	Run python scripts/run-unit-tests	2026-09-23T11:25:46.7765624Z lib.kiota_recursor_type_design.DesignError: bound file differs: external/acceptance-impact-pilot-1-kiota/kiota-9fa2c297dd700fe8fd1712a86bdbb258e1c01c42/src/parser.rs
unit-tests	Run python scripts/run-unit-tests	2026-09-23T11:25:46.7766277Z 
unit-tests	Run python scripts/run-unit-tests	2026-09-23T11:25:46.7766397Z ======================================================================
unit-tests	Run python scripts/run-unit-tests	2026-09-23T11:25:46.7766912Z ERROR: test_exact_package_passes (test_recursor_type_trust_boundary.RecursorTypeTrustBoundaryTests)
unit-tests	Run python scripts/run-unit-tests	2026-09-23T11:25:46.7767455Z ----------------------------------------------------------------------
unit-tests	Run python scripts/run-unit-tests	2026-09-23T11:25:46.7767803Z Traceback (most recent call last):
unit-tests	Run python scripts/run-unit-tests	2026-09-23T11:25:46.7768461Z   File "/home/runner/work/lean-assurance-lab/lean-assurance-lab/tests/test_recursor_type_trust_boundary.py", line 19, in test_exact_package_passes
unit-tests	Run python scripts/run-unit-tests	2026-09-23T11:25:46.7769129Z     result = boundary.validate(boundary.ROOT)
unit-tests	Run python scripts/run-unit-tests	2026-09-23T11:25:46.7769731Z   File "/home/runner/work/lean-assurance-lab/lean-assurance-lab/lib/recursor_type_trust_boundary.py", line 530, in validate
unit-tests	Run python scripts/run-unit-tests	2026-09-23T11:25:46.7770311Z     validate_policy_value(policy, root)
unit-tests	Run python scripts/run-unit-tests	2026-09-23T11:25:46.7771277Z   File "/home/runner/work/lean-assurance-lab/lean-assurance-lab/lib/recursor_type_trust_boundary.py", line 222, in validate_policy_value
unit-tests	Run python scripts/run-unit-tests	2026-09-23T11:25:46.7772004Z     paths[role] = verify_binding(root, bindings[role], expected)
unit-tests	Run python scripts/run-unit-tests	2026-09-23T11:25:46.7772688Z   File "/home/runner/work/lean-assurance-lab/lean-assurance-lab/lib/recursor_type_trust_boundary.py", line 188, in verify_binding
unit-tests	Run python scripts/run-unit-tests	2026-09-23T11:25:46.7773369Z     raise BoundaryError(f"bound file differs: {wanted['path']}")
unit-tests	Run python scripts/run-unit-tests	2026-09-23T11:25:46.7774200Z lib.recursor_type_trust_boundary.BoundaryError: bound file differs: external/acceptance-impact-pilot-1-kiota/kiota-9fa2c297dd700fe8fd1712a86bdbb258e1c01c42/src/parser.rs
unit-tests	Run python scripts/run-unit-tests	2026-09-23T11:25:46.7774860Z 
unit-tests	Run python scripts/run-unit-tests	2026-09-23T11:25:46.7774981Z ======================================================================
unit-tests	Run python scripts/run-unit-tests	2026-09-23T11:25:46.7775574Z FAIL: test_fixture_hash_profile_or_outcome_tampering_fails (test_kiota_recursor_type_design.KiotaRecursorTypeDesignTests)
unit-tests	Run python scripts/run-unit-tests	2026-09-23T11:25:46.7776192Z ----------------------------------------------------------------------
unit-tests	Run python scripts/run-unit-tests	2026-09-23T11:25:46.7777225Z lib.kiota_recursor_type_design.DesignError: bound file differs: external/acceptance-impact-pilot-1-kiota/kiota-9fa2c297dd700fe8fd1712a86bdbb258e1c01c42/tests/fixtures/067_eqRec.accept.ndjson
unit-tests	Run python scripts/run-unit-tests	2026-09-23T11:25:46.7777965Z 
unit-tests	Run python scripts/run-unit-tests	2026-09-23T11:25:46.7778151Z During handling of the above exception, another exception occurred:
unit-tests	Run python scripts/run-unit-tests	2026-09-23T11:25:46.7778436Z 
unit-tests	Run python scripts/run-unit-tests	2026-09-23T11:25:46.7778544Z Traceback (most recent call last):
unit-tests	Run python scripts/run-unit-tests	2026-09-23T11:25:46.7779293Z   File "/home/runner/work/lean-assurance-lab/lean-assurance-lab/tests/test_kiota_recursor_type_design.py", line 60, in test_fixture_hash_profile_or_outcome_tampering_fails
unit-tests	Run python scripts/run-unit-tests	2026-09-23T11:25:46.7780159Z     with self.assertRaisesRegex(design.DesignError, "fixture expectation or profile"):
unit-tests	Run python scripts/run-unit-tests	2026-09-23T11:25:46.7781472Z AssertionError: "fixture expectation or profile" does not match "bound file differs: external/acceptance-impact-pilot-1-kiota/kiota-9fa2c297dd700fe8fd1712a86bdbb258e1c01c42/tests/fixtures/067_eqRec.accept.ndjson"
unit-tests	Run python scripts/run-unit-tests	2026-09-23T11:25:46.7782301Z 
unit-tests	Run python scripts/run-unit-tests	2026-09-23T11:25:46.7782430Z ======================================================================
unit-tests	Run python scripts/run-unit-tests	2026-09-23T11:25:46.7782978Z FAIL: test_source_hash_or_locator_tampering_fails (test_kiota_recursor_type_design.KiotaRecursorTypeDesignTests)
unit-tests	Run python scripts/run-unit-tests	2026-09-23T11:25:46.7783555Z ----------------------------------------------------------------------
unit-tests	Run python scripts/run-unit-tests	2026-09-23T11:25:46.7784348Z lib.kiota_recursor_type_design.DesignError: bound file differs: external/acceptance-impact-pilot-1-kiota/kiota-9fa2c297dd700fe8fd1712a86bdbb258e1c01c42/src/parser.rs
unit-tests	Run python scripts/run-unit-tests	2026-09-23T11:25:46.7784985Z 
unit-tests	Run python scripts/run-unit-tests	2026-09-23T11:25:46.7785171Z During handling of the above exception, another exception occurred:
unit-tests	Run python scripts/run-unit-tests	2026-09-23T11:25:46.7785447Z 
unit-tests	Run python scripts/run-unit-tests	2026-09-23T11:25:46.7785546Z Traceback (most recent call last):
unit-tests	Run python scripts/run-unit-tests	2026-09-23T11:25:46.7786260Z   File "/home/runner/work/lean-assurance-lab/lean-assurance-lab/tests/test_kiota_recursor_type_design.py", line 31, in test_source_hash_or_locator_tampering_fails
unit-tests	Run python scripts/run-unit-tests	2026-09-23T11:25:46.7787211Z     with self.assertRaisesRegex(design.DesignError, "source finding differs"):
unit-tests	Run python scripts/run-unit-tests	2026-09-23T11:25:46.7788122Z AssertionError: "source finding differs" does not match "bound file differs: external/acceptance-impact-pilot-1-kiota/kiota-9fa2c297dd700fe8fd1712a86bdbb258e1c01c42/src/parser.rs"
unit-tests	Run python scripts/run-unit-tests	2026-09-23T11:25:46.7788811Z 
unit-tests	Run python scripts/run-unit-tests	2026-09-23T11:25:46.7788929Z ======================================================================
unit-tests	Run python scripts/run-unit-tests	2026-09-23T11:25:46.7789488Z FAIL: test_launch_edit_and_external_action_fail (test_recursor_type_trust_boundary.RecursorTypeTrustBoundaryTests)
unit-tests	Run python scripts/run-unit-tests	2026-09-23T11:25:46.7790068Z ----------------------------------------------------------------------
unit-tests	Run python scripts/run-unit-tests	2026-09-23T11:25:46.7791022Z lib.recursor_type_trust_boundary.BoundaryError: bound file differs: external/acceptance-impact-pilot-1-kiota/kiota-9fa2c297dd700fe8fd1712a86bdbb258e1c01c42/tests/exports.rs
unit-tests	Run python scripts/run-unit-tests	2026-09-23T11:25:46.7791703Z 
unit-tests	Run python scripts/run-unit-tests	2026-09-23T11:25:46.7791888Z During handling of the above exception, another exception occurred:
unit-tests	Run python scripts/run-unit-tests	2026-09-23T11:25:46.7792170Z 
unit-tests	Run python scripts/run-unit-tests	2026-09-23T11:25:46.7792268Z Traceback (most recent call last):
unit-tests	Run python scripts/run-unit-tests	2026-09-23T11:25:46.7792981Z   File "/home/runner/work/lean-assurance-lab/lean-assurance-lab/tests/test_recursor_type_trust_boundary.py", line 70, in test_launch_edit_and_external_action_fail
unit-tests	Run python scripts/run-unit-tests	2026-09-23T11:25:46.7793820Z     with self.assertRaisesRegex(boundary.BoundaryError, "unauthorized launch or edit"):
unit-tests	Run python scripts/run-unit-tests	2026-09-23T11:25:46.7794774Z AssertionError: "unauthorized launch or edit" does not match "bound file differs: external/acceptance-impact-pilot-1-kiota/kiota-9fa2c297dd700fe8fd1712a86bdbb258e1c01c42/tests/exports.rs"
unit-tests	Run python scripts/run-unit-tests	2026-09-23T11:25:46.7795485Z 
unit-tests	Run python scripts/run-unit-tests	2026-09-23T11:25:46.7795600Z ======================================================================
unit-tests	Run python scripts/run-unit-tests	2026-09-23T11:25:46.7796139Z FAIL: test_missing_unblock_condition_fails (test_recursor_type_trust_boundary.RecursorTypeTrustBoundaryTests)
unit-tests	Run python scripts/run-unit-tests	2026-09-23T11:25:46.7796709Z ----------------------------------------------------------------------
unit-tests	Run python scripts/run-unit-tests	2026-09-23T11:25:46.7797505Z lib.recursor_type_trust_boundary.BoundaryError: bound file differs: external/acceptance-impact-pilot-1-kiota/kiota-9fa2c297dd700fe8fd1712a86bdbb258e1c01c42/src/parser.rs
unit-tests	Run python scripts/run-unit-tests	2026-09-23T11:25:46.7798288Z 
unit-tests	Run python scripts/run-unit-tests	2026-09-23T11:25:46.7798468Z During handling of the above exception, another exception occurred:
unit-tests	Run python scripts/run-unit-tests	2026-09-23T11:25:46.7798744Z 
unit-tests	Run python scripts/run-unit-tests	2026-09-23T11:25:46.7798841Z Traceback (most recent call last):
unit-tests	Run python scripts/run-unit-tests	2026-09-23T11:25:46.7799530Z   File "/home/runner/work/lean-assurance-lab/lean-assurance-lab/tests/test_recursor_type_trust_boundary.py", line 44, in test_missing_unblock_condition_fails
unit-tests	Run python scripts/run-unit-tests	2026-09-23T11:25:46.7800329Z     with self.assertRaisesRegex(boundary.BoundaryError, "unblock condition"):
unit-tests	Run python scripts/run-unit-tests	2026-09-23T11:25:46.7801317Z AssertionError: "unblock condition" does not match "bound file differs: external/acceptance-impact-pilot-1-kiota/kiota-9fa2c297dd700fe8fd1712a86bdbb258e1c01c42/src/parser.rs"
unit-tests	Run python scripts/run-unit-tests	2026-09-23T11:25:46.7801991Z 
unit-tests	Run python scripts/run-unit-tests	2026-09-23T11:25:46.7802106Z ======================================================================
unit-tests	Run python scripts/run-unit-tests	2026-09-23T11:25:46.7802683Z FAIL: test_production_ready_without_design_fails (test_recursor_type_trust_boundary.RecursorTypeTrustBoundaryTests)
unit-tests	Run python scripts/run-unit-tests	2026-09-23T11:25:46.7803289Z ----------------------------------------------------------------------
unit-tests	Run python scripts/run-unit-tests	2026-09-23T11:25:46.7804098Z lib.recursor_type_trust_boundary.BoundaryError: bound file differs: external/acceptance-impact-pilot-1-kiota/kiota-9fa2c297dd700fe8fd1712a86bdbb258e1c01c42/tests/exports.rs
unit-tests	Run python scripts/run-unit-tests	2026-09-23T11:25:46.7804770Z 
unit-tests	Run python scripts/run-unit-tests	2026-09-23T11:25:46.7804947Z During handling of the above exception, another exception occurred:
unit-tests	Run python scripts/run-unit-tests	2026-09-23T11:25:46.7805221Z 
unit-tests	Run python scripts/run-unit-tests	2026-09-23T11:25:46.7805325Z Traceback (most recent call last):
unit-tests	Run python scripts/run-unit-tests	2026-09-23T11:25:46.7806037Z   File "/home/runner/work/lean-assurance-lab/lean-assurance-lab/tests/test_recursor_type_trust_boundary.py", line 76, in test_production_ready_without_design_fails
unit-tests	Run python scripts/run-unit-tests	2026-09-23T11:25:46.7806977Z     with self.assertRaisesRegex(boundary.BoundaryError, "readiness boundary"):
unit-tests	Run python scripts/run-unit-tests	2026-09-23T11:25:46.7807888Z AssertionError: "readiness boundary" does not match "bound file differs: external/acceptance-impact-pilot-1-kiota/kiota-9fa2c297dd700fe8fd1712a86bdbb258e1c01c42/tests/exports.rs"
unit-tests	Run python scripts/run-unit-tests	2026-09-23T11:25:46.7808571Z 
unit-tests	Run python scripts/run-unit-tests	2026-09-23T11:25:46.7808688Z ======================================================================
unit-tests	Run python scripts/run-unit-tests	2026-09-23T11:25:46.7809233Z FAIL: test_raw_diagnostic_hash_tampering_fails (test_recursor_type_trust_boundary.RecursorTypeTrustBoundaryTests)
unit-tests	Run python scripts/run-unit-tests	2026-09-23T11:25:46.7809812Z ----------------------------------------------------------------------
unit-tests	Run python scripts/run-unit-tests	2026-09-23T11:25:46.7810736Z lib.recursor_type_trust_boundary.BoundaryError: bound file differs: external/acceptance-impact-pilot-1-kiota/kiota-9fa2c297dd700fe8fd1712a86bdbb258e1c01c42/src/parser.rs
unit-tests	Run python scripts/run-unit-tests	2026-09-23T11:25:46.7811618Z 
unit-tests	Run python scripts/run-unit-tests	2026-09-23T11:25:46.7811812Z During handling of the above exception, another exception occurred:
unit-tests	Run python scripts/run-unit-tests	2026-09-23T11:25:46.7812103Z 
unit-tests	Run python scripts/run-unit-tests	2026-09-23T11:25:46.7812208Z Traceback (most recent call last):
unit-tests	Run python scripts/run-unit-tests	2026-09-23T11:25:46.7812932Z   File "/home/runner/work/lean-assurance-lab/lean-assurance-lab/tests/test_recursor_type_trust_boundary.py", line 50, in test_raw_diagnostic_hash_tampering_fails
unit-tests	Run python scripts/run-unit-tests	2026-09-23T11:25:46.7813776Z     with self.assertRaisesRegex(boundary.BoundaryError, "ordering evidence differs"):
unit-tests	Run python scripts/run-unit-tests	2026-09-23T11:25:46.7814718Z AssertionError: "ordering evidence differs" does not match "bound file differs: external/acceptance-impact-pilot-1-kiota/kiota-9fa2c297dd700fe8fd1712a86bdbb258e1c01c42/src/parser.rs"
unit-tests	Run python scripts/run-unit-tests	2026-09-23T11:25:46.7815425Z 
unit-tests	Run python scripts/run-unit-tests	2026-09-23T11:25:46.7815539Z ======================================================================
unit-tests	Run python scripts/run-unit-tests	2026-09-23T11:25:46.7816101Z FAIL: test_source_hash_and_locator_tampering_fail (test_recursor_type_trust_boundary.RecursorTypeTrustBoundaryTests)
unit-tests	Run python scripts/run-unit-tests	2026-09-23T11:25:46.7816694Z ----------------------------------------------------------------------
unit-tests	Run python scripts/run-unit-tests	2026-09-23T11:25:46.7817486Z lib.recursor_type_trust_boundary.BoundaryError: bound file differs: external/acceptance-impact-pilot-1-kiota/kiota-9fa2c297dd700fe8fd1712a86bdbb258e1c01c42/src/parser.rs
unit-tests	Run python scripts/run-unit-tests	2026-09-23T11:25:46.7818142Z 
unit-tests	Run python scripts/run-unit-tests	2026-09-23T11:25:46.7818323Z During handling of the above exception, another exception occurred:
unit-tests	Run python scripts/run-unit-tests	2026-09-23T11:25:46.7818746Z 
unit-tests	Run python scripts/run-unit-tests	2026-09-23T11:25:46.7818845Z Traceback (most recent call last):
unit-tests	Run python scripts/run-unit-tests	2026-09-23T11:25:46.7819563Z   File "/home/runner/work/lean-assurance-lab/lean-assurance-lab/tests/test_recursor_type_trust_boundary.py", line 31, in test_source_hash_and_locator_tampering_fail
unit-tests	Run python scripts/run-unit-tests	2026-09-23T11:25:46.7820392Z     with self.assertRaisesRegex(boundary.BoundaryError, "source finding differs"):
unit-tests	Run python scripts/run-unit-tests	2026-09-23T11:25:46.7821595Z AssertionError: "source finding differs" does not match "bound file differs: external/acceptance-impact-pilot-1-kiota/kiota-9fa2c297dd700fe8fd1712a86bdbb258e1c01c42/src/parser.rs"
unit-tests	Run python scripts/run-unit-tests	2026-09-23T11:25:46.7822295Z 
unit-tests	Run python scripts/run-unit-tests	2026-09-23T11:25:46.7822437Z ----------------------------------------------------------------------
unit-tests	Run python scripts/run-unit-tests	2026-09-23T11:25:46.7822772Z Ran 1370 tests in 111.996s
unit-tests	Run python scripts/run-unit-tests	2026-09-23T11:25:46.7822918Z 
unit-tests	Run python scripts/run-unit-tests	2026-09-23T11:25:46.7823030Z FAILED (failures=7, errors=5, skipped=2)
unit-tests	Run python scripts/run-unit-tests	2026-09-23T11:25:46.7823497Z {"cleanup_completed": false, "deadline_exceeded": false, "returncode": 1, "status": "INTERRUPTED"}
unit-tests	Run python scripts/run-unit-tests	2026-09-23T11:25:46.7824136Z {"cleanup_completed": true, "deadline_exceeded": false, "returncode": 101, "status": "FAILED"}
unit-tests	Run python scripts/run-unit-tests	2026-09-23T11:25:46.7824754Z {"cleanup_completed": false, "deadline_exceeded": false, "returncode": 1, "status": "INTERRUPTED"}
unit-tests	Run python scripts/run-unit-tests	2026-09-23T11:25:46.7825377Z {"cleanup_completed": true, "deadline_exceeded": true, "returncode": -9, "status": "TIMED_OUT"}
unit-tests	Run python scripts/run-unit-tests	2026-09-23T11:25:46.7825987Z {"cleanup_completed": true, "deadline_exceeded": false, "returncode": 101, "status": "FAILED"}
unit-tests	Run python scripts/run-unit-tests	2026-09-23T11:25:46.7826598Z {"cleanup_completed": false, "deadline_exceeded": false, "returncode": 1, "status": "INTERRUPTED"}
unit-tests	Run python scripts/run-unit-tests	2026-09-23T11:25:46.7827215Z {"cleanup_completed": true, "deadline_exceeded": true, "returncode": -9, "status": "TIMED_OUT"}
unit-tests	Run python scripts/run-unit-tests	2026-09-23T11:25:46.7827947Z {"cleanup_completed": true, "deadline_exceeded": false, "returncode": 101, "status": "FAILED"}
unit-tests	Run python scripts/run-unit-tests	2026-09-23T11:25:46.7828560Z Running frozen publication-study tests against their attested content and local payloads.
unit-tests	Run python scripts/run-unit-tests	2026-09-23T11:25:52.0612366Z test_actual_frozen_discovery_and_review_packet_validate (test_declaration_validation_publication_study.DeclarationValidationPublicationStudyTests) ... ok
unit-tests	Run python scripts/run-unit-tests	2026-09-23T11:25:52.3911324Z test_actual_gate_5_sentinel_validates (test_declaration_validation_publication_study.DeclarationValidationPublicationStudyTests) ... ok
unit-tests	Run python scripts/run-unit-tests	2026-09-23T11:25:53.0365968Z test_actual_gate_6_complete_adjudication_validates (test_declaration_validation_publication_study.DeclarationValidationPublicationStudyTests) ... ok
unit-tests	Run python scripts/run-unit-tests	2026-09-23T11:25:53.8044589Z test_actual_gate_7_denominator_validates (test_declaration_validation_publication_study.DeclarationValidationPublicationStudyTests) ... ok
unit-tests	Run python scripts/run-unit-tests	2026-09-23T11:25:54.6132200Z test_actual_gate_8_baseline_and_comparators_validate (test_declaration_validation_publication_study.DeclarationValidationPublicationStudyTests) ... ok
unit-tests	Run python scripts/run-unit-tests	2026-09-23T11:25:54.6133754Z runTest (<run_path>._SkippedGate8PayloadTest) ... skipped 'full-payload integration unavailable: frozen Gate-8 observer, coverage, or corpus input is missing'
unit-tests	Run python scripts/run-unit-tests	2026-09-23T11:25:54.6669917Z test_actual_human_authority_source_approval_validates (test_declaration_validation_publication_study.DeclarationValidationPublicationStudyTests) ... ok
unit-tests	Run python scripts/run-unit-tests	2026-09-23T11:25:57.0001357Z test_actual_preregistration_validates (test_declaration_validation_publication_study.DeclarationValidationPublicationStudyTests) ... ok
unit-tests	Run python scripts/run-unit-tests	2026-09-23T11:25:57.0350496Z test_approval_cannot_change_discovered_source_bytes (test_declaration_validation_publication_study.DeclarationValidationPublicationStudyTests) ... ok
unit-tests	Run python scripts/run-unit-tests	2026-09-23T11:25:57.0695597Z test_approval_cannot_widen_theorem_prop_source_scope (test_declaration_validation_publication_study.DeclarationValidationPublicationStudyTests) ... ok
unit-tests	Run python scripts/run-unit-tests	2026-09-23T11:25:57.0697090Z test_bounded_pilot_and_comparator_budgets_are_fixed (test_declaration_validation_publication_study.DeclarationValidationPublicationStudyTests) ... ok
unit-tests	Run python scripts/run-unit-tests	2026-09-23T11:25:57.1425588Z test_candidate_substitution_is_rejected (test_declaration_validation_publication_study.DeclarationValidationPublicationStudyTests) ... ok
unit-tests	Run python scripts/run-unit-tests	2026-09-23T11:25:57.1582112Z test_cohort_is_mechanically_derived_from_immutable_m10 (test_declaration_validation_publication_study.DeclarationValidationPublicationStudyTests) ... ok
unit-tests	Run python scripts/run-unit-tests	2026-09-23T11:25:57.1584146Z test_discovery_does_not_approve_sources (test_declaration_validation_publication_study.DeclarationValidationPublicationStudyTests) ... ok
unit-tests	Run python scripts/run-unit-tests	2026-09-23T11:25:57.1838482Z test_discovery_evidence_tamper_is_rejected (test_declaration_validation_publication_study.DeclarationValidationPublicationStudyTests) ... ok
unit-tests	Run python scripts/run-unit-tests	2026-09-23T11:25:57.2087205Z test_discovery_query_removal_is_rejected (test_declaration_validation_publication_study.DeclarationValidationPublicationStudyTests) ... ok
unit-tests	Run python scripts/run-unit-tests	2026-09-23T11:25:57.2089388Z test_every_candidate_has_all_four_query_scopes (test_declaration_validation_publication_study.DeclarationValidationPublicationStudyTests) ... ok
unit-tests	Run python scripts/run-unit-tests	2026-09-23T11:25:57.2113460Z test_gate_5_binds_the_m10_theorem_control_erratum (test_declaration_validation_publication_study.DeclarationValidationPublicationStudyTests) ... ok
unit-tests	Run python scripts/run-unit-tests	2026-09-23T11:25:57.2136006Z test_gate_5_cannot_broaden_the_approved_candidate_scope (test_declaration_validation_publication_study.DeclarationValidationPublicationStudyTests) ... ok
unit-tests	Run python scripts/run-unit-tests	2026-09-23T11:25:57.2138046Z test_gate_5_scope_closure_stops_before_remaining_work (test_declaration_validation_publication_study.DeclarationValidationPublicationStudyTests) ... ok
unit-tests	Run python scripts/run-unit-tests	2026-09-23T11:25:57.2229261Z test_gate_5_scope_guard_rejects_cross_claim_source_reuse (test_declaration_validation_publication_study.DeclarationValidationPublicationStudyTests) ... ok
unit-tests	Run python scripts/run-unit-tests	2026-09-23T11:25:57.8679856Z test_gate_6_cannot_promote_an_unsupported_candidate (test_declaration_validation_publication_study.DeclarationValidationPublicationStudyTests) ... ok
unit-tests	Run python scripts/run-unit-tests	2026-09-23T11:25:58.5133036Z test_gate_6_rejects_candidate_reordering (test_declaration_validation_publication_study.DeclarationValidationPublicationStudyTests) ... ok
unit-tests	Run python scripts/run-unit-tests	2026-09-23T11:25:59.1800542Z test_gate_6_reproduces_every_gate_4_claim_disposition (test_declaration_validation_publication_study.DeclarationValidationPublicationStudyTests) ... ok
unit-tests	Run python scripts/run-unit-tests	2026-09-23T11:25:59.1802882Z test_gate_6_scope_closure_stops_before_denominator (test_declaration_validation_publication_study.DeclarationValidationPublicationStudyTests) ... ok
unit-tests	Run python scripts/run-unit-tests	2026-09-23T11:25:59.9374622Z test_gate_7_historical_manuscript_survives_gate_8_living_update (test_declaration_validation_publication_study.DeclarationValidationPublicationStudyTests) ... ok
unit-tests	Run python scripts/run-unit-tests	2026-09-23T11:26:00.0288001Z test_gate_7_is_the_exact_mechanical_derivation (test_declaration_validation_publication_study.DeclarationValidationPublicationStudyTests) ... ok
unit-tests	Run python scripts/run-unit-tests	2026-09-23T11:26:00.0289201Z test_gate_7_preserves_population_separation (test_declaration_validation_publication_study.DeclarationValidationPublicationStudyTests) ... ok
unit-tests	Run python scripts/run-unit-tests	2026-09-23T11:26:00.7923053Z test_gate_7_rejects_hand_selected_claim_tier (test_declaration_validation_publication_study.DeclarationValidationPublicationStudyTests) ... ok
unit-tests	Run python scripts/run-unit-tests	2026-09-23T11:26:01.5462744Z test_gate_7_rejects_hand_selected_denominator (test_declaration_validation_publication_study.DeclarationValidationPublicationStudyTests) ... ok
unit-tests	Run python scripts/run-unit-tests	2026-09-23T11:26:01.5465456Z test_gate_7_stops_before_gate_8 (test_declaration_validation_publication_study.DeclarationValidationPublicationStudyTests) ... ok
unit-tests	Run python scripts/run-unit-tests	2026-09-23T11:26:01.5767571Z test_gate_8_rejects_forged_source_reach (test_declaration_validation_publication_study.DeclarationValidationPublicationStudyTests) ... ok
unit-tests	Run python scripts/run-unit-tests	2026-09-23T11:26:01.5808301Z test_gate_8_rejects_isolated_status_without_erratum_control (test_declaration_validation_publication_study.DeclarationValidationPublicationStudyTests) ... ok
unit-tests	Run python scripts/run-unit-tests	2026-09-23T11:26:01.5847703Z test_gate_8_rejects_mutant_kill_without_frozen_difference (test_declaration_validation_publication_study.DeclarationValidationPublicationStudyTests) ... ok
unit-tests	Run python scripts/run-unit-tests	2026-09-23T11:26:01.5849618Z test_gate_8_stops_before_directed_synthesis (test_declaration_validation_publication_study.DeclarationValidationPublicationStudyTests) ... ok
unit-tests	Run python scripts/run-unit-tests	2026-09-23T11:26:01.5851787Z test_historical_bindings_use_exact_attestation_identities (test_declaration_validation_publication_study.DeclarationValidationPublicationStudyTests) ... ok
unit-tests	Run python scripts/run-unit-tests	2026-09-23T11:26:01.5908360Z test_manuscript_is_a_pre_gate_7_presentation_skeleton (test_declaration_validation_publication_study.DeclarationValidationPublicationStudyTests) ... ok
unit-tests	Run python scripts/run-unit-tests	2026-09-23T11:26:01.6652138Z test_required_query_removal_is_rejected (test_declaration_validation_publication_study.DeclarationValidationPublicationStudyTests) ... ok
unit-tests	Run python scripts/run-unit-tests	2026-09-23T11:26:01.8711068Z test_schema_is_valid_draft_2020_12 (test_declaration_validation_publication_study.DeclarationValidationPublicationStudyTests) ... ok
unit-tests	Run python scripts/run-unit-tests	2026-09-23T11:26:01.8713069Z test_source_approval_is_reserved_to_separate_human_review (test_declaration_validation_publication_study.DeclarationValidationPublicationStudyTests) ... ok
unit-tests	Run python scripts/run-unit-tests	2026-09-23T11:26:01.8786872Z test_content_inventory_excludes_its_own_and_attestation_bytes (test_declaration_validation_publication_study_closure.PublicationStudyClosureTests) ... ok
unit-tests	Run python scripts/run-unit-tests	2026-09-23T11:26:04.4887800Z test_decision_and_report_cannot_be_relabelled_after_results (test_declaration_validation_publication_study_closure.PublicationStudyClosureTests) ... ok
unit-tests	Run python scripts/run-unit-tests	2026-09-23T11:26:04.5632614Z test_literal_rules_preserve_null_specification_and_inconclusive_results (test_declaration_validation_publication_study_closure.PublicationStudyClosureTests) ... ok
unit-tests	Run python scripts/run-unit-tests	2026-09-23T11:26:09.1666445Z test_phase_appropriate_study_validates (test_declaration_validation_publication_study_closure.PublicationStudyClosureTests) ... ok
unit-tests	Run python scripts/run-unit-tests	2026-09-23T11:26:15.2957899Z test_real_study_transition_uses_old_validator_and_facts (test_declaration_validation_publication_study_closure.PublicationStudyClosureTests) ... ok
unit-tests	Run python scripts/run-unit-tests	2026-09-23T11:26:15.3723153Z test_registered_strong_positive_has_priority_over_specification_gap (test_declaration_validation_publication_study_closure.PublicationStudyClosureTests) ... ok
unit-tests	Run python scripts/run-unit-tests	2026-09-23T11:26:15.3724894Z test_infer_checks_nested_binder_scope_and_types_on_synthetic_ast (test_declaration_validation_publication_study_gate_10.Gate10ConstructionMathTests) ... ok
unit-tests	Run python scripts/run-unit-tests	2026-09-23T11:26:15.3726682Z test_infer_rejects_loose_variable_and_non_sort_binder_domain (test_declaration_validation_publication_study_gate_10.Gate10ConstructionMathTests) ... ok
unit-tests	Run python scripts/run-unit-tests	2026-09-23T11:26:15.3728403Z test_shift_preserves_bound_variables_and_shifts_outer_variables (test_declaration_validation_publication_study_gate_10.Gate10ConstructionMathTests) ... ok
unit-tests	Run python scripts/run-unit-tests	2026-09-23T11:26:15.3730192Z test_exact_named_nanoda_diagnostic_is_attributed_rejection (test_declaration_validation_publication_study_gate_10.Gate10NormalizationTests) ... ok
unit-tests	Run python scripts/run-unit-tests	2026-09-23T11:26:15.3731495Z test_timeout_crash_and_unknown_are_preserved_as_exceptional_outcomes (test_declaration_validation_publication_study_gate_10.Gate10NormalizationTests) ... ok
unit-tests	Run python scripts/run-unit-tests	2026-09-23T11:26:15.3732550Z test_zero_declaration_success_is_not_attributed_acceptance (test_declaration_validation_publication_study_gate_10.Gate10NormalizationTests) ... ok
unit-tests	Run python scripts/run-unit-tests	2026-09-23T11:26:15.3788494Z test_mutable_gate9_protocol_bytes_are_rejected (test_declaration_validation_publication_study_gate_10.Gate10ProtocolInputTests) ... ok
unit-tests	Run python scripts/run-unit-tests	2026-09-23T11:26:15.4619613Z test_protocol_inputs_validates_against_historical_gate9_bytes (test_declaration_validation_publication_study_gate_10.Gate10ProtocolInputTests) ... ok
unit-tests	Run python scripts/run-unit-tests	2026-09-23T11:26:15.6623089Z test_actual_result_validates (test_declaration_validation_publication_study_gate_10.Gate10ResultValidationTests) ... ok
unit-tests	Run python scripts/run-unit-tests	2026-09-23T11:26:15.7574144Z test_control_expression_tampering_is_rejected (test_declaration_validation_publication_study_gate_10.Gate10ResultValidationTests) ... ok
unit-tests	Run python scripts/run-unit-tests	2026-09-23T11:26:15.8416367Z test_control_typing_and_exact_constructor_are_both_enforced (test_declaration_validation_publication_study_gate_10.Gate10ResultValidationTests) ... ok
unit-tests	Run python scripts/run-unit-tests	2026-09-23T11:26:16.5882729Z test_count_status_isolation_and_attributed_outcome_tampering_rejected (test_declaration_validation_publication_study_gate_10.Gate10ResultValidationTests) ... ok
unit-tests	Run python scripts/run-unit-tests	2026-09-23T11:26:16.7699081Z test_raw_process_blob_tampering_is_rejected (test_declaration_validation_publication_study_gate_10.Gate10ResultValidationTests) ... ok
unit-tests	Run python scripts/run-unit-tests	2026-09-23T11:26:16.9553565Z test_unrelated_successor_current_state_does_not_rebind_gate8_or_gate9 (test_declaration_validation_publication_study_gate_10.Gate10ResultValidationTests) ... ok
unit-tests	Run python scripts/run-unit-tests	2026-09-23T11:26:16.9683700Z test_failed_construction_consumes_pair_and_cannot_retry (test_declaration_validation_publication_study_gate_10.Gate10SyntheticLifecycleTests) ... ok
unit-tests	Run python scripts/run-unit-tests	2026-09-23T11:26:16.9927956Z test_two_phase_freeze_and_eight_launch_integration (test_declaration_validation_publication_study_gate_10.Gate10SyntheticLifecycleTests) ... ok
unit-tests	Run python scripts/run-unit-tests	2026-09-23T11:26:17.0624628Z test_actual_plan_validates_against_immutable_inputs (test_declaration_validation_publication_study_gate_9.Gate9PublicationStudyTests) ... ok
unit-tests	Run python scripts/run-unit-tests	2026-09-23T11:26:17.0909882Z test_full_chain_refuses_mutable_validator_before_import (test_declaration_validation_publication_study_gate_9.Gate9PublicationStudyTests) ... ok
unit-tests	Run python scripts/run-unit-tests	2026-09-23T11:26:17.2953373Z test_rejects_budget_expansion (test_declaration_validation_publication_study_gate_9.Gate9PublicationStudyTests) ... ok
unit-tests	Run python scripts/run-unit-tests	2026-09-23T11:26:17.3671054Z test_rejects_execution_expansion (test_declaration_validation_publication_study_gate_9.Gate9PublicationStudyTests) ... ok
unit-tests	Run python scripts/run-unit-tests	2026-09-23T11:26:17.4351335Z test_rejects_missing_competing_obligation (test_declaration_validation_publication_study_gate_9.Gate9PublicationStudyTests) ... ok
unit-tests	Run python scripts/run-unit-tests	2026-09-23T11:26:17.6398288Z test_rejects_target_substitution_or_semantic_change (test_declaration_validation_publication_study_gate_9.Gate9PublicationStudyTests) ... ok
unit-tests	Run python scripts/run-unit-tests	2026-09-23T11:26:17.7099581Z test_rejects_unregistered_seed_and_early_feedback (test_declaration_validation_publication_study_gate_9.Gate9PublicationStudyTests) ... ok
unit-tests	Run python scripts/run-unit-tests	2026-09-23T11:26:17.7937296Z test_rejects_weakened_control (test_declaration_validation_publication_study_gate_9.Gate9PublicationStudyTests) ... ok
unit-tests	Run python scripts/run-unit-tests	2026-09-23T11:26:17.8942486Z test_rejects_wrong_predecessor_bindings (test_declaration_validation_publication_study_gate_9.Gate9PublicationStudyTests) ... ok
unit-tests	Run python scripts/run-unit-tests	2026-09-23T11:26:17.9242412Z test_schema_is_valid (test_declaration_validation_publication_study_gate_9.Gate9PublicationStudyTests) ... ok
unit-tests	Run python scripts/run-unit-tests	2026-09-23T11:26:18.0045011Z test_successor_changes_do_not_rebind_historical_gate8 (test_declaration_validation_publication_study_gate_9.Gate9PublicationStudyTests) ... ok
unit-tests	Run python scripts/run-unit-tests	2026-09-23T11:26:18.0046088Z 
unit-tests	Run python scripts/run-unit-tests	2026-09-23T11:26:18.0046366Z ----------------------------------------------------------------------
unit-tests	Run python scripts/run-unit-tests	2026-09-23T11:26:18.0046970Z Ran 73 tests in 25.992s
unit-tests	Run python scripts/run-unit-tests	2026-09-23T11:26:18.0047221Z 
unit-tests	Run python scripts/run-unit-tests	2026-09-23T11:26:18.0047371Z OK (skipped=1)
unit-tests	Run python scripts/run-unit-tests	2026-09-23T11:26:20.6713290Z test_complete_closure_passes (test_nanoda_zero_thread_upstream_closure.NanodaZeroThreadUpstreamClosureTests) ... ok
unit-tests	Run python scripts/run-unit-tests	2026-09-23T11:26:20.6908209Z test_retained_source_routes_zero_serially (test_nanoda_zero_thread_upstream_closure.NanodaZeroThreadUpstreamClosureTests) ... ok
unit-tests	Run python scripts/run-unit-tests	2026-09-23T11:26:20.7148933Z test_current_checkpoint (test_survivor_cache_predicate_transfer.SurvivorCachePredicateTransferTest) ... ok
unit-tests	Run python scripts/run-unit-tests	2026-09-23T11:26:20.7569123Z test_historical_transition (test_survivor_cache_predicate_transfer.SurvivorCachePredicateTransferTest) ... ok
unit-tests	Run python scripts/run-unit-tests	2026-09-23T11:26:21.0889712Z test_frozen_regression_survives_readiness_closure (test_survivor_thread_config_regression_historical.SurvivorThreadConfigRegressionHistoricalTests) ... ok
unit-tests	Run python scripts/run-unit-tests	2026-09-23T11:26:21.1103335Z test_current_reachability_result_validates (test_survivor_universe_diff.RepositoryEvidenceTests) ... ok
unit-tests	Run python scripts/run-unit-tests	2026-09-23T11:26:21.1109223Z test_missing_root_fails_closed (test_survivor_universe_diff.RepositoryEvidenceTests) ... ok
unit-tests	Run python scripts/run-unit-tests	2026-09-23T11:26:21.1110966Z test_ordered_accepts_sequence (test_survivor_universe_diff.SourceOrderTests) ... ok
unit-tests	Run python scripts/run-unit-tests	2026-09-23T11:26:21.1113239Z test_ordered_rejects_missing_or_reordered_fragment (test_survivor_universe_diff.SourceOrderTests) ... ok
unit-tests	Run python scripts/run-unit-tests	2026-09-23T11:26:21.1114069Z 
unit-tests	Run python scripts/run-unit-tests	2026-09-23T11:26:21.1114337Z ----------------------------------------------------------------------
unit-tests	Run python scripts/run-unit-tests	2026-09-23T11:26:21.1115243Z Ran 9 tests in 0.610s
unit-tests	Run python scripts/run-unit-tests	2026-09-23T11:26:21.1115471Z 
unit-tests	Run python scripts/run-unit-tests	2026-09-23T11:26:21.1115604Z OK
unit-tests	Run python scripts/run-unit-tests	2026-09-23T11:26:21.3790036Z ##[error]Process completed with exit code 1.
