unit-tests	Set up job	﻿2026-09-23T11:51:54.4302221Z Current runner version: '2.337.0'
unit-tests	Set up job	2026-09-23T11:51:54.4329742Z ##[group]Runner Image Provisioner
unit-tests	Set up job	2026-09-23T11:51:54.4330732Z Hosted Compute Agent
unit-tests	Set up job	2026-09-23T11:51:54.4331347Z Version: 20260828.587
unit-tests	Set up job	2026-09-23T11:51:54.4331978Z Commit: abac92662cab4cc7352de4f9f9d2e2419aad9c29
unit-tests	Set up job	2026-09-23T11:51:54.4332773Z Build Date: 2026-08-28T16:44:25Z
unit-tests	Set up job	2026-09-23T11:51:54.4333452Z Worker ID: {c507e470-9f23-4c52-8dac-b6c80713acb8}
unit-tests	Set up job	2026-09-23T11:51:54.4334273Z Azure Region: northcentralus
unit-tests	Set up job	2026-09-23T11:51:54.4334901Z ##[endgroup]
unit-tests	Set up job	2026-09-23T11:51:54.4336815Z ##[group]Operating System
unit-tests	Set up job	2026-09-23T11:51:54.4337582Z Ubuntu
unit-tests	Set up job	2026-09-23T11:51:54.4338111Z 24.04.5
unit-tests	Set up job	2026-09-23T11:51:54.4338636Z LTS
unit-tests	Set up job	2026-09-23T11:51:54.4339203Z ##[endgroup]
unit-tests	Set up job	2026-09-23T11:51:54.4339757Z ##[group]Runner Image
unit-tests	Set up job	2026-09-23T11:51:54.4340384Z Image: ubuntu-24.04
unit-tests	Set up job	2026-09-23T11:51:54.4341029Z Version: 20260907.300.1
unit-tests	Set up job	2026-09-23T11:51:54.4342128Z Included Software: https://github.com/actions/runner-images/blob/ubuntu24/20260907.300/images/ubuntu/Ubuntu2404-Readme.md
unit-tests	Set up job	2026-09-23T11:51:54.4343979Z Image Release: https://github.com/actions/runner-images/releases/tag/ubuntu24%2F20260907.300
unit-tests	Set up job	2026-09-23T11:51:54.4345009Z ##[endgroup]
unit-tests	Set up job	2026-09-23T11:51:54.4346666Z ##[group]GITHUB_TOKEN Permissions
unit-tests	Set up job	2026-09-23T11:51:54.4349298Z Contents: read
unit-tests	Set up job	2026-09-23T11:51:54.4349941Z Metadata: read
unit-tests	Set up job	2026-09-23T11:51:54.4350476Z ##[endgroup]
unit-tests	Set up job	2026-09-23T11:51:54.4352652Z Secret source: Actions
unit-tests	Set up job	2026-09-23T11:51:54.4353651Z Cache mode: write
unit-tests	Set up job	2026-09-23T11:51:54.4354695Z Prepare workflow directory
unit-tests	Set up job	2026-09-23T11:51:54.4712368Z Prepare all required actions
unit-tests	Set up job	2026-09-23T11:51:54.4763033Z Getting action download info
unit-tests	Set up job	2026-09-23T11:51:54.7243248Z Download action repository 'actions/checkout@v4' (SHA:11d5960a326750d5838078e36cf38b85af677262)
unit-tests	Set up job	2026-09-23T11:51:54.8431855Z Download action repository 'actions/setup-python@v5' (SHA:a26af69be951a213d495a4c3e4e4022e16d87065)
unit-tests	Set up job	2026-09-23T11:51:55.0384105Z Complete job name: unit-tests
unit-tests	Run actions/checkout@v4	﻿2026-09-23T11:51:55.1178241Z Node 20 is being deprecated. This workflow is running with Node 24 by default. If you need to temporarily use Node 20, you can set the ACTIONS_ALLOW_USE_UNSECURE_NODE_VERSION=true environment variable. For more information see: https://github.blog/changelog/2025-09-19-deprecation-of-node-20-on-github-actions-runners/
unit-tests	Run actions/checkout@v4	2026-09-23T11:51:55.1187439Z ##[group]Run actions/checkout@v4
unit-tests	Run actions/checkout@v4	2026-09-23T11:51:55.1188231Z with:
unit-tests	Run actions/checkout@v4	2026-09-23T11:51:55.1188669Z   fetch-depth: 0
unit-tests	Run actions/checkout@v4	2026-09-23T11:51:55.1189169Z   repository: phiferd/lean-assurance-lab
unit-tests	Run actions/checkout@v4	2026-09-23T11:51:55.1193243Z   token: ***
unit-tests	Run actions/checkout@v4	2026-09-23T11:51:55.1193685Z   ssh-strict: true
unit-tests	Run actions/checkout@v4	2026-09-23T11:51:55.1194126Z   ssh-user: git
unit-tests	Run actions/checkout@v4	2026-09-23T11:51:55.1194562Z   persist-credentials: true
unit-tests	Run actions/checkout@v4	2026-09-23T11:51:55.1195060Z   clean: true
unit-tests	Run actions/checkout@v4	2026-09-23T11:51:55.1195708Z   sparse-checkout-cone-mode: true
unit-tests	Run actions/checkout@v4	2026-09-23T11:51:55.1196262Z   fetch-tags: false
unit-tests	Run actions/checkout@v4	2026-09-23T11:51:55.1196719Z   show-progress: true
unit-tests	Run actions/checkout@v4	2026-09-23T11:51:55.1197166Z   lfs: false
unit-tests	Run actions/checkout@v4	2026-09-23T11:51:55.1197917Z   submodules: false
unit-tests	Run actions/checkout@v4	2026-09-23T11:51:55.1198778Z   set-safe-directory: true
unit-tests	Run actions/checkout@v4	2026-09-23T11:51:55.1199625Z   allow-unsafe-pr-checkout: false
unit-tests	Run actions/checkout@v4	2026-09-23T11:51:55.1200859Z ##[endgroup]
unit-tests	Run actions/checkout@v4	2026-09-23T11:51:55.2291293Z Syncing repository: phiferd/lean-assurance-lab
unit-tests	Run actions/checkout@v4	2026-09-23T11:51:55.2294685Z ##[group]Getting Git version info
unit-tests	Run actions/checkout@v4	2026-09-23T11:51:55.2296438Z Working directory is '/home/runner/work/lean-assurance-lab/lean-assurance-lab'
unit-tests	Run actions/checkout@v4	2026-09-23T11:51:55.2298494Z [command]/usr/bin/git version
unit-tests	Run actions/checkout@v4	2026-09-23T11:51:55.2434927Z git version 2.55.0
unit-tests	Run actions/checkout@v4	2026-09-23T11:51:55.2461088Z ##[endgroup]
unit-tests	Run actions/checkout@v4	2026-09-23T11:51:55.2481782Z Temporarily overriding HOME='/home/runner/work/_temp/0cc76f53-3734-4bc6-85ca-db6319a50119' before making global git config changes
unit-tests	Run actions/checkout@v4	2026-09-23T11:51:55.2484283Z Adding repository directory to the temporary git global config as a safe directory
unit-tests	Run actions/checkout@v4	2026-09-23T11:51:55.2488428Z [command]/usr/bin/git config --global --add safe.directory /home/runner/work/lean-assurance-lab/lean-assurance-lab
unit-tests	Run actions/checkout@v4	2026-09-23T11:51:55.2547201Z Deleting the contents of '/home/runner/work/lean-assurance-lab/lean-assurance-lab'
unit-tests	Run actions/checkout@v4	2026-09-23T11:51:55.2556926Z ##[group]Initializing the repository
unit-tests	Run actions/checkout@v4	2026-09-23T11:51:55.2566667Z [command]/usr/bin/git init /home/runner/work/lean-assurance-lab/lean-assurance-lab
unit-tests	Run actions/checkout@v4	2026-09-23T11:51:55.2704334Z hint: Using 'master' as the name for the initial branch. This default branch name
unit-tests	Run actions/checkout@v4	2026-09-23T11:51:55.2706602Z hint: will change to "main" in Git 3.0. To configure the initial branch name
unit-tests	Run actions/checkout@v4	2026-09-23T11:51:55.2708542Z hint: to use in all of your new repositories, which will suppress this warning,
unit-tests	Run actions/checkout@v4	2026-09-23T11:51:55.2710013Z hint: call:
unit-tests	Run actions/checkout@v4	2026-09-23T11:51:55.2710829Z hint:
unit-tests	Run actions/checkout@v4	2026-09-23T11:51:55.2711812Z hint: 	git config --global init.defaultBranch <name>
unit-tests	Run actions/checkout@v4	2026-09-23T11:51:55.2713119Z hint:
unit-tests	Run actions/checkout@v4	2026-09-23T11:51:55.2714341Z hint: Names commonly chosen instead of 'master' are 'main', 'trunk' and
unit-tests	Run actions/checkout@v4	2026-09-23T11:51:55.2716274Z hint: 'development'. The just-created branch can be renamed via this command:
unit-tests	Run actions/checkout@v4	2026-09-23T11:51:55.2717710Z hint:
unit-tests	Run actions/checkout@v4	2026-09-23T11:51:55.2718638Z hint: 	git branch -m <name>
unit-tests	Run actions/checkout@v4	2026-09-23T11:51:55.2719695Z hint:
unit-tests	Run actions/checkout@v4	2026-09-23T11:51:55.2720983Z hint: Disable this message with "git config set advice.defaultBranchName false"
unit-tests	Run actions/checkout@v4	2026-09-23T11:51:55.2723147Z Initialized empty Git repository in /home/runner/work/lean-assurance-lab/lean-assurance-lab/.git/
unit-tests	Run actions/checkout@v4	2026-09-23T11:51:55.2726414Z [command]/usr/bin/git remote add origin https://github.com/phiferd/lean-assurance-lab
unit-tests	Run actions/checkout@v4	2026-09-23T11:51:55.2780099Z ##[endgroup]
unit-tests	Run actions/checkout@v4	2026-09-23T11:51:55.2781502Z ##[group]Disabling automatic garbage collection
unit-tests	Run actions/checkout@v4	2026-09-23T11:51:55.2788652Z [command]/usr/bin/git config --local gc.auto 0
unit-tests	Run actions/checkout@v4	2026-09-23T11:51:55.2826043Z ##[endgroup]
unit-tests	Run actions/checkout@v4	2026-09-23T11:51:55.2826858Z ##[group]Setting up auth
unit-tests	Run actions/checkout@v4	2026-09-23T11:51:55.2835629Z [command]/usr/bin/git config --local --name-only --get-regexp core\.sshCommand
unit-tests	Run actions/checkout@v4	2026-09-23T11:51:55.2876897Z [command]/usr/bin/git submodule foreach --recursive sh -c "git config --local --name-only --get-regexp 'core\.sshCommand' && git config --local --unset-all 'core.sshCommand' || :"
unit-tests	Run actions/checkout@v4	2026-09-23T11:51:55.3314023Z [command]/usr/bin/git config --local --name-only --get-regexp http\.https\:\/\/github\.com\/\.extraheader
unit-tests	Run actions/checkout@v4	2026-09-23T11:51:55.3351854Z [command]/usr/bin/git submodule foreach --recursive sh -c "git config --local --name-only --get-regexp 'http\.https\:\/\/github\.com\/\.extraheader' && git config --local --unset-all 'http.https://github.com/.extraheader' || :"
unit-tests	Run actions/checkout@v4	2026-09-23T11:51:55.3590647Z [command]/usr/bin/git config --local --name-only --get-regexp ^includeIf\.gitdir:
unit-tests	Run actions/checkout@v4	2026-09-23T11:51:55.3628865Z [command]/usr/bin/git submodule foreach --recursive git config --local --show-origin --name-only --get-regexp remote.origin.url
unit-tests	Run actions/checkout@v4	2026-09-23T11:51:55.3865661Z [command]/usr/bin/git config --local http.https://github.com/.extraheader AUTHORIZATION: basic ***
unit-tests	Run actions/checkout@v4	2026-09-23T11:51:55.3906605Z ##[endgroup]
unit-tests	Run actions/checkout@v4	2026-09-23T11:51:55.3907522Z ##[group]Fetching the repository
unit-tests	Run actions/checkout@v4	2026-09-23T11:51:55.3916648Z [command]/usr/bin/git -c protocol.version=2 fetch --prune --no-recurse-submodules origin +refs/heads/*:refs/remotes/origin/* +refs/tags/*:refs/tags/*
unit-tests	Run actions/checkout@v4	2026-09-23T11:51:57.1738167Z From https://github.com/phiferd/lean-assurance-lab
unit-tests	Run actions/checkout@v4	2026-09-23T11:51:57.1740029Z  * [new branch]      codex/complete-milestone-1 -> origin/codex/complete-milestone-1
unit-tests	Run actions/checkout@v4	2026-09-23T11:51:57.1742484Z  * [new branch]      codex/complete-milestone-2 -> origin/codex/complete-milestone-2
unit-tests	Run actions/checkout@v4	2026-09-23T11:51:57.1745074Z  * [new branch]      codex/complete-milestone-3 -> origin/codex/complete-milestone-3
unit-tests	Run actions/checkout@v4	2026-09-23T11:51:57.1747157Z  * [new branch]      codex/complete-milestone-4 -> origin/codex/complete-milestone-4
unit-tests	Run actions/checkout@v4	2026-09-23T11:51:57.1748987Z  * [new branch]      codex/complete-milestone-5 -> origin/codex/complete-milestone-5
unit-tests	Run actions/checkout@v4	2026-09-23T11:51:57.1751233Z  * [new branch]      codex/complete-milestone-6 -> origin/codex/complete-milestone-6
unit-tests	Run actions/checkout@v4	2026-09-23T11:51:57.1753615Z  * [new branch]      codex/complete-milestone-7 -> origin/codex/complete-milestone-7
unit-tests	Run actions/checkout@v4	2026-09-23T11:51:57.1755967Z  * [new branch]      codex/complete-milestones-8-9 -> origin/codex/complete-milestones-8-9
unit-tests	Run actions/checkout@v4	2026-09-23T11:51:57.1758362Z  * [new branch]      codex/update-project-plan-progress -> origin/codex/update-project-plan-progress
unit-tests	Run actions/checkout@v4	2026-09-23T11:51:57.1760725Z  * [new branch]      main       -> origin/main
unit-tests	Run actions/checkout@v4	2026-09-23T11:51:57.1761925Z  * [new branch]      mainline   -> origin/mainline
unit-tests	Run actions/checkout@v4	2026-09-23T11:51:57.1765088Z [command]/usr/bin/git branch --list --remote origin/main
unit-tests	Run actions/checkout@v4	2026-09-23T11:51:57.1784791Z   origin/main
unit-tests	Run actions/checkout@v4	2026-09-23T11:51:57.1797696Z [command]/usr/bin/git rev-parse refs/remotes/origin/main
unit-tests	Run actions/checkout@v4	2026-09-23T11:51:57.1827293Z 1b02177a85c7d90534b2867961c1c7a636f218e2
unit-tests	Run actions/checkout@v4	2026-09-23T11:51:57.1833577Z ##[endgroup]
unit-tests	Run actions/checkout@v4	2026-09-23T11:51:57.1836299Z ##[group]Determining the checkout info
unit-tests	Run actions/checkout@v4	2026-09-23T11:51:57.1838739Z ##[endgroup]
unit-tests	Run actions/checkout@v4	2026-09-23T11:51:57.1848583Z [command]/usr/bin/git sparse-checkout disable
unit-tests	Run actions/checkout@v4	2026-09-23T11:51:57.1910766Z [command]/usr/bin/git config --local --unset-all extensions.worktreeConfig
unit-tests	Run actions/checkout@v4	2026-09-23T11:51:57.1947736Z ##[group]Checking out the ref
unit-tests	Run actions/checkout@v4	2026-09-23T11:51:57.1950876Z [command]/usr/bin/git checkout --progress --force -B main refs/remotes/origin/main
unit-tests	Run actions/checkout@v4	2026-09-23T11:51:57.8374547Z Switched to a new branch 'main'
unit-tests	Run actions/checkout@v4	2026-09-23T11:51:57.8380690Z branch 'main' set up to track 'origin/main'.
unit-tests	Run actions/checkout@v4	2026-09-23T11:51:57.8421376Z ##[endgroup]
unit-tests	Run actions/checkout@v4	2026-09-23T11:51:57.8470756Z [command]/usr/bin/git log -1 --format=%H
unit-tests	Run actions/checkout@v4	2026-09-23T11:51:57.8499308Z 1b02177a85c7d90534b2867961c1c7a636f218e2
unit-tests	Run actions/setup-python@v5	﻿2026-09-23T11:51:57.8760203Z Node 20 is being deprecated. This workflow is running with Node 24 by default. If you need to temporarily use Node 20, you can set the ACTIONS_ALLOW_USE_UNSECURE_NODE_VERSION=true environment variable. For more information see: https://github.blog/changelog/2025-09-19-deprecation-of-node-20-on-github-actions-runners/
unit-tests	Run actions/setup-python@v5	2026-09-23T11:51:57.8762295Z ##[group]Run actions/setup-python@v5
unit-tests	Run actions/setup-python@v5	2026-09-23T11:51:57.8762645Z with:
unit-tests	Run actions/setup-python@v5	2026-09-23T11:51:57.8762886Z   python-version: 3.10
unit-tests	Run actions/setup-python@v5	2026-09-23T11:51:57.8763142Z   cache: pip
unit-tests	Run actions/setup-python@v5	2026-09-23T11:51:57.8763418Z   cache-dependency-path: requirements-dev.txt
unit-tests	Run actions/setup-python@v5	2026-09-23T11:51:57.8763771Z   check-latest: false
unit-tests	Run actions/setup-python@v5	2026-09-23T11:51:57.8766669Z   token: ***
unit-tests	Run actions/setup-python@v5	2026-09-23T11:51:57.8766938Z   update-environment: true
unit-tests	Run actions/setup-python@v5	2026-09-23T11:51:57.8767228Z   allow-prereleases: false
unit-tests	Run actions/setup-python@v5	2026-09-23T11:51:57.8767537Z   freethreaded: false
unit-tests	Run actions/setup-python@v5	2026-09-23T11:51:57.8767794Z ##[endgroup]
unit-tests	Run actions/setup-python@v5	2026-09-23T11:51:58.0188200Z ##[group]Installed versions
unit-tests	Run actions/setup-python@v5	2026-09-23T11:51:58.0296949Z (node:2231) [DEP0040] DeprecationWarning: The `punycode` module is deprecated. Please use a userland alternative instead.
unit-tests	Run actions/setup-python@v5	2026-09-23T11:51:58.0298646Z (Use `node --trace-deprecation ...` to show where the warning was created)
unit-tests	Run actions/setup-python@v5	2026-09-23T11:51:58.0299347Z Successfully set up CPython (3.10.21)
unit-tests	Run actions/setup-python@v5	2026-09-23T11:51:58.0300163Z ##[endgroup]
unit-tests	Run actions/setup-python@v5	2026-09-23T11:51:58.0736191Z [command]/opt/hostedtoolcache/Python/3.10.21/x64/bin/pip cache dir
unit-tests	Run actions/setup-python@v5	2026-09-23T11:51:58.4444002Z /home/runner/.cache/pip
unit-tests	Run actions/setup-python@v5	2026-09-23T11:51:58.5708462Z Cache hit for: setup-python-Linux-x64-24.04-Ubuntu-python-3.10.21-pip-dedc86d00a24185b75a0ec0de416f2fb596a62955108acd3ebc5e679d1c0a737
unit-tests	Run actions/setup-python@v5	2026-09-23T11:51:58.5823163Z (node:2231) [DEP0169] DeprecationWarning: `url.parse()` behavior is not standardized and prone to errors that have security implications. Use the WHATWG URL API instead. CVEs are not issued for `url.parse()` vulnerabilities.
unit-tests	Run actions/setup-python@v5	2026-09-23T11:51:58.8769405Z Received 1142690 of 1142690 (100.0%), 5.4 MBs/sec
unit-tests	Run actions/setup-python@v5	2026-09-23T11:51:58.8770214Z Cache Size: ~1 MB (1142690 B)
unit-tests	Run actions/setup-python@v5	2026-09-23T11:51:58.8798886Z [command]/usr/bin/tar -xf /home/runner/work/_temp/bf5a527c-6c33-4226-9c41-c6d9714cd18e/cache.tzst -P -C /home/runner/work/lean-assurance-lab/lean-assurance-lab --use-compress-program unzstd
unit-tests	Run actions/setup-python@v5	2026-09-23T11:51:58.9469540Z Cache restored successfully
unit-tests	Run actions/setup-python@v5	2026-09-23T11:51:58.9475268Z Cache restored from key: setup-python-Linux-x64-24.04-Ubuntu-python-3.10.21-pip-dedc86d00a24185b75a0ec0de416f2fb596a62955108acd3ebc5e679d1c0a737
unit-tests	Run python -m pip install --requirement requirements-dev.txt	﻿2026-09-23T11:51:58.9704031Z ##[group]Run python -m pip install --requirement requirements-dev.txt
unit-tests	Run python -m pip install --requirement requirements-dev.txt	2026-09-23T11:51:58.9704697Z ^[[36;1mpython -m pip install --requirement requirements-dev.txt^[[0m
unit-tests	Run python -m pip install --requirement requirements-dev.txt	2026-09-23T11:51:58.9750096Z shell: /usr/bin/bash -e {0}
unit-tests	Run python -m pip install --requirement requirements-dev.txt	2026-09-23T11:51:58.9750731Z env:
unit-tests	Run python -m pip install --requirement requirements-dev.txt	2026-09-23T11:51:58.9751067Z   pythonLocation: /opt/hostedtoolcache/Python/3.10.21/x64
unit-tests	Run python -m pip install --requirement requirements-dev.txt	2026-09-23T11:51:58.9751600Z   PKG_CONFIG_PATH: /opt/hostedtoolcache/Python/3.10.21/x64/lib/pkgconfig
unit-tests	Run python -m pip install --requirement requirements-dev.txt	2026-09-23T11:51:58.9752165Z   Python_ROOT_DIR: /opt/hostedtoolcache/Python/3.10.21/x64
unit-tests	Run python -m pip install --requirement requirements-dev.txt	2026-09-23T11:51:58.9752639Z   Python2_ROOT_DIR: /opt/hostedtoolcache/Python/3.10.21/x64
unit-tests	Run python -m pip install --requirement requirements-dev.txt	2026-09-23T11:51:58.9753094Z   Python3_ROOT_DIR: /opt/hostedtoolcache/Python/3.10.21/x64
unit-tests	Run python -m pip install --requirement requirements-dev.txt	2026-09-23T11:51:58.9753550Z   LD_LIBRARY_PATH: /opt/hostedtoolcache/Python/3.10.21/x64/lib
unit-tests	Run python -m pip install --requirement requirements-dev.txt	2026-09-23T11:51:58.9753944Z ##[endgroup]
unit-tests	Run python -m pip install --requirement requirements-dev.txt	2026-09-23T11:51:59.7492684Z Collecting jsonschema==4.17.3 (from -r requirements-dev.txt (line 1))
unit-tests	Run python -m pip install --requirement requirements-dev.txt	2026-09-23T11:51:59.7510364Z   Using cached jsonschema-4.17.3-py3-none-any.whl.metadata (7.9 kB)
unit-tests	Run python -m pip install --requirement requirements-dev.txt	2026-09-23T11:51:59.8060247Z Collecting PyYAML==6.0 (from -r requirements-dev.txt (line 2))
unit-tests	Run python -m pip install --requirement requirements-dev.txt	2026-09-23T11:51:59.8079038Z   Using cached PyYAML-6.0-cp310-cp310-manylinux_2_5_x86_64.manylinux1_x86_64.manylinux_2_12_x86_64.manylinux2010_x86_64.whl.metadata (2.0 kB)
unit-tests	Run python -m pip install --requirement requirements-dev.txt	2026-09-23T11:51:59.8223599Z Collecting attrs>=17.4.0 (from jsonschema==4.17.3->-r requirements-dev.txt (line 1))
unit-tests	Run python -m pip install --requirement requirements-dev.txt	2026-09-23T11:51:59.8240726Z   Using cached attrs-26.1.0-py3-none-any.whl.metadata (8.8 kB)
unit-tests	Run python -m pip install --requirement requirements-dev.txt	2026-09-23T11:51:59.8480571Z Collecting pyrsistent!=0.17.0,!=0.17.1,!=0.17.2,>=0.14.0 (from jsonschema==4.17.3->-r requirements-dev.txt (line 1))
unit-tests	Run python -m pip install --requirement requirements-dev.txt	2026-09-23T11:51:59.8498077Z   Using cached pyrsistent-0.20.0-cp310-cp310-manylinux_2_17_x86_64.manylinux2014_x86_64.whl.metadata (27 kB)
unit-tests	Run python -m pip install --requirement requirements-dev.txt	2026-09-23T11:51:59.8536465Z Using cached jsonschema-4.17.3-py3-none-any.whl (90 kB)
unit-tests	Run python -m pip install --requirement requirements-dev.txt	2026-09-23T11:51:59.8551183Z Using cached PyYAML-6.0-cp310-cp310-manylinux_2_5_x86_64.manylinux1_x86_64.manylinux_2_12_x86_64.manylinux2010_x86_64.whl (682 kB)
unit-tests	Run python -m pip install --requirement requirements-dev.txt	2026-09-23T11:51:59.8566228Z Using cached attrs-26.1.0-py3-none-any.whl (67 kB)
unit-tests	Run python -m pip install --requirement requirements-dev.txt	2026-09-23T11:51:59.8580596Z Using cached pyrsistent-0.20.0-cp310-cp310-manylinux_2_17_x86_64.manylinux2014_x86_64.whl (117 kB)
unit-tests	Run python -m pip install --requirement requirements-dev.txt	2026-09-23T11:51:59.9140653Z Installing collected packages: PyYAML, pyrsistent, attrs, jsonschema
unit-tests	Run python -m pip install --requirement requirements-dev.txt	2026-09-23T11:52:00.1009250Z 
unit-tests	Run python -m pip install --requirement requirements-dev.txt	2026-09-23T11:52:00.1023723Z Successfully installed PyYAML-6.0 attrs-26.1.0 jsonschema-4.17.3 pyrsistent-0.20.0
unit-tests	Run python scripts/run-unit-tests	﻿2026-09-23T11:52:00.1484885Z ##[group]Run python scripts/run-unit-tests
unit-tests	Run python scripts/run-unit-tests	2026-09-23T11:52:00.1485284Z ^[[36;1mpython scripts/run-unit-tests^[[0m
unit-tests	Run python scripts/run-unit-tests	2026-09-23T11:52:00.1524097Z shell: /usr/bin/bash -e {0}
unit-tests	Run python scripts/run-unit-tests	2026-09-23T11:52:00.1524375Z env:
unit-tests	Run python scripts/run-unit-tests	2026-09-23T11:52:00.1524655Z   pythonLocation: /opt/hostedtoolcache/Python/3.10.21/x64
unit-tests	Run python scripts/run-unit-tests	2026-09-23T11:52:00.1525116Z   PKG_CONFIG_PATH: /opt/hostedtoolcache/Python/3.10.21/x64/lib/pkgconfig
unit-tests	Run python scripts/run-unit-tests	2026-09-23T11:52:00.1525787Z   Python_ROOT_DIR: /opt/hostedtoolcache/Python/3.10.21/x64
unit-tests	Run python scripts/run-unit-tests	2026-09-23T11:52:00.1526189Z   Python2_ROOT_DIR: /opt/hostedtoolcache/Python/3.10.21/x64
unit-tests	Run python scripts/run-unit-tests	2026-09-23T11:52:00.1526586Z   Python3_ROOT_DIR: /opt/hostedtoolcache/Python/3.10.21/x64
unit-tests	Run python scripts/run-unit-tests	2026-09-23T11:52:00.1527016Z   LD_LIBRARY_PATH: /opt/hostedtoolcache/Python/3.10.21/x64/lib
unit-tests	Run python scripts/run-unit-tests	2026-09-23T11:52:00.1527384Z ##[endgroup]
unit-tests	Run python scripts/run-unit-tests	2026-09-23T11:52:02.9585048Z test_adaptation_external_action_and_wrong_successor_are_rejected (test_acceptance_impact_closure.AcceptanceImpactClosureTests) ... ok
unit-tests	Run python scripts/run-unit-tests	2026-09-23T11:52:02.9686805Z test_exact_boundary_closure_passes (test_acceptance_impact_closure.AcceptanceImpactClosureTests) ... ok
unit-tests	Run python scripts/run-unit-tests	2026-09-23T11:52:02.9758597Z test_exact_official_stderr_is_immutable (test_acceptance_impact_closure.AcceptanceImpactClosureTests) ... ok
unit-tests	Run python scripts/run-unit-tests	2026-09-23T11:52:02.9861950Z test_final_work_and_queue_state_are_required (test_acceptance_impact_closure.AcceptanceImpactClosureTests) ... ok
unit-tests	Run python scripts/run-unit-tests	2026-09-23T11:52:02.9963211Z test_post_hoc_promotion_and_relaunch_are_rejected (test_acceptance_impact_closure.AcceptanceImpactClosureTests) ... ok
unit-tests	Run python scripts/run-unit-tests	2026-09-23T11:52:02.9965678Z test_receipt_safety_requires_positive_rss_and_cleanup (test_acceptance_impact_closure.AcceptanceImpactClosureTests) ... ok
unit-tests	Run python scripts/run-unit-tests	2026-09-23T11:52:02.9973334Z test_bound_byte_tamper_is_rejected_before_claims (test_acceptance_impact_pair.AcceptanceImpactPairTests) ... ok
unit-tests	Run python scripts/run-unit-tests	2026-09-23T11:52:03.0035286Z test_declaration_identity_and_reference_set_are_enforced (test_acceptance_impact_pair.AcceptanceImpactPairTests) ... ok
unit-tests	Run python scripts/run-unit-tests	2026-09-23T11:52:03.0044027Z test_duplicate_json_key_is_rejected (test_acceptance_impact_pair.AcceptanceImpactPairTests) ... ok
unit-tests	Run python scripts/run-unit-tests	2026-09-23T11:52:03.0121994Z test_generated_audit_is_current_and_nonexecuting (test_acceptance_impact_pair.AcceptanceImpactPairTests) ... ok
unit-tests	Run python scripts/run-unit-tests	2026-09-23T11:52:03.0194295Z test_historical_binding_tamper_and_stale_output_are_rejected (test_acceptance_impact_pair.AcceptanceImpactPairTests) ... ok
unit-tests	Run python scripts/run-unit-tests	2026-09-23T11:52:03.0237744Z test_reversed_pointer_values_are_rejected (test_acceptance_impact_pair.AcceptanceImpactPairTests) ... ok
unit-tests	Run python scripts/run-unit-tests	2026-09-23T11:52:03.0270877Z test_second_scalar_difference_is_rejected (test_acceptance_impact_pair.AcceptanceImpactPairTests) ... ok
unit-tests	Run python scripts/run-unit-tests	2026-09-23T11:52:03.0315973Z test_shared_expression_table_change_is_rejected (test_acceptance_impact_pair.AcceptanceImpactPairTests) ... ok
unit-tests	Run python scripts/run-unit-tests	2026-09-23T11:52:03.0318116Z test_build_environment_contains_only_frozen_keys (test_acceptance_impact_pilot.AcceptanceImpactPilotTests) ... ok
unit-tests	Run python scripts/run-unit-tests	2026-09-23T11:52:03.0319696Z test_classifier_accepts_only_exact_success_and_intended_rejection (test_acceptance_impact_pilot.AcceptanceImpactPilotTests) ... ok
unit-tests	Run python scripts/run-unit-tests	2026-09-23T11:52:03.0334919Z test_completed_item_refuses_live_preparation_validation (test_acceptance_impact_pilot.AcceptanceImpactPilotTests) ... ok
unit-tests	Run python scripts/run-unit-tests	2026-09-23T11:52:03.0336758Z test_every_safety_defect_is_infrastructure_failure (test_acceptance_impact_pilot.AcceptanceImpactPilotTests) ... ok
unit-tests	Run python scripts/run-unit-tests	2026-09-23T11:52:03.0338182Z test_frozen_cell_order_and_gate_are_exact (test_acceptance_impact_pilot.AcceptanceImpactPilotTests) ... ok
unit-tests	Run python scripts/run-unit-tests	2026-09-23T11:52:03.0340299Z test_launch_lock_is_exclusive (test_acceptance_impact_pilot.AcceptanceImpactPilotTests) ... ok
unit-tests	Run python scripts/run-unit-tests	2026-09-23T11:52:03.0349138Z test_raw_receipt_replay_rejects_tampering (test_acceptance_impact_pilot.AcceptanceImpactPilotTests) ... ok
unit-tests	Run python scripts/run-unit-tests	2026-09-23T11:52:03.0351189Z runTest (__main__._SkippedPayloadTest) ... skipped 'frozen host integration unavailable: exact macOS Cargo registry or toolchain payload is absent; portable source/verification regressions run separately'
unit-tests	Run python scripts/run-unit-tests	2026-09-23T11:52:03.0353750Z runTest (__main__._SkippedPayloadTest) ... skipped 'frozen host integration unavailable: exact macOS Cargo registry or toolchain payload is absent; portable source/verification regressions run separately'
unit-tests	Run python scripts/run-unit-tests	2026-09-23T11:52:03.0356921Z runTest (__main__._SkippedPayloadTest) ... skipped 'frozen host integration unavailable: exact macOS Cargo registry or toolchain payload is absent; portable source/verification regressions run separately'
unit-tests	Run python scripts/run-unit-tests	2026-09-23T11:52:03.2116324Z test_boundary_reports_only_missing_resources (test_acceptance_impact_source_portable.HostPayloadTests) ... ok
unit-tests	Run python scripts/run-unit-tests	2026-09-23T11:52:03.3794247Z test_link_within_present_crate_is_rejected (test_acceptance_impact_source_portable.HostPayloadTests) ... ok
unit-tests	Run python scripts/run-unit-tests	2026-09-23T11:52:03.5473027Z test_missing_host_cannot_hide_changed_tracked_metadata (test_acceptance_impact_source_portable.HostPayloadTests) ... ok
unit-tests	Run python scripts/run-unit-tests	2026-09-23T11:52:03.7196932Z test_missing_resource_cannot_hide_another_corrupt_crate (test_acceptance_impact_source_portable.HostPayloadTests) ... ok
unit-tests	Run python scripts/run-unit-tests	2026-09-23T11:52:03.8918646Z test_missing_resource_cannot_hide_corrupt_compiler (test_acceptance_impact_source_portable.HostPayloadTests) ... ok
unit-tests	Run python scripts/run-unit-tests	2026-09-23T11:52:04.0671848Z test_original_host_verifiers_and_boundary_accept_exact_synthetic_bindings (test_acceptance_impact_source_portable.HostPayloadTests) ... ok
unit-tests	Run python scripts/run-unit-tests	2026-09-23T11:52:04.0722548Z test_present_corrupt_crate_is_rejected_by_original_verifier (test_acceptance_impact_source_portable.HostPayloadTests) ... ok
unit-tests	Run python scripts/run-unit-tests	2026-09-23T11:52:04.2420108Z test_toolchain_metadata_mismatch_rejects_even_if_all_files_are_absent (test_acceptance_impact_source_portable.HostPayloadTests) ... ok
unit-tests	Run python scripts/run-unit-tests	2026-09-23T11:52:04.5797041Z test_wrong_kind_and_dangling_link_are_not_absence (test_acceptance_impact_source_portable.HostPayloadTests) ... ok
unit-tests	Run python scripts/run-unit-tests	2026-09-23T11:52:04.7573917Z test_host_preflight_failure_prevents_materialization (test_acceptance_impact_source_portable.PortableSourcePreparationTests) ... ok
unit-tests	Run python scripts/run-unit-tests	2026-09-23T11:52:05.8481145Z test_materialized_tampering_is_rejected_and_not_overwritten (test_acceptance_impact_source_portable.PortableSourcePreparationTests) ... ok
unit-tests	Run python scripts/run-unit-tests	2026-09-23T11:52:06.9421881Z test_real_archive_preparation_is_exact_idempotent_and_non_observational (test_acceptance_impact_source_portable.PortableSourcePreparationTests) ... ok
unit-tests	Run python scripts/run-unit-tests	2026-09-23T11:52:06.9436614Z test_completed_item_refuses_live_stage2_validation (test_acceptance_impact_stage2.AcceptanceImpactStage2Tests) ... ok
unit-tests	Run python scripts/run-unit-tests	2026-09-23T11:52:06.9438121Z test_exact_matrix_is_consequential (test_acceptance_impact_stage2.AcceptanceImpactStage2Tests) ... ok
unit-tests	Run python scripts/run-unit-tests	2026-09-23T11:52:06.9439691Z test_launch_lock_is_exclusive_and_removed (test_acceptance_impact_stage2.AcceptanceImpactStage2Tests) ... ok
unit-tests	Run python scripts/run-unit-tests	2026-09-23T11:52:06.9441175Z test_matrix_is_exact_and_bounded (test_acceptance_impact_stage2.AcceptanceImpactStage2Tests) ... ok
unit-tests	Run python scripts/run-unit-tests	2026-09-23T11:52:06.9442336Z test_nonexact_matrix_is_not_promoted_to_harmless (test_acceptance_impact_stage2.AcceptanceImpactStage2Tests) ... ok
unit-tests	Run python scripts/run-unit-tests	2026-09-23T11:52:06.9489083Z test_changed_base_prefix_is_rejected_even_with_fresh_binding (test_acceptance_impact_stage2_audit.AcceptanceImpactStage2AuditTests) ... ok
unit-tests	Run python scripts/run-unit-tests	2026-09-23T11:52:06.9494038Z test_closure_analysis_distinguishes_open_spine_from_closed_value (test_acceptance_impact_stage2_audit.AcceptanceImpactStage2AuditTests) ... ok
unit-tests	Run python scripts/run-unit-tests	2026-09-23T11:52:06.9526411Z test_domain_and_pair_difference_checks_are_directional (test_acceptance_impact_stage2_audit.AcceptanceImpactStage2AuditTests) ... ok
unit-tests	Run python scripts/run-unit-tests	2026-09-23T11:52:06.9551586Z test_duplicate_key_and_missing_terminal_newline_are_rejected (test_acceptance_impact_stage2_audit.AcceptanceImpactStage2AuditTests) ... ok
unit-tests	Run python scripts/run-unit-tests	2026-09-23T11:52:06.9903360Z test_exact_pair_passes_and_report_is_deterministic_and_nonexecuting (test_acceptance_impact_stage2_audit.AcceptanceImpactStage2AuditTests) ... ok
unit-tests	Run python scripts/run-unit-tests	2026-09-23T11:52:06.9988753Z test_spine_or_added_declaration_change_is_rejected (test_acceptance_impact_stage2_audit.AcceptanceImpactStage2AuditTests) ... ok
unit-tests	Run python scripts/run-unit-tests	2026-09-23T11:52:07.0021579Z test_bound_base_tamper_is_refused (test_acceptance_impact_stage2_producer.AcceptanceImpactStage2ProducerTests) ... ok
unit-tests	Run python scripts/run-unit-tests	2026-09-23T11:52:07.0032251Z test_changed_committed_suffix_is_refused (test_acceptance_impact_stage2_producer.AcceptanceImpactStage2ProducerTests) ... ok
unit-tests	Run python scripts/run-unit-tests	2026-09-23T11:52:07.0116226Z test_existing_second_destination_prevents_partial_first_output (test_acceptance_impact_stage2_producer.AcceptanceImpactStage2ProducerTests) ... ok
unit-tests	Run python scripts/run-unit-tests	2026-09-23T11:52:07.0181620Z test_fixed_five_application_spine_and_domains_are_emitted (test_acceptance_impact_stage2_producer.AcceptanceImpactStage2ProducerTests) ... ok
unit-tests	Run python scripts/run-unit-tests	2026-09-23T11:52:07.0369759Z test_produce_writes_only_the_two_temp_outputs_and_refuses_overwrite (test_acceptance_impact_stage2_producer.AcceptanceImpactStage2ProducerTests) ... ok
unit-tests	Run python scripts/run-unit-tests	2026-09-23T11:52:07.0444399Z test_render_is_exact_and_preserves_each_base_byte_for_byte (test_acceptance_impact_stage2_producer.AcceptanceImpactStage2ProducerTests) ... ok
unit-tests	Run python scripts/run-unit-tests	2026-09-23T11:52:07.0451476Z test_uncommitted_contract_is_refused_before_rendering (test_acceptance_impact_stage2_producer.AcceptanceImpactStage2ProducerTests) ... ok
unit-tests	Run python scripts/run-unit-tests	2026-09-23T11:52:07.0466148Z test_bound_evidence_hashes_match (test_action_recommendations.ActionRecommendationTests) ... ok
unit-tests	Run python scripts/run-unit-tests	2026-09-23T11:52:07.0506229Z test_current_recommendations_conform_to_schema (test_action_recommendations.ActionRecommendationTests) ... ok
unit-tests	Run python scripts/run-unit-tests	2026-09-23T11:52:07.0508020Z test_every_finding_has_a_concrete_action (test_action_recommendations.ActionRecommendationTests) ... ok
unit-tests	Run python scripts/run-unit-tests	2026-09-23T11:52:07.0509525Z test_external_actions_are_human_gated (test_action_recommendations.ActionRecommendationTests) ... ok
unit-tests	Run python scripts/run-unit-tests	2026-09-23T11:52:07.0538296Z test_schema_rejects_ungated_external_action (test_action_recommendations.ActionRecommendationTests) ... ok
unit-tests	Run python scripts/run-unit-tests	2026-09-23T11:52:07.0540024Z test_upstream_preflight_is_complete_but_not_submitted (test_action_recommendations.ActionRecommendationTests) ... ok
unit-tests	Run python scripts/run-unit-tests	2026-09-23T11:52:07.0542271Z test_expected_outcomes_preserve_scientific_boundary (test_arena_companion_integration.ArenaCompanionIntegrationTests) ... ok
unit-tests	Run python scripts/run-unit-tests	2026-09-23T11:52:07.0544153Z test_static_definitions_need_no_toolchain_or_checker (test_arena_companion_integration.ArenaCompanionIntegrationTests) ... ok
unit-tests	Run python scripts/run-unit-tests	2026-09-23T11:52:07.7099020Z test_artifact_binding_tampering_and_mutable_queue_independence (test_arena_inductive_isolation_closure.ArenaInductiveIsolationClosureTests) ... ok
unit-tests	Run python scripts/run-unit-tests	2026-09-23T11:52:07.7109892Z test_clock_reset_nonfinite_and_cap_refused (test_arena_inductive_isolation_closure.ArenaInductiveIsolationClosureTests) ... ok
unit-tests	Run python scripts/run-unit-tests	2026-09-23T11:52:07.7117076Z test_delivery_accounting_preserves_inclusive_cap_and_handoff (test_arena_inductive_isolation_closure.ArenaInductiveIsolationClosureTests) ... ok
unit-tests	Run python scripts/run-unit-tests	2026-09-23T11:52:07.7127879Z test_handoff_and_item_closure_agree (test_arena_inductive_isolation_closure.ArenaInductiveIsolationClosureTests) ... ok
unit-tests	Run python scripts/run-unit-tests	2026-09-23T11:52:07.7163367Z test_inflated_claims_and_launches_refused (test_arena_inductive_isolation_closure.ArenaInductiveIsolationClosureTests) ... ok
unit-tests	Run python scripts/run-unit-tests	2026-09-23T11:52:07.7174140Z test_request_cost_cannot_be_erased_or_exceeded (test_arena_inductive_isolation_closure.ArenaInductiveIsolationClosureTests) ... ok
unit-tests	Run python scripts/run-unit-tests	2026-09-23T11:52:07.7176647Z test_valid_scoped_closure (test_arena_inductive_isolation_closure.ArenaInductiveIsolationClosureTests) ... ok
unit-tests	Run python scripts/run-unit-tests	2026-09-23T11:52:07.9849146Z test_copied_evidence_tampering_is_rejected (test_arena_inductive_isolation_closure.ArenaInductiveStaticAuditTests) ... ok
unit-tests	Run python scripts/run-unit-tests	2026-09-23T11:52:08.0262182Z test_generated_audit_replays_and_complete_reuse_is_exact (test_arena_inductive_isolation_closure.ArenaInductiveStaticAuditTests) ... ok
unit-tests	Run python scripts/run-unit-tests	2026-09-23T11:52:08.0270244Z test_clock_reset_nonfinite_and_cap_refused (test_arena_let_policy_followup_closure.ArenaLetPolicyFollowupClosureTests) ... ok
unit-tests	Run python scripts/run-unit-tests	2026-09-23T11:52:08.1385882Z test_complete_archive_inventory_replays_and_omission_fails (test_arena_let_policy_followup_closure.ArenaLetPolicyFollowupClosureTests) ... ok
unit-tests	Run python scripts/run-unit-tests	2026-09-23T11:52:08.1442635Z test_exact_candidate_cannot_be_replaced_even_with_rebound_hash (test_arena_let_policy_followup_closure.ArenaLetPolicyFollowupClosureTests) ... ok
unit-tests	Run python scripts/run-unit-tests	2026-09-23T11:52:08.1461124Z test_request_and_scientific_charges_cannot_be_erased (test_arena_let_policy_followup_closure.ArenaLetPolicyFollowupClosureTests) ... ok
unit-tests	Run python scripts/run-unit-tests	2026-09-23T11:52:08.1463412Z test_scoped_closure_validates_without_live_queue (test_arena_let_policy_followup_closure.ArenaLetPolicyFollowupClosureTests) ... ok
unit-tests	Run python scripts/run-unit-tests	2026-09-23T11:52:08.1526073Z test_static_cleanup_and_statistics_are_verified (test_arena_let_policy_followup_closure.ArenaLetPolicyFollowupClosureTests) ... ok
unit-tests	Run python scripts/run-unit-tests	2026-09-23T11:52:08.1537565Z test_strict_label_and_execution_promotion_refused (test_arena_let_policy_followup_closure.ArenaLetPolicyFollowupClosureTests) ... ok
unit-tests	Run python scripts/run-unit-tests	2026-09-23T11:52:08.1543627Z test_successor_cannot_be_started_or_snapshot_replaced (test_arena_let_policy_followup_closure.ArenaLetPolicyFollowupClosureTests) ... ok
unit-tests	Run python scripts/run-unit-tests	2026-09-23T11:52:08.1608443Z test_erratum_preserves_and_binds_the_original_closure (test_arena_let_regression_erratum.ArenaLetRegressionErratumTests) ... ok
unit-tests	Run python scripts/run-unit-tests	2026-09-23T11:52:08.1742936Z test_followup_repair_binds_portable_cache_validation (test_arena_let_regression_erratum.ArenaLetRegressionErratumTests) ... ok
unit-tests	Run python scripts/run-unit-tests	2026-09-23T11:52:08.3160829Z test_queue_evolution_repair_preserves_both_historical_repairs (test_arena_let_regression_erratum.ArenaLetRegressionErratumTests) ... ok
unit-tests	Run python scripts/run-unit-tests	2026-09-23T11:52:08.3165155Z test_ready_count_accepts_singular_and_plural_without_loose_suffixes (test_arena_let_regression_erratum.ArenaLetRegressionErratumTests) ... ok
unit-tests	Run python scripts/run-unit-tests	2026-09-23T11:52:08.4715305Z test_repair_record_binds_successors_without_scientific_change (test_arena_let_regression_erratum.ArenaLetRegressionErratumTests) ... ok
unit-tests	Run python scripts/run-unit-tests	2026-09-23T11:52:08.4728611Z test_status_ready_count_matches_the_canonical_queue (test_arena_let_regression_erratum.ArenaLetRegressionErratumTests) ... ok
unit-tests	Run python scripts/run-unit-tests	2026-09-23T11:52:08.4730133Z test_request_is_pinned_get_only_scope (test_arena_tutorial_source_collector.ArenaTutorialSourceCollectorTests) ... ok
unit-tests	Run python scripts/run-unit-tests	2026-09-23T11:52:08.4756621Z test_bad_pinned_dependency_is_rejected (test_artifact_graph.ArtifactGraphTests) ... ok
unit-tests	Run python scripts/run-unit-tests	2026-09-23T11:52:08.4757732Z test_changed_dependency_marks_report_stale (test_artifact_graph.ArtifactGraphTests) ... ok
unit-tests	Run python scripts/run-unit-tests	2026-09-23T11:52:08.4758763Z test_current_graph_passes_gate (test_artifact_graph.ArtifactGraphTests) ... ok
unit-tests	Run python scripts/run-unit-tests	2026-09-23T11:52:08.4759760Z test_missing_dependency_marks_report_missing (test_artifact_graph.ArtifactGraphTests) ... ok
unit-tests	Run python scripts/run-unit-tests	2026-09-23T11:52:08.8944116Z test_project_graph_invalidation_contracts (test_artifact_graph.ArtifactGraphTests) ... ok
unit-tests	Run python scripts/run-unit-tests	2026-09-23T11:52:08.8976183Z test_changed_input_and_frontier_refused (test_authorized_runs.AuthorizedRuns) ... ok
unit-tests	Run python scripts/run-unit-tests	2026-09-23T11:52:09.0361131Z test_complete_resume_and_stale_running_charge (test_authorized_runs.AuthorizedRuns) ... ok
unit-tests	Run python scripts/run-unit-tests	2026-09-23T11:52:10.2808843Z test_lock_excludes_and_stubborn_group_is_killed (test_authorized_runs.AuthorizedRuns) ... ok
unit-tests	Run python scripts/run-unit-tests	2026-09-23T11:52:10.2854583Z test_materialization_refuses_existing_mismatch (test_authorized_runs.AuthorizedRuns) ... materialization refused: destination exists with different bytes: scripts/ok
unit-tests	Run python scripts/run-unit-tests	2026-09-23T11:52:10.2858762Z ok
unit-tests	Run python scripts/run-unit-tests	2026-09-23T11:52:10.3575010Z test_unknown_or_live_orphan_refuses_resume (test_authorized_runs.AuthorizedRuns) ... ok
unit-tests	Run python scripts/run-unit-tests	2026-09-23T11:52:10.3576500Z test_binding_ignores_mutable_execution_evidence (test_campaign_runner.CampaignRunnerTests) ... ok
unit-tests	Run python scripts/run-unit-tests	2026-09-23T11:52:10.3577858Z test_phase_commands_are_bounded_to_existing_mechanical_steps (test_campaign_runner.CampaignRunnerTests) ... ok
unit-tests	Run python scripts/run-unit-tests	2026-09-23T11:52:10.3579240Z test_reconcile_interruption_keeps_completed_phases (test_campaign_runner.CampaignRunnerTests) ... ok
unit-tests	Run python scripts/run-unit-tests	2026-09-23T11:52:10.3580529Z test_reconciliation_adopts_completed_batch_work (test_campaign_runner.CampaignRunnerTests) ... ok
unit-tests	Run python scripts/run-unit-tests	2026-09-23T11:52:10.3581668Z test_accept (test_child_panic_confirmation.ChildPanicConfirmationTests) ... ok
unit-tests	Run python scripts/run-unit-tests	2026-09-23T11:52:10.3582736Z test_direct_refusal (test_child_panic_confirmation.ChildPanicConfirmationTests) ... ok
unit-tests	Run python scripts/run-unit-tests	2026-09-23T11:52:10.3583916Z test_worker_join_refusal (test_child_panic_confirmation.ChildPanicConfirmationTests) ... ok
unit-tests	Run python scripts/run-unit-tests	2026-09-23T11:52:10.3589983Z test_all_six_processes_are_observed_and_clean (test_child_panic_confirmation_closure.ChildPanicConfirmationClosureTests) ... ok
unit-tests	Run python scripts/run-unit-tests	2026-09-23T11:52:10.3592711Z test_claim_is_diagnostic_only_and_prelaunch_failure_is_preserved (test_child_panic_confirmation_closure.ChildPanicConfirmationClosureTests) ... ok
unit-tests	Run python scripts/run-unit-tests	2026-09-23T11:52:10.3594862Z test_fixed_four_cell_oracle (test_child_panic_confirmation_closure.ChildPanicConfirmationClosureTests) ... ok
unit-tests	Run python scripts/run-unit-tests	2026-09-23T11:52:10.3596646Z test_extracts_target_counts_by_relative_suffix (test_collatz_projection_repair.CollatzProjectionRepairCoverageTests) ... ok
unit-tests	Run python scripts/run-unit-tests	2026-09-23T11:52:10.3598191Z test_rejects_ambiguous_target_source (test_collatz_projection_repair.CollatzProjectionRepairCoverageTests) ... ok
unit-tests	Run python scripts/run-unit-tests	2026-09-23T11:52:10.3599770Z test_rejects_missing_target_source (test_collatz_projection_repair.CollatzProjectionRepairCoverageTests) ... ok
unit-tests	Run python scripts/run-unit-tests	2026-09-23T11:52:10.3601506Z test_rejects_source_map_without_target_segments (test_collatz_projection_repair.CollatzProjectionRepairCoverageTests) ... ok
unit-tests	Run python scripts/run-unit-tests	2026-09-23T11:52:10.3616506Z test_lazy_limit_matches_prefix_of_frozen_generator (test_collatz_projection_repair_v2.BoundedProjectionMutationTests) ... ok
unit-tests	Run python scripts/run-unit-tests	2026-09-23T11:52:10.3631202Z test_lazy_order_matches_frozen_eager_generator (test_collatz_projection_repair_v2.BoundedProjectionMutationTests) ... ok
unit-tests	Run python scripts/run-unit-tests	2026-09-23T11:52:10.3647332Z test_bound_files_cannot_escape_repository (test_contribution_workflow.ContributionWorkflowTests) ... ok
unit-tests	Run python scripts/run-unit-tests	2026-09-23T11:52:10.3648881Z test_bug_investigations_require_action_and_authorization_metadata (test_contribution_workflow.ContributionWorkflowTests) ... ok
unit-tests	Run python scripts/run-unit-tests	2026-09-23T11:52:10.3663372Z test_catalog_is_valid_and_has_all_seven_paths (test_contribution_workflow.ContributionWorkflowTests) ... ok
unit-tests	Run python scripts/run-unit-tests	2026-09-23T11:52:10.3674093Z test_empty_required_type_metadata_is_rejected (test_contribution_workflow.ContributionWorkflowTests) ... ok
unit-tests	Run python scripts/run-unit-tests	2026-09-23T11:52:10.3739492Z test_every_contribution_type_has_a_valid_manifest_contract (test_contribution_workflow.ContributionWorkflowTests) ... ok
unit-tests	Run python scripts/run-unit-tests	2026-09-23T11:52:10.3750150Z test_missing_type_metadata_is_rejected (test_contribution_workflow.ContributionWorkflowTests) ... ok
unit-tests	Run python scripts/run-unit-tests	2026-09-23T11:52:10.3761014Z test_stale_artifact_hash_is_rejected (test_contribution_workflow.ContributionWorkflowTests) ... ok
unit-tests	Run python scripts/run-unit-tests	2026-09-23T11:52:10.3805000Z test_external_pr_description_stands_alone (test_corpus_integration_closure.CorpusIntegrationClosureTests) ... ok
unit-tests	Run python scripts/run-unit-tests	2026-09-23T11:52:10.3839528Z test_rejects_admission_predicate_tampering (test_corpus_integration_closure.CorpusIntegrationClosureTests) ... ok
unit-tests	Run python scripts/run-unit-tests	2026-09-23T11:52:10.3855621Z test_rejects_checker_or_download_bound_changes (test_corpus_integration_closure.CorpusIntegrationClosureTests) ... ok
unit-tests	Run python scripts/run-unit-tests	2026-09-23T11:52:10.3892548Z test_rejects_external_action_record_tampering (test_corpus_integration_closure.CorpusIntegrationClosureTests) ... ok
unit-tests	Run python scripts/run-unit-tests	2026-09-23T11:52:10.3936158Z test_renders_recorded_external_decisions_without_processes (test_corpus_integration_closure.CorpusIntegrationClosureTests) ... ok
unit-tests	Run python scripts/run-unit-tests	2026-09-23T11:52:10.3937722Z test_aggregate_never_majority_votes_away_disagreement (test_cross_validation.CrossValidationTests) ... ok
unit-tests	Run python scripts/run-unit-tests	2026-09-23T11:52:10.3943508Z test_catalog_conforms_to_schema_and_disables_majority_vote (test_cross_validation.CrossValidationTests) ... ok
unit-tests	Run python scripts/run-unit-tests	2026-09-23T11:52:10.4084609Z test_direct_runner_records_decline_crash_and_timeout (test_cross_validation.CrossValidationTests) ... ok
unit-tests	Run python scripts/run-unit-tests	2026-09-23T11:52:10.4086507Z test_exceptional_outcome_is_not_hidden_by_confirmation (test_cross_validation.CrossValidationTests) ... ok
unit-tests	Run python scripts/run-unit-tests	2026-09-23T11:52:10.4088147Z test_expected_outcome_classifications_are_explicit (test_cross_validation.CrossValidationTests) ... ok
unit-tests	Run python scripts/run-unit-tests	2026-09-23T11:52:10.4089218Z test_normalization_preserves_all_exceptional_outcomes (test_cross_validation.CrossValidationTests) ... ok
unit-tests	Run python scripts/run-unit-tests	2026-09-23T11:52:10.4107408Z test_witness_is_statically_compatible_with_built_profiles (test_cross_validation.CrossValidationTests) ... skipped 'requires materialized Lean Kernel Arena checker profiles'
unit-tests	Run python scripts/run-unit-tests	2026-09-23T11:52:10.4108809Z test_context_threshold_never_becomes_a_gate (test_current_assurance.CurrentAssuranceTests) ... ok
unit-tests	Run python scripts/run-unit-tests	2026-09-23T11:52:10.4110179Z test_current_gate_fails_only_for_semantic_disagreement (test_current_assurance.CurrentAssuranceTests) ... ok
unit-tests	Run python scripts/run-unit-tests	2026-09-23T11:52:10.4111307Z test_generated_witness_kills_are_derived_from_current_evidence (test_current_assurance.CurrentAssuranceTests) ... ok
unit-tests	Run python scripts/run-unit-tests	2026-09-23T11:52:10.4112525Z test_pending_mechanical_survivors_are_not_conflated_with_modeled_results (test_current_assurance.CurrentAssuranceTests) ... ok
unit-tests	Run python scripts/run-unit-tests	2026-09-23T11:52:10.4251465Z test_snapshot_and_policy_schemas_are_valid (test_current_assurance.CurrentAssuranceTests) ... ok
unit-tests	Run python scripts/run-unit-tests	2026-09-23T11:52:10.4254543Z test_snapshot_has_every_plan_metric (test_current_assurance.CurrentAssuranceTests) ... ok
unit-tests	Run python scripts/run-unit-tests	2026-09-23T11:52:10.4588036Z test_budget_and_elapsed_time_tampering_fail (test_cvc1_assessment.Cvc1AssessmentTests) ... ok
unit-tests	Run python scripts/run-unit-tests	2026-09-23T11:52:10.5114658Z test_completed_repository_artifacts_validate (test_cvc1_assessment.Cvc1AssessmentTests) ... ok
unit-tests	Run python scripts/run-unit-tests	2026-09-23T11:52:10.5403518Z test_excerpt_linkage_and_historical_successor_are_checked (test_cvc1_assessment.Cvc1AssessmentTests) ... ok
unit-tests	Run python scripts/run-unit-tests	2026-09-23T11:52:10.5650515Z test_fabricated_initial_hash_and_source_linkage_fail (test_cvc1_assessment.Cvc1AssessmentTests) ... ok
unit-tests	Run python scripts/run-unit-tests	2026-09-23T11:52:10.5869921Z test_modified_evidence_fails_manifest (test_cvc1_assessment.Cvc1AssessmentTests) ... ok
unit-tests	Run python scripts/run-unit-tests	2026-09-23T11:52:10.6237580Z test_query_cap_nonfinite_accounting_and_file_bindings_fail (test_cvc1_assessment.Cvc1AssessmentTests) ... ok
unit-tests	Run python scripts/run-unit-tests	2026-09-23T11:52:10.6944806Z test_valid_ledger_and_cli (test_cvc1_assessment.Cvc1AssessmentTests) ... ok
unit-tests	Run python scripts/run-unit-tests	2026-09-23T11:52:10.7133907Z test_boolean_noninteger_and_negative_ids_are_rejected (test_cvc2_artifact.CVC2ArtifactTests) ... ok
unit-tests	Run python scripts/run-unit-tests	2026-09-23T11:52:10.7138664Z test_duplicate_json_keys_at_every_depth_are_rejected (test_cvc2_artifact.CVC2ArtifactTests) ... ok
unit-tests	Run python scripts/run-unit-tests	2026-09-23T11:52:10.7152204Z test_duplicate_namespace_ids_and_implicit_ids_are_rejected (test_cvc2_artifact.CVC2ArtifactTests) ... ok
unit-tests	Run python scripts/run-unit-tests	2026-09-23T11:52:10.7155543Z test_exact_existing_candidate_shape (test_cvc2_artifact.CVC2ArtifactTests) ... ok
unit-tests	Run python scripts/run-unit-tests	2026-09-23T11:52:10.7159363Z test_exact_existing_control_shape (test_cvc2_artifact.CVC2ArtifactTests) ... ok
unit-tests	Run python scripts/run-unit-tests	2026-09-23T11:52:10.7185102Z test_extra_fields_are_rejected (test_cvc2_artifact.CVC2ArtifactTests) ... ok
unit-tests	Run python scripts/run-unit-tests	2026-09-23T11:52:10.7190003Z test_extracted_trees_do_not_share_mutable_nodes (test_cvc2_artifact.CVC2ArtifactTests) ... ok
unit-tests	Run python scripts/run-unit-tests	2026-09-23T11:52:10.7221414Z test_forward_and_unresolved_references_are_rejected (test_cvc2_artifact.CVC2ArtifactTests) ... ok
unit-tests	Run python scripts/run-unit-tests	2026-09-23T11:52:10.7237471Z test_header_versions_are_fixed_and_lean_strings_are_provenance_only (test_cvc2_artifact.CVC2ArtifactTests) ... ok
unit-tests	Run python scripts/run-unit-tests	2026-09-23T11:52:10.7243876Z test_invalid_json_encoding_and_nonobject_records_are_rejected (test_cvc2_artifact.CVC2ArtifactTests) ... ok
unit-tests	Run python scripts/run-unit-tests	2026-09-23T11:52:10.7272668Z test_missing_fields_are_rejected (test_cvc2_artifact.CVC2ArtifactTests) ... ok
unit-tests	Run python scripts/run-unit-tests	2026-09-23T11:52:10.7297641Z test_only_final_single_safe_opaque_definition_is_supported (test_cvc2_artifact.CVC2ArtifactTests) ... ok
unit-tests	Run python scripts/run-unit-tests	2026-09-23T11:52:10.7328299Z test_other_names_levels_and_expression_forms_are_rejected (test_cvc2_artifact.CVC2ArtifactTests) ... ok
unit-tests	Run python scripts/run-unit-tests	2026-09-23T11:52:10.7345613Z test_parameter_ownership_includes_unused_level_records (test_cvc2_artifact.CVC2ArtifactTests) ... ok
unit-tests	Run python scripts/run-unit-tests	2026-09-23T11:52:10.7358338Z test_valid_changed_references_remain_changed_in_extracted_body (test_cvc2_artifact.CVC2ArtifactTests) ... ok
unit-tests	Run python scripts/run-unit-tests	2026-09-23T11:52:10.8235216Z test_claim_runtime_availability_and_axiom_promotions_are_rejected (test_cvc2_contract.CVC2ContractTests) ... ok
unit-tests	Run python scripts/run-unit-tests	2026-09-23T11:52:10.8362814Z test_completed_evidence_passes_without_running_inventory_commands (test_cvc2_contract.CVC2ContractTests) ... ok
unit-tests	Run python scripts/run-unit-tests	2026-09-23T11:52:10.8489870Z test_fixed_boundary_shape_and_example_inventory_are_required (test_cvc2_contract.CVC2ContractTests) ... ok
unit-tests	Run python scripts/run-unit-tests	2026-09-23T11:52:10.9211324Z test_future_protocol_limits_execution_and_required_results_are_fixed (test_cvc2_contract.CVC2ContractTests) ... ok
unit-tests	Run python scripts/run-unit-tests	2026-09-23T11:52:10.9350759Z test_historical_successor_state_may_change_but_bound_inputs_may_not (test_cvc2_contract.CVC2ContractTests) ... ok
unit-tests	Run python scripts/run-unit-tests	2026-09-23T11:52:10.9641693Z test_manifest_detects_changed_omitted_and_duplicate_evidence (test_cvc2_contract.CVC2ContractTests) ... ok
unit-tests	Run python scripts/run-unit-tests	2026-09-23T11:52:10.9813023Z test_rehashed_independent_meaning_ownership_and_target_changes_are_rejected (test_cvc2_contract.CVC2ContractTests) ... ok
unit-tests	Run python scripts/run-unit-tests	2026-09-23T11:52:10.9900506Z test_rehashed_lean_example_body_change_is_rejected (test_cvc2_contract.CVC2ContractTests) ... ok
unit-tests	Run python scripts/run-unit-tests	2026-09-23T11:52:11.0024543Z test_rehashed_raw_body_change_cannot_disguise_ast_replacement (test_cvc2_contract.CVC2ContractTests) ... ok
unit-tests	Run python scripts/run-unit-tests	2026-09-23T11:52:11.0280339Z test_session_bounds_and_consumed_counts_cannot_be_reset_or_promoted (test_cvc2_contract.CVC2ContractTests) ... ok
unit-tests	Run python scripts/run-unit-tests	2026-09-23T11:52:11.0525191Z test_source_mapping_and_pin_tampering_are_rejected (test_cvc2_contract.CVC2ContractTests) ... ok
unit-tests	Run python scripts/run-unit-tests	2026-09-23T11:52:11.0680118Z test_unsafe_bindings_malformed_json_and_missing_evidence_fail_cleanly (test_cvc2_contract.CVC2ContractTests) ... ok
unit-tests	Run python scripts/run-unit-tests	2026-09-23T11:52:11.0811324Z test_actual_transcript_replays_failure_without_promoting_baseline (test_cvc3_a7_evidence.A7ClosureTests) ... ok
unit-tests	Run python scripts/run-unit-tests	2026-09-23T11:52:11.1593392Z test_closure_binds_accounting_and_diagnostic_independently_of_manifest (test_cvc3_a7_evidence.A7ClosureTests) ... ok
unit-tests	Run python scripts/run-unit-tests	2026-09-23T11:52:11.2234274Z test_closure_rejects_aggregate_cost_and_successor_budget_resets (test_cvc3_a7_evidence.A7ClosureTests) ... ok
unit-tests	Run python scripts/run-unit-tests	2026-09-23T11:52:11.2396822Z test_portable_mode_works_without_ignored_signature_payload (test_cvc3_a7_evidence.A7ClosureTests) ... ok
unit-tests	Run python scripts/run-unit-tests	2026-09-23T11:52:11.2485234Z test_predecessor_bound_bytes_are_preserved_without_unstarted_gate (test_cvc3_a7_evidence.A7ClosureTests) ... ok
unit-tests	Run python scripts/run-unit-tests	2026-09-23T11:52:11.2739365Z test_raw_transcript_and_compiled_raw_receipts_are_required (test_cvc3_a7_evidence.A7ClosureTests) ... ok
unit-tests	Run python scripts/run-unit-tests	2026-09-23T11:52:11.2936074Z test_rehashed_ledger_cannot_forge_an_audit_downgrade (test_cvc3_a7_evidence.A7ClosureTests) ... ok
unit-tests	Run python scripts/run-unit-tests	2026-09-23T11:52:11.3140280Z test_rehashed_receipts_cannot_change_process_success_to_failure (test_cvc3_a7_evidence.A7ClosureTests) ... ok
unit-tests	Run python scripts/run-unit-tests	2026-09-23T11:52:11.3340479Z test_rehashed_request_receipt_still_requires_internal_request_hash (test_cvc3_a7_evidence.A7ClosureTests) ... ok
unit-tests	Run python scripts/run-unit-tests	2026-09-23T11:52:11.3454607Z test_snapshot_and_fixed_source_tampering_are_rejected (test_cvc3_a7_evidence.A7ClosureTests) ... ok
unit-tests	Run python scripts/run-unit-tests	2026-09-23T11:52:11.4256732Z test_closure_rejects_result_accounting_and_axiom_tampering (test_cvc3_evidence.EvidenceTests) ... ok
unit-tests	Run python scripts/run-unit-tests	2026-09-23T11:52:11.4495801Z test_failed_comparator_reports_preserve_exact_unlisted_axioms (test_cvc3_evidence.EvidenceTests) ... ok
unit-tests	Run python scripts/run-unit-tests	2026-09-23T11:52:11.4811738Z test_full_payload_mode_requires_compiler_output_receipt (test_cvc3_evidence.EvidenceTests) ... ok
unit-tests	Run python scripts/run-unit-tests	2026-09-23T11:52:11.5103955Z test_individual_session_cap_is_not_hidden_by_total_budget (test_cvc3_evidence.EvidenceTests) ... ok
unit-tests	Run python scripts/run-unit-tests	2026-09-23T11:52:11.5386783Z test_summary_uses_closed_ledger_and_audited_final_proof (test_cvc3_evidence.EvidenceTests) ... ok
unit-tests	Run python scripts/run-unit-tests	2026-09-23T11:52:11.5648722Z test_tampered_raw_source_and_snapshot_are_rejected (test_cvc3_evidence.EvidenceTests) ... ok
unit-tests	Run python scripts/run-unit-tests	2026-09-23T11:52:11.5654475Z test_candidate_cannot_be_promoted_to_invalid (test_cvc4_adapter_review.AdapterReviewTests) ... ok
unit-tests	Run python scripts/run-unit-tests	2026-09-23T11:52:11.5659130Z test_changed_meaning_is_not_a_representation_transition (test_cvc4_adapter_review.AdapterReviewTests) ... ok
unit-tests	Run python scripts/run-unit-tests	2026-09-23T11:52:11.6448978Z test_existing_bound_review_validates_without_variant_generation (test_cvc4_adapter_review.AdapterReviewTests) ... ok
unit-tests	Run python scripts/run-unit-tests	2026-09-23T11:52:11.6455824Z test_launch_expansion_and_terminal_resume_are_refused (test_cvc4_adapter_review.AdapterReviewTests) ... ok
unit-tests	Run python scripts/run-unit-tests	2026-09-23T11:52:11.6462589Z test_missing_positive_control_or_changed_binary_is_refused (test_cvc4_adapter_review.AdapterReviewTests) ... ok
unit-tests	Run python scripts/run-unit-tests	2026-09-23T11:52:11.6467172Z test_wrong_name_reference_cannot_supply_unused_v (test_cvc4_adapter_review.AdapterReviewTests) ... ok
unit-tests	Run python scripts/run-unit-tests	2026-09-23T11:52:11.6491235Z test_actual_fixed_cases_bind (test_cvc4_artifacts.CVC4ArtifactsTests) ... ok
unit-tests	Run python scripts/run-unit-tests	2026-09-23T11:52:11.6557369Z test_changed_candidate_cannot_be_regenerated_over (test_cvc4_artifacts.CVC4ArtifactsTests) ... ok
unit-tests	Run python scripts/run-unit-tests	2026-09-23T11:52:11.6564696Z test_serializer_preserves_zero_and_ownership_boundaries (test_cvc4_artifacts.CVC4ArtifactsTests) ... ok
unit-tests	Run python scripts/run-unit-tests	2026-09-23T11:52:12.5460640Z test_completed_result_replays_with_original_tooling (test_cvc4_evidence.ClosureEvidenceTests) ... ok
unit-tests	Run python scripts/run-unit-tests	2026-09-23T11:52:12.5462036Z test_explicit_declared_parameter_record_has_no_gap (test_cvc4_evidence.ParameterRecordBoundaryTests) ... ok
unit-tests	Run python scripts/run-unit-tests	2026-09-23T11:52:12.5465802Z test_frozen_ownership_streams_lack_the_declared_v_parameter_record (test_cvc4_evidence.ParameterRecordBoundaryTests) ... ok
unit-tests	Run python scripts/run-unit-tests	2026-09-23T11:52:12.5541253Z test_assumptions_cannot_be_silently_removed (test_cvc4_evidence.SourceMappingTests) ... ok
unit-tests	Run python scripts/run-unit-tests	2026-09-23T11:52:12.5609218Z test_exact_source_locks_and_proof_assumptions (test_cvc4_evidence.SourceMappingTests) ... ok
unit-tests	Run python scripts/run-unit-tests	2026-09-23T11:52:12.5674132Z test_source_range_cannot_extend_past_actual_file (test_cvc4_evidence.SourceMappingTests) ... ok
unit-tests	Run python scripts/run-unit-tests	2026-09-23T11:52:12.5677734Z test_candidate_acceptance_is_characterized_without_changing_hypothesis (test_cvc4_ownership_evidence.OwnershipEvidenceTests) ... ok
unit-tests	Run python scripts/run-unit-tests	2026-09-23T11:52:12.5679254Z test_engineering_failure_is_not_refusal (test_cvc4_ownership_evidence.OwnershipEvidenceTests) ... ok
unit-tests	Run python scripts/run-unit-tests	2026-09-23T11:52:12.5683915Z test_ast_or_parameter_order_cannot_change (test_cvc4_ownership_inputs.OwnershipInsertionTests) ... ok
unit-tests	Run python scripts/run-unit-tests	2026-09-23T11:52:12.5697570Z test_committed_successor_bytes (test_cvc4_ownership_inputs.OwnershipInsertionTests) ... ok
unit-tests	Run python scripts/run-unit-tests	2026-09-23T11:52:12.5706961Z test_exact_transition_and_strict_boundary (test_cvc4_ownership_inputs.OwnershipInsertionTests) ... ok
unit-tests	Run python scripts/run-unit-tests	2026-09-23T11:52:12.5719628Z test_no_extra_edit_or_record (test_cvc4_ownership_inputs.OwnershipInsertionTests) ... ok
unit-tests	Run python scripts/run-unit-tests	2026-09-23T11:52:12.5723075Z test_predecessor_cannot_change (test_cvc4_ownership_inputs.OwnershipInsertionTests) ... ok
unit-tests	Run python scripts/run-unit-tests	2026-09-23T11:52:12.5728966Z test_wrong_name_or_level_identity (test_cvc4_ownership_inputs.OwnershipInsertionTests) ... ok
unit-tests	Run python scripts/run-unit-tests	2026-09-23T11:52:12.5733786Z test_both_fresh_controls_are_required_before_any_candidate (test_cvc4_ownership_runner.OwnershipOrderTests) ... ok
unit-tests	Run python scripts/run-unit-tests	2026-09-23T11:52:12.5737327Z test_missing_or_malformed_output_remains_a_pause_not_an_outcome (test_cvc4_ownership_runner.OwnershipOrderTests) ... ok
unit-tests	Run python scripts/run-unit-tests	2026-09-23T11:52:12.5739144Z test_new_and_combined_launch_caps_are_cumulative (test_cvc4_ownership_runner.OwnershipOrderTests) ... ok
unit-tests	Run python scripts/run-unit-tests	2026-09-23T11:52:12.5765439Z test_compare_rejects_missing_utf8_and_empty_acceptance_output (test_cvc4_ownership_runner.ReceiptAndClockTests) ... ok
unit-tests	Run python scripts/run-unit-tests	2026-09-23T11:52:12.5774672Z test_empty_receipts_cannot_establish_a_control_acceptance (test_cvc4_ownership_runner.ReceiptAndClockTests) ... ok
unit-tests	Run python scripts/run-unit-tests	2026-09-23T11:52:12.5812434Z test_supervisor_rejects_bound_request_tampering_and_process_hash_tampering (test_cvc4_ownership_runner.ReceiptAndClockTests) ... ok
unit-tests	Run python scripts/run-unit-tests	2026-09-23T11:52:12.5843514Z test_terminal_cannot_forge_raw_supervisor_status_or_returncode (test_cvc4_ownership_runner.ReceiptAndClockTests) ... ok
unit-tests	Run python scripts/run-unit-tests	2026-09-23T11:52:12.5863409Z test_unknown_candidate_output_pauses_but_exact_acceptance_is_observed (test_cvc4_ownership_runner.ReceiptAndClockTests) ... ok
unit-tests	Run python scripts/run-unit-tests	2026-09-23T11:52:12.5872406Z test_wall_and_monotonic_rollbacks_and_distinct_work_are_rejected_or_allowed (test_cvc4_ownership_runner.ReceiptAndClockTests) ... ok
unit-tests	Run python scripts/run-unit-tests	2026-09-23T11:52:12.6116744Z test_accounting_failure_after_process_still_records_failed_terminal (test_cvc4_runner.ObserverRunnerTests) ... ok
unit-tests	Run python scripts/run-unit-tests	2026-09-23T11:52:12.6374514Z test_cleanup_fault_cannot_be_reconciled (test_cvc4_runner.ObserverRunnerTests) ... ok
unit-tests	Run python scripts/run-unit-tests	2026-09-23T11:52:12.7017919Z test_clone_relocation_preserves_original_absolute_launch_paths (test_cvc4_runner.ObserverRunnerTests) ... ok
unit-tests	Run python scripts/run-unit-tests	2026-09-23T11:52:12.7477309Z test_clone_safe_read_only_replay_excludes_payload_availability (test_cvc4_runner.ObserverRunnerTests) ... ok
unit-tests	Run python scripts/run-unit-tests	2026-09-23T11:52:12.7523196Z test_closed_intervals_are_immutable_and_utc_mono_both_monotone (test_cvc4_runner.ObserverRunnerTests) ... ok
unit-tests	Run python scripts/run-unit-tests	2026-09-23T11:52:12.7687003Z test_cumulative_engineering_cap_includes_closed_intervals (test_cvc4_runner.ObserverRunnerTests) ... ok
unit-tests	Run python scripts/run-unit-tests	2026-09-23T11:52:12.8040105Z test_engineering_start_and_observed_time_cannot_be_erased (test_cvc4_runner.ObserverRunnerTests) ... ok
unit-tests	Run python scripts/run-unit-tests	2026-09-23T11:52:12.8472073Z test_expected_nonzero_rejection_is_a_matched_observation (test_cvc4_runner.ObserverRunnerTests) ... ok
unit-tests	Run python scripts/run-unit-tests	2026-09-23T11:52:12.8853261Z test_failed_control_cannot_authorize_candidate_after_reconciliation (test_cvc4_runner.ObserverRunnerTests) ... ok
unit-tests	Run python scripts/run-unit-tests	2026-09-23T11:52:12.9381178Z test_finite_matrix_completes_once_and_binds_prelaunch_reservations (test_cvc4_runner.ObserverRunnerTests) ... ok
unit-tests	Run python scripts/run-unit-tests	2026-09-23T11:52:12.9505065Z test_finite_matrix_constraints_and_absolute_argument_bindings (test_cvc4_runner.ObserverRunnerTests) ... ok
unit-tests	Run python scripts/run-unit-tests	2026-09-23T11:52:12.9767251Z test_ledger_truncation_and_snapshot_mutation_are_refused (test_cvc4_runner.ObserverRunnerTests) ... ok
unit-tests	Run python scripts/run-unit-tests	2026-09-23T11:52:12.9908955Z test_live_interval_reservation_requires_full_timeout (test_cvc4_runner.ObserverRunnerTests) ... ok
unit-tests	Run python scripts/run-unit-tests	2026-09-23T11:52:13.0158857Z test_mutated_supervisor_request_cannot_reconcile (test_cvc4_runner.ObserverRunnerTests) ... ok
unit-tests	Run python scripts/run-unit-tests	2026-09-23T11:52:13.0406031Z test_output_signatures_do_not_normalize_crlf (test_cvc4_runner.ObserverRunnerTests) ... ok
unit-tests	Run python scripts/run-unit-tests	2026-09-23T11:52:13.0771604Z test_parent_loss_retains_pending_reservation_until_explicit_receipt_reconciliation (test_cvc4_runner.ObserverRunnerTests) ... ok
unit-tests	Run python scripts/run-unit-tests	2026-09-23T11:52:13.1007693Z test_pending_without_receipts_cannot_be_zero_cost_or_replayed (test_cvc4_runner.ObserverRunnerTests) ... ok
unit-tests	Run python scripts/run-unit-tests	2026-09-23T11:52:13.1146280Z test_rebound_manifest_cannot_replace_initial_hypotheses (test_cvc4_runner.ObserverRunnerTests) ... ok
unit-tests	Run python scripts/run-unit-tests	2026-09-23T11:52:13.1400996Z test_retained_output_mutation_prevents_next_launch (test_cvc4_runner.ObserverRunnerTests) ... ok
unit-tests	Run python scripts/run-unit-tests	2026-09-23T11:52:13.1532854Z test_runtime_tooling_and_fixed_input_mutations_prevent_launch (test_cvc4_runner.ObserverRunnerTests) ... ok
unit-tests	Run python scripts/run-unit-tests	2026-09-23T11:52:13.9120147Z test_sixteen_launch_ceiling_is_enforced (test_cvc4_runner.ObserverRunnerTests) ... ok
unit-tests	Run python scripts/run-unit-tests	2026-09-23T11:52:13.9420523Z test_start_error_unknown_cost_stays_paused (test_cvc4_runner.ObserverRunnerTests) ... ok
unit-tests	Run python scripts/run-unit-tests	2026-09-23T11:52:13.9723767Z test_strict_signature_mismatch_stops_sequence (test_cvc4_runner.ObserverRunnerTests) ... ok
unit-tests	Run python scripts/run-unit-tests	2026-09-23T11:52:13.9963534Z test_unreserved_duplicate_terminal_is_rejected (test_cvc4_runner.ObserverRunnerTests) ... ok
unit-tests	Run python scripts/run-unit-tests	2026-09-23T11:52:14.0227360Z test_accounting_failure_after_process_still_records_failed_terminal (test_cvc4_runner2.ObserverSuccessorTests) ... ok
unit-tests	Run python scripts/run-unit-tests	2026-09-23T11:52:14.0523131Z test_cleanup_fault_cannot_be_reconciled (test_cvc4_runner2.ObserverSuccessorTests) ... ok
unit-tests	Run python scripts/run-unit-tests	2026-09-23T11:52:14.1071790Z test_clone_relocation_preserves_original_absolute_launch_paths (test_cvc4_runner2.ObserverSuccessorTests) ... ok
unit-tests	Run python scripts/run-unit-tests	2026-09-23T11:52:14.1593257Z test_clone_safe_read_only_replay_excludes_payload_availability (test_cvc4_runner2.ObserverSuccessorTests) ... ok
unit-tests	Run python scripts/run-unit-tests	2026-09-23T11:52:14.1645840Z test_closed_intervals_are_immutable_and_utc_mono_both_monotone (test_cvc4_runner2.ObserverSuccessorTests) ... ok
unit-tests	Run python scripts/run-unit-tests	2026-09-23T11:52:14.1821523Z test_cumulative_engineering_cap_includes_closed_intervals (test_cvc4_runner2.ObserverSuccessorTests) ... ok
unit-tests	Run python scripts/run-unit-tests	2026-09-23T11:52:14.2359597Z test_engineering_start_and_observed_time_cannot_be_erased (test_cvc4_runner2.ObserverSuccessorTests) ... ok
unit-tests	Run python scripts/run-unit-tests	2026-09-23T11:52:14.2479310Z test_exact_prior_reporting_mismatch_is_replayed_without_relabeling (test_cvc4_runner2.ObserverSuccessorTests) ... ok
unit-tests	Run python scripts/run-unit-tests	2026-09-23T11:52:14.2935733Z test_expected_nonzero_rejection_is_a_matched_observation (test_cvc4_runner2.ObserverSuccessorTests) ... ok
unit-tests	Run python scripts/run-unit-tests	2026-09-23T11:52:14.3337443Z test_failed_control_cannot_authorize_candidate_after_reconciliation (test_cvc4_runner2.ObserverSuccessorTests) ... ok
unit-tests	Run python scripts/run-unit-tests	2026-09-23T11:52:14.3892737Z test_finite_matrix_completes_once_and_binds_prelaunch_reservations (test_cvc4_runner2.ObserverSuccessorTests) ... ok
unit-tests	Run python scripts/run-unit-tests	2026-09-23T11:52:14.4050628Z test_finite_matrix_constraints_and_absolute_argument_bindings (test_cvc4_runner2.ObserverSuccessorTests) ... ok
unit-tests	Run python scripts/run-unit-tests	2026-09-23T11:52:14.4175589Z test_inherited_cost_is_written_into_start_and_cannot_reset (test_cvc4_runner2.ObserverSuccessorTests) ... ok
unit-tests	Run python scripts/run-unit-tests	2026-09-23T11:52:14.4448322Z test_ledger_truncation_and_snapshot_mutation_are_refused (test_cvc4_runner2.ObserverSuccessorTests) ... ok
unit-tests	Run python scripts/run-unit-tests	2026-09-23T11:52:14.4616235Z test_live_interval_reservation_requires_full_timeout (test_cvc4_runner2.ObserverSuccessorTests) ... ok
unit-tests	Run python scripts/run-unit-tests	2026-09-23T11:52:14.4907120Z test_mutated_supervisor_request_cannot_reconcile (test_cvc4_runner2.ObserverSuccessorTests) ... ok
unit-tests	Run python scripts/run-unit-tests	2026-09-23T11:52:14.4980112Z test_new_matrix_cannot_claim_sixteen_additional_launches (test_cvc4_runner2.ObserverSuccessorTests) ... ok
unit-tests	Run python scripts/run-unit-tests	2026-09-23T11:52:14.5254065Z test_output_signatures_do_not_normalize_crlf (test_cvc4_runner2.ObserverSuccessorTests) ... ok
unit-tests	Run python scripts/run-unit-tests	2026-09-23T11:52:14.5693054Z test_parent_loss_retains_pending_reservation_until_explicit_receipt_reconciliation (test_cvc4_runner2.ObserverSuccessorTests) ... ok
unit-tests	Run python scripts/run-unit-tests	2026-09-23T11:52:14.5968126Z test_pending_without_receipts_cannot_be_zero_cost_or_replayed (test_cvc4_runner2.ObserverSuccessorTests) ... ok
unit-tests	Run python scripts/run-unit-tests	2026-09-23T11:52:14.6089371Z test_predecessor_exact_raw_diagnostic_is_required (test_cvc4_runner2.ObserverSuccessorTests) ... ok
unit-tests	Run python scripts/run-unit-tests	2026-09-23T11:52:14.6257833Z test_predecessor_wrong_cost_count_or_observation_is_refused (test_cvc4_runner2.ObserverSuccessorTests) ... ok
unit-tests	Run python scripts/run-unit-tests	2026-09-23T11:52:14.6370924Z test_prior_observed_engineering_work_cannot_be_erased_by_new_baseline (test_cvc4_runner2.ObserverSuccessorTests) ... ok
unit-tests	Run python scripts/run-unit-tests	2026-09-23T11:52:14.6510246Z test_rebound_manifest_cannot_replace_initial_hypotheses (test_cvc4_runner2.ObserverSuccessorTests) ... ok
unit-tests	Run python scripts/run-unit-tests	2026-09-23T11:52:14.6630665Z test_reporting_switch_requires_json_boolean_false (test_cvc4_runner2.ObserverSuccessorTests) ... ok
unit-tests	Run python scripts/run-unit-tests	2026-09-23T11:52:14.6982317Z test_retained_output_mutation_prevents_next_launch (test_cvc4_runner2.ObserverSuccessorTests) ... ok
unit-tests	Run python scripts/run-unit-tests	2026-09-23T11:52:14.7180965Z test_runtime_tooling_and_fixed_input_mutations_prevent_launch (test_cvc4_runner2.ObserverSuccessorTests) ... ok
unit-tests	Run python scripts/run-unit-tests	2026-09-23T11:52:14.7384685Z test_scientific_expectations_payloads_and_old_binding_inventory_cannot_change (test_cvc4_runner2.ObserverSuccessorTests) ... ok
unit-tests	Run python scripts/run-unit-tests	2026-09-23T11:52:15.3069625Z test_sixteen_launch_ceiling_is_enforced (test_cvc4_runner2.ObserverSuccessorTests) ... ok
unit-tests	Run python scripts/run-unit-tests	2026-09-23T11:52:15.3429649Z test_start_error_unknown_cost_stays_paused (test_cvc4_runner2.ObserverSuccessorTests) ... ok
unit-tests	Run python scripts/run-unit-tests	2026-09-23T11:52:15.3764027Z test_strict_signature_mismatch_stops_sequence (test_cvc4_runner2.ObserverSuccessorTests) ... ok
unit-tests	Run python scripts/run-unit-tests	2026-09-23T11:52:15.3875008Z test_successor_may_change_only_print_axioms (test_cvc4_runner2.ObserverSuccessorTests) ... ok
unit-tests	Run python scripts/run-unit-tests	2026-09-23T11:52:15.4140063Z test_unreserved_duplicate_terminal_is_rejected (test_cvc4_runner2.ObserverSuccessorTests) ... ok
unit-tests	Run python scripts/run-unit-tests	2026-09-23T11:52:15.4408720Z test_cannot_discharge_assumptions (test_cvc5_package.PackageTests) ... ok
unit-tests	Run python scripts/run-unit-tests	2026-09-23T11:52:15.4510089Z test_cannot_hide_parser_failure_or_unrun_candidate (test_cvc5_package.PackageTests) ... ok
unit-tests	Run python scripts/run-unit-tests	2026-09-23T11:52:15.4576584Z test_cannot_promote_unsupported_or_control_acceptance (test_cvc5_package.PackageTests) ... ok
unit-tests	Run python scripts/run-unit-tests	2026-09-23T11:52:15.4641361Z test_cannot_reset_prior_costs_or_drop_raw_receipt (test_cvc5_package.PackageTests) ... ok
unit-tests	Run python scripts/run-unit-tests	2026-09-23T11:52:15.4682668Z test_embedded_scientific_bytes_and_raw_receipts_must_be_bound (test_cvc5_package.PackageTests) ... ok
unit-tests	Run python scripts/run-unit-tests	2026-09-23T11:52:15.4687258Z test_incomplete_manifest_rejected_before_git (test_cvc5_package.PackageTests) ... ok
unit-tests	Run python scripts/run-unit-tests	2026-09-23T11:52:15.4911767Z test_no_new_work_or_broader_claim (test_cvc5_package.PackageTests) ... ok
unit-tests	Run python scripts/run-unit-tests	2026-09-23T11:52:15.4941021Z test_retained_projection (test_cvc5_package.PackageTests) ... ok
unit-tests	Run python scripts/run-unit-tests	2026-09-23T11:52:15.4946225Z test_baseline_is_generated_from_independent_reviewed_types (test_cvc_a7_audit.BaselineTests) ... ok
unit-tests	Run python scripts/run-unit-tests	2026-09-23T11:52:15.4949728Z test_comparator_mutations_reject_missing_extra_and_duplicate (test_cvc_a7_audit.BaselineTests) ... ok
unit-tests	Run python scripts/run-unit-tests	2026-09-23T11:52:15.4959850Z test_exact_baseline_accepts (test_cvc_a7_audit.BaselineTests) ... ok
unit-tests	Run python scripts/run-unit-tests	2026-09-23T11:52:15.4962626Z test_later_proof_keeps_original_targets_and_only_permits_a7_subsets (test_cvc_a7_audit.BaselineTests) ... ok
unit-tests	Run python scripts/run-unit-tests	2026-09-23T11:52:15.4965243Z test_reordered_exact_set_is_accepted_and_diagnostic_is_rejected (test_cvc_a7_audit.BaselineTests) ... ok
unit-tests	Run python scripts/run-unit-tests	2026-09-23T11:52:15.4970442Z test_type_mutations_reject_missing_duplicate_and_mismatch (test_cvc_a7_audit.BaselineTests) ... ok
unit-tests	Run python scripts/run-unit-tests	2026-09-23T11:52:15.4973727Z test_unclaimed_comment_or_log_spoof_is_rejected (test_cvc_a7_audit.BaselineTests) ... ok
unit-tests	Run python scripts/run-unit-tests	2026-09-23T11:52:15.4983574Z test_both_header_universe_decorations_are_validated (test_cvc_a7_repair_audit.RepairedBaselineTests) ... ok
unit-tests	Run python scripts/run-unit-tests	2026-09-23T11:52:15.5003669Z test_diagnostics_are_never_removed_or_absorbed (test_cvc_a7_repair_audit.RepairedBaselineTests) ... ok
unit-tests	Run python scripts/run-unit-tests	2026-09-23T11:52:15.5008855Z test_historical_warning_transcript_still_rejected (test_cvc_a7_repair_audit.RepairedBaselineTests) ... ok
unit-tests	Run python scripts/run-unit-tests	2026-09-23T11:52:15.5022854Z test_missing_duplicate_and_extra_axiom_reports_rejected (test_cvc_a7_repair_audit.RepairedBaselineTests) ... ok
unit-tests	Run python scripts/run-unit-tests	2026-09-23T11:52:15.5046573Z test_missing_duplicate_reordered_and_extra_type_headers_rejected (test_cvc_a7_repair_audit.RepairedBaselineTests) ... ok
unit-tests	Run python scripts/run-unit-tests	2026-09-23T11:52:15.5065502Z test_missing_extra_and_duplicate_axioms_rejected (test_cvc_a7_repair_audit.RepairedBaselineTests) ... ok
unit-tests	Run python scripts/run-unit-tests	2026-09-23T11:52:15.5081532Z test_pair_type_mutations_are_scientific_mismatch (test_cvc_a7_repair_audit.RepairedBaselineTests) ... ok
unit-tests	Run python scripts/run-unit-tests	2026-09-23T11:52:15.5090511Z test_real_format_with_exact_warning_preamble_removed_in_fixture (test_cvc_a7_repair_audit.RepairedBaselineTests) ... ok
unit-tests	Run python scripts/run-unit-tests	2026-09-23T11:52:15.5094122Z test_repaired_source_keeps_independent_typed_declarations (test_cvc_a7_repair_audit.RepairedBaselineTests) ... ok
unit-tests	Run python scripts/run-unit-tests	2026-09-23T11:52:15.5150872Z test_universe_annotation_malformed_cases_rejected (test_cvc_a7_repair_audit.RepairedBaselineTests) ... ok
unit-tests	Run python scripts/run-unit-tests	2026-09-23T11:52:15.5159816Z test_wrapped_headers_can_use_whitespace_without_changing_types (test_cvc_a7_repair_audit.RepairedBaselineTests) ... ok
unit-tests	Run python scripts/run-unit-tests	2026-09-23T11:52:15.5163613Z test_all_comparators_exact_and_unlisted_lab_axioms_rejected (test_cvc_a7_repair_audit.RepairedProofTests) ... ok
unit-tests	Run python scripts/run-unit-tests	2026-09-23T11:52:15.5166628Z test_empty_lab_assumptions_and_exact_counterexample_skeleton (test_cvc_a7_repair_audit.RepairedProofTests) ... ok
unit-tests	Run python scripts/run-unit-tests	2026-09-23T11:52:15.5169026Z test_harmless_proof_warning_policy_preserved (test_cvc_a7_repair_audit.RepairedProofTests) ... ok
unit-tests	Run python scripts/run-unit-tests	2026-09-23T11:52:15.5171490Z test_original_skeleton_and_a7_subsets_remain (test_cvc_a7_repair_audit.RepairedProofTests) ... ok
unit-tests	Run python scripts/run-unit-tests	2026-09-23T11:52:15.5176764Z test_sorry_errors_and_duplicate_or_forged_reports_rejected (test_cvc_a7_repair_audit.RepairedProofTests) ... ok
unit-tests	Run python scripts/run-unit-tests	2026-09-23T11:52:15.5255518Z test_actual_closure_metadata_matches_audited_run (test_cvc_a7_repair_evidence.ActualClosureMetadataTests) ... ok
unit-tests	Run python scripts/run-unit-tests	2026-09-23T11:52:15.5292657Z test_rebinding_work_receipt_does_not_authorize_a_build_count_reset (test_cvc_a7_repair_evidence.ActualClosureMetadataTests) ... ok
unit-tests	Run python scripts/run-unit-tests	2026-09-23T11:52:15.5378307Z test_result_cannot_reset_actual_work_or_omit_checked_declarations (test_cvc_a7_repair_evidence.ActualClosureMetadataTests) ... ok
unit-tests	Run python scripts/run-unit-tests	2026-09-23T11:52:15.5425060Z test_baseline_replays_against_exact_original_audit_module (test_cvc_a7_repair_evidence.AuditReplayTests) ... ok
unit-tests	Run python scripts/run-unit-tests	2026-09-23T11:52:15.5454854Z test_bound_generator_and_immutable_expectations_are_required (test_cvc_a7_repair_evidence.AuditReplayTests) ... ok
unit-tests	Run python scripts/run-unit-tests	2026-09-23T11:52:15.5483442Z test_failed_compilation_cannot_supply_successful_audit (test_cvc_a7_repair_evidence.AuditReplayTests) ... ok
unit-tests	Run python scripts/run-unit-tests	2026-09-23T11:52:15.5516367Z test_format_failure_is_a_repair_pause_not_scientific_mismatch (test_cvc_a7_repair_evidence.AuditReplayTests) ... ok
unit-tests	Run python scripts/run-unit-tests	2026-09-23T11:52:15.5525957Z test_engineering_pause_cannot_claim_unspent_build_or_time_cap (test_cvc_a7_repair_evidence.BindingAndClosureTests) ... ok
unit-tests	Run python scripts/run-unit-tests	2026-09-23T11:52:15.5534847Z test_initial_accounting_must_match_committed_activation_work (test_cvc_a7_repair_evidence.BindingAndClosureTests) ... ok
unit-tests	Run python scripts/run-unit-tests	2026-09-23T11:52:15.5547994Z test_portability_only_omits_absent_ignored_compiler_products (test_cvc_a7_repair_evidence.BindingAndClosureTests) ... ok
unit-tests	Run python scripts/run-unit-tests	2026-09-23T11:52:15.5555688Z test_present_ignored_product_must_still_match_receipt (test_cvc_a7_repair_evidence.BindingAndClosureTests) ... ok
unit-tests	Run python scripts/run-unit-tests	2026-09-23T11:52:15.5574735Z test_rehashed_tooling_archive_cannot_replace_git_checkpoint (test_cvc_a7_repair_evidence.BindingAndClosureTests) ... ok
unit-tests	Run python scripts/run-unit-tests	2026-09-23T11:52:15.5579888Z test_scientific_success_requires_all_four_per_result_reports (test_cvc_a7_repair_evidence.BindingAndClosureTests) ... ok
unit-tests	Run python scripts/run-unit-tests	2026-09-23T11:52:15.5585285Z test_success_cannot_hide_an_exceeded_interval_or_cumulative_cap (test_cvc_a7_repair_evidence.BindingAndClosureTests) ... ok
unit-tests	Run python scripts/run-unit-tests	2026-09-23T11:52:15.5593537Z test_success_requires_checked_run_and_no_unreconciled_process_stop (test_cvc_a7_repair_evidence.BindingAndClosureTests) ... ok
unit-tests	Run python scripts/run-unit-tests	2026-09-23T11:52:15.5598156Z test_tooling_revision_cannot_broaden_fixed_a7_envelope (test_cvc_a7_repair_evidence.BindingAndClosureTests) ... ok
unit-tests	Run python scripts/run-unit-tests	2026-09-23T11:52:15.5604100Z test_true_cap_and_documented_unrepairable_boundary_are_distinct (test_cvc_a7_repair_evidence.BindingAndClosureTests) ... ok
unit-tests	Run python scripts/run-unit-tests	2026-09-23T11:52:15.5630629Z test_cleanup_and_deadline_tampering_fail_after_rebinding (test_cvc_a7_repair_evidence.ProcessEvidenceTests) ... ok
unit-tests	Run python scripts/run-unit-tests	2026-09-23T11:52:15.5651279Z test_forged_process_identity_is_rejected (test_cvc_a7_repair_evidence.ProcessEvidenceTests) ... ok
unit-tests	Run python scripts/run-unit-tests	2026-09-23T11:52:15.5670534Z test_rehashed_receipt_does_not_replace_internal_request_hash (test_cvc_a7_repair_evidence.ProcessEvidenceTests) ... ok
unit-tests	Run python scripts/run-unit-tests	2026-09-23T11:52:15.5690026Z test_request_cannot_change_invocation_even_after_rehashing (test_cvc_a7_repair_evidence.ProcessEvidenceTests) ... ok
unit-tests	Run python scripts/run-unit-tests	2026-09-23T11:52:15.5705311Z test_retained_successful_supervisor_receipt_validates (test_cvc_a7_repair_evidence.ProcessEvidenceTests) ... ok
unit-tests	Run python scripts/run-unit-tests	2026-09-23T11:52:15.5727380Z test_terminal_cost_and_raw_stream_cannot_be_rewritten (test_cvc_a7_repair_evidence.ProcessEvidenceTests) ... ok
unit-tests	Run python scripts/run-unit-tests	2026-09-23T11:52:15.5732491Z test_clean_counted_baseline_required_before_proof (test_cvc_a7_repair_runner.AccountingTests) ... ok
unit-tests	Run python scripts/run-unit-tests	2026-09-23T11:52:15.5735232Z test_late_closure_cannot_erase_observed_open_interval (test_cvc_a7_repair_runner.AccountingTests) ... ok
unit-tests	Run python scripts/run-unit-tests	2026-09-23T11:52:15.5738564Z test_orphan_keeps_reservation_and_pauses_control (test_cvc_a7_repair_runner.AccountingTests) ... ok
unit-tests	Run python scripts/run-unit-tests	2026-09-23T11:52:15.5744934Z test_parser_failure_pauses_until_changed_tooling_without_reset (test_cvc_a7_repair_runner.AccountingTests) ... ok
unit-tests	Run python scripts/run-unit-tests	2026-09-23T11:52:15.5750270Z test_proof_compile_failure_allows_source_repair_same_tooling (test_cvc_a7_repair_runner.AccountingTests) ... ok
unit-tests	Run python scripts/run-unit-tests	2026-09-23T11:52:15.5752947Z test_semantic_mismatch_and_control_pause_are_distinct (test_cvc_a7_repair_runner.AccountingTests) ... ok
unit-tests	Run python scripts/run-unit-tests	2026-09-23T11:52:15.5754729Z test_signature_compile_error_is_repair_pause_not_scientific_result (test_cvc_a7_repair_runner.AccountingTests) ... ok
unit-tests	Run python scripts/run-unit-tests	2026-09-23T11:52:15.5756808Z test_unlimited_interval_count_charges_actual_cumulative_time (test_cvc_a7_repair_runner.AccountingTests) ... ok
unit-tests	Run python scripts/run-unit-tests	2026-09-23T11:52:15.5758443Z test_work_start_and_closed_intervals_cannot_be_rewritten (test_cvc_a7_repair_runner.AccountingTests) ... ok
unit-tests	Run python scripts/run-unit-tests	2026-09-23T11:52:15.7120597Z test_archived_parser_replay_does_not_read_current_parser_bytes (test_cvc_a7_repair_runner.MockedControllerTests) ... ok
unit-tests	Run python scripts/run-unit-tests	2026-09-23T11:52:16.0082098Z test_mutated_signature_or_old_archived_tooling_blocks_launch (test_cvc_a7_repair_runner.MockedControllerTests) ... ok
unit-tests	Run python scripts/run-unit-tests	2026-09-23T11:52:16.3948393Z test_orphan_recovery_keeps_failed_slot_and_no_new_launch (test_cvc_a7_repair_runner.MockedControllerTests) ... ok
unit-tests	Run python scripts/run-unit-tests	2026-09-23T11:52:17.0722132Z test_parser_pause_new_tested_revision_then_counted_baseline (test_cvc_a7_repair_runner.MockedControllerTests) ... ok
unit-tests	Run python scripts/run-unit-tests	2026-09-23T11:52:17.7606335Z test_proof_compile_feedback_retries_changed_source_without_tooling_revision (test_cvc_a7_repair_runner.MockedControllerTests) ... ok
unit-tests	Run python scripts/run-unit-tests	2026-09-23T11:52:17.9533813Z test_same_revision_cannot_be_relabelled_as_repair (test_cvc_a7_repair_runner.MockedControllerTests) ... ok
unit-tests	Run python scripts/run-unit-tests	2026-09-23T11:52:18.2897890Z test_scientific_mismatch_does_not_become_parser_repair (test_cvc_a7_repair_runner.MockedControllerTests) ... ok
unit-tests	Run python scripts/run-unit-tests	2026-09-23T11:52:18.4971900Z test_stale_test_binding_and_manifest_limit_change_fail_closed (test_cvc_a7_repair_runner.MockedControllerTests) ... ok
unit-tests	Run python scripts/run-unit-tests	2026-09-23T11:52:19.0073638Z test_three_stages_with_bound_signature_copy_and_archived_tooling (test_cvc_a7_repair_runner.MockedControllerTests) ... ok
unit-tests	Run python scripts/run-unit-tests	2026-09-23T11:52:19.7528315Z test_timeout_reconciliation_keeps_failed_build_and_same_item (test_cvc_a7_repair_runner.MockedControllerTests) ... ok
unit-tests	Run python scripts/run-unit-tests	2026-09-23T11:52:20.0410001Z test_unknown_orphan_cleanup_cannot_be_reconciled (test_cvc_a7_repair_runner.MockedControllerTests) ... ok
unit-tests	Run python scripts/run-unit-tests	2026-09-23T11:52:20.3069304Z test_wal_and_workspace_identity_cannot_reset_counters (test_cvc_a7_repair_runner.MockedControllerTests) ... ok
unit-tests	Run python scripts/run-unit-tests	2026-09-23T11:52:20.6756801Z test_command_paths_and_counted_stage_sequence (test_cvc_a7_runner.ControllerTests) ... ok
unit-tests	Run python scripts/run-unit-tests	2026-09-23T11:52:21.1486573Z test_failed_baseline_is_reserved_then_retried_as_baseline (test_cvc_a7_runner.ControllerTests) ... ok
unit-tests	Run python scripts/run-unit-tests	2026-09-23T11:52:21.3054159Z test_manifest_binds_fixed_baseline_and_expectations (test_cvc_a7_runner.ControllerTests) ... ok
unit-tests	Run python scripts/run-unit-tests	2026-09-23T11:52:21.4204642Z test_manifest_rejects_old_entry_and_stage_command_mutation (test_cvc_a7_runner.ControllerTests) ... ok
unit-tests	Run python scripts/run-unit-tests	2026-09-23T11:52:21.6631874Z test_signature_output_or_fixed_baseline_tamper_prevents_later_launch (test_cvc_a7_runner.ControllerTests) ... ok
unit-tests	Run python scripts/run-unit-tests	2026-09-23T11:52:22.0085930Z test_wal_rejects_reset_and_orphan_is_not_replayed (test_cvc_a7_runner.ControllerTests) ... ok
unit-tests	Run python scripts/run-unit-tests	2026-09-23T11:52:22.0088469Z test_baseline_mismatch_and_orphan_stop_without_free_retry (test_cvc_a7_runner.StageAccountingTests) ... ok
unit-tests	Run python scripts/run-unit-tests	2026-09-23T11:52:22.0092406Z test_baseline_success_requires_audit_and_cannot_publish_result (test_cvc_a7_runner.StageAccountingTests) ... ok
unit-tests	Run python scripts/run-unit-tests	2026-09-23T11:52:22.0096164Z test_failed_baseline_consumes_its_number_and_retries_as_baseline (test_cvc_a7_runner.StageAccountingTests) ... ok
unit-tests	Run python scripts/run-unit-tests	2026-09-23T11:52:22.0098804Z test_signature_failure_is_terminal_and_baseline_cannot_precede_it (test_cvc_a7_runner.StageAccountingTests) ... ok
unit-tests	Run python scripts/run-unit-tests	2026-09-23T11:52:22.0102546Z test_signature_then_baseline_before_proof (test_cvc_a7_runner.StageAccountingTests) ... ok
unit-tests	Run python scripts/run-unit-tests	2026-09-23T11:52:22.0108559Z test_six_attempt_and_two_session_bounds (test_cvc_a7_runner.StageAccountingTests) ... ok
unit-tests	Run python scripts/run-unit-tests	2026-09-23T11:52:22.0199140Z test_changed_statement_type_rejected_after_rebinding (test_cvc_axioms.CvcAxiomsClosureTests) ... ok
unit-tests	Run python scripts/run-unit-tests	2026-09-23T11:52:22.0364310Z test_missing_or_nonzero_operation_rejected_after_rebinding (test_cvc_axioms.CvcAxiomsClosureTests) ... ok
unit-tests	Run python scripts/run-unit-tests	2026-09-23T11:52:22.0434060Z test_old_allowlist_cannot_be_rewritten_and_rebound (test_cvc_axioms.CvcAxiomsClosureTests) ... ok
unit-tests	Run python scripts/run-unit-tests	2026-09-23T11:52:22.0525820Z test_omitted_assumption_rejected_after_rebinding (test_cvc_axioms.CvcAxiomsClosureTests) ... ok
unit-tests	Run python scripts/run-unit-tests	2026-09-23T11:52:22.0604751Z test_real_closure_validates_without_source_payloads (test_cvc_axioms.CvcAxiomsClosureTests) ... ok
unit-tests	Run python scripts/run-unit-tests	2026-09-23T11:52:22.0623142Z test_source_byte_mismatch_fails_full_check (test_cvc_axioms.CvcAxiomsClosureTests) ... ok
unit-tests	Run python scripts/run-unit-tests	2026-09-23T11:52:22.0707381Z test_valid_unrelated_statement_excerpt_rejected_after_rebinding (test_cvc_axioms.CvcAxiomsClosureTests) ... ok
unit-tests	Run python scripts/run-unit-tests	2026-09-23T11:52:22.0708810Z test_comparator_reports_extract_exact_multiline_lists (test_cvc_axioms.CvcAxiomsHelpersTests) ... ok
unit-tests	Run python scripts/run-unit-tests	2026-09-23T11:52:22.0710121Z test_comparator_reports_reject_missing_and_duplicate (test_cvc_axioms.CvcAxiomsHelpersTests) ... ok
unit-tests	Run python scripts/run-unit-tests	2026-09-23T11:52:22.0717809Z test_manifest_binding_rejects_changed_evidence (test_cvc_axioms.CvcAxiomsHelpersTests) ... ok
unit-tests	Run python scripts/run-unit-tests	2026-09-23T11:52:22.0719132Z test_sessions_reject_counter_and_duration_tampering (test_cvc_axioms.CvcAxiomsHelpersTests) ... ok
unit-tests	Run python scripts/run-unit-tests	2026-09-23T11:52:22.0722896Z test_source_excerpt_rejects_misbinding_and_changed_hash (test_cvc_axioms.CvcAxiomsHelpersTests) ... ok
unit-tests	Run python scripts/run-unit-tests	2026-09-23T11:52:22.0724496Z test_statement_rejects_valid_but_unrelated_excerpt (test_cvc_axioms.CvcAxiomsHelpersTests) ... ok
unit-tests	Run python scripts/run-unit-tests	2026-09-23T11:52:22.0725955Z test_attempt_38_and_exhausted_compile_rejected (test_cvc_prep.BudgetTests) ... ok
unit-tests	Run python scripts/run-unit-tests	2026-09-23T11:52:22.0727785Z test_deadlines_include_session_and_compilation_subcaps (test_cvc_prep.BudgetTests) ... ok
unit-tests	Run python scripts/run-unit-tests	2026-09-23T11:52:22.0728958Z test_reversed_overlong_and_closed_sessions_rejected (test_cvc_prep.BudgetTests) ... ok
unit-tests	Run python scripts/run-unit-tests	2026-09-23T11:52:22.0730360Z test_two_session_total_and_third_session_rejection (test_cvc_prep.BudgetTests) ... ok
unit-tests	Run python scripts/run-unit-tests	2026-09-23T11:52:22.1116486Z {"attempt": 1, "module": "Batteries.M0", "status": "COMPLETE", "seconds": 0.01}
unit-tests	Run python scripts/run-unit-tests	2026-09-23T11:52:22.1235603Z {"attempt": 2, "module": "Batteries.M1", "status": "COMPLETE", "seconds": 0.01}
unit-tests	Run python scripts/run-unit-tests	2026-09-23T11:52:22.1359422Z {"attempt": 3, "module": "Batteries.M2", "status": "COMPLETE", "seconds": 0.01}
unit-tests	Run python scripts/run-unit-tests	2026-09-23T11:52:22.1498744Z {"attempt": 4, "module": "Batteries.M3", "status": "COMPLETE", "seconds": 0.01}
unit-tests	Run python scripts/run-unit-tests	2026-09-23T11:52:22.1661722Z {"attempt": 5, "module": "Batteries.M4", "status": "COMPLETE", "seconds": 0.01}
unit-tests	Run python scripts/run-unit-tests	2026-09-23T11:52:22.1828256Z {"attempt": 6, "module": "Batteries.M5", "status": "COMPLETE", "seconds": 0.01}
unit-tests	Run python scripts/run-unit-tests	2026-09-23T11:52:22.2002170Z {"attempt": 7, "module": "Batteries.M6", "status": "COMPLETE", "seconds": 0.01}
unit-tests	Run python scripts/run-unit-tests	2026-09-23T11:52:22.2220846Z {"attempt": 8, "module": "Batteries.M7", "status": "COMPLETE", "seconds": 0.01}
unit-tests	Run python scripts/run-unit-tests	2026-09-23T11:52:22.2408775Z {"attempt": 9, "module": "Batteries.M8", "status": "COMPLETE", "seconds": 0.01}
unit-tests	Run python scripts/run-unit-tests	2026-09-23T11:52:22.2608554Z {"attempt": 10, "module": "Batteries.M9", "status": "COMPLETE", "seconds": 0.01}
unit-tests	Run python scripts/run-unit-tests	2026-09-23T11:52:22.2818759Z {"attempt": 11, "module": "Batteries.M10", "status": "COMPLETE", "seconds": 0.01}
unit-tests	Run python scripts/run-unit-tests	2026-09-23T11:52:22.3040067Z {"attempt": 12, "module": "Batteries.M11", "status": "COMPLETE", "seconds": 0.01}
unit-tests	Run python scripts/run-unit-tests	2026-09-23T11:52:22.3272804Z {"attempt": 13, "module": "Batteries.M12", "status": "COMPLETE", "seconds": 0.01}
unit-tests	Run python scripts/run-unit-tests	2026-09-23T11:52:22.3513801Z {"attempt": 14, "module": "Batteries.M13", "status": "COMPLETE", "seconds": 0.01}
unit-tests	Run python scripts/run-unit-tests	2026-09-23T11:52:22.3766970Z {"attempt": 15, "module": "Batteries.M14", "status": "COMPLETE", "seconds": 0.01}
unit-tests	Run python scripts/run-unit-tests	2026-09-23T11:52:22.4030755Z {"attempt": 16, "module": "Batteries.M15", "status": "COMPLETE", "seconds": 0.01}
unit-tests	Run python scripts/run-unit-tests	2026-09-23T11:52:22.4307761Z {"attempt": 17, "module": "Batteries.M16", "status": "COMPLETE", "seconds": 0.01}
unit-tests	Run python scripts/run-unit-tests	2026-09-23T11:52:22.4593537Z {"attempt": 18, "module": "Batteries.M17", "status": "COMPLETE", "seconds": 0.01}
unit-tests	Run python scripts/run-unit-tests	2026-09-23T11:52:22.4891532Z {"attempt": 19, "module": "Batteries.M18", "status": "COMPLETE", "seconds": 0.01}
unit-tests	Run python scripts/run-unit-tests	2026-09-23T11:52:22.5207017Z {"attempt": 20, "module": "Batteries.M19", "status": "COMPLETE", "seconds": 0.01}
unit-tests	Run python scripts/run-unit-tests	2026-09-23T11:52:22.5545204Z {"attempt": 21, "module": "Batteries.M20", "status": "COMPLETE", "seconds": 0.01}
unit-tests	Run python scripts/run-unit-tests	2026-09-23T11:52:22.6077043Z {"attempt": 22, "module": "Batteries.M21", "status": "COMPLETE", "seconds": 0.01}
unit-tests	Run python scripts/run-unit-tests	2026-09-23T11:52:22.6439197Z {"attempt": 23, "module": "Batteries.M22", "status": "COMPLETE", "seconds": 0.01}
unit-tests	Run python scripts/run-unit-tests	2026-09-23T11:52:22.6819208Z {"attempt": 24, "module": "Batteries.M23", "status": "COMPLETE", "seconds": 0.01}
unit-tests	Run python scripts/run-unit-tests	2026-09-23T11:52:22.7215292Z {"attempt": 25, "module": "Batteries.M24", "status": "COMPLETE", "seconds": 0.01}
unit-tests	Run python scripts/run-unit-tests	2026-09-23T11:52:22.7623031Z {"attempt": 26, "module": "Lean4Lean.M0", "status": "COMPLETE", "seconds": 0.01}
unit-tests	Run python scripts/run-unit-tests	2026-09-23T11:52:22.8053849Z {"attempt": 27, "module": "Lean4Lean.M1", "status": "COMPLETE", "seconds": 0.01}
unit-tests	Run python scripts/run-unit-tests	2026-09-23T11:52:22.8492728Z {"attempt": 28, "module": "Lean4Lean.M2", "status": "COMPLETE", "seconds": 0.01}
unit-tests	Run python scripts/run-unit-tests	2026-09-23T11:52:22.8944473Z {"attempt": 29, "module": "Lean4Lean.M3", "status": "COMPLETE", "seconds": 0.01}
unit-tests	Run python scripts/run-unit-tests	2026-09-23T11:52:22.9411024Z {"attempt": 30, "module": "Lean4Lean.M4", "status": "COMPLETE", "seconds": 0.01}
unit-tests	Run python scripts/run-unit-tests	2026-09-23T11:52:22.9894574Z {"attempt": 31, "module": "Lean4Lean.M5", "status": "COMPLETE", "seconds": 0.01}
unit-tests	Run python scripts/run-unit-tests	2026-09-23T11:52:23.0393957Z {"attempt": 32, "module": "Lean4Lean.M6", "status": "COMPLETE", "seconds": 0.01}
unit-tests	Run python scripts/run-unit-tests	2026-09-23T11:52:23.0909403Z {"attempt": 33, "module": "Lean4Lean.M7", "status": "COMPLETE", "seconds": 0.01}
unit-tests	Run python scripts/run-unit-tests	2026-09-23T11:52:23.1439013Z {"attempt": 34, "module": "Lean4Lean.M8", "status": "COMPLETE", "seconds": 0.01}
unit-tests	Run python scripts/run-unit-tests	2026-09-23T11:52:23.1984365Z {"attempt": 35, "module": "Lean4Lean.M9", "status": "COMPLETE", "seconds": 0.01}
unit-tests	Run python scripts/run-unit-tests	2026-09-23T11:52:23.2549563Z {"attempt": 36, "module": "Lean4Lean.M10", "status": "COMPLETE", "seconds": 0.01}
unit-tests	Run python scripts/run-unit-tests	2026-09-23T11:52:23.3122020Z {"attempt": 37, "module": "Lean4Lean.M11", "status": "COMPLETE", "seconds": 0.01}
unit-tests	Run python scripts/run-unit-tests	2026-09-23T11:52:23.3926982Z test_changed_dependency_and_unrecorded_output_rejected (test_cvc_prep.ControllerTests) ... ok
unit-tests	Run python scripts/run-unit-tests	2026-09-23T11:52:23.4302493Z {"attempt": 1, "module": "Batteries.M0", "status": "COMPLETE", "seconds": 0.01}
unit-tests	Run python scripts/run-unit-tests	2026-09-23T11:52:23.4414696Z {"attempt": 2, "module": "Batteries.M1", "status": "COMPLETE", "seconds": 0.01}
unit-tests	Run python scripts/run-unit-tests	2026-09-23T11:52:23.4536348Z {"attempt": 3, "module": "Batteries.M2", "status": "COMPLETE", "seconds": 0.01}
unit-tests	Run python scripts/run-unit-tests	2026-09-23T11:52:23.4673035Z {"attempt": 4, "module": "Batteries.M3", "status": "COMPLETE", "seconds": 0.01}
unit-tests	Run python scripts/run-unit-tests	2026-09-23T11:52:23.4816771Z {"attempt": 5, "module": "Batteries.M4", "status": "COMPLETE", "seconds": 0.01}
unit-tests	Run python scripts/run-unit-tests	2026-09-23T11:52:23.4972567Z {"attempt": 6, "module": "Batteries.M5", "status": "COMPLETE", "seconds": 0.01}
unit-tests	Run python scripts/run-unit-tests	2026-09-23T11:52:23.5135665Z {"attempt": 7, "module": "Batteries.M6", "status": "COMPLETE", "seconds": 0.01}
unit-tests	Run python scripts/run-unit-tests	2026-09-23T11:52:23.5308247Z {"attempt": 8, "module": "Batteries.M7", "status": "COMPLETE", "seconds": 0.01}
unit-tests	Run python scripts/run-unit-tests	2026-09-23T11:52:23.5496250Z {"attempt": 9, "module": "Batteries.M8", "status": "COMPLETE", "seconds": 0.01}
unit-tests	Run python scripts/run-unit-tests	2026-09-23T11:52:23.5691679Z {"attempt": 10, "module": "Batteries.M9", "status": "COMPLETE", "seconds": 0.01}
unit-tests	Run python scripts/run-unit-tests	2026-09-23T11:52:23.5896443Z {"attempt": 11, "module": "Batteries.M10", "status": "COMPLETE", "seconds": 0.01}
unit-tests	Run python scripts/run-unit-tests	2026-09-23T11:52:23.6112827Z {"attempt": 12, "module": "Batteries.M11", "status": "COMPLETE", "seconds": 0.01}
unit-tests	Run python scripts/run-unit-tests	2026-09-23T11:52:23.6340350Z {"attempt": 13, "module": "Batteries.M12", "status": "COMPLETE", "seconds": 0.01}
unit-tests	Run python scripts/run-unit-tests	2026-09-23T11:52:23.6578224Z {"attempt": 14, "module": "Batteries.M13", "status": "COMPLETE", "seconds": 0.01}
unit-tests	Run python scripts/run-unit-tests	2026-09-23T11:52:23.6828984Z {"attempt": 15, "module": "Batteries.M14", "status": "COMPLETE", "seconds": 0.01}
unit-tests	Run python scripts/run-unit-tests	2026-09-23T11:52:23.7123987Z {"attempt": 16, "module": "Batteries.M15", "status": "COMPLETE", "seconds": 0.01}
unit-tests	Run python scripts/run-unit-tests	2026-09-23T11:52:23.7400639Z {"attempt": 17, "module": "Batteries.M16", "status": "COMPLETE", "seconds": 0.01}
unit-tests	Run python scripts/run-unit-tests	2026-09-23T11:52:23.7692769Z {"attempt": 18, "module": "Batteries.M17", "status": "COMPLETE", "seconds": 0.01}
unit-tests	Run python scripts/run-unit-tests	2026-09-23T11:52:23.7993496Z {"attempt": 19, "module": "Batteries.M18", "status": "COMPLETE", "seconds": 0.01}
unit-tests	Run python scripts/run-unit-tests	2026-09-23T11:52:23.8310571Z {"attempt": 20, "module": "Batteries.M19", "status": "COMPLETE", "seconds": 0.01}
unit-tests	Run python scripts/run-unit-tests	2026-09-23T11:52:23.8644559Z {"attempt": 21, "module": "Batteries.M20", "status": "COMPLETE", "seconds": 0.01}
unit-tests	Run python scripts/run-unit-tests	2026-09-23T11:52:23.8990214Z {"attempt": 22, "module": "Batteries.M21", "status": "COMPLETE", "seconds": 0.01}
unit-tests	Run python scripts/run-unit-tests	2026-09-23T11:52:23.9342830Z {"attempt": 23, "module": "Batteries.M22", "status": "COMPLETE", "seconds": 0.01}
unit-tests	Run python scripts/run-unit-tests	2026-09-23T11:52:23.9710276Z {"attempt": 24, "module": "Batteries.M23", "status": "COMPLETE", "seconds": 0.01}
unit-tests	Run python scripts/run-unit-tests	2026-09-23T11:52:24.0092151Z {"attempt": 25, "module": "Batteries.M24", "status": "COMPLETE", "seconds": 0.01}
unit-tests	Run python scripts/run-unit-tests	2026-09-23T11:52:24.0527222Z {"attempt": 26, "module": "Lean4Lean.M0", "status": "COMPLETE", "seconds": 0.01}
unit-tests	Run python scripts/run-unit-tests	2026-09-23T11:52:24.0943402Z {"attempt": 27, "module": "Lean4Lean.M1", "status": "COMPLETE", "seconds": 0.01}
unit-tests	Run python scripts/run-unit-tests	2026-09-23T11:52:24.1367923Z {"attempt": 28, "module": "Lean4Lean.M2", "status": "COMPLETE", "seconds": 0.01}
unit-tests	Run python scripts/run-unit-tests	2026-09-23T11:52:24.1806555Z {"attempt": 29, "module": "Lean4Lean.M3", "status": "COMPLETE", "seconds": 0.01}
unit-tests	Run python scripts/run-unit-tests	2026-09-23T11:52:24.2262212Z {"attempt": 30, "module": "Lean4Lean.M4", "status": "COMPLETE", "seconds": 0.01}
unit-tests	Run python scripts/run-unit-tests	2026-09-23T11:52:24.2759080Z {"attempt": 31, "module": "Lean4Lean.M5", "status": "COMPLETE", "seconds": 0.01}
unit-tests	Run python scripts/run-unit-tests	2026-09-23T11:52:24.3242236Z {"attempt": 32, "module": "Lean4Lean.M6", "status": "COMPLETE", "seconds": 0.01}
unit-tests	Run python scripts/run-unit-tests	2026-09-23T11:52:24.3749392Z {"attempt": 33, "module": "Lean4Lean.M7", "status": "COMPLETE", "seconds": 0.01}
unit-tests	Run python scripts/run-unit-tests	2026-09-23T11:52:24.4267454Z {"attempt": 34, "module": "Lean4Lean.M8", "status": "COMPLETE", "seconds": 0.01}
unit-tests	Run python scripts/run-unit-tests	2026-09-23T11:52:24.4805839Z {"attempt": 35, "module": "Lean4Lean.M9", "status": "COMPLETE", "seconds": 0.01}
unit-tests	Run python scripts/run-unit-tests	2026-09-23T11:52:24.5357955Z {"attempt": 36, "module": "Lean4Lean.M10", "status": "COMPLETE", "seconds": 0.01}
unit-tests	Run python scripts/run-unit-tests	2026-09-23T11:52:24.5943494Z {"attempt": 37, "module": "Lean4Lean.M11", "status": "COMPLETE", "seconds": 0.01}
unit-tests	Run python scripts/run-unit-tests	2026-09-23T11:52:24.6575783Z test_changed_source_and_runtime_stop_before_spawn (test_cvc_prep.ControllerTests) ... ok
unit-tests	Run python scripts/run-unit-tests	2026-09-23T11:52:24.6784588Z test_extra_args_network_compiler_paths_and_modules_rejected (test_cvc_prep.ControllerTests) ... ok
unit-tests	Run python scripts/run-unit-tests	2026-09-23T11:52:24.7161466Z {"attempt": 1, "module": "Batteries.M0", "status": "FAILED", "seconds": 0.01}
unit-tests	Run python scripts/run-unit-tests	2026-09-23T11:52:24.7232744Z test_failure_stops_and_cannot_retry (test_cvc_prep.ControllerTests) ... ok
unit-tests	Run python scripts/run-unit-tests	2026-09-23T11:52:24.7607359Z {"attempt": 1, "module": "Batteries.M0", "status": "COMPLETE", "seconds": 0.01}
unit-tests	Run python scripts/run-unit-tests	2026-09-23T11:52:24.7719278Z {"attempt": 2, "module": "Batteries.M1", "status": "COMPLETE", "seconds": 0.01}
unit-tests	Run python scripts/run-unit-tests	2026-09-23T11:52:24.7859172Z {"attempt": 3, "module": "Batteries.M2", "status": "COMPLETE", "seconds": 0.01}
unit-tests	Run python scripts/run-unit-tests	2026-09-23T11:52:24.7990541Z {"attempt": 4, "module": "Batteries.M3", "status": "COMPLETE", "seconds": 0.01}
unit-tests	Run python scripts/run-unit-tests	2026-09-23T11:52:24.8160496Z {"attempt": 5, "module": "Batteries.M4", "status": "COMPLETE", "seconds": 0.01}
unit-tests	Run python scripts/run-unit-tests	2026-09-23T11:52:24.8316911Z {"attempt": 6, "module": "Batteries.M5", "status": "COMPLETE", "seconds": 0.01}
unit-tests	Run python scripts/run-unit-tests	2026-09-23T11:52:24.8480441Z {"attempt": 7, "module": "Batteries.M6", "status": "COMPLETE", "seconds": 0.01}
unit-tests	Run python scripts/run-unit-tests	2026-09-23T11:52:24.8654084Z {"attempt": 8, "module": "Batteries.M7", "status": "COMPLETE", "seconds": 0.01}
unit-tests	Run python scripts/run-unit-tests	2026-09-23T11:52:24.8839627Z {"attempt": 9, "module": "Batteries.M8", "status": "COMPLETE", "seconds": 0.01}
unit-tests	Run python scripts/run-unit-tests	2026-09-23T11:52:24.9040575Z {"attempt": 10, "module": "Batteries.M9", "status": "COMPLETE", "seconds": 0.01}
unit-tests	Run python scripts/run-unit-tests	2026-09-23T11:52:24.9251491Z {"attempt": 11, "module": "Batteries.M10", "status": "COMPLETE", "seconds": 0.01}
unit-tests	Run python scripts/run-unit-tests	2026-09-23T11:52:24.9468399Z {"attempt": 12, "module": "Batteries.M11", "status": "COMPLETE", "seconds": 0.01}
unit-tests	Run python scripts/run-unit-tests	2026-09-23T11:52:24.9697829Z {"attempt": 13, "module": "Batteries.M12", "status": "COMPLETE", "seconds": 0.01}
unit-tests	Run python scripts/run-unit-tests	2026-09-23T11:52:24.9935262Z {"attempt": 14, "module": "Batteries.M13", "status": "COMPLETE", "seconds": 0.01}
unit-tests	Run python scripts/run-unit-tests	2026-09-23T11:52:25.0184697Z {"attempt": 15, "module": "Batteries.M14", "status": "COMPLETE", "seconds": 0.01}
unit-tests	Run python scripts/run-unit-tests	2026-09-23T11:52:25.0446912Z {"attempt": 16, "module": "Batteries.M15", "status": "COMPLETE", "seconds": 0.01}
unit-tests	Run python scripts/run-unit-tests	2026-09-23T11:52:25.0730479Z {"attempt": 17, "module": "Batteries.M16", "status": "COMPLETE", "seconds": 0.01}
unit-tests	Run python scripts/run-unit-tests	2026-09-23T11:52:25.1016565Z {"attempt": 18, "module": "Batteries.M17", "status": "COMPLETE", "seconds": 0.01}
unit-tests	Run python scripts/run-unit-tests	2026-09-23T11:52:25.1317892Z {"attempt": 19, "module": "Batteries.M18", "status": "COMPLETE", "seconds": 0.01}
unit-tests	Run python scripts/run-unit-tests	2026-09-23T11:52:25.1631369Z {"attempt": 20, "module": "Batteries.M19", "status": "COMPLETE", "seconds": 0.01}
unit-tests	Run python scripts/run-unit-tests	2026-09-23T11:52:25.1958247Z {"attempt": 21, "module": "Batteries.M20", "status": "COMPLETE", "seconds": 0.01}
unit-tests	Run python scripts/run-unit-tests	2026-09-23T11:52:25.2303981Z {"attempt": 22, "module": "Batteries.M21", "status": "COMPLETE", "seconds": 0.01}
unit-tests	Run python scripts/run-unit-tests	2026-09-23T11:52:25.2668676Z {"attempt": 23, "module": "Batteries.M22", "status": "COMPLETE", "seconds": 0.01}
unit-tests	Run python scripts/run-unit-tests	2026-09-23T11:52:25.3045877Z {"attempt": 24, "module": "Batteries.M23", "status": "COMPLETE", "seconds": 0.01}
unit-tests	Run python scripts/run-unit-tests	2026-09-23T11:52:25.3452005Z {"attempt": 25, "module": "Batteries.M24", "status": "COMPLETE", "seconds": 0.01}
unit-tests	Run python scripts/run-unit-tests	2026-09-23T11:52:25.3889770Z {"attempt": 26, "module": "Lean4Lean.M0", "status": "COMPLETE", "seconds": 0.01}
unit-tests	Run python scripts/run-unit-tests	2026-09-23T11:52:25.4329574Z {"attempt": 27, "module": "Lean4Lean.M1", "status": "COMPLETE", "seconds": 0.01}
unit-tests	Run python scripts/run-unit-tests	2026-09-23T11:52:25.4777089Z {"attempt": 28, "module": "Lean4Lean.M2", "status": "COMPLETE", "seconds": 0.01}
unit-tests	Run python scripts/run-unit-tests	2026-09-23T11:52:25.5244855Z {"attempt": 29, "module": "Lean4Lean.M3", "status": "COMPLETE", "seconds": 0.01}
unit-tests	Run python scripts/run-unit-tests	2026-09-23T11:52:25.5717720Z {"attempt": 30, "module": "Lean4Lean.M4", "status": "COMPLETE", "seconds": 0.01}
unit-tests	Run python scripts/run-unit-tests	2026-09-23T11:52:25.6205953Z {"attempt": 31, "module": "Lean4Lean.M5", "status": "COMPLETE", "seconds": 0.01}
unit-tests	Run python scripts/run-unit-tests	2026-09-23T11:52:25.6709768Z {"attempt": 32, "module": "Lean4Lean.M6", "status": "COMPLETE", "seconds": 0.01}
unit-tests	Run python scripts/run-unit-tests	2026-09-23T11:52:25.7228092Z {"attempt": 33, "module": "Lean4Lean.M7", "status": "COMPLETE", "seconds": 0.01}
unit-tests	Run python scripts/run-unit-tests	2026-09-23T11:52:25.7758512Z {"attempt": 34, "module": "Lean4Lean.M8", "status": "COMPLETE", "seconds": 0.01}
unit-tests	Run python scripts/run-unit-tests	2026-09-23T11:52:25.8316088Z {"attempt": 35, "module": "Lean4Lean.M9", "status": "COMPLETE", "seconds": 0.01}
unit-tests	Run python scripts/run-unit-tests	2026-09-23T11:52:25.8904321Z {"attempt": 36, "module": "Lean4Lean.M10", "status": "COMPLETE", "seconds": 0.01}
unit-tests	Run python scripts/run-unit-tests	2026-09-23T11:52:25.9486413Z {"attempt": 37, "module": "Lean4Lean.M11", "status": "COMPLETE", "seconds": 0.01}
unit-tests	Run python scripts/run-unit-tests	2026-09-23T11:52:26.0438669Z test_full_order_sidecars_once_and_successful_resume_no_replay (test_cvc_prep.ControllerTests) ... ok
unit-tests	Run python scripts/run-unit-tests	2026-09-23T11:52:26.0817192Z {"attempt": 1, "module": "Batteries.M0", "status": "COMPLETE", "seconds": 0.01}
unit-tests	Run python scripts/run-unit-tests	2026-09-23T11:52:26.0934606Z {"attempt": 2, "module": "Batteries.M1", "status": "COMPLETE", "seconds": 0.01}
unit-tests	Run python scripts/run-unit-tests	2026-09-23T11:52:26.1057386Z {"attempt": 3, "module": "Batteries.M2", "status": "COMPLETE", "seconds": 0.01}
unit-tests	Run python scripts/run-unit-tests	2026-09-23T11:52:26.1193357Z {"attempt": 4, "module": "Batteries.M3", "status": "COMPLETE", "seconds": 0.01}
unit-tests	Run python scripts/run-unit-tests	2026-09-23T11:52:26.1338248Z {"attempt": 5, "module": "Batteries.M4", "status": "COMPLETE", "seconds": 0.01}
unit-tests	Run python scripts/run-unit-tests	2026-09-23T11:52:26.1496961Z {"attempt": 6, "module": "Batteries.M5", "status": "COMPLETE", "seconds": 0.01}
unit-tests	Run python scripts/run-unit-tests	2026-09-23T11:52:26.1667357Z {"attempt": 7, "module": "Batteries.M6", "status": "COMPLETE", "seconds": 0.01}
unit-tests	Run python scripts/run-unit-tests	2026-09-23T11:52:26.1844654Z {"attempt": 8, "module": "Batteries.M7", "status": "COMPLETE", "seconds": 0.01}
unit-tests	Run python scripts/run-unit-tests	2026-09-23T11:52:26.2030453Z {"attempt": 9, "module": "Batteries.M8", "status": "COMPLETE", "seconds": 0.01}
unit-tests	Run python scripts/run-unit-tests	2026-09-23T11:52:26.2232694Z {"attempt": 10, "module": "Batteries.M9", "status": "COMPLETE", "seconds": 0.01}
unit-tests	Run python scripts/run-unit-tests	2026-09-23T11:52:26.2445069Z {"attempt": 11, "module": "Batteries.M10", "status": "COMPLETE", "seconds": 0.01}
unit-tests	Run python scripts/run-unit-tests	2026-09-23T11:52:26.2672056Z {"attempt": 12, "module": "Batteries.M11", "status": "COMPLETE", "seconds": 0.01}
unit-tests	Run python scripts/run-unit-tests	2026-09-23T11:52:26.2904557Z {"attempt": 13, "module": "Batteries.M12", "status": "COMPLETE", "seconds": 0.01}
unit-tests	Run python scripts/run-unit-tests	2026-09-23T11:52:26.3153543Z {"attempt": 14, "module": "Batteries.M13", "status": "COMPLETE", "seconds": 0.01}
unit-tests	Run python scripts/run-unit-tests	2026-09-23T11:52:26.3410957Z {"attempt": 15, "module": "Batteries.M14", "status": "COMPLETE", "seconds": 0.01}
unit-tests	Run python scripts/run-unit-tests	2026-09-23T11:52:26.3688324Z {"attempt": 16, "module": "Batteries.M15", "status": "COMPLETE", "seconds": 0.01}
unit-tests	Run python scripts/run-unit-tests	2026-09-23T11:52:26.3972896Z {"attempt": 17, "module": "Batteries.M16", "status": "COMPLETE", "seconds": 0.01}
unit-tests	Run python scripts/run-unit-tests	2026-09-23T11:52:26.4276616Z {"attempt": 18, "module": "Batteries.M17", "status": "COMPLETE", "seconds": 0.01}
unit-tests	Run python scripts/run-unit-tests	2026-09-23T11:52:26.4583653Z {"attempt": 19, "module": "Batteries.M18", "status": "COMPLETE", "seconds": 0.01}
unit-tests	Run python scripts/run-unit-tests	2026-09-23T11:52:26.4912603Z {"attempt": 20, "module": "Batteries.M19", "status": "COMPLETE", "seconds": 0.01}
unit-tests	Run python scripts/run-unit-tests	2026-09-23T11:52:26.5255029Z {"attempt": 21, "module": "Batteries.M20", "status": "COMPLETE", "seconds": 0.01}
unit-tests	Run python scripts/run-unit-tests	2026-09-23T11:52:26.5607345Z {"attempt": 22, "module": "Batteries.M21", "status": "COMPLETE", "seconds": 0.01}
unit-tests	Run python scripts/run-unit-tests	2026-09-23T11:52:26.5966627Z {"attempt": 23, "module": "Batteries.M22", "status": "COMPLETE", "seconds": 0.01}
unit-tests	Run python scripts/run-unit-tests	2026-09-23T11:52:26.6337663Z {"attempt": 24, "module": "Batteries.M23", "status": "COMPLETE", "seconds": 0.01}
unit-tests	Run python scripts/run-unit-tests	2026-09-23T11:52:26.6724811Z {"attempt": 25, "module": "Batteries.M24", "status": "COMPLETE", "seconds": 0.01}
unit-tests	Run python scripts/run-unit-tests	2026-09-23T11:52:26.7125159Z {"attempt": 26, "module": "Lean4Lean.M0", "status": "COMPLETE", "seconds": 0.01}
unit-tests	Run python scripts/run-unit-tests	2026-09-23T11:52:26.7537792Z {"attempt": 27, "module": "Lean4Lean.M1", "status": "COMPLETE", "seconds": 0.01}
unit-tests	Run python scripts/run-unit-tests	2026-09-23T11:52:26.7958440Z {"attempt": 28, "module": "Lean4Lean.M2", "status": "COMPLETE", "seconds": 0.01}
unit-tests	Run python scripts/run-unit-tests	2026-09-23T11:52:26.8396142Z {"attempt": 29, "module": "Lean4Lean.M3", "status": "COMPLETE", "seconds": 0.01}
unit-tests	Run python scripts/run-unit-tests	2026-09-23T11:52:26.8855715Z {"attempt": 30, "module": "Lean4Lean.M4", "status": "COMPLETE", "seconds": 0.01}
unit-tests	Run python scripts/run-unit-tests	2026-09-23T11:52:26.9333666Z {"attempt": 31, "module": "Lean4Lean.M5", "status": "COMPLETE", "seconds": 0.01}
unit-tests	Run python scripts/run-unit-tests	2026-09-23T11:52:26.9969322Z {"attempt": 32, "module": "Lean4Lean.M6", "status": "COMPLETE", "seconds": 0.01}
unit-tests	Run python scripts/run-unit-tests	2026-09-23T11:52:27.0477897Z {"attempt": 33, "module": "Lean4Lean.M7", "status": "COMPLETE", "seconds": 0.01}
unit-tests	Run python scripts/run-unit-tests	2026-09-23T11:52:27.1006394Z {"attempt": 34, "module": "Lean4Lean.M8", "status": "COMPLETE", "seconds": 0.01}
unit-tests	Run python scripts/run-unit-tests	2026-09-23T11:52:27.1559613Z {"attempt": 35, "module": "Lean4Lean.M9", "status": "COMPLETE", "seconds": 0.01}
unit-tests	Run python scripts/run-unit-tests	2026-09-23T11:52:27.2137096Z {"attempt": 36, "module": "Lean4Lean.M10", "status": "COMPLETE", "seconds": 0.01}
unit-tests	Run python scripts/run-unit-tests	2026-09-23T11:52:27.2715112Z {"attempt": 37, "module": "Lean4Lean.M11", "status": "COMPLETE", "seconds": 0.01}
unit-tests	Run python scripts/run-unit-tests	2026-09-23T11:52:27.3132146Z test_missing_marker_or_ledger_cannot_reset (test_cvc_prep.ControllerTests) ... ok
unit-tests	Run python scripts/run-unit-tests	2026-09-23T11:52:27.3526045Z {"attempt": 1, "module": "Batteries.M0", "status": "COMPLETE", "seconds": 0.01}
unit-tests	Run python scripts/run-unit-tests	2026-09-23T11:52:27.3639386Z {"attempt": 2, "module": "Batteries.M1", "status": "COMPLETE", "seconds": 0.01}
unit-tests	Run python scripts/run-unit-tests	2026-09-23T11:52:27.3761427Z {"attempt": 3, "module": "Batteries.M2", "status": "COMPLETE", "seconds": 0.01}
unit-tests	Run python scripts/run-unit-tests	2026-09-23T11:52:27.3892011Z {"attempt": 4, "module": "Batteries.M3", "status": "COMPLETE", "seconds": 0.01}
unit-tests	Run python scripts/run-unit-tests	2026-09-23T11:52:27.4034579Z {"attempt": 5, "module": "Batteries.M4", "status": "COMPLETE", "seconds": 0.01}
unit-tests	Run python scripts/run-unit-tests	2026-09-23T11:52:27.4186345Z {"attempt": 6, "module": "Batteries.M5", "status": "COMPLETE", "seconds": 0.01}
unit-tests	Run python scripts/run-unit-tests	2026-09-23T11:52:27.4347473Z {"attempt": 7, "module": "Batteries.M6", "status": "COMPLETE", "seconds": 0.01}
unit-tests	Run python scripts/run-unit-tests	2026-09-23T11:52:27.4520271Z {"attempt": 8, "module": "Batteries.M7", "status": "COMPLETE", "seconds": 0.01}
unit-tests	Run python scripts/run-unit-tests	2026-09-23T11:52:27.4710190Z {"attempt": 9, "module": "Batteries.M8", "status": "COMPLETE", "seconds": 0.01}
unit-tests	Run python scripts/run-unit-tests	2026-09-23T11:52:27.4912474Z {"attempt": 10, "module": "Batteries.M9", "status": "COMPLETE", "seconds": 0.01}
unit-tests	Run python scripts/run-unit-tests	2026-09-23T11:52:27.5123548Z {"attempt": 11, "module": "Batteries.M10", "status": "COMPLETE", "seconds": 0.01}
unit-tests	Run python scripts/run-unit-tests	2026-09-23T11:52:27.5349061Z {"attempt": 12, "module": "Batteries.M11", "status": "COMPLETE", "seconds": 0.01}
unit-tests	Run python scripts/run-unit-tests	2026-09-23T11:52:27.5588087Z {"attempt": 13, "module": "Batteries.M12", "status": "COMPLETE", "seconds": 0.01}
unit-tests	Run python scripts/run-unit-tests	2026-09-23T11:52:27.5837002Z {"attempt": 14, "module": "Batteries.M13", "status": "COMPLETE", "seconds": 0.01}
unit-tests	Run python scripts/run-unit-tests	2026-09-23T11:52:27.6094763Z {"attempt": 15, "module": "Batteries.M14", "status": "COMPLETE", "seconds": 0.01}
unit-tests	Run python scripts/run-unit-tests	2026-09-23T11:52:27.6367123Z {"attempt": 16, "module": "Batteries.M15", "status": "COMPLETE", "seconds": 0.01}
unit-tests	Run python scripts/run-unit-tests	2026-09-23T11:52:27.6649389Z {"attempt": 17, "module": "Batteries.M16", "status": "COMPLETE", "seconds": 0.01}
unit-tests	Run python scripts/run-unit-tests	2026-09-23T11:52:27.6943914Z {"attempt": 18, "module": "Batteries.M17", "status": "COMPLETE", "seconds": 0.01}
unit-tests	Run python scripts/run-unit-tests	2026-09-23T11:52:27.7250621Z {"attempt": 19, "module": "Batteries.M18", "status": "COMPLETE", "seconds": 0.01}
unit-tests	Run python scripts/run-unit-tests	2026-09-23T11:52:27.7562331Z {"attempt": 20, "module": "Batteries.M19", "status": "COMPLETE", "seconds": 0.01}
unit-tests	Run python scripts/run-unit-tests	2026-09-23T11:52:27.7888210Z {"attempt": 21, "module": "Batteries.M20", "status": "COMPLETE", "seconds": 0.01}
unit-tests	Run python scripts/run-unit-tests	2026-09-23T11:52:27.8229396Z {"attempt": 22, "module": "Batteries.M21", "status": "COMPLETE", "seconds": 0.01}
unit-tests	Run python scripts/run-unit-tests	2026-09-23T11:52:27.8580365Z {"attempt": 23, "module": "Batteries.M22", "status": "COMPLETE", "seconds": 0.01}
unit-tests	Run python scripts/run-unit-tests	2026-09-23T11:52:27.8946623Z {"attempt": 24, "module": "Batteries.M23", "status": "COMPLETE", "seconds": 0.01}
unit-tests	Run python scripts/run-unit-tests	2026-09-23T11:52:27.9326405Z {"attempt": 25, "module": "Batteries.M24", "status": "COMPLETE", "seconds": 0.01}
unit-tests	Run python scripts/run-unit-tests	2026-09-23T11:52:27.9718729Z {"attempt": 26, "module": "Lean4Lean.M0", "status": "COMPLETE", "seconds": 0.01}
unit-tests	Run python scripts/run-unit-tests	2026-09-23T11:52:28.0126330Z {"attempt": 27, "module": "Lean4Lean.M1", "status": "COMPLETE", "seconds": 0.01}
unit-tests	Run python scripts/run-unit-tests	2026-09-23T11:52:28.0552448Z {"attempt": 28, "module": "Lean4Lean.M2", "status": "COMPLETE", "seconds": 0.01}
unit-tests	Run python scripts/run-unit-tests	2026-09-23T11:52:28.0999752Z {"attempt": 29, "module": "Lean4Lean.M3", "status": "COMPLETE", "seconds": 0.01}
unit-tests	Run python scripts/run-unit-tests	2026-09-23T11:52:28.1455727Z {"attempt": 30, "module": "Lean4Lean.M4", "status": "COMPLETE", "seconds": 0.01}
unit-tests	Run python scripts/run-unit-tests	2026-09-23T11:52:28.1921118Z {"attempt": 31, "module": "Lean4Lean.M5", "status": "COMPLETE", "seconds": 0.01}
unit-tests	Run python scripts/run-unit-tests	2026-09-23T11:52:28.2410487Z {"attempt": 32, "module": "Lean4Lean.M6", "status": "COMPLETE", "seconds": 0.01}
unit-tests	Run python scripts/run-unit-tests	2026-09-23T11:52:28.2916755Z {"attempt": 33, "module": "Lean4Lean.M7", "status": "COMPLETE", "seconds": 0.01}
unit-tests	Run python scripts/run-unit-tests	2026-09-23T11:52:28.3436574Z {"attempt": 34, "module": "Lean4Lean.M8", "status": "COMPLETE", "seconds": 0.01}
unit-tests	Run python scripts/run-unit-tests	2026-09-23T11:52:28.3970067Z {"attempt": 35, "module": "Lean4Lean.M9", "status": "COMPLETE", "seconds": 0.01}
unit-tests	Run python scripts/run-unit-tests	2026-09-23T11:52:28.4532669Z {"attempt": 36, "module": "Lean4Lean.M10", "status": "COMPLETE", "seconds": 0.01}
unit-tests	Run python scripts/run-unit-tests	2026-09-23T11:52:28.5118159Z {"attempt": 37, "module": "Lean4Lean.M11", "status": "COMPLETE", "seconds": 0.01}
unit-tests	Run python scripts/run-unit-tests	2026-09-23T11:52:28.5529082Z test_orphan_conservatively_charged_and_no_replay (test_cvc_prep.ControllerTests) ... ok
unit-tests	Run python scripts/run-unit-tests	2026-09-23T11:52:28.5676306Z test_preflight_never_materializes (test_cvc_prep.ControllerTests) ... ok
unit-tests	Run python scripts/run-unit-tests	2026-09-23T11:52:28.5791312Z test_uncommitted_input_and_nonselected_item_rejected (test_cvc_prep.ControllerTests) ... ok
unit-tests	Run python scripts/run-unit-tests	2026-09-23T11:52:28.5795027Z test_duplicate_reservation_terminal_and_order_rejected (test_cvc_prep.LedgerTests) ... ok
unit-tests	Run python scripts/run-unit-tests	2026-09-23T11:52:28.5830249Z test_hash_chain_rejects_tampering_and_truncation (test_cvc_prep.LedgerTests) ... ok
unit-tests	Run python scripts/run-unit-tests	2026-09-23T11:52:28.5835009Z test_lock_rejects_concurrent_owner (test_cvc_prep.LedgerTests) ... ok
unit-tests	Run python scripts/run-unit-tests	2026-09-23T11:52:28.5836164Z test_orphan_preserves_reservation (test_cvc_prep.LedgerTests) ... ok
unit-tests	Run python scripts/run-unit-tests	2026-09-23T11:52:28.5848262Z test_interruption_kills_group_and_preserves_charge (test_cvc_prep.ProcessTests) ... ok
unit-tests	Run python scripts/run-unit-tests	2026-09-23T11:52:28.6017913Z test_real_success_and_failed_spawn_preserve_logs (test_cvc_prep.ProcessTests) ... ok
unit-tests	Run python scripts/run-unit-tests	2026-09-23T11:52:28.9043901Z test_real_timeout_kills_process_group (test_cvc_prep.ProcessTests) ... ok
unit-tests	Run python scripts/run-unit-tests	2026-09-23T11:52:28.9080275Z test_binder_refuses_any_started_or_stopped_state (test_cvc_prep2.BinderTests) ... ok
unit-tests	Run python scripts/run-unit-tests	2026-09-23T11:52:28.9081810Z test_attempt_11_and_exhausted_compile_rejected (test_cvc_prep2.BudgetTests) ... ok
unit-tests	Run python scripts/run-unit-tests	2026-09-23T11:52:28.9083588Z test_deadlines_include_session_and_compilation_subcaps (test_cvc_prep2.BudgetTests) ... ok
unit-tests	Run python scripts/run-unit-tests	2026-09-23T11:52:28.9084491Z test_reversed_overlong_and_closed_sessions_rejected (test_cvc_prep2.BudgetTests) ... ok
unit-tests	Run python scripts/run-unit-tests	2026-09-23T11:52:28.9085944Z test_two_session_total_and_third_session_rejection (test_cvc_prep2.BudgetTests) ... ok
unit-tests	Run python scripts/run-unit-tests	2026-09-23T11:52:29.1185602Z {"attempt": 1, "module": "Lean4Lean.M2", "status": "COMPLETE", "seconds": 0.01}
unit-tests	Run python scripts/run-unit-tests	2026-09-23T11:52:29.1816441Z {"attempt": 2, "module": "Lean4Lean.M3", "status": "COMPLETE", "seconds": 0.01}
unit-tests	Run python scripts/run-unit-tests	2026-09-23T11:52:29.2476803Z {"attempt": 3, "module": "Lean4Lean.M4", "status": "COMPLETE", "seconds": 0.01}
unit-tests	Run python scripts/run-unit-tests	2026-09-23T11:52:29.3156793Z {"attempt": 4, "module": "Lean4Lean.M5", "status": "COMPLETE", "seconds": 0.01}
unit-tests	Run python scripts/run-unit-tests	2026-09-23T11:52:29.3847717Z {"attempt": 5, "module": "Lean4Lean.M6", "status": "COMPLETE", "seconds": 0.01}
unit-tests	Run python scripts/run-unit-tests	2026-09-23T11:52:29.4569878Z {"attempt": 6, "module": "Lean4Lean.M7", "status": "COMPLETE", "seconds": 0.01}
unit-tests	Run python scripts/run-unit-tests	2026-09-23T11:52:29.5295119Z {"attempt": 7, "module": "Lean4Lean.M8", "status": "COMPLETE", "seconds": 0.01}
unit-tests	Run python scripts/run-unit-tests	2026-09-23T11:52:29.6048593Z {"attempt": 8, "module": "Lean4Lean.M9", "status": "COMPLETE", "seconds": 0.01}
unit-tests	Run python scripts/run-unit-tests	2026-09-23T11:52:29.6817752Z {"attempt": 9, "module": "Lean4Lean.M10", "status": "COMPLETE", "seconds": 0.01}
unit-tests	Run python scripts/run-unit-tests	2026-09-23T11:52:29.7607761Z {"attempt": 10, "module": "Lean4Lean.M11", "status": "COMPLETE", "seconds": 0.01}
unit-tests	Run python scripts/run-unit-tests	2026-09-23T11:52:29.8346935Z test_changed_dependency_and_unrecorded_output_rejected (test_cvc_prep2.ControllerTests) ... ok
unit-tests	Run python scripts/run-unit-tests	2026-09-23T11:52:29.8776289Z test_changed_predecessor_or_commands_cannot_be_rebound_to_new_scope (test_cvc_prep2.ControllerTests) ... ok
unit-tests	Run python scripts/run-unit-tests	2026-09-23T11:52:30.0858812Z {"attempt": 1, "module": "Lean4Lean.M2", "status": "COMPLETE", "seconds": 0.01}
unit-tests	Run python scripts/run-unit-tests	2026-09-23T11:52:30.1636052Z {"attempt": 2, "module": "Lean4Lean.M3", "status": "COMPLETE", "seconds": 0.01}
unit-tests	Run python scripts/run-unit-tests	2026-09-23T11:52:30.2304674Z {"attempt": 3, "module": "Lean4Lean.M4", "status": "COMPLETE", "seconds": 0.01}
unit-tests	Run python scripts/run-unit-tests	2026-09-23T11:52:30.2979820Z {"attempt": 4, "module": "Lean4Lean.M5", "status": "COMPLETE", "seconds": 0.01}
unit-tests	Run python scripts/run-unit-tests	2026-09-23T11:52:30.3663846Z {"attempt": 5, "module": "Lean4Lean.M6", "status": "COMPLETE", "seconds": 0.01}
unit-tests	Run python scripts/run-unit-tests	2026-09-23T11:52:30.4390602Z {"attempt": 6, "module": "Lean4Lean.M7", "status": "COMPLETE", "seconds": 0.01}
unit-tests	Run python scripts/run-unit-tests	2026-09-23T11:52:30.5120443Z {"attempt": 7, "module": "Lean4Lean.M8", "status": "COMPLETE", "seconds": 0.01}
unit-tests	Run python scripts/run-unit-tests	2026-09-23T11:52:30.5871609Z {"attempt": 8, "module": "Lean4Lean.M9", "status": "COMPLETE", "seconds": 0.01}
unit-tests	Run python scripts/run-unit-tests	2026-09-23T11:52:30.6640690Z {"attempt": 9, "module": "Lean4Lean.M10", "status": "COMPLETE", "seconds": 0.01}
unit-tests	Run python scripts/run-unit-tests	2026-09-23T11:52:30.7423188Z {"attempt": 10, "module": "Lean4Lean.M11", "status": "COMPLETE", "seconds": 0.01}
unit-tests	Run python scripts/run-unit-tests	2026-09-23T11:52:30.8084912Z test_changed_source_and_runtime_stop_before_spawn (test_cvc_prep2.ControllerTests) ... ok
unit-tests	Run python scripts/run-unit-tests	2026-09-23T11:52:30.8521967Z test_control_failure_is_terminal_after_inputs_restored (test_cvc_prep2.ControllerTests) ... ok
unit-tests	Run python scripts/run-unit-tests	2026-09-23T11:52:30.8856721Z test_direct_materialization_rechecks_all_sources_runtime_and_seeds (test_cvc_prep2.ControllerTests) ... ok
unit-tests	Run python scripts/run-unit-tests	2026-09-23T11:52:31.0974527Z {"attempt": 1, "module": "Lean4Lean.M2", "status": "COMPLETE", "seconds": 0.01}
unit-tests	Run python scripts/run-unit-tests	2026-09-23T11:52:31.1596079Z {"attempt": 2, "module": "Lean4Lean.M3", "status": "COMPLETE", "seconds": 0.01}
unit-tests	Run python scripts/run-unit-tests	2026-09-23T11:52:31.2239325Z {"attempt": 3, "module": "Lean4Lean.M4", "status": "COMPLETE", "seconds": 0.01}
unit-tests	Run python scripts/run-unit-tests	2026-09-23T11:52:31.2913199Z {"attempt": 4, "module": "Lean4Lean.M5", "status": "COMPLETE", "seconds": 0.01}
unit-tests	Run python scripts/run-unit-tests	2026-09-23T11:52:31.3609647Z {"attempt": 5, "module": "Lean4Lean.M6", "status": "COMPLETE", "seconds": 0.01}
unit-tests	Run python scripts/run-unit-tests	2026-09-23T11:52:31.4352188Z {"attempt": 6, "module": "Lean4Lean.M7", "status": "COMPLETE", "seconds": 0.01}
unit-tests	Run python scripts/run-unit-tests	2026-09-23T11:52:31.5083003Z {"attempt": 7, "module": "Lean4Lean.M8", "status": "COMPLETE", "seconds": 0.01}
unit-tests	Run python scripts/run-unit-tests	2026-09-23T11:52:31.5832753Z {"attempt": 8, "module": "Lean4Lean.M9", "status": "COMPLETE", "seconds": 0.01}
unit-tests	Run python scripts/run-unit-tests	2026-09-23T11:52:31.6590609Z {"attempt": 9, "module": "Lean4Lean.M10", "status": "COMPLETE", "seconds": 0.01}
unit-tests	Run python scripts/run-unit-tests	2026-09-23T11:52:31.7380556Z {"attempt": 10, "module": "Lean4Lean.M11", "status": "COMPLETE", "seconds": 0.01}
unit-tests	Run python scripts/run-unit-tests	2026-09-23T11:52:31.8328523Z test_exact_seed_mapping_and_only_remaining_launches (test_cvc_prep2.ControllerTests) ... ok
unit-tests	Run python scripts/run-unit-tests	2026-09-23T11:52:31.8809861Z test_extra_args_network_compiler_paths_and_modules_rejected (test_cvc_prep2.ControllerTests) ... ok
unit-tests	Run python scripts/run-unit-tests	2026-09-23T11:52:32.0884096Z {"attempt": 1, "module": "Lean4Lean.M2", "status": "FAILED", "seconds": 0.01}
unit-tests	Run python scripts/run-unit-tests	2026-09-23T11:52:32.1045940Z test_failure_stops_and_cannot_retry (test_cvc_prep2.ControllerTests) ... ok
unit-tests	Run python scripts/run-unit-tests	2026-09-23T11:52:32.3117591Z {"attempt": 1, "module": "Lean4Lean.M2", "status": "COMPLETE", "seconds": 0.01}
unit-tests	Run python scripts/run-unit-tests	2026-09-23T11:52:32.3746976Z {"attempt": 2, "module": "Lean4Lean.M3", "status": "COMPLETE", "seconds": 0.01}
unit-tests	Run python scripts/run-unit-tests	2026-09-23T11:52:32.4387847Z {"attempt": 3, "module": "Lean4Lean.M4", "status": "COMPLETE", "seconds": 0.01}
unit-tests	Run python scripts/run-unit-tests	2026-09-23T11:52:32.5052012Z {"attempt": 4, "module": "Lean4Lean.M5", "status": "COMPLETE", "seconds": 0.01}
unit-tests	Run python scripts/run-unit-tests	2026-09-23T11:52:32.5729639Z {"attempt": 5, "module": "Lean4Lean.M6", "status": "COMPLETE", "seconds": 0.01}
unit-tests	Run python scripts/run-unit-tests	2026-09-23T11:52:32.6440140Z {"attempt": 6, "module": "Lean4Lean.M7", "status": "COMPLETE", "seconds": 0.01}
unit-tests	Run python scripts/run-unit-tests	2026-09-23T11:52:32.7180632Z {"attempt": 7, "module": "Lean4Lean.M8", "status": "COMPLETE", "seconds": 0.01}
unit-tests	Run python scripts/run-unit-tests	2026-09-23T11:52:32.7926636Z {"attempt": 8, "module": "Lean4Lean.M9", "status": "COMPLETE", "seconds": 0.01}
unit-tests	Run python scripts/run-unit-tests	2026-09-23T11:52:32.8695997Z {"attempt": 9, "module": "Lean4Lean.M10", "status": "COMPLETE", "seconds": 0.01}
unit-tests	Run python scripts/run-unit-tests	2026-09-23T11:52:32.9477501Z {"attempt": 10, "module": "Lean4Lean.M11", "status": "COMPLETE", "seconds": 0.01}
unit-tests	Run python scripts/run-unit-tests	2026-09-23T11:52:33.0747315Z test_full_order_sidecars_once_and_successful_resume_no_replay (test_cvc_prep2.ControllerTests) ... ok
unit-tests	Run python scripts/run-unit-tests	2026-09-23T11:52:33.2849283Z {"attempt": 1, "module": "Lean4Lean.M2", "status": "COMPLETE", "seconds": 0.01}
unit-tests	Run python scripts/run-unit-tests	2026-09-23T11:52:33.3485860Z {"attempt": 2, "module": "Lean4Lean.M3", "status": "COMPLETE", "seconds": 0.01}
unit-tests	Run python scripts/run-unit-tests	2026-09-23T11:52:33.4139212Z {"attempt": 3, "module": "Lean4Lean.M4", "status": "FAILED", "seconds": 0.01}
unit-tests	Run python scripts/run-unit-tests	2026-09-23T11:52:33.4476719Z test_later_failure_preserves_successes_and_never_replays (test_cvc_prep2.ControllerTests) ... ok
unit-tests	Run python scripts/run-unit-tests	2026-09-23T11:52:33.6574348Z {"attempt": 1, "module": "Lean4Lean.M2", "status": "COMPLETE", "seconds": 0.01}
unit-tests	Run python scripts/run-unit-tests	2026-09-23T11:52:33.7200820Z {"attempt": 2, "module": "Lean4Lean.M3", "status": "COMPLETE", "seconds": 0.01}
unit-tests	Run python scripts/run-unit-tests	2026-09-23T11:52:33.7845074Z {"attempt": 3, "module": "Lean4Lean.M4", "status": "COMPLETE", "seconds": 0.01}
unit-tests	Run python scripts/run-unit-tests	2026-09-23T11:52:33.8505052Z {"attempt": 4, "module": "Lean4Lean.M5", "status": "COMPLETE", "seconds": 0.01}
unit-tests	Run python scripts/run-unit-tests	2026-09-23T11:52:33.9186127Z {"attempt": 5, "module": "Lean4Lean.M6", "status": "COMPLETE", "seconds": 0.01}
unit-tests	Run python scripts/run-unit-tests	2026-09-23T11:52:33.9888786Z {"attempt": 6, "module": "Lean4Lean.M7", "status": "COMPLETE", "seconds": 0.01}
unit-tests	Run python scripts/run-unit-tests	2026-09-23T11:52:34.0604638Z {"attempt": 7, "module": "Lean4Lean.M8", "status": "COMPLETE", "seconds": 0.01}
unit-tests	Run python scripts/run-unit-tests	2026-09-23T11:52:34.1352479Z {"attempt": 8, "module": "Lean4Lean.M9", "status": "COMPLETE", "seconds": 0.01}
unit-tests	Run python scripts/run-unit-tests	2026-09-23T11:52:34.2278731Z {"attempt": 9, "module": "Lean4Lean.M10", "status": "COMPLETE", "seconds": 0.01}
unit-tests	Run python scripts/run-unit-tests	2026-09-23T11:52:34.3072207Z {"attempt": 10, "module": "Lean4Lean.M11", "status": "COMPLETE", "seconds": 0.01}
unit-tests	Run python scripts/run-unit-tests	2026-09-23T11:52:34.3643029Z test_missing_marker_or_ledger_cannot_reset (test_cvc_prep2.ControllerTests) ... ok
unit-tests	Run python scripts/run-unit-tests	2026-09-23T11:52:34.5759463Z {"attempt": 1, "module": "Lean4Lean.M2", "status": "COMPLETE", "seconds": 0.01}
unit-tests	Run python scripts/run-unit-tests	2026-09-23T11:52:34.6399334Z {"attempt": 2, "module": "Lean4Lean.M3", "status": "COMPLETE", "seconds": 0.01}
unit-tests	Run python scripts/run-unit-tests	2026-09-23T11:52:34.7047500Z {"attempt": 3, "module": "Lean4Lean.M4", "status": "COMPLETE", "seconds": 0.01}
unit-tests	Run python scripts/run-unit-tests	2026-09-23T11:52:34.7716718Z {"attempt": 4, "module": "Lean4Lean.M5", "status": "COMPLETE", "seconds": 0.01}
unit-tests	Run python scripts/run-unit-tests	2026-09-23T11:52:34.8397705Z {"attempt": 5, "module": "Lean4Lean.M6", "status": "COMPLETE", "seconds": 0.01}
unit-tests	Run python scripts/run-unit-tests	2026-09-23T11:52:34.9102823Z {"attempt": 6, "module": "Lean4Lean.M7", "status": "COMPLETE", "seconds": 0.01}
unit-tests	Run python scripts/run-unit-tests	2026-09-23T11:52:34.9832211Z {"attempt": 7, "module": "Lean4Lean.M8", "status": "COMPLETE", "seconds": 0.01}
unit-tests	Run python scripts/run-unit-tests	2026-09-23T11:52:35.0568845Z {"attempt": 8, "module": "Lean4Lean.M9", "status": "COMPLETE", "seconds": 0.01}
unit-tests	Run python scripts/run-unit-tests	2026-09-23T11:52:35.1332301Z {"attempt": 9, "module": "Lean4Lean.M10", "status": "COMPLETE", "seconds": 0.01}
unit-tests	Run python scripts/run-unit-tests	2026-09-23T11:52:35.2123947Z {"attempt": 10, "module": "Lean4Lean.M11", "status": "COMPLETE", "seconds": 0.01}
unit-tests	Run python scripts/run-unit-tests	2026-09-23T11:52:35.2685167Z test_orphan_conservatively_charged_and_no_replay (test_cvc_prep2.ControllerTests) ... ok
unit-tests	Run python scripts/run-unit-tests	2026-09-23T11:52:35.3222353Z test_preflight_never_materializes (test_cvc_prep2.ControllerTests) ... ok
unit-tests	Run python scripts/run-unit-tests	2026-09-23T11:52:35.4634592Z test_seed_invalid_before_any_destination_or_launch (test_cvc_prep2.ControllerTests) ... ok
unit-tests	Run python scripts/run-unit-tests	2026-09-23T11:52:35.4999267Z test_uncommitted_input_and_nonselected_item_rejected (test_cvc_prep2.ControllerTests) ... ok
unit-tests	Run python scripts/run-unit-tests	2026-09-23T11:52:35.5002706Z test_duplicate_reservation_terminal_and_order_rejected (test_cvc_prep2.LedgerTests) ... ok
unit-tests	Run python scripts/run-unit-tests	2026-09-23T11:52:35.5035719Z test_hash_chain_rejects_tampering_and_truncation (test_cvc_prep2.LedgerTests) ... ok
unit-tests	Run python scripts/run-unit-tests	2026-09-23T11:52:35.5040343Z test_lock_rejects_concurrent_owner (test_cvc_prep2.LedgerTests) ... ok
unit-tests	Run python scripts/run-unit-tests	2026-09-23T11:52:35.5041281Z test_orphan_preserves_reservation (test_cvc_prep2.LedgerTests) ... ok
unit-tests	Run python scripts/run-unit-tests	2026-09-23T11:52:35.5075974Z test_mixed_namespace_and_module_order_is_irrelevant_but_bytes_are_exact (test_cvc_prep2.OutputIdentityTests) ... ok
unit-tests	Run python scripts/run-unit-tests	2026-09-23T11:52:35.5077704Z test_relocation_rejects_escape_and_duplicate_paths (test_cvc_prep2.OutputIdentityTests) ... ok
unit-tests	Run python scripts/run-unit-tests	2026-09-23T11:52:35.5089257Z test_interruption_kills_group_and_preserves_charge (test_cvc_prep2.ProcessTests) ... ok
unit-tests	Run python scripts/run-unit-tests	2026-09-23T11:52:35.5260188Z test_real_success_and_failed_spawn_preserve_logs (test_cvc_prep2.ProcessTests) ... ok
unit-tests	Run python scripts/run-unit-tests	2026-09-23T11:52:35.8290263Z test_real_timeout_kills_process_group (test_cvc_prep2.ProcessTests) ... ok
unit-tests	Run python scripts/run-unit-tests	2026-09-23T11:52:35.8293839Z test_closed_work_preserves_input_and_time_accounting (test_cvc_prep2_closure.ClosureAccountingTests) ... ok
unit-tests	Run python scripts/run-unit-tests	2026-09-23T11:52:35.8296280Z test_closed_work_rejects_overlapping_sessions (test_cvc_prep2_closure.ClosureAccountingTests) ... ok
unit-tests	Run python scripts/run-unit-tests	2026-09-23T11:52:35.8325742Z test_fixture_costs_require_paired_bounded_finite_attempts (test_cvc_prep2_closure.ClosureAccountingTests) ... ok
unit-tests	Run python scripts/run-unit-tests	2026-09-23T11:52:35.8332684Z test_prelaunch_counts_come_from_raw_logs (test_cvc_prep2_closure.ClosureAccountingTests) ... ok
unit-tests	Run python scripts/run-unit-tests	2026-09-23T11:52:35.8356753Z test_exact_runtime (test_cvc_prep_binding.RuntimeBindingTests) ... ok
unit-tests	Run python scripts/run-unit-tests	2026-09-23T11:52:35.8378532Z test_missing_reachable_dependency_rejected (test_cvc_prep_binding.RuntimeBindingTests) ... ok
unit-tests	Run python scripts/run-unit-tests	2026-09-23T11:52:35.8455355Z test_mutations_rejected (test_cvc_prep_binding.RuntimeBindingTests) ... ok
unit-tests	Run python scripts/run-unit-tests	2026-09-23T11:52:35.8472560Z test_platform_change_rejected (test_cvc_prep_binding.RuntimeBindingTests) ... ok
unit-tests	Run python scripts/run-unit-tests	2026-09-23T11:52:35.8487818Z test_recursive_closure_and_missing_node (test_cvc_prep_binding.RuntimeBindingTests) ... ok
unit-tests	Run python scripts/run-unit-tests	2026-09-23T11:52:35.8509036Z test_symlink_rejected_even_if_resolved_content_matches (test_cvc_prep_binding.RuntimeBindingTests) ... ok
unit-tests	Run python scripts/run-unit-tests	2026-09-23T11:52:35.8530952Z test_unbound_native_target_rejected (test_cvc_prep_binding.RuntimeBindingTests) ... ok
unit-tests	Run python scripts/run-unit-tests	2026-09-23T11:52:35.8551609Z test_unreachable_inventory_does_not_claim_lean_load_failure (test_cvc_prep_binding.RuntimeBindingTests) ... ok
unit-tests	Run python scripts/run-unit-tests	2026-09-23T11:52:35.8570359Z test_characterized_path_vs_string_order_boundary (test_cvc_prep_closure.ClosureBoundaryTests) ... ok
unit-tests	Run python scripts/run-unit-tests	2026-09-23T11:52:35.8588352Z test_closure_still_rejects_changed_and_additional_bytes (test_cvc_prep_closure.ClosureBoundaryTests) ... ok
unit-tests	Run python scripts/run-unit-tests	2026-09-23T11:52:35.8601525Z test_duplicate_receipts_are_not_collapsed_into_success (test_cvc_prep_closure.ClosureBoundaryTests) ... ok
unit-tests	Run python scripts/run-unit-tests	2026-09-23T11:52:35.9120518Z test_cancellation_reaps_child_without_killing_test_controller (test_cvc_process.ProcessTests) ... ok
unit-tests	Run python scripts/run-unit-tests	2026-09-23T11:52:35.9935248Z test_controller_sigkill_leaves_supervisor_cleanup_receipt (test_cvc_process.ProcessTests) ... ok
unit-tests	Run python scripts/run-unit-tests	2026-09-23T11:52:36.0137436Z test_failed_start_is_receipted (test_cvc_process.ProcessTests) ... ok
unit-tests	Run python scripts/run-unit-tests	2026-09-23T11:52:38.0666248Z test_leaf_deadline_is_independent_of_supervisor_timeout (test_cvc_process.ProcessTests) ... ok
unit-tests	Run python scripts/run-unit-tests	2026-09-23T11:52:38.1177790Z test_success_retains_raw_logs_and_guard_receipt (test_cvc_process.ProcessTests) ... ok
unit-tests	Run python scripts/run-unit-tests	2026-09-23T11:52:38.7352427Z test_timeout_terminates_descendant_group (test_cvc_process.ProcessTests) ... ok
unit-tests	Run python scripts/run-unit-tests	2026-09-23T11:52:38.7362385Z test_cli_refuses_all_prior_modes_and_cannot_enable_by_flag (test_cvc_runner.DisabledRunnerTests) ... ok
unit-tests	Run python scripts/run-unit-tests	2026-09-23T11:52:38.7363727Z test_diagnostic_and_incomplete_draft_are_durable (test_cvc_runner.DisabledRunnerTests) ... ok
unit-tests	Run python scripts/run-unit-tests	2026-09-23T11:52:38.7372653Z test_every_programmatic_entry_refuses_before_any_process_or_file_write (test_cvc_runner.DisabledRunnerTests) ... ok
unit-tests	Run python scripts/run-unit-tests	2026-09-23T11:52:38.7378760Z test_duplicate_or_out_of_order_reservation_and_terminal_rejected (test_cvc_runner2.AccountingTests) ... ok
unit-tests	Run python scripts/run-unit-tests	2026-09-23T11:52:38.7381458Z test_four_sessions_total_and_fifth_start_rejected (test_cvc_runner2.AccountingTests) ... ok
unit-tests	Run python scripts/run-unit-tests	2026-09-23T11:52:38.7384480Z test_orphan_cannot_be_undercharged_or_succeeded (test_cvc_runner2.AccountingTests) ... ok
unit-tests	Run python scripts/run-unit-tests	2026-09-23T11:52:38.7387853Z test_proof_success_prevents_another_attempt (test_cvc_runner2.AccountingTests) ... ok
unit-tests	Run python scripts/run-unit-tests	2026-09-23T11:52:38.7390168Z test_session_deadline_counts_design_time_and_clock_rollback (test_cvc_runner2.AccountingTests) ... ok
unit-tests	Run python scripts/run-unit-tests	2026-09-23T11:52:38.7393640Z test_signature_failure_stops_but_proof_failure_allows_counted_repair (test_cvc_runner2.AccountingTests) ... ok
unit-tests	Run python scripts/run-unit-tests	2026-09-23T11:52:38.7396610Z test_successful_terminal_after_session_budget_is_unresolved (test_cvc_runner2.AccountingTests) ... ok
unit-tests	Run python scripts/run-unit-tests	2026-09-23T11:52:38.7399192Z test_terminal_audit_crossing_total_budget_persists_stop (test_cvc_runner2.AccountingTests) ... ok
unit-tests	Run python scripts/run-unit-tests	2026-09-23T11:52:38.7405895Z test_thirteenth_attempt_is_rejected (test_cvc_runner2.AccountingTests) ... ok
unit-tests	Run python scripts/run-unit-tests	2026-09-23T11:52:38.7465013Z test_wal_recovers_only_a_valid_suffix_and_refuses_reset (test_cvc_runner2.AccountingTests) ... ok
unit-tests	Run python scripts/run-unit-tests	2026-09-23T11:52:38.7469205Z test_empty_and_multiline_actual_transitive_subsets (test_cvc_runner2.AuditTests) ... ok
unit-tests	Run python scripts/run-unit-tests	2026-09-23T11:52:38.7479628Z test_fixed_types_and_generated_suffix_for_both_outcomes (test_cvc_runner2.AuditTests) ... ok
unit-tests	Run python scripts/run-unit-tests	2026-09-23T11:52:38.7484858Z test_missing_duplicate_malformed_and_extra_reports_rejected (test_cvc_runner2.AuditTests) ... ok
unit-tests	Run python scripts/run-unit-tests	2026-09-23T11:52:38.7496423Z test_missing_wrong_type_and_comment_spoof_rejected (test_cvc_runner2.AuditTests) ... ok
unit-tests	Run python scripts/run-unit-tests	2026-09-23T11:52:38.7498456Z test_nested_comments_do_not_create_false_declarations (test_cvc_runner2.AuditTests) ... ok
unit-tests	Run python scripts/run-unit-tests	2026-09-23T11:52:38.7520052Z test_new_axioms_native_trust_and_forged_printouts_rejected (test_cvc_runner2.AuditTests) ... ok
unit-tests	Run python scripts/run-unit-tests	2026-09-23T11:52:38.7523393Z test_unlisted_single_and_dotted_axioms_and_sorry_rejected (test_cvc_runner2.AuditTests) ... ok
unit-tests	Run python scripts/run-unit-tests	2026-09-23T11:52:39.0023574Z test_begin_end_sessions_use_append_only_design_accounting (test_cvc_runner2.ControllerTests) ... ok
unit-tests	Run python scripts/run-unit-tests	2026-09-23T11:52:39.2390380Z test_changed_signature_output_prevents_proof_launch (test_cvc_runner2.ControllerTests) ... ok
unit-tests	Run python scripts/run-unit-tests	2026-09-23T11:52:39.6124713Z test_changed_signature_source_and_dependency_argv_manifest_refused (test_cvc_runner2.ControllerTests) ... ok
unit-tests	Run python scripts/run-unit-tests	2026-09-23T11:52:39.8636485Z test_counterexample_retains_negative_outcome (test_cvc_runner2.ControllerTests) ... ok
unit-tests	Run python scripts/run-unit-tests	2026-09-23T11:52:40.1983191Z test_failed_proof_is_repaired_as_next_number (test_cvc_runner2.ControllerTests) ... ok
unit-tests	Run python scripts/run-unit-tests	2026-09-23T11:52:40.4622777Z test_immutable_change_during_launch_is_persistent_control_stop (test_cvc_runner2.ControllerTests) ... ok
unit-tests	Run python scripts/run-unit-tests	2026-09-23T11:52:40.7028045Z test_missing_guard_receipt_waits_then_stops_without_new_launch (test_cvc_runner2.ControllerTests) ... ok
unit-tests	Run python scripts/run-unit-tests	2026-09-23T11:52:40.9771525Z test_missing_ledger_or_marker_cannot_reset_run (test_cvc_runner2.ControllerTests) ... ok
unit-tests	Run python scripts/run-unit-tests	2026-09-23T11:52:41.2079572Z test_missing_olean_or_stdout_audit_cannot_pass (test_cvc_runner2.ControllerTests) ... ok
unit-tests	Run python scripts/run-unit-tests	2026-09-23T11:52:41.5253723Z test_orphan_guard_receipt_is_reconciled_with_full_charge (test_cvc_runner2.ControllerTests) ... ok
unit-tests	Run python scripts/run-unit-tests	2026-09-23T11:52:41.8580070Z test_orphan_reconciliation_charges_once_and_does_not_replay (test_cvc_runner2.ControllerTests) ... ok
unit-tests	Run python scripts/run-unit-tests	2026-09-23T11:52:42.0166802Z test_runtime_change_missing_promotion_and_concurrent_lock_prevent_launch (test_cvc_runner2.ControllerTests) ... ok
unit-tests	Run python scripts/run-unit-tests	2026-09-23T11:52:42.2416908Z test_signature_failure_consumed_once_and_never_retried (test_cvc_runner2.ControllerTests) ... ok
unit-tests	Run python scripts/run-unit-tests	2026-09-23T11:52:42.5594172Z test_signature_then_proof_success_and_no_completed_replay (test_cvc_runner2.ControllerTests) ... ok
unit-tests	Run python scripts/run-unit-tests	2026-09-23T11:52:42.5674408Z test_promotion_requires_review_and_exact_committed_checkpoint (test_cvc_runner2.EntryGateTests) ... ok
unit-tests	Run python scripts/run-unit-tests	2026-09-23T11:52:42.5680285Z test_unpromoted_gate_refuses_before_any_run_directory (test_cvc_runner2.EntryGateTests) ... ok
unit-tests	Run python scripts/run-unit-tests	2026-09-23T11:52:42.5745915Z test_fixture_identity_and_snapshot_reject_deletion_or_truncation (test_cvc_runner2.FixtureAccountingTests) ... ok
unit-tests	Run python scripts/run-unit-tests	2026-09-23T11:52:42.5747742Z test_source_change_or_nonfinite_charge_blocks_later_reservation (test_cvc_runner2.FixtureAccountingTests) ... ok
unit-tests	Run python scripts/run-unit-tests	2026-09-23T11:52:42.5749060Z test_command_accepts_declared_receipt_forms (test_cvc_runner2_evidence.EvidenceHelperTests) ... ok
unit-tests	Run python scripts/run-unit-tests	2026-09-23T11:52:42.5755147Z test_current_binding_detects_tampering (test_cvc_runner2_evidence.EvidenceHelperTests) ... ok
unit-tests	Run python scripts/run-unit-tests	2026-09-23T11:52:42.5759333Z test_legacy_pairs_and_charges (test_cvc_runner2_evidence.EvidenceHelperTests) ... ok
unit-tests	Run python scripts/run-unit-tests	2026-09-23T11:52:42.5770129Z test_legacy_rejects_reset_and_cap_tampering (test_cvc_runner2_evidence.EvidenceHelperTests) ... ok
unit-tests	Run python scripts/run-unit-tests	2026-09-23T11:52:42.5771258Z test_session_caps_and_numbering (test_cvc_runner2_evidence.EvidenceHelperTests) ... ok
unit-tests	Run python scripts/run-unit-tests	2026-09-23T11:52:42.5773563Z test_failure_cannot_be_promoted_to_success_or_session_reset (test_cvc_runner_closure.ClosureTests) ... ok
unit-tests	Run python scripts/run-unit-tests	2026-09-23T11:52:42.5775634Z test_malformed_or_nonfinite_validation_receipts_refused (test_cvc_runner_closure.ClosureTests) ... ok
unit-tests	Run python scripts/run-unit-tests	2026-09-23T11:52:42.5777527Z test_orphan_is_preserved_and_never_labeled_measured (test_cvc_runner_closure.ClosureTests) ... ok
unit-tests	Run python scripts/run-unit-tests	2026-09-23T11:52:42.5780685Z test_raw_root_failure_and_worker_uncertainty_retained (test_cvc_runner_closure.ClosureTests) ... ok
unit-tests	Run python scripts/run-unit-tests	2026-09-23T11:52:42.5789987Z test_darwin_context_restores_original_even_on_exception (test_cvc_signal_retry.SignalRetryTests) ... ok
unit-tests	Run python scripts/run-unit-tests	2026-09-23T11:52:42.5804598Z test_driver_runs_exact_original_script_forwards_flags_and_restores (test_cvc_signal_retry.SignalRetryTests) ... ok
unit-tests	Run python scripts/run-unit-tests	2026-09-23T11:52:42.5812297Z test_existing_or_reused_leader_propagates_original_denial (test_cvc_signal_retry.SignalRetryTests) ... ok
unit-tests	Run python scripts/run-unit-tests	2026-09-23T11:52:42.5821447Z test_leader_reappearance_stops_further_retries (test_cvc_signal_retry.SignalRetryTests) ... ok
unit-tests	Run python scripts/run-unit-tests	2026-09-23T11:52:42.5829944Z test_nested_context_restores_each_original_binding (test_cvc_signal_retry.SignalRetryTests) ... ok
unit-tests	Run python scripts/run-unit-tests	2026-09-23T11:52:42.5841432Z test_non_darwin_context_leaves_runtime_untouched (test_cvc_signal_retry.SignalRetryTests) ... ok
unit-tests	Run python scripts/run-unit-tests	2026-09-23T11:52:42.5879168Z test_nonadvancing_clock_still_has_finite_retry_count (test_cvc_signal_retry.SignalRetryTests) ... ok
unit-tests	Run python scripts/run-unit-tests	2026-09-23T11:52:42.5890424Z test_other_errors_pass_through_without_retry_or_inspection (test_cvc_signal_retry.SignalRetryTests) ... ok
unit-tests	Run python scripts/run-unit-tests	2026-09-23T11:52:42.5926654Z test_persistent_denial_propagates_within_fixed_retry_bound (test_cvc_signal_retry.SignalRetryTests) ... ok
unit-tests	Run python scripts/run-unit-tests	2026-09-23T11:52:42.6079749Z test_scheduling_delay_cannot_launch_signal_after_deadline (test_cvc_signal_retry.SignalRetryTests) ... ok
unit-tests	Run python scripts/run-unit-tests	2026-09-23T11:52:42.6087035Z test_success_passes_through_without_inspecting_process (test_cvc_signal_retry.SignalRetryTests) ... ok
unit-tests	Run python scripts/run-unit-tests	2026-09-23T11:52:42.6095089Z test_transient_denial_can_return_real_kernel_success (test_cvc_signal_retry.SignalRetryTests) ... ok
unit-tests	Run python scripts/run-unit-tests	2026-09-23T11:52:42.6104443Z test_transient_denial_retries_identical_signal_and_preserves_esrch (test_cvc_signal_retry.SignalRetryTests) ... ok
unit-tests	Run python scripts/run-unit-tests	2026-09-23T11:52:42.6112084Z test_unknown_leader_inspection_does_not_authorize_retry (test_cvc_signal_retry.SignalRetryTests) ... ok
unit-tests	Run python scripts/run-unit-tests	2026-09-23T11:52:42.6435257Z test_active_statement_contradiction_blocks_established_authority (test_declaration_validation_catalog.DeclarationValidationCatalogTests) ... ok
unit-tests	Run python scripts/run-unit-tests	2026-09-23T11:52:42.6603557Z test_catalog_adjudication_cannot_extend_frozen_approved_source_registry (test_declaration_validation_catalog.DeclarationValidationCatalogTests) ... ok
unit-tests	Run python scripts/run-unit-tests	2026-09-23T11:52:42.6783616Z test_checker_disagreement_does_not_block_independently_qualified_normative_authority (test_declaration_validation_catalog.DeclarationValidationCatalogTests) ... ok
unit-tests	Run python scripts/run-unit-tests	2026-09-23T11:52:42.6986415Z test_checker_outcome_cannot_be_forged_by_secondary_metadata (test_declaration_validation_catalog.DeclarationValidationCatalogTests) ... ok
unit-tests	Run python scripts/run-unit-tests	2026-09-23T11:52:42.7177989Z test_checker_outcome_cannot_be_forged_through_case_id_locator (test_declaration_validation_catalog.DeclarationValidationCatalogTests) ... ok
unit-tests	Run python scripts/run-unit-tests	2026-09-23T11:52:42.7344030Z test_concrete_observer_outcome_requires_evidence (test_declaration_validation_catalog.DeclarationValidationCatalogTests) ... ok
unit-tests	Run python scripts/run-unit-tests	2026-09-23T11:52:43.5630785Z test_corrected_milestone_8_historical_attestation_is_required (test_declaration_validation_catalog.DeclarationValidationCatalogTests) ... ok
unit-tests	Run python scripts/run-unit-tests	2026-09-23T11:52:43.5811862Z test_decision_requires_content_bound_before_snapshot (test_declaration_validation_catalog.DeclarationValidationCatalogTests) ... ok
unit-tests	Run python scripts/run-unit-tests	2026-09-23T11:52:43.6018517Z test_duplicate_stable_id_fails (test_declaration_validation_catalog.DeclarationValidationCatalogTests) ... ok
unit-tests	Run python scripts/run-unit-tests	2026-09-23T11:52:43.6087539Z test_dynamic_report_is_derived_from_catalog_entry (test_declaration_validation_catalog.DeclarationValidationCatalogTests) ... ok
unit-tests	Run python scripts/run-unit-tests	2026-09-23T11:52:43.6433208Z test_editorial_and_observational_fields_are_not_identity_defining (test_declaration_validation_catalog.DeclarationValidationCatalogTests) ... ok
unit-tests	Run python scripts/run-unit-tests	2026-09-23T11:52:43.6806331Z test_empirical_stable_identity_rejects_precondition_or_observation_drift (test_declaration_validation_catalog.DeclarationValidationCatalogTests) ... ok
unit-tests	Run python scripts/run-unit-tests	2026-09-23T11:52:43.6984935Z test_established_empirical_authority_requires_concrete_observation (test_declaration_validation_catalog.DeclarationValidationCatalogTests) ... ok
unit-tests	Run python scripts/run-unit-tests	2026-09-23T11:52:43.7146126Z test_established_normative_support_rejects_active_assumptions (test_declaration_validation_catalog.DeclarationValidationCatalogTests) ... ok
unit-tests	Run python scripts/run-unit-tests	2026-09-23T11:52:43.7308048Z test_established_normative_support_rejects_unresolved_assumptions (test_declaration_validation_catalog.DeclarationValidationCatalogTests) ... ok
unit-tests	Run python scripts/run-unit-tests	2026-09-23T11:52:43.7335489Z test_evidence_lock_successor_chain_binds_immutable_m7_root (test_declaration_validation_catalog.DeclarationValidationCatalogTests) ... ok
unit-tests	Run python scripts/run-unit-tests	2026-09-23T11:52:43.7465762Z test_existing_evidence_cannot_be_linked_to_wrong_identity (test_declaration_validation_catalog.DeclarationValidationCatalogTests) ... ok
unit-tests	Run python scripts/run-unit-tests	2026-09-23T11:52:43.7592031Z test_existing_evidence_closure_rejects_silent_omission (test_declaration_validation_catalog.DeclarationValidationCatalogTests) ... ok
unit-tests	Run python scripts/run-unit-tests	2026-09-23T11:52:43.7712891Z test_explicit_multi_identity_witness_is_dispositioned_for_both (test_declaration_validation_catalog.DeclarationValidationCatalogTests) ... ok
unit-tests	Run python scripts/run-unit-tests	2026-09-23T11:52:43.7720539Z test_full_m8_site_closure_rejects_an_omitted_frozen_site (test_declaration_validation_catalog.DeclarationValidationCatalogTests) ... ok
unit-tests	Run python scripts/run-unit-tests	2026-09-23T11:52:43.7722184Z test_gate_6_catalog_successor_is_authoritative_and_complete (test_declaration_validation_catalog.DeclarationValidationCatalogTests) ... ok
unit-tests	Run python scripts/run-unit-tests	2026-09-23T11:52:43.7751789Z test_historical_m7_attestation_rejects_missing_completion_artifact (test_declaration_validation_catalog.DeclarationValidationCatalogTests) ... ok
unit-tests	Run python scripts/run-unit-tests	2026-09-23T11:52:43.9247175Z test_historical_m7_attestation_replaces_mutable_freeze_rendering (test_declaration_validation_catalog.DeclarationValidationCatalogTests) ... ok
unit-tests	Run python scripts/run-unit-tests	2026-09-23T11:52:43.9415803Z test_identity_statement_hash_drift_fails (test_declaration_validation_catalog.DeclarationValidationCatalogTests) ... ok
unit-tests	Run python scripts/run-unit-tests	2026-09-23T11:52:43.9582771Z test_implementation_observation_cannot_establish_normativity (test_declaration_validation_catalog.DeclarationValidationCatalogTests) ... ok
unit-tests	Run python scripts/run-unit-tests	2026-09-23T11:52:43.9683348Z test_incomplete_observer_vector_fails (test_declaration_validation_catalog.DeclarationValidationCatalogTests) ... ok
unit-tests	Run python scripts/run-unit-tests	2026-09-23T11:52:43.9844762Z test_invalid_claim_pointer_fails (test_declaration_validation_catalog.DeclarationValidationCatalogTests) ... ok
unit-tests	Run python scripts/run-unit-tests	2026-09-23T11:52:43.9846590Z test_json_pointer_resolution_is_strict_rfc6901 (test_declaration_validation_catalog.DeclarationValidationCatalogTests) ... ok
unit-tests	Run python scripts/run-unit-tests	2026-09-23T11:52:44.0047312Z test_lifecycle_target_cycle_fails (test_declaration_validation_catalog.DeclarationValidationCatalogTests) ... ok
unit-tests	Run python scripts/run-unit-tests	2026-09-23T11:52:44.0209561Z test_locally_forged_authoritative_document_cannot_establish_authority (test_declaration_validation_catalog.DeclarationValidationCatalogTests) ... ok
unit-tests	Run python scripts/run-unit-tests	2026-09-23T11:52:44.0384401Z test_locally_forged_formal_mechanization_cannot_establish_authority (test_declaration_validation_catalog.DeclarationValidationCatalogTests) ... ok
unit-tests	Run python scripts/run-unit-tests	2026-09-23T11:52:44.0583312Z test_locally_forged_normative_document_cannot_establish_authority (test_declaration_validation_catalog.DeclarationValidationCatalogTests) ... ok
unit-tests	Run python scripts/run-unit-tests	2026-09-23T11:52:44.0585979Z test_milestone_8_completion_derives_evidence_observer_and_arena_counts (test_declaration_validation_catalog.DeclarationValidationCatalogTests) ... ok
unit-tests	Run python scripts/run-unit-tests	2026-09-23T11:52:44.0590283Z test_milestone_8_freeze_is_acyclic_and_binds_its_historical_catalog (test_declaration_validation_catalog.DeclarationValidationCatalogTests) ... ok
unit-tests	Run python scripts/run-unit-tests	2026-09-23T11:52:44.2516995Z test_milestone_8_requires_complete_identity_dispositions (test_declaration_validation_catalog.DeclarationValidationCatalogTests) ... ok
unit-tests	Run python scripts/run-unit-tests	2026-09-23T11:52:44.2686715Z test_missing_lifecycle_target_fails (test_declaration_validation_catalog.DeclarationValidationCatalogTests) ... ok
unit-tests	Run python scripts/run-unit-tests	2026-09-23T11:52:44.2690114Z test_report_contains_all_required_generated_views (test_declaration_validation_catalog.DeclarationValidationCatalogTests) ... ok
unit-tests	Run python scripts/run-unit-tests	2026-09-23T11:52:44.2799639Z test_report_is_deterministic_synchronized_and_content_bound (test_declaration_validation_catalog.DeclarationValidationCatalogTests) ... ok
unit-tests	Run python scripts/run-unit-tests	2026-09-23T11:52:44.2834059Z test_report_is_status_aware_and_exposes_provisional_gap (test_declaration_validation_catalog.DeclarationValidationCatalogTests) ... ok
unit-tests	Run python scripts/run-unit-tests	2026-09-23T11:52:44.3022678Z test_reserved_out_of_scope_identity_cannot_be_active_entry (test_declaration_validation_catalog.DeclarationValidationCatalogTests) ... ok
unit-tests	Run python scripts/run-unit-tests	2026-09-23T11:52:44.7908840Z test_reviewed_m8_pilot_attestation_is_required_by_completion_validation (test_declaration_validation_catalog.DeclarationValidationCatalogTests) ... ok
unit-tests	Run python scripts/run-unit-tests	2026-09-23T11:52:44.9800601Z test_reviewed_pilot_entries_remain_exact_historical_inputs (test_declaration_validation_catalog.DeclarationValidationCatalogTests) ... ok
unit-tests	Run python scripts/run-unit-tests	2026-09-23T11:52:45.3877416Z test_schemas_are_valid_and_frozen_artifacts_pass (test_declaration_validation_catalog.DeclarationValidationCatalogTests) ... ok
unit-tests	Run python scripts/run-unit-tests	2026-09-23T11:52:45.4077433Z test_secondary_observer_metadata_is_not_factual_authority (test_declaration_validation_catalog.DeclarationValidationCatalogTests) ... ok
unit-tests	Run python scripts/run-unit-tests	2026-09-23T11:52:45.4251442Z test_semantic_target_profile_cannot_establish_normativity (test_declaration_validation_catalog.DeclarationValidationCatalogTests) ... ok
unit-tests	Run python scripts/run-unit-tests	2026-09-23T11:52:45.4253357Z test_six_authority_rules_cover_both_kinds_and_all_statuses (test_declaration_validation_catalog.DeclarationValidationCatalogTests) ... ok
unit-tests	Run python scripts/run-unit-tests	2026-09-23T11:52:45.4423580Z test_soundness_claims_are_blocked_until_separately_qualified (test_declaration_validation_catalog.DeclarationValidationCatalogTests) ... ok
unit-tests	Run python scripts/run-unit-tests	2026-09-23T11:52:45.4606322Z test_source_mapping_must_match_implementation_repository_and_evidence (test_declaration_validation_catalog.DeclarationValidationCatalogTests) ... ok
unit-tests	Run python scripts/run-unit-tests	2026-09-23T11:52:45.4774441Z test_source_type_must_match_locked_record_kind (test_declaration_validation_catalog.DeclarationValidationCatalogTests) ... ok
unit-tests	Run python scripts/run-unit-tests	2026-09-23T11:52:45.5304493Z test_stable_identity_binds_structured_semantics (test_declaration_validation_catalog.DeclarationValidationCatalogTests) ... ok
unit-tests	Run python scripts/run-unit-tests	2026-09-23T11:52:45.5640176Z test_stable_identity_rejects_applicability_or_premise_drift (test_declaration_validation_catalog.DeclarationValidationCatalogTests) ... ok
unit-tests	Run python scripts/run-unit-tests	2026-09-23T11:52:45.5810499Z test_stable_identity_rejects_modeled_judgment_drift (test_declaration_validation_catalog.DeclarationValidationCatalogTests) ... ok
unit-tests	Run python scripts/run-unit-tests	2026-09-23T11:52:45.5838562Z test_successor_registry_cannot_self_approve_a_source (test_declaration_validation_catalog.DeclarationValidationCatalogTests) ... ok
unit-tests	Run python scripts/run-unit-tests	2026-09-23T11:52:45.5841444Z test_tracked_evidence_descendant_json_pointer_resolves (test_declaration_validation_catalog.DeclarationValidationCatalogTests) ... ok
unit-tests	Run python scripts/run-unit-tests	2026-09-23T11:52:45.5844212Z test_unknown_case_id_fails_source_lock_resolution (test_declaration_validation_catalog.DeclarationValidationCatalogTests) ... ok
unit-tests	Run python scripts/run-unit-tests	2026-09-23T11:52:45.6008524Z test_unknown_decision_id_fails (test_declaration_validation_catalog.DeclarationValidationCatalogTests) ... ok
unit-tests	Run python scripts/run-unit-tests	2026-09-23T11:52:45.6183480Z test_unknown_source_lock_reference_fails (test_declaration_validation_catalog.DeclarationValidationCatalogTests) ... ok
unit-tests	Run python scripts/run-unit-tests	2026-09-23T11:52:45.6356320Z test_unknown_source_mapping_fails (test_declaration_validation_catalog.DeclarationValidationCatalogTests) ... ok
unit-tests	Run python scripts/run-unit-tests	2026-09-23T11:52:45.6542957Z test_unqualified_other_evidence_cannot_establish_empirical_authority (test_declaration_validation_catalog.DeclarationValidationCatalogTests) ... ok
unit-tests	Run python scripts/run-unit-tests	2026-09-23T11:52:45.6709506Z test_unregistered_stable_id_fails (test_declaration_validation_catalog.DeclarationValidationCatalogTests) ... ok
unit-tests	Run python scripts/run-unit-tests	2026-09-23T11:52:45.6882041Z test_unresolved_authority_requires_durable_blocker (test_declaration_validation_catalog.DeclarationValidationCatalogTests) ... ok
unit-tests	Run python scripts/run-unit-tests	2026-09-23T11:52:45.7053687Z test_unresolved_evidence_reference_fails (test_declaration_validation_catalog.DeclarationValidationCatalogTests) ... ok
unit-tests	Run python scripts/run-unit-tests	2026-09-23T11:52:45.7249579Z test_valid_empirical_fixture_satisfies_established_rule (test_declaration_validation_catalog.DeclarationValidationCatalogTests) ... ok
unit-tests	Run python scripts/run-unit-tests	2026-09-23T11:52:45.7419159Z test_valid_normative_fixture_satisfies_established_rule (test_declaration_validation_catalog.DeclarationValidationCatalogTests) ... ok
unit-tests	Run python scripts/run-unit-tests	2026-09-23T11:52:45.7487648Z test_both_kinds_have_distinct_valid_statement_shapes (test_declaration_validation_characterization_model.DeclarationValidationCharacterizationModelTests) ... ok
unit-tests	Run python scripts/run-unit-tests	2026-09-23T11:52:45.8325009Z test_both_schemas_are_valid_and_model_conforms (test_declaration_validation_characterization_model.DeclarationValidationCharacterizationModelTests) ... ok
unit-tests	Run python scripts/run-unit-tests	2026-09-23T11:52:45.8363912Z test_claim_pointer_and_evidence_references_are_checked (test_declaration_validation_characterization_model.DeclarationValidationCharacterizationModelTests) ... ok
unit-tests	Run python scripts/run-unit-tests	2026-09-23T11:52:45.8421345Z test_confidence_and_misplaced_policy_states_are_rejected (test_declaration_validation_characterization_model.DeclarationValidationCharacterizationModelTests) ... ok
unit-tests	Run python scripts/run-unit-tests	2026-09-23T11:52:45.8446652Z test_empirical_scenario_can_span_multiple_layers (test_declaration_validation_characterization_model.DeclarationValidationCharacterizationModelTests) ... ok
unit-tests	Run python scripts/run-unit-tests	2026-09-23T11:52:45.8476892Z test_four_implementation_observations_do_not_establish_normativity (test_declaration_validation_characterization_model.DeclarationValidationCharacterizationModelTests) ... ok
unit-tests	Run python scripts/run-unit-tests	2026-09-23T11:52:45.8525054Z test_implementation_observation_requires_correct_lineage (test_declaration_validation_characterization_model.DeclarationValidationCharacterizationModelTests) ... ok
unit-tests	Run python scripts/run-unit-tests	2026-09-23T11:52:45.8822407Z test_in_memory_conformance_suite_passes_every_check (test_declaration_validation_characterization_model.DeclarationValidationCharacterizationModelTests) ... ok
unit-tests	Run python scripts/run-unit-tests	2026-09-23T11:52:45.8862990Z test_mechanized_result_requires_and_accepts_full_qualification (test_declaration_validation_characterization_model.DeclarationValidationCharacterizationModelTests) ... ok
unit-tests	Run python scripts/run-unit-tests	2026-09-23T11:52:45.8864814Z test_model_stops_before_discovery_and_catalog_entries (test_declaration_validation_characterization_model.DeclarationValidationCharacterizationModelTests) ... ok
unit-tests	Run python scripts/run-unit-tests	2026-09-23T11:52:45.9381182Z test_catalog_and_stable_identity_boundary_is_mechanical (test_declaration_validation_discovery_closure.DeclarationValidationDiscoveryClosureTests) ... ok
unit-tests	Run python scripts/run-unit-tests	2026-09-23T11:52:45.9383363Z test_every_topic_has_exactly_four_observer_states (test_declaration_validation_discovery_closure.DeclarationValidationDiscoveryClosureTests) ... ok
unit-tests	Run python scripts/run-unit-tests	2026-09-23T11:52:45.9385379Z test_kiota_differences_are_explicit_not_normative_votes (test_declaration_validation_discovery_closure.DeclarationValidationDiscoveryClosureTests) ... ok
unit-tests	Run python scripts/run-unit-tests	2026-09-23T11:52:45.9630939Z test_missing_required_topic_fails (test_declaration_validation_discovery_closure.DeclarationValidationDiscoveryClosureTests) ... ok
unit-tests	Run python scripts/run-unit-tests	2026-09-23T11:52:45.9878143Z test_observer_vector_omission_fails (test_declaration_validation_discovery_closure.DeclarationValidationDiscoveryClosureTests) ... ok
unit-tests	Run python scripts/run-unit-tests	2026-09-23T11:52:46.0132666Z test_pinned_revision_drift_fails (test_declaration_validation_discovery_closure.DeclarationValidationDiscoveryClosureTests) ... ok
unit-tests	Run python scripts/run-unit-tests	2026-09-23T11:52:46.0385959Z test_primary_scope_cannot_silently_shrink (test_declaration_validation_discovery_closure.DeclarationValidationDiscoveryClosureTests) ... ok
unit-tests	Run python scripts/run-unit-tests	2026-09-23T11:52:46.0388267Z test_required_starting_audit_surface_is_present (test_declaration_validation_discovery_closure.DeclarationValidationDiscoveryClosureTests) ... ok
unit-tests	Run python scripts/run-unit-tests	2026-09-23T11:52:46.0949340Z test_schema_is_valid_and_frozen_closure_passes (test_declaration_validation_discovery_closure.DeclarationValidationDiscoveryClosureTests) ... ok
unit-tests	Run python scripts/run-unit-tests	2026-09-23T11:52:46.1203735Z test_seed_cannot_be_promoted_in_milestone_4 (test_declaration_validation_discovery_closure.DeclarationValidationDiscoveryClosureTests) ... ok
unit-tests	Run python scripts/run-unit-tests	2026-09-23T11:52:46.1461532Z test_site_source_cross_reference_is_bidirectional (test_declaration_validation_discovery_closure.DeclarationValidationDiscoveryClosureTests) ... ok
unit-tests	Run python scripts/run-unit-tests	2026-09-23T11:52:47.6535000Z test_actual_gate_6_catalog_leaves_m8_history_valid (test_declaration_validation_historical_transition.DeclarationValidationHistoricalTransitionTests) ... ok
unit-tests	Run python scripts/run-unit-tests	2026-09-23T11:52:47.7990828Z test_historical_blob_identity_tampering_fails (test_declaration_validation_historical_transition.DeclarationValidationHistoricalTransitionTests) ... ok
unit-tests	Run python scripts/run-unit-tests	2026-09-23T11:52:47.9547637Z test_historical_m7_uses_its_own_schema_without_later_required_fields (test_declaration_validation_historical_transition.DeclarationValidationHistoricalTransitionTests) ... ok
unit-tests	Run python scripts/run-unit-tests	2026-09-23T11:52:48.8051329Z test_m10_historical_attestation_tampering_fails (test_declaration_validation_historical_transition.DeclarationValidationHistoricalTransitionTests) ... ok
unit-tests	Run python scripts/run-unit-tests	2026-09-23T11:52:51.0947322Z test_m10_to_successor_transition_preserves_protocol_history (test_declaration_validation_historical_transition.DeclarationValidationHistoricalTransitionTests) ... ok
unit-tests	Run python scripts/run-unit-tests	2026-09-23T11:52:51.0948785Z test_m8_current_catalog_transition_leaves_historical_attestations_unchanged (test_declaration_validation_historical_transition.DeclarationValidationHistoricalTransitionTests)
unit-tests	Run python scripts/run-unit-tests	2026-09-23T11:52:51.9467543Z This would fail when M7 or the reviewed pilot followed config/catalog.json. ... ok
unit-tests	Run python scripts/run-unit-tests	2026-09-23T11:52:53.9962613Z test_m8_historical_attestation_tampering_fails (test_declaration_validation_historical_transition.DeclarationValidationHistoricalTransitionTests) ... ok
unit-tests	Run python scripts/run-unit-tests	2026-09-23T11:52:53.9964609Z test_m9_current_catalog_transition_leaves_m8_historical_attestation_unchanged (test_declaration_validation_historical_transition.DeclarationValidationHistoricalTransitionTests)
unit-tests	Run python scripts/run-unit-tests	2026-09-23T11:52:55.5607035Z A future current catalog cannot redefine the corrected M8 content state. ... ok
unit-tests	Run python scripts/run-unit-tests	2026-09-23T11:52:56.8486601Z test_m9_historical_attestation_tampering_fails (test_declaration_validation_historical_transition.DeclarationValidationHistoricalTransitionTests) ... ok
unit-tests	Run python scripts/run-unit-tests	2026-09-23T11:52:56.8488492Z test_m9_to_m10_current_state_transition_preserves_all_history (test_declaration_validation_historical_transition.DeclarationValidationHistoricalTransitionTests)
unit-tests	Run python scripts/run-unit-tests	2026-09-23T11:52:58.6860265Z A future current state may change without redefining reviewed M9. ... ok
unit-tests	Run python scripts/run-unit-tests	2026-09-23T11:52:58.6861448Z test_mutable_current_pilot_path_cannot_redefine_reviewed_pilot (test_declaration_validation_historical_transition.DeclarationValidationHistoricalTransitionTests)
unit-tests	Run python scripts/run-unit-tests	2026-09-23T11:52:59.3302104Z The historical validator must not read config/declaration-validation-milestone-8-pilot.json. ... ok
unit-tests	Run python scripts/run-unit-tests	2026-09-23T11:52:59.5086440Z test_pilot_rejects_a_mutable_current_catalog_as_its_predecessor (test_declaration_validation_historical_transition.DeclarationValidationHistoricalTransitionTests) ... ok
unit-tests	Run python scripts/run-unit-tests	2026-09-23T11:52:59.7250218Z test_reviewed_pilot_attestation_tampering_fails (test_declaration_validation_historical_transition.DeclarationValidationHistoricalTransitionTests) ... ok
unit-tests	Run python scripts/run-unit-tests	2026-09-23T11:53:00.9186199Z test_actual_m10_design_validates (test_declaration_validation_milestone_10.DeclarationValidationMilestone10Tests) ... ok
unit-tests	Run python scripts/run-unit-tests	2026-09-23T11:53:01.9147373Z test_authority_cannot_be_promoted_in_readiness (test_declaration_validation_milestone_10.DeclarationValidationMilestone10Tests) ... ok
unit-tests	Run python scripts/run-unit-tests	2026-09-23T11:53:02.2764089Z test_authority_short_circuit_cannot_remove_other_dimensions (test_declaration_validation_milestone_10.DeclarationValidationMilestone10Tests) ... ok
unit-tests	Run python scripts/run-unit-tests	2026-09-23T11:53:02.2767081Z test_complete_inventory_is_analyzed_without_authority_short_circuit (test_declaration_validation_milestone_10.DeclarationValidationMilestone10Tests) ... ok
unit-tests	Run python scripts/run-unit-tests	2026-09-23T11:53:02.9687540Z test_current_catalog_path_is_not_an_eligibility_input (test_declaration_validation_milestone_10.DeclarationValidationMilestone10Tests) ... ok
unit-tests	Run python scripts/run-unit-tests	2026-09-23T11:53:02.9689772Z test_deferred_and_reserved_identifications_are_closed (test_declaration_validation_milestone_10.DeclarationValidationMilestone10Tests) ... ok
unit-tests	Run python scripts/run-unit-tests	2026-09-23T11:53:03.6390508Z test_derived_populations_are_not_authored_booleans (test_declaration_validation_milestone_10.DeclarationValidationMilestone10Tests) ... ok
unit-tests	Run python scripts/run-unit-tests	2026-09-23T11:53:04.3284473Z test_evidence_cannot_be_redirected_to_another_identity (test_declaration_validation_milestone_10.DeclarationValidationMilestone10Tests) ... ok
unit-tests	Run python scripts/run-unit-tests	2026-09-23T11:53:04.3286968Z test_execution_gates_and_prohibitions_stop_m10_before_campaigns (test_declaration_validation_milestone_10.DeclarationValidationMilestone10Tests) ... ok
unit-tests	Run python scripts/run-unit-tests	2026-09-23T11:53:04.3288911Z test_exploratory_and_empirical_populations_remain_separate (test_declaration_validation_milestone_10.DeclarationValidationMilestone10Tests) ... ok
unit-tests	Run python scripts/run-unit-tests	2026-09-23T11:53:05.0010969Z test_frozen_classification_cannot_follow_mutable_reinterpretation (test_declaration_validation_milestone_10.DeclarationValidationMilestone10Tests) ... ok
unit-tests	Run python scripts/run-unit-tests	2026-09-23T11:53:05.0013157Z test_future_coverage_contract_preserves_reach_and_isolation (test_declaration_validation_milestone_10.DeclarationValidationMilestone10Tests) ... ok
unit-tests	Run python scripts/run-unit-tests	2026-09-23T11:53:05.3205875Z test_generated_population_and_report_are_synchronized (test_declaration_validation_milestone_10.DeclarationValidationMilestone10Tests) ... ok
unit-tests	Run python scripts/run-unit-tests	2026-09-23T11:53:05.3208084Z test_immutable_m9_binding_is_exact (test_declaration_validation_milestone_10.DeclarationValidationMilestone10Tests) ... ok
unit-tests	Run python scripts/run-unit-tests	2026-09-23T11:53:05.3209760Z test_primary_denominator_is_empty_without_percentage (test_declaration_validation_milestone_10.DeclarationValidationMilestone10Tests) ... ok
unit-tests	Run python scripts/run-unit-tests	2026-09-23T11:53:05.8133545Z test_actual_erratum_validates (test_declaration_validation_milestone_10_protocol_erratum.DeclarationValidationMilestone10ProtocolErratumTests) ... ok
unit-tests	Run python scripts/run-unit-tests	2026-09-23T11:53:05.8134983Z test_correction_is_prop_valued_theorem_with_matching_proof (test_declaration_validation_milestone_10_protocol_erratum.DeclarationValidationMilestone10ProtocolErratumTests) ... ok
unit-tests	Run python scripts/run-unit-tests	2026-09-23T11:53:06.2980814Z test_definition_form_cannot_be_reintroduced_as_matched_control (test_declaration_validation_milestone_10_protocol_erratum.DeclarationValidationMilestone10ProtocolErratumTests) ... ok
unit-tests	Run python scripts/run-unit-tests	2026-09-23T11:53:06.2983087Z test_definition_form_is_auxiliary_not_matched_positive_control (test_declaration_validation_milestone_10_protocol_erratum.DeclarationValidationMilestone10ProtocolErratumTests) ... ok
unit-tests	Run python scripts/run-unit-tests	2026-09-23T11:53:06.2984730Z test_erratum_does_not_authorize_successor_execution (test_declaration_validation_milestone_10_protocol_erratum.DeclarationValidationMilestone10ProtocolErratumTests) ... ok
unit-tests	Run python scripts/run-unit-tests	2026-09-23T11:53:06.2986640Z test_generated_report_is_synchronized (test_declaration_validation_milestone_10_protocol_erratum.DeclarationValidationMilestone10ProtocolErratumTests) ... ok
unit-tests	Run python scripts/run-unit-tests	2026-09-23T11:53:06.5084367Z test_historical_attestation_tampering_fails (test_declaration_validation_milestone_10_protocol_erratum.DeclarationValidationMilestone10ProtocolErratumTests) ... ok
unit-tests	Run python scripts/run-unit-tests	2026-09-23T11:53:07.0859546Z test_historical_attestation_validates_without_live_erratum (test_declaration_validation_milestone_10_protocol_erratum.DeclarationValidationMilestone10ProtocolErratumTests) ... ok
unit-tests	Run python scripts/run-unit-tests	2026-09-23T11:53:07.5708717Z test_immutable_m10_artifacts_remain_exact (test_declaration_validation_milestone_10_protocol_erratum.DeclarationValidationMilestone10ProtocolErratumTests) ... ok
unit-tests	Run python scripts/run-unit-tests	2026-09-23T11:53:08.0559102Z test_wrong_target_pointer_is_rejected (test_declaration_validation_milestone_10_protocol_erratum.DeclarationValidationMilestone10ProtocolErratumTests) ... ok
unit-tests	Run python scripts/run-unit-tests	2026-09-23T11:53:08.0732994Z test_authority_or_layer_fields_are_rejected (test_declaration_validation_milestone_5.DeclarationValidationMilestone5Tests) ... ok
unit-tests	Run python scripts/run-unit-tests	2026-09-23T11:53:08.0897518Z test_catalog_transition_hash_drift_fails (test_declaration_validation_milestone_5.DeclarationValidationMilestone5Tests) ... ok
unit-tests	Run python scripts/run-unit-tests	2026-09-23T11:53:08.1058256Z test_checker_or_provenance_specific_id_fails (test_declaration_validation_milestone_5.DeclarationValidationMilestone5Tests) ... ok
unit-tests	Run python scripts/run-unit-tests	2026-09-23T11:53:08.1060725Z test_decision_evidence_is_qualified_as_discovery_only (test_declaration_validation_milestone_5.DeclarationValidationMilestone5Tests) ... ok
unit-tests	Run python scripts/run-unit-tests	2026-09-23T11:53:08.1062382Z test_every_milestone_4_seed_has_exactly_one_decision (test_declaration_validation_milestone_5.DeclarationValidationMilestone5Tests) ... ok
unit-tests	Run python scripts/run-unit-tests	2026-09-23T11:53:08.1223657Z test_generated_decision_log_drift_fails (test_declaration_validation_milestone_5.DeclarationValidationMilestone5Tests) ... ok
unit-tests	Run python scripts/run-unit-tests	2026-09-23T11:53:08.1374177Z test_id_deletion_reuse_policy_is_frozen (test_declaration_validation_milestone_5.DeclarationValidationMilestone5Tests) ... ok
unit-tests	Run python scripts/run-unit-tests	2026-09-23T11:53:08.1531530Z test_kind_change_requires_a_new_identity (test_declaration_validation_milestone_5.DeclarationValidationMilestone5Tests) ... ok
unit-tests	Run python scripts/run-unit-tests	2026-09-23T11:53:08.1686021Z test_missing_seed_resolution_fails (test_declaration_validation_milestone_5.DeclarationValidationMilestone5Tests) ... ok
unit-tests	Run python scripts/run-unit-tests	2026-09-23T11:53:08.1841974Z test_non_split_requires_one_result (test_declaration_validation_milestone_5.DeclarationValidationMilestone5Tests) ... ok
unit-tests	Run python scripts/run-unit-tests	2026-09-23T11:53:08.1999515Z test_out_of_scope_decision_must_remain_reserved (test_declaration_validation_milestone_5.DeclarationValidationMilestone5Tests) ... ok
unit-tests	Run python scripts/run-unit-tests	2026-09-23T11:53:08.2042067Z test_renderer_is_deterministic (test_declaration_validation_milestone_5.DeclarationValidationMilestone5Tests) ... ok
unit-tests	Run python scripts/run-unit-tests	2026-09-23T11:53:08.2518796Z test_schemas_are_valid_and_frozen_artifacts_pass (test_declaration_validation_milestone_5.DeclarationValidationMilestone5Tests) ... ok
unit-tests	Run python scripts/run-unit-tests	2026-09-23T11:53:08.2674241Z test_split_requires_multiple_results (test_declaration_validation_milestone_5.DeclarationValidationMilestone5Tests) ... ok
unit-tests	Run python scripts/run-unit-tests	2026-09-23T11:53:08.2831050Z test_statement_drift_requires_hash_change (test_declaration_validation_milestone_5.DeclarationValidationMilestone5Tests) ... ok
unit-tests	Run python scripts/run-unit-tests	2026-09-23T11:53:08.2840135Z test_two_kind_model_is_preserved_without_forcing_unassigned_identities (test_declaration_validation_milestone_5.DeclarationValidationMilestone5Tests) ... ok
unit-tests	Run python scripts/run-unit-tests	2026-09-23T11:53:08.2991594Z test_uncertain_kind_cannot_be_forced (test_declaration_validation_milestone_5.DeclarationValidationMilestone5Tests) ... ok
unit-tests	Run python scripts/run-unit-tests	2026-09-23T11:53:08.7617193Z test_arena_disposition_cannot_be_silent (test_declaration_validation_milestone_8_pilot.DeclarationValidationMilestone8PilotTests) ... ok
unit-tests	Run python scripts/run-unit-tests	2026-09-23T11:53:09.2215737Z test_checker_disagreement_may_not_be_modeled_as_authority_contradiction (test_declaration_validation_milestone_8_pilot.DeclarationValidationMilestone8PilotTests) ... ok
unit-tests	Run python scripts/run-unit-tests	2026-09-23T11:53:09.6832961Z test_concrete_outcome_must_resolve_to_its_checker_result_bytes (test_declaration_validation_milestone_8_pilot.DeclarationValidationMilestone8PilotTests) ... ok
unit-tests	Run python scripts/run-unit-tests	2026-09-23T11:53:10.1482940Z test_existing_lab_witness_cannot_be_promoted_to_isolation (test_declaration_validation_milestone_8_pilot.DeclarationValidationMilestone8PilotTests) ... ok
unit-tests	Run python scripts/run-unit-tests	2026-09-23T11:53:10.6152854Z test_historical_pilot_uses_its_bound_registry_snapshot (test_declaration_validation_milestone_8_pilot.DeclarationValidationMilestone8PilotTests) ... ok
unit-tests	Run python scripts/run-unit-tests	2026-09-23T11:53:11.0822824Z test_observed_absence_is_a_valid_non_enforcement_disposition (test_declaration_validation_milestone_8_pilot.DeclarationValidationMilestone8PilotTests) ... ok
unit-tests	Run python scripts/run-unit-tests	2026-09-23T11:53:11.5549302Z test_omitted_frozen_m4_site_fails_closure (test_declaration_validation_milestone_8_pilot.DeclarationValidationMilestone8PilotTests) ... ok
unit-tests	Run python scripts/run-unit-tests	2026-09-23T11:53:12.0418856Z test_pilot_entries_cannot_be_promoted_to_established_authority (test_declaration_validation_milestone_8_pilot.DeclarationValidationMilestone8PilotTests) ... ok
unit-tests	Run python scripts/run-unit-tests	2026-09-23T11:53:12.5164992Z test_pilot_passes_full_validation (test_declaration_validation_milestone_8_pilot.DeclarationValidationMilestone8PilotTests) ... ok
unit-tests	Run python scripts/run-unit-tests	2026-09-23T11:53:12.9792412Z test_selection_must_remain_the_authorized_five_entries (test_declaration_validation_milestone_8_pilot.DeclarationValidationMilestone8PilotTests) ... ok
unit-tests	Run python scripts/run-unit-tests	2026-09-23T11:53:13.0787479Z test_authored_correction_can_validate_with_matching_catalog_change (test_declaration_validation_milestone_9.DeclarationValidationMilestone9Tests) ... ok
unit-tests	Run python scripts/run-unit-tests	2026-09-23T11:53:13.1781166Z test_authority_promotion_is_rejected (test_declaration_validation_milestone_9.DeclarationValidationMilestone9Tests) ... ok
unit-tests	Run python scripts/run-unit-tests	2026-09-23T11:53:13.2714721Z test_challenge_hash_tampering_fails (test_declaration_validation_milestone_9.DeclarationValidationMilestone9Tests) ... ok
unit-tests	Run python scripts/run-unit-tests	2026-09-23T11:53:13.2717616Z test_freeze_cycle_is_rejected (test_declaration_validation_milestone_9.DeclarationValidationMilestone9Tests) ... ok
unit-tests	Run python scripts/run-unit-tests	2026-09-23T11:53:15.0539974Z test_milestone_9_artifacts_pass (test_declaration_validation_milestone_9.DeclarationValidationMilestone9Tests) ... ok
unit-tests	Run python scripts/run-unit-tests	2026-09-23T11:53:15.1461171Z test_missing_authored_attack_or_rationale_fails (test_declaration_validation_milestone_9.DeclarationValidationMilestone9Tests) ... ok
unit-tests	Run python scripts/run-unit-tests	2026-09-23T11:53:16.8913831Z test_pre_review_generation_is_deterministic (test_declaration_validation_milestone_9.DeclarationValidationMilestone9Tests) ... ok
unit-tests	Run python scripts/run-unit-tests	2026-09-23T11:53:16.9180985Z test_pre_review_inventory_is_exact_immutable_m8_content (test_declaration_validation_milestone_9.DeclarationValidationMilestone9Tests) ... ok
unit-tests	Run python scripts/run-unit-tests	2026-09-23T11:53:16.9182869Z test_renderer_has_no_semantic_decision_constructor (test_declaration_validation_milestone_9.DeclarationValidationMilestone9Tests) ... ok
unit-tests	Run python scripts/run-unit-tests	2026-09-23T11:53:16.9202142Z test_renderer_preserves_authored_disposition_and_rationale (test_declaration_validation_milestone_9.DeclarationValidationMilestone9Tests) ... ok
unit-tests	Run python scripts/run-unit-tests	2026-09-23T11:53:16.9772872Z test_review_schema_and_exact_challenge_set (test_declaration_validation_milestone_9.DeclarationValidationMilestone9Tests) ... ok
unit-tests	Run python scripts/run-unit-tests	2026-09-23T11:53:17.0197654Z test_reviewed_catalog_changes_only_milestone_envelope_and_remains_historically_bound (test_declaration_validation_milestone_9.DeclarationValidationMilestone9Tests) ... ok
unit-tests	Run python scripts/run-unit-tests	2026-09-23T11:53:17.1233761Z test_soundness_overreach_is_rejected (test_declaration_validation_milestone_9.DeclarationValidationMilestone9Tests) ... ok
unit-tests	Run python scripts/run-unit-tests	2026-09-23T11:53:17.2156604Z test_unbound_review_evidence_fails (test_declaration_validation_milestone_9.DeclarationValidationMilestone9Tests) ... ok
unit-tests	Run python scripts/run-unit-tests	2026-09-23T11:53:17.2520253Z test_unrecorded_reviewed_catalog_change_fails (test_declaration_validation_milestone_9.DeclarationValidationMilestone9Tests) ... ok
unit-tests	Run python scripts/run-unit-tests	2026-09-23T11:53:17.3326941Z test_unresolving_review_evidence_locator_fails (test_declaration_validation_milestone_9.DeclarationValidationMilestone9Tests) ... ok
unit-tests	Run python scripts/run-unit-tests	2026-09-23T11:53:17.3341562Z test_absent_normative_and_mechanized_evidence_is_explicit (test_declaration_validation_source_lock.DeclarationValidationSourceLockTests) ... ok
unit-tests	Run python scripts/run-unit-tests	2026-09-23T11:53:17.3510415Z test_absolute_optional_local_path_fails (test_declaration_validation_source_lock.DeclarationValidationSourceLockTests) ... ok
unit-tests	Run python scripts/run-unit-tests	2026-09-23T11:53:17.3679277Z test_entrypoint_requires_mechanical_locator_tokens (test_declaration_validation_source_lock.DeclarationValidationSourceLockTests) ... ok
unit-tests	Run python scripts/run-unit-tests	2026-09-23T11:53:17.3681139Z test_every_discovery_source_is_content_bound (test_declaration_validation_source_lock.DeclarationValidationSourceLockTests) ... ok
unit-tests	Run python scripts/run-unit-tests	2026-09-23T11:53:17.3840685Z test_invalid_json_pointer_fails (test_declaration_validation_source_lock.DeclarationValidationSourceLockTests) ... ok
unit-tests	Run python scripts/run-unit-tests	2026-09-23T11:53:17.4003413Z test_missing_discovery_source_fails (test_declaration_validation_source_lock.DeclarationValidationSourceLockTests) ... ok
unit-tests	Run python scripts/run-unit-tests	2026-09-23T11:53:17.4165083Z test_missing_optional_local_observation_does_not_fail (test_declaration_validation_source_lock.DeclarationValidationSourceLockTests) ... ok
unit-tests	Run python scripts/run-unit-tests	2026-09-23T11:53:17.4167824Z test_no_catalog_or_authority_assignment_crosses_milestone_boundary (test_declaration_validation_source_lock.DeclarationValidationSourceLockTests) ... ok
unit-tests	Run python scripts/run-unit-tests	2026-09-23T11:53:17.4335858Z test_observer_configuration_digest_drift_fails (test_declaration_validation_source_lock.DeclarationValidationSourceLockTests) ... ok
unit-tests	Run python scripts/run-unit-tests	2026-09-23T11:53:17.4452179Z test_observer_vector_cannot_shrink (test_declaration_validation_source_lock.DeclarationValidationSourceLockTests) ... ok
unit-tests	Run python scripts/run-unit-tests	2026-09-23T11:53:17.4453982Z test_online_verifier_checks_revision_content_and_tokens (test_declaration_validation_source_lock.DeclarationValidationSourceLockTests) ... ok
unit-tests	Run python scripts/run-unit-tests	2026-09-23T11:53:17.4455877Z test_online_verifier_rejects_wrong_content (test_declaration_validation_source_lock.DeclarationValidationSourceLockTests) ... ok
unit-tests	Run python scripts/run-unit-tests	2026-09-23T11:53:17.4558427Z test_renderer_is_deterministic_and_synchronized (test_declaration_validation_source_lock.DeclarationValidationSourceLockTests) ... ok
unit-tests	Run python scripts/run-unit-tests	2026-09-23T11:53:17.4560264Z test_repository_tuple_is_exactly_the_pinned_target_tuple (test_declaration_validation_source_lock.DeclarationValidationSourceLockTests) ... ok
unit-tests	Run python scripts/run-unit-tests	2026-09-23T11:53:17.5085769Z test_schema_is_valid_and_frozen_lock_passes (test_declaration_validation_source_lock.DeclarationValidationSourceLockTests) ... ok
unit-tests	Run python scripts/run-unit-tests	2026-09-23T11:53:17.5254688Z test_tracked_evidence_hash_drift_fails (test_declaration_validation_source_lock.DeclarationValidationSourceLockTests) ... ok
unit-tests	Run python scripts/run-unit-tests	2026-09-23T11:53:17.5419718Z test_witness_hash_drift_fails (test_declaration_validation_source_lock.DeclarationValidationSourceLockTests) ... ok
unit-tests	Run python scripts/run-unit-tests	2026-09-23T11:53:17.5581517Z test_witness_must_reference_a_stable_identity (test_declaration_validation_source_lock.DeclarationValidationSourceLockTests) ... ok
unit-tests	Run python scripts/run-unit-tests	2026-09-23T11:53:17.5746888Z test_witness_origin_must_be_content_bound (test_declaration_validation_source_lock.DeclarationValidationSourceLockTests) ... ok
unit-tests	Run python scripts/run-unit-tests	2026-09-23T11:53:17.5750672Z test_failure_classes_are_not_rejections (test_ecosystem_cases.EcosystemCasesTests) ... ok
unit-tests	Run python scripts/run-unit-tests	2026-09-23T11:53:17.5753378Z test_fixed_pairs_only_change_target_field (test_ecosystem_cases.EcosystemCasesTests) ... ok
unit-tests	Run python scripts/run-unit-tests	2026-09-23T11:53:17.5878809Z test_budget_and_fixed_selection_are_enforced (test_ecosystem_closure.EcosystemClosureTests) ... ok
unit-tests	Run python scripts/run-unit-tests	2026-09-23T11:53:17.5887549Z test_corrupted_raw_binding_is_refused (test_ecosystem_closure.EcosystemClosureTests) ... ok
unit-tests	Run python scripts/run-unit-tests	2026-09-23T11:53:17.5895930Z test_forged_outcome_is_refused_from_bound_raw_evidence (test_ecosystem_closure.EcosystemClosureTests) ... ok
unit-tests	Run python scripts/run-unit-tests	2026-09-23T11:53:17.6093936Z test_actual_ledger_validates_and_view_is_current (test_external_contributions.ExternalContributionTests) ... ok
unit-tests	Run python scripts/run-unit-tests	2026-09-23T11:53:17.6281222Z test_all_convention_named_pull_request_drafts_are_indexed (test_external_contributions.ExternalContributionTests) ... ok
unit-tests	Run python scripts/run-unit-tests	2026-09-23T11:53:17.6464635Z test_current_index_includes_open_merged_and_local_draft_states (test_external_contributions.ExternalContributionTests) ... ok
unit-tests	Run python scripts/run-unit-tests	2026-09-23T11:53:17.6669751Z test_duplicate_external_reference_is_rejected (test_external_contributions.ExternalContributionTests) ... ok
unit-tests	Run python scripts/run-unit-tests	2026-09-23T11:53:17.6856339Z test_generator_is_explicitly_offline (test_external_contributions.ExternalContributionTests) ... ok
unit-tests	Run python scripts/run-unit-tests	2026-09-23T11:53:17.6885293Z test_candidate_yield_cannot_be_inflated (test_hsbm_closure.HsbmClosureTests) ... ok
unit-tests	Run python scripts/run-unit-tests	2026-09-23T11:53:17.6908497Z test_clock_and_budget_tampering (test_hsbm_closure.HsbmClosureTests) ... ok
unit-tests	Run python scripts/run-unit-tests	2026-09-23T11:53:17.7752147Z test_isolated_binding_and_frozen_input_tampering (test_hsbm_closure.HsbmClosureTests) ... ok
unit-tests	Run python scripts/run-unit-tests	2026-09-23T11:53:17.7773584Z test_launch_request_and_successor_gates (test_hsbm_closure.HsbmClosureTests) ... ok
unit-tests	Run python scripts/run-unit-tests	2026-09-23T11:53:27.1174093Z PASS: exact population/selection reproduction
unit-tests	Run python scripts/run-unit-tests	2026-09-23T11:53:27.1260365Z test_retained_fetch_head_bundle_replays_offline (test_hsbm_closure.HsbmClosureTests) ... ok
unit-tests	Run python scripts/run-unit-tests	2026-09-23T11:53:27.1285679Z test_selection_and_boundary_tampering (test_hsbm_closure.HsbmClosureTests) ... ok
unit-tests	Run python scripts/run-unit-tests	2026-09-23T11:53:27.1292423Z test_valid_negative_and_two_candidate_success (test_hsbm_closure.HsbmClosureTests) ... ok
unit-tests	Run python scripts/run-unit-tests	2026-09-23T11:53:27.1321645Z test_diff_context_and_headers_do_not_create_signals (test_hsbm_pilot.HsbmPilotSelectionTests) ... ok
unit-tests	Run python scripts/run-unit-tests	2026-09-23T11:53:27.1346665Z test_frozen_selection_cannot_be_overwritten_and_check_rejects_drift (test_hsbm_pilot.HsbmPilotSelectionTests) ... ok
unit-tests	Run python scripts/run-unit-tests	2026-09-23T11:53:27.1354010Z test_population_exclusions_diversity_and_seeded_controls (test_hsbm_pilot.HsbmPilotSelectionTests) ... ok
unit-tests	Run python scripts/run-unit-tests	2026-09-23T11:53:27.1359687Z test_small_population_keeps_shortfall_and_never_duplicates (test_hsbm_pilot.HsbmPilotSelectionTests) ... ok
unit-tests	Run python scripts/run-unit-tests	2026-09-23T11:53:29.5111345Z test_changed_coverage_decision_fails (test_kiota_ctor_index_coverage_closure.KiotaCtorIndexCoverageClosureTest) ... ok
unit-tests	Run python scripts/run-unit-tests	2026-09-23T11:53:31.8703453Z test_completed_item_cannot_be_reopened_after_successor_transition (test_kiota_ctor_index_coverage_closure.KiotaCtorIndexCoverageClosureTest) ... ok
unit-tests	Run python scripts/run-unit-tests	2026-09-23T11:53:34.2353243Z test_live_closure_passes (test_kiota_ctor_index_coverage_closure.KiotaCtorIndexCoverageClosureTest) ... ok
unit-tests	Run python scripts/run-unit-tests	2026-09-23T11:53:34.2395228Z test_build_cap_refuses (test_kiota_ctor_index_runner.LaunchGate) ... ok
unit-tests	Run python scripts/run-unit-tests	2026-09-23T11:53:34.2423076Z test_changed_binding_refuses (test_kiota_ctor_index_runner.LaunchGate) ... ok
unit-tests	Run python scripts/run-unit-tests	2026-09-23T11:53:34.2489603Z test_cleanup_failure_keeps_pending (test_kiota_ctor_index_runner.LaunchGate) ... ok
unit-tests	Run python scripts/run-unit-tests	2026-09-23T11:53:34.2524964Z test_completed_cell_cannot_repeat (test_kiota_ctor_index_runner.LaunchGate) ... ok
unit-tests	Run python scripts/run-unit-tests	2026-09-23T11:53:34.2557981Z test_disagreeing_clocks_refuses (test_kiota_ctor_index_runner.LaunchGate) ... ok
unit-tests	Run python scripts/run-unit-tests	2026-09-23T11:53:34.2611800Z test_failed_process_remains_charged_and_clears_pending (test_kiota_ctor_index_runner.LaunchGate) ... ok
unit-tests	Run python scripts/run-unit-tests	2026-09-23T11:53:34.2646961Z test_item_deadline_refuses (test_kiota_ctor_index_runner.LaunchGate) ... ok
unit-tests	Run python scripts/run-unit-tests	2026-09-23T11:53:34.2682169Z test_manifest_must_be_committed (test_kiota_ctor_index_runner.LaunchGate) ... ok
unit-tests	Run python scripts/run-unit-tests	2026-09-23T11:53:34.2714632Z test_missing_account_after_prior_directory_refuses (test_kiota_ctor_index_runner.LaunchGate) ... ok
unit-tests	Run python scripts/run-unit-tests	2026-09-23T11:53:34.2747951Z test_pending_reservation_refuses (test_kiota_ctor_index_runner.LaunchGate) ... ok
unit-tests	Run python scripts/run-unit-tests	2026-09-23T11:53:34.2792083Z test_reservation_is_durable_before_launch (test_kiota_ctor_index_runner.LaunchGate) ... ok
unit-tests	Run python scripts/run-unit-tests	2026-09-23T11:53:34.2824556Z test_timeout_cannot_expand (test_kiota_ctor_index_runner.LaunchGate) ... ok
unit-tests	Run python scripts/run-unit-tests	2026-09-23T11:53:34.2858956Z test_unbound_cargo_configuration_refuses (test_kiota_ctor_index_runner.LaunchGate) ... ok
unit-tests	Run python scripts/run-unit-tests	2026-09-23T11:53:34.2883377Z test_wrong_cell_refuses (test_kiota_ctor_index_runner.LaunchGate) ... ok
unit-tests	Run python scripts/run-unit-tests	2026-09-23T11:53:34.3088890Z test_altered_historical_review_is_rejected (test_kiota_ctor_index_test_closure.KiotaCtorIndexTestClosureTest) ... ok
unit-tests	Run python scripts/run-unit-tests	2026-09-23T11:53:34.4562014Z test_changed_exact_message_fails (test_kiota_ctor_index_test_closure.KiotaCtorIndexTestClosureTest) ... ok
unit-tests	Run python scripts/run-unit-tests	2026-09-23T11:53:34.5037858Z test_later_frontier_cannot_change_completed_budget (test_kiota_ctor_index_test_closure.KiotaCtorIndexTestClosureTest) ... ok
unit-tests	Run python scripts/run-unit-tests	2026-09-23T11:53:34.5505970Z test_later_frontier_cannot_reopen_completed_kiota_item (test_kiota_ctor_index_test_closure.KiotaCtorIndexTestClosureTest) ... ok
unit-tests	Run python scripts/run-unit-tests	2026-09-23T11:53:34.5970492Z test_later_valid_frontier_preserves_historical_handoff (test_kiota_ctor_index_test_closure.KiotaCtorIndexTestClosureTest) ... ok
unit-tests	Run python scripts/run-unit-tests	2026-09-23T11:53:34.8650349Z test_live_closure_passes (test_kiota_ctor_index_test_closure.KiotaCtorIndexTestClosureTest) ... ok
unit-tests	Run python scripts/run-unit-tests	2026-09-23T11:53:34.8695821Z test_original_tooling_remains_bound (test_kiota_ctor_index_test_closure.KiotaCtorIndexTestClosureTest) ... ok
unit-tests	Run python scripts/run-unit-tests	2026-09-23T11:53:34.8704158Z test_audit_cannot_authorize_production_edit (test_kiota_recursor_type_design.KiotaRecursorTypeDesignTests) ... ok
unit-tests	Run python scripts/run-unit-tests	2026-09-23T11:53:34.8709714Z test_base_or_nested_stage_omission_fails (test_kiota_recursor_type_design.KiotaRecursorTypeDesignTests) ... ok
unit-tests	Run python scripts/run-unit-tests	2026-09-23T11:53:34.8712539Z test_circular_current_rec_environment_fails (test_kiota_recursor_type_design.KiotaRecursorTypeDesignTests) ... ok
unit-tests	Run python scripts/run-unit-tests	2026-09-23T11:53:34.9849620Z test_exact_package_passes (test_kiota_recursor_type_design.KiotaRecursorTypeDesignTests) ... ok
unit-tests	Run python scripts/run-unit-tests	2026-09-23T11:53:35.0877459Z test_fixture_hash_profile_or_outcome_tampering_fails (test_kiota_recursor_type_design.KiotaRecursorTypeDesignTests) ... ok
unit-tests	Run python scripts/run-unit-tests	2026-09-23T11:53:35.0880730Z test_result_cannot_overclaim_or_record_actions (test_kiota_recursor_type_design.KiotaRecursorTypeDesignTests) ... ok
unit-tests	Run python scripts/run-unit-tests	2026-09-23T11:53:35.0976596Z test_source_hash_or_locator_tampering_fails (test_kiota_recursor_type_design.KiotaRecursorTypeDesignTests) ... ok
unit-tests	Run python scripts/run-unit-tests	2026-09-23T11:53:35.0979775Z test_weaker_comparison_relation_fails (test_kiota_recursor_type_design.KiotaRecursorTypeDesignTests) ... ok
unit-tests	Run python scripts/run-unit-tests	2026-09-23T11:53:35.2747866Z test_changed_archive_and_custody_are_rejected (test_kiota_source_payload.KiotaSourcePayloadTests) ... ok
unit-tests	Run python scripts/run-unit-tests	2026-09-23T11:53:36.3702662Z test_changed_tree_fails_without_overwriting (test_kiota_source_payload.KiotaSourcePayloadTests) ... ok
unit-tests	Run python scripts/run-unit-tests	2026-09-23T11:53:37.2712456Z test_changed_wrapper_fails_without_overwriting (test_kiota_source_payload.KiotaSourcePayloadTests) ... ok
unit-tests	Run python scripts/run-unit-tests	2026-09-23T11:53:38.0110915Z test_clean_checkout_restores_all_bound_external_sources_without_host_payload (test_kiota_source_payload.KiotaSourcePayloadTests) ... ok
unit-tests	Run python scripts/run-unit-tests	2026-09-23T11:53:39.1001826Z test_existing_exact_payload_is_idempotent (test_kiota_source_payload.KiotaSourcePayloadTests) ... ok
unit-tests	Run python scripts/run-unit-tests	2026-09-23T11:53:39.4340764Z test_incomplete_existing_workspace_is_not_replaced (test_kiota_source_payload.KiotaSourcePayloadTests) ... ok
unit-tests	Run python scripts/run-unit-tests	2026-09-23T11:53:39.6034729Z test_linked_ancestor_is_rejected_before_writing (test_kiota_source_payload.KiotaSourcePayloadTests) ... ok
unit-tests	Run python scripts/run-unit-tests	2026-09-23T11:53:40.6756425Z test_linked_tree_and_wrapper_are_rejected (test_kiota_source_payload.KiotaSourcePayloadTests) ... ok
unit-tests	Run python scripts/run-unit-tests	2026-09-23T11:53:40.6758390Z test_claim_and_recommendation_stay_scoped (test_metamorphic_pilot_closure.MetamorphicPilotClosureTests) ... ok
unit-tests	Run python scripts/run-unit-tests	2026-09-23T11:53:40.6768911Z test_final_run_is_observed_clean_and_exact (test_metamorphic_pilot_closure.MetamorphicPilotClosureTests) ... ok
unit-tests	Run python scripts/run-unit-tests	2026-09-23T11:53:40.6778167Z test_generation_bindings_and_eligibility_are_complete (test_metamorphic_pilot_closure.MetamorphicPilotClosureTests) ... ok
unit-tests	Run python scripts/run-unit-tests	2026-09-23T11:53:40.6780395Z test_predecessor_remains_exact_unresolved_history (test_metamorphic_pilot_closure.MetamorphicPilotClosureTests) ... ok
unit-tests	Run python scripts/run-unit-tests	2026-09-23T11:53:40.6784099Z test_twelve_cell_matrix_and_four_relations_are_complete (test_metamorphic_pilot_closure.MetamorphicPilotClosureTests) ... ok
unit-tests	Run python scripts/run-unit-tests	2026-09-23T11:53:40.6795767Z test_changed_imax_constructor_fails_preservation (test_metamorphic_representation.AdversarialAuditTests) ... ok
unit-tests	Run python scripts/run-unit-tests	2026-09-23T11:53:40.6804890Z test_changed_let_value_fails_preservation (test_metamorphic_representation.AdversarialAuditTests) ... ok
unit-tests	Run python scripts/run-unit-tests	2026-09-23T11:53:40.6813077Z test_duplicate_index_fails_closed (test_metamorphic_representation.AdversarialAuditTests) ... ok
unit-tests	Run python scripts/run-unit-tests	2026-09-23T11:53:40.6821361Z test_extra_field_fails_closed (test_metamorphic_representation.AdversarialAuditTests) ... ok
unit-tests	Run python scripts/run-unit-tests	2026-09-23T11:53:40.6829692Z test_invalid_reference_fails_closed (test_metamorphic_representation.AdversarialAuditTests) ... ok
unit-tests	Run python scripts/run-unit-tests	2026-09-23T11:53:40.6837118Z test_missing_record_fails_closed (test_metamorphic_representation.AdversarialAuditTests) ... ok
unit-tests	Run python scripts/run-unit-tests	2026-09-23T11:53:40.6844918Z test_unknown_tag_fails_closed (test_metamorphic_representation.AdversarialAuditTests) ... ok
unit-tests	Run python scripts/run-unit-tests	2026-09-23T11:53:40.6885864Z test_generation_is_byte_deterministic (test_metamorphic_representation.TransformationTests) ... ok
unit-tests	Run python scripts/run-unit-tests	2026-09-23T11:53:40.6887861Z test_generation_summary_is_owned_by_successor (test_metamorphic_representation.TransformationTests) ... ok
unit-tests	Run python scripts/run-unit-tests	2026-09-23T11:53:40.6922196Z test_identity_decode_encode_roundtrip (test_metamorphic_representation.TransformationTests) ... ok
unit-tests	Run python scripts/run-unit-tests	2026-09-23T11:53:40.6948320Z test_reverse_ready_pairs_are_nonidentity_and_preserved (test_metamorphic_representation.TransformationTests) ... ok
unit-tests	Run python scripts/run-unit-tests	2026-09-23T11:53:40.6973880Z test_round_robin_is_preserved_but_ineligible_under_frozen_delta (test_metamorphic_representation.TransformationTests) ... ok
unit-tests	Run python scripts/run-unit-tests	2026-09-23T11:53:40.6978130Z test_unknown_algorithm_fails (test_metamorphic_representation.TransformationTests) ... ok
unit-tests	Run python scripts/run-unit-tests	2026-09-23T11:53:40.7012284Z test_nonempty_zero_rss_samples_never_release_child (test_metamorphic_supervisor.StartGateTests) ... ok
unit-tests	Run python scripts/run-unit-tests	2026-09-23T11:53:40.7048798Z test_zero_then_positive_rss_delays_release_until_positive (test_metamorphic_supervisor.StartGateTests) ... ok
unit-tests	Run python scripts/run-unit-tests	2026-09-23T11:53:40.7648173Z test_child_memory_breach_kills_process_group (test_metamorphic_supervisor.SupervisorTests) ... ok
unit-tests	Run python scripts/run-unit-tests	2026-09-23T11:53:40.7649131Z test_classification_rejects_missing_runtime_sample (test_metamorphic_supervisor.SupervisorTests) ... ok
unit-tests	Run python scripts/run-unit-tests	2026-09-23T11:53:40.8005081Z test_nonzero_exit_is_preserved (test_metamorphic_supervisor.SupervisorTests) ... ok
unit-tests	Run python scripts/run-unit-tests	2026-09-23T11:53:40.9314777Z test_normal_exit_is_observed (test_metamorphic_supervisor.SupervisorTests) ... ok
unit-tests	Run python scripts/run-unit-tests	2026-09-23T11:53:41.9426465Z test_timeout_kills_process_group (test_metamorphic_supervisor.SupervisorTests) ... ok
unit-tests	Run python scripts/run-unit-tests	2026-09-23T11:53:41.9448502Z test_attempts_have_final_classifications (test_mutation_model.MutationModelTests) ... ok
unit-tests	Run python scripts/run-unit-tests	2026-09-23T11:53:41.9450024Z test_generated_ids_are_content_deterministic (test_mutation_model.MutationModelTests) ... ok
unit-tests	Run python scripts/run-unit-tests	2026-09-23T11:53:41.9452644Z test_manual_catalog_binds_specs (test_mutation_model.MutationModelTests) ... ok
unit-tests	Run python scripts/run-unit-tests	2026-09-23T11:53:41.9453755Z test_population_is_bounded_and_multi_family (test_mutation_model.MutationModelTests) ... ok
unit-tests	Run python scripts/run-unit-tests	2026-09-23T11:53:41.9459051Z test_constructor_owner_classification_requires_all_invariants (test_mutation_surface_audit.MutationSurfaceAuditTests) ... ok
unit-tests	Run python scripts/run-unit-tests	2026-09-23T11:53:41.9460571Z test_debug_only_strong_reduce_is_not_in_modeled_surface (test_mutation_surface_audit.MutationSurfaceAuditTests) ... ok
unit-tests	Run python scripts/run-unit-tests	2026-09-23T11:53:41.9462574Z test_distinguishes_selection_and_operator_surface_gaps (test_mutation_surface_audit.MutationSurfaceAuditTests) ... ok
unit-tests	Run python scripts/run-unit-tests	2026-09-23T11:53:41.9464135Z test_diversity_selection_spreads_subsystems_then_functions (test_mutation_surface_audit.MutationSurfaceAuditTests) ... ok
unit-tests	Run python scripts/run-unit-tests	2026-09-23T11:53:41.9465949Z test_instantiation_and_abstraction_are_modeled_as_substitution (test_mutation_surface_audit.MutationSurfaceAuditTests) ... ok
unit-tests	Run python scripts/run-unit-tests	2026-09-23T11:53:41.9467471Z test_nat_extension_classification_fails_closed (test_mutation_surface_audit.MutationSurfaceAuditTests) ... ok
unit-tests	Run python scripts/run-unit-tests	2026-09-23T11:53:41.9468828Z test_quot_ind_classification_requires_explicit_probe (test_mutation_surface_audit.MutationSurfaceAuditTests) ... ok
unit-tests	Run python scripts/run-unit-tests	2026-09-23T11:53:41.9470215Z test_reference_aligned_mutants_are_excluded_from_scores (test_mutation_surface_audit.MutationSurfaceAuditTests) ... ok
unit-tests	Run python scripts/run-unit-tests	2026-09-23T11:53:41.9498122Z test_repository_report_matches_active_batch (test_mutation_surface_audit.MutationSurfaceAuditTests) ... ok
unit-tests	Run python scripts/run-unit-tests	2026-09-23T11:53:41.9499677Z test_scheduler_falls_back_to_full_baseline_without_coverage_inputs (test_mutation_surface_audit.MutationSurfaceAuditTests) ... ok
unit-tests	Run python scripts/run-unit-tests	2026-09-23T11:53:41.9501248Z test_scheduler_keeps_coverage_guided_selection_when_available (test_mutation_surface_audit.MutationSurfaceAuditTests) ... ok
unit-tests	Run python scripts/run-unit-tests	2026-09-23T11:53:42.0486739Z test_artifact_binding_tampering_and_mutable_queue_independence (test_nanoda_defeq_cache_closure.NanodaDefeqCacheClosureTests) ... ok
unit-tests	Run python scripts/run-unit-tests	2026-09-23T11:53:42.0493341Z test_clock_reset_nonfinite_and_cap_refused (test_nanoda_defeq_cache_closure.NanodaDefeqCacheClosureTests) ... ok
unit-tests	Run python scripts/run-unit-tests	2026-09-23T11:53:42.0500511Z test_handoff_and_item_closure_agree (test_nanoda_defeq_cache_closure.NanodaDefeqCacheClosureTests) ... ok
unit-tests	Run python scripts/run-unit-tests	2026-09-23T11:53:42.0514564Z test_inflated_claims_and_launches_refused (test_nanoda_defeq_cache_closure.NanodaDefeqCacheClosureTests) ... ok
unit-tests	Run python scripts/run-unit-tests	2026-09-23T11:53:42.0521436Z test_request_cost_cannot_be_erased_or_exceeded (test_nanoda_defeq_cache_closure.NanodaDefeqCacheClosureTests) ... ok
unit-tests	Run python scripts/run-unit-tests	2026-09-23T11:53:42.0523083Z test_valid_scoped_closure (test_nanoda_defeq_cache_closure.NanodaDefeqCacheClosureTests) ... ok
unit-tests	Run python scripts/run-unit-tests	2026-09-23T11:53:42.0664631Z test_closure_snapshot_survives_later_live_frontier_and_submission (test_nanoda_nat_dispatch_closure.ClosureReplay) ... ok
unit-tests	Run python scripts/run-unit-tests	2026-09-23T11:53:42.0806022Z test_counts_cannot_disagree_between_closure_and_result (test_nanoda_nat_dispatch_closure.ClosureReplay) ... ok
unit-tests	Run python scripts/run-unit-tests	2026-09-23T11:53:42.0873020Z test_deducted_work_time_refused (test_nanoda_nat_dispatch_closure.ClosureReplay) ... ok
unit-tests	Run python scripts/run-unit-tests	2026-09-23T11:53:42.0993501Z test_deleted_attempt_cannot_reduce_counts (test_nanoda_nat_dispatch_closure.ClosureReplay) ... ok
unit-tests	Run python scripts/run-unit-tests	2026-09-23T11:53:42.1137581Z test_draft_path_in_unrelated_ledger_text_is_not_attribution (test_nanoda_nat_dispatch_closure.ClosureReplay) ... ok
unit-tests	Run python scripts/run-unit-tests	2026-09-23T11:53:42.1203964Z test_entry_work_record_cannot_be_rewritten (test_nanoda_nat_dispatch_closure.ClosureReplay) ... ok
unit-tests	Run python scripts/run-unit-tests	2026-09-23T11:53:42.1347731Z test_external_draft_requires_ledger_index (test_nanoda_nat_dispatch_closure.ClosureReplay) ... ok
unit-tests	Run python scripts/run-unit-tests	2026-09-23T11:53:42.1518124Z test_failed_attempt_is_retained_and_charged_before_successful_retry (test_nanoda_nat_dispatch_closure.ClosureReplay) ... ok
unit-tests	Run python scripts/run-unit-tests	2026-09-23T11:53:42.1651513Z test_forged_pass_count_without_named_tests_refused (test_nanoda_nat_dispatch_closure.ClosureReplay) ... ok
unit-tests	Run python scripts/run-unit-tests	2026-09-23T11:53:42.1808387Z test_full_suite_cannot_hide_missing_documentation_phase (test_nanoda_nat_dispatch_closure.ClosureReplay) ... ok
unit-tests	Run python scripts/run-unit-tests	2026-09-23T11:53:42.1947897Z test_inflated_pass_summary_refused (test_nanoda_nat_dispatch_closure.ClosureReplay) ... ok
unit-tests	Run python scripts/run-unit-tests	2026-09-23T11:53:42.2036557Z test_inputs_cannot_change_after_freeze_even_with_updated_output_hash (test_nanoda_nat_dispatch_closure.ClosureReplay) ... ok
unit-tests	Run python scripts/run-unit-tests	2026-09-23T11:53:42.2107605Z test_nan_clock_does_not_evade_budget (test_nanoda_nat_dispatch_closure.ClosureReplay) ... ok
unit-tests	Run python scripts/run-unit-tests	2026-09-23T11:53:42.2176286Z test_old_historical_binding_is_checked_at_its_base_commit (test_nanoda_nat_dispatch_closure.ClosureReplay) ... ok
unit-tests	Run python scripts/run-unit-tests	2026-09-23T11:53:42.2283619Z test_orphan_raw_attempt_refused (test_nanoda_nat_dispatch_closure.ClosureReplay) ... ok
unit-tests	Run python scripts/run-unit-tests	2026-09-23T11:53:42.2418176Z test_output_binding_cannot_be_omitted (test_nanoda_nat_dispatch_closure.ClosureReplay) ... ok
unit-tests	Run python scripts/run-unit-tests	2026-09-23T11:53:42.2542075Z test_pending_cleanup_refused (test_nanoda_nat_dispatch_closure.ClosureReplay) ... ok
unit-tests	Run python scripts/run-unit-tests	2026-09-23T11:53:42.2674893Z test_portable_complete_replay_requires_no_runtime_installation (test_nanoda_nat_dispatch_closure.ClosureReplay) ... ok
unit-tests	Run python scripts/run-unit-tests	2026-09-23T11:53:42.2793719Z test_post_launch_commit_refused (test_nanoda_nat_dispatch_closure.ClosureReplay) ... ok
unit-tests	Run python scripts/run-unit-tests	2026-09-23T11:53:42.2869849Z test_production_patch_refused_even_if_committed (test_nanoda_nat_dispatch_closure.ClosureReplay) ... ok
unit-tests	Run python scripts/run-unit-tests	2026-09-23T11:53:42.3007296Z test_raw_request_hash_is_recomputed (test_nanoda_nat_dispatch_closure.ClosureReplay) ... ok
unit-tests	Run python scripts/run-unit-tests	2026-09-23T11:53:42.3147384Z test_reservation_numbers_cannot_reset (test_nanoda_nat_dispatch_closure.ClosureReplay) ... ok
unit-tests	Run python scripts/run-unit-tests	2026-09-23T11:53:42.3310342Z test_same_draft_for_different_item_refused (test_nanoda_nat_dispatch_closure.ClosureReplay) ... ok
unit-tests	Run python scripts/run-unit-tests	2026-09-23T11:53:42.3725864Z test_snapshot_cannot_claim_started_successor (test_nanoda_nat_dispatch_closure.ClosureReplay) ... ok
unit-tests	Run python scripts/run-unit-tests	2026-09-23T11:53:42.3853429Z test_successor_must_remain_unstarted (test_nanoda_nat_dispatch_closure.ClosureReplay) ... ok
unit-tests	Run python scripts/run-unit-tests	2026-09-23T11:53:42.3986789Z test_valid_request_hash_does_not_authorize_different_invocation (test_nanoda_nat_dispatch_closure.ClosureReplay) ... ok
unit-tests	Run python scripts/run-unit-tests	2026-09-23T11:53:42.4057782Z test_wrong_scientific_matrix_cannot_be_legitimized_by_git_binding (test_nanoda_nat_dispatch_closure.ClosureReplay) ... ok
unit-tests	Run python scripts/run-unit-tests	2026-09-23T11:53:42.4087804Z test_build_cap_refuses_before_spawn (test_nanoda_nat_dispatch_runner.LaunchGate) ... ok
unit-tests	Run python scripts/run-unit-tests	2026-09-23T11:53:42.4115478Z test_changed_dependency_source_refuses_before_spawn (test_nanoda_nat_dispatch_runner.LaunchGate) ... ok
unit-tests	Run python scripts/run-unit-tests	2026-09-23T11:53:42.4138691Z test_changed_input_refuses_before_spawn (test_nanoda_nat_dispatch_runner.LaunchGate) ... ok
unit-tests	Run python scripts/run-unit-tests	2026-09-23T11:53:42.4162014Z test_changed_source_patch_refuses_before_spawn (test_nanoda_nat_dispatch_runner.LaunchGate) ... ok
unit-tests	Run python scripts/run-unit-tests	2026-09-23T11:53:42.4190324Z test_clock_rollback_refuses_before_spawn (test_nanoda_nat_dispatch_runner.LaunchGate) ... ok
unit-tests	Run python scripts/run-unit-tests	2026-09-23T11:53:42.4228292Z test_completed_reservation_cannot_be_reused (test_nanoda_nat_dispatch_runner.LaunchGate) ... ok
unit-tests	Run python scripts/run-unit-tests	2026-09-23T11:53:42.4253420Z test_disagreeing_clocks_refuse_before_spawn (test_nanoda_nat_dispatch_runner.LaunchGate) ... ok
unit-tests	Run python scripts/run-unit-tests	2026-09-23T11:53:42.4297459Z test_durable_reservation_precedes_mock_launch (test_nanoda_nat_dispatch_runner.LaunchGate) ... ok
unit-tests	Run python scripts/run-unit-tests	2026-09-23T11:53:42.4326487Z test_full_reservation_must_fit_remaining_time (test_nanoda_nat_dispatch_runner.LaunchGate) ... ok
unit-tests	Run python scripts/run-unit-tests	2026-09-23T11:53:42.4356114Z test_inconsistent_counts_refuse_before_spawn (test_nanoda_nat_dispatch_runner.LaunchGate) ... ok
unit-tests	Run python scripts/run-unit-tests	2026-09-23T11:53:42.4385910Z test_missing_account_with_prior_directory_refuses_before_spawn (test_nanoda_nat_dispatch_runner.LaunchGate) ... ok
unit-tests	Run python scripts/run-unit-tests	2026-09-23T11:53:42.4415317Z test_pending_reservation_refuses_before_spawn (test_nanoda_nat_dispatch_runner.LaunchGate) ... ok
unit-tests	Run python scripts/run-unit-tests	2026-09-23T11:53:42.4443991Z test_process_ceiling_cannot_be_enlarged (test_nanoda_nat_dispatch_runner.LaunchGate) ... ok
unit-tests	Run python scripts/run-unit-tests	2026-09-23T11:53:42.4478724Z test_test_cap_refuses_before_spawn (test_nanoda_nat_dispatch_runner.LaunchGate) ... ok
unit-tests	Run python scripts/run-unit-tests	2026-09-23T11:53:42.4549046Z test_unbound_dependency_file_refuses_before_spawn (test_nanoda_nat_dispatch_runner.LaunchGate) ... ok
unit-tests	Run python scripts/run-unit-tests	2026-09-23T11:53:42.4570296Z test_uncommitted_manifest_refuses_before_spawn (test_nanoda_nat_dispatch_runner.LaunchGate) ... ok
unit-tests	Run python scripts/run-unit-tests	2026-09-23T11:53:42.4593664Z test_untracked_source_refuses_before_spawn (test_nanoda_nat_dispatch_runner.LaunchGate) ... ok
unit-tests	Run python scripts/run-unit-tests	2026-09-23T11:53:42.4617735Z test_wrong_cell_identity_refuses_before_spawn (test_nanoda_nat_dispatch_runner.LaunchGate) ... ok
unit-tests	Run python scripts/run-unit-tests	2026-09-23T11:53:44.0882570Z test_artifact_binding_tampering_and_mutable_queue_independence (test_nanoda_native_config_closure.NanodaNativeConfigClosureTests) ... ok
unit-tests	Run python scripts/run-unit-tests	2026-09-23T11:53:44.0891900Z test_clock_reset_nonfinite_and_cap_refused (test_nanoda_native_config_closure.NanodaNativeConfigClosureTests) ... ok
unit-tests	Run python scripts/run-unit-tests	2026-09-23T11:53:44.0902931Z test_design_cannot_claim_execution_or_drop_unicode_control (test_nanoda_native_config_closure.NanodaNativeConfigClosureTests) ... ok
unit-tests	Run python scripts/run-unit-tests	2026-09-23T11:53:45.4941997Z test_exact_source_inventory_tests_and_excerpt_bindings (test_nanoda_native_config_closure.NanodaNativeConfigClosureTests) ... ok
unit-tests	Run python scripts/run-unit-tests	2026-09-23T11:53:45.4952658Z test_handoff_and_item_closure_agree (test_nanoda_native_config_closure.NanodaNativeConfigClosureTests) ... ok
unit-tests	Run python scripts/run-unit-tests	2026-09-23T11:53:45.4972996Z test_inflated_claims_and_launches_refused (test_nanoda_native_config_closure.NanodaNativeConfigClosureTests) ... ok
unit-tests	Run python scripts/run-unit-tests	2026-09-23T11:53:45.4977291Z test_matrix_requires_exact_unique_flag_and_name_cells (test_nanoda_native_config_closure.NanodaNativeConfigClosureTests) ... ok
unit-tests	Run python scripts/run-unit-tests	2026-09-23T11:53:45.5010334Z test_reconstruction_typing_and_admission_cannot_be_conflated (test_nanoda_native_config_closure.NanodaNativeConfigClosureTests) ... ok
unit-tests	Run python scripts/run-unit-tests	2026-09-23T11:53:45.5020570Z test_request_cost_cannot_be_erased_or_exceeded (test_nanoda_native_config_closure.NanodaNativeConfigClosureTests) ... ok
unit-tests	Run python scripts/run-unit-tests	2026-09-23T11:53:45.5023047Z test_valid_scoped_closure (test_nanoda_native_config_closure.NanodaNativeConfigClosureTests) ... ok
unit-tests	Run python scripts/run-unit-tests	2026-09-23T11:53:47.1067504Z test_artifact_binding_tampering_and_mutable_queue_independence (test_nanoda_nested_closure.NanodaNestedClosureTests) ... ok
unit-tests	Run python scripts/run-unit-tests	2026-09-23T11:53:47.1079262Z test_clock_reset_nonfinite_and_cap_refused (test_nanoda_nested_closure.NanodaNestedClosureTests) ... ok
unit-tests	Run python scripts/run-unit-tests	2026-09-23T11:53:47.1087605Z test_generic_panics_cannot_replace_guard_assertions_or_control (test_nanoda_nested_closure.NanodaNestedClosureTests) ... ok
unit-tests	Run python scripts/run-unit-tests	2026-09-23T11:53:47.1099367Z test_handoff_and_item_closure_agree (test_nanoda_nested_closure.NanodaNestedClosureTests) ... ok
unit-tests	Run python scripts/run-unit-tests	2026-09-23T11:53:47.1124948Z test_inflated_claims_and_launches_refused (test_nanoda_nested_closure.NanodaNestedClosureTests) ... ok
unit-tests	Run python scripts/run-unit-tests	2026-09-23T11:53:47.1138567Z test_projection_paths_and_enforcement_controls_cannot_be_dropped (test_nanoda_nested_closure.NanodaNestedClosureTests) ... ok
unit-tests	Run python scripts/run-unit-tests	2026-09-23T11:53:47.1149266Z test_request_cost_cannot_be_erased_or_exceeded (test_nanoda_nested_closure.NanodaNestedClosureTests) ... ok
unit-tests	Run python scripts/run-unit-tests	2026-09-23T11:53:48.2617111Z test_source_inventory_cannot_rebind_or_omit_current_source (test_nanoda_nested_closure.NanodaNestedClosureTests) ... ok
unit-tests	Run python scripts/run-unit-tests	2026-09-23T11:53:48.2620401Z test_valid_scoped_closure (test_nanoda_nested_closure.NanodaNestedClosureTests) ... ok
unit-tests	Run python scripts/run-unit-tests	2026-09-23T11:53:48.2765593Z test_changed_fixture_hash_cannot_be_legitimized_by_manifest (test_nanoda_nested_test_closure.ClosureReplay) ... ok
unit-tests	Run python scripts/run-unit-tests	2026-09-23T11:53:48.2904297Z test_closure_snapshot_survives_later_live_frontier_and_submission (test_nanoda_nested_test_closure.ClosureReplay) ... ok
unit-tests	Run python scripts/run-unit-tests	2026-09-23T11:53:48.2979904Z test_control_outcome_cannot_be_promoted (test_nanoda_nested_test_closure.ClosureReplay) ... ok
unit-tests	Run python scripts/run-unit-tests	2026-09-23T11:53:48.3156119Z test_counts_cannot_disagree_between_closure_and_result (test_nanoda_nested_test_closure.ClosureReplay) ... ok
unit-tests	Run python scripts/run-unit-tests	2026-09-23T11:53:48.3227376Z test_deducted_work_time_refused (test_nanoda_nested_test_closure.ClosureReplay) ... ok
unit-tests	Run python scripts/run-unit-tests	2026-09-23T11:53:48.3356108Z test_deleted_attempt_cannot_reduce_counts (test_nanoda_nested_test_closure.ClosureReplay) ... ok
unit-tests	Run python scripts/run-unit-tests	2026-09-23T11:53:48.3491974Z test_design_binding_cannot_be_omitted_from_launch_manifest (test_nanoda_nested_test_closure.ClosureReplay) ... ok
unit-tests	Run python scripts/run-unit-tests	2026-09-23T11:53:48.3644776Z test_draft_path_in_unrelated_ledger_text_is_not_attribution (test_nanoda_nested_test_closure.ClosureReplay) ... ok
unit-tests	Run python scripts/run-unit-tests	2026-09-23T11:53:48.3716415Z test_entry_work_record_cannot_be_rewritten (test_nanoda_nested_test_closure.ClosureReplay) ... ok
unit-tests	Run python scripts/run-unit-tests	2026-09-23T11:53:48.3868256Z test_external_draft_requires_ledger_index (test_nanoda_nested_test_closure.ClosureReplay) ... ok
unit-tests	Run python scripts/run-unit-tests	2026-09-23T11:53:48.4060556Z test_failed_attempt_is_retained_and_charged_before_successful_retry (test_nanoda_nested_test_closure.ClosureReplay) ... ok
unit-tests	Run python scripts/run-unit-tests	2026-09-23T11:53:48.4196590Z test_fixture_binding_cannot_be_omitted_from_launch_manifest (test_nanoda_nested_test_closure.ClosureReplay) ... ok
unit-tests	Run python scripts/run-unit-tests	2026-09-23T11:53:48.4336560Z test_forged_pass_count_without_named_tests_refused (test_nanoda_nested_test_closure.ClosureReplay) ... ok
unit-tests	Run python scripts/run-unit-tests	2026-09-23T11:53:48.4488975Z test_full_suite_cannot_hide_missing_documentation_phase (test_nanoda_nested_test_closure.ClosureReplay) ... ok
unit-tests	Run python scripts/run-unit-tests	2026-09-23T11:53:48.4628210Z test_inflated_pass_summary_refused (test_nanoda_nested_test_closure.ClosureReplay) ... ok
unit-tests	Run python scripts/run-unit-tests	2026-09-23T11:53:48.4718195Z test_inputs_cannot_change_after_freeze_even_with_updated_output_hash (test_nanoda_nested_test_closure.ClosureReplay) ... ok
unit-tests	Run python scripts/run-unit-tests	2026-09-23T11:53:48.4789289Z test_nan_clock_does_not_evade_budget (test_nanoda_nested_test_closure.ClosureReplay) ... ok
unit-tests	Run python scripts/run-unit-tests	2026-09-23T11:53:48.4859450Z test_old_historical_binding_is_checked_at_its_base_commit (test_nanoda_nested_test_closure.ClosureReplay) ... ok
unit-tests	Run python scripts/run-unit-tests	2026-09-23T11:53:48.4974633Z test_orphan_raw_attempt_refused (test_nanoda_nested_test_closure.ClosureReplay) ... ok
unit-tests	Run python scripts/run-unit-tests	2026-09-23T11:53:48.5110861Z test_output_binding_cannot_be_omitted (test_nanoda_nested_test_closure.ClosureReplay) ... ok
unit-tests	Run python scripts/run-unit-tests	2026-09-23T11:53:48.5239444Z test_pending_cleanup_refused (test_nanoda_nested_test_closure.ClosureReplay) ... ok
unit-tests	Run python scripts/run-unit-tests	2026-09-23T11:53:48.5373926Z test_portable_complete_replay_requires_no_runtime_installation (test_nanoda_nested_test_closure.ClosureReplay) ... ok
unit-tests	Run python scripts/run-unit-tests	2026-09-23T11:53:48.5493346Z test_post_launch_commit_refused (test_nanoda_nested_test_closure.ClosureReplay) ... ok
unit-tests	Run python scripts/run-unit-tests	2026-09-23T11:53:48.5577770Z test_predecessor_design_is_bound_without_semantic_promotion (test_nanoda_nested_test_closure.ClosureReplay) ... ok
unit-tests	Run python scripts/run-unit-tests	2026-09-23T11:53:48.5654589Z test_production_patch_refused_even_if_committed (test_nanoda_nested_test_closure.ClosureReplay) ... ok
unit-tests	Run python scripts/run-unit-tests	2026-09-23T11:53:48.5729032Z test_qualified_exclusion_cannot_be_dropped (test_nanoda_nested_test_closure.ClosureReplay) ... ok
unit-tests	Run python scripts/run-unit-tests	2026-09-23T11:53:48.5869270Z test_raw_request_hash_is_recomputed (test_nanoda_nested_test_closure.ClosureReplay) ... ok
unit-tests	Run python scripts/run-unit-tests	2026-09-23T11:53:48.6008376Z test_reservation_numbers_cannot_reset (test_nanoda_nested_test_closure.ClosureReplay) ... ok
unit-tests	Run python scripts/run-unit-tests	2026-09-23T11:53:48.6160499Z test_same_draft_for_different_item_refused (test_nanoda_nested_test_closure.ClosureReplay) ... ok
unit-tests	Run python scripts/run-unit-tests	2026-09-23T11:53:48.6311588Z test_snapshot_cannot_claim_started_successor (test_nanoda_nested_test_closure.ClosureReplay) ... ok
unit-tests	Run python scripts/run-unit-tests	2026-09-23T11:53:48.6448085Z test_successor_must_remain_unstarted (test_nanoda_nested_test_closure.ClosureReplay) ... ok
unit-tests	Run python scripts/run-unit-tests	2026-09-23T11:53:48.6589826Z test_valid_request_hash_does_not_authorize_different_invocation (test_nanoda_nested_test_closure.ClosureReplay) ... ok
unit-tests	Run python scripts/run-unit-tests	2026-09-23T11:53:48.6662907Z test_wrong_scientific_matrix_cannot_be_legitimized_by_git_binding (test_nanoda_nested_test_closure.ClosureReplay) ... ok
unit-tests	Run python scripts/run-unit-tests	2026-09-23T11:53:48.6691190Z test_build_cap_refuses_before_spawn (test_nanoda_nested_test_runner.LaunchGate) ... ok
unit-tests	Run python scripts/run-unit-tests	2026-09-23T11:53:48.6730000Z test_changed_dependency_source_refuses_before_spawn (test_nanoda_nested_test_runner.LaunchGate) ... ok
unit-tests	Run python scripts/run-unit-tests	2026-09-23T11:53:48.6752065Z test_changed_input_refuses_before_spawn (test_nanoda_nested_test_runner.LaunchGate) ... ok
unit-tests	Run python scripts/run-unit-tests	2026-09-23T11:53:48.6773851Z test_changed_source_patch_refuses_before_spawn (test_nanoda_nested_test_runner.LaunchGate) ... ok
unit-tests	Run python scripts/run-unit-tests	2026-09-23T11:53:48.6825089Z test_cleanup_failure_keeps_reservation_pending (test_nanoda_nested_test_runner.LaunchGate) ... ok
unit-tests	Run python scripts/run-unit-tests	2026-09-23T11:53:48.6855114Z test_clock_rollback_refuses_before_spawn (test_nanoda_nested_test_runner.LaunchGate) ... ok
unit-tests	Run python scripts/run-unit-tests	2026-09-23T11:53:48.6882341Z test_completed_reservation_cannot_be_reused (test_nanoda_nested_test_runner.LaunchGate) ... ok
unit-tests	Run python scripts/run-unit-tests	2026-09-23T11:53:48.6926903Z test_deadline_failure_keeps_reservation_pending (test_nanoda_nested_test_runner.LaunchGate) ... ok
unit-tests	Run python scripts/run-unit-tests	2026-09-23T11:53:48.6952198Z test_disagreeing_clocks_refuse_before_spawn (test_nanoda_nested_test_runner.LaunchGate) ... ok
unit-tests	Run python scripts/run-unit-tests	2026-09-23T11:53:48.6996244Z test_durable_reservation_precedes_mock_launch (test_nanoda_nested_test_runner.LaunchGate) ... ok
unit-tests	Run python scripts/run-unit-tests	2026-09-23T11:53:48.7024348Z test_full_reservation_must_fit_remaining_time (test_nanoda_nested_test_runner.LaunchGate) ... ok
unit-tests	Run python scripts/run-unit-tests	2026-09-23T11:53:48.7052100Z test_inconsistent_counts_refuse_before_spawn (test_nanoda_nested_test_runner.LaunchGate) ... ok
unit-tests	Run python scripts/run-unit-tests	2026-09-23T11:53:48.7081136Z test_missing_account_with_prior_directory_refuses_before_spawn (test_nanoda_nested_test_runner.LaunchGate) ... ok
unit-tests	Run python scripts/run-unit-tests	2026-09-23T11:53:48.7131003Z test_ordinary_failed_build_stays_charged_and_allows_repair (test_nanoda_nested_test_runner.LaunchGate) ... ok
unit-tests	Run python scripts/run-unit-tests	2026-09-23T11:53:48.7158720Z test_pending_reservation_refuses_before_spawn (test_nanoda_nested_test_runner.LaunchGate) ... ok
unit-tests	Run python scripts/run-unit-tests	2026-09-23T11:53:48.7185473Z test_process_ceiling_cannot_be_enlarged (test_nanoda_nested_test_runner.LaunchGate) ... ok
unit-tests	Run python scripts/run-unit-tests	2026-09-23T11:53:48.7213085Z test_test_cap_refuses_before_spawn (test_nanoda_nested_test_runner.LaunchGate) ... ok
unit-tests	Run python scripts/run-unit-tests	2026-09-23T11:53:48.7242574Z test_unbound_cargo_configuration_refuses_before_spawn (test_nanoda_nested_test_runner.LaunchGate) ... ok
unit-tests	Run python scripts/run-unit-tests	2026-09-23T11:53:48.7269651Z test_unbound_dependency_file_refuses_before_spawn (test_nanoda_nested_test_runner.LaunchGate) ... ok
unit-tests	Run python scripts/run-unit-tests	2026-09-23T11:53:48.7290551Z test_uncommitted_manifest_refuses_before_spawn (test_nanoda_nested_test_runner.LaunchGate) ... ok
unit-tests	Run python scripts/run-unit-tests	2026-09-23T11:53:48.7313275Z test_untracked_source_refuses_before_spawn (test_nanoda_nested_test_runner.LaunchGate) ... ok
unit-tests	Run python scripts/run-unit-tests	2026-09-23T11:53:48.7336382Z test_wrong_cell_identity_refuses_before_spawn (test_nanoda_nested_test_runner.LaunchGate) ... ok
unit-tests	Run python scripts/run-unit-tests	2026-09-23T11:53:48.7476951Z test_changed_fixture_hash_cannot_be_legitimized_by_manifest (test_nanoda_string_reconstruction_closure.ClosureReplay) ... ok
unit-tests	Run python scripts/run-unit-tests	2026-09-23T11:53:48.7617053Z test_closure_snapshot_survives_later_live_frontier_and_submission (test_nanoda_string_reconstruction_closure.ClosureReplay) ... ok
unit-tests	Run python scripts/run-unit-tests	2026-09-23T11:53:48.7770242Z test_counts_cannot_disagree_between_closure_and_result (test_nanoda_string_reconstruction_closure.ClosureReplay) ... ok
unit-tests	Run python scripts/run-unit-tests	2026-09-23T11:53:48.7847741Z test_declaration_presence_cannot_be_promoted (test_nanoda_string_reconstruction_closure.ClosureReplay) ... ok
unit-tests	Run python scripts/run-unit-tests	2026-09-23T11:53:48.7921188Z test_deducted_work_time_refused (test_nanoda_string_reconstruction_closure.ClosureReplay) ... ok
unit-tests	Run python scripts/run-unit-tests	2026-09-23T11:53:48.8061597Z test_deleted_attempt_cannot_reduce_counts (test_nanoda_string_reconstruction_closure.ClosureReplay) ... ok
unit-tests	Run python scripts/run-unit-tests	2026-09-23T11:53:48.8200918Z test_design_binding_cannot_be_omitted_from_launch_manifest (test_nanoda_string_reconstruction_closure.ClosureReplay) ... ok
unit-tests	Run python scripts/run-unit-tests	2026-09-23T11:53:48.8354318Z test_draft_path_in_unrelated_ledger_text_is_not_attribution (test_nanoda_string_reconstruction_closure.ClosureReplay) ... ok
unit-tests	Run python scripts/run-unit-tests	2026-09-23T11:53:48.8427505Z test_entry_work_record_cannot_be_rewritten (test_nanoda_string_reconstruction_closure.ClosureReplay) ... ok
unit-tests	Run python scripts/run-unit-tests	2026-09-23T11:53:48.8582821Z test_external_draft_requires_ledger_index (test_nanoda_string_reconstruction_closure.ClosureReplay) ... ok
unit-tests	Run python scripts/run-unit-tests	2026-09-23T11:53:48.8766250Z test_failed_attempt_is_retained_and_charged_before_successful_retry (test_nanoda_string_reconstruction_closure.ClosureReplay) ... ok
unit-tests	Run python scripts/run-unit-tests	2026-09-23T11:53:48.8904486Z test_fixture_binding_cannot_be_omitted_from_launch_manifest (test_nanoda_string_reconstruction_closure.ClosureReplay) ... ok
unit-tests	Run python scripts/run-unit-tests	2026-09-23T11:53:48.9048082Z test_forged_pass_count_without_named_tests_refused (test_nanoda_string_reconstruction_closure.ClosureReplay) ... ok
unit-tests	Run python scripts/run-unit-tests	2026-09-23T11:53:48.9201016Z test_full_suite_cannot_hide_missing_documentation_phase (test_nanoda_string_reconstruction_closure.ClosureReplay) ... ok
unit-tests	Run python scripts/run-unit-tests	2026-09-23T11:53:48.9344756Z test_inflated_pass_summary_refused (test_nanoda_string_reconstruction_closure.ClosureReplay) ... ok
unit-tests	Run python scripts/run-unit-tests	2026-09-23T11:53:48.9435898Z test_inputs_cannot_change_after_freeze_even_with_updated_output_hash (test_nanoda_string_reconstruction_closure.ClosureReplay) ... ok
unit-tests	Run python scripts/run-unit-tests	2026-09-23T11:53:48.9573326Z test_matrix_binding_cannot_be_omitted_from_launch_manifest (test_nanoda_string_reconstruction_closure.ClosureReplay) ... ok
unit-tests	Run python scripts/run-unit-tests	2026-09-23T11:53:48.9660293Z test_nan_clock_does_not_evade_budget (test_nanoda_string_reconstruction_closure.ClosureReplay) ... ok
unit-tests	Run python scripts/run-unit-tests	2026-09-23T11:53:48.9731803Z test_old_historical_binding_is_checked_at_its_base_commit (test_nanoda_string_reconstruction_closure.ClosureReplay) ... ok
unit-tests	Run python scripts/run-unit-tests	2026-09-23T11:53:48.9846566Z test_orphan_raw_attempt_refused (test_nanoda_string_reconstruction_closure.ClosureReplay) ... ok
unit-tests	Run python scripts/run-unit-tests	2026-09-23T11:53:48.9981821Z test_output_binding_cannot_be_omitted (test_nanoda_string_reconstruction_closure.ClosureReplay) ... ok
unit-tests	Run python scripts/run-unit-tests	2026-09-23T11:53:49.0112954Z test_pending_cleanup_refused (test_nanoda_string_reconstruction_closure.ClosureReplay) ... ok
unit-tests	Run python scripts/run-unit-tests	2026-09-23T11:53:49.0250744Z test_portable_complete_replay_requires_no_runtime_installation (test_nanoda_string_reconstruction_closure.ClosureReplay) ... ok
unit-tests	Run python scripts/run-unit-tests	2026-09-23T11:53:49.0373699Z test_post_launch_commit_refused (test_nanoda_string_reconstruction_closure.ClosureReplay) ... ok
unit-tests	Run python scripts/run-unit-tests	2026-09-23T11:53:49.0452019Z test_predecessor_design_is_bound_without_semantic_promotion (test_nanoda_string_reconstruction_closure.ClosureReplay) ... ok
unit-tests	Run python scripts/run-unit-tests	2026-09-23T11:53:49.0530648Z test_production_patch_refused_even_if_committed (test_nanoda_string_reconstruction_closure.ClosureReplay) ... ok
unit-tests	Run python scripts/run-unit-tests	2026-09-23T11:53:49.0608314Z test_qualified_exclusion_cannot_be_dropped (test_nanoda_string_reconstruction_closure.ClosureReplay) ... ok
unit-tests	Run python scripts/run-unit-tests	2026-09-23T11:53:49.0751868Z test_raw_request_hash_is_recomputed (test_nanoda_string_reconstruction_closure.ClosureReplay) ... ok
unit-tests	Run python scripts/run-unit-tests	2026-09-23T11:53:49.0893008Z test_reservation_numbers_cannot_reset (test_nanoda_string_reconstruction_closure.ClosureReplay) ... ok
unit-tests	Run python scripts/run-unit-tests	2026-09-23T11:53:49.1059226Z test_same_draft_for_different_item_refused (test_nanoda_string_reconstruction_closure.ClosureReplay) ... ok
unit-tests	Run python scripts/run-unit-tests	2026-09-23T11:53:49.1616959Z test_snapshot_cannot_claim_started_successor (test_nanoda_string_reconstruction_closure.ClosureReplay) ... ok
unit-tests	Run python scripts/run-unit-tests	2026-09-23T11:53:49.2112234Z test_successor_must_remain_unstarted (test_nanoda_string_reconstruction_closure.ClosureReplay) ... ok
unit-tests	Run python scripts/run-unit-tests	2026-09-23T11:53:49.2194266Z test_unicode_scalar_order_cannot_change (test_nanoda_string_reconstruction_closure.ClosureReplay) ... ok
unit-tests	Run python scripts/run-unit-tests	2026-09-23T11:53:49.2270896Z test_unicode_scalars_cannot_be_replaced_with_utf8_bytes (test_nanoda_string_reconstruction_closure.ClosureReplay) ... ok
unit-tests	Run python scripts/run-unit-tests	2026-09-23T11:53:49.2418620Z test_valid_request_hash_does_not_authorize_different_invocation (test_nanoda_string_reconstruction_closure.ClosureReplay) ... ok
unit-tests	Run python scripts/run-unit-tests	2026-09-23T11:53:49.2495353Z test_wrong_scientific_matrix_cannot_be_legitimized_by_git_binding (test_nanoda_string_reconstruction_closure.ClosureReplay) ... ok
unit-tests	Run python scripts/run-unit-tests	2026-09-23T11:53:49.2525301Z test_build_cap_refuses_before_spawn (test_nanoda_string_reconstruction_runner.LaunchGate) ... ok
unit-tests	Run python scripts/run-unit-tests	2026-09-23T11:53:49.2553722Z test_changed_dependency_source_refuses_before_spawn (test_nanoda_string_reconstruction_runner.LaunchGate) ... ok
unit-tests	Run python scripts/run-unit-tests	2026-09-23T11:53:49.2577069Z test_changed_input_refuses_before_spawn (test_nanoda_string_reconstruction_runner.LaunchGate) ... ok
unit-tests	Run python scripts/run-unit-tests	2026-09-23T11:53:49.2600500Z test_changed_source_patch_refuses_before_spawn (test_nanoda_string_reconstruction_runner.LaunchGate) ... ok
unit-tests	Run python scripts/run-unit-tests	2026-09-23T11:53:49.2662725Z test_cleanup_failure_keeps_reservation_pending (test_nanoda_string_reconstruction_runner.LaunchGate) ... ok
unit-tests	Run python scripts/run-unit-tests	2026-09-23T11:53:49.2694015Z test_clock_rollback_refuses_before_spawn (test_nanoda_string_reconstruction_runner.LaunchGate) ... ok
unit-tests	Run python scripts/run-unit-tests	2026-09-23T11:53:49.2721719Z test_completed_reservation_cannot_be_reused (test_nanoda_string_reconstruction_runner.LaunchGate) ... ok
unit-tests	Run python scripts/run-unit-tests	2026-09-23T11:53:49.2771089Z test_deadline_failure_keeps_reservation_pending (test_nanoda_string_reconstruction_runner.LaunchGate) ... ok
unit-tests	Run python scripts/run-unit-tests	2026-09-23T11:53:49.2797161Z test_disagreeing_clocks_refuse_before_spawn (test_nanoda_string_reconstruction_runner.LaunchGate) ... ok
unit-tests	Run python scripts/run-unit-tests	2026-09-23T11:53:49.2834654Z test_durable_reservation_precedes_mock_launch (test_nanoda_string_reconstruction_runner.LaunchGate) ... ok
unit-tests	Run python scripts/run-unit-tests	2026-09-23T11:53:49.2862786Z test_full_reservation_must_fit_remaining_time (test_nanoda_string_reconstruction_runner.LaunchGate) ... ok
unit-tests	Run python scripts/run-unit-tests	2026-09-23T11:53:49.2896847Z test_inconsistent_counts_refuse_before_spawn (test_nanoda_string_reconstruction_runner.LaunchGate) ... ok
unit-tests	Run python scripts/run-unit-tests	2026-09-23T11:53:49.2924213Z test_missing_account_with_prior_directory_refuses_before_spawn (test_nanoda_string_reconstruction_runner.LaunchGate) ... ok
unit-tests	Run python scripts/run-unit-tests	2026-09-23T11:53:49.2969767Z test_ordinary_failed_build_stays_charged_and_allows_repair (test_nanoda_string_reconstruction_runner.LaunchGate) ... ok
unit-tests	Run python scripts/run-unit-tests	2026-09-23T11:53:49.2997265Z test_pending_reservation_refuses_before_spawn (test_nanoda_string_reconstruction_runner.LaunchGate) ... ok
unit-tests	Run python scripts/run-unit-tests	2026-09-23T11:53:49.3025123Z test_process_ceiling_cannot_be_enlarged (test_nanoda_string_reconstruction_runner.LaunchGate) ... ok
unit-tests	Run python scripts/run-unit-tests	2026-09-23T11:53:49.3052788Z test_test_cap_refuses_before_spawn (test_nanoda_string_reconstruction_runner.LaunchGate) ... ok
unit-tests	Run python scripts/run-unit-tests	2026-09-23T11:53:49.3089017Z test_unbound_cargo_configuration_refuses_before_spawn (test_nanoda_string_reconstruction_runner.LaunchGate) ... ok
unit-tests	Run python scripts/run-unit-tests	2026-09-23T11:53:49.3115177Z test_unbound_dependency_file_refuses_before_spawn (test_nanoda_string_reconstruction_runner.LaunchGate) ... ok
unit-tests	Run python scripts/run-unit-tests	2026-09-23T11:53:49.3136854Z test_uncommitted_manifest_refuses_before_spawn (test_nanoda_string_reconstruction_runner.LaunchGate) ... ok
unit-tests	Run python scripts/run-unit-tests	2026-09-23T11:53:49.3167320Z test_untracked_source_refuses_before_spawn (test_nanoda_string_reconstruction_runner.LaunchGate) ... ok
unit-tests	Run python scripts/run-unit-tests	2026-09-23T11:53:49.3189643Z test_wrong_cell_identity_refuses_before_spawn (test_nanoda_string_reconstruction_runner.LaunchGate) ... ok
unit-tests	Run python scripts/run-unit-tests	2026-09-23T11:53:49.3193559Z test_bound_protocol (test_nanoda_zero_thread_upstream.ProtocolTests) ... ok
unit-tests	Run python scripts/run-unit-tests	2026-09-23T11:53:49.3196621Z test_link_parser_accepts_only_explicit_next (test_nanoda_zero_thread_upstream.ProtocolTests) ... ok
unit-tests	Run python scripts/run-unit-tests	2026-09-23T11:53:49.3199071Z test_pagination_cannot_change_repository_or_query (test_nanoda_zero_thread_upstream.ProtocolTests) ... ok
unit-tests	Run python scripts/run-unit-tests	2026-09-23T11:53:49.3202095Z test_continued_local_investigation_is_recommended (test_ordinary_inductive_contract_matrix.OrdinaryInductiveContractMatrixTests) ... ok
unit-tests	Run python scripts/run-unit-tests	2026-09-23T11:53:49.3204050Z test_expected_candidate_split_and_controls (test_ordinary_inductive_contract_matrix.OrdinaryInductiveContractMatrixTests) ... ok
unit-tests	Run python scripts/run-unit-tests	2026-09-23T11:53:49.3205347Z test_matrix_passes (test_ordinary_inductive_contract_matrix.OrdinaryInductiveContractMatrixTests) ... ok
unit-tests	Run python scripts/run-unit-tests	2026-09-23T11:53:49.3206550Z test_survival_is_not_reported_as_equivalence (test_ordinary_inductive_contract_matrix.OrdinaryInductiveContractMatrixTests) ... ok
unit-tests	Run python scripts/run-unit-tests	2026-09-23T11:53:49.3218152Z test_closure_rejects_a_disconnected_expected_declaration (test_pipeline_completeness.PipelineCompletenessTests) ... ok
unit-tests	Run python scripts/run-unit-tests	2026-09-23T11:53:49.3221545Z test_duplicate_keys_and_non_lf_fail_closed (test_pipeline_completeness.PipelineCompletenessTests) ... ok
unit-tests	Run python scripts/run-unit-tests	2026-09-23T11:53:49.3230038Z test_exact_inventory_and_dependency_closure (test_pipeline_completeness.PipelineCompletenessTests) ... ok
unit-tests	Run python scripts/run-unit-tests	2026-09-23T11:53:49.3257214Z test_fixed_faults_fail_for_distinct_reasons (test_pipeline_completeness.PipelineCompletenessTests) ... ok
unit-tests	Run python scripts/run-unit-tests	2026-09-23T11:53:49.3258684Z test_matrix_is_controls_then_faults (test_pipeline_completeness.PipelineCompletenessTests) ... ok
unit-tests	Run python scripts/run-unit-tests	2026-09-23T11:53:49.3259814Z test_minimal_lake_workspace_does_not_preempt_lake_manifest_generation (test_pipeline_completeness.PipelineCompletenessTests) ... ok
unit-tests	Run python scripts/run-unit-tests	2026-09-23T11:53:49.3261160Z test_process_outcomes_preserve_rejection_and_infrastructure (test_pipeline_completeness.PipelineCompletenessTests) ... ok
unit-tests	Run python scripts/run-unit-tests	2026-09-23T11:53:49.3262193Z test_closure_makes_no_scientific_claim (test_pipeline_completeness_closure.PipelineCompletenessClosureTests) ... ok
unit-tests	Run python scripts/run-unit-tests	2026-09-23T11:53:49.3263694Z test_repair_binds_exact_regression_without_launch_authority (test_pipeline_completeness_closure.PipelineCompletenessClosureTests) ... ok
unit-tests	Run python scripts/run-unit-tests	2026-09-23T11:53:49.3267248Z test_terminal_attempt_is_preserved_and_charged (test_pipeline_completeness_closure.PipelineCompletenessClosureTests) ... ok
unit-tests	Run python scripts/run-unit-tests	2026-09-23T11:53:49.3274058Z test_attempt_allocator_never_overwrites_evidence (test_pipeline_completeness_pilot_2.PipelineCompletenessPilot2Tests) ... ok
unit-tests	Run python scripts/run-unit-tests	2026-09-23T11:53:49.3275255Z test_fixed_matrix_has_eight_cells (test_pipeline_completeness_pilot_2.PipelineCompletenessPilot2Tests) ... ok
unit-tests	Run python scripts/run-unit-tests	2026-09-23T11:53:49.3278086Z test_successful_producer_allows_preserved_lake_stdout (test_pipeline_completeness_pilot_2.PipelineCompletenessPilot2Tests) ... ok
unit-tests	Run python scripts/run-unit-tests	2026-09-23T11:53:49.3284086Z test_three_field_file_binding_is_verified (test_pipeline_completeness_pilot_2.PipelineCompletenessPilot2Tests) ... ok
unit-tests	Run python scripts/run-unit-tests	2026-09-23T11:53:49.3285147Z test_workspace_controls_leave_manifest_to_lake (test_pipeline_completeness_pilot_2.PipelineCompletenessPilot2Tests) ... ok
unit-tests	Run python scripts/run-unit-tests	2026-09-23T11:53:49.3287419Z test_baseline_and_fault_contract (test_pipeline_completeness_pilot_2_closure.PipelineCompletenessPilot2ClosureTests) ... ok
unit-tests	Run python scripts/run-unit-tests	2026-09-23T11:53:49.3289166Z test_checker_success_alone_has_four_false_reassurances (test_pipeline_completeness_pilot_2_closure.PipelineCompletenessPilot2ClosureTests) ... ok
unit-tests	Run python scripts/run-unit-tests	2026-09-23T11:53:49.3292682Z test_closure_bindings_and_nonterminal_accounting (test_pipeline_completeness_pilot_2_closure.PipelineCompletenessPilot2ClosureTests) ... ok
unit-tests	Run python scripts/run-unit-tests	2026-09-23T11:53:49.3302596Z test_exact_matrix_completed_without_infrastructure_failure (test_pipeline_completeness_pilot_2_closure.PipelineCompletenessPilot2ClosureTests) ... ok
unit-tests	Run python scripts/run-unit-tests	2026-09-23T11:53:49.3304264Z test_attempt_counts_are_observational_not_terminal (test_pipeline_completeness_pilot_2_protocol.PipelineCompletenessPilot2ProtocolTests) ... ok
unit-tests	Run python scripts/run-unit-tests	2026-09-23T11:53:49.3307337Z test_inherited_scientific_inputs_are_exact (test_pipeline_completeness_pilot_2_protocol.PipelineCompletenessPilot2ProtocolTests) ... ok
unit-tests	Run python scripts/run-unit-tests	2026-09-23T11:53:49.3308706Z test_preflight_precedes_new_producer (test_pipeline_completeness_pilot_2_protocol.PipelineCompletenessPilot2ProtocolTests) ... ok
unit-tests	Run python scripts/run-unit-tests	2026-09-23T11:53:49.3310138Z test_scientific_matrix_remains_fixed (test_pipeline_completeness_pilot_2_protocol.PipelineCompletenessPilot2ProtocolTests) ... ok
unit-tests	Run python scripts/run-unit-tests	2026-09-23T11:53:49.3311877Z test_fixed_fault_matrix_and_limits (test_pipeline_completeness_protocol.PipelineCompletenessProtocolTests) ... ok
unit-tests	Run python scripts/run-unit-tests	2026-09-23T11:53:49.3313948Z test_independent_twelve_declaration_chain (test_pipeline_completeness_protocol.PipelineCompletenessProtocolTests) ... ok
unit-tests	Run python scripts/run-unit-tests	2026-09-23T11:53:49.3315840Z test_process_success_is_not_the_completeness_oracle (test_pipeline_completeness_protocol.PipelineCompletenessProtocolTests) ... ok
unit-tests	Run python scripts/run-unit-tests	2026-09-23T11:53:49.3317975Z test_ambiguous_anchor_fails_closed (test_portable_coverage.PortableCoverageTests) ... ok
unit-tests	Run python scripts/run-unit-tests	2026-09-23T11:53:49.3319022Z test_coverage_is_canonicalized_to_relative_source_ids (test_portable_coverage.PortableCoverageTests) ... ok
unit-tests	Run python scripts/run-unit-tests	2026-09-23T11:53:49.3726333Z test_encoded_rustflags_remap_checkout_with_spaces (test_portable_coverage.PortableCoverageTests) ... ok
unit-tests	Run python scripts/run-unit-tests	2026-09-23T11:53:49.3727564Z test_sentinel_fails_closed (test_portable_coverage.PortableCoverageTests) ... ok
unit-tests	Run python scripts/run-unit-tests	2026-09-23T11:53:49.3728731Z test_uncompiled_source_file_may_be_absent (test_portable_coverage.PortableCoverageTests) ... ok
unit-tests	Run python scripts/run-unit-tests	2026-09-23T11:53:49.3732880Z test_completed_record_can_only_be_reranked (test_portfolio_historical_snapshot.PortfolioHistoricalSnapshotTests) ... ok
unit-tests	Run python scripts/run-unit-tests	2026-09-23T11:53:49.3737977Z test_custody_failure_cannot_silently_remove_tests (test_portfolio_historical_snapshot.PortfolioHistoricalSnapshotTests) ... ok
unit-tests	Run python scripts/run-unit-tests	2026-09-23T11:53:50.1300902Z test_exact_module_selection_and_live_transition (test_portfolio_historical_snapshot.PortfolioHistoricalSnapshotTests) ... ok
unit-tests	Run python scripts/run-unit-tests	2026-09-23T11:53:50.1303268Z test_frozen_test_or_scientific_input_drift_is_rejected (test_portfolio_historical_snapshot.PortfolioHistoricalSnapshotTests) ... ok
unit-tests	Run python scripts/run-unit-tests	2026-09-23T11:53:50.1376602Z test_historical_process_failure_propagates (test_portfolio_historical_snapshot.PortfolioHistoricalSnapshotTests) ... ok
unit-tests	Run python scripts/run-unit-tests	2026-09-23T11:53:50.1378332Z test_inconsistent_recorded_workspace_identity_is_rejected (test_portfolio_historical_snapshot.PortfolioHistoricalSnapshotTests) ... ok
unit-tests	Run python scripts/run-unit-tests	2026-09-23T11:53:50.1385964Z test_payload_cannot_replace_tracked_content (test_portfolio_historical_snapshot.PortfolioHistoricalSnapshotTests) ... ok
unit-tests	Run python scripts/run-unit-tests	2026-09-23T11:53:50.1391621Z test_recorded_workspace_identity_is_preserved_across_checkout_paths (test_portfolio_historical_snapshot.PortfolioHistoricalSnapshotTests) ... ok
unit-tests	Run python scripts/run-unit-tests	2026-09-23T11:53:50.1393374Z test_registry_allows_only_preserved_prefix (test_portfolio_historical_snapshot.PortfolioHistoricalSnapshotTests) ... ok
unit-tests	Run python scripts/run-unit-tests	2026-09-23T11:53:50.1396842Z test_missing_merge_evidence_is_not_guessed (test_project_review_contribution_observations.ContributionObservationTests) ... ok
unit-tests	Run python scripts/run-unit-tests	2026-09-23T11:53:50.1417084Z test_preserves_distinct_states_and_observation_dates (test_project_review_contribution_observations.ContributionObservationTests) ... ok
unit-tests	Run python scripts/run-unit-tests	2026-09-23T11:53:50.1429965Z test_arena_draft_stands_alone_and_records_accepted_layout (test_proof_parameter_contract_review.ProofParameterContractReviewTests) ... ok
unit-tests	Run python scripts/run-unit-tests	2026-09-23T11:53:50.1460219Z test_drafts_disclose_shared_recursors_and_no_unsoundness (test_proof_parameter_contract_review.ProofParameterContractReviewTests) ... ok
unit-tests	Run python scripts/run-unit-tests	2026-09-23T11:53:50.1489719Z test_review_preserves_unresolved_authority_and_shared_scope (test_proof_parameter_contract_review.ProofParameterContractReviewTests) ... ok
unit-tests	Run python scripts/run-unit-tests	2026-09-23T11:53:50.1491545Z test_scope_is_two_pinned_get_requests (test_proof_parameter_source_collector.ProofParameterSourceCollectorTests) ... ok
unit-tests	Run python scripts/run-unit-tests	2026-09-23T11:53:50.1533846Z test_active_session_and_candidate_reservations_fail_closed (test_publication_study_execution.ExecutionLedgerTests) ... ok
unit-tests	Run python scripts/run-unit-tests	2026-09-23T11:53:50.1589976Z test_budget_stops_before_ninth_or_overrun (test_publication_study_execution.ExecutionLedgerTests) ... ok
unit-tests	Run python scripts/run-unit-tests	2026-09-23T11:53:50.1743673Z test_fixed_eight_order_and_raw_outputs (test_publication_study_execution.ExecutionLedgerTests) ... ok
unit-tests	Run python scripts/run-unit-tests	2026-09-23T11:53:50.1786324Z test_pending_reservation_is_unresolved_not_retried (test_publication_study_execution.ExecutionLedgerTests) ... ok
unit-tests	Run python scripts/run-unit-tests	2026-09-23T11:53:50.1980958Z test_resume_rejects_tampered_raw_result (test_publication_study_execution.ExecutionLedgerTests) ... ok
unit-tests	Run python scripts/run-unit-tests	2026-09-23T11:53:50.2016611Z test_tampered_dependency_and_candidate_are_rejected (test_publication_study_execution.ExecutionLedgerTests) ... ok
unit-tests	Run python scripts/run-unit-tests	2026-09-23T11:53:50.2568670Z test_git_binding_requires_full_exact_commit (test_publication_study_history.PublicationStudyHistoryTests) ... ok
unit-tests	Run python scripts/run-unit-tests	2026-09-23T11:53:50.3259006Z test_invalid_manifest_is_rejected_by_attestation_creation (test_publication_study_history.PublicationStudyHistoryTests) ... ok
unit-tests	Run python scripts/run-unit-tests	2026-09-23T11:53:50.4292849Z test_old_snapshot_validates_after_live_content_and_validator_change (test_publication_study_history.PublicationStudyHistoryTests) ... ok
unit-tests	Run python scripts/run-unit-tests	2026-09-23T11:53:50.5177537Z test_omitted_or_changed_artifact_and_unbound_validator_are_rejected (test_publication_study_history.PublicationStudyHistoryTests) ... ok
unit-tests	Run python scripts/run-unit-tests	2026-09-23T11:53:50.5990615Z test_tampered_manifest_blob_commit_and_artifact_fail_before_execution (test_publication_study_history.PublicationStudyHistoryTests) ... ok
unit-tests	Run python scripts/run-unit-tests	2026-09-23T11:53:50.6999997Z test_attaches_only_ignored_payload_and_preserves_snapshot_inputs (test_publication_study_snapshot.PublicationStudySnapshotTests) ... ok
unit-tests	Run python scripts/run-unit-tests	2026-09-23T11:53:50.7659918Z test_loads_historical_helper_bytes_instead_of_live_helper (test_publication_study_snapshot.PublicationStudySnapshotTests) ... ok
unit-tests	Run python scripts/run-unit-tests	2026-09-23T11:53:52.1392417Z test_real_bound_validator_rejects_a_tampered_artifact_binding (test_publication_study_snapshot.PublicationStudySnapshotTests) ... ok
unit-tests	Run python scripts/run-unit-tests	2026-09-23T11:53:52.2068263Z test_refuses_attestation_overwrite_of_an_archived_path (test_publication_study_snapshot.PublicationStudySnapshotTests) ... ok
unit-tests	Run python scripts/run-unit-tests	2026-09-23T11:53:52.2917172Z test_refuses_link_when_historical_tree_owns_payload_prefix (test_publication_study_snapshot.PublicationStudySnapshotTests) ... ok
unit-tests	Run python scripts/run-unit-tests	2026-09-23T11:53:52.3424566Z test_subprocess_environment_does_not_leak_git_overrides (test_publication_study_snapshot.PublicationStudySnapshotTests) ... ok
unit-tests	Run python scripts/run-unit-tests	2026-09-23T11:53:52.3429490Z test_clean_main_pushes_only_exact_nonforced_main_ref (test_push_main.MainDeliveryTests) ... ok
unit-tests	Run python scripts/run-unit-tests	2026-09-23T11:53:52.3432535Z test_detached_head_or_git_error_fails_before_push (test_push_main.MainDeliveryTests) ... ok
unit-tests	Run python scripts/run-unit-tests	2026-09-23T11:53:52.3435327Z test_dirty_tree_cannot_be_delivered (test_push_main.MainDeliveryTests) ... ok
unit-tests	Run python scripts/run-unit-tests	2026-09-23T11:53:52.3443872Z test_push_options_and_alternate_branches_are_refused (test_push_main.MainDeliveryTests) ... ok
unit-tests	Run python scripts/run-unit-tests	2026-09-23T11:53:52.3447345Z test_rejected_push_does_not_retry_or_change_branch (test_push_main.MainDeliveryTests) ... ok
unit-tests	Run python scripts/run-unit-tests	2026-09-23T11:53:52.3450479Z test_remote_commit_must_match_before_reporting_delivery (test_push_main.MainDeliveryTests) ... ok
unit-tests	Run python scripts/run-unit-tests	2026-09-23T11:53:52.3453934Z test_task_branch_cannot_be_delivered (test_push_main.MainDeliveryTests) ... ok
unit-tests	Run python scripts/run-unit-tests	2026-09-23T11:53:52.3461191Z test_wrong_or_multiple_remote_destinations_cannot_be_delivered (test_push_main.MainDeliveryTests) ... ok
unit-tests	Run python scripts/run-unit-tests	2026-09-23T11:53:52.4638288Z test_exact_package_passes (test_recursor_type_trust_boundary.RecursorTypeTrustBoundaryTests) ... ok
unit-tests	Run python scripts/run-unit-tests	2026-09-23T11:53:52.5552078Z test_historical_ready_handoff_survives_later_successors (test_recursor_type_trust_boundary.RecursorTypeTrustBoundaryTests) ... ok
unit-tests	Run python scripts/run-unit-tests	2026-09-23T11:53:52.5604556Z test_launch_edit_and_external_action_fail (test_recursor_type_trust_boundary.RecursorTypeTrustBoundaryTests) ... ok
unit-tests	Run python scripts/run-unit-tests	2026-09-23T11:53:52.5687480Z test_missing_unblock_condition_fails (test_recursor_type_trust_boundary.RecursorTypeTrustBoundaryTests) ... ok
unit-tests	Run python scripts/run-unit-tests	2026-09-23T11:53:52.5694945Z test_pair_delta_tampering_fails (test_recursor_type_trust_boundary.RecursorTypeTrustBoundaryTests) ... ok
unit-tests	Run python scripts/run-unit-tests	2026-09-23T11:53:52.5698281Z test_policy_overclaim_and_catalog_promotion_fail (test_recursor_type_trust_boundary.RecursorTypeTrustBoundaryTests) ... ok
unit-tests	Run python scripts/run-unit-tests	2026-09-23T11:53:52.5715959Z test_production_ready_without_design_fails (test_recursor_type_trust_boundary.RecursorTypeTrustBoundaryTests) ... ok
unit-tests	Run python scripts/run-unit-tests	2026-09-23T11:53:52.5790277Z test_raw_diagnostic_hash_tampering_fails (test_recursor_type_trust_boundary.RecursorTypeTrustBoundaryTests) ... ok
unit-tests	Run python scripts/run-unit-tests	2026-09-23T11:53:52.5792756Z test_result_cannot_claim_universal_authority (test_recursor_type_trust_boundary.RecursorTypeTrustBoundaryTests) ... ok
unit-tests	Run python scripts/run-unit-tests	2026-09-23T11:53:52.5795330Z test_result_cannot_promote_production_readiness (test_recursor_type_trust_boundary.RecursorTypeTrustBoundaryTests) ... ok
unit-tests	Run python scripts/run-unit-tests	2026-09-23T11:53:52.5881511Z test_source_hash_and_locator_tampering_fail (test_recursor_type_trust_boundary.RecursorTypeTrustBoundaryTests) ... ok
unit-tests	Run python scripts/run-unit-tests	2026-09-23T11:53:52.5889864Z test_swapped_or_weakened_regression_outcomes_fail (test_recursor_type_trust_boundary.RecursorTypeTrustBoundaryTests) ... ok
unit-tests	Run python scripts/run-unit-tests	2026-09-23T11:53:52.5892735Z test_all_candidates_and_controls_are_consensus_accepts (test_reduction_semantics_matrix.ReductionSemanticsMatrixTests) ... ok
unit-tests	Run python scripts/run-unit-tests	2026-09-23T11:53:52.5894524Z test_matrix_passes (test_reduction_semantics_matrix.ReductionSemanticsMatrixTests) ... ok
unit-tests	Run python scripts/run-unit-tests	2026-09-23T11:53:52.5896569Z test_mutation_sensitivity_preserves_observational_limits (test_reduction_semantics_matrix.ReductionSemanticsMatrixTests) ... ok
unit-tests	Run python scripts/run-unit-tests	2026-09-23T11:53:52.5898520Z test_no_external_action_is_recommended (test_reduction_semantics_matrix.ReductionSemanticsMatrixTests) ... ok
unit-tests	Run python scripts/run-unit-tests	2026-09-23T11:53:52.5905751Z test_failure_stops_before_downstream_generation_and_preserves_log (test_refresh_current_state.RefreshCurrentStateTests) ... ok
unit-tests	Run python scripts/run-unit-tests	2026-09-23T11:53:52.5907932Z test_refresh_order_attests_changed_producers_before_dependents (test_refresh_current_state.RefreshCurrentStateTests) ... ok
unit-tests	Run python scripts/run-unit-tests	2026-09-23T11:53:52.5923566Z test_budget_closure_and_status_binding_are_required (test_research_queue.ResearchQueueTests) ... ok
unit-tests	Run python scripts/run-unit-tests	2026-09-23T11:53:52.5934772Z test_cycle_and_unsatisfied_dependency_are_refused (test_research_queue.ResearchQueueTests) ... ok
unit-tests	Run python scripts/run-unit-tests	2026-09-23T11:53:52.5945664Z test_duplicate_id_or_rank_is_refused (test_research_queue.ResearchQueueTests) ... ok
unit-tests	Run python scripts/run-unit-tests	2026-09-23T11:53:52.5954269Z test_no_ready_item_is_refused (test_research_queue.ResearchQueueTests) ... ok
unit-tests	Run python scripts/run-unit-tests	2026-09-23T11:53:52.5963363Z test_non_success_completion_cannot_unlock_dependency (test_research_queue.ResearchQueueTests) ... ok
unit-tests	Run python scripts/run-unit-tests	2026-09-23T11:53:52.5976901Z test_path_and_malformed_values_are_refused (test_research_queue.ResearchQueueTests) ... ok
unit-tests	Run python scripts/run-unit-tests	2026-09-23T11:53:52.5991072Z test_selection_uses_lowest_ready_and_active_sticks (test_research_queue.ResearchQueueTests) ... ok
unit-tests	Run python scripts/run-unit-tests	2026-09-23T11:53:52.6001805Z test_successful_completion_unlocks_dependency (test_research_queue.ResearchQueueTests) ... ok
unit-tests	Run python scripts/run-unit-tests	2026-09-23T11:53:52.6010164Z test_two_active_items_are_refused (test_research_queue.ResearchQueueTests) ... ok
unit-tests	Run python scripts/run-unit-tests	2026-09-23T11:53:52.6432186Z test_valid_queue_and_cli (test_research_queue.ResearchQueueTests) ... ok
unit-tests	Run python scripts/run-unit-tests	2026-09-23T11:53:52.6454372Z test_explicit_schema_successor_preserves_v1_readiness_requirement (test_research_queue_v2.ResearchQueueV2Tests) ... ok
unit-tests	Run python scripts/run-unit-tests	2026-09-23T11:53:52.6486077Z test_handoff_marker_must_match_once (test_research_queue_v2.ResearchQueueV2Tests) ... ok
unit-tests	Run python scripts/run-unit-tests	2026-09-23T11:53:52.6508619Z test_pause_requires_blocker_decision_and_existing_evidence (test_research_queue_v2.ResearchQueueV2Tests) ... ok
unit-tests	Run python scripts/run-unit-tests	2026-09-23T11:53:52.6545841Z test_paused_handoff_is_valid_but_cli_refuses_operational_readiness (test_research_queue_v2.ResearchQueueV2Tests) ... ok
unit-tests	Run python scripts/run-unit-tests	2026-09-23T11:53:52.6562138Z test_paused_handoff_refuses_any_ready_or_active_item (test_research_queue_v2.ResearchQueueV2Tests) ... ok
unit-tests	Run python scripts/run-unit-tests	2026-09-23T11:53:52.6588222Z test_paused_selection_requires_highest_ranked_blocked_item (test_research_queue_v2.ResearchQueueV2Tests) ... ok
unit-tests	Run python scripts/run-unit-tests	2026-09-23T11:53:52.6597742Z test_project_review_exposes_pause_and_required_decision (test_research_queue_v2.ResearchQueueV2Tests) ... ok
unit-tests	Run python scripts/run-unit-tests	2026-09-23T11:53:52.6624097Z test_v1_ready_cli_remains_operational (test_research_queue_v2.ResearchQueueV2Tests) ... ok
unit-tests	Run python scripts/run-unit-tests	2026-09-23T11:53:52.6656001Z test_all_runnable_alternatives_must_be_assessed (test_research_queue_v3.ResearchQueueV3Tests) ... ok
unit-tests	Run python scripts/run-unit-tests	2026-09-23T11:53:52.6690610Z test_blocked_candidates_require_exact_blocker_evidence (test_research_queue_v3.ResearchQueueV3Tests) ... ok
unit-tests	Run python scripts/run-unit-tests	2026-09-23T11:53:52.6719118Z test_bounded_item_and_highest_ranked_selection_checks_are_preserved (test_research_queue_v3.ResearchQueueV3Tests) ... ok
unit-tests	Run python scripts/run-unit-tests	2026-09-23T11:53:52.6758404Z test_candidate_evidence_must_be_bound_and_match_queue_evidence (test_research_queue_v3.ResearchQueueV3Tests) ... ok
unit-tests	Run python scripts/run-unit-tests	2026-09-23T11:53:52.6797485Z test_category_can_explain_why_no_candidate_exists_without_filler (test_research_queue_v3.ResearchQueueV3Tests) ... ok
unit-tests	Run python scripts/run-unit-tests	2026-09-23T11:53:52.6819902Z test_closure_must_reference_a_completed_item (test_research_queue_v3.ResearchQueueV3Tests) ... ok
unit-tests	Run python scripts/run-unit-tests	2026-09-23T11:53:52.6858556Z test_closure_records_completed_item_and_leaves_successor_ready (test_research_queue_v3.ResearchQueueV3Tests) ... ok
unit-tests	Run python scripts/run-unit-tests	2026-09-23T11:53:52.6893540Z test_completed_plan_is_not_a_blocker_kind (test_research_queue_v3.ResearchQueueV3Tests) ... ok
unit-tests	Run python scripts/run-unit-tests	2026-09-23T11:53:52.6943302Z test_constitution_workflow_and_plan_must_be_bound (test_research_queue_v3.ResearchQueueV3Tests) ... ok
unit-tests	Run python scripts/run-unit-tests	2026-09-23T11:53:52.6969832Z test_duplicate_json_keys_and_nonfinite_review_values_fail_closed (test_research_queue_v3.ResearchQueueV3Tests) ... ok
unit-tests	Run python scripts/run-unit-tests	2026-09-23T11:53:52.7005454Z test_entry_allows_current_active_item_without_claiming_closure (test_research_queue_v3.ResearchQueueV3Tests) ... ok
unit-tests	Run python scripts/run-unit-tests	2026-09-23T11:53:52.7031511Z test_feasible_disposition_cannot_relabel_a_blocked_item (test_research_queue_v3.ResearchQueueV3Tests) ... ok
unit-tests	Run python scripts/run-unit-tests	2026-09-23T11:53:52.7057233Z test_missing_project_category_is_rejected (test_research_queue_v3.ResearchQueueV3Tests) ... ok
unit-tests	Run python scripts/run-unit-tests	2026-09-23T11:53:52.7084978Z test_pause_cannot_hide_a_feasible_alternative (test_research_queue_v3.ResearchQueueV3Tests) ... ok
unit-tests	Run python scripts/run-unit-tests	2026-09-23T11:53:52.7121829Z test_pause_requires_local_blocker_removal_assessment (test_research_queue_v3.ResearchQueueV3Tests) ... ok
unit-tests	Run python scripts/run-unit-tests	2026-09-23T11:53:52.7151865Z test_queue_cannot_change_budget_priority_or_action_under_old_review (test_research_queue_v3.ResearchQueueV3Tests) ... ok
unit-tests	Run python scripts/run-unit-tests	2026-09-23T11:53:52.7180046Z test_queue_duplicate_keys_are_rejected_by_v3_loader (test_research_queue_v3.ResearchQueueV3Tests) ... ok
unit-tests	Run python scripts/run-unit-tests	2026-09-23T11:53:52.7202786Z test_ready_handoff_cannot_use_entry_to_omit_completion_reassessment (test_research_queue_v3.ResearchQueueV3Tests) ... ok
unit-tests	Run python scripts/run-unit-tests	2026-09-23T11:53:52.7242578Z test_real_pause_validates_integrity_but_refuses_readiness (test_research_queue_v3.ResearchQueueV3Tests) ... ok
unit-tests	Run python scripts/run-unit-tests	2026-09-23T11:53:52.7260545Z test_review_hash_mismatch_is_rejected (test_research_queue_v3.ResearchQueueV3Tests) ... ok
unit-tests	Run python scripts/run-unit-tests	2026-09-23T11:53:52.7301606Z test_review_requires_current_date_selection_and_project_wide_scope (test_research_queue_v3.ResearchQueueV3Tests) ... ok
unit-tests	Run python scripts/run-unit-tests	2026-09-23T11:53:52.7323804Z test_scientific_evidence_drift_is_rejected (test_research_queue_v3.ResearchQueueV3Tests) ... ok
unit-tests	Run python scripts/run-unit-tests	2026-09-23T11:53:52.7341345Z test_unsafe_review_binding_cannot_escape_repository (test_research_queue_v3.ResearchQueueV3Tests) ... ok
unit-tests	Run python scripts/run-unit-tests	2026-09-23T11:53:52.7381690Z test_v1_and_v2_historical_semantics_survive_current_successor (test_research_queue_v3.ResearchQueueV3Tests) ... ok
unit-tests	Run python scripts/run-unit-tests	2026-09-23T11:53:52.7418711Z test_valid_project_wide_local_successor_and_queue_loader (test_research_queue_v3.ResearchQueueV3Tests) ... ok
unit-tests	Run python scripts/run-unit-tests	2026-09-23T11:53:52.7446057Z test_completed_historical_item_retains_original_budget (test_research_queue_v4.ResearchQueueV4Tests) ... ok
unit-tests	Run python scripts/run-unit-tests	2026-09-23T11:53:52.7462527Z test_execution_policy_is_exact_and_review_bound (test_research_queue_v4.ResearchQueueV4Tests) ... ok
unit-tests	Run python scripts/run-unit-tests	2026-09-23T11:53:52.7500795Z test_unfinished_work_has_no_terminal_attempt_budget (test_research_queue_v4.ResearchQueueV4Tests) ... ok
unit-tests	Run python scripts/run-unit-tests	2026-09-23T11:53:52.7521011Z test_checkpoint_is_atomic_and_schema_valid (test_rotating_checkpoint.RotatingCheckpointTests) ... ok
unit-tests	Run python scripts/run-unit-tests	2026-09-23T11:53:52.7539848Z test_completed_original_rows_must_be_the_frozen_prefix (test_rotating_checkpoint.RotatingCheckpointTests) ... ok
unit-tests	Run python scripts/run-unit-tests	2026-09-23T11:53:52.7568590Z test_resume_records_abandoned_attempt_and_retries_that_side (test_rotating_checkpoint.RotatingCheckpointTests) ... ok
unit-tests	Run python scripts/run-unit-tests	2026-09-23T11:53:52.7581229Z test_resume_rejects_changed_bindings (test_rotating_checkpoint.RotatingCheckpointTests) ... ok
unit-tests	Run python scripts/run-unit-tests	2026-09-23T11:53:52.7600769Z test_resume_rejects_tampered_candidate_result (test_rotating_checkpoint.RotatingCheckpointTests) ... ok
unit-tests	Run python scripts/run-unit-tests	2026-09-23T11:53:52.7619304Z test_resume_rejects_unreconciled_attempt_count (test_rotating_checkpoint.RotatingCheckpointTests) ... ok
unit-tests	Run python scripts/run-unit-tests	2026-09-23T11:53:52.7663006Z test_resume_reuses_completed_baseline_side (test_rotating_checkpoint.RotatingCheckpointTests) ... ok
unit-tests	Run python scripts/run-unit-tests	2026-09-23T11:53:52.7666036Z test_completed_report_has_rotated_validators_and_bounded_claim (test_rotating_evaluation.RotatingEvaluationTests) ... ok
unit-tests	Run python scripts/run-unit-tests	2026-09-23T11:53:52.7667741Z test_positive_fold_requires_score_improvement_and_control (test_rotating_evaluation.RotatingEvaluationTests) ... ok
unit-tests	Run python scripts/run-unit-tests	2026-09-23T11:53:52.7669368Z test_rotating_fold_classifications_are_reachable (test_rotating_evaluation.RotatingEvaluationTests) ... ok
unit-tests	Run python scripts/run-unit-tests	2026-09-23T11:53:52.7875955Z test_rotating_schemas_are_valid (test_rotating_evaluation.RotatingEvaluationTests) ... ok
unit-tests	Run python scripts/run-unit-tests	2026-09-23T11:53:52.7878253Z test_spec_declares_fresh_held_out_fold_without_outcomes (test_rotating_evaluation.RotatingEvaluationTests) ... ok
unit-tests	Run python scripts/run-unit-tests	2026-09-23T11:53:53.3774130Z test_archive_inventory_replay_rejects_tampering (test_semantic_import_contract_closure.SemanticImportContractClosureTests) ... ok
unit-tests	Run python scripts/run-unit-tests	2026-09-23T11:53:54.5612698Z test_artifact_binding_tampering_and_mutable_queue_independence (test_semantic_import_contract_closure.SemanticImportContractClosureTests) ... ok
unit-tests	Run python scripts/run-unit-tests	2026-09-23T11:53:54.5624128Z test_clock_reset_nonfinite_and_cap_refused (test_semantic_import_contract_closure.SemanticImportContractClosureTests) ... ok
unit-tests	Run python scripts/run-unit-tests	2026-09-23T11:53:54.5631065Z test_delivery_accounting_preserves_inclusive_cap_and_handoff (test_semantic_import_contract_closure.SemanticImportContractClosureTests) ... ok
unit-tests	Run python scripts/run-unit-tests	2026-09-23T11:53:54.5642363Z test_handoff_and_item_closure_agree (test_semantic_import_contract_closure.SemanticImportContractClosureTests) ... ok
unit-tests	Run python scripts/run-unit-tests	2026-09-23T11:53:54.5675286Z test_inflated_claims_and_launches_refused (test_semantic_import_contract_closure.SemanticImportContractClosureTests) ... ok
unit-tests	Run python scripts/run-unit-tests	2026-09-23T11:53:54.5687523Z test_request_cost_cannot_be_erased_or_exceeded (test_semantic_import_contract_closure.SemanticImportContractClosureTests) ... ok
unit-tests	Run python scripts/run-unit-tests	2026-09-23T11:53:54.5690405Z test_valid_scoped_closure (test_semantic_import_contract_closure.SemanticImportContractClosureTests) ... ok
unit-tests	Run python scripts/run-unit-tests	2026-09-23T11:53:54.5794627Z test_four_field_replay_preserves_nonrun_and_shared_nodes (test_semantic_import_contract_closure.SemanticImportHistoricalReplayTests) ... ok
unit-tests	Run python scripts/run-unit-tests	2026-09-23T11:53:54.5889578Z test_retained_byte_tamper_is_refused_before_pair_or_observer_claims (test_semantic_import_contract_closure.SemanticImportHistoricalReplayTests) ... ok
unit-tests	Run python scripts/run-unit-tests	2026-09-23T11:53:54.5901642Z test_authority_promotion_and_semantic_resolution_refused (test_semantic_let_contract.SemanticLetContractTests) ... ok
unit-tests	Run python scripts/run-unit-tests	2026-09-23T11:53:54.6539620Z test_clock_disagreement_and_prohibited_launch_refused (test_semantic_let_contract.SemanticLetContractTests) ... ok
unit-tests	Run python scripts/run-unit-tests	2026-09-23T11:53:54.6679552Z test_current_closure_and_later_queue_selection (test_semantic_let_contract.SemanticLetContractTests) ... ok
unit-tests	Run python scripts/run-unit-tests	2026-09-23T11:53:54.6715721Z test_extra_request_is_not_hidden_by_unchanged_counters (test_semantic_let_contract.SemanticLetContractTests) ... ok
unit-tests	Run python scripts/run-unit-tests	2026-09-23T11:53:54.6795915Z test_mutated_source_and_out_of_bounds_excerpt (test_semantic_let_contract.SemanticLetContractTests) ... ok
unit-tests	Run python scripts/run-unit-tests	2026-09-23T11:53:54.6803969Z test_allows_existing_error_directory_for_new_ledger (test_source_lock_completeness_audit.SourceLockAuditTests) ... ok
unit-tests	Run python scripts/run-unit-tests	2026-09-23T11:53:54.6810076Z test_binds_source_lock_byte_count (test_source_lock_completeness_audit.SourceLockAuditTests) ... ok
unit-tests	Run python scripts/run-unit-tests	2026-09-23T11:53:54.6811469Z test_detects_pinned_readme_directive (test_source_lock_completeness_audit.SourceLockAuditTests) ... ok
unit-tests	Run python scripts/run-unit-tests	2026-09-23T11:53:54.6812964Z test_refuses_source_root_escape (test_source_lock_completeness_audit.SourceLockAuditTests) ... ok
unit-tests	Run python scripts/run-unit-tests	2026-09-23T11:53:54.6814009Z test_resolves_relative_include (test_source_lock_completeness_audit.SourceLockAuditTests) ... ok
unit-tests	Run python scripts/run-unit-tests	2026-09-23T11:53:54.6815707Z test_ledger_has_exact_missing_readme_edge (test_source_lock_completeness_audit_closure.SourceLockAuditClosureTests) ... ok
unit-tests	Run python scripts/run-unit-tests	2026-09-23T11:53:54.6817313Z test_preserved_repairs_are_not_scientific_processes (test_source_lock_completeness_audit_closure.SourceLockAuditClosureTests) ... ok
unit-tests	Run python scripts/run-unit-tests	2026-09-23T11:53:54.6819013Z test_result_binds_the_written_ledger (test_source_lock_completeness_audit_closure.SourceLockAuditClosureTests) ... ok
unit-tests	Run python scripts/run-unit-tests	2026-09-23T11:53:54.6920274Z test_current_boundary_validates (test_survivor_cache_export_boundary.RepositoryEvidenceTests) ... ok
unit-tests	Run python scripts/run-unit-tests	2026-09-23T11:53:54.6923265Z test_missing_root_fails_closed (test_survivor_cache_export_boundary.RepositoryEvidenceTests) ... ok
unit-tests	Run python scripts/run-unit-tests	2026-09-23T11:53:54.6924311Z test_ordered_unique_accepts_exact_sequence (test_survivor_cache_export_boundary.SourceOrderTests) ... ok
unit-tests	Run python scripts/run-unit-tests	2026-09-23T11:53:54.6925884Z test_ordered_unique_rejects_duplicate_anchor (test_survivor_cache_export_boundary.SourceOrderTests) ... ok
unit-tests	Run python scripts/run-unit-tests	2026-09-23T11:53:54.6927508Z test_ordered_unique_rejects_reordering (test_survivor_cache_export_boundary.SourceOrderTests) ... ok
unit-tests	Run python scripts/run-unit-tests	2026-09-23T11:53:54.9257317Z test_completed_result_survives_current_queue_transition (test_survivor_cache_historical.SurvivorCacheHistoricalTests) ... ok
unit-tests	Run python scripts/run-unit-tests	2026-09-23T11:53:55.1560364Z test_actual_cache_history_validates_through_adapter (test_survivor_cache_historical_portability.SurvivorCacheHistoricalPortabilityTests) ... ok
unit-tests	Run python scripts/run-unit-tests	2026-09-23T11:53:55.1576399Z test_evidence_separates_storage_from_recorded_workspace (test_survivor_cache_historical_portability.SurvivorCacheHistoricalPortabilityTests) ... ok
unit-tests	Run python scripts/run-unit-tests	2026-09-23T11:53:55.1578331Z test_execution_context_is_scoped_and_restored (test_survivor_cache_historical_portability.SurvivorCacheHistoricalPortabilityTests) ... ok
unit-tests	Run python scripts/run-unit-tests	2026-09-23T11:53:55.1579761Z test_all_four_cells_finish_once (test_survivor_cache_runner.Accounting) ... ok
unit-tests	Run python scripts/run-unit-tests	2026-09-23T11:53:55.1580887Z test_baseline_candidate_failure_stops_interpretation (test_survivor_cache_runner.Accounting) ... ok
unit-tests	Run python scripts/run-unit-tests	2026-09-23T11:53:55.1582681Z test_checker_repairs_share_eight_attempt_cap (test_survivor_cache_runner.Accounting) ... ok
unit-tests	Run python scripts/run-unit-tests	2026-09-23T11:53:55.1584236Z test_failures_and_orphans_remain_charged (test_survivor_cache_runner.Accounting) ... ok
unit-tests	Run python scripts/run-unit-tests	2026-09-23T11:53:55.1613550Z test_ledger_reset_and_truncation_refused (test_survivor_cache_runner.Accounting) ... ok
unit-tests	Run python scripts/run-unit-tests	2026-09-23T11:53:55.1615178Z test_malformed_terminal_cannot_skip_audit_pause (test_survivor_cache_runner.Accounting) ... ok
unit-tests	Run python scripts/run-unit-tests	2026-09-23T11:53:55.1616668Z test_repair_cannot_change_cell_or_reset_build_cap (test_survivor_cache_runner.Accounting) ... ok
unit-tests	Run python scripts/run-unit-tests	2026-09-23T11:53:55.1618458Z test_two_builds_precede_exact_controls_then_candidates (test_survivor_cache_runner.Accounting) ... ok
unit-tests	Run python scripts/run-unit-tests	2026-09-23T11:53:55.1619593Z test_unknown_event_and_terminal_fail (test_survivor_cache_runner.Accounting) ... ok
unit-tests	Run python scripts/run-unit-tests	2026-09-23T11:53:55.1620690Z test_clock_rollback_and_disagreement_fail (test_survivor_cache_runner.ActiveTime) ... ok
unit-tests	Run python scripts/run-unit-tests	2026-09-23T11:53:55.1621773Z test_closed_intervals_are_not_reset (test_survivor_cache_runner.ActiveTime) ... ok
unit-tests	Run python scripts/run-unit-tests	2026-09-23T11:53:55.1622908Z test_overlapping_intervals_and_small_overhead_fail (test_survivor_cache_runner.ActiveTime) ... ok
unit-tests	Run python scripts/run-unit-tests	2026-09-23T11:53:55.1624032Z test_reservation_cannot_cross_cap (test_survivor_cache_runner.ActiveTime) ... ok
unit-tests	Run python scripts/run-unit-tests	2026-09-23T11:53:55.1625097Z test_time_includes_conservative_entry_overhead (test_survivor_cache_runner.ActiveTime) ... ok
unit-tests	Run python scripts/run-unit-tests	2026-09-23T11:53:55.1626549Z test_duplicate_json_keys_and_nonfinite_values_fail (test_survivor_cache_runner.ArtifactParsing) ... ok
unit-tests	Run python scripts/run-unit-tests	2026-09-23T11:53:55.1636594Z test_unique_exact_library_test_artifact_required (test_survivor_cache_runner.ArtifactParsing) ... ok
unit-tests	Run python scripts/run-unit-tests	2026-09-23T11:53:55.1644107Z test_wrong_source_target_and_non_json_output_fail (test_survivor_cache_runner.ArtifactParsing) ... ok
unit-tests	Run python scripts/run-unit-tests	2026-09-23T11:53:55.1645174Z test_exact_pass_all_cells (test_survivor_cache_runner.Classifier) ... ok
unit-tests	Run python scripts/run-unit-tests	2026-09-23T11:53:55.1646402Z test_extra_bytes_and_stderr_are_rejected (test_survivor_cache_runner.Classifier) ... ok
unit-tests	Run python scripts/run-unit-tests	2026-09-23T11:53:55.1647481Z test_failure_never_applies_to_control (test_survivor_cache_runner.Classifier) ... ok
unit-tests	Run python scripts/run-unit-tests	2026-09-23T11:53:55.1652106Z test_specific_failure_has_source_and_assertion (test_survivor_cache_runner.Classifier) ... ok
unit-tests	Run python scripts/run-unit-tests	2026-09-23T11:53:55.1653282Z test_timeout_cleanup_and_supervisor_error_fail_closed (test_survivor_cache_runner.Classifier) ... ok
unit-tests	Run python scripts/run-unit-tests	2026-09-23T11:53:55.1654759Z test_wrong_test_or_duplicate_panic_rejected (test_survivor_cache_runner.Classifier) ... ok
unit-tests	Run python scripts/run-unit-tests	2026-09-23T11:53:55.1656181Z test_target_specific_absence_must_be_symmetric_and_inherited (test_survivor_cache_runner.InheritedRuntimePackages) ... ok
unit-tests	Run python scripts/run-unit-tests	2026-09-23T11:53:55.1728683Z test_engineering_revision_preserves_frozen_science (test_survivor_cache_runner.ManifestFixture) ... ok
unit-tests	Run python scripts/run-unit-tests	2026-09-23T11:53:55.1767374Z test_exact_manifest_paths_only (test_survivor_cache_runner.ManifestFixture) ... ok
unit-tests	Run python scripts/run-unit-tests	2026-09-23T11:53:55.1882917Z test_missing_tool_and_stale_tests_fail (test_survivor_cache_runner.ManifestFixture) ... ok
unit-tests	Run python scripts/run-unit-tests	2026-09-23T11:53:55.1973278Z test_no_authority_and_relaxed_cap_fail (test_survivor_cache_runner.ManifestFixture) ... ok
unit-tests	Run python scripts/run-unit-tests	2026-09-23T11:53:55.2039008Z test_valid_fully_bound_manifest (test_survivor_cache_runner.ManifestFixture) ... ok
unit-tests	Run python scripts/run-unit-tests	2026-09-23T11:53:55.2136959Z test_wrong_science_or_input_hash_fails (test_survivor_cache_runner.ManifestFixture) ... ok
unit-tests	Run python scripts/run-unit-tests	2026-09-23T11:53:55.2244677Z test_cleanup_failure_keeps_raw_terminal_receipt (test_survivor_cache_runner.ProcessPersistence) ... ok
unit-tests	Run python scripts/run-unit-tests	2026-09-23T11:53:55.2310824Z test_reservation_survives_supervisor_exception (test_survivor_cache_runner.ProcessPersistence) ... ok
unit-tests	Run python scripts/run-unit-tests	2026-09-23T11:53:55.3162678Z test_public_export_path_exclusion_is_scoped (test_survivor_fvar_reachability.SurvivorFvarReachabilityTests) ... ok
unit-tests	Run python scripts/run-unit-tests	2026-09-23T11:53:55.5118162Z test_entry_bytes_survive_scoped_fvar_admission (test_survivor_fvar_reachability_historical.SurvivorFvarReachabilityHistoricalTests) ... ok
unit-tests	Run python scripts/run-unit-tests	2026-09-23T11:53:55.5184971Z test_historical_transition_executes_unchanged_admission_producer (test_survivor_let_association.SurvivorLetAssociationTests) ... ok
unit-tests	Run python scripts/run-unit-tests	2026-09-23T11:53:55.5855798Z test_input_drift_is_refused_but_future_successor_state_is_allowed (test_survivor_let_association.SurvivorLetAssociationTests) ... ok
unit-tests	Run python scripts/run-unit-tests	2026-09-23T11:53:55.6067981Z test_render_appends_one_classification_and_no_corpus_output (test_survivor_let_association.SurvivorLetAssociationTests) ... ok
unit-tests	Run python scripts/run-unit-tests	2026-09-23T11:53:55.6070181Z test_artifacts_declare_successor_blocker (test_survivor_let_result.ClosureTests) ... ok
unit-tests	Run python scripts/run-unit-tests	2026-09-23T11:53:55.6204630Z test_later_registry_suffix_does_not_rebind_historical_reuse (test_survivor_let_result.ClosureTests) ... ok
unit-tests	Run python scripts/run-unit-tests	2026-09-23T11:53:55.6206235Z test_reject_budget (test_survivor_let_result.ClosureTests) ... ok
unit-tests	Run python scripts/run-unit-tests	2026-09-23T11:53:55.6207263Z test_reject_cleanup_failure (test_survivor_let_result.ClosureTests) ... ok
unit-tests	Run python scripts/run-unit-tests	2026-09-23T11:53:55.6208331Z test_reject_extra_attempt (test_survivor_let_result.ClosureTests) ... ok
unit-tests	Run python scripts/run-unit-tests	2026-09-23T11:53:55.6209370Z test_reject_missing_repair (test_survivor_let_result.ClosureTests) ... ok
unit-tests	Run python scripts/run-unit-tests	2026-09-23T11:53:55.6210554Z test_reject_wrong_attribution (test_survivor_let_result.ClosureTests) ... ok
unit-tests	Run python scripts/run-unit-tests	2026-09-23T11:53:55.6211696Z test_reject_wrong_order (test_survivor_let_result.ClosureTests) ... ok
unit-tests	Run python scripts/run-unit-tests	2026-09-23T11:53:55.6344025Z test_successor_transition_preserves_frozen_reuse_closure (test_survivor_let_result.ClosureTests) ... ok
unit-tests	Run python scripts/run-unit-tests	2026-09-23T11:53:55.6345608Z test_valid_chain (test_survivor_let_result.ClosureTests) ... ok
unit-tests	Run python scripts/run-unit-tests	2026-09-23T11:53:55.6347214Z test_build_before_checker_controls_before_candidates (test_survivor_let_reuse.Accounting) ... ok
unit-tests	Run python scripts/run-unit-tests	2026-09-23T11:53:55.6348810Z test_caps_and_orphan_fail_closed (test_survivor_let_reuse.Accounting) ... ok
unit-tests	Run python scripts/run-unit-tests	2026-09-23T11:53:55.6350410Z test_failed_build_and_control_failure_pause_or_stop (test_survivor_let_reuse.Accounting) ... ok
unit-tests	Run python scripts/run-unit-tests	2026-09-23T11:53:55.6351823Z test_repair_replays_same_cell_only_after_pause (test_survivor_let_reuse.Accounting) ... ok
unit-tests	Run python scripts/run-unit-tests	2026-09-23T11:53:55.6353095Z test_max_clock_and_conservative_charge (test_survivor_let_reuse.ActiveTime) ... ok
unit-tests	Run python scripts/run-unit-tests	2026-09-23T11:53:55.6354492Z test_rejects_clock_disagreement_and_rollback (test_survivor_let_reuse.ActiveTime) ... ok
unit-tests	Run python scripts/run-unit-tests	2026-09-23T11:53:55.6355954Z test_reservation_cannot_cross_budget (test_survivor_let_reuse.ActiveTime) ... ok
unit-tests	Run python scripts/run-unit-tests	2026-09-23T11:53:55.6357205Z test_all_cells_exact_clean_success (test_survivor_let_reuse.Classification) ... ok
unit-tests	Run python scripts/run-unit-tests	2026-09-23T11:53:55.6358573Z test_generic_crash_parser_timeout_and_extra_output (test_survivor_let_reuse.Classification) ... ok
unit-tests	Run python scripts/run-unit-tests	2026-09-23T11:53:55.6359911Z test_precise_baseline_refusal_requires_retained_backtrace (test_survivor_let_reuse.Classification) ... ok
unit-tests	Run python scripts/run-unit-tests	2026-09-23T11:53:55.6376528Z test_refusal_not_transferred (test_survivor_let_reuse.Classification) ... ok
unit-tests	Run python scripts/run-unit-tests	2026-09-23T11:53:55.6377175Z test_active_authorized_selected_gate_passes (test_survivor_let_reuse.GateTests) ... ok
unit-tests	Run python scripts/run-unit-tests	2026-09-23T11:53:55.6382954Z test_gate_rejects_cap_before_launch (test_survivor_let_reuse.GateTests) ... ok
unit-tests	Run python scripts/run-unit-tests	2026-09-23T11:53:55.6403522Z test_owner_quote_and_work_closure_rejected (test_survivor_let_reuse.GateTests) ... ok
unit-tests	Run python scripts/run-unit-tests	2026-09-23T11:53:55.6418722Z test_wrong_frontier_or_status_rejected (test_survivor_let_reuse.GateTests) ... ok
unit-tests	Run python scripts/run-unit-tests	2026-09-23T11:53:55.6441397Z test_ledger_truncation_refused (test_survivor_let_reuse.LedgerAndManifest) ... ok
unit-tests	Run python scripts/run-unit-tests	2026-09-23T11:53:55.6449316Z test_manifest_path_and_missing_auth_artifacts_refused (test_survivor_let_reuse.LedgerAndManifest) ... ok
unit-tests	Run python scripts/run-unit-tests	2026-09-23T11:53:55.6457173Z test_manifest_revision_names_are_narrowly_bounded (test_survivor_let_reuse.LedgerAndManifest) ... ok
unit-tests	Run python scripts/run-unit-tests	2026-09-23T11:53:55.6458501Z test_unknown_event_and_wrong_terminal_are_rejected (test_survivor_let_reuse.LedgerAndManifest) ... ok
unit-tests	Run python scripts/run-unit-tests	2026-09-23T11:53:55.6642303Z test_config_science_drift_and_input_byte_drift_rejected (test_survivor_let_reuse.ManifestFixture) ... ok
unit-tests	Run python scripts/run-unit-tests	2026-09-23T11:53:55.6953036Z test_decision_tool_and_test_receipt_bindings_rejected (test_survivor_let_reuse.ManifestFixture) ... ok
unit-tests	Run python scripts/run-unit-tests	2026-09-23T11:53:55.7075906Z test_real_valid_manifest_fixture_passes (test_survivor_let_reuse.ManifestFixture) ... ok
unit-tests	Run python scripts/run-unit-tests	2026-09-23T11:53:55.7235677Z test_cleanup_failure_receipt_is_terminal_and_retained (test_survivor_let_reuse.ProcessPersistence) ... ok
unit-tests	Run python scripts/run-unit-tests	2026-09-23T11:53:55.7324585Z test_reservation_survives_launch_exception_and_blocks_retry (test_survivor_let_reuse.ProcessPersistence) ... ok
unit-tests	Run python scripts/run-unit-tests	2026-09-23T11:53:55.7863367Z test_alias_observation_cannot_become_selected_result (test_survivor_proposal.SurvivorProposalTests) ... ok
unit-tests	Run python scripts/run-unit-tests	2026-09-23T11:53:55.8677277Z test_authorization_or_alias_binary_cannot_be_inferred (test_survivor_proposal.SurvivorProposalTests) ... ok
unit-tests	Run python scripts/run-unit-tests	2026-09-23T11:53:55.9132116Z test_authorized_future_state_does_not_reinterpret_historical_proposal (test_survivor_proposal.SurvivorProposalTests) ... ok
unit-tests	Run python scripts/run-unit-tests	2026-09-23T11:53:55.9528458Z test_candidate_cannot_precede_controls_or_add_observer (test_survivor_proposal.SurvivorProposalTests) ... ok
unit-tests	Run python scripts/run-unit-tests	2026-09-23T11:53:56.0362487Z test_entry_transition_retains_valid_paused_queue_and_cvc5_bindings (test_survivor_proposal.SurvivorProposalTests) ... ok
unit-tests	Run python scripts/run-unit-tests	2026-09-23T11:53:56.0654470Z test_exact_source_or_reused_export_input_drift_is_refused (test_survivor_proposal.SurvivorProposalTests) ... ok
unit-tests	Run python scripts/run-unit-tests	2026-09-23T11:53:56.1026571Z test_extra_unbound_rust_source_is_refused (test_survivor_proposal.SurvivorProposalTests) ... ok
unit-tests	Run python scripts/run-unit-tests	2026-09-23T11:53:56.1447416Z test_inventory_cannot_hide_alternative_or_change_old_schedule (test_survivor_proposal.SurvivorProposalTests) ... ok
unit-tests	Run python scripts/run-unit-tests	2026-09-23T11:53:56.2244235Z test_missing_unknown_or_malformed_fields_are_refused (test_survivor_proposal.SurvivorProposalTests) ... ok
unit-tests	Run python scripts/run-unit-tests	2026-09-23T11:53:56.2701436Z test_planning_cannot_promote_classification (test_survivor_proposal.SurvivorProposalTests) ... ok
unit-tests	Run python scripts/run-unit-tests	2026-09-23T11:53:56.3115333Z test_portable_proposal_needs_no_ignored_binary_or_execution (test_survivor_proposal.SurvivorProposalTests) ... ok
unit-tests	Run python scripts/run-unit-tests	2026-09-23T11:53:56.3715686Z test_prelaunch_gate_cannot_disappear_or_claim_approval (test_survivor_proposal.SurvivorProposalTests) ... ok
unit-tests	Run python scripts/run-unit-tests	2026-09-23T11:53:56.4003663Z test_required_historical_binding_cannot_be_omitted (test_survivor_proposal.SurvivorProposalTests) ... ok
unit-tests	Run python scripts/run-unit-tests	2026-09-23T11:53:56.5073007Z test_result_cannot_claim_scientific_work_or_a_second_completed_item (test_survivor_proposal.SurvivorProposalTests) ... ok
unit-tests	Run python scripts/run-unit-tests	2026-09-23T11:53:56.7723699Z test_widened_limits_or_scientific_materialization_are_refused (test_survivor_proposal.SurvivorProposalTests) ... ok
unit-tests	Run python scripts/run-unit-tests	2026-09-23T11:53:56.8733313Z test_public_dispatch_counterexample_and_boundary_are_split (test_survivor_thread_config_reachability.SurvivorThreadConfigReachabilityTests) ... ok
unit-tests	Run python scripts/run-unit-tests	2026-09-23T11:53:57.0698481Z test_entry_bytes_survive_scoped_thread_classification (test_survivor_thread_config_reachability_historical.SurvivorThreadConfigReachabilityHistoricalTests) ... ok
unit-tests	Run python scripts/run-unit-tests	2026-09-23T11:53:57.0702061Z test_candidate_refusal_is_source_attributed (test_survivor_thread_config_regression.ClassificationTests) ... ok
unit-tests	Run python scripts/run-unit-tests	2026-09-23T11:53:57.0704657Z test_cleanup_failure_is_indeterminate (test_survivor_thread_config_regression.ClassificationTests) ... ok
unit-tests	Run python scripts/run-unit-tests	2026-09-23T11:53:57.0706402Z test_exact_success_is_accept (test_survivor_thread_config_regression.ClassificationTests) ... ok
unit-tests	Run python scripts/run-unit-tests	2026-09-23T11:53:57.0707798Z test_extra_stdout_is_indeterminate (test_survivor_thread_config_regression.ClassificationTests) ... ok
unit-tests	Run python scripts/run-unit-tests	2026-09-23T11:53:57.0708873Z test_parse_error_is_preserved (test_survivor_thread_config_regression.ClassificationTests) ... ok
unit-tests	Run python scripts/run-unit-tests	2026-09-23T11:53:57.0709888Z test_refusal_not_transferred_to_control (test_survivor_thread_config_regression.ClassificationTests) ... ok
unit-tests	Run python scripts/run-unit-tests	2026-09-23T11:53:57.0710944Z test_refusal_requires_assertion_site (test_survivor_thread_config_regression.ClassificationTests) ... ok
unit-tests	Run python scripts/run-unit-tests	2026-09-23T11:53:57.0711953Z test_refusal_requires_infer_frame (test_survivor_thread_config_regression.ClassificationTests) ... ok
unit-tests	Run python scripts/run-unit-tests	2026-09-23T11:53:57.0712968Z test_stderr_on_success_is_indeterminate (test_survivor_thread_config_regression.ClassificationTests) ... ok
unit-tests	Run python scripts/run-unit-tests	2026-09-23T11:53:57.0714169Z test_timeout_is_preserved (test_survivor_thread_config_regression.ClassificationTests) ... ok
unit-tests	Run python scripts/run-unit-tests	2026-09-23T11:53:57.0716113Z test_copy_exact_is_idempotent_and_detects_drift (test_survivor_thread_config_regression.FilesystemTests) ... ok
unit-tests	Run python scripts/run-unit-tests	2026-09-23T11:53:57.0748651Z test_ledger_refuses_truncation (test_survivor_thread_config_regression.FilesystemTests) ... ok
unit-tests	Run python scripts/run-unit-tests	2026-09-23T11:53:57.0758526Z test_manifest_names_are_narrow (test_survivor_thread_config_regression.FilesystemTests) ... ok
unit-tests	Run python scripts/run-unit-tests	2026-09-23T11:53:57.0796443Z test_materialization_applies_only_frozen_mutation (test_survivor_thread_config_regression.FilesystemTests) ... ok
unit-tests	Run python scripts/run-unit-tests	2026-09-23T11:53:57.0806949Z test_cap_is_checked_before_reservation (test_survivor_thread_config_regression.GateTests) ... ok
unit-tests	Run python scripts/run-unit-tests	2026-09-23T11:53:57.0817239Z test_exact_gate_passes (test_survivor_thread_config_regression.GateTests) ... ok
unit-tests	Run python scripts/run-unit-tests	2026-09-23T11:53:57.0829707Z test_unselected_frontier_is_rejected (test_survivor_thread_config_regression.GateTests) ... ok
unit-tests	Run python scripts/run-unit-tests	2026-09-23T11:53:57.0840652Z test_work_closure_blocks_launch (test_survivor_thread_config_regression.GateTests) ... ok
unit-tests	Run python scripts/run-unit-tests	2026-09-23T11:53:57.0842191Z test_baseline_candidate_accept_is_interpretable (test_survivor_thread_config_regression.SequenceTests) ... ok
unit-tests	Run python scripts/run-unit-tests	2026-09-23T11:53:57.0843861Z test_candidate_crash_pauses (test_survivor_thread_config_regression.SequenceTests) ... ok
unit-tests	Run python scripts/run-unit-tests	2026-09-23T11:53:57.0845277Z test_checker_before_builds_is_rejected (test_survivor_thread_config_regression.SequenceTests) ... ok
unit-tests	Run python scripts/run-unit-tests	2026-09-23T11:53:57.0846888Z test_control_mismatch_stops (test_survivor_thread_config_regression.SequenceTests) ... ok
unit-tests	Run python scripts/run-unit-tests	2026-09-23T11:53:57.0848413Z test_controls_precede_candidates (test_survivor_thread_config_regression.SequenceTests) ... ok
unit-tests	Run python scripts/run-unit-tests	2026-09-23T11:53:57.0849816Z test_expected_fixed_pair_completes (test_survivor_thread_config_regression.SequenceTests) ... ok
unit-tests	Run python scripts/run-unit-tests	2026-09-23T11:53:57.0851221Z test_first_action_is_baseline_build (test_survivor_thread_config_regression.SequenceTests) ... ok
unit-tests	Run python scripts/run-unit-tests	2026-09-23T11:53:57.0852940Z test_mutant_candidate_refusal_is_interpretable_falsification (test_survivor_thread_config_regression.SequenceTests) ... ok
unit-tests	Run python scripts/run-unit-tests	2026-09-23T11:53:57.0854795Z test_orphan_reservation_is_conservatively_charged (test_survivor_thread_config_regression.SequenceTests) ... ok
unit-tests	Run python scripts/run-unit-tests	2026-09-23T11:53:57.0856494Z test_repair_replays_only_paused_cell (test_survivor_thread_config_regression.SequenceTests) ... ok
unit-tests	Run python scripts/run-unit-tests	2026-09-23T11:53:57.0858096Z test_reservation_cannot_cross_active_cap (test_survivor_thread_config_regression.SequenceTests) ... ok
unit-tests	Run python scripts/run-unit-tests	2026-09-23T11:53:57.0859863Z test_second_action_is_mutant_build (test_survivor_thread_config_regression.SequenceTests) ... ok
unit-tests	Run python scripts/run-unit-tests	2026-09-23T11:53:57.0861039Z test_unknown_event_is_rejected (test_survivor_thread_config_regression.SequenceTests) ... ok
unit-tests	Run python scripts/run-unit-tests	2026-09-23T11:53:57.0862202Z test_wrong_build_order_is_rejected (test_survivor_thread_config_regression.SequenceTests) ... ok
unit-tests	Run python scripts/run-unit-tests	2026-09-23T11:53:57.0863487Z test_accounting_drift_is_rejected (test_survivor_thread_config_regression_closure.ClosureStateTests) ... ok
unit-tests	Run python scripts/run-unit-tests	2026-09-23T11:53:57.0864846Z test_control_mismatch_is_rejected (test_survivor_thread_config_regression_closure.ClosureStateTests) ... ok
unit-tests	Run python scripts/run-unit-tests	2026-09-23T11:53:57.0866387Z test_exact_completed_state_passes (test_survivor_thread_config_regression_closure.ClosureStateTests) ... ok
unit-tests	Run python scripts/run-unit-tests	2026-09-23T11:53:57.0867788Z test_repair_or_missing_cleanup_is_rejected (test_survivor_thread_config_regression_closure.ClosureStateTests) ... ok
unit-tests	Run python scripts/run-unit-tests	2026-09-23T11:53:57.0869174Z test_clean_success_is_accept (test_survivor_thread_one_child_panic_regression.ClassificationTests) ... ok
unit-tests	Run python scripts/run-unit-tests	2026-09-23T11:53:57.0870444Z test_direct_main_assertion_is_baseline_refusal (test_survivor_thread_one_child_panic_regression.ClassificationTests) ... ok
unit-tests	Run python scripts/run-unit-tests	2026-09-23T11:53:57.0871597Z test_join_message_cannot_satisfy_baseline (test_survivor_thread_one_child_panic_regression.ClassificationTests) ... ok
unit-tests	Run python scripts/run-unit-tests	2026-09-23T11:53:57.0872437Z test_monitor_failure_is_never_a_candidate_result (test_survivor_thread_one_child_panic_regression.ClassificationTests) ... ok
unit-tests	Run python scripts/run-unit-tests	2026-09-23T11:53:57.0873420Z test_worker_join_assertion_is_mutant_refusal (test_survivor_thread_one_child_panic_regression.ClassificationTests) ... ok
unit-tests	Run python scripts/run-unit-tests	2026-09-23T11:53:57.0874240Z test_control_failure_stops_before_candidate (test_survivor_thread_one_child_panic_regression.ProtocolTests) ... ok
unit-tests	Run python scripts/run-unit-tests	2026-09-23T11:53:57.0876016Z test_fixed_protocol_order (test_survivor_thread_one_child_panic_regression.ProtocolTests) ... ok
unit-tests	Run python scripts/run-unit-tests	2026-09-23T11:53:57.0877303Z test_orphan_reservation_pauses (test_survivor_thread_one_child_panic_regression.ProtocolTests) ... ok
unit-tests	Run python scripts/run-unit-tests	2026-09-23T11:53:57.0902648Z test_ledger_rejects_unreconciled_second_reservation (test_survivor_thread_one_child_panic_regression.SourceBindingTests) ... ok
unit-tests	Run python scripts/run-unit-tests	2026-09-23T11:53:57.0905159Z test_only_relational_boundary_changes (test_survivor_thread_one_child_panic_regression.SourceBindingTests) ... ok
unit-tests	Run python scripts/run-unit-tests	2026-09-23T11:53:57.0906965Z test_signal_retry_is_available_before_process_execution (test_survivor_thread_one_child_panic_regression.SourceBindingTests) ... ok
unit-tests	Run python scripts/run-unit-tests	2026-09-23T11:53:57.0909348Z test_pinned_main_requires_readme_missing_from_frozen_inventory (test_survivor_thread_one_child_panic_regression_closure.SourceMaterializationClosureTests) ... ok
unit-tests	Run python scripts/run-unit-tests	2026-09-23T11:53:57.0911343Z test_r1_incident_preceded_any_supervised_process (test_survivor_thread_one_child_panic_regression_closure.SourceMaterializationClosureTests) ... ok
unit-tests	Run python scripts/run-unit-tests	2026-09-23T11:53:57.0913372Z test_real_baseline_build_preserves_complete_supervision_receipts (test_survivor_thread_one_child_panic_regression_closure.SourceMaterializationClosureTests) ... ok
unit-tests	Run python scripts/run-unit-tests	2026-09-23T11:53:57.0918546Z test_assessment_binds_the_fixed_source_boundary (test_survivor_thread_one_determinism_closure.SurvivorThreadOneDeterminismClosureTests) ... ok
unit-tests	Run python scripts/run-unit-tests	2026-09-23T11:53:57.0920510Z test_protocol_is_operational_and_has_four_fixed_cells (test_survivor_thread_one_determinism_closure.SurvivorThreadOneDeterminismClosureTests) ... ok
unit-tests	Run python scripts/run-unit-tests	2026-09-23T11:53:57.0922412Z test_result_preserves_the_no_launch_boundary (test_survivor_thread_one_determinism_closure.SurvivorThreadOneDeterminismClosureTests) ... ok
unit-tests	Run python scripts/run-unit-tests	2026-09-23T11:53:57.2464377Z test_predecessor_bytes_survive_live_successor_transition (test_survivor_universe_diff_historical.UniverseDiffHistoricalTests) ... ok
unit-tests	Run python scripts/run-unit-tests	2026-09-23T11:53:57.2469217Z test_missing_root_fails_closed (test_survivor_universe_equivalence.RepositoryEvidenceTests) ... ok
unit-tests	Run python scripts/run-unit-tests	2026-09-23T11:53:57.3455077Z test_scoped_equivalence_admission_validates (test_survivor_universe_equivalence.RepositoryEvidenceTests) ... ok
unit-tests	Run python scripts/run-unit-tests	2026-09-23T11:53:57.3457170Z test_ordered_accepts_complete_sequence (test_survivor_universe_equivalence.SourceOrderTests) ... ok
unit-tests	Run python scripts/run-unit-tests	2026-09-23T11:53:57.3459548Z test_ordered_rejects_missing_or_reordered_fragment (test_survivor_universe_equivalence.SourceOrderTests) ... ok
unit-tests	Run python scripts/run-unit-tests	2026-09-23T11:53:57.5081362Z test_entry_bytes_survive_scoped_equivalence_admission (test_survivor_universe_equivalence_historical.UniverseEquivalenceHistoricalTests) ... ok
unit-tests	Run python scripts/run-unit-tests	2026-09-23T11:53:57.6569487Z test_altered_evidence_bytes (test_transfer_assessment.TransferAssessmentTests) ... ok
unit-tests	Run python scripts/run-unit-tests	2026-09-23T11:53:57.8064729Z test_boolean_zero_is_not_integer_counter (test_transfer_assessment.TransferAssessmentTests) ... ok
unit-tests	Run python scripts/run-unit-tests	2026-09-23T11:53:57.9245143Z test_deleted_manifest_row (test_transfer_assessment.TransferAssessmentTests) ... ok
unit-tests	Run python scripts/run-unit-tests	2026-09-23T11:53:58.3038763Z test_dropped_candidate_route (test_transfer_assessment.TransferAssessmentTests) ... ok
unit-tests	Run python scripts/run-unit-tests	2026-09-23T11:53:58.6822446Z test_dropped_primary_source (test_transfer_assessment.TransferAssessmentTests) ... ok
unit-tests	Run python scripts/run-unit-tests	2026-09-23T11:53:58.8294592Z test_duplicate_json_key (test_transfer_assessment.TransferAssessmentTests) ... ok
unit-tests	Run python scripts/run-unit-tests	2026-09-23T11:53:59.2920458Z test_future_live_successor_does_not_rewrite_history (test_transfer_assessment.TransferAssessmentTests) ... ok
unit-tests	Run python scripts/run-unit-tests	2026-09-23T11:53:59.9402218Z test_historical_and_current_integrity (test_transfer_assessment.TransferAssessmentTests) ... ok
unit-tests	Run python scripts/run-unit-tests	2026-09-23T11:54:00.0918442Z test_interval_accounting_cannot_be_undercharged (test_transfer_assessment.TransferAssessmentTests) ... ok
unit-tests	Run python scripts/run-unit-tests	2026-09-23T11:54:00.3703361Z test_invalid_local_json_pointer (test_transfer_assessment.TransferAssessmentTests) ... ok
unit-tests	Run python scripts/run-unit-tests	2026-09-23T11:54:00.5219236Z test_invented_launch_rejected_even_if_work_agrees (test_transfer_assessment.TransferAssessmentTests) ... ok
unit-tests	Run python scripts/run-unit-tests	2026-09-23T11:54:00.6723765Z test_no_go_cannot_be_forged_as_go (test_transfer_assessment.TransferAssessmentTests) ... ok
unit-tests	Run python scripts/run-unit-tests	2026-09-23T11:54:00.8214957Z test_no_go_cannot_smuggle_design (test_transfer_assessment.TransferAssessmentTests) ... ok
unit-tests	Run python scripts/run-unit-tests	2026-09-23T11:54:00.9738007Z test_nonfinite_budget (test_transfer_assessment.TransferAssessmentTests) ... ok
unit-tests	Run python scripts/run-unit-tests	2026-09-23T11:54:01.1319266Z test_open_reservation_rejected (test_transfer_assessment.TransferAssessmentTests) ... ok
unit-tests	Run python scripts/run-unit-tests	2026-09-23T11:54:01.2839267Z test_overflow_budget (test_transfer_assessment.TransferAssessmentTests) ... ok
unit-tests	Run python scripts/run-unit-tests	2026-09-23T11:54:01.5387731Z test_snapshot_cannot_be_rebound_away_from_git (test_transfer_assessment.TransferAssessmentTests) ... ok
unit-tests	Run python scripts/run-unit-tests	2026-09-23T11:54:01.6603873Z test_unsafe_manifest_path (test_transfer_assessment.TransferAssessmentTests) ... ok
unit-tests	Run python scripts/run-unit-tests	2026-09-23T11:54:01.6606547Z test_every_exit_classification_is_reachable (test_transfer_experiment.TransferExperimentTests) ... ok
unit-tests	Run python scripts/run-unit-tests	2026-09-23T11:54:01.6608813Z test_experiment_spec_declares_held_out_fault_without_results (test_transfer_experiment.TransferExperimentTests) ... ok
unit-tests	Run python scripts/run-unit-tests	2026-09-23T11:54:01.6610508Z test_positive_transfer_requires_modeled_direction_and_control (test_transfer_experiment.TransferExperimentTests) ... ok
unit-tests	Run python scripts/run-unit-tests	2026-09-23T11:54:01.6681289Z test_transfer_schemas_are_valid (test_transfer_experiment.TransferExperimentTests) ... ok
unit-tests	Run python scripts/run-unit-tests	2026-09-23T11:54:01.6703214Z test_checkpoint_failure_fails_complete_run (test_unit_test_runner.UnitRunnerBoundaryTests) ... ok
unit-tests	Run python scripts/run-unit-tests	2026-09-23T11:54:01.6716286Z test_corrupt_present_host_payload_cannot_be_skipped (test_unit_test_runner.UnitRunnerBoundaryTests) ... ok
unit-tests	Run python scripts/run-unit-tests	2026-09-23T11:54:01.6734725Z test_current_suite_runs_inside_portable_cache_history_context (test_unit_test_runner.UnitRunnerBoundaryTests) ... ok
unit-tests	Run python scripts/run-unit-tests	2026-09-23T11:54:01.6754953Z test_default_run_keeps_missing_host_tests_visible (test_unit_test_runner.UnitRunnerBoundaryTests) ... ok
unit-tests	Run python scripts/run-unit-tests	2026-09-23T11:54:01.6781099Z test_historical_failure_fails_complete_run (test_unit_test_runner.UnitRunnerBoundaryTests) ... ok
unit-tests	Run python scripts/run-unit-tests	2026-09-23T11:54:01.6786262Z test_historical_partition_does_not_hide_future_tests (test_unit_test_runner.UnitRunnerBoundaryTests) ... ok
unit-tests	Run python scripts/run-unit-tests	2026-09-23T11:54:01.6798265Z test_missing_tracked_input_is_not_an_integration_skip (test_unit_test_runner.UnitRunnerBoundaryTests) ... ok
unit-tests	Run python scripts/run-unit-tests	2026-09-23T11:54:01.6806612Z test_only_exact_host_tests_are_skipped (test_unit_test_runner.UnitRunnerBoundaryTests) ... ok
unit-tests	Run python scripts/run-unit-tests	2026-09-23T11:54:01.6812191Z test_only_exact_payload_test_is_skipped (test_unit_test_runner.UnitRunnerBoundaryTests) ... ok
unit-tests	Run python scripts/run-unit-tests	2026-09-23T11:54:01.6817631Z test_present_host_payload_keeps_original_failure (test_unit_test_runner.UnitRunnerBoundaryTests) ... ok
unit-tests	Run python scripts/run-unit-tests	2026-09-23T11:54:01.6823655Z test_present_payload_retains_original_failures (test_unit_test_runner.UnitRunnerBoundaryTests) ... ok
unit-tests	Run python scripts/run-unit-tests	2026-09-23T11:54:01.6835205Z test_required_host_payload_fails_before_discovery_or_source_writes (test_unit_test_runner.UnitRunnerBoundaryTests) ... ok
unit-tests	Run python scripts/run-unit-tests	2026-09-23T11:54:01.6846888Z test_required_payload_fails_before_discovery (test_unit_test_runner.UnitRunnerBoundaryTests) ... ok
unit-tests	Run python scripts/run-unit-tests	2026-09-23T11:54:01.6858266Z test_source_payload_mismatch_fails_before_discovery (test_unit_test_runner.UnitRunnerBoundaryTests) ... ok
unit-tests	Run python scripts/run-unit-tests	2026-09-23T11:54:01.6906486Z test_all_five_static_dev_categories_pass (test_valid_dependent_term_audit.CaseAuditTests) ... ok
unit-tests	Run python scripts/run-unit-tests	2026-09-23T11:54:01.6922627Z test_app_and_let_conversion_and_substitution_witnesses_are_replayed (test_valid_dependent_term_audit.CaseAuditTests) ... ok
unit-tests	Run python scripts/run-unit-tests	2026-09-23T11:54:01.6942543Z test_category_metrics_seed_expected_type_and_size_tamper (test_valid_dependent_term_audit.CaseAuditTests) ... ok
unit-tests	Run python scripts/run-unit-tests	2026-09-23T11:54:01.6967839Z test_file_loader_rejects_duplicate_and_missing_keys_and_binds_bytes (test_valid_dependent_term_audit.CaseAuditTests) ... ok
unit-tests	Run python scripts/run-unit-tests	2026-09-23T11:54:01.6975934Z test_unknown_missing_ast_and_case_keys_rejected (test_valid_dependent_term_audit.CaseAuditTests) ... ok
unit-tests	Run python scripts/run-unit-tests	2026-09-23T11:54:01.6997890Z test_wrong_derivation_rule_premises_context_term_type_and_witness (test_valid_dependent_term_audit.CaseAuditTests) ... ok
unit-tests	Run python scripts/run-unit-tests	2026-09-23T11:54:01.7002145Z test_count_is_rejected_before_reading_cases (test_valid_dependent_term_audit.CorpusAuditTests) ... ok
unit-tests	Run python scripts/run-unit-tests	2026-09-23T11:54:01.7022052Z test_duplicate_terms_are_rejected_after_valid_order (test_valid_dependent_term_audit.CorpusAuditTests) ... ok
unit-tests	Run python scripts/run-unit-tests	2026-09-23T11:54:01.7127302Z test_exact_dev_corpus_order_passes_and_reordering_fails (test_valid_dependent_term_audit.CorpusAuditTests) ... ok
unit-tests	Run python scripts/run-unit-tests	2026-09-23T11:54:01.7128918Z test_beta_and_zeta_normalization (test_valid_dependent_term_audit.SemanticPrimitiveTests) ... ok
unit-tests	Run python scripts/run-unit-tests	2026-09-23T11:54:01.7138558Z test_derivation_preserves_raw_app_and_let_substitution_results (test_valid_dependent_term_audit.SemanticPrimitiveTests) ... ok
unit-tests	Run python scripts/run-unit-tests	2026-09-23T11:54:01.7141884Z test_loose_bvar_and_app_let_conversion_fail_closed (test_valid_dependent_term_audit.SemanticPrimitiveTests) ... ok
unit-tests	Run python scripts/run-unit-tests	2026-09-23T11:54:01.7143410Z test_pi_universe_witness_v_zero_and_nonzero (test_valid_dependent_term_audit.SemanticPrimitiveTests) ... ok
unit-tests	Run python scripts/run-unit-tests	2026-09-23T11:54:01.7145109Z test_shift_and_capture_avoiding_substitution (test_valid_dependent_term_audit.SemanticPrimitiveTests) ... ok
unit-tests	Run python scripts/run-unit-tests	2026-09-23T11:54:01.7689570Z test_committed_closure_evidence (test_valid_dependent_term_closure.ValidDependentTermClosureTests) ... ok
unit-tests	Run python scripts/run-unit-tests	2026-09-23T11:54:02.0817883Z test_canonical_bytes_and_case_seed_follow_frozen_encoding (test_valid_dependent_term_generator.ValidDependentTermGeneratorTests) ... ok
unit-tests	Run python scripts/run-unit-tests	2026-09-23T11:54:03.2145050Z test_cli_validate_only_is_nonwriting_and_normal_output_is_fresh (test_valid_dependent_term_generator.ValidDependentTermGeneratorTests) ... ok
unit-tests	Run python scripts/run-unit-tests	2026-09-23T11:54:03.2179384Z test_exact_count_order_attempts_uniqueness_and_bands (test_valid_dependent_term_generator.ValidDependentTermGeneratorTests) ... ok
unit-tests	Run python scripts/run-unit-tests	2026-09-23T11:54:03.2182057Z test_full_derivations_cover_every_rule_with_exact_shapes (test_valid_dependent_term_generator.ValidDependentTermGeneratorTests) ... ok
unit-tests	Run python scripts/run-unit-tests	2026-09-23T11:54:03.2183702Z test_nested_shift_and_capture_avoiding_substitution (test_valid_dependent_term_generator.ValidDependentTermGeneratorTests) ... ok
unit-tests	Run python scripts/run-unit-tests	2026-09-23T11:54:03.2193152Z test_numeric_imax_beta_and_zeta_positive_witnesses (test_valid_dependent_term_generator.ValidDependentTermGeneratorTests) ... ok
unit-tests	Run python scripts/run-unit-tests	2026-09-23T11:54:03.2231764Z test_rendered_module_has_exact_declarations_and_no_bypass (test_valid_dependent_term_generator.ValidDependentTermGeneratorTests) ... ok
unit-tests	Run python scripts/run-unit-tests	2026-09-23T11:54:03.6660937Z test_repeat_generation_is_byte_deterministic (test_valid_dependent_term_generator.ValidDependentTermGeneratorTests) ... ok
unit-tests	Run python scripts/run-unit-tests	2026-09-23T11:54:03.6674953Z test_root_categories_and_frozen_predicates (test_valid_dependent_term_generator.ValidDependentTermGeneratorTests) ... ok
unit-tests	Run python scripts/run-unit-tests	2026-09-23T11:54:03.6689417Z test_execution_validate_only_never_calls_process_runner (test_valid_dependent_term_pilot.ControllerContractTests) ... ok
unit-tests	Run python scripts/run-unit-tests	2026-09-23T11:54:03.6691139Z test_generator_public_renderer_handles_a_fake_development_case (test_valid_dependent_term_pilot.ControllerContractTests) ... ok
unit-tests	Run python scripts/run-unit-tests	2026-09-23T11:54:03.6692960Z test_matrix_is_profile_major_and_exactly_one_hundred_cells (test_valid_dependent_term_pilot.ControllerContractTests) ... ok
unit-tests	Run python scripts/run-unit-tests	2026-09-23T11:54:03.6708290Z test_process_receipt_replay_rejects_changed_raw_output (test_valid_dependent_term_pilot.ControllerContractTests) ... ok
unit-tests	Run python scripts/run-unit-tests	2026-09-23T11:54:03.6711054Z test_safety_failures_are_repair_pauses (test_valid_dependent_term_pilot.ControllerContractTests) ... ok
unit-tests	Run python scripts/run-unit-tests	2026-09-23T11:54:03.6717624Z test_stale_binding_fails_closed (test_valid_dependent_term_pilot.ControllerContractTests) ... ok
unit-tests	Run python scripts/run-unit-tests	2026-09-23T11:54:03.6742714Z test_supervised_wrapper_persists_and_checks_fake_receipt (test_valid_dependent_term_pilot.ControllerContractTests) ... ok
unit-tests	Run python scripts/run-unit-tests	2026-09-23T11:54:03.6772489Z test_validate_only_never_calls_process_runner (test_valid_dependent_term_pilot.ControllerContractTests) ... ok
unit-tests	Run python scripts/run-unit-tests	2026-09-23T11:54:03.6783525Z test_accepts_all_documented_definition_hint_shapes (test_valid_dependent_term_pilot.ExportBridgeTests) ... ok
unit-tests	Run python scripts/run-unit-tests	2026-09-23T11:54:03.6788181Z test_existing_let_fixture_rehydrates_without_generator_helpers (test_valid_dependent_term_pilot.ExportBridgeTests) ... ok
unit-tests	Run python scripts/run-unit-tests	2026-09-23T11:54:03.6793171Z test_reconstructs_exact_closed_fragment (test_valid_dependent_term_pilot.ExportBridgeTests) ... ok
unit-tests	Run python scripts/run-unit-tests	2026-09-23T11:54:03.6795049Z test_rejects_duplicate_json_key (test_valid_dependent_term_pilot.ExportBridgeTests) ... ok
unit-tests	Run python scripts/run-unit-tests	2026-09-23T11:54:03.6799037Z test_rejects_forbidden_expression_tag (test_valid_dependent_term_pilot.ExportBridgeTests) ... ok
unit-tests	Run python scripts/run-unit-tests	2026-09-23T11:54:03.6802863Z test_rejects_let_nondep_true (test_valid_dependent_term_pilot.ExportBridgeTests) ... ok
unit-tests	Run python scripts/run-unit-tests	2026-09-23T11:54:03.6807956Z test_rejects_loose_bound_variable (test_valid_dependent_term_pilot.ExportBridgeTests) ... ok
unit-tests	Run python scripts/run-unit-tests	2026-09-23T11:54:03.6812343Z test_rejects_malformed_definition_hint (test_valid_dependent_term_pilot.ExportBridgeTests) ... ok
unit-tests	Run python scripts/run-unit-tests	2026-09-23T11:54:03.6816897Z test_rejects_nondefault_binder (test_valid_dependent_term_pilot.ExportBridgeTests) ... ok
unit-tests	Run python scripts/run-unit-tests	2026-09-23T11:54:03.6838878Z test_changed_registry_is_not_accepted_as_a_predecessor (test_witness_admission.WitnessAdmissionTests) ... ok
unit-tests	Run python scripts/run-unit-tests	2026-09-23T11:54:03.7128814Z test_fixed_evidence_renders_two_successors_without_launching_processes (test_witness_admission.WitnessAdmissionTests) ... ok
unit-tests	Run python scripts/run-unit-tests	2026-09-23T11:54:03.7150301Z test_forged_outcome_is_refused_from_raw_bytes (test_witness_admission.WitnessAdmissionTests) ... ok
unit-tests	Run python scripts/run-unit-tests	2026-09-23T11:54:03.7168565Z test_candidate_order_is_deterministic (test_witness_search.WitnessSearchTests) ... ok
unit-tests	Run python scripts/run-unit-tests	2026-09-23T11:54:03.7170130Z test_inductive_metadata_candidates_precede_generic_mutations (test_witness_search.WitnessSearchTests) ... skipped 'Arena profiles are not materialized'
unit-tests	Run python scripts/run-unit-tests	2026-09-23T11:54:03.7179496Z test_inductive_metadata_candidates_target_auxiliary_fields (test_witness_search.WitnessSearchTests) ... ok
unit-tests	Run python scripts/run-unit-tests	2026-09-23T11:54:03.7192348Z test_minimizer_preserves_export_metadata (test_witness_search.WitnessSearchTests) ... ok
unit-tests	Run python scripts/run-unit-tests	2026-09-23T11:54:03.7217299Z test_minimizer_preserves_predicate (test_witness_search.WitnessSearchTests) ... ok
unit-tests	Run python scripts/run-unit-tests	2026-09-23T11:54:03.7218198Z test_semantic_states_are_distinct (test_witness_search.WitnessSearchTests) ... ok
unit-tests	Run python scripts/run-unit-tests	2026-09-23T11:54:03.7219706Z test_universe_template_is_the_confirmed_witness (test_witness_search.WitnessSearchTests) ... ok
unit-tests	Run python scripts/run-unit-tests	2026-09-23T11:54:03.7220444Z 
unit-tests	Run python scripts/run-unit-tests	2026-09-23T11:54:03.7220720Z ----------------------------------------------------------------------
unit-tests	Run python scripts/run-unit-tests	2026-09-23T11:54:03.7221638Z Ran 1396 tests in 120.774s
unit-tests	Run python scripts/run-unit-tests	2026-09-23T11:54:03.7221820Z 
unit-tests	Run python scripts/run-unit-tests	2026-09-23T11:54:03.7222008Z OK (skipped=5)
unit-tests	Run python scripts/run-unit-tests	2026-09-23T11:54:03.7222714Z {"cleanup_completed": false, "deadline_exceeded": false, "returncode": 1, "status": "INTERRUPTED"}
unit-tests	Run python scripts/run-unit-tests	2026-09-23T11:54:03.7223628Z {"cleanup_completed": true, "deadline_exceeded": false, "returncode": 101, "status": "FAILED"}
unit-tests	Run python scripts/run-unit-tests	2026-09-23T11:54:03.7224447Z {"cleanup_completed": false, "deadline_exceeded": false, "returncode": 1, "status": "INTERRUPTED"}
unit-tests	Run python scripts/run-unit-tests	2026-09-23T11:54:03.7225196Z {"cleanup_completed": true, "deadline_exceeded": true, "returncode": -9, "status": "TIMED_OUT"}
unit-tests	Run python scripts/run-unit-tests	2026-09-23T11:54:03.7226105Z {"cleanup_completed": true, "deadline_exceeded": false, "returncode": 101, "status": "FAILED"}
unit-tests	Run python scripts/run-unit-tests	2026-09-23T11:54:03.7226737Z {"cleanup_completed": false, "deadline_exceeded": false, "returncode": 1, "status": "INTERRUPTED"}
unit-tests	Run python scripts/run-unit-tests	2026-09-23T11:54:03.7227342Z {"cleanup_completed": true, "deadline_exceeded": true, "returncode": -9, "status": "TIMED_OUT"}
unit-tests	Run python scripts/run-unit-tests	2026-09-23T11:54:03.7227936Z {"cleanup_completed": true, "deadline_exceeded": false, "returncode": 101, "status": "FAILED"}
unit-tests	Run python scripts/run-unit-tests	2026-09-23T11:54:03.7228553Z Running frozen publication-study tests against their attested content and local payloads.
unit-tests	Run python scripts/run-unit-tests	2026-09-23T11:54:09.0472386Z test_actual_frozen_discovery_and_review_packet_validate (test_declaration_validation_publication_study.DeclarationValidationPublicationStudyTests) ... ok
unit-tests	Run python scripts/run-unit-tests	2026-09-23T11:54:09.3784493Z test_actual_gate_5_sentinel_validates (test_declaration_validation_publication_study.DeclarationValidationPublicationStudyTests) ... ok
unit-tests	Run python scripts/run-unit-tests	2026-09-23T11:54:10.0283564Z test_actual_gate_6_complete_adjudication_validates (test_declaration_validation_publication_study.DeclarationValidationPublicationStudyTests) ... ok
unit-tests	Run python scripts/run-unit-tests	2026-09-23T11:54:10.8000295Z test_actual_gate_7_denominator_validates (test_declaration_validation_publication_study.DeclarationValidationPublicationStudyTests) ... ok
unit-tests	Run python scripts/run-unit-tests	2026-09-23T11:54:11.6212874Z test_actual_gate_8_baseline_and_comparators_validate (test_declaration_validation_publication_study.DeclarationValidationPublicationStudyTests) ... ok
unit-tests	Run python scripts/run-unit-tests	2026-09-23T11:54:11.6214115Z runTest (<run_path>._SkippedGate8PayloadTest) ... skipped 'full-payload integration unavailable: frozen Gate-8 observer, coverage, or corpus input is missing'
unit-tests	Run python scripts/run-unit-tests	2026-09-23T11:54:11.6794130Z test_actual_human_authority_source_approval_validates (test_declaration_validation_publication_study.DeclarationValidationPublicationStudyTests) ... ok
unit-tests	Run python scripts/run-unit-tests	2026-09-23T11:54:14.1051633Z test_actual_preregistration_validates (test_declaration_validation_publication_study.DeclarationValidationPublicationStudyTests) ... ok
unit-tests	Run python scripts/run-unit-tests	2026-09-23T11:54:14.1420297Z test_approval_cannot_change_discovered_source_bytes (test_declaration_validation_publication_study.DeclarationValidationPublicationStudyTests) ... ok
unit-tests	Run python scripts/run-unit-tests	2026-09-23T11:54:14.1801898Z test_approval_cannot_widen_theorem_prop_source_scope (test_declaration_validation_publication_study.DeclarationValidationPublicationStudyTests) ... ok
unit-tests	Run python scripts/run-unit-tests	2026-09-23T11:54:14.1803849Z test_bounded_pilot_and_comparator_budgets_are_fixed (test_declaration_validation_publication_study.DeclarationValidationPublicationStudyTests) ... ok
unit-tests	Run python scripts/run-unit-tests	2026-09-23T11:54:14.2598372Z test_candidate_substitution_is_rejected (test_declaration_validation_publication_study.DeclarationValidationPublicationStudyTests) ... ok
unit-tests	Run python scripts/run-unit-tests	2026-09-23T11:54:14.2773036Z test_cohort_is_mechanically_derived_from_immutable_m10 (test_declaration_validation_publication_study.DeclarationValidationPublicationStudyTests) ... ok
unit-tests	Run python scripts/run-unit-tests	2026-09-23T11:54:14.2774410Z test_discovery_does_not_approve_sources (test_declaration_validation_publication_study.DeclarationValidationPublicationStudyTests) ... ok
unit-tests	Run python scripts/run-unit-tests	2026-09-23T11:54:14.3039845Z test_discovery_evidence_tamper_is_rejected (test_declaration_validation_publication_study.DeclarationValidationPublicationStudyTests) ... ok
unit-tests	Run python scripts/run-unit-tests	2026-09-23T11:54:14.3298855Z test_discovery_query_removal_is_rejected (test_declaration_validation_publication_study.DeclarationValidationPublicationStudyTests) ... ok
unit-tests	Run python scripts/run-unit-tests	2026-09-23T11:54:14.3300503Z test_every_candidate_has_all_four_query_scopes (test_declaration_validation_publication_study.DeclarationValidationPublicationStudyTests) ... ok
unit-tests	Run python scripts/run-unit-tests	2026-09-23T11:54:14.3323406Z test_gate_5_binds_the_m10_theorem_control_erratum (test_declaration_validation_publication_study.DeclarationValidationPublicationStudyTests) ... ok
unit-tests	Run python scripts/run-unit-tests	2026-09-23T11:54:14.3346015Z test_gate_5_cannot_broaden_the_approved_candidate_scope (test_declaration_validation_publication_study.DeclarationValidationPublicationStudyTests) ... ok
unit-tests	Run python scripts/run-unit-tests	2026-09-23T11:54:14.3347682Z test_gate_5_scope_closure_stops_before_remaining_work (test_declaration_validation_publication_study.DeclarationValidationPublicationStudyTests) ... ok
unit-tests	Run python scripts/run-unit-tests	2026-09-23T11:54:14.3441099Z test_gate_5_scope_guard_rejects_cross_claim_source_reuse (test_declaration_validation_publication_study.DeclarationValidationPublicationStudyTests) ... ok
unit-tests	Run python scripts/run-unit-tests	2026-09-23T11:54:15.0138433Z test_gate_6_cannot_promote_an_unsupported_candidate (test_declaration_validation_publication_study.DeclarationValidationPublicationStudyTests) ... ok
unit-tests	Run python scripts/run-unit-tests	2026-09-23T11:54:15.6741147Z test_gate_6_rejects_candidate_reordering (test_declaration_validation_publication_study.DeclarationValidationPublicationStudyTests) ... ok
unit-tests	Run python scripts/run-unit-tests	2026-09-23T11:54:16.3803853Z test_gate_6_reproduces_every_gate_4_claim_disposition (test_declaration_validation_publication_study.DeclarationValidationPublicationStudyTests) ... ok
unit-tests	Run python scripts/run-unit-tests	2026-09-23T11:54:16.3805371Z test_gate_6_scope_closure_stops_before_denominator (test_declaration_validation_publication_study.DeclarationValidationPublicationStudyTests) ... ok
unit-tests	Run python scripts/run-unit-tests	2026-09-23T11:54:17.1744682Z test_gate_7_historical_manuscript_survives_gate_8_living_update (test_declaration_validation_publication_study.DeclarationValidationPublicationStudyTests) ... ok
unit-tests	Run python scripts/run-unit-tests	2026-09-23T11:54:17.2685907Z test_gate_7_is_the_exact_mechanical_derivation (test_declaration_validation_publication_study.DeclarationValidationPublicationStudyTests) ... ok
unit-tests	Run python scripts/run-unit-tests	2026-09-23T11:54:17.2687573Z test_gate_7_preserves_population_separation (test_declaration_validation_publication_study.DeclarationValidationPublicationStudyTests) ... ok
unit-tests	Run python scripts/run-unit-tests	2026-09-23T11:54:18.0443205Z test_gate_7_rejects_hand_selected_claim_tier (test_declaration_validation_publication_study.DeclarationValidationPublicationStudyTests) ... ok
unit-tests	Run python scripts/run-unit-tests	2026-09-23T11:54:18.8257851Z test_gate_7_rejects_hand_selected_denominator (test_declaration_validation_publication_study.DeclarationValidationPublicationStudyTests) ... ok
unit-tests	Run python scripts/run-unit-tests	2026-09-23T11:54:18.8259643Z test_gate_7_stops_before_gate_8 (test_declaration_validation_publication_study.DeclarationValidationPublicationStudyTests) ... ok
unit-tests	Run python scripts/run-unit-tests	2026-09-23T11:54:18.8557577Z test_gate_8_rejects_forged_source_reach (test_declaration_validation_publication_study.DeclarationValidationPublicationStudyTests) ... ok
unit-tests	Run python scripts/run-unit-tests	2026-09-23T11:54:18.8596449Z test_gate_8_rejects_isolated_status_without_erratum_control (test_declaration_validation_publication_study.DeclarationValidationPublicationStudyTests) ... ok
unit-tests	Run python scripts/run-unit-tests	2026-09-23T11:54:18.8634848Z test_gate_8_rejects_mutant_kill_without_frozen_difference (test_declaration_validation_publication_study.DeclarationValidationPublicationStudyTests) ... ok
unit-tests	Run python scripts/run-unit-tests	2026-09-23T11:54:18.8637650Z test_gate_8_stops_before_directed_synthesis (test_declaration_validation_publication_study.DeclarationValidationPublicationStudyTests) ... ok
unit-tests	Run python scripts/run-unit-tests	2026-09-23T11:54:18.8640141Z test_historical_bindings_use_exact_attestation_identities (test_declaration_validation_publication_study.DeclarationValidationPublicationStudyTests) ... ok
unit-tests	Run python scripts/run-unit-tests	2026-09-23T11:54:18.8700806Z test_manuscript_is_a_pre_gate_7_presentation_skeleton (test_declaration_validation_publication_study.DeclarationValidationPublicationStudyTests) ... ok
unit-tests	Run python scripts/run-unit-tests	2026-09-23T11:54:18.9471279Z test_required_query_removal_is_rejected (test_declaration_validation_publication_study.DeclarationValidationPublicationStudyTests) ... ok
unit-tests	Run python scripts/run-unit-tests	2026-09-23T11:54:19.1512579Z test_schema_is_valid_draft_2020_12 (test_declaration_validation_publication_study.DeclarationValidationPublicationStudyTests) ... ok
unit-tests	Run python scripts/run-unit-tests	2026-09-23T11:54:19.1516047Z test_source_approval_is_reserved_to_separate_human_review (test_declaration_validation_publication_study.DeclarationValidationPublicationStudyTests) ... ok
unit-tests	Run python scripts/run-unit-tests	2026-09-23T11:54:19.1591477Z test_content_inventory_excludes_its_own_and_attestation_bytes (test_declaration_validation_publication_study_closure.PublicationStudyClosureTests) ... ok
unit-tests	Run python scripts/run-unit-tests	2026-09-23T11:54:21.9033487Z test_decision_and_report_cannot_be_relabelled_after_results (test_declaration_validation_publication_study_closure.PublicationStudyClosureTests) ... ok
unit-tests	Run python scripts/run-unit-tests	2026-09-23T11:54:21.9785597Z test_literal_rules_preserve_null_specification_and_inconclusive_results (test_declaration_validation_publication_study_closure.PublicationStudyClosureTests) ... ok
unit-tests	Run python scripts/run-unit-tests	2026-09-23T11:54:26.6203949Z test_phase_appropriate_study_validates (test_declaration_validation_publication_study_closure.PublicationStudyClosureTests) ... ok
unit-tests	Run python scripts/run-unit-tests	2026-09-23T11:54:32.6889219Z test_real_study_transition_uses_old_validator_and_facts (test_declaration_validation_publication_study_closure.PublicationStudyClosureTests) ... ok
unit-tests	Run python scripts/run-unit-tests	2026-09-23T11:54:32.7645850Z test_registered_strong_positive_has_priority_over_specification_gap (test_declaration_validation_publication_study_closure.PublicationStudyClosureTests) ... ok
unit-tests	Run python scripts/run-unit-tests	2026-09-23T11:54:32.7647884Z test_infer_checks_nested_binder_scope_and_types_on_synthetic_ast (test_declaration_validation_publication_study_gate_10.Gate10ConstructionMathTests) ... ok
unit-tests	Run python scripts/run-unit-tests	2026-09-23T11:54:32.7649682Z test_infer_rejects_loose_variable_and_non_sort_binder_domain (test_declaration_validation_publication_study_gate_10.Gate10ConstructionMathTests) ... ok
unit-tests	Run python scripts/run-unit-tests	2026-09-23T11:54:32.7651453Z test_shift_preserves_bound_variables_and_shifts_outer_variables (test_declaration_validation_publication_study_gate_10.Gate10ConstructionMathTests) ... ok
unit-tests	Run python scripts/run-unit-tests	2026-09-23T11:54:32.7653305Z test_exact_named_nanoda_diagnostic_is_attributed_rejection (test_declaration_validation_publication_study_gate_10.Gate10NormalizationTests) ... ok
unit-tests	Run python scripts/run-unit-tests	2026-09-23T11:54:32.7655728Z test_timeout_crash_and_unknown_are_preserved_as_exceptional_outcomes (test_declaration_validation_publication_study_gate_10.Gate10NormalizationTests) ... ok
unit-tests	Run python scripts/run-unit-tests	2026-09-23T11:54:32.7657095Z test_zero_declaration_success_is_not_attributed_acceptance (test_declaration_validation_publication_study_gate_10.Gate10NormalizationTests) ... ok
unit-tests	Run python scripts/run-unit-tests	2026-09-23T11:54:32.7710681Z test_mutable_gate9_protocol_bytes_are_rejected (test_declaration_validation_publication_study_gate_10.Gate10ProtocolInputTests) ... ok
unit-tests	Run python scripts/run-unit-tests	2026-09-23T11:54:32.8552442Z test_protocol_inputs_validates_against_historical_gate9_bytes (test_declaration_validation_publication_study_gate_10.Gate10ProtocolInputTests) ... ok
unit-tests	Run python scripts/run-unit-tests	2026-09-23T11:54:33.0560686Z test_actual_result_validates (test_declaration_validation_publication_study_gate_10.Gate10ResultValidationTests) ... ok
unit-tests	Run python scripts/run-unit-tests	2026-09-23T11:54:33.1555146Z test_control_expression_tampering_is_rejected (test_declaration_validation_publication_study_gate_10.Gate10ResultValidationTests) ... ok
unit-tests	Run python scripts/run-unit-tests	2026-09-23T11:54:33.2432908Z test_control_typing_and_exact_constructor_are_both_enforced (test_declaration_validation_publication_study_gate_10.Gate10ResultValidationTests) ... ok
unit-tests	Run python scripts/run-unit-tests	2026-09-23T11:54:33.9991732Z test_count_status_isolation_and_attributed_outcome_tampering_rejected (test_declaration_validation_publication_study_gate_10.Gate10ResultValidationTests) ... ok
unit-tests	Run python scripts/run-unit-tests	2026-09-23T11:54:34.1830884Z test_raw_process_blob_tampering_is_rejected (test_declaration_validation_publication_study_gate_10.Gate10ResultValidationTests) ... ok
unit-tests	Run python scripts/run-unit-tests	2026-09-23T11:54:34.3716877Z test_unrelated_successor_current_state_does_not_rebind_gate8_or_gate9 (test_declaration_validation_publication_study_gate_10.Gate10ResultValidationTests) ... ok
unit-tests	Run python scripts/run-unit-tests	2026-09-23T11:54:34.3843046Z test_failed_construction_consumes_pair_and_cannot_retry (test_declaration_validation_publication_study_gate_10.Gate10SyntheticLifecycleTests) ... ok
unit-tests	Run python scripts/run-unit-tests	2026-09-23T11:54:34.4104589Z test_two_phase_freeze_and_eight_launch_integration (test_declaration_validation_publication_study_gate_10.Gate10SyntheticLifecycleTests) ... ok
unit-tests	Run python scripts/run-unit-tests	2026-09-23T11:54:34.4817225Z test_actual_plan_validates_against_immutable_inputs (test_declaration_validation_publication_study_gate_9.Gate9PublicationStudyTests) ... ok
unit-tests	Run python scripts/run-unit-tests	2026-09-23T11:54:34.5104319Z test_full_chain_refuses_mutable_validator_before_import (test_declaration_validation_publication_study_gate_9.Gate9PublicationStudyTests) ... ok
unit-tests	Run python scripts/run-unit-tests	2026-09-23T11:54:34.7187771Z test_rejects_budget_expansion (test_declaration_validation_publication_study_gate_9.Gate9PublicationStudyTests) ... ok
unit-tests	Run python scripts/run-unit-tests	2026-09-23T11:54:34.7926882Z test_rejects_execution_expansion (test_declaration_validation_publication_study_gate_9.Gate9PublicationStudyTests) ... ok
unit-tests	Run python scripts/run-unit-tests	2026-09-23T11:54:34.8607176Z test_rejects_missing_competing_obligation (test_declaration_validation_publication_study_gate_9.Gate9PublicationStudyTests) ... ok
unit-tests	Run python scripts/run-unit-tests	2026-09-23T11:54:35.0644157Z test_rejects_target_substitution_or_semantic_change (test_declaration_validation_publication_study_gate_9.Gate9PublicationStudyTests) ... ok
unit-tests	Run python scripts/run-unit-tests	2026-09-23T11:54:35.1360235Z test_rejects_unregistered_seed_and_early_feedback (test_declaration_validation_publication_study_gate_9.Gate9PublicationStudyTests) ... ok
unit-tests	Run python scripts/run-unit-tests	2026-09-23T11:54:35.2236574Z test_rejects_weakened_control (test_declaration_validation_publication_study_gate_9.Gate9PublicationStudyTests) ... ok
unit-tests	Run python scripts/run-unit-tests	2026-09-23T11:54:35.3253202Z test_rejects_wrong_predecessor_bindings (test_declaration_validation_publication_study_gate_9.Gate9PublicationStudyTests) ... ok
unit-tests	Run python scripts/run-unit-tests	2026-09-23T11:54:35.3544754Z test_schema_is_valid (test_declaration_validation_publication_study_gate_9.Gate9PublicationStudyTests) ... ok
unit-tests	Run python scripts/run-unit-tests	2026-09-23T11:54:35.4352803Z test_successor_changes_do_not_rebind_historical_gate8 (test_declaration_validation_publication_study_gate_9.Gate9PublicationStudyTests) ... ok
unit-tests	Run python scripts/run-unit-tests	2026-09-23T11:54:35.4353902Z 
unit-tests	Run python scripts/run-unit-tests	2026-09-23T11:54:35.4354188Z ----------------------------------------------------------------------
unit-tests	Run python scripts/run-unit-tests	2026-09-23T11:54:35.4355235Z Ran 73 tests in 26.439s
unit-tests	Run python scripts/run-unit-tests	2026-09-23T11:54:35.4355689Z 
unit-tests	Run python scripts/run-unit-tests	2026-09-23T11:54:35.4355837Z OK (skipped=1)
unit-tests	Run python scripts/run-unit-tests	2026-09-23T11:54:38.1426338Z test_complete_closure_passes (test_nanoda_zero_thread_upstream_closure.NanodaZeroThreadUpstreamClosureTests) ... ok
unit-tests	Run python scripts/run-unit-tests	2026-09-23T11:54:38.1621124Z test_retained_source_routes_zero_serially (test_nanoda_zero_thread_upstream_closure.NanodaZeroThreadUpstreamClosureTests) ... ok
unit-tests	Run python scripts/run-unit-tests	2026-09-23T11:54:38.1865166Z test_current_checkpoint (test_survivor_cache_predicate_transfer.SurvivorCachePredicateTransferTest) ... ok
unit-tests	Run python scripts/run-unit-tests	2026-09-23T11:54:38.2282537Z test_historical_transition (test_survivor_cache_predicate_transfer.SurvivorCachePredicateTransferTest) ... ok
unit-tests	Run python scripts/run-unit-tests	2026-09-23T11:54:38.5648662Z test_frozen_regression_survives_readiness_closure (test_survivor_thread_config_regression_historical.SurvivorThreadConfigRegressionHistoricalTests) ... ok
unit-tests	Run python scripts/run-unit-tests	2026-09-23T11:54:38.5862497Z test_current_reachability_result_validates (test_survivor_universe_diff.RepositoryEvidenceTests) ... ok
unit-tests	Run python scripts/run-unit-tests	2026-09-23T11:54:38.5868678Z test_missing_root_fails_closed (test_survivor_universe_diff.RepositoryEvidenceTests) ... ok
unit-tests	Run python scripts/run-unit-tests	2026-09-23T11:54:38.5869734Z test_ordered_accepts_sequence (test_survivor_universe_diff.SourceOrderTests) ... ok
unit-tests	Run python scripts/run-unit-tests	2026-09-23T11:54:38.5871583Z test_ordered_rejects_missing_or_reordered_fragment (test_survivor_universe_diff.SourceOrderTests) ... ok
unit-tests	Run python scripts/run-unit-tests	2026-09-23T11:54:38.5872308Z 
unit-tests	Run python scripts/run-unit-tests	2026-09-23T11:54:38.5872560Z ----------------------------------------------------------------------
unit-tests	Run python scripts/run-unit-tests	2026-09-23T11:54:38.5873132Z Ran 9 tests in 0.617s
unit-tests	Run python scripts/run-unit-tests	2026-09-23T11:54:38.5873358Z 
unit-tests	Run python scripts/run-unit-tests	2026-09-23T11:54:38.5873493Z OK
unit-tests	Post Run actions/setup-python@v5	﻿2026-09-23T11:54:38.8744066Z Node 20 is being deprecated. This workflow is running with Node 24 by default. If you need to temporarily use Node 20, you can set the ACTIONS_ALLOW_USE_UNSECURE_NODE_VERSION=true environment variable. For more information see: https://github.blog/changelog/2025-09-19-deprecation-of-node-20-on-github-actions-runners/
unit-tests	Post Run actions/setup-python@v5	2026-09-23T11:54:38.8745343Z Post job cleanup.
unit-tests	Post Run actions/setup-python@v5	2026-09-23T11:54:38.9944184Z Cache hit occurred on the primary key setup-python-Linux-x64-24.04-Ubuntu-python-3.10.21-pip-dedc86d00a24185b75a0ec0de416f2fb596a62955108acd3ebc5e679d1c0a737, not saving cache.
unit-tests	Post Run actions/setup-python@v5	2026-09-23T11:54:38.9946783Z (node:33091) [DEP0040] DeprecationWarning: The `punycode` module is deprecated. Please use a userland alternative instead.
unit-tests	Post Run actions/setup-python@v5	2026-09-23T11:54:38.9948253Z (Use `node --trace-deprecation ...` to show where the warning was created)
unit-tests	Post Run actions/checkout@v4	﻿2026-09-23T11:54:39.0102549Z Node 20 is being deprecated. This workflow is running with Node 24 by default. If you need to temporarily use Node 20, you can set the ACTIONS_ALLOW_USE_UNSECURE_NODE_VERSION=true environment variable. For more information see: https://github.blog/changelog/2025-09-19-deprecation-of-node-20-on-github-actions-runners/
unit-tests	Post Run actions/checkout@v4	2026-09-23T11:54:39.0103795Z Post job cleanup.
unit-tests	Post Run actions/checkout@v4	2026-09-23T11:54:39.0978507Z [command]/usr/bin/git version
unit-tests	Post Run actions/checkout@v4	2026-09-23T11:54:39.1027663Z git version 2.55.0
unit-tests	Post Run actions/checkout@v4	2026-09-23T11:54:39.1069056Z Temporarily overriding HOME='/home/runner/work/_temp/f7e231e6-4427-4d6f-baf8-9f3569ebe355' before making global git config changes
unit-tests	Post Run actions/checkout@v4	2026-09-23T11:54:39.1070823Z Adding repository directory to the temporary git global config as a safe directory
unit-tests	Post Run actions/checkout@v4	2026-09-23T11:54:39.1075994Z [command]/usr/bin/git config --global --add safe.directory /home/runner/work/lean-assurance-lab/lean-assurance-lab
unit-tests	Post Run actions/checkout@v4	2026-09-23T11:54:39.1121517Z [command]/usr/bin/git config --local --name-only --get-regexp core\.sshCommand
unit-tests	Post Run actions/checkout@v4	2026-09-23T11:54:39.1162385Z [command]/usr/bin/git submodule foreach --recursive sh -c "git config --local --name-only --get-regexp 'core\.sshCommand' && git config --local --unset-all 'core.sshCommand' || :"
unit-tests	Post Run actions/checkout@v4	2026-09-23T11:54:39.1461679Z [command]/usr/bin/git config --local --name-only --get-regexp http\.https\:\/\/github\.com\/\.extraheader
unit-tests	Post Run actions/checkout@v4	2026-09-23T11:54:39.1488384Z http.https://github.com/.extraheader
unit-tests	Post Run actions/checkout@v4	2026-09-23T11:54:39.1501910Z [command]/usr/bin/git config --local --unset-all http.https://github.com/.extraheader
unit-tests	Post Run actions/checkout@v4	2026-09-23T11:54:39.1540135Z [command]/usr/bin/git submodule foreach --recursive sh -c "git config --local --name-only --get-regexp 'http\.https\:\/\/github\.com\/\.extraheader' && git config --local --unset-all 'http.https://github.com/.extraheader' || :"
unit-tests	Post Run actions/checkout@v4	2026-09-23T11:54:39.1854048Z [command]/usr/bin/git config --local --name-only --get-regexp ^includeIf\.gitdir:
unit-tests	Post Run actions/checkout@v4	2026-09-23T11:54:39.1893138Z [command]/usr/bin/git submodule foreach --recursive git config --local --show-origin --name-only --get-regexp remote.origin.url
unit-tests	Complete job	﻿2026-09-23T11:54:39.2337271Z Cleaning up orphan processes
unit-tests	Complete job	2026-09-23T11:54:39.2746308Z ##[warning]Node.js 20 is deprecated. The following actions target Node.js 20 but are being forced to run on Node.js 24: actions/checkout@v4, actions/setup-python@v5. For more information see: https://github.blog/changelog/2025-09-19-deprecation-of-node-20-on-github-actions-runners/
