make: Entering directory '/workspace/shared/lean4-pr15373-parent/build/release'
[  4%] Creating directories for 'cadical'
[  8%] Performing download step (git clone) for 'cadical'
[ 12%] Performing update step for 'cadical'
-- Already at requested tag: rel-2.1.2
[ 16%] No patch step for 'cadical'
[ 20%] No configure step for 'cadical'
[ 25%] Performing build step for 'cadical'
[ 29%] No install step for 'cadical'
[ 33%] Completed 'cadical'
[ 33%] Built target cadical
[ 37%] Creating directories for 'stage0'
[ 41%] No download step for 'stage0'
[ 45%] No update step for 'stage0'
[ 50%] No patch step for 'stage0'
[ 54%] Performing configure step for 'stage0'
-- The CXX compiler identification is GNU 14.2.0
-- The C compiler identification is GNU 14.2.0
-- Detecting CXX compiler ABI info
-- Detecting CXX compiler ABI info - done
-- Check for working CXX compiler: /usr/bin/c++ - skipped
-- Detecting CXX compile features
-- Detecting CXX compile features - done
-- Detecting C compiler ABI info
-- Detecting C compiler ABI info - done
-- Check for working C compiler: /usr/bin/cc - skipped
-- Detecting C compile features
-- Detecting C compile features - done
-- No build type selected, default to Release
-- 64-bit machine detected
-- Found PkgConfig: /usr/bin/pkg-config (found version "1.8.1")
-- Checking for one of the modules 'libuv'
-- LIBUV_LDFLAGS: -L/workspace/shared/lean-deps/lib-luv-lpthread-ldl-lrt-lm
-- LIBUV_INCLUDE_DIRS: /workspace/shared/lean-deps/include
-- Found LibUV: TRUE (found suitable version "1.51.0", minimum required is "1.0.0")
-- Found OpenSSL: /usr/lib/x86_64-linux-gnu/libcrypto.so (found suitable version "3.5.7", minimum required is "3") found components: Crypto SSL
-- stage0 sha1: 50b82bfaa1ae04ca43295a0a6b01ac02a30f3346
-- Configuring done (0.4s)
-- Generating done (0.1s)
-- Build files have been written to: /workspace/shared/lean4-pr15373-parent/build/release/stage0
[ 58%] Performing build step for 'stage0'
[  1%] Building CXX object shell/CMakeFiles/leanmain.dir/lean.cpp.o
[  1%] Building CXX object runtime/CMakeFiles/mimalloc_initial-exec.dir/mimalloc.cpp.o
[  1%] Built target lean-headers
[  1%] Built target copy-leantar
[  2%] Building CXX object runtime/CMakeFiles/mimalloc_local-exec.dir/mimalloc.cpp.o
[  2%] Building C object shell/CMakeFiles/leanmanifest.dir/__/temp/empty.c.o
[  3%] Linking CXX static library ../lib/temp/libleanmain.a
[  5%] Linking C static library ../lib/lean/libleanmanifest.a
[  5%] Built target leanmain
[  5%] Built target leanmanifest
[  5%] Building CXX object initialize/CMakeFiles/initialize.dir/init.cpp.o
[  6%] Building CXX object CMakeFiles/leanshell.dir/util/shell.cpp.o
[  6%] Built target initialize
[  7%] Building CXX object library/constructions/CMakeFiles/constructions.dir/cases_on.cpp.o
[  7%] Linking CXX static library lib/temp/libleanshell.a
[  7%] Built target leanshell
[  7%] Building CXX object util/CMakeFiles/util.dir/name.cpp.o
[  8%] Building CXX object util/CMakeFiles/util.dir/name_set.cpp.o
[  8%] Building CXX object library/constructions/CMakeFiles/constructions.dir/init_module.cpp.o
[  8%] Built target mimalloc_initial-exec
[  8%] Building CXX object kernel/CMakeFiles/kernel.dir/level.cpp.o
[  8%] Built target mimalloc_local-exec
[ 10%] Building CXX object library/CMakeFiles/library.dir/expr_lt.cpp.o
[ 10%] Building CXX object util/CMakeFiles/util.dir/escaped.cpp.o
[ 11%] Building CXX object library/constructions/CMakeFiles/constructions.dir/util.cpp.o
[ 12%] Building CXX object util/CMakeFiles/util.dir/ascii.cpp.o
[ 14%] Building CXX object util/CMakeFiles/util.dir/lbool.cpp.o
[ 14%] Building CXX object util/CMakeFiles/util.dir/init_module.cpp.o
[ 15%] Building CXX object library/CMakeFiles/library.dir/bin_app.cpp.o
[ 16%] Building CXX object util/CMakeFiles/util.dir/list_fn.cpp.o
[ 16%] Built target constructions
[    ] Building /workspace/shared/lean4-pr15373-parent/stage0/src/../stdlib//Init/Ext.c
[    ] Building /workspace/shared/lean4-pr15373-parent/stage0/src/../stdlib//Init/TacticsExtra.c
[ 17%] Building CXX object kernel/CMakeFiles/kernel.dir/expr.cpp.o
[ 17%] Building CXX object library/CMakeFiles/library.dir/constants.cpp.o
[    ] Building /workspace/shared/lean4-pr15373-parent/stage0/src/../stdlib//Init/NotationExtra.c
[ 17%] Building CXX object util/CMakeFiles/util.dir/timeit.cpp.o
[ 19%] Building CXX object library/CMakeFiles/library.dir/module.cpp.o
[ 20%] Building CXX object util/CMakeFiles/util.dir/timer.cpp.o
[ 20%] Building CXX object kernel/CMakeFiles/kernel.dir/expr_eq_fn.cpp.o
[ 21%] Building CXX object util/CMakeFiles/util.dir/name_generator.cpp.o
[    ] Building /workspace/shared/lean4-pr15373-parent/stage0/src/../stdlib//Init/GrindInstances/Ring.c
[    ] Building /workspace/shared/lean4-pr15373-parent/stage0/src/../stdlib//Init/GrindInstances/Nat.c
[    ] Building /workspace/shared/lean4-pr15373-parent/stage0/src/../stdlib//Init/GrindInstances/Ring/BitVec.c
[    ] Building /workspace/shared/lean4-pr15373-parent/stage0/src/../stdlib//Init/GrindInstances/Ring/Nat.c
[    ] Building /workspace/shared/lean4-pr15373-parent/stage0/src/../stdlib//Init/GrindInstances/Ring/Fin.c
[ 23%] Building CXX object kernel/CMakeFiles/kernel.dir/for_each_fn.cpp.o
[ 23%] Building CXX object library/CMakeFiles/library.dir/dynlib.cpp.o
[    ] Building /workspace/shared/lean4-pr15373-parent/stage0/src/../stdlib//Init/GrindInstances/Ring/Rat.c
[    ] Building /workspace/shared/lean4-pr15373-parent/stage0/src/../stdlib//Init/GrindInstances/Ring/Int.c
[    ] Building /workspace/shared/lean4-pr15373-parent/stage0/src/../stdlib//Init/GrindInstances/Ring/SInt.c
[    ] Building /workspace/shared/lean4-pr15373-parent/stage0/src/../stdlib//Init/GrindInstances/Ring/UInt.c
[    ] Building /workspace/shared/lean4-pr15373-parent/stage0/src/../stdlib//Init/WFTactics.c
[ 24%] Building CXX object library/CMakeFiles/library.dir/num.cpp.o
[ 24%] Building CXX object util/CMakeFiles/util.dir/kvmap.cpp.o
[    ] Building /workspace/shared/lean4-pr15373-parent/stage0/src/../stdlib//Init/ShareCommon.c
[    ] Building /workspace/shared/lean4-pr15373-parent/stage0/src/../stdlib//Init/SizeOf.c
[    ] Building /workspace/shared/lean4-pr15373-parent/stage0/src/../stdlib//Init/Sym.c
[    ] Building /workspace/shared/lean4-pr15373-parent/stage0/src/../stdlib//Init/While.c
[    ] Building /workspace/shared/lean4-pr15373-parent/stage0/src/../stdlib//Init/Simproc.c
[ 25%] Building CXX object util/CMakeFiles/util.dir/map_foreach.cpp.o
[ 26%] Building CXX object library/CMakeFiles/library.dir/util.cpp.o
[ 26%] Building CXX object util/CMakeFiles/util.dir/options.cpp.o
[ 26%] Building CXX object kernel/CMakeFiles/kernel.dir/replace_fn.cpp.o
[    ] Building /workspace/shared/lean4-pr15373-parent/stage0/src/../stdlib//Init/Omega.c
[    ] Building /workspace/shared/lean4-pr15373-parent/stage0/src/../stdlib//Init/LetFun.c
[    ] Building /workspace/shared/lean4-pr15373-parent/stage0/src/../stdlib//Init/ByCases.c
[    ] Building /workspace/shared/lean4-pr15373-parent/stage0/src/../stdlib//Init/Internal.c
[    ] Building /workspace/shared/lean4-pr15373-parent/stage0/src/../stdlib//Init/PropLemmas.c
[    ] Building /workspace/shared/lean4-pr15373-parent/stage0/src/../stdlib//Init/GetElem.c
[ 28%] Building CXX object util/CMakeFiles/util.dir/option_declarations.cpp.o
[    ] Building /workspace/shared/lean4-pr15373-parent/stage0/src/../stdlib//Init/MacroTrace.c
[    ] Building /workspace/shared/lean4-pr15373-parent/stage0/src/../stdlib//Init/Try.c
[    ] Building /workspace/shared/lean4-pr15373-parent/stage0/src/../stdlib//Init/Syntax.c
[ 29%] Building CXX object kernel/CMakeFiles/kernel.dir/abstract.cpp.o
[    ] Building /workspace/shared/lean4-pr15373-parent/stage0/src/../stdlib//Init/Sym/Lemmas.c
[    ] Building /workspace/shared/lean4-pr15373-parent/stage0/src/../stdlib//Init/Sym/Simp/SimprocDSL.c
[    ] Building /workspace/shared/lean4-pr15373-parent/stage0/src/../stdlib//Init/Sym/DSimp/DSimprocDSL.c
[    ] Building /workspace/shared/lean4-pr15373-parent/stage0/src/../stdlib//Init/SimpLemmas.c
[    ] Building /workspace/shared/lean4-pr15373-parent/stage0/src/../stdlib//Init/CbvSimproc.c
[ 29%] Building CXX object library/CMakeFiles/library.dir/print.cpp.o
[    ] Building /workspace/shared/lean4-pr15373-parent/stage0/src/../stdlib//Init/Notation.c
[ 30%] Building CXX object util/CMakeFiles/util.dir/ffi.cpp.o
[ 32%] Building CXX object kernel/CMakeFiles/kernel.dir/instantiate.cpp.o
[ 32%] Built target util
[ 32%] Building CXX object runtime/CMakeFiles/leanrt_initial-exec.dir/debug.cpp.o
[ 33%] Building CXX object library/CMakeFiles/library.dir/init_module.cpp.o
[ 34%] Building CXX object runtime/CMakeFiles/leanrt_initial-exec.dir/thread.cpp.o
[ 34%] Building CXX object kernel/CMakeFiles/kernel.dir/local_ctx.cpp.o
[ 34%] Building CXX object library/CMakeFiles/library.dir/profiling.cpp.o
[ 34%] Building CXX object runtime/CMakeFiles/leanrt_initial-exec.dir/mpz.cpp.o
[    ] Building /workspace/shared/lean4-pr15373-parent/stage0/src/../stdlib//Init/Dynamic.c
[    ] Building /workspace/shared/lean4-pr15373-parent/stage0/src/../stdlib//Init/Hints.c
[    ] Building /workspace/shared/lean4-pr15373-parent/stage0/src/../stdlib//Init/Coe.c
[    ] Building /workspace/shared/lean4-pr15373-parent/stage0/src/../stdlib//Init/LawfulBEqTactics.c
[ 35%] Building CXX object kernel/CMakeFiles/kernel.dir/declaration.cpp.o
[    ] Building /workspace/shared/lean4-pr15373-parent/stage0/src/../stdlib//Init/BinderPredicates.c
[ 37%] Building CXX object library/CMakeFiles/library.dir/time_task.cpp.o
[    ] Building /workspace/shared/lean4-pr15373-parent/stage0/src/../stdlib//Init/Data.c
[    ] Building /workspace/shared/lean4-pr15373-parent/stage0/src/../stdlib//Init/Grind/Annotated.c
[    ] Building /workspace/shared/lean4-pr15373-parent/stage0/src/../stdlib//Init/Grind/ToInt.c
[    ] Building /workspace/shared/lean4-pr15373-parent/stage0/src/../stdlib//Init/Grind/Ext.c
[ 38%] Building CXX object runtime/CMakeFiles/leanrt_initial-exec.dir/utf8.cpp.o
[    ] Building /workspace/shared/lean4-pr15373-parent/stage0/src/../stdlib//Init/Grind/Ring.c
[    ] Building /workspace/shared/lean4-pr15373-parent/stage0/src/../stdlib//Init/Grind/Propagator.c
[    ] Building /workspace/shared/lean4-pr15373-parent/stage0/src/../stdlib//Init/Grind/Lemmas.c
[    ] Building /workspace/shared/lean4-pr15373-parent/stage0/src/../stdlib//Init/Grind/Norm.c
[    ] Building /workspace/shared/lean4-pr15373-parent/stage0/src/../stdlib//Init/Grind/Ordered/Ring.c
[    ] Building /workspace/shared/lean4-pr15373-parent/stage0/src/../stdlib//Init/Grind/Ordered/Linarith.c
[ 39%] Building CXX object runtime/CMakeFiles/leanrt_initial-exec.dir/object.cpp.o
[ 41%] Building CXX object library/CMakeFiles/library.dir/formatter.cpp.o
[ 41%] Building CXX object kernel/CMakeFiles/kernel.dir/environment.cpp.o
[    ] Building /workspace/shared/lean4-pr15373-parent/stage0/src/../stdlib//Init/Grind/Ordered/Order.c
[    ] Building /workspace/shared/lean4-pr15373-parent/stage0/src/../stdlib//Init/Grind/Ordered/Field.c
[    ] Building /workspace/shared/lean4-pr15373-parent/stage0/src/../stdlib//Init/Grind/Ordered/Rat.c
[ 41%] Building CXX object library/CMakeFiles/library.dir/elab_environment.cpp.o
[    ] Building /workspace/shared/lean4-pr15373-parent/stage0/src/../stdlib//Init/Grind/Ordered/Module.c
[    ] Building /workspace/shared/lean4-pr15373-parent/stage0/src/../stdlib//Init/Grind/Ordered/Int.c
[    ] Building /workspace/shared/lean4-pr15373-parent/stage0/src/../stdlib//Init/Grind/Config.c
[    ] Building /workspace/shared/lean4-pr15373-parent/stage0/src/../stdlib//Init/Grind/Injective.c
[    ] Building /workspace/shared/lean4-pr15373-parent/stage0/src/../stdlib//Init/Grind/Module/Basic.c
[    ] Building /workspace/shared/lean4-pr15373-parent/stage0/src/../stdlib//Init/Grind/Module/Envelope.c
[    ] Building /workspace/shared/lean4-pr15373-parent/stage0/src/../stdlib//Init/Grind/Module/NatModuleNorm.c
[ 42%] Building CXX object kernel/CMakeFiles/kernel.dir/type_checker.cpp.o
[    ] Building /workspace/shared/lean4-pr15373-parent/stage0/src/../stdlib//Init/Grind/Module/OfNatModule.c
[    ] Building /workspace/shared/lean4-pr15373-parent/stage0/src/../stdlib//Init/Grind/Order.c
[    ] Building /workspace/shared/lean4-pr15373-parent/stage0/src/../stdlib//Init/Grind/Homo.c
[    ] Building /workspace/shared/lean4-pr15373-parent/stage0/src/../stdlib//Init/Grind/Offset.c
[    ] Building /workspace/shared/lean4-pr15373-parent/stage0/src/../stdlib//Init/Grind/Interactive.c
[ 42%] Building CXX object runtime/CMakeFiles/leanrt_initial-exec.dir/apply.cpp.o
[ 43%] Building CXX object library/CMakeFiles/library.dir/init_attribute.cpp.o
[    ] Building /workspace/shared/lean4-pr15373-parent/stage0/src/../stdlib//Init/Grind/Util.c
[    ] Building /workspace/shared/lean4-pr15373-parent/stage0/src/../stdlib//Init/Grind/Module.c
[    ] Building /workspace/shared/lean4-pr15373-parent/stage0/src/../stdlib//Init/Grind/Attr.c
[    ] Building /workspace/shared/lean4-pr15373-parent/stage0/src/../stdlib//Init/Grind/Ordered.c
[    ] Building /workspace/shared/lean4-pr15373-parent/stage0/src/../stdlib//Init/Grind/AC.c
[ 43%] Building CXX object library/CMakeFiles/library.dir/llvm.cpp.o
[    ] Building /workspace/shared/lean4-pr15373-parent/stage0/src/../stdlib//Init/Grind/FieldNormNum.c
[    ] Building /workspace/shared/lean4-pr15373-parent/stage0/src/../stdlib//Init/Grind/Cases.c
[    ] Building /workspace/shared/lean4-pr15373-parent/stage0/src/../stdlib//Init/Grind/PP.c
[    ] Building /workspace/shared/lean4-pr15373-parent/stage0/src/../stdlib//Init/Grind/Lint.c
[    ] Building /workspace/shared/lean4-pr15373-parent/stage0/src/../stdlib//Init/Grind/Homo/Int8.c
[    ] Building /workspace/shared/lean4-pr15373-parent/stage0/src/../stdlib//Init/Grind/Homo/BitVec.c
[    ] Building /workspace/shared/lean4-pr15373-parent/stage0/src/../stdlib//Init/Grind/Homo/UInt16.c
[    ] Building /workspace/shared/lean4-pr15373-parent/stage0/src/../stdlib//Init/Grind/Homo/Fin.c
[    ] Building /workspace/shared/lean4-pr15373-parent/stage0/src/../stdlib//Init/Grind/Homo/Int64.c
[    ] Building /workspace/shared/lean4-pr15373-parent/stage0/src/../stdlib//Init/Grind/Homo/USize.c
[ 44%] Building CXX object library/CMakeFiles/library.dir/ir_interpreter.cpp.o
[    ] Building /workspace/shared/lean4-pr15373-parent/stage0/src/../stdlib//Init/Grind/Homo/Extra.c
[    ] Building /workspace/shared/lean4-pr15373-parent/stage0/src/../stdlib//Init/Grind/Homo/UInt8.c
[    ] Building /workspace/shared/lean4-pr15373-parent/stage0/src/../stdlib//Init/Grind/Homo/Int16.c
[    ] Building /workspace/shared/lean4-pr15373-parent/stage0/src/../stdlib//Init/Grind/Homo/ISize.c
[    ] Building /workspace/shared/lean4-pr15373-parent/stage0/src/../stdlib//Init/Grind/Homo/Int32.c
[    ] Building /workspace/shared/lean4-pr15373-parent/stage0/src/../stdlib//Init/Grind/Homo/UInt64.c
[ 46%] Building CXX object kernel/CMakeFiles/kernel.dir/init_module.cpp.o
[    ] Building /workspace/shared/lean4-pr15373-parent/stage0/src/../stdlib//Init/Grind/Homo/UInt32.c
[ 47%] Building CXX object runtime/CMakeFiles/leanrt_initial-exec.dir/exception.cpp.o
[    ] Building /workspace/shared/lean4-pr15373-parent/stage0/src/../stdlib//Init/Grind/Tactics.c
[    ] Building /workspace/shared/lean4-pr15373-parent/stage0/src/../stdlib//Init/Grind/Ring/Basic.c
[    ] Building /workspace/shared/lean4-pr15373-parent/stage0/src/../stdlib//Init/Grind/Ring/CommSemiringAdapter.c
[ 47%] Building CXX object kernel/CMakeFiles/kernel.dir/expr_cache.cpp.o
[ 47%] Building CXX object runtime/CMakeFiles/leanrt_initial-exec.dir/interrupt.cpp.o
[    ] Building /workspace/shared/lean4-pr15373-parent/stage0/src/../stdlib//Init/Grind/Ring/Envelope.c
[    ] Building /workspace/shared/lean4-pr15373-parent/stage0/src/../stdlib//Init/Grind/Ring/Field.c
[    ] Building /workspace/shared/lean4-pr15373-parent/stage0/src/../stdlib//Init/Grind/Ring/OfScientific.c
[    ] Building /workspace/shared/lean4-pr15373-parent/stage0/src/../stdlib//Init/Grind/Ring/CommSolver.c
[ 48%] Building CXX object kernel/CMakeFiles/kernel.dir/quot.cpp.o
[ 50%] Building CXX object runtime/CMakeFiles/leanrt_initial-exec.dir/memory.cpp.o
[ 51%] Building CXX object library/CMakeFiles/library.dir/instantiate_mvars.cpp.o
[ 51%] Building CXX object runtime/CMakeFiles/leanrt_initial-exec.dir/stackinfo.cpp.o
[ 51%] Building CXX object kernel/CMakeFiles/kernel.dir/inductive.cpp.o
[ 52%] Building CXX object runtime/CMakeFiles/leanrt_initial-exec.dir/compact.cpp.o
[ 52%] Built target library
[ 52%] Building CXX object runtime/CMakeFiles/leanrt.dir/debug.cpp.o
[ 53%] Building CXX object runtime/CMakeFiles/leanrt.dir/thread.cpp.o
[ 55%] Building CXX object runtime/CMakeFiles/leanrt_initial-exec.dir/init_module.cpp.o
[    ] Building /workspace/shared/lean4-pr15373-parent/stage0/src/../stdlib//Init/Util.c
[    ] Building /workspace/shared/lean4-pr15373-parent/stage0/src/../stdlib//Init/System.c
[    ] Building /workspace/shared/lean4-pr15373-parent/stage0/src/../stdlib//Init/Meta.c
[ 56%] Building CXX object runtime/CMakeFiles/leanrt.dir/mpz.cpp.o
[ 56%] Building CXX object runtime/CMakeFiles/leanrt_initial-exec.dir/io.cpp.o
[    ] Building /workspace/shared/lean4-pr15373-parent/stage0/src/../stdlib//Init/MethodSpecsSimp.c
[    ] Building /workspace/shared/lean4-pr15373-parent/stage0/src/../stdlib//Init/Control.c
[    ] Building /workspace/shared/lean4-pr15373-parent/stage0/src/../stdlib//Init/Classical.c
[ 57%] Building CXX object kernel/CMakeFiles/kernel.dir/trace.cpp.o
[    ] Building /workspace/shared/lean4-pr15373-parent/stage0/src/../stdlib//Init/Grind.c
[    ] Building /workspace/shared/lean4-pr15373-parent/stage0/src/../stdlib//Init/Meta/Defs.c
[ 57%] Building CXX object runtime/CMakeFiles/leanrt.dir/utf8.cpp.o
[ 58%] Building CXX object runtime/CMakeFiles/leanrt_initial-exec.dir/hash.cpp.o
[ 60%] Building CXX object runtime/CMakeFiles/leanrt.dir/object.cpp.o
[ 60%] Built target kernel
[ 60%] Linking CXX static library lib/temp/libleaninitialize.a
[ 60%] Built target leaninitialize
[ 60%] Building CXX object runtime/CMakeFiles/leanrt_initial-exec.dir/byteslice.cpp.o
[ 61%] Building CXX object runtime/CMakeFiles/leanrt_initial-exec.dir/platform.cpp.o
[ 62%] Building CXX object runtime/CMakeFiles/leanrt_initial-exec.dir/alloc.cpp.o
[ 62%] Building CXX object runtime/CMakeFiles/leanrt_initial-exec.dir/allocprof.cpp.o
[ 64%] Building CXX object runtime/CMakeFiles/leanrt_initial-exec.dir/sharecommon.cpp.o
[ 64%] Building CXX object runtime/CMakeFiles/leanrt_initial-exec.dir/stack_overflow.cpp.o
[ 65%] Building CXX object runtime/CMakeFiles/leanrt_initial-exec.dir/process.cpp.o
[ 66%] Building CXX object runtime/CMakeFiles/leanrt_initial-exec.dir/object_ref.cpp.o
[ 66%] Building CXX object runtime/CMakeFiles/leanrt.dir/apply.cpp.o
[ 67%] Building CXX object runtime/CMakeFiles/leanrt.dir/exception.cpp.o
[ 67%] Building CXX object runtime/CMakeFiles/leanrt_initial-exec.dir/mpn.cpp.o
[    ] Building /workspace/shared/lean4-pr15373-parent/stage0/src/../stdlib//Init/Control/Basic.c
[    ] Building /workspace/shared/lean4-pr15373-parent/stage0/src/../stdlib//Init/Control/State.c
[ 69%] Building CXX object runtime/CMakeFiles/leanrt_initial-exec.dir/mutex.cpp.o
[    ] Building /workspace/shared/lean4-pr15373-parent/stage0/src/../stdlib//Init/Control/Id.c
[ 70%] Linking CXX static library lib/temp/libleancpp_1.a
[    ] Building /workspace/shared/lean4-pr15373-parent/stage0/src/../stdlib//Init/Control/Lawful.c
[ 70%] Built target leancpp_1
[ 70%] Building CXX object runtime/CMakeFiles/leanrt_initial-exec.dir/libuv.cpp.o
[    ] Building /workspace/shared/lean4-pr15373-parent/stage0/src/../stdlib//Init/Control/Do.c
[    ] Building /workspace/shared/lean4-pr15373-parent/stage0/src/../stdlib//Init/Control/Except.c
[ 71%] Building CXX object runtime/CMakeFiles/leanrt.dir/interrupt.cpp.o
[ 71%] Linking CXX static library lib/lean/libleancpp.a
[ 71%] Built target leancpp
[    ] Building /workspace/shared/lean4-pr15373-parent/stage0/src/../stdlib//Init/Control/MonadAttach.c
[ 73%] Building CXX object runtime/CMakeFiles/leanrt_initial-exec.dir/uv/net_addr.cpp.o
[    ] Building /workspace/shared/lean4-pr15373-parent/stage0/src/../stdlib//Init/Control/StateRef.c
[ 73%] Building CXX object runtime/CMakeFiles/leanrt.dir/memory.cpp.o
[    ] Building /workspace/shared/lean4-pr15373-parent/stage0/src/../stdlib//Init/Control/StateCps.c
[ 74%] Building CXX object runtime/CMakeFiles/leanrt_initial-exec.dir/uv/event_loop.cpp.o
[    ] Building /workspace/shared/lean4-pr15373-parent/stage0/src/../stdlib//Init/Control/ExceptCps.c
[ 75%] Building CXX object runtime/CMakeFiles/leanrt.dir/stackinfo.cpp.o
[    ] Building /workspace/shared/lean4-pr15373-parent/stage0/src/../stdlib//Init/Control/Reader.c
[    ] Building /workspace/shared/lean4-pr15373-parent/stage0/src/../stdlib//Init/Control/Option.c
[ 75%] Building CXX object runtime/CMakeFiles/leanrt_initial-exec.dir/uv/timer.cpp.o
[    ] Building /workspace/shared/lean4-pr15373-parent/stage0/src/../stdlib//Init/Control/Lawful/Basic.c
[    ] Building /workspace/shared/lean4-pr15373-parent/stage0/src/../stdlib//Init/Control/Lawful/Lemmas.c
[    ] Building /workspace/shared/lean4-pr15373-parent/stage0/src/../stdlib//Init/Control/Lawful/MonadAttach/Lemmas.c
[    ] Building /workspace/shared/lean4-pr15373-parent/stage0/src/../stdlib//Init/Control/Lawful/MonadAttach/Instances.c
[    ] Building /workspace/shared/lean4-pr15373-parent/stage0/src/../stdlib//Init/Control/Lawful/Instances.c
[    ] Building /workspace/shared/lean4-pr15373-parent/stage0/src/../stdlib//Init/Control/Lawful/MonadAttach.c
[    ] Building /workspace/shared/lean4-pr15373-parent/stage0/src/../stdlib//Init/Control/Lawful/MonadLift.c
[ 76%] Building CXX object runtime/CMakeFiles/leanrt_initial-exec.dir/uv/tcp.cpp.o
[    ] Building /workspace/shared/lean4-pr15373-parent/stage0/src/../stdlib//Init/Control/Lawful/MonadLift/Basic.c
[ 76%] Building CXX object runtime/CMakeFiles/leanrt_initial-exec.dir/uv/udp.cpp.o
[    ] Building /workspace/shared/lean4-pr15373-parent/stage0/src/../stdlib//Init/Control/Lawful/MonadLift/Lemmas.c
[ 76%] Building CXX object runtime/CMakeFiles/leanrt.dir/compact.cpp.o
[    ] Building /workspace/shared/lean4-pr15373-parent/stage0/src/../stdlib//Init/Control/Lawful/MonadLift/Instances.c
[    ] Building /workspace/shared/lean4-pr15373-parent/stage0/src/../stdlib//Init/Control/EState.c
[    ] Building /workspace/shared/lean4-pr15373-parent/stage0/src/../stdlib//Init/Core.c
[ 78%] Building CXX object runtime/CMakeFiles/leanrt_initial-exec.dir/uv/dns.cpp.o
[ 79%] Building CXX object runtime/CMakeFiles/leanrt.dir/init_module.cpp.o
[ 80%] Building CXX object runtime/CMakeFiles/leanrt_initial-exec.dir/uv/system.cpp.o
[ 82%] Building CXX object runtime/CMakeFiles/leanrt.dir/io.cpp.o
[ 82%] Building CXX object runtime/CMakeFiles/leanrt_initial-exec.dir/uv/signal.cpp.o
[    ] Building /workspace/shared/lean4-pr15373-parent/stage0/src/../stdlib//Init/System/IO.c
[ 82%] Building CXX object runtime/CMakeFiles/leanrt.dir/hash.cpp.o
[ 83%] Building CXX object runtime/CMakeFiles/leanrt.dir/byteslice.cpp.o
[ 84%] Building CXX object runtime/CMakeFiles/leanrt_initial-exec.dir/openssl.cpp.o
[ 84%] Linking CXX static library libleanrt_initial-exec.a
[ 84%] Built target leanrt_initial-exec
[    ] Building /workspace/shared/lean4-pr15373-parent/stage0/src/../stdlib//Init/System/ST.c
[    ] Building /workspace/shared/lean4-pr15373-parent/stage0/src/../stdlib//Init/System/Uri.c
[ 84%] Building CXX object runtime/CMakeFiles/leanrt.dir/platform.cpp.o
[ 85%] Building CXX object runtime/CMakeFiles/leanrt.dir/alloc.cpp.o
[ 87%] Building CXX object runtime/CMakeFiles/leanrt.dir/allocprof.cpp.o
[    ] Building /workspace/shared/lean4-pr15373-parent/stage0/src/../stdlib//Init/System/CancelToken.c
[    ] Building /workspace/shared/lean4-pr15373-parent/stage0/src/../stdlib//Init/System/Platform.c
[    ] Building /workspace/shared/lean4-pr15373-parent/stage0/src/../stdlib//Init/System/Promise.c
[    ] Building /workspace/shared/lean4-pr15373-parent/stage0/src/../stdlib//Init/System/IOError.c
[ 87%] Building CXX object runtime/CMakeFiles/leanrt.dir/sharecommon.cpp.o
[ 88%] Building CXX object runtime/CMakeFiles/leanrt.dir/stack_overflow.cpp.o
[    ] Building /workspace/shared/lean4-pr15373-parent/stage0/src/../stdlib//Init/System/FilePath.c
[    ] Building /workspace/shared/lean4-pr15373-parent/stage0/src/../stdlib//Init/Omega/LinearCombo.c
[ 88%] Building CXX object runtime/CMakeFiles/leanrt.dir/process.cpp.o
[ 89%] Building CXX object runtime/CMakeFiles/leanrt.dir/object_ref.cpp.o
[    ] Building /workspace/shared/lean4-pr15373-parent/stage0/src/../stdlib//Init/Omega/Coeffs.c
[    ] Building /workspace/shared/lean4-pr15373-parent/stage0/src/../stdlib//Init/Omega/Int.c
[    ] Building /workspace/shared/lean4-pr15373-parent/stage0/src/../stdlib//Init/Omega/IntList.c
[    ] Building /workspace/shared/lean4-pr15373-parent/stage0/src/../stdlib//Init/Omega/Constraint.c
[ 89%] Building CXX object runtime/CMakeFiles/leanrt.dir/mpn.cpp.o
[    ] Building /workspace/shared/lean4-pr15373-parent/stage0/src/../stdlib//Init/Omega/Logic.c
[    ] Building /workspace/shared/lean4-pr15373-parent/stage0/src/../stdlib//Init/GrindInstances.c
[    ] Building /workspace/shared/lean4-pr15373-parent/stage0/src/../stdlib//Init/Internal/Order.c
[    ] Building /workspace/shared/lean4-pr15373-parent/stage0/src/../stdlib//Init/Internal/Order/Basic.c
[    ] Building /workspace/shared/lean4-pr15373-parent/stage0/src/../stdlib//Init/Internal/Order/Tactic.c
[    ] Building /workspace/shared/lean4-pr15373-parent/stage0/src/../stdlib//Init/Internal/Order/While.c
[    ] Building /workspace/shared/lean4-pr15373-parent/stage0/src/../stdlib//Init/Internal/Order/Lemmas.c
[    ] Building /workspace/shared/lean4-pr15373-parent/stage0/src/../stdlib//Init/Internal/Order/MonadTail.c
[    ] Building /workspace/shared/lean4-pr15373-parent/stage0/src/../stdlib//Init/BinderNameHint.c
[    ] Building /workspace/shared/lean4-pr15373-parent/stage0/src/../stdlib//Init/Guard.c
[    ] Building /workspace/shared/lean4-pr15373-parent/stage0/src/../stdlib//Init/WF.c
[ 91%] Building CXX object runtime/CMakeFiles/leanrt.dir/mutex.cpp.o
[    ] Building /workspace/shared/lean4-pr15373-parent/stage0/src/../stdlib//Init/Data/Function.c
[    ] Building /workspace/shared/lean4-pr15373-parent/stage0/src/../stdlib//Init/Data/Char/Basic.c
[    ] Building /workspace/shared/lean4-pr15373-parent/stage0/src/../stdlib//Init/Data/Char/Lemmas.c
[    ] Building /workspace/shared/lean4-pr15373-parent/stage0/src/../stdlib//Init/Data/Char/Order.c
[    ] Building /workspace/shared/lean4-pr15373-parent/stage0/src/../stdlib//Init/Data/Char/Ordinal.c
[    ] Building /workspace/shared/lean4-pr15373-parent/stage0/src/../stdlib//Init/Data/Repr.c
[    ] Building /workspace/shared/lean4-pr15373-parent/stage0/src/../stdlib//Init/Data/Ord.c
[    ] Building /workspace/shared/lean4-pr15373-parent/stage0/src/../stdlib//Init/Data/Cast.c
[    ] Building /workspace/shared/lean4-pr15373-parent/stage0/src/../stdlib//Init/Data/Sum.c
[    ] Building /workspace/shared/lean4-pr15373-parent/stage0/src/../stdlib//Init/Data/FloatArray.c
[    ] Building /workspace/shared/lean4-pr15373-parent/stage0/src/../stdlib//Init/Data/Subtype.c
[    ] Building /workspace/shared/lean4-pr15373-parent/stage0/src/../stdlib//Init/Data/FloatArray/Basic.c
[    ] Building /workspace/shared/lean4-pr15373-parent/stage0/src/../stdlib//Init/Data/Vector/Zip.c
[    ] Building /workspace/shared/lean4-pr15373-parent/stage0/src/../stdlib//Init/Data/Vector/OfFn.c
[    ] Building /workspace/shared/lean4-pr15373-parent/stage0/src/../stdlib//Init/Data/Vector/Basic.c
[    ] Building /workspace/shared/lean4-pr15373-parent/stage0/src/../stdlib//Init/Data/Vector/Algebra.c
[    ] Building /workspace/shared/lean4-pr15373-parent/stage0/src/../stdlib//Init/Data/Vector/Find.c
[    ] Building /workspace/shared/lean4-pr15373-parent/stage0/src/../stdlib//Init/Data/Vector/MapIdx.c
[    ] Building /workspace/shared/lean4-pr15373-parent/stage0/src/../stdlib//Init/Data/Vector/DecidableEq.c
[    ] Building /workspace/shared/lean4-pr15373-parent/stage0/src/../stdlib//Init/Data/Vector/Lemmas.c
[ 92%] Building CXX object runtime/CMakeFiles/leanrt.dir/libuv.cpp.o
[    ] Building /workspace/shared/lean4-pr15373-parent/stage0/src/../stdlib//Init/Data/Vector/Nat.c
[    ] Building /workspace/shared/lean4-pr15373-parent/stage0/src/../stdlib//Init/Data/Vector/Stream.c
[    ] Building /workspace/shared/lean4-pr15373-parent/stage0/src/../stdlib//Init/Data/Vector/Lex.c
[    ] Building /workspace/shared/lean4-pr15373-parent/stage0/src/../stdlib//Init/Data/Vector/Perm.c
[ 92%] Building CXX object runtime/CMakeFiles/leanrt.dir/uv/net_addr.cpp.o
[    ] Building /workspace/shared/lean4-pr15373-parent/stage0/src/../stdlib//Init/Data/Vector/InsertIdx.c
[ 93%] Building CXX object runtime/CMakeFiles/leanrt.dir/uv/event_loop.cpp.o
[    ] Building /workspace/shared/lean4-pr15373-parent/stage0/src/../stdlib//Init/Data/Vector/FinRange.c
[ 93%] Building CXX object runtime/CMakeFiles/leanrt.dir/uv/timer.cpp.o
[    ] Building /workspace/shared/lean4-pr15373-parent/stage0/src/../stdlib//Init/Data/Vector/Attach.c
[ 94%] Building CXX object runtime/CMakeFiles/leanrt.dir/uv/tcp.cpp.o
[    ] Building /workspace/shared/lean4-pr15373-parent/stage0/src/../stdlib//Init/Data/Vector/Int.c
[    ] Building /workspace/shared/lean4-pr15373-parent/stage0/src/../stdlib//Init/Data/Vector/Extract.c
[ 96%] Building CXX object runtime/CMakeFiles/leanrt.dir/uv/udp.cpp.o
[    ] Building /workspace/shared/lean4-pr15373-parent/stage0/src/../stdlib//Init/Data/Vector/Erase.c
[    ] Building /workspace/shared/lean4-pr15373-parent/stage0/src/../stdlib//Init/Data/Vector/Range.c
[ 96%] Building CXX object runtime/CMakeFiles/leanrt.dir/uv/dns.cpp.o
[    ] Building /workspace/shared/lean4-pr15373-parent/stage0/src/../stdlib//Init/Data/Vector/Monadic.c
[    ] Building /workspace/shared/lean4-pr15373-parent/stage0/src/../stdlib//Init/Data/Vector/Count.c
[    ] Building /workspace/shared/lean4-pr15373-parent/stage0/src/../stdlib//Init/Data/String.c
[    ] Building /workspace/shared/lean4-pr15373-parent/stage0/src/../stdlib//Init/Data/Format.c
[ 97%] Building CXX object runtime/CMakeFiles/leanrt.dir/uv/system.cpp.o
[    ] Building /workspace/shared/lean4-pr15373-parent/stage0/src/../stdlib//Init/Data/List/Zip.c
[    ] Building /workspace/shared/lean4-pr15373-parent/stage0/src/../stdlib//Init/Data/List/TakeDrop.c
[ 97%] Building CXX object runtime/CMakeFiles/leanrt.dir/uv/signal.cpp.o
[    ] Building /workspace/shared/lean4-pr15373-parent/stage0/src/../stdlib//Init/Data/List/OfFn.c
[    ] Building /workspace/shared/lean4-pr15373-parent/stage0/src/../stdlib//Init/Data/List/Basic.c
[ 98%] Building CXX object runtime/CMakeFiles/leanrt.dir/openssl.cpp.o
[    ] Building /workspace/shared/lean4-pr15373-parent/stage0/src/../stdlib//Init/Data/List/Sort.c
[    ] Building /workspace/shared/lean4-pr15373-parent/stage0/src/../stdlib//Init/Data/List/MinMaxIdx.c
[    ] Building /workspace/shared/lean4-pr15373-parent/stage0/src/../stdlib//Init/Data/List/BasicAux.c
[100%] Linking CXX static library ../lib/lean/libleanrt.a
[100%] Built target leanrt
[    ] Building /workspace/shared/lean4-pr15373-parent/stage0/src/../stdlib//Init/Data/List/Find.c
[    ] Building /workspace/shared/lean4-pr15373-parent/stage0/src/../stdlib//Init/Data/List/MapIdx.c
[    ] Building /workspace/shared/lean4-pr15373-parent/stage0/src/../stdlib//Init/Data/List/Lemmas.c
[    ] Building /workspace/shared/lean4-pr15373-parent/stage0/src/../stdlib//Init/Data/List/Nat.c
[    ] Building /workspace/shared/lean4-pr15373-parent/stage0/src/../stdlib//Init/Data/List/MinMaxOn.c
[    ] Building /workspace/shared/lean4-pr15373-parent/stage0/src/../stdlib//Init/Data/List/Lex.c
[    ] Building /workspace/shared/lean4-pr15373-parent/stage0/src/../stdlib//Init/Data/List/Perm.c
[    ] Building /workspace/shared/lean4-pr15373-parent/stage0/src/../stdlib//Init/Data/List/SplitOn/Basic.c
[    ] Building /workspace/shared/lean4-pr15373-parent/stage0/src/../stdlib//Init/Data/List/SplitOn/Lemmas.c
[    ] Building /workspace/shared/lean4-pr15373-parent/stage0/src/../stdlib//Init/Data/List/FinRange.c
[    ] Building /workspace/shared/lean4-pr15373-parent/stage0/src/../stdlib//Init/Data/List/ToArray.c
[    ] Building /workspace/shared/lean4-pr15373-parent/stage0/src/../stdlib//Init/Data/List/MinMax.c
[    ] Building /workspace/shared/lean4-pr15373-parent/stage0/src/../stdlib//Init/Data/List/Int/Sum.c
[    ] Building /workspace/shared/lean4-pr15373-parent/stage0/src/../stdlib//Init/Data/List/Int/Prod.c
[    ] Building /workspace/shared/lean4-pr15373-parent/stage0/src/../stdlib//Init/Data/List/Notation.c
[    ] Building /workspace/shared/lean4-pr15373-parent/stage0/src/../stdlib//Init/Data/List/Sort/Basic.c
[    ] Building /workspace/shared/lean4-pr15373-parent/stage0/src/../stdlib//Init/Data/List/Sort/Lemmas.c
[    ] Building /workspace/shared/lean4-pr15373-parent/stage0/src/../stdlib//Init/Data/List/Sort/Impl.c
[    ] Building /workspace/shared/lean4-pr15373-parent/stage0/src/../stdlib//Init/Data/List/Sublist.c
[    ] Building /workspace/shared/lean4-pr15373-parent/stage0/src/../stdlib//Init/Data/List/Control.c
[    ] Building /workspace/shared/lean4-pr15373-parent/stage0/src/../stdlib//Init/Data/List/Scan/Basic.c
[    ] Building /workspace/shared/lean4-pr15373-parent/stage0/src/../stdlib//Init/Data/List/Scan/Lemmas.c
[    ] Building /workspace/shared/lean4-pr15373-parent/stage0/src/../stdlib//Init/Data/List/SplitOn.c
[    ] Building /workspace/shared/lean4-pr15373-parent/stage0/src/../stdlib//Init/Data/List/Attach.c
[    ] Building /workspace/shared/lean4-pr15373-parent/stage0/src/../stdlib//Init/Data/List/ToArrayImpl.c
[    ] Building /workspace/shared/lean4-pr15373-parent/stage0/src/../stdlib//Init/Data/List/Int.c
[    ] Building /workspace/shared/lean4-pr15373-parent/stage0/src/../stdlib//Init/Data/List/Erase.c
[    ] Building /workspace/shared/lean4-pr15373-parent/stage0/src/../stdlib//Init/Data/List/ControlImpl.c
[    ] Building /workspace/shared/lean4-pr15373-parent/stage0/src/../stdlib//Init/Data/List/Range.c
[    ] Building /workspace/shared/lean4-pr15373-parent/stage0/src/../stdlib//Init/Data/List/Monadic.c
[    ] Building /workspace/shared/lean4-pr15373-parent/stage0/src/../stdlib//Init/Data/List/Count.c
[    ] Building /workspace/shared/lean4-pr15373-parent/stage0/src/../stdlib//Init/Data/List/Impl.c
[    ] Building /workspace/shared/lean4-pr15373-parent/stage0/src/../stdlib//Init/Data/List/Pairwise.c
[    ] Building /workspace/shared/lean4-pr15373-parent/stage0/src/../stdlib//Init/Data/List/Scan.c
[    ] Building /workspace/shared/lean4-pr15373-parent/stage0/src/../stdlib//Init/Data/List/Nat/TakeDrop.c
[    ] Building /workspace/shared/lean4-pr15373-parent/stage0/src/../stdlib//Init/Data/List/Nat/Basic.c
[    ] Building /workspace/shared/lean4-pr15373-parent/stage0/src/../stdlib//Init/Data/List/Nat/Sum.c
[    ] Building /workspace/shared/lean4-pr15373-parent/stage0/src/../stdlib//Init/Data/List/Nat/Find.c
[    ] Building /workspace/shared/lean4-pr15373-parent/stage0/src/../stdlib//Init/Data/List/Nat/Perm.c
[    ] Building /workspace/shared/lean4-pr15373-parent/stage0/src/../stdlib//Init/Data/List/Nat/InsertIdx.c
[    ] Building /workspace/shared/lean4-pr15373-parent/stage0/src/../stdlib//Init/Data/List/Nat/Modify.c
[    ] Building /workspace/shared/lean4-pr15373-parent/stage0/src/../stdlib//Init/Data/List/Nat/Sublist.c
[    ] Building /workspace/shared/lean4-pr15373-parent/stage0/src/../stdlib//Init/Data/List/Nat/BEq.c
[    ] Building /workspace/shared/lean4-pr15373-parent/stage0/src/../stdlib//Init/Data/List/Nat/Erase.c
[    ] Building /workspace/shared/lean4-pr15373-parent/stage0/src/../stdlib//Init/Data/List/Nat/Prod.c
[    ] Building /workspace/shared/lean4-pr15373-parent/stage0/src/../stdlib//Init/Data/List/Nat/Range.c
[    ] Building /workspace/shared/lean4-pr15373-parent/stage0/src/../stdlib//Init/Data/List/Nat/Count.c
[    ] Building /workspace/shared/lean4-pr15373-parent/stage0/src/../stdlib//Init/Data/List/Nat/Pairwise.c
[    ] Building /workspace/shared/lean4-pr15373-parent/stage0/src/../stdlib//Init/Data/Queue.c
[    ] Building /workspace/shared/lean4-pr15373-parent/stage0/src/../stdlib//Init/Data/Subtype/Basic.c
[    ] Building /workspace/shared/lean4-pr15373-parent/stage0/src/../stdlib//Init/Data/Subtype/Order.c
[    ] Building /workspace/shared/lean4-pr15373-parent/stage0/src/../stdlib//Init/Data/Subtype/OrderExtra.c
[    ] Building /workspace/shared/lean4-pr15373-parent/stage0/src/../stdlib//Init/Data/ByteArray/Basic.c
[    ] Building /workspace/shared/lean4-pr15373-parent/stage0/src/../stdlib//Init/Data/ByteArray/Bootstrap.c
[    ] Building /workspace/shared/lean4-pr15373-parent/stage0/src/../stdlib//Init/Data/ByteArray/Lemmas.c
[    ] Building /workspace/shared/lean4-pr15373-parent/stage0/src/../stdlib//Init/Data/ByteArray/Extra.c
[    ] Building /workspace/shared/lean4-pr15373-parent/stage0/src/../stdlib//Init/Data/Erased.c
[    ] Building /workspace/shared/lean4-pr15373-parent/stage0/src/../stdlib//Init/Data/Dyadic/Basic.c
[    ] Building /workspace/shared/lean4-pr15373-parent/stage0/src/../stdlib//Init/Data/Dyadic/Inv.c
[    ] Building /workspace/shared/lean4-pr15373-parent/stage0/src/../stdlib//Init/Data/Dyadic/Instances.c
[    ] Building /workspace/shared/lean4-pr15373-parent/stage0/src/../stdlib//Init/Data/Dyadic/Round.c
[    ] Building /workspace/shared/lean4-pr15373-parent/stage0/src/../stdlib//Init/Data/BitVec.c
[    ] Building /workspace/shared/lean4-pr15373-parent/stage0/src/../stdlib//Init/Data/ToString/Basic.c
[    ] Building /workspace/shared/lean4-pr15373-parent/stage0/src/../stdlib//Init/Data/ToString/Macro.c
[    ] Building /workspace/shared/lean4-pr15373-parent/stage0/src/../stdlib//Init/Data/ToString/Extra.c
[    ] Building /workspace/shared/lean4-pr15373-parent/stage0/src/../stdlib//Init/Data/ToString/Name.c
[    ] Building /workspace/shared/lean4-pr15373-parent/stage0/src/../stdlib//Init/Data/Nat.c
[    ] Building /workspace/shared/lean4-pr15373-parent/stage0/src/../stdlib//Init/Data/Stream.c
[    ] Building /workspace/shared/lean4-pr15373-parent/stage0/src/../stdlib//Init/Data/ByteArray.c
[    ] Building /workspace/shared/lean4-pr15373-parent/stage0/src/../stdlib//Init/Data/Slice/Basic.c
[    ] Building /workspace/shared/lean4-pr15373-parent/stage0/src/../stdlib//Init/Data/Slice/List/Basic.c
[    ] Building /workspace/shared/lean4-pr15373-parent/stage0/src/../stdlib//Init/Data/Slice/List/Lemmas.c
[    ] Building /workspace/shared/lean4-pr15373-parent/stage0/src/../stdlib//Init/Data/Slice/List/Iterator.c
[    ] Building /workspace/shared/lean4-pr15373-parent/stage0/src/../stdlib//Init/Data/Slice/Lemmas.c
[    ] Building /workspace/shared/lean4-pr15373-parent/stage0/src/../stdlib//Init/Data/Slice/Notation.c
[    ] Building /workspace/shared/lean4-pr15373-parent/stage0/src/../stdlib//Init/Data/Slice/Operations.c
[    ] Building /workspace/shared/lean4-pr15373-parent/stage0/src/../stdlib//Init/Data/Slice/Array/Basic.c
[    ] Building /workspace/shared/lean4-pr15373-parent/stage0/src/../stdlib//Init/Data/Slice/Array/Lemmas.c
[    ] Building /workspace/shared/lean4-pr15373-parent/stage0/src/../stdlib//Init/Data/Slice/Array/Iterator.c
[    ] Building /workspace/shared/lean4-pr15373-parent/stage0/src/../stdlib//Init/Data/Slice/List.c
[    ] Building /workspace/shared/lean4-pr15373-parent/stage0/src/../stdlib//Init/Data/Slice/InternalLemmas.c
[    ] Building /workspace/shared/lean4-pr15373-parent/stage0/src/../stdlib//Init/Data/Slice/Array.c
[    ] Building /workspace/shared/lean4-pr15373-parent/stage0/src/../stdlib//Init/Data/RArray.c
[    ] Building /workspace/shared/lean4-pr15373-parent/stage0/src/../stdlib//Init/Data/UInt/Basic.c
[    ] Building /workspace/shared/lean4-pr15373-parent/stage0/src/../stdlib//Init/Data/UInt/Package.c
[    ] Building /workspace/shared/lean4-pr15373-parent/stage0/src/../stdlib//Init/Data/UInt/BasicAux.c
[    ] Building /workspace/shared/lean4-pr15373-parent/stage0/src/../stdlib//Init/Data/UInt/Lemmas.c
[    ] Building /workspace/shared/lean4-pr15373-parent/stage0/src/../stdlib//Init/Data/UInt/Log2.c
[    ] Building /workspace/shared/lean4-pr15373-parent/stage0/src/../stdlib//Init/Data/UInt/IntToBitVec.c
[    ] Building /workspace/shared/lean4-pr15373-parent/stage0/src/../stdlib//Init/Data/UInt/Bitwise.c
[    ] Building /workspace/shared/lean4-pr15373-parent/stage0/src/../stdlib//Init/Data/Iterators/Basic.c
[    ] Building /workspace/shared/lean4-pr15373-parent/stage0/src/../stdlib//Init/Data/Iterators/Consumers/Access.c
[    ] Building /workspace/shared/lean4-pr15373-parent/stage0/src/../stdlib//Init/Data/Iterators/Consumers/Total.c
[    ] Building /workspace/shared/lean4-pr15373-parent/stage0/src/../stdlib//Init/Data/Iterators/Consumers/Stream.c
[    ] Building /workspace/shared/lean4-pr15373-parent/stage0/src/../stdlib//Init/Data/Iterators/Consumers/Partial.c
[    ] Building /workspace/shared/lean4-pr15373-parent/stage0/src/../stdlib//Init/Data/Iterators/Consumers/Monadic/Access.c
[    ] Building /workspace/shared/lean4-pr15373-parent/stage0/src/../stdlib//Init/Data/Iterators/Consumers/Monadic/Total.c
[    ] Building /workspace/shared/lean4-pr15373-parent/stage0/src/../stdlib//Init/Data/Iterators/Consumers/Monadic/Partial.c
[    ] Building /workspace/shared/lean4-pr15373-parent/stage0/src/../stdlib//Init/Data/Iterators/Consumers/Monadic/Collect.c
[    ] Building /workspace/shared/lean4-pr15373-parent/stage0/src/../stdlib//Init/Data/Iterators/Consumers/Monadic/Loop.c
[    ] Building /workspace/shared/lean4-pr15373-parent/stage0/src/../stdlib//Init/Data/Iterators/Consumers/Monadic.c
[    ] Building /workspace/shared/lean4-pr15373-parent/stage0/src/../stdlib//Init/Data/Iterators/Consumers/Collect.c
[    ] Building /workspace/shared/lean4-pr15373-parent/stage0/src/../stdlib//Init/Data/Iterators/Consumers/Loop.c
[    ] Building /workspace/shared/lean4-pr15373-parent/stage0/src/../stdlib//Init/Data/Iterators/ToIterator.c
[    ] Building /workspace/shared/lean4-pr15373-parent/stage0/src/../stdlib//Init/Data/Iterators/Internal.c
[    ] Building /workspace/shared/lean4-pr15373-parent/stage0/src/../stdlib//Init/Data/Iterators/Lemmas.c
[    ] Building /workspace/shared/lean4-pr15373-parent/stage0/src/../stdlib//Init/Data/Iterators/Combinators/FlatMap.c
[    ] Building /workspace/shared/lean4-pr15373-parent/stage0/src/../stdlib//Init/Data/Iterators/Combinators/Append.c
[    ] Building /workspace/shared/lean4-pr15373-parent/stage0/src/../stdlib//Init/Data/Iterators/Combinators/Monadic/FlatMap.c
[    ] Building /workspace/shared/lean4-pr15373-parent/stage0/src/../stdlib//Init/Data/Iterators/Combinators/Monadic/Append.c
[    ] Building /workspace/shared/lean4-pr15373-parent/stage0/src/../stdlib//Init/Data/Iterators/Combinators/Monadic/Take.c
[    ] Building /workspace/shared/lean4-pr15373-parent/stage0/src/../stdlib//Init/Data/Iterators/Combinators/Monadic/FilterMap.c
[    ] Building /workspace/shared/lean4-pr15373-parent/stage0/src/../stdlib//Init/Data/Iterators/Combinators/Monadic/Attach.c
[    ] Building /workspace/shared/lean4-pr15373-parent/stage0/src/../stdlib//Init/Data/Iterators/Combinators/Monadic/ULift.c
[    ] Building /workspace/shared/lean4-pr15373-parent/stage0/src/../stdlib//Init/Data/Iterators/Combinators/Take.c
[    ] Building /workspace/shared/lean4-pr15373-parent/stage0/src/../stdlib//Init/Data/Iterators/Combinators/FilterMap.c
[    ] Building /workspace/shared/lean4-pr15373-parent/stage0/src/../stdlib//Init/Data/Iterators/Combinators/Attach.c
[    ] Building /workspace/shared/lean4-pr15373-parent/stage0/src/../stdlib//Init/Data/Iterators/Combinators/ULift.c
[    ] Building /workspace/shared/lean4-pr15373-parent/stage0/src/../stdlib//Init/Data/Iterators/Combinators/Monadic.c
[    ] Building /workspace/shared/lean4-pr15373-parent/stage0/src/../stdlib//Init/Data/Iterators/Producers/Monadic/List.c
[    ] Building /workspace/shared/lean4-pr15373-parent/stage0/src/../stdlib//Init/Data/Iterators/Producers/List.c
[    ] Building /workspace/shared/lean4-pr15373-parent/stage0/src/../stdlib//Init/Data/Iterators/Producers/Monadic.c
[    ] Building /workspace/shared/lean4-pr15373-parent/stage0/src/../stdlib//Init/Data/Iterators/Producers.c
[    ] Building /workspace/shared/lean4-pr15373-parent/stage0/src/../stdlib//Init/Data/Iterators/Consumers.c
[    ] Building /workspace/shared/lean4-pr15373-parent/stage0/src/../stdlib//Init/Data/Iterators/Internal/LawfulMonadLiftFunction.c
[    ] Building /workspace/shared/lean4-pr15373-parent/stage0/src/../stdlib//Init/Data/Iterators/PostconditionMonad.c
[    ] Building /workspace/shared/lean4-pr15373-parent/stage0/src/../stdlib//Init/Data/Iterators/Combinators.c
[    ] Building /workspace/shared/lean4-pr15373-parent/stage0/src/../stdlib//Init/Data/Iterators/Lemmas/Basic.c
[    ] Building /workspace/shared/lean4-pr15373-parent/stage0/src/../stdlib//Init/Data/Iterators/Lemmas/Consumers/Access.c
[    ] Building /workspace/shared/lean4-pr15373-parent/stage0/src/../stdlib//Init/Data/Iterators/Lemmas/Consumers/Monadic/Collect.c
[    ] Building /workspace/shared/lean4-pr15373-parent/stage0/src/../stdlib//Init/Data/Iterators/Lemmas/Consumers/Monadic/Loop.c
[    ] Building /workspace/shared/lean4-pr15373-parent/stage0/src/../stdlib//Init/Data/Iterators/Lemmas/Consumers/Monadic.c
[    ] Building /workspace/shared/lean4-pr15373-parent/stage0/src/../stdlib//Init/Data/Iterators/Lemmas/Consumers/Collect.c
[    ] Building /workspace/shared/lean4-pr15373-parent/stage0/src/../stdlib//Init/Data/Iterators/Lemmas/Consumers/Loop.c
[    ] Building /workspace/shared/lean4-pr15373-parent/stage0/src/../stdlib//Init/Data/Iterators/Lemmas/Combinators/FlatMap.c
[    ] Building /workspace/shared/lean4-pr15373-parent/stage0/src/../stdlib//Init/Data/Iterators/Lemmas/Combinators/Append.c
[    ] Building /workspace/shared/lean4-pr15373-parent/stage0/src/../stdlib//Init/Data/Iterators/Lemmas/Combinators/Monadic/FlatMap.c
[    ] Building /workspace/shared/lean4-pr15373-parent/stage0/src/../stdlib//Init/Data/Iterators/Lemmas/Combinators/Monadic/Append.c
[    ] Building /workspace/shared/lean4-pr15373-parent/stage0/src/../stdlib//Init/Data/Iterators/Lemmas/Combinators/Monadic/Take.c
[    ] Building /workspace/shared/lean4-pr15373-parent/stage0/src/../stdlib//Init/Data/Iterators/Lemmas/Combinators/Monadic/FilterMap.c
[    ] Building /workspace/shared/lean4-pr15373-parent/stage0/src/../stdlib//Init/Data/Iterators/Lemmas/Combinators/Monadic/Attach.c
[    ] Building /workspace/shared/lean4-pr15373-parent/stage0/src/../stdlib//Init/Data/Iterators/Lemmas/Combinators/Monadic/ULift.c
[    ] Building /workspace/shared/lean4-pr15373-parent/stage0/src/../stdlib//Init/Data/Iterators/Lemmas/Combinators/Take.c
[    ] Building /workspace/shared/lean4-pr15373-parent/stage0/src/../stdlib//Init/Data/Iterators/Lemmas/Combinators/FilterMap.c
[    ] Building /workspace/shared/lean4-pr15373-parent/stage0/src/../stdlib//Init/Data/Iterators/Lemmas/Combinators/Attach.c
[    ] Building /workspace/shared/lean4-pr15373-parent/stage0/src/../stdlib//Init/Data/Iterators/Lemmas/Combinators/ULift.c
[    ] Building /workspace/shared/lean4-pr15373-parent/stage0/src/../stdlib//Init/Data/Iterators/Lemmas/Combinators/Monadic.c
[    ] Building /workspace/shared/lean4-pr15373-parent/stage0/src/../stdlib//Init/Data/Iterators/Lemmas/Producers/Monadic/List.c
[    ] Building /workspace/shared/lean4-pr15373-parent/stage0/src/../stdlib//Init/Data/Iterators/Lemmas/Producers/List.c
[    ] Building /workspace/shared/lean4-pr15373-parent/stage0/src/../stdlib//Init/Data/Iterators/Lemmas/Producers/Monadic.c
[    ] Building /workspace/shared/lean4-pr15373-parent/stage0/src/../stdlib//Init/Data/Iterators/Lemmas/Monadic/Basic.c
[    ] Building /workspace/shared/lean4-pr15373-parent/stage0/src/../stdlib//Init/Data/Iterators/Lemmas/Producers.c
[    ] Building /workspace/shared/lean4-pr15373-parent/stage0/src/../stdlib//Init/Data/Iterators/Lemmas/Consumers.c
[    ] Building /workspace/shared/lean4-pr15373-parent/stage0/src/../stdlib//Init/Data/Iterators/Lemmas/Combinators.c
[    ] Building /workspace/shared/lean4-pr15373-parent/stage0/src/../stdlib//Init/Data/Fin.c
[    ] Building /workspace/shared/lean4-pr15373-parent/stage0/src/../stdlib//Init/Data/Int/Repr.c
[    ] Building /workspace/shared/lean4-pr15373-parent/stage0/src/../stdlib//Init/Data/Int/Basic.c
[    ] Building /workspace/shared/lean4-pr15373-parent/stage0/src/../stdlib//Init/Data/Int/OfNat.c
[    ] Building /workspace/shared/lean4-pr15373-parent/stage0/src/../stdlib//Init/Data/Int/Package.c
[    ] Building /workspace/shared/lean4-pr15373-parent/stage0/src/../stdlib//Init/Data/Int/Compare.c
[    ] Building /workspace/shared/lean4-pr15373-parent/stage0/src/../stdlib//Init/Data/Int/Lemmas.c
[    ] Building /workspace/shared/lean4-pr15373-parent/stage0/src/../stdlib//Init/Data/Int/Order.c
[    ] Building /workspace/shared/lean4-pr15373-parent/stage0/src/../stdlib//Init/Data/Int/DivMod/Basic.c
[    ] Building /workspace/shared/lean4-pr15373-parent/stage0/src/../stdlib//Init/Data/Int/DivMod/Bootstrap.c
[    ] Building /workspace/shared/lean4-pr15373-parent/stage0/src/../stdlib//Init/Data/Int/DivMod/Lemmas.c
[    ] Building /workspace/shared/lean4-pr15373-parent/stage0/src/../stdlib//Init/Data/Int/DivMod/Pow.c
[    ] Building /workspace/shared/lean4-pr15373-parent/stage0/src/../stdlib//Init/Data/Int/ToString.c
[    ] Building /workspace/shared/lean4-pr15373-parent/stage0/src/../stdlib//Init/Data/Int/Bitwise.c
[    ] Building /workspace/shared/lean4-pr15373-parent/stage0/src/../stdlib//Init/Data/Int/DivMod.c
[    ] Building /workspace/shared/lean4-pr15373-parent/stage0/src/../stdlib//Init/Data/Int/Bitwise/Basic.c
[    ] Building /workspace/shared/lean4-pr15373-parent/stage0/src/../stdlib//Init/Data/Int/Bitwise/Lemmas.c
[    ] Building /workspace/shared/lean4-pr15373-parent/stage0/src/../stdlib//Init/Data/Int/Gcd.c
[    ] Building /workspace/shared/lean4-pr15373-parent/stage0/src/../stdlib//Init/Data/Int/Cooper.c
[    ] Building /workspace/shared/lean4-pr15373-parent/stage0/src/../stdlib//Init/Data/Int/Linear.c
[    ] Building /workspace/shared/lean4-pr15373-parent/stage0/src/../stdlib//Init/Data/Int/LemmasAux.c
[    ] Building /workspace/shared/lean4-pr15373-parent/stage0/src/../stdlib//Init/Data/Int/Pow.c
[    ] Building /workspace/shared/lean4-pr15373-parent/stage0/src/../stdlib//Init/Data/Random.c
[    ] Building /workspace/shared/lean4-pr15373-parent/stage0/src/../stdlib//Init/Data/Order.c
[    ] Building /workspace/shared/lean4-pr15373-parent/stage0/src/../stdlib//Init/Data/PLift.c
[    ] Building /workspace/shared/lean4-pr15373-parent/stage0/src/../stdlib//Init/Data/Slice.c
[    ] Building /workspace/shared/lean4-pr15373-parent/stage0/src/../stdlib//Init/Data/Rat.c
[    ] Building /workspace/shared/lean4-pr15373-parent/stage0/src/../stdlib//Init/Data/Array/Zip.c
[    ] Building /workspace/shared/lean4-pr15373-parent/stage0/src/../stdlib//Init/Data/Array/TakeDrop.c
[    ] Building /workspace/shared/lean4-pr15373-parent/stage0/src/../stdlib//Init/Data/Array/OfFn.c
[    ] Building /workspace/shared/lean4-pr15373-parent/stage0/src/../stdlib//Init/Data/Array/Basic.c
[    ] Building /workspace/shared/lean4-pr15373-parent/stage0/src/../stdlib//Init/Data/Array/Bootstrap.c
[    ] Building /workspace/shared/lean4-pr15373-parent/stage0/src/../stdlib//Init/Data/Array/Sort.c
[    ] Building /workspace/shared/lean4-pr15373-parent/stage0/src/../stdlib//Init/Data/Array/BasicAux.c
[    ] Building /workspace/shared/lean4-pr15373-parent/stage0/src/../stdlib//Init/Data/Array/InsertionSort.c
[    ] Building /workspace/shared/lean4-pr15373-parent/stage0/src/../stdlib//Init/Data/Array/Set.c
[    ] Building /workspace/shared/lean4-pr15373-parent/stage0/src/../stdlib//Init/Data/Array/Find.c
[    ] Building /workspace/shared/lean4-pr15373-parent/stage0/src/../stdlib//Init/Data/Array/MapIdx.c
[    ] Building /workspace/shared/lean4-pr15373-parent/stage0/src/../stdlib//Init/Data/Array/DecidableEq.c
[    ] Building /workspace/shared/lean4-pr15373-parent/stage0/src/../stdlib//Init/Data/Array/Lemmas.c
[    ] Building /workspace/shared/lean4-pr15373-parent/stage0/src/../stdlib//Init/Data/Array/Nat.c
[    ] Building /workspace/shared/lean4-pr15373-parent/stage0/src/../stdlib//Init/Data/Array/Mem.c
[    ] Building /workspace/shared/lean4-pr15373-parent/stage0/src/../stdlib//Init/Data/Array/Lex.c
[    ] Building /workspace/shared/lean4-pr15373-parent/stage0/src/../stdlib//Init/Data/Array/Perm.c
[    ] Building /workspace/shared/lean4-pr15373-parent/stage0/src/../stdlib//Init/Data/Array/InsertIdx.c
[    ] Building /workspace/shared/lean4-pr15373-parent/stage0/src/../stdlib//Init/Data/Array/FinRange.c
[    ] Building /workspace/shared/lean4-pr15373-parent/stage0/src/../stdlib//Init/Data/Array/MinMax.c
[    ] Building /workspace/shared/lean4-pr15373-parent/stage0/src/../stdlib//Init/Data/Array/Sort/Basic.c
[    ] Building /workspace/shared/lean4-pr15373-parent/stage0/src/../stdlib//Init/Data/Array/Sort/Lemmas.c
[    ] Building /workspace/shared/lean4-pr15373-parent/stage0/src/../stdlib//Init/Data/Array/BinSearch.c
[    ] Building /workspace/shared/lean4-pr15373-parent/stage0/src/../stdlib//Init/Data/Array/Subarray/Split.c
[    ] Building /workspace/shared/lean4-pr15373-parent/stage0/src/../stdlib//Init/Data/Array/QSort.c
[    ] Building /workspace/shared/lean4-pr15373-parent/stage0/src/../stdlib//Init/Data/Array/Attach.c
[    ] Building /workspace/shared/lean4-pr15373-parent/stage0/src/../stdlib//Init/Data/Array/Lex/Basic.c
[    ] Building /workspace/shared/lean4-pr15373-parent/stage0/src/../stdlib//Init/Data/Array/Lex/Lemmas.c
[    ] Building /workspace/shared/lean4-pr15373-parent/stage0/src/../stdlib//Init/Data/Array/Int.c
[    ] Building /workspace/shared/lean4-pr15373-parent/stage0/src/../stdlib//Init/Data/Array/Extract.c
[    ] Building /workspace/shared/lean4-pr15373-parent/stage0/src/../stdlib//Init/Data/Array/Erase.c
[    ] Building /workspace/shared/lean4-pr15373-parent/stage0/src/../stdlib//Init/Data/Array/Range.c
[    ] Building /workspace/shared/lean4-pr15373-parent/stage0/src/../stdlib//Init/Data/Array/Monadic.c
[    ] Building /workspace/shared/lean4-pr15373-parent/stage0/src/../stdlib//Init/Data/Array/Count.c
[    ] Building /workspace/shared/lean4-pr15373-parent/stage0/src/../stdlib//Init/Data/Array/QSort/Basic.c
[    ] Building /workspace/shared/lean4-pr15373-parent/stage0/src/../stdlib//Init/Data/Array/Subarray.c
[    ] Building /workspace/shared/lean4-pr15373-parent/stage0/src/../stdlib//Init/Data/Array/GetLit.c
[    ] Building /workspace/shared/lean4-pr15373-parent/stage0/src/../stdlib//Init/Data/Zero.c
[    ] Building /workspace/shared/lean4-pr15373-parent/stage0/src/../stdlib//Init/Data/List.c
[    ] Building /workspace/shared/lean4-pr15373-parent/stage0/src/../stdlib//Init/Data/SInt/Basic.c
[    ] Building /workspace/shared/lean4-pr15373-parent/stage0/src/../stdlib//Init/Data/SInt/Package.c
[    ] Building /workspace/shared/lean4-pr15373-parent/stage0/src/../stdlib//Init/Data/SInt/Float32.c
[    ] Building /workspace/shared/lean4-pr15373-parent/stage0/src/../stdlib//Init/Data/SInt/Lemmas.c
[    ] Building /workspace/shared/lean4-pr15373-parent/stage0/src/../stdlib//Init/Data/SInt/IntToBitVec.c
[    ] Building /workspace/shared/lean4-pr15373-parent/stage0/src/../stdlib//Init/Data/SInt/Bitwise.c
[    ] Building /workspace/shared/lean4-pr15373-parent/stage0/src/../stdlib//Init/Data/SInt/Float.c
[    ] Building /workspace/shared/lean4-pr15373-parent/stage0/src/../stdlib//Init/Data/Bool.c
[    ] Building /workspace/shared/lean4-pr15373-parent/stage0/src/../stdlib//Init/Data/Sum/Basic.c
[    ] Building /workspace/shared/lean4-pr15373-parent/stage0/src/../stdlib//Init/Data/Sum/Lemmas.c
[    ] Building /workspace/shared/lean4-pr15373-parent/stage0/src/../stdlib//Init/Data/Rat/Basic.c
[    ] Building /workspace/shared/lean4-pr15373-parent/stage0/src/../stdlib//Init/Data/Rat/Lemmas.c
[    ] Building /workspace/shared/lean4-pr15373-parent/stage0/src/../stdlib//Init/Data/Option/Function.c
[    ] Building /workspace/shared/lean4-pr15373-parent/stage0/src/../stdlib//Init/Data/Option/Basic.c
[    ] Building /workspace/shared/lean4-pr15373-parent/stage0/src/../stdlib//Init/Data/Option/BasicAux.c
[    ] Building /workspace/shared/lean4-pr15373-parent/stage0/src/../stdlib//Init/Data/Option/Lemmas.c
[    ] Building /workspace/shared/lean4-pr15373-parent/stage0/src/../stdlib//Init/Data/Option/Coe.c
[    ] Building /workspace/shared/lean4-pr15373-parent/stage0/src/../stdlib//Init/Data/Option/Instances.c
[    ] Building /workspace/shared/lean4-pr15373-parent/stage0/src/../stdlib//Init/Data/Option/List.c
[    ] Building /workspace/shared/lean4-pr15373-parent/stage0/src/../stdlib//Init/Data/Option/Attach.c
[    ] Building /workspace/shared/lean4-pr15373-parent/stage0/src/../stdlib//Init/Data/Option/Array.c
[    ] Building /workspace/shared/lean4-pr15373-parent/stage0/src/../stdlib//Init/Data/Iterators.c
[    ] Building /workspace/shared/lean4-pr15373-parent/stage0/src/../stdlib//Init/Data/Option/Monadic.c
[    ] Building /workspace/shared/lean4-pr15373-parent/stage0/src/../stdlib//Init/Data/Range/Polymorphic.c
[    ] Building /workspace/shared/lean4-pr15373-parent/stage0/src/../stdlib//Init/Data/Range/Basic.c
[    ] Building /workspace/shared/lean4-pr15373-parent/stage0/src/../stdlib//Init/Data/Range/Lemmas.c
[    ] Building /workspace/shared/lean4-pr15373-parent/stage0/src/../stdlib//Init/Data/Range/Polymorphic/UpwardEnumerable.c
[    ] Building /workspace/shared/lean4-pr15373-parent/stage0/src/../stdlib//Init/Data/Range/Polymorphic/Basic.c
[    ] Building /workspace/shared/lean4-pr15373-parent/stage0/src/../stdlib//Init/Data/Range/Polymorphic/NatLemmas.c
[    ] Building /workspace/shared/lean4-pr15373-parent/stage0/src/../stdlib//Init/Data/Range/Polymorphic/BitVec.c
[    ] Building /workspace/shared/lean4-pr15373-parent/stage0/src/../stdlib//Init/Data/Range/Polymorphic/GetElemTactic.c
[    ] Building /workspace/shared/lean4-pr15373-parent/stage0/src/../stdlib//Init/Data/Range/Polymorphic/Lemmas.c
[    ] Building /workspace/shared/lean4-pr15373-parent/stage0/src/../stdlib//Init/Data/Range/Polymorphic/Nat.c
[    ] Building /workspace/shared/lean4-pr15373-parent/stage0/src/../stdlib//Init/Data/Range/Polymorphic/Stream.c
[    ] Building /workspace/shared/lean4-pr15373-parent/stage0/src/../stdlib//Init/Data/Range/Polymorphic/IntLemmas.c
[    ] Building /workspace/shared/lean4-pr15373-parent/stage0/src/../stdlib//Init/Data/Range/Polymorphic/Fin.c
[    ] Building /workspace/shared/lean4-pr15373-parent/stage0/src/../stdlib//Init/Data/Range/Polymorphic/Instances.c
[    ] Building /workspace/shared/lean4-pr15373-parent/stage0/src/../stdlib//Init/Data/Range/Polymorphic/Iterators.c
[    ] Building /workspace/shared/lean4-pr15373-parent/stage0/src/../stdlib//Init/Data/Range/Polymorphic/PRange.c
[    ] Building /workspace/shared/lean4-pr15373-parent/stage0/src/../stdlib//Init/Data/Range/Polymorphic/Char.c
[    ] Building /workspace/shared/lean4-pr15373-parent/stage0/src/../stdlib//Init/Data/Range/Polymorphic/RangeIterator.c
[    ] Building /workspace/shared/lean4-pr15373-parent/stage0/src/../stdlib//Init/Data/Range/Polymorphic/Int.c
[    ] Building /workspace/shared/lean4-pr15373-parent/stage0/src/../stdlib//Init/Data/Range/Polymorphic/Internal/SignedBitVec.c
[    ] Building /workspace/shared/lean4-pr15373-parent/stage0/src/../stdlib//Init/Data/Range/Polymorphic/SInt.c
[    ] Building /workspace/shared/lean4-pr15373-parent/stage0/src/../stdlib//Init/Data/Range/Polymorphic/UInt.c
[    ] Building /workspace/shared/lean4-pr15373-parent/stage0/src/../stdlib//Init/Data/Range/Polymorphic/Map.c
[    ] Building /workspace/shared/lean4-pr15373-parent/stage0/src/../stdlib//Init/Data/Format/Basic.c
[    ] Building /workspace/shared/lean4-pr15373-parent/stage0/src/../stdlib//Init/Data/Format/Macro.c
[    ] Building /workspace/shared/lean4-pr15373-parent/stage0/src/../stdlib//Init/Data/Format/Syntax.c
[    ] Building /workspace/shared/lean4-pr15373-parent/stage0/src/../stdlib//Init/Data/Format/Instances.c
[    ] Building /workspace/shared/lean4-pr15373-parent/stage0/src/../stdlib//Init/Data/AC.c
[    ] Building /workspace/shared/lean4-pr15373-parent/stage0/src/../stdlib//Init/Data/ToString.c
[    ] Building /workspace/shared/lean4-pr15373-parent/stage0/src/../stdlib//Init/Data/Float/Model.c
[    ] Building /workspace/shared/lean4-pr15373-parent/stage0/src/../stdlib//Init/Data/Float/Model/Format.c
[    ] Building /workspace/shared/lean4-pr15373-parent/stage0/src/../stdlib//Init/Data/Float/Model/Float32.c
[    ] Building /workspace/shared/lean4-pr15373-parent/stage0/src/../stdlib//Init/Data/Float/Model/Format/Basic.c
[    ] Building /workspace/shared/lean4-pr15373-parent/stage0/src/../stdlib//Init/Data/Float/Model/Format/Valid.c
[    ] Building /workspace/shared/lean4-pr15373-parent/stage0/src/../stdlib//Init/Data/Float/Model/Float.c
[    ] Building /workspace/shared/lean4-pr15373-parent/stage0/src/../stdlib//Init/Data/Float/Model/Unpacked.c
[    ] Building /workspace/shared/lean4-pr15373-parent/stage0/src/../stdlib//Init/Data/Float/Model/Unpacked/Basic.c
[    ] Building /workspace/shared/lean4-pr15373-parent/stage0/src/../stdlib//Init/Data/Float/Model/Unpacked/Operations.c
[    ] Building /workspace/shared/lean4-pr15373-parent/stage0/src/../stdlib//Init/Data/Float/Model/Unpacked/Pack.c
[    ] Building /workspace/shared/lean4-pr15373-parent/stage0/src/../stdlib//Init/Data/Float/Model/Unpacked/Sign.c
[    ] Building /workspace/shared/lean4-pr15373-parent/stage0/src/../stdlib//Init/Data/Float/Model/Unpacked/Round.c
[    ] Building /workspace/shared/lean4-pr15373-parent/stage0/src/../stdlib//Init/Data/Float/Model/Unpacked/Pack/Basic.c
[    ] Building /workspace/shared/lean4-pr15373-parent/stage0/src/../stdlib//Init/Data/Float/Model/Unpacked/Pack/Lemmas.c
[    ] Building /workspace/shared/lean4-pr15373-parent/stage0/src/../stdlib//Init/Data/Float/Model/Unpacked/Operations/Fma.c
[    ] Building /workspace/shared/lean4-pr15373-parent/stage0/src/../stdlib//Init/Data/Float/Model/Unpacked/Operations/OfNat.c
[    ] Building /workspace/shared/lean4-pr15373-parent/stage0/src/../stdlib//Init/Data/Float/Model/Unpacked/Operations/Compare.c
[    ] Building /workspace/shared/lean4-pr15373-parent/stage0/src/../stdlib//Init/Data/Float/Model/Unpacked/Operations/Sub.c
[    ] Building /workspace/shared/lean4-pr15373-parent/stage0/src/../stdlib//Init/Data/Float/Model/Unpacked/Operations/Mul.c
[    ] Building /workspace/shared/lean4-pr15373-parent/stage0/src/../stdlib//Init/Data/Float/Model/Unpacked/Operations/Sqrt.c
[    ] Building /workspace/shared/lean4-pr15373-parent/stage0/src/../stdlib//Init/Data/Float/Model/Unpacked/Operations/Status.c
[    ] Building /workspace/shared/lean4-pr15373-parent/stage0/src/../stdlib//Init/Data/Float/Model/Unpacked/Operations/Add.c
[    ] Building /workspace/shared/lean4-pr15373-parent/stage0/src/../stdlib//Init/Data/Float/Model/Unpacked/Operations/Sign.c
[    ] Building /workspace/shared/lean4-pr15373-parent/stage0/src/../stdlib//Init/Data/Float/Model/Unpacked/Operations/ToNat.c
[    ] Building /workspace/shared/lean4-pr15373-parent/stage0/src/../stdlib//Init/Data/Float/Model/Unpacked/Operations/OfScientific.c
[    ] Building /workspace/shared/lean4-pr15373-parent/stage0/src/../stdlib//Init/Data/Float/Model/Unpacked/Operations/Div.c
[    ] Building /workspace/shared/lean4-pr15373-parent/stage0/src/../stdlib//Init/Data/Float/Float32.c
[    ] Building /workspace/shared/lean4-pr15373-parent/stage0/src/../stdlib//Init/Data/Float/Float.c
[    ] Building /workspace/shared/lean4-pr15373-parent/stage0/src/../stdlib//Init/Data/Char.c
[    ] Building /workspace/shared/lean4-pr15373-parent/stage0/src/../stdlib//Init/Data/ULift.c
[    ] Building /workspace/shared/lean4-pr15373-parent/stage0/src/../stdlib//Init/Data/Int.c
[    ] Building /workspace/shared/lean4-pr15373-parent/stage0/src/../stdlib//Init/Data/Dyadic.c
[    ] Building /workspace/shared/lean4-pr15373-parent/stage0/src/../stdlib//Init/Data/BitVec/Basic.c
[    ] Building /workspace/shared/lean4-pr15373-parent/stage0/src/../stdlib//Init/Data/BitVec/Bootstrap.c
[    ] Building /workspace/shared/lean4-pr15373-parent/stage0/src/../stdlib//Init/Data/BitVec/BasicAux.c
[    ] Building /workspace/shared/lean4-pr15373-parent/stage0/src/../stdlib//Init/Data/BitVec/Lemmas.c
[    ] Building /workspace/shared/lean4-pr15373-parent/stage0/src/../stdlib//Init/Data/BitVec/Bitblast.c
[    ] Building /workspace/shared/lean4-pr15373-parent/stage0/src/../stdlib//Init/Data/BitVec/Decidable.c
[    ] Building /workspace/shared/lean4-pr15373-parent/stage0/src/../stdlib//Init/Data/BitVec/Folds.c
[    ] Building /workspace/shared/lean4-pr15373-parent/stage0/src/../stdlib//Init/Data/Hashable.c
[    ] Building /workspace/shared/lean4-pr15373-parent/stage0/src/../stdlib//Init/Data/BEq.c
[    ] Building /workspace/shared/lean4-pr15373-parent/stage0/src/../stdlib//Init/Data/Array.c
[    ] Building /workspace/shared/lean4-pr15373-parent/stage0/src/../stdlib//Init/Data/Float.c
[    ] Building /workspace/shared/lean4-pr15373-parent/stage0/src/../stdlib//Init/Data/SInt.c
[    ] Building /workspace/shared/lean4-pr15373-parent/stage0/src/../stdlib//Init/Data/Prod.c
[    ] Building /workspace/shared/lean4-pr15373-parent/stage0/src/../stdlib//Init/Data/Vector.c
[    ] Building /workspace/shared/lean4-pr15373-parent/stage0/src/../stdlib//Init/Data/Option.c
[    ] Building /workspace/shared/lean4-pr15373-parent/stage0/src/../stdlib//Init/Data/Range.c
[    ] Building /workspace/shared/lean4-pr15373-parent/stage0/src/../stdlib//Init/Data/LawfulHashable.c
[    ] Building /workspace/shared/lean4-pr15373-parent/stage0/src/../stdlib//Init/Data/UInt.c
[    ] Building /workspace/shared/lean4-pr15373-parent/stage0/src/../stdlib//Init/Data/OfScientific.c
[    ] Building /workspace/shared/lean4-pr15373-parent/stage0/src/../stdlib//Init/Data/NeZero.c
[    ] Building /workspace/shared/lean4-pr15373-parent/stage0/src/../stdlib//Init/Data/Fin/Basic.c
[    ] Building /workspace/shared/lean4-pr15373-parent/stage0/src/../stdlib//Init/Data/Fin/Package.c
[    ] Building /workspace/shared/lean4-pr15373-parent/stage0/src/../stdlib//Init/Data/Fin/OverflowAware.c
[    ] Building /workspace/shared/lean4-pr15373-parent/stage0/src/../stdlib//Init/Data/Fin/Lemmas.c
[    ] Building /workspace/shared/lean4-pr15373-parent/stage0/src/../stdlib//Init/Data/Fin/Fold.c
[    ] Building /workspace/shared/lean4-pr15373-parent/stage0/src/../stdlib//Init/Data/Fin/MinMax.c
[    ] Building /workspace/shared/lean4-pr15373-parent/stage0/src/../stdlib//Init/Data/Fin/Log2.c
[    ] Building /workspace/shared/lean4-pr15373-parent/stage0/src/../stdlib//Init/Data/Fin/Iterate.c
[    ] Building /workspace/shared/lean4-pr15373-parent/stage0/src/../stdlib//Init/Data/Fin/Bitwise.c
[    ] Building /workspace/shared/lean4-pr15373-parent/stage0/src/../stdlib//Init/Data/Ord/Basic.c
[    ] Building /workspace/shared/lean4-pr15373-parent/stage0/src/../stdlib//Init/Data/Ord/String.c
[    ] Building /workspace/shared/lean4-pr15373-parent/stage0/src/../stdlib//Init/Data/Ord/BitVec.c
[    ] Building /workspace/shared/lean4-pr15373-parent/stage0/src/../stdlib//Init/Data/Ord/Array.c
[    ] Building /workspace/shared/lean4-pr15373-parent/stage0/src/../stdlib//Init/Data/Ord/SInt.c
[    ] Building /workspace/shared/lean4-pr15373-parent/stage0/src/../stdlib//Init/Data/Ord/Vector.c
[    ] Building /workspace/shared/lean4-pr15373-parent/stage0/src/../stdlib//Init/Data/Ord/UInt.c
[    ] Building /workspace/shared/lean4-pr15373-parent/stage0/src/../stdlib//Init/Data/OfScientific/Basic.c
[    ] Building /workspace/shared/lean4-pr15373-parent/stage0/src/../stdlib//Init/Data/Nat/Basic.c
[    ] Building /workspace/shared/lean4-pr15373-parent/stage0/src/../stdlib//Init/Data/Nat/Package.c
[    ] Building /workspace/shared/lean4-pr15373-parent/stage0/src/../stdlib//Init/Data/Nat/Sqrt/Basic.c
[    ] Building /workspace/shared/lean4-pr15373-parent/stage0/src/../stdlib//Init/Data/Nat/Sqrt/Lemmas.c
[    ] Building /workspace/shared/lean4-pr15373-parent/stage0/src/../stdlib//Init/Data/Nat/Compare.c
[    ] Building /workspace/shared/lean4-pr15373-parent/stage0/src/../stdlib//Init/Data/Nat/Dvd.c
[    ] Building /workspace/shared/lean4-pr15373-parent/stage0/src/../stdlib//Init/Data/Nat/Simproc.c
[    ] Building /workspace/shared/lean4-pr15373-parent/stage0/src/../stdlib//Init/Data/Nat/Internal.c
[    ] Building /workspace/shared/lean4-pr15373-parent/stage0/src/../stdlib//Init/Data/Nat/Lemmas.c
[    ] Building /workspace/shared/lean4-pr15373-parent/stage0/src/../stdlib//Init/Data/Nat/Fold.c
[    ] Building /workspace/shared/lean4-pr15373-parent/stage0/src/../stdlib//Init/Data/Nat/Power2/Basic.c
[    ] Building /workspace/shared/lean4-pr15373-parent/stage0/src/../stdlib//Init/Data/Nat/Power2/Lemmas.c
[    ] Building /workspace/shared/lean4-pr15373-parent/stage0/src/../stdlib//Init/Data/Nat/Power2/Bitwise.c
[    ] Building /workspace/shared/lean4-pr15373-parent/stage0/src/../stdlib//Init/Data/Nat/MinMax.c
[    ] Building /workspace/shared/lean4-pr15373-parent/stage0/src/../stdlib//Init/Data/Nat/Sqrt.c
[    ] Building /workspace/shared/lean4-pr15373-parent/stage0/src/../stdlib//Init/Data/Nat/Order.c
[    ] Building /workspace/shared/lean4-pr15373-parent/stage0/src/../stdlib//Init/Data/Nat/Mod.c
[    ] Building /workspace/shared/lean4-pr15373-parent/stage0/src/../stdlib//Init/Data/Nat/Lcm.c
[    ] Building /workspace/shared/lean4-pr15373-parent/stage0/src/../stdlib//Init/Data/Nat/Log2.c
[    ] Building /workspace/shared/lean4-pr15373-parent/stage0/src/../stdlib//Init/Data/Nat/Power2.c
[    ] Building /workspace/shared/lean4-pr15373-parent/stage0/src/../stdlib//Init/Data/Nat/Control.c
[    ] Building /workspace/shared/lean4-pr15373-parent/stage0/src/../stdlib//Init/Data/Nat/ToString.c
[    ] Building /workspace/shared/lean4-pr15373-parent/stage0/src/../stdlib//Init/Data/Nat/Bitwise.c
[    ] Building /workspace/shared/lean4-pr15373-parent/stage0/src/../stdlib//Init/Data/Nat/Internal/SOM.c
[    ] Building /workspace/shared/lean4-pr15373-parent/stage0/src/../stdlib//Init/Data/Nat/Internal/Linear.c
[    ] Building /workspace/shared/lean4-pr15373-parent/stage0/src/../stdlib//Init/Data/Nat/Coprime.c
[    ] Building /workspace/shared/lean4-pr15373-parent/stage0/src/../stdlib//Init/Data/Nat/Bitwise/Basic.c
[    ] Building /workspace/shared/lean4-pr15373-parent/stage0/src/../stdlib//Init/Data/Nat/Bitwise/Lemmas.c
[    ] Building /workspace/shared/lean4-pr15373-parent/stage0/src/../stdlib//Init/Data/Nat/Gcd.c
[    ] Building /workspace/shared/lean4-pr15373-parent/stage0/src/../stdlib//Init/Data/Nat/Div/Basic.c
[    ] Building /workspace/shared/lean4-pr15373-parent/stage0/src/../stdlib//Init/Data/Nat/Div/Lemmas.c
[    ] Building /workspace/shared/lean4-pr15373-parent/stage0/src/../stdlib//Init/Data/Nat/Div.c
[    ] Building /workspace/shared/lean4-pr15373-parent/stage0/src/../stdlib//Init/Data/Nat/PowMod.c
[    ] Building /workspace/shared/lean4-pr15373-parent/stage0/src/../stdlib//Init/Data/String/TakeDrop.c
[    ] Building /workspace/shared/lean4-pr15373-parent/stage0/src/../stdlib//Init/Data/String/Length.c
[    ] Building /workspace/shared/lean4-pr15373-parent/stage0/src/../stdlib//Init/Data/String/Basic.c
[    ] Building /workspace/shared/lean4-pr15373-parent/stage0/src/../stdlib//Init/Data/String/Bootstrap.c
[    ] Building /workspace/shared/lean4-pr15373-parent/stage0/src/../stdlib//Init/Data/String/Legacy.c
[    ] Building /workspace/shared/lean4-pr15373-parent/stage0/src/../stdlib//Init/Data/String/Iter/Basic.c
[    ] Building /workspace/shared/lean4-pr15373-parent/stage0/src/../stdlib//Init/Data/String/Iter/Intercalate.c
[    ] Building /workspace/shared/lean4-pr15373-parent/stage0/src/../stdlib//Init/Data/String/Substring.c
[    ] Building /workspace/shared/lean4-pr15373-parent/stage0/src/../stdlib//Init/Data/String/Lemmas.c
[    ] Building /workspace/shared/lean4-pr15373-parent/stage0/src/../stdlib//Init/Data/String/ToSlice.c
[    ] Building /workspace/shared/lean4-pr15373-parent/stage0/src/../stdlib//Init/Data/String/Stream.c
[    ] Building /workspace/shared/lean4-pr15373-parent/stage0/src/../stdlib//Init/Data/String/Decode.c
[    ] Building /workspace/shared/lean4-pr15373-parent/stage0/src/../stdlib//Init/Data/String/Search.c
[    ] Building /workspace/shared/lean4-pr15373-parent/stage0/src/../stdlib//Init/Data/String/Modify.c
[    ] Building /workspace/shared/lean4-pr15373-parent/stage0/src/../stdlib//Init/Data/String/Slice.c
[    ] Building /workspace/shared/lean4-pr15373-parent/stage0/src/../stdlib//Init/Data/String/Extra.c
[    ] Building /workspace/shared/lean4-pr15373-parent/stage0/src/../stdlib//Init/Data/String/Pattern/Basic.c
[    ] Building /workspace/shared/lean4-pr15373-parent/stage0/src/../stdlib//Init/Data/String/Pattern/String.c
[    ] Building /workspace/shared/lean4-pr15373-parent/stage0/src/../stdlib//Init/Data/String/Pattern/Char.c
[    ] Building /workspace/shared/lean4-pr15373-parent/stage0/src/../stdlib//Init/Data/String/Pattern/Pred.c
[    ] Building /workspace/shared/lean4-pr15373-parent/stage0/src/../stdlib//Init/Data/String/Subslice.c
[    ] Building /workspace/shared/lean4-pr15373-parent/stage0/src/../stdlib//Init/Data/String/Pattern.c
[    ] Building /workspace/shared/lean4-pr15373-parent/stage0/src/../stdlib//Init/Data/String/Defs.c
[    ] Building /workspace/shared/lean4-pr15373-parent/stage0/src/../stdlib//Init/Data/String/Iterate.c
[    ] Building /workspace/shared/lean4-pr15373-parent/stage0/src/../stdlib//Init/Data/String/Hashable.c
[    ] Building /workspace/shared/lean4-pr15373-parent/stage0/src/../stdlib//Init/Data/String/OrderInstances.c
[    ] Building /workspace/shared/lean4-pr15373-parent/stage0/src/../stdlib//Init/Data/String/PosRaw.c
[    ] Building /workspace/shared/lean4-pr15373-parent/stage0/src/../stdlib//Init/Data/String/Lemmas/Splits.c
[    ] Building /workspace/shared/lean4-pr15373-parent/stage0/src/../stdlib//Init/Data/String/Lemmas/TakeDrop.c
[    ] Building /workspace/shared/lean4-pr15373-parent/stage0/src/../stdlib//Init/Data/String/Lemmas/Length.c
[    ] Building /workspace/shared/lean4-pr15373-parent/stage0/src/../stdlib//Init/Data/String/Lemmas/Basic.c
[    ] Building /workspace/shared/lean4-pr15373-parent/stage0/src/../stdlib//Init/Data/String/Lemmas/IsEmpty.c
[    ] Building /workspace/shared/lean4-pr15373-parent/stage0/src/../stdlib//Init/Data/String/Lemmas/Intercalate.c
[    ] Building /workspace/shared/lean4-pr15373-parent/stage0/src/../stdlib//Init/Data/String/Lemmas/Search.c
[    ] Building /workspace/shared/lean4-pr15373-parent/stage0/src/../stdlib//Init/Data/String/Lemmas/Modify.c
[    ] Building /workspace/shared/lean4-pr15373-parent/stage0/src/../stdlib//Init/Data/String/Lemmas/Order.c
[    ] Building /workspace/shared/lean4-pr15373-parent/stage0/src/../stdlib//Init/Data/String/Lemmas/Slice.c
[    ] Building /workspace/shared/lean4-pr15373-parent/stage0/src/../stdlib//Init/Data/String/Lemmas/Pattern/Find/Basic.c
[    ] Building /workspace/shared/lean4-pr15373-parent/stage0/src/../stdlib//Init/Data/String/Lemmas/Pattern/Find/String.c
[    ] Building /workspace/shared/lean4-pr15373-parent/stage0/src/../stdlib//Init/Data/String/Lemmas/Pattern/Find/Char.c
[    ] Building /workspace/shared/lean4-pr15373-parent/stage0/src/../stdlib//Init/Data/String/Lemmas/Pattern/Find/Pred.c
[    ] Building /workspace/shared/lean4-pr15373-parent/stage0/src/../stdlib//Init/Data/String/Lemmas/Pattern/TakeDrop.c
[    ] Building /workspace/shared/lean4-pr15373-parent/stage0/src/../stdlib//Init/Data/String/Lemmas/Pattern/Basic.c
[    ] Building /workspace/shared/lean4-pr15373-parent/stage0/src/../stdlib//Init/Data/String/Lemmas/Pattern/String.c
[    ] Building /workspace/shared/lean4-pr15373-parent/stage0/src/../stdlib//Init/Data/String/Lemmas/Pattern/Find.c
[    ] Building /workspace/shared/lean4-pr15373-parent/stage0/src/../stdlib//Init/Data/String/Lemmas/Pattern/Split/Basic.c
[    ] Building /workspace/shared/lean4-pr15373-parent/stage0/src/../stdlib//Init/Data/String/Lemmas/Pattern/Split/Char.c
[    ] Building /workspace/shared/lean4-pr15373-parent/stage0/src/../stdlib//Init/Data/String/Lemmas/Pattern/Split/Pred.c
[    ] Building /workspace/shared/lean4-pr15373-parent/stage0/src/../stdlib//Init/Data/String/Lemmas/Pattern/Memcmp.c
[    ] Building /workspace/shared/lean4-pr15373-parent/stage0/src/../stdlib//Init/Data/String/Lemmas/Pattern/TakeDrop/Basic.c
[    ] Building /workspace/shared/lean4-pr15373-parent/stage0/src/../stdlib//Init/Data/String/Lemmas/Pattern/TakeDrop/String.c
[    ] Building /workspace/shared/lean4-pr15373-parent/stage0/src/../stdlib//Init/Data/String/Lemmas/Pattern/TakeDrop/Char.c
[    ] Building /workspace/shared/lean4-pr15373-parent/stage0/src/../stdlib//Init/Data/String/Lemmas/Pattern/TakeDrop/Pred.c
[    ] Building /workspace/shared/lean4-pr15373-parent/stage0/src/../stdlib//Init/Data/String/Lemmas/Pattern/Split.c
[    ] Building /workspace/shared/lean4-pr15373-parent/stage0/src/../stdlib//Init/Data/String/Lemmas/Pattern/Char.c
[    ] Building /workspace/shared/lean4-pr15373-parent/stage0/src/../stdlib//Init/Data/String/Lemmas/Pattern/Pred.c
[    ] Building /workspace/shared/lean4-pr15373-parent/stage0/src/../stdlib//Init/Data/String/Lemmas/Pattern/String/Basic.c
[    ] Building /workspace/shared/lean4-pr15373-parent/stage0/src/../stdlib//Init/Data/String/Lemmas/Pattern/String/ForwardPattern.c
[    ] Building /workspace/shared/lean4-pr15373-parent/stage0/src/../stdlib//Init/Data/String/Lemmas/Pattern/String/ForwardSearcher.c
[    ] Building /workspace/shared/lean4-pr15373-parent/stage0/src/../stdlib//Init/Data/String/Lemmas/Pattern.c
[    ] Building /workspace/shared/lean4-pr15373-parent/stage0/src/../stdlib//Init/Data/String/Lemmas/Iterate.c
[    ] Building /workspace/shared/lean4-pr15373-parent/stage0/src/../stdlib//Init/Data/String/Lemmas/Hashable.c
[    ] Building /workspace/shared/lean4-pr15373-parent/stage0/src/../stdlib//Init/Data/String/Lemmas/FindPos.c
[    ] Building /workspace/shared/lean4-pr15373-parent/stage0/src/../stdlib//Init/Data/String/Lemmas/StringOrder.c
[    ] Building /workspace/shared/lean4-pr15373-parent/stage0/src/../stdlib//Init/Data/String/Lemmas/Iter.c
[    ] Building /workspace/shared/lean4-pr15373-parent/stage0/src/../stdlib//Init/Data/String/Iterator.c
[    ] Building /workspace/shared/lean4-pr15373-parent/stage0/src/../stdlib//Init/Data/String/FindPos.c
[    ] Building /workspace/shared/lean4-pr15373-parent/stage0/src/../stdlib//Init/Data/String/Termination.c
[    ] Building /workspace/shared/lean4-pr15373-parent/stage0/src/../stdlib//Init/Data/String/Iter.c
[    ] Building /workspace/shared/lean4-pr15373-parent/stage0/src/../stdlib//Init/Data/Order/Opposite.c
[    ] Building /workspace/shared/lean4-pr15373-parent/stage0/src/../stdlib//Init/Data/Order/Ord.c
[    ] Building /workspace/shared/lean4-pr15373-parent/stage0/src/../stdlib//Init/Data/Order/Lemmas.c
[    ] Building /workspace/shared/lean4-pr15373-parent/stage0/src/../stdlib//Init/Data/Order/MinMaxOn.c
[    ] Building /workspace/shared/lean4-pr15373-parent/stage0/src/../stdlib//Init/Data/Order/Classes.c
[    ] Building /workspace/shared/lean4-pr15373-parent/stage0/src/../stdlib//Init/Data/Order/FactoriesExtra.c
[    ] Building /workspace/shared/lean4-pr15373-parent/stage0/src/../stdlib//Init/Data/Order/Factories.c
[    ] Building /workspace/shared/lean4-pr15373-parent/stage0/src/../stdlib//Init/Data/Order/LemmasExtra.c
[    ] Building /workspace/shared/lean4-pr15373-parent/stage0/src/../stdlib//Init/Data/Order/ClassesExtra.c
[    ] Building /workspace/shared/lean4-pr15373-parent/stage0/src/../stdlib//Init/Data/Order/PackageFactories.c
[    ] Building /workspace/shared/lean4-pr15373-parent/stage0/src/../stdlib//Init/RCases.c
[    ] Building /workspace/shared/lean4-pr15373-parent/stage0/src/../stdlib//Init/WFExtrinsicFix.c
[    ] Building /workspace/shared/lean4-pr15373-parent/stage0/src/../stdlib//Init/WFComputable.c
[    ] Building /workspace/shared/lean4-pr15373-parent/stage0/src/../stdlib//Init/Prelude.c
[    ] Building /workspace/shared/lean4-pr15373-parent/stage0/src/../stdlib//Init/MetaTypes.c
[    ] Building /workspace/shared/lean4-pr15373-parent/stage0/src/../stdlib//Init/Task.c
[    ] Building /workspace/shared/lean4-pr15373-parent/stage0/src/../stdlib//Init/SizeOfLemmas.c
[    ] Building /workspace/shared/lean4-pr15373-parent/stage0/src/../stdlib//Init/Conv.c
[    ] Building /workspace/shared/lean4-pr15373-parent/stage0/src/../stdlib//Init/Tactics.c
[    ] Building /workspace/shared/lean4-pr15373-parent/stage0/src/../stdlib//Init.c
[    ] Building /workspace/shared/lean4-pr15373-parent/stage0/src/../stdlib//Std/Tactic.c
[    ] Building /workspace/shared/lean4-pr15373-parent/stage0/src/../stdlib//Std/Internal.c
[    ] Building /workspace/shared/lean4-pr15373-parent/stage0/src/../stdlib//Std/WP.c
[    ] Building /workspace/shared/lean4-pr15373-parent/stage0/src/../stdlib//Std/Async.c
[    ] Building /workspace/shared/lean4-pr15373-parent/stage0/src/../stdlib//Std/Net.c
[    ] Building /workspace/shared/lean4-pr15373-parent/stage0/src/../stdlib//Std/Async/Basic.c
[    ] Building /workspace/shared/lean4-pr15373-parent/stage0/src/../stdlib//Std/Async/IO.c
[    ] Building /workspace/shared/lean4-pr15373-parent/stage0/src/../stdlib//Std/Async/ContextAsync.c
[    ] Building /workspace/shared/lean4-pr15373-parent/stage0/src/../stdlib//Std/Async/UDP.c
[    ] Building /workspace/shared/lean4-pr15373-parent/stage0/src/../stdlib//Std/Async/DNS.c
[    ] Building /workspace/shared/lean4-pr15373-parent/stage0/src/../stdlib//Std/Async/Process.c
[    ] Building /workspace/shared/lean4-pr15373-parent/stage0/src/../stdlib//Std/Async/System.c
[    ] Building /workspace/shared/lean4-pr15373-parent/stage0/src/../stdlib//Std/Async/Signal.c
[    ] Building /workspace/shared/lean4-pr15373-parent/stage0/src/../stdlib//Std/Async/Select.c
[    ] Building /workspace/shared/lean4-pr15373-parent/stage0/src/../stdlib//Std/Async/TCP.c
[    ] Building /workspace/shared/lean4-pr15373-parent/stage0/src/../stdlib//Std/Async/Timer.c
[    ] Building /workspace/shared/lean4-pr15373-parent/stage0/src/../stdlib//Std/Sat.c
[    ] Building /workspace/shared/lean4-pr15373-parent/stage0/src/../stdlib//Std/Do.c
[    ] Building /workspace/shared/lean4-pr15373-parent/stage0/src/../stdlib//Std/Tactic/BVDecide.c
[    ] Building /workspace/shared/lean4-pr15373-parent/stage0/src/../stdlib//Std/Tactic/Do.c
[    ] Building /workspace/shared/lean4-pr15373-parent/stage0/src/../stdlib//Std/Tactic/BVDecide/Normalize/BitVec.c
[    ] Building /workspace/shared/lean4-pr15373-parent/stage0/src/../stdlib//Std/Tactic/BVDecide/Normalize/Canonicalize.c
[    ] Building /workspace/shared/lean4-pr15373-parent/stage0/src/../stdlib//Std/Tactic/BVDecide/Normalize/Equal.c
[    ] Building /workspace/shared/lean4-pr15373-parent/stage0/src/../stdlib//Std/Tactic/BVDecide/Normalize/Bool.c
[    ] Building /workspace/shared/lean4-pr15373-parent/stage0/src/../stdlib//Std/Tactic/BVDecide/Normalize/Prop.c
[    ] Building /workspace/shared/lean4-pr15373-parent/stage0/src/../stdlib//Std/Tactic/BVDecide/Normalize.c
[    ] Building /workspace/shared/lean4-pr15373-parent/stage0/src/../stdlib//Std/Tactic/BVDecide/Syntax.c
[    ] Building /workspace/shared/lean4-pr15373-parent/stage0/src/../stdlib//Std/Tactic/BVDecide/Bitblast.c
[    ] Building /workspace/shared/lean4-pr15373-parent/stage0/src/../stdlib//Std/Tactic/BVDecide/Bitblast/BVExpr/Basic.c
[    ] Building /workspace/shared/lean4-pr15373-parent/stage0/src/../stdlib//Std/Tactic/BVDecide/Bitblast/BVExpr/Circuit.c
[    ] Building /workspace/shared/lean4-pr15373-parent/stage0/src/../stdlib//Std/Tactic/BVDecide/Bitblast/BVExpr/Circuit/Lemmas.c
[    ] Building /workspace/shared/lean4-pr15373-parent/stage0/src/../stdlib//Std/Tactic/BVDecide/Bitblast/BVExpr/Circuit/Impl/Var.c
[    ] Building /workspace/shared/lean4-pr15373-parent/stage0/src/../stdlib//Std/Tactic/BVDecide/Bitblast/BVExpr/Circuit/Impl/Expr.c
[    ] Building /workspace/shared/lean4-pr15373-parent/stage0/src/../stdlib//Std/Tactic/BVDecide/Bitblast/BVExpr/Circuit/Impl/Const.c
[    ] Building /workspace/shared/lean4-pr15373-parent/stage0/src/../stdlib//Std/Tactic/BVDecide/Bitblast/BVExpr/Circuit/Impl/Carry.c
[    ] Building /workspace/shared/lean4-pr15373-parent/stage0/src/../stdlib//Std/Tactic/BVDecide/Bitblast/BVExpr/Circuit/Impl/Pred.c
[    ] Building /workspace/shared/lean4-pr15373-parent/stage0/src/../stdlib//Std/Tactic/BVDecide/Bitblast/BVExpr/Circuit/Impl/Operations/Sub.c
[    ] Building /workspace/shared/lean4-pr15373-parent/stage0/src/../stdlib//Std/Tactic/BVDecide/Bitblast/BVExpr/Circuit/Impl/Operations/ZeroExtend.c
[    ] Building /workspace/shared/lean4-pr15373-parent/stage0/src/../stdlib//Std/Tactic/BVDecide/Bitblast/BVExpr/Circuit/Impl/Operations/Ult.c
[    ] Building /workspace/shared/lean4-pr15373-parent/stage0/src/../stdlib//Std/Tactic/BVDecide/Bitblast/BVExpr/Circuit/Impl/Operations/Udiv.c
[    ] Building /workspace/shared/lean4-pr15373-parent/stage0/src/../stdlib//Std/Tactic/BVDecide/Bitblast/BVExpr/Circuit/Impl/Operations/Append.c
[    ] Building /workspace/shared/lean4-pr15373-parent/stage0/src/../stdlib//Std/Tactic/BVDecide/Bitblast/BVExpr/Circuit/Impl/Operations/Mul.c
[    ] Building /workspace/shared/lean4-pr15373-parent/stage0/src/../stdlib//Std/Tactic/BVDecide/Bitblast/BVExpr/Circuit/Impl/Operations/RotateLeft.c
[    ] Building /workspace/shared/lean4-pr15373-parent/stage0/src/../stdlib//Std/Tactic/BVDecide/Bitblast/BVExpr/Circuit/Impl/Operations/RotateRight.c
[    ] Building /workspace/shared/lean4-pr15373-parent/stage0/src/../stdlib//Std/Tactic/BVDecide/Bitblast/BVExpr/Circuit/Impl/Operations/Reverse.c
[    ] Building /workspace/shared/lean4-pr15373-parent/stage0/src/../stdlib//Std/Tactic/BVDecide/Bitblast/BVExpr/Circuit/Impl/Operations/GetLsbD.c
[    ] Building /workspace/shared/lean4-pr15373-parent/stage0/src/../stdlib//Std/Tactic/BVDecide/Bitblast/BVExpr/Circuit/Impl/Operations/ShiftRight.c
[    ] Building /workspace/shared/lean4-pr15373-parent/stage0/src/../stdlib//Std/Tactic/BVDecide/Bitblast/BVExpr/Circuit/Impl/Operations/Cpop.c
[    ] Building /workspace/shared/lean4-pr15373-parent/stage0/src/../stdlib//Std/Tactic/BVDecide/Bitblast/BVExpr/Circuit/Impl/Operations/Umod.c
[    ] Building /workspace/shared/lean4-pr15373-parent/stage0/src/../stdlib//Std/Tactic/BVDecide/Bitblast/BVExpr/Circuit/Impl/Operations/ShiftLeft.c
[    ] Building /workspace/shared/lean4-pr15373-parent/stage0/src/../stdlib//Std/Tactic/BVDecide/Bitblast/BVExpr/Circuit/Impl/Operations/Add.c
[    ] Building /workspace/shared/lean4-pr15373-parent/stage0/src/../stdlib//Std/Tactic/BVDecide/Bitblast/BVExpr/Circuit/Impl/Operations/Replicate.c
[    ] Building /workspace/shared/lean4-pr15373-parent/stage0/src/../stdlib//Std/Tactic/BVDecide/Bitblast/BVExpr/Circuit/Impl/Operations/Clz.c
[    ] Building /workspace/shared/lean4-pr15373-parent/stage0/src/../stdlib//Std/Tactic/BVDecide/Bitblast/BVExpr/Circuit/Impl/Operations/Extract.c
[    ] Building /workspace/shared/lean4-pr15373-parent/stage0/src/../stdlib//Std/Tactic/BVDecide/Bitblast/BVExpr/Circuit/Impl/Operations/Neg.c
[    ] Building /workspace/shared/lean4-pr15373-parent/stage0/src/../stdlib//Std/Tactic/BVDecide/Bitblast/BVExpr/Circuit/Impl/Operations/Eq.c
[    ] Building /workspace/shared/lean4-pr15373-parent/stage0/src/../stdlib//Std/Tactic/BVDecide/Bitblast/BVExpr/Circuit/Impl/Operations/Not.c
[    ] Building /workspace/shared/lean4-pr15373-parent/stage0/src/../stdlib//Std/Tactic/BVDecide/Bitblast/BVExpr/Circuit/Impl/Substructure.c
[    ] Building /workspace/shared/lean4-pr15373-parent/stage0/src/../stdlib//Std/Tactic/BVDecide/Bitblast/BVExpr/Circuit/Lemmas/Basic.c
[    ] Building /workspace/shared/lean4-pr15373-parent/stage0/src/../stdlib//Std/Tactic/BVDecide/Bitblast/BVExpr/Circuit/Lemmas/Var.c
[    ] Building /workspace/shared/lean4-pr15373-parent/stage0/src/../stdlib//Std/Tactic/BVDecide/Bitblast/BVExpr/Circuit/Lemmas/Expr.c
[    ] Building /workspace/shared/lean4-pr15373-parent/stage0/src/../stdlib//Std/Tactic/BVDecide/Bitblast/BVExpr/Circuit/Lemmas/Const.c
[    ] Building /workspace/shared/lean4-pr15373-parent/stage0/src/../stdlib//Std/Tactic/BVDecide/Bitblast/BVExpr/Circuit/Lemmas/Carry.c
[    ] Building /workspace/shared/lean4-pr15373-parent/stage0/src/../stdlib//Std/Tactic/BVDecide/Bitblast/BVExpr/Circuit/Lemmas/Pred.c
[    ] Building /workspace/shared/lean4-pr15373-parent/stage0/src/../stdlib//Std/Tactic/BVDecide/Bitblast/BVExpr/Circuit/Lemmas/Operations/Sub.c
[    ] Building /workspace/shared/lean4-pr15373-parent/stage0/src/../stdlib//Std/Tactic/BVDecide/Bitblast/BVExpr/Circuit/Lemmas/Operations/ZeroExtend.c
[    ] Building /workspace/shared/lean4-pr15373-parent/stage0/src/../stdlib//Std/Tactic/BVDecide/Bitblast/BVExpr/Circuit/Lemmas/Operations/Ult.c
[    ] Building /workspace/shared/lean4-pr15373-parent/stage0/src/../stdlib//Std/Tactic/BVDecide/Bitblast/BVExpr/Circuit/Lemmas/Operations/Udiv.c
[    ] Building /workspace/shared/lean4-pr15373-parent/stage0/src/../stdlib//Std/Tactic/BVDecide/Bitblast/BVExpr/Circuit/Lemmas/Operations/Append.c
[    ] Building /workspace/shared/lean4-pr15373-parent/stage0/src/../stdlib//Std/Tactic/BVDecide/Bitblast/BVExpr/Circuit/Lemmas/Operations/Mul.c
[    ] Building /workspace/shared/lean4-pr15373-parent/stage0/src/../stdlib//Std/Tactic/BVDecide/Bitblast/BVExpr/Circuit/Lemmas/Operations/RotateLeft.c
[    ] Building /workspace/shared/lean4-pr15373-parent/stage0/src/../stdlib//Std/Tactic/BVDecide/Bitblast/BVExpr/Circuit/Lemmas/Operations/RotateRight.c
[    ] Building /workspace/shared/lean4-pr15373-parent/stage0/src/../stdlib//Std/Tactic/BVDecide/Bitblast/BVExpr/Circuit/Lemmas/Operations/Reverse.c
[    ] Building /workspace/shared/lean4-pr15373-parent/stage0/src/../stdlib//Std/Tactic/BVDecide/Bitblast/BVExpr/Circuit/Lemmas/Operations/GetLsbD.c
[    ] Building /workspace/shared/lean4-pr15373-parent/stage0/src/../stdlib//Std/Tactic/BVDecide/Bitblast/BVExpr/Circuit/Lemmas/Operations/ShiftRight.c
[    ] Building /workspace/shared/lean4-pr15373-parent/stage0/src/../stdlib//Std/Tactic/BVDecide/Bitblast/BVExpr/Circuit/Lemmas/Operations/Cpop.c
[    ] Building /workspace/shared/lean4-pr15373-parent/stage0/src/../stdlib//Std/Tactic/BVDecide/Bitblast/BVExpr/Circuit/Lemmas/Operations/Umod.c
[    ] Building /workspace/shared/lean4-pr15373-parent/stage0/src/../stdlib//Std/Tactic/BVDecide/Bitblast/BVExpr/Circuit/Lemmas/Operations/ShiftLeft.c
[    ] Building /workspace/shared/lean4-pr15373-parent/stage0/src/../stdlib//Std/Tactic/BVDecide/Bitblast/BVExpr/Circuit/Lemmas/Operations/Add.c
[    ] Building /workspace/shared/lean4-pr15373-parent/stage0/src/../stdlib//Std/Tactic/BVDecide/Bitblast/BVExpr/Circuit/Lemmas/Operations/Replicate.c
[    ] Building /workspace/shared/lean4-pr15373-parent/stage0/src/../stdlib//Std/Tactic/BVDecide/Bitblast/BVExpr/Circuit/Lemmas/Operations/Clz.c
[    ] Building /workspace/shared/lean4-pr15373-parent/stage0/src/../stdlib//Std/Tactic/BVDecide/Bitblast/BVExpr/Circuit/Lemmas/Operations/Extract.c
[    ] Building /workspace/shared/lean4-pr15373-parent/stage0/src/../stdlib//Std/Tactic/BVDecide/Bitblast/BVExpr/Circuit/Lemmas/Operations/Neg.c
[    ] Building /workspace/shared/lean4-pr15373-parent/stage0/src/../stdlib//Std/Tactic/BVDecide/Bitblast/BVExpr/Circuit/Lemmas/Operations/Eq.c
[    ] Building /workspace/shared/lean4-pr15373-parent/stage0/src/../stdlib//Std/Tactic/BVDecide/Bitblast/BVExpr/Circuit/Lemmas/Operations/Not.c
[    ] Building /workspace/shared/lean4-pr15373-parent/stage0/src/../stdlib//Std/Tactic/BVDecide/Bitblast/BVExpr/Circuit/Impl.c
[    ] Building /workspace/shared/lean4-pr15373-parent/stage0/src/../stdlib//Std/Tactic/BVDecide/Bitblast/BoolExpr/Basic.c
[    ] Building /workspace/shared/lean4-pr15373-parent/stage0/src/../stdlib//Std/Tactic/BVDecide/Bitblast/BVExpr.c
[    ] Building /workspace/shared/lean4-pr15373-parent/stage0/src/../stdlib//Std/Tactic/BVDecide/Bitblast/BoolExpr.c
[    ] Building /workspace/shared/lean4-pr15373-parent/stage0/src/../stdlib//Std/Tactic/BVDecide/LRAT.c
[    ] Building /workspace/shared/lean4-pr15373-parent/stage0/src/../stdlib//Std/Tactic/BVDecide/LRAT/Parser.c
[    ] Building /workspace/shared/lean4-pr15373-parent/stage0/src/../stdlib//Std/Tactic/BVDecide/LRAT/Checker.c
[    ] Building /workspace/shared/lean4-pr15373-parent/stage0/src/../stdlib//Std/Tactic/BVDecide/LRAT/Internal.c
[    ] Building /workspace/shared/lean4-pr15373-parent/stage0/src/../stdlib//Std/Tactic/BVDecide/LRAT/Actions.c
[    ] Building /workspace/shared/lean4-pr15373-parent/stage0/src/../stdlib//Std/Tactic/BVDecide/LRAT/Internal/Assignment.c
[    ] Building /workspace/shared/lean4-pr15373-parent/stage0/src/../stdlib//Std/Tactic/BVDecide/LRAT/Internal/Basic.c
[    ] Building /workspace/shared/lean4-pr15373-parent/stage0/src/../stdlib//Std/Tactic/BVDecide/LRAT/Internal/Rup.c
[    ] Building /workspace/shared/lean4-pr15373-parent/stage0/src/../stdlib//Std/Tactic/BVDecide/LRAT/Internal/Checker.c
[    ] Building /workspace/shared/lean4-pr15373-parent/stage0/src/../stdlib//Std/Tactic/BVDecide/LRAT/Internal/Delete.c
[    ] Building /workspace/shared/lean4-pr15373-parent/stage0/src/../stdlib//Std/Tactic/BVDecide/LRAT/Internal/Rat.c
[    ] Building /workspace/shared/lean4-pr15373-parent/stage0/src/../stdlib//Std/Tactic/BVDecide/LRAT/Internal/Add.c
[    ] Building /workspace/shared/lean4-pr15373-parent/stage0/src/../stdlib//Std/Tactic/BVDecide/LRAT/Internal/Empty.c
[    ] Building /workspace/shared/lean4-pr15373-parent/stage0/src/../stdlib//Std/Tactic/BVDecide/Reflect.c
[    ] Building /workspace/shared/lean4-pr15373-parent/stage0/src/../stdlib//Std/Tactic/Do/Syntax.c
[    ] Building /workspace/shared/lean4-pr15373-parent/stage0/src/../stdlib//Std/Tactic/Do/ProofMode.c
[    ] Building /workspace/shared/lean4-pr15373-parent/stage0/src/../stdlib//Std/Http.c
[    ] Building /workspace/shared/lean4-pr15373-parent/stage0/src/../stdlib//Std/Sync/Basic.c
[    ] Building /workspace/shared/lean4-pr15373-parent/stage0/src/../stdlib//Std/Sync/Mutex.c
[    ] Building /workspace/shared/lean4-pr15373-parent/stage0/src/../stdlib//Std/Sync/CancellationContext.c
[    ] Building /workspace/shared/lean4-pr15373-parent/stage0/src/../stdlib//Std/Sync/Barrier.c
[    ] Building /workspace/shared/lean4-pr15373-parent/stage0/src/../stdlib//Std/Sync/StreamMap.c
[    ] Building /workspace/shared/lean4-pr15373-parent/stage0/src/../stdlib//Std/Sync/RecursiveMutex.c
[    ] Building /workspace/shared/lean4-pr15373-parent/stage0/src/../stdlib//Std/Sync/SharedMutex.c
[    ] Building /workspace/shared/lean4-pr15373-parent/stage0/src/../stdlib//Std/Sync/CancellationToken.c
[    ] Building /workspace/shared/lean4-pr15373-parent/stage0/src/../stdlib//Std/Sync/Notify.c
[    ] Building /workspace/shared/lean4-pr15373-parent/stage0/src/../stdlib//Std/Sync/Semaphore.c
[    ] Building /workspace/shared/lean4-pr15373-parent/stage0/src/../stdlib//Std/Sync/Broadcast.c
[    ] Building /workspace/shared/lean4-pr15373-parent/stage0/src/../stdlib//Std/Sync/Channel.c
[    ] Building /workspace/shared/lean4-pr15373-parent/stage0/src/../stdlib//Std/Data.c
[    ] Building /workspace/shared/lean4-pr15373-parent/stage0/src/../stdlib//Std/Http/Server/Handler.c
[    ] Building /workspace/shared/lean4-pr15373-parent/stage0/src/../stdlib//Std/Http/Server/Config.c
[    ] Building /workspace/shared/lean4-pr15373-parent/stage0/src/../stdlib//Std/Http/Server/Connection.c
[    ] Building /workspace/shared/lean4-pr15373-parent/stage0/src/../stdlib//Std/Http/Internal.c
[    ] Building /workspace/shared/lean4-pr15373-parent/stage0/src/../stdlib//Std/Http/Server.c
[    ] Building /workspace/shared/lean4-pr15373-parent/stage0/src/../stdlib//Std/Http/Data.c
[    ] Building /workspace/shared/lean4-pr15373-parent/stage0/src/../stdlib//Std/Http/Test/Helpers.c
[    ] Building /workspace/shared/lean4-pr15373-parent/stage0/src/../stdlib//Std/Http/Protocol/H1.c
[    ] Building /workspace/shared/lean4-pr15373-parent/stage0/src/../stdlib//Std/Http/Protocol/H1/Redirect.c
[    ] Building /workspace/shared/lean4-pr15373-parent/stage0/src/../stdlib//Std/Http/Protocol/H1/Parser.c
[    ] Building /workspace/shared/lean4-pr15373-parent/stage0/src/../stdlib//Std/Http/Protocol/H1/Config.c
[    ] Building /workspace/shared/lean4-pr15373-parent/stage0/src/../stdlib//Std/Http/Protocol/H1/Error.c
[    ] Building /workspace/shared/lean4-pr15373-parent/stage0/src/../stdlib//Std/Http/Protocol/H1/Event.c
[    ] Building /workspace/shared/lean4-pr15373-parent/stage0/src/../stdlib//Std/Http/Protocol/H1/Reader.c
[    ] Building /workspace/shared/lean4-pr15373-parent/stage0/src/../stdlib//Std/Http/Protocol/H1/Message.c
[    ] Building /workspace/shared/lean4-pr15373-parent/stage0/src/../stdlib//Std/Http/Protocol/H1/Writer.c
[    ] Building /workspace/shared/lean4-pr15373-parent/stage0/src/../stdlib//Std/Http/Internal/String.c
[    ] Building /workspace/shared/lean4-pr15373-parent/stage0/src/../stdlib//Std/Http/Internal/LowerCase.c
[    ] Building /workspace/shared/lean4-pr15373-parent/stage0/src/../stdlib//Std/Http/Internal/IndexMultiMap.c
[    ] Building /workspace/shared/lean4-pr15373-parent/stage0/src/../stdlib//Std/Http/Internal/Encode.c
[    ] Building /workspace/shared/lean4-pr15373-parent/stage0/src/../stdlib//Std/Http/Internal/Char.c
[    ] Building /workspace/shared/lean4-pr15373-parent/stage0/src/../stdlib//Std/Http/Internal/ChunkedBuffer.c
[    ] Building /workspace/shared/lean4-pr15373-parent/stage0/src/../stdlib//Std/Http/Data/URI.c
[    ] Building /workspace/shared/lean4-pr15373-parent/stage0/src/../stdlib//Std/Http/Data/Extensions.c
[    ] Building /workspace/shared/lean4-pr15373-parent/stage0/src/../stdlib//Std/Http/Data/Version.c
[    ] Building /workspace/shared/lean4-pr15373-parent/stage0/src/../stdlib//Std/Http/Data/URI/Basic.c
[    ] Building /workspace/shared/lean4-pr15373-parent/stage0/src/../stdlib//Std/Http/Data/URI/Parser.c
[    ] Building /workspace/shared/lean4-pr15373-parent/stage0/src/../stdlib//Std/Http/Data/URI/Encoding.c
[    ] Building /workspace/shared/lean4-pr15373-parent/stage0/src/../stdlib//Std/Http/Data/URI/Config.c
[    ] Building /workspace/shared/lean4-pr15373-parent/stage0/src/../stdlib//Std/Http/Data/Body/Length.c
[    ] Building /workspace/shared/lean4-pr15373-parent/stage0/src/../stdlib//Std/Http/Data/Body/Basic.c
[    ] Building /workspace/shared/lean4-pr15373-parent/stage0/src/../stdlib//Std/Http/Data/Body/Full.c
[    ] Building /workspace/shared/lean4-pr15373-parent/stage0/src/../stdlib//Std/Http/Data/Body/Stream.c
[    ] Building /workspace/shared/lean4-pr15373-parent/stage0/src/../stdlib//Std/Http/Data/Body/Replayable.c
[    ] Building /workspace/shared/lean4-pr15373-parent/stage0/src/../stdlib//Std/Http/Data/Body/Any.c
[    ] Building /workspace/shared/lean4-pr15373-parent/stage0/src/../stdlib//Std/Http/Data/Body/Empty.c
[    ] Building /workspace/shared/lean4-pr15373-parent/stage0/src/../stdlib//Std/Http/Data/Chunk.c
[    ] Building /workspace/shared/lean4-pr15373-parent/stage0/src/../stdlib//Std/Http/Data/Method.c
[    ] Building /workspace/shared/lean4-pr15373-parent/stage0/src/../stdlib//Std/Http/Data/Status.c
[    ] Building /workspace/shared/lean4-pr15373-parent/stage0/src/../stdlib//Std/Http/Data/Response.c
[    ] Building /workspace/shared/lean4-pr15373-parent/stage0/src/../stdlib//Std/Http/Data/Request.c
[    ] Building /workspace/shared/lean4-pr15373-parent/stage0/src/../stdlib//Std/Http/Data/Headers/Basic.c
[    ] Building /workspace/shared/lean4-pr15373-parent/stage0/src/../stdlib//Std/Http/Data/Headers/Name.c
[    ] Building /workspace/shared/lean4-pr15373-parent/stage0/src/../stdlib//Std/Http/Data/Headers/Value.c
[    ] Building /workspace/shared/lean4-pr15373-parent/stage0/src/../stdlib//Std/Http/Data/Body.c
[    ] Building /workspace/shared/lean4-pr15373-parent/stage0/src/../stdlib//Std/Http/Data/Headers.c
[    ] Building /workspace/shared/lean4-pr15373-parent/stage0/src/../stdlib//Std/Http/Transport.c
[    ] Building /workspace/shared/lean4-pr15373-parent/stage0/src/../stdlib//Std/WP/Basic.c
[    ] Building /workspace/shared/lean4-pr15373-parent/stage0/src/../stdlib//Std/WP/Frame.c
[    ] Building /workspace/shared/lean4-pr15373-parent/stage0/src/../stdlib//Std/WP/EStack.c
[    ] Building /workspace/shared/lean4-pr15373-parent/stage0/src/../stdlib//Std/WP/Monad/Basic.c
[    ] Building /workspace/shared/lean4-pr15373-parent/stage0/src/../stdlib//Std/WP/Monad/Frame.c
[    ] Building /workspace/shared/lean4-pr15373-parent/stage0/src/../stdlib//Std/WP/Monad/Lemmas.c
[    ] Building /workspace/shared/lean4-pr15373-parent/stage0/src/../stdlib//Std/WP/Monad/Instances.c
[    ] Building /workspace/shared/lean4-pr15373-parent/stage0/src/../stdlib//Std/WP/Monad/Conjunctive.c
[    ] Building /workspace/shared/lean4-pr15373-parent/stage0/src/../stdlib//Std/WP/Monad/Sound.c
[    ] Building /workspace/shared/lean4-pr15373-parent/stage0/src/../stdlib//Std/WP/Conjunctive.c
[    ] Building /workspace/shared/lean4-pr15373-parent/stage0/src/../stdlib//Std/WP/Gadget/ForIn.c
[    ] Building /workspace/shared/lean4-pr15373-parent/stage0/src/../stdlib//Std/WP/Gadget/Assert.c
[    ] Building /workspace/shared/lean4-pr15373-parent/stage0/src/../stdlib//Std/WP/Monad.c
[    ] Building /workspace/shared/lean4-pr15373-parent/stage0/src/../stdlib//Std/WP/Triple/Basic.c
[    ] Building /workspace/shared/lean4-pr15373-parent/stage0/src/../stdlib//Std/WP/Triple/Conjunctive.c
[    ] Building /workspace/shared/lean4-pr15373-parent/stage0/src/../stdlib//Std/WP/Triple/SpecLemmas.c
[    ] Building /workspace/shared/lean4-pr15373-parent/stage0/src/../stdlib//Std/WP/Triple/Monad.c
[    ] Building /workspace/shared/lean4-pr15373-parent/stage0/src/../stdlib//Std/WP/Triple.c
[    ] Building /workspace/shared/lean4-pr15373-parent/stage0/src/../stdlib//Std/WP/Assertion.c
[    ] Building /workspace/shared/lean4-pr15373-parent/stage0/src/../stdlib//Std/Internal/ForIn.c
[    ] Building /workspace/shared/lean4-pr15373-parent/stage0/src/../stdlib//Std/Internal/ForIn/Basic.c
[    ] Building /workspace/shared/lean4-pr15373-parent/stage0/src/../stdlib//Std/Internal/ForIn/Lemmas.c
[    ] Building /workspace/shared/lean4-pr15373-parent/stage0/src/../stdlib//Std/Internal/UV.c
[    ] Building /workspace/shared/lean4-pr15373-parent/stage0/src/../stdlib//Std/Internal/Parsec.c
[    ] Building /workspace/shared/lean4-pr15373-parent/stage0/src/../stdlib//Std/Internal/Parsec/Basic.c
[    ] Building /workspace/shared/lean4-pr15373-parent/stage0/src/../stdlib//Std/Internal/Parsec/String.c
[    ] Building /workspace/shared/lean4-pr15373-parent/stage0/src/../stdlib//Std/Internal/Parsec/ByteArray.c
[    ] Building /workspace/shared/lean4-pr15373-parent/stage0/src/../stdlib//Std/Internal/UV/UDP.c
[    ] Building /workspace/shared/lean4-pr15373-parent/stage0/src/../stdlib//Std/Internal/UV/DNS.c
[    ] Building /workspace/shared/lean4-pr15373-parent/stage0/src/../stdlib//Std/Internal/UV/System.c
[    ] Building /workspace/shared/lean4-pr15373-parent/stage0/src/../stdlib//Std/Internal/UV/Signal.c
[    ] Building /workspace/shared/lean4-pr15373-parent/stage0/src/../stdlib//Std/Internal/UV/TCP.c
[    ] Building /workspace/shared/lean4-pr15373-parent/stage0/src/../stdlib//Std/Internal/UV/Timer.c
[    ] Building /workspace/shared/lean4-pr15373-parent/stage0/src/../stdlib//Std/Internal/UV/Loop.c
[    ] Building /workspace/shared/lean4-pr15373-parent/stage0/src/../stdlib//Std/Internal/Order/Basic.c
[    ] Building /workspace/shared/lean4-pr15373-parent/stage0/src/../stdlib//Std/Internal/Order/PropLattice.c
[    ] Building /workspace/shared/lean4-pr15373-parent/stage0/src/../stdlib//Std/Internal/Order/Heyting.c
[    ] Building /workspace/shared/lean4-pr15373-parent/stage0/src/../stdlib//Std/Internal/Order/Lemmas.c
[    ] Building /workspace/shared/lean4-pr15373-parent/stage0/src/../stdlib//Std/Internal/Order/PreservesSup.c
[    ] Building /workspace/shared/lean4-pr15373-parent/stage0/src/../stdlib//Std/Internal/Order/PredTrans.c
[    ] Building /workspace/shared/lean4-pr15373-parent/stage0/src/../stdlib//Std/Internal/Order/Instances.c
[    ] Building /workspace/shared/lean4-pr15373-parent/stage0/src/../stdlib//Std/Internal/Order/OfProp.c
[    ] Building /workspace/shared/lean4-pr15373-parent/stage0/src/../stdlib//Std/Internal/Order/FrameClosure.c
[    ] Building /workspace/shared/lean4-pr15373-parent/stage0/src/../stdlib//Std/Net/Addr.c
[    ] Building /workspace/shared/lean4-pr15373-parent/stage0/src/../stdlib//Std/Sat/AIG.c
[    ] Building /workspace/shared/lean4-pr15373-parent/stage0/src/../stdlib//Std/Sat/AIG/Basic.c
[    ] Building /workspace/shared/lean4-pr15373-parent/stage0/src/../stdlib//Std/Sat/AIG/RefVecOperator.c
[    ] Building /workspace/shared/lean4-pr15373-parent/stage0/src/../stdlib//Std/Sat/AIG/RelabelNat.c
[    ] Building /workspace/shared/lean4-pr15373-parent/stage0/src/../stdlib//Std/Sat/AIG/Lemmas.c
[    ] Building /workspace/shared/lean4-pr15373-parent/stage0/src/../stdlib//Std/Sat/AIG/LawfulOperator.c
[    ] Building /workspace/shared/lean4-pr15373-parent/stage0/src/../stdlib//Std/Sat/AIG/Relabel.c
[    ] Building /workspace/shared/lean4-pr15373-parent/stage0/src/../stdlib//Std/Sat/AIG/CachedGates.c
[    ] Building /workspace/shared/lean4-pr15373-parent/stage0/src/../stdlib//Std/Sat/AIG/CachedLemmas.c
[    ] Building /workspace/shared/lean4-pr15373-parent/stage0/src/../stdlib//Std/Sat/AIG/CNF.c
[    ] Building /workspace/shared/lean4-pr15373-parent/stage0/src/../stdlib//Std/Sat/AIG/Cached.c
[    ] Building /workspace/shared/lean4-pr15373-parent/stage0/src/../stdlib//Std/Sat/AIG/RefVec.c
[    ] Building /workspace/shared/lean4-pr15373-parent/stage0/src/../stdlib//Std/Sat/AIG/RefVecOperator/Zip.c
[    ] Building /workspace/shared/lean4-pr15373-parent/stage0/src/../stdlib//Std/Sat/AIG/RefVecOperator/Fold.c
[    ] Building /workspace/shared/lean4-pr15373-parent/stage0/src/../stdlib//Std/Sat/AIG/RefVecOperator/Map.c
[    ] Building /workspace/shared/lean4-pr15373-parent/stage0/src/../stdlib//Std/Sat/AIG/CachedGatesLemmas.c
[    ] Building /workspace/shared/lean4-pr15373-parent/stage0/src/../stdlib//Std/Sat/AIG/LawfulVecOperator.c
[    ] Building /workspace/shared/lean4-pr15373-parent/stage0/src/../stdlib//Std/Sat/AIG/If.c
[    ] Building /workspace/shared/lean4-pr15373-parent/stage0/src/../stdlib//Std/Sat/CNF.c
[    ] Building /workspace/shared/lean4-pr15373-parent/stage0/src/../stdlib//Std/Sat/CNF/Basic.c
[    ] Building /workspace/shared/lean4-pr15373-parent/stage0/src/../stdlib//Std/Sat/CNF/Dimacs.c
[    ] Building /workspace/shared/lean4-pr15373-parent/stage0/src/../stdlib//Std/Sat/CNF/Literal.c
[    ] Building /workspace/shared/lean4-pr15373-parent/stage0/src/../stdlib//Std/Sat/CNF/Redundancy.c
[    ] Building /workspace/shared/lean4-pr15373-parent/stage0/src/../stdlib//Std/Sat/CNF/Sat.c
[    ] Building /workspace/shared/lean4-pr15373-parent/stage0/src/../stdlib//Std/Sat/CNF/Unit.c
[    ] Building /workspace/shared/lean4-pr15373-parent/stage0/src/../stdlib//Std/Sat/CNF/Relabel.c
[    ] Building /workspace/shared/lean4-pr15373-parent/stage0/src/../stdlib//Std/Sat/CNF/SpecLemmas.c
[    ] Building /workspace/shared/lean4-pr15373-parent/stage0/src/../stdlib//Std/Sat/CNF/Negation.c
[    ] Building /workspace/shared/lean4-pr15373-parent/stage0/src/../stdlib//Std/Sat/CNF/Entails.c
[    ] Building /workspace/shared/lean4-pr15373-parent/stage0/src/../stdlib//Std/Sat/CNF/RelabelFin.c
[    ] Building /workspace/shared/lean4-pr15373-parent/stage0/src/../stdlib//Std/Data/String.c
[    ] Building /workspace/shared/lean4-pr15373-parent/stage0/src/../stdlib//Std/Data/ExtDTreeMap.c
[    ] Building /workspace/shared/lean4-pr15373-parent/stage0/src/../stdlib//Std/Data/ExtTreeSet/Basic.c
[    ] Building /workspace/shared/lean4-pr15373-parent/stage0/src/../stdlib//Std/Data/ExtTreeSet/Lemmas.c
[    ] Building /workspace/shared/lean4-pr15373-parent/stage0/src/../stdlib//Std/Data/ExtHashMap/Basic.c
[    ] Building /workspace/shared/lean4-pr15373-parent/stage0/src/../stdlib//Std/Data/ExtHashMap/Lemmas.c
[    ] Building /workspace/shared/lean4-pr15373-parent/stage0/src/../stdlib//Std/Data/HashMap/Basic.c
[    ] Building /workspace/shared/lean4-pr15373-parent/stage0/src/../stdlib//Std/Data/HashMap/Lemmas.c
[    ] Building /workspace/shared/lean4-pr15373-parent/stage0/src/../stdlib//Std/Data/HashMap/Raw.c
[    ] Building /workspace/shared/lean4-pr15373-parent/stage0/src/../stdlib//Std/Data/HashMap/RawDecidableEquiv.c
[    ] Building /workspace/shared/lean4-pr15373-parent/stage0/src/../stdlib//Std/Data/HashMap/AdditionalOperations.c
[    ] Building /workspace/shared/lean4-pr15373-parent/stage0/src/../stdlib//Std/Data/HashMap/DecidableEquiv.c
[    ] Building /workspace/shared/lean4-pr15373-parent/stage0/src/../stdlib//Std/Data/HashMap/Iterator.c
[    ] Building /workspace/shared/lean4-pr15373-parent/stage0/src/../stdlib//Std/Data/HashMap/IteratorLemmas.c
[    ] Building /workspace/shared/lean4-pr15373-parent/stage0/src/../stdlib//Std/Data/HashMap/RawLemmas.c
[    ] Building /workspace/shared/lean4-pr15373-parent/stage0/src/../stdlib//Std/Data/ExtDHashMap/Basic.c
[    ] Building /workspace/shared/lean4-pr15373-parent/stage0/src/../stdlib//Std/Data/ExtDHashMap/Lemmas.c
[    ] Building /workspace/shared/lean4-pr15373-parent/stage0/src/../stdlib//Std/Data/TreeSet.c
[    ] Building /workspace/shared/lean4-pr15373-parent/stage0/src/../stdlib//Std/Data/ExtHashSet.c
[    ] Building /workspace/shared/lean4-pr15373-parent/stage0/src/../stdlib//Std/Data/HashMap.c
[    ] Building /workspace/shared/lean4-pr15373-parent/stage0/src/../stdlib//Std/Data/HashSet/Basic.c
[    ] Building /workspace/shared/lean4-pr15373-parent/stage0/src/../stdlib//Std/Data/HashSet/Lemmas.c
[    ] Building /workspace/shared/lean4-pr15373-parent/stage0/src/../stdlib//Std/Data/HashSet/Raw.c
[    ] Building /workspace/shared/lean4-pr15373-parent/stage0/src/../stdlib//Std/Data/HashSet/RawDecidableEquiv.c
[    ] Building /workspace/shared/lean4-pr15373-parent/stage0/src/../stdlib//Std/Data/HashSet/DecidableEquiv.c
[    ] Building /workspace/shared/lean4-pr15373-parent/stage0/src/../stdlib//Std/Data/HashSet/Iterator.c
[    ] Building /workspace/shared/lean4-pr15373-parent/stage0/src/../stdlib//Std/Data/HashSet/IteratorLemmas.c
[    ] Building /workspace/shared/lean4-pr15373-parent/stage0/src/../stdlib//Std/Data/HashSet/RawLemmas.c
[    ] Building /workspace/shared/lean4-pr15373-parent/stage0/src/../stdlib//Std/Data/Iterators/Consumers/Set.c
[    ] Building /workspace/shared/lean4-pr15373-parent/stage0/src/../stdlib//Std/Data/Iterators/Consumers/Monadic/Set.c
[    ] Building /workspace/shared/lean4-pr15373-parent/stage0/src/../stdlib//Std/Data/Iterators/Consumers/Monadic.c
[    ] Building /workspace/shared/lean4-pr15373-parent/stage0/src/../stdlib//Std/Data/Iterators/Lemmas.c
[    ] Building /workspace/shared/lean4-pr15373-parent/stage0/src/../stdlib//Std/Data/Iterators/Combinators/Zip.c
[    ] Building /workspace/shared/lean4-pr15373-parent/stage0/src/../stdlib//Std/Data/Iterators/Combinators/TakeWhile.c
[    ] Building /workspace/shared/lean4-pr15373-parent/stage0/src/../stdlib//Std/Data/Iterators/Combinators/Drop.c
[    ] Building /workspace/shared/lean4-pr15373-parent/stage0/src/../stdlib//Std/Data/Iterators/Combinators/Monadic/Zip.c
[    ] Building /workspace/shared/lean4-pr15373-parent/stage0/src/../stdlib//Std/Data/Iterators/Combinators/Monadic/TakeWhile.c
[    ] Building /workspace/shared/lean4-pr15373-parent/stage0/src/../stdlib//Std/Data/Iterators/Combinators/Monadic/Drop.c
[    ] Building /workspace/shared/lean4-pr15373-parent/stage0/src/../stdlib//Std/Data/Iterators/Combinators/Monadic/StepSize.c
[    ] Building /workspace/shared/lean4-pr15373-parent/stage0/src/../stdlib//Std/Data/Iterators/Combinators/Monadic/DropWhile.c
[    ] Building /workspace/shared/lean4-pr15373-parent/stage0/src/../stdlib//Std/Data/Iterators/Combinators/StepSize.c
[    ] Building /workspace/shared/lean4-pr15373-parent/stage0/src/../stdlib//Std/Data/Iterators/Combinators/DropWhile.c
[    ] Building /workspace/shared/lean4-pr15373-parent/stage0/src/../stdlib//Std/Data/Iterators/Combinators/Monadic.c
[    ] Building /workspace/shared/lean4-pr15373-parent/stage0/src/../stdlib//Std/Data/Iterators/Producers/Repeat.c
[    ] Building /workspace/shared/lean4-pr15373-parent/stage0/src/../stdlib//Std/Data/Iterators/Producers/Monadic/Array.c
[    ] Building /workspace/shared/lean4-pr15373-parent/stage0/src/../stdlib//Std/Data/Iterators/Producers/Monadic/Vector.c
[    ] Building /workspace/shared/lean4-pr15373-parent/stage0/src/../stdlib//Std/Data/Iterators/Producers/Monadic/Empty.c
[    ] Building /workspace/shared/lean4-pr15373-parent/stage0/src/../stdlib//Std/Data/Iterators/Producers/Slice.c
[    ] Building /workspace/shared/lean4-pr15373-parent/stage0/src/../stdlib//Std/Data/Iterators/Producers/Array.c
[    ] Building /workspace/shared/lean4-pr15373-parent/stage0/src/../stdlib//Std/Data/Iterators/Producers/Vector.c
[    ] Building /workspace/shared/lean4-pr15373-parent/stage0/src/../stdlib//Std/Data/Iterators/Producers/Range.c
[    ] Building /workspace/shared/lean4-pr15373-parent/stage0/src/../stdlib//Std/Data/Iterators/Producers/Monadic.c
[    ] Building /workspace/shared/lean4-pr15373-parent/stage0/src/../stdlib//Std/Data/Iterators/Producers/Empty.c
[    ] Building /workspace/shared/lean4-pr15373-parent/stage0/src/../stdlib//Std/Data/Iterators/Producers.c
[    ] Building /workspace/shared/lean4-pr15373-parent/stage0/src/../stdlib//Std/Data/Iterators/Consumers.c
[    ] Building /workspace/shared/lean4-pr15373-parent/stage0/src/../stdlib//Std/Data/Iterators/Combinators.c
[    ] Building /workspace/shared/lean4-pr15373-parent/stage0/src/../stdlib//Std/Data/Iterators/Lemmas/Consumers/Set.c
[    ] Building /workspace/shared/lean4-pr15373-parent/stage0/src/../stdlib//Std/Data/Iterators/Lemmas/Consumers/Monadic/Set.c
[    ] Building /workspace/shared/lean4-pr15373-parent/stage0/src/../stdlib//Std/Data/Iterators/Lemmas/Consumers/Monadic/Collect.c
[    ] Building /workspace/shared/lean4-pr15373-parent/stage0/src/../stdlib//Std/Data/Iterators/Lemmas/Consumers/Monadic/Loop.c
[    ] Building /workspace/shared/lean4-pr15373-parent/stage0/src/../stdlib//Std/Data/Iterators/Lemmas/Consumers/Monadic.c
[    ] Building /workspace/shared/lean4-pr15373-parent/stage0/src/../stdlib//Std/Data/Iterators/Lemmas/Consumers/Collect.c
[    ] Building /workspace/shared/lean4-pr15373-parent/stage0/src/../stdlib//Std/Data/Iterators/Lemmas/Consumers/Loop.c
[    ] Building /workspace/shared/lean4-pr15373-parent/stage0/src/../stdlib//Std/Data/Iterators/Lemmas/Combinators/Zip.c
[    ] Building /workspace/shared/lean4-pr15373-parent/stage0/src/../stdlib//Std/Data/Iterators/Lemmas/Combinators/TakeWhile.c
[    ] Building /workspace/shared/lean4-pr15373-parent/stage0/src/../stdlib//Std/Data/Iterators/Lemmas/Combinators/Drop.c
[    ] Building /workspace/shared/lean4-pr15373-parent/stage0/src/../stdlib//Std/Data/Iterators/Lemmas/Combinators/Monadic/Zip.c
[    ] Building /workspace/shared/lean4-pr15373-parent/stage0/src/../stdlib//Std/Data/Iterators/Lemmas/Combinators/Monadic/TakeWhile.c
[    ] Building /workspace/shared/lean4-pr15373-parent/stage0/src/../stdlib//Std/Data/Iterators/Lemmas/Combinators/Monadic/Drop.c
[    ] Building /workspace/shared/lean4-pr15373-parent/stage0/src/../stdlib//Std/Data/Iterators/Lemmas/Combinators/Monadic/FilterMap.c
[    ] Building /workspace/shared/lean4-pr15373-parent/stage0/src/../stdlib//Std/Data/Iterators/Lemmas/Combinators/Monadic/DropWhile.c
[    ] Building /workspace/shared/lean4-pr15373-parent/stage0/src/../stdlib//Std/Data/Iterators/Lemmas/Combinators/DropWhile.c
[    ] Building /workspace/shared/lean4-pr15373-parent/stage0/src/../stdlib//Std/Data/Iterators/Lemmas/Combinators/Monadic.c
[    ] Building /workspace/shared/lean4-pr15373-parent/stage0/src/../stdlib//Std/Data/Iterators/Lemmas/Producers/Repeat.c
[    ] Building /workspace/shared/lean4-pr15373-parent/stage0/src/../stdlib//Std/Data/Iterators/Lemmas/Producers/Monadic/List.c
[    ] Building /workspace/shared/lean4-pr15373-parent/stage0/src/../stdlib//Std/Data/Iterators/Lemmas/Producers/Monadic/Array.c
[    ] Building /workspace/shared/lean4-pr15373-parent/stage0/src/../stdlib//Std/Data/Iterators/Lemmas/Producers/Monadic/Vector.c
[    ] Building /workspace/shared/lean4-pr15373-parent/stage0/src/../stdlib//Std/Data/Iterators/Lemmas/Producers/Monadic/Empty.c
[    ] Building /workspace/shared/lean4-pr15373-parent/stage0/src/../stdlib//Std/Data/Iterators/Lemmas/Producers/Slice.c
[    ] Building /workspace/shared/lean4-pr15373-parent/stage0/src/../stdlib//Std/Data/Iterators/Lemmas/Producers/Array.c
[    ] Building /workspace/shared/lean4-pr15373-parent/stage0/src/../stdlib//Std/Data/Iterators/Lemmas/Producers/Vector.c
[    ] Building /workspace/shared/lean4-pr15373-parent/stage0/src/../stdlib//Std/Data/Iterators/Lemmas/Producers/Range.c
[    ] Building /workspace/shared/lean4-pr15373-parent/stage0/src/../stdlib//Std/Data/Iterators/Lemmas/Producers/Monadic.c
[    ] Building /workspace/shared/lean4-pr15373-parent/stage0/src/../stdlib//Std/Data/Iterators/Lemmas/Producers/Empty.c
[    ] Building /workspace/shared/lean4-pr15373-parent/stage0/src/../stdlib//Std/Data/Iterators/Lemmas/Equivalence.c
[    ] Building /workspace/shared/lean4-pr15373-parent/stage0/src/../stdlib//Std/Data/Iterators/Lemmas/Producers.c
[    ] Building /workspace/shared/lean4-pr15373-parent/stage0/src/../stdlib//Std/Data/Iterators/Lemmas/Consumers.c
[    ] Building /workspace/shared/lean4-pr15373-parent/stage0/src/../stdlib//Std/Data/Iterators/Lemmas/Equivalence/Basic.c
[    ] Building /workspace/shared/lean4-pr15373-parent/stage0/src/../stdlib//Std/Data/Iterators/Lemmas/Equivalence/HetT.c
[    ] Building /workspace/shared/lean4-pr15373-parent/stage0/src/../stdlib//Std/Data/Iterators/Lemmas/Equivalence/StepCongr.c
[    ] Building /workspace/shared/lean4-pr15373-parent/stage0/src/../stdlib//Std/Data/Iterators/Lemmas/Monadic.c
[    ] Building /workspace/shared/lean4-pr15373-parent/stage0/src/../stdlib//Std/Data/Iterators/Lemmas/Combinators.c
[    ] Building /workspace/shared/lean4-pr15373-parent/stage0/src/../stdlib//Std/Data/ByteSlice.c
[    ] Building /workspace/shared/lean4-pr15373-parent/stage0/src/../stdlib//Std/Data/DHashMap.c
[    ] Building /workspace/shared/lean4-pr15373-parent/stage0/src/../stdlib//Std/Data/TreeMap.c
[    ] Building /workspace/shared/lean4-pr15373-parent/stage0/src/../stdlib//Std/Data/ExtTreeMap/Basic.c
[    ] Building /workspace/shared/lean4-pr15373-parent/stage0/src/../stdlib//Std/Data/ExtTreeMap/Lemmas.c
[    ] Building /workspace/shared/lean4-pr15373-parent/stage0/src/../stdlib//Std/Data/ExtTreeMap.c
[    ] Building /workspace/shared/lean4-pr15373-parent/stage0/src/../stdlib//Std/Data/ExtTreeSet.c
[    ] Building /workspace/shared/lean4-pr15373-parent/stage0/src/../stdlib//Std/Data/ExtHashMap.c
[    ] Building /workspace/shared/lean4-pr15373-parent/stage0/src/../stdlib//Std/Data/DTreeMap.c
[    ] Building /workspace/shared/lean4-pr15373-parent/stage0/src/../stdlib//Std/Data/Iterators.c
[    ] Building /workspace/shared/lean4-pr15373-parent/stage0/src/../stdlib//Std/Data/ExtHashSet/Basic.c
[    ] Building /workspace/shared/lean4-pr15373-parent/stage0/src/../stdlib//Std/Data/ExtHashSet/Lemmas.c
[    ] Building /workspace/shared/lean4-pr15373-parent/stage0/src/../stdlib//Std/Data/DHashMap/Basic.c
[    ] Building /workspace/shared/lean4-pr15373-parent/stage0/src/../stdlib//Std/Data/DHashMap/Lemmas.c
[    ] Building /workspace/shared/lean4-pr15373-parent/stage0/src/../stdlib//Std/Data/DHashMap/Raw.c
[    ] Building /workspace/shared/lean4-pr15373-parent/stage0/src/../stdlib//Std/Data/DHashMap/RawDecidableEquiv.c
[    ] Building /workspace/shared/lean4-pr15373-parent/stage0/src/../stdlib//Std/Data/DHashMap/AdditionalOperations.c
[    ] Building /workspace/shared/lean4-pr15373-parent/stage0/src/../stdlib//Std/Data/DHashMap/Internal/Model.c
[    ] Building /workspace/shared/lean4-pr15373-parent/stage0/src/../stdlib//Std/Data/DHashMap/Internal/Index.c
[    ] Building /workspace/shared/lean4-pr15373-parent/stage0/src/../stdlib//Std/Data/DHashMap/Internal/Raw.c
[    ] Building /workspace/shared/lean4-pr15373-parent/stage0/src/../stdlib//Std/Data/DHashMap/Internal/HashesTo.c
[    ] Building /workspace/shared/lean4-pr15373-parent/stage0/src/../stdlib//Std/Data/DHashMap/Internal/Defs.c
[    ] Building /workspace/shared/lean4-pr15373-parent/stage0/src/../stdlib//Std/Data/DHashMap/Internal/AssocList/Basic.c
[    ] Building /workspace/shared/lean4-pr15373-parent/stage0/src/../stdlib//Std/Data/DHashMap/Internal/AssocList/Lemmas.c
[    ] Building /workspace/shared/lean4-pr15373-parent/stage0/src/../stdlib//Std/Data/DHashMap/Internal/AssocList/Iterator.c
[    ] Building /workspace/shared/lean4-pr15373-parent/stage0/src/../stdlib//Std/Data/DHashMap/Internal/WF.c
[    ] Building /workspace/shared/lean4-pr15373-parent/stage0/src/../stdlib//Std/Data/DHashMap/Internal/RawLemmas.c
[    ] Building /workspace/shared/lean4-pr15373-parent/stage0/src/../stdlib//Std/Data/DHashMap/RawDef.c
[    ] Building /workspace/shared/lean4-pr15373-parent/stage0/src/../stdlib//Std/Data/DHashMap/DecidableEquiv.c
[    ] Building /workspace/shared/lean4-pr15373-parent/stage0/src/../stdlib//Std/Data/DHashMap/Iterator.c
[    ] Building /workspace/shared/lean4-pr15373-parent/stage0/src/../stdlib//Std/Data/DHashMap/IteratorLemmas.c
[    ] Building /workspace/shared/lean4-pr15373-parent/stage0/src/../stdlib//Std/Data/DHashMap/RawLemmas.c
[    ] Building /workspace/shared/lean4-pr15373-parent/stage0/src/../stdlib//Std/Data/Internal/List/Associative.c
[    ] Building /workspace/shared/lean4-pr15373-parent/stage0/src/../stdlib//Std/Data/Internal/List/Defs.c
[    ] Building /workspace/shared/lean4-pr15373-parent/stage0/src/../stdlib//Std/Data/Internal/Cut.c
[    ] Building /workspace/shared/lean4-pr15373-parent/stage0/src/../stdlib//Std/Data/ExtDHashMap.c
[    ] Building /workspace/shared/lean4-pr15373-parent/stage0/src/../stdlib//Std/Data/DTreeMap/Basic.c
[    ] Building /workspace/shared/lean4-pr15373-parent/stage0/src/../stdlib//Std/Data/DTreeMap/Lemmas.c
[    ] Building /workspace/shared/lean4-pr15373-parent/stage0/src/../stdlib//Std/Data/DTreeMap/Raw.c
[    ] Building /workspace/shared/lean4-pr15373-parent/stage0/src/../stdlib//Std/Data/DTreeMap/Slice.c
[    ] Building /workspace/shared/lean4-pr15373-parent/stage0/src/../stdlib//Std/Data/DTreeMap/Raw/Basic.c
[    ] Building /workspace/shared/lean4-pr15373-parent/stage0/src/../stdlib//Std/Data/DTreeMap/Raw/Lemmas.c
[    ] Building /workspace/shared/lean4-pr15373-parent/stage0/src/../stdlib//Std/Data/DTreeMap/Raw/Slice.c
[    ] Building /workspace/shared/lean4-pr15373-parent/stage0/src/../stdlib//Std/Data/DTreeMap/Raw/AdditionalOperations.c
[    ] Building /workspace/shared/lean4-pr15373-parent/stage0/src/../stdlib//Std/Data/DTreeMap/Raw/WF.c
[    ] Building /workspace/shared/lean4-pr15373-parent/stage0/src/../stdlib//Std/Data/DTreeMap/Raw/DecidableEquiv.c
[    ] Building /workspace/shared/lean4-pr15373-parent/stage0/src/../stdlib//Std/Data/DTreeMap/Raw/Iterator.c
[    ] Building /workspace/shared/lean4-pr15373-parent/stage0/src/../stdlib//Std/Data/DTreeMap/AdditionalOperations.c
[    ] Building /workspace/shared/lean4-pr15373-parent/stage0/src/../stdlib//Std/Data/DTreeMap/Internal/Def.c
[    ] Building /workspace/shared/lean4-pr15373-parent/stage0/src/../stdlib//Std/Data/DTreeMap/Internal/Model.c
[    ] Building /workspace/shared/lean4-pr15373-parent/stage0/src/../stdlib//Std/Data/DTreeMap/Internal/WF/Lemmas.c
[    ] Building /workspace/shared/lean4-pr15373-parent/stage0/src/../stdlib//Std/Data/DTreeMap/Internal/WF/Defs.c
[    ] Building /workspace/shared/lean4-pr15373-parent/stage0/src/../stdlib//Std/Data/DTreeMap/Internal/Lemmas.c
[    ] Building /workspace/shared/lean4-pr15373-parent/stage0/src/../stdlib//Std/Data/DTreeMap/Internal/Cell.c
[    ] Building /workspace/shared/lean4-pr15373-parent/stage0/src/../stdlib//Std/Data/DTreeMap/Internal/Operations.c
[    ] Building /workspace/shared/lean4-pr15373-parent/stage0/src/../stdlib//Std/Data/DTreeMap/Internal/Balanced.c
[    ] Building /workspace/shared/lean4-pr15373-parent/stage0/src/../stdlib//Std/Data/DTreeMap/Internal/Zipper.c
[    ] Building /workspace/shared/lean4-pr15373-parent/stage0/src/../stdlib//Std/Data/DTreeMap/Internal/Queries.c
[    ] Building /workspace/shared/lean4-pr15373-parent/stage0/src/../stdlib//Std/Data/DTreeMap/Internal/Ordered.c
[    ] Building /workspace/shared/lean4-pr15373-parent/stage0/src/../stdlib//Std/Data/DTreeMap/Internal/Balancing.c
[    ] Building /workspace/shared/lean4-pr15373-parent/stage0/src/../stdlib//Std/Data/DTreeMap/DecidableEquiv.c
[    ] Building /workspace/shared/lean4-pr15373-parent/stage0/src/../stdlib//Std/Data/DTreeMap/Iterator.c
[    ] Building /workspace/shared/lean4-pr15373-parent/stage0/src/../stdlib//Std/Data/TreeSet/Basic.c
[    ] Building /workspace/shared/lean4-pr15373-parent/stage0/src/../stdlib//Std/Data/TreeSet/Lemmas.c
[    ] Building /workspace/shared/lean4-pr15373-parent/stage0/src/../stdlib//Std/Data/TreeSet/Raw.c
[    ] Building /workspace/shared/lean4-pr15373-parent/stage0/src/../stdlib//Std/Data/TreeSet/Slice.c
[    ] Building /workspace/shared/lean4-pr15373-parent/stage0/src/../stdlib//Std/Data/TreeSet/Raw/Basic.c
[    ] Building /workspace/shared/lean4-pr15373-parent/stage0/src/../stdlib//Std/Data/TreeSet/Raw/Lemmas.c
[    ] Building /workspace/shared/lean4-pr15373-parent/stage0/src/../stdlib//Std/Data/TreeSet/Raw/Slice.c
[    ] Building /workspace/shared/lean4-pr15373-parent/stage0/src/../stdlib//Std/Data/TreeSet/Raw/WF.c
[    ] Building /workspace/shared/lean4-pr15373-parent/stage0/src/../stdlib//Std/Data/TreeSet/Raw/DecidableEquiv.c
[    ] Building /workspace/shared/lean4-pr15373-parent/stage0/src/../stdlib//Std/Data/TreeSet/Raw/Iterator.c
[    ] Building /workspace/shared/lean4-pr15373-parent/stage0/src/../stdlib//Std/Data/TreeSet/AdditionalOperations.c
[    ] Building /workspace/shared/lean4-pr15373-parent/stage0/src/../stdlib//Std/Data/TreeSet/DecidableEquiv.c
[    ] Building /workspace/shared/lean4-pr15373-parent/stage0/src/../stdlib//Std/Data/TreeSet/Iterator.c
[    ] Building /workspace/shared/lean4-pr15373-parent/stage0/src/../stdlib//Std/Data/HashSet.c
[    ] Building /workspace/shared/lean4-pr15373-parent/stage0/src/../stdlib//Std/Data/TreeMap/Basic.c
[    ] Building /workspace/shared/lean4-pr15373-parent/stage0/src/../stdlib//Std/Data/TreeMap/Lemmas.c
[    ] Building /workspace/shared/lean4-pr15373-parent/stage0/src/../stdlib//Std/Data/TreeMap/Raw.c
[    ] Building /workspace/shared/lean4-pr15373-parent/stage0/src/../stdlib//Std/Data/TreeMap/Slice.c
[    ] Building /workspace/shared/lean4-pr15373-parent/stage0/src/../stdlib//Std/Data/TreeMap/Raw/Basic.c
[    ] Building /workspace/shared/lean4-pr15373-parent/stage0/src/../stdlib//Std/Data/TreeMap/Raw/Lemmas.c
[    ] Building /workspace/shared/lean4-pr15373-parent/stage0/src/../stdlib//Std/Data/TreeMap/Raw/Slice.c
[    ] Building /workspace/shared/lean4-pr15373-parent/stage0/src/../stdlib//Std/Data/TreeMap/Raw/AdditionalOperations.c
[    ] Building /workspace/shared/lean4-pr15373-parent/stage0/src/../stdlib//Std/Data/TreeMap/Raw/WF.c
[    ] Building /workspace/shared/lean4-pr15373-parent/stage0/src/../stdlib//Std/Data/TreeMap/Raw/DecidableEquiv.c
[    ] Building /workspace/shared/lean4-pr15373-parent/stage0/src/../stdlib//Std/Data/TreeMap/Raw/Iterator.c
[    ] Building /workspace/shared/lean4-pr15373-parent/stage0/src/../stdlib//Std/Data/TreeMap/AdditionalOperations.c
[    ] Building /workspace/shared/lean4-pr15373-parent/stage0/src/../stdlib//Std/Data/TreeMap/DecidableEquiv.c
[    ] Building /workspace/shared/lean4-pr15373-parent/stage0/src/../stdlib//Std/Data/TreeMap/Iterator.c
[    ] Building /workspace/shared/lean4-pr15373-parent/stage0/src/../stdlib//Std/Data/String/ToInt.c
[    ] Building /workspace/shared/lean4-pr15373-parent/stage0/src/../stdlib//Std/Data/String/ToNat.c
[    ] Building /workspace/shared/lean4-pr15373-parent/stage0/src/../stdlib//Std/Data/ExtDTreeMap/Basic.c
[    ] Building /workspace/shared/lean4-pr15373-parent/stage0/src/../stdlib//Std/Data/ExtDTreeMap/Lemmas.c
[    ] Building /workspace/shared/lean4-pr15373-parent/stage0/src/../stdlib//Std/Time.c
[    ] Building /workspace/shared/lean4-pr15373-parent/stage0/src/../stdlib//Std/Do/WP.c
[    ] Building /workspace/shared/lean4-pr15373-parent/stage0/src/../stdlib//Std/Do/Internal.c
[    ] Building /workspace/shared/lean4-pr15373-parent/stage0/src/../stdlib//Std/Do/PredTrans.c
[    ] Building /workspace/shared/lean4-pr15373-parent/stage0/src/../stdlib//Std/Do/SPred.c
[    ] Building /workspace/shared/lean4-pr15373-parent/stage0/src/../stdlib//Std/Do/WP/Basic.c
[    ] Building /workspace/shared/lean4-pr15373-parent/stage0/src/../stdlib//Std/Do/WP/SimpLemmas.c
[    ] Building /workspace/shared/lean4-pr15373-parent/stage0/src/../stdlib//Std/Do/WP/Sound.c
[    ] Building /workspace/shared/lean4-pr15373-parent/stage0/src/../stdlib//Std/Do/WP/Monad.c
[    ] Building /workspace/shared/lean4-pr15373-parent/stage0/src/../stdlib//Std/Do/SPred/DerivedLaws.c
[    ] Building /workspace/shared/lean4-pr15373-parent/stage0/src/../stdlib//Std/Do/SPred/SVal.c
[    ] Building /workspace/shared/lean4-pr15373-parent/stage0/src/../stdlib//Std/Do/SPred/Notation/Basic.c
[    ] Building /workspace/shared/lean4-pr15373-parent/stage0/src/../stdlib//Std/Do/SPred/SPred.c
[    ] Building /workspace/shared/lean4-pr15373-parent/stage0/src/../stdlib//Std/Do/SPred/Notation.c
[    ] Building /workspace/shared/lean4-pr15373-parent/stage0/src/../stdlib//Std/Do/SPred/Laws.c
[    ] Building /workspace/shared/lean4-pr15373-parent/stage0/src/../stdlib//Std/Do/Internal/Ensures/Def.c
[    ] Building /workspace/shared/lean4-pr15373-parent/stage0/src/../stdlib//Std/Do/Internal/Ensures/Lemmas.c
[    ] Building /workspace/shared/lean4-pr15373-parent/stage0/src/../stdlib//Std/Do/Internal/Ensures.c
[    ] Building /workspace/shared/lean4-pr15373-parent/stage0/src/../stdlib//Std/Do/Triple/Basic.c
[    ] Building /workspace/shared/lean4-pr15373-parent/stage0/src/../stdlib//Std/Do/Triple/SpecLemmas.c
[    ] Building /workspace/shared/lean4-pr15373-parent/stage0/src/../stdlib//Std/Do/Triple.c
[    ] Building /workspace/shared/lean4-pr15373-parent/stage0/src/../stdlib//Std/Do/PostCond.c
[    ] Building /workspace/shared/lean4-pr15373-parent/stage0/src/../stdlib//Std/Time/Zoned/TimeZone.c
[    ] Building /workspace/shared/lean4-pr15373-parent/stage0/src/../stdlib//Std/Time/Zoned/Database/Basic.c
[    ] Building /workspace/shared/lean4-pr15373-parent/stage0/src/../stdlib//Std/Time/Zoned/Database/TzIf.c
[    ] Building /workspace/shared/lean4-pr15373-parent/stage0/src/../stdlib//Std/Time/Zoned/Database/PosixTz.c
[    ] Building /workspace/shared/lean4-pr15373-parent/stage0/src/../stdlib//Std/Time/Zoned/Database/Windows.c
[    ] Building /workspace/shared/lean4-pr15373-parent/stage0/src/../stdlib//Std/Time/Zoned/Database/TZdb.c
[    ] Building /workspace/shared/lean4-pr15373-parent/stage0/src/../stdlib//Std/Time/Zoned/ZoneRules.c
[    ] Building /workspace/shared/lean4-pr15373-parent/stage0/src/../stdlib//Std/Time/Zoned/RecurringRule.c
[    ] Building /workspace/shared/lean4-pr15373-parent/stage0/src/../stdlib//Std/Time/Zoned/Database.c
[    ] Building /workspace/shared/lean4-pr15373-parent/stage0/src/../stdlib//Std/Time/Format.c
[    ] Building /workspace/shared/lean4-pr15373-parent/stage0/src/../stdlib//Std/Time/Internal.c
[    ] Building /workspace/shared/lean4-pr15373-parent/stage0/src/../stdlib//Std/Time/Duration.c
[    ] Building /workspace/shared/lean4-pr15373-parent/stage0/src/../stdlib//Std/Time/Notation/Spec.c
[    ] Building /workspace/shared/lean4-pr15373-parent/stage0/src/../stdlib//Std/Time/Date.c
[    ] Building /workspace/shared/lean4-pr15373-parent/stage0/src/../stdlib//Std/Time/DateTime.c
[    ] Building /workspace/shared/lean4-pr15373-parent/stage0/src/../stdlib//Std/Time/Notation.c
[    ] Building /workspace/shared/lean4-pr15373-parent/stage0/src/../stdlib//Std/Time/DateTime/WallTime.c
[    ] Building /workspace/shared/lean4-pr15373-parent/stage0/src/../stdlib//Std/Time/DateTime/PlainDateTime.c
[    ] Building /workspace/shared/lean4-pr15373-parent/stage0/src/../stdlib//Std/Time/DateTime/Timestamp.c
[    ] Building /workspace/shared/lean4-pr15373-parent/stage0/src/../stdlib//Std/Time/Date/Basic.c
[    ] Building /workspace/shared/lean4-pr15373-parent/stage0/src/../stdlib//Std/Time/Date/Unit/Basic.c
[    ] Building /workspace/shared/lean4-pr15373-parent/stage0/src/../stdlib//Std/Time/Date/Unit/Year.c
[    ] Building /workspace/shared/lean4-pr15373-parent/stage0/src/../stdlib//Std/Time/Date/Unit/Day.c
[    ] Building /workspace/shared/lean4-pr15373-parent/stage0/src/../stdlib//Std/Time/Date/Unit/Weekday.c
[    ] Building /workspace/shared/lean4-pr15373-parent/stage0/src/../stdlib//Std/Time/Date/Unit/Week.c
[    ] Building /workspace/shared/lean4-pr15373-parent/stage0/src/../stdlib//Std/Time/Date/Unit/Month.c
[    ] Building /workspace/shared/lean4-pr15373-parent/stage0/src/../stdlib//Std/Time/Date/PlainDate.c
[    ] Building /workspace/shared/lean4-pr15373-parent/stage0/src/../stdlib//Std/Time/Date/ValidDate.c
[    ] Building /workspace/shared/lean4-pr15373-parent/stage0/src/../stdlib//Std/Time/Format/Basic.c
[    ] Building /workspace/shared/lean4-pr15373-parent/stage0/src/../stdlib//Std/Time/Format/DateFormat.c
[    ] Building /workspace/shared/lean4-pr15373-parent/stage0/src/../stdlib//Std/Time/Format/Modifier.c
[    ] Building /workspace/shared/lean4-pr15373-parent/stage0/src/../stdlib//Std/Time/Zoned.c
[    ] Building /workspace/shared/lean4-pr15373-parent/stage0/src/../stdlib//Std/Time/Internal/UnitVal.c
[    ] Building /workspace/shared/lean4-pr15373-parent/stage0/src/../stdlib//Std/Time/Internal/Bounded.c
[    ] Building /workspace/shared/lean4-pr15373-parent/stage0/src/../stdlib//Std/Time/Time.c
[    ] Building /workspace/shared/lean4-pr15373-parent/stage0/src/../stdlib//Std/Time/Time/Basic.c
[    ] Building /workspace/shared/lean4-pr15373-parent/stage0/src/../stdlib//Std/Time/Time/PlainTime.c
[    ] Building /workspace/shared/lean4-pr15373-parent/stage0/src/../stdlib//Std/Time/Time/Unit/Basic.c
[    ] Building /workspace/shared/lean4-pr15373-parent/stage0/src/../stdlib//Std/Time/Time/Unit/Second.c
[    ] Building /workspace/shared/lean4-pr15373-parent/stage0/src/../stdlib//Std/Time/Time/Unit/Hour.c
[    ] Building /workspace/shared/lean4-pr15373-parent/stage0/src/../stdlib//Std/Time/Time/Unit/Millisecond.c
[    ] Building /workspace/shared/lean4-pr15373-parent/stage0/src/../stdlib//Std/Time/Time/Unit/Nanosecond.c
[    ] Building /workspace/shared/lean4-pr15373-parent/stage0/src/../stdlib//Std/Time/Time/Unit/Minute.c
[    ] Building /workspace/shared/lean4-pr15373-parent/stage0/src/../stdlib//Std/Time/Time/HourMarker.c
[    ] Building /workspace/shared/lean4-pr15373-parent/stage0/src/../stdlib//Std/Sync.c
[    ] Building /workspace/shared/lean4-pr15373-parent/stage0/src/../stdlib//Std.c
[    ] Building /workspace/shared/lean4-pr15373-parent/stage0/src/../stdlib//Lean/ParserCompiler/Attribute.c
[    ] Building /workspace/shared/lean4-pr15373-parent/stage0/src/../stdlib//Lean/DocString/Types.c
[    ] Building /workspace/shared/lean4-pr15373-parent/stage0/src/../stdlib//Lean/ToExpr.c
[    ] Building /workspace/shared/lean4-pr15373-parent/stage0/src/../stdlib//Lean/Environment.c
[    ] Building /workspace/shared/lean4-pr15373-parent/stage0/src/../stdlib//Lean/DocString/View.c
[    ] Building /workspace/shared/lean4-pr15373-parent/stage0/src/../stdlib//Lean/DocString/Parser.c
[    ] Building /workspace/shared/lean4-pr15373-parent/stage0/src/../stdlib//Lean/DocString/Extension.c
[    ] Building /workspace/shared/lean4-pr15373-parent/stage0/src/../stdlib//Lean/DocString/Links.c
[    ] Building /workspace/shared/lean4-pr15373-parent/stage0/src/../stdlib//Lean/DocString/Syntax.c
[    ] Building /workspace/shared/lean4-pr15373-parent/stage0/src/../stdlib//Lean/DocString/Formatter.c
[    ] Building /workspace/shared/lean4-pr15373-parent/stage0/src/../stdlib//Lean/DocString/Markdown.c
[    ] Building /workspace/shared/lean4-pr15373-parent/stage0/src/../stdlib//Lean/DocString/Add.c
[    ] Building /workspace/shared/lean4-pr15373-parent/stage0/src/../stdlib//Lean/DocString/DeferredCheck.c
[    ] Building /workspace/shared/lean4-pr15373-parent/stage0/src/../stdlib//Lean/MonadEnv.c
[    ] Building /workspace/shared/lean4-pr15373-parent/stage0/src/../stdlib//Lean/Linter.c
[    ] Building /workspace/shared/lean4-pr15373-parent/stage0/src/../stdlib//Lean/LocalContext.c
[    ] Building /workspace/shared/lean4-pr15373-parent/stage0/src/../stdlib//Lean/EnvExtension.c
[    ] Building /workspace/shared/lean4-pr15373-parent/stage0/src/../stdlib//Lean/PrettyPrinter.c
[    ] Building /workspace/shared/lean4-pr15373-parent/stage0/src/../stdlib//Lean/ToLevel.c
[    ] Building /workspace/shared/lean4-pr15373-parent/stage0/src/../stdlib//Lean/Hygiene.c
[    ] Building /workspace/shared/lean4-pr15373-parent/stage0/src/../stdlib//Lean/Server/Requests.c
[    ] Building /workspace/shared/lean4-pr15373-parent/stage0/src/../stdlib//Lean/Server/FileWorker.c
[    ] Building /workspace/shared/lean4-pr15373-parent/stage0/src/../stdlib//Lean/Server/Logging.c
[    ] Building /workspace/shared/lean4-pr15373-parent/stage0/src/../stdlib//Lean/Server/RequestCancellation.c
[    ] Building /workspace/shared/lean4-pr15373-parent/stage0/src/../stdlib//Lean/Server/GoTo.c
[    ] Building /workspace/shared/lean4-pr15373-parent/stage0/src/../stdlib//Lean/Server/CodeActions.c
[    ] Building /workspace/shared/lean4-pr15373-parent/stage0/src/../stdlib//Lean/Server/References.c
[    ] Building /workspace/shared/lean4-pr15373-parent/stage0/src/../stdlib//Lean/Server/FileSource.c
[    ] Building /workspace/shared/lean4-pr15373-parent/stage0/src/../stdlib//Lean/Server/Test.c
[    ] Building /workspace/shared/lean4-pr15373-parent/stage0/src/../stdlib//Lean/Server/ServerTask.c
[    ] Building /workspace/shared/lean4-pr15373-parent/stage0/src/../stdlib//Lean/Server/Watchdog.c
[    ] Building /workspace/shared/lean4-pr15373-parent/stage0/src/../stdlib//Lean/Server/Rpc.c
[    ] Building /workspace/shared/lean4-pr15373-parent/stage0/src/../stdlib//Lean/Server/AsyncList.c
[    ] Building /workspace/shared/lean4-pr15373-parent/stage0/src/../stdlib//Lean/Server/Rpc/Basic.c
[    ] Building /workspace/shared/lean4-pr15373-parent/stage0/src/../stdlib//Lean/Server/Rpc/RequestHandling.c
[    ] Building /workspace/shared/lean4-pr15373-parent/stage0/src/../stdlib//Lean/Server/Rpc/Deriving.c
[    ] Building /workspace/shared/lean4-pr15373-parent/stage0/src/../stdlib//Lean/Server/CodeActions/Basic.c
[    ] Building /workspace/shared/lean4-pr15373-parent/stage0/src/../stdlib//Lean/Server/CodeActions/Provider.c
[    ] Building /workspace/shared/lean4-pr15373-parent/stage0/src/../stdlib//Lean/Server/CodeActions/Attr.c
[    ] Building /workspace/shared/lean4-pr15373-parent/stage0/src/../stdlib//Lean/Server/CodeActions/UnknownIdentifier.c
[    ] Building /workspace/shared/lean4-pr15373-parent/stage0/src/../stdlib//Lean/Server/Test/Runner.c
[    ] Building /workspace/shared/lean4-pr15373-parent/stage0/src/../stdlib//Lean/Server/Test/Refs.c
[    ] Building /workspace/shared/lean4-pr15373-parent/stage0/src/../stdlib//Lean/Server/Test/Cancel.c
[    ] Building /workspace/shared/lean4-pr15373-parent/stage0/src/../stdlib//Lean/Server/Completion.c
[    ] Building /workspace/shared/lean4-pr15373-parent/stage0/src/../stdlib//Lean/Server/Completion/CompletionResolution.c
[    ] Building /workspace/shared/lean4-pr15373-parent/stage0/src/../stdlib//Lean/Server/Completion/EligibleHeaderDecls.c
[    ] Building /workspace/shared/lean4-pr15373-parent/stage0/src/../stdlib//Lean/Server/Completion/ImportCompletion.c
[    ] Building /workspace/shared/lean4-pr15373-parent/stage0/src/../stdlib//Lean/Server/Completion/CompletionUtils.c
[    ] Building /workspace/shared/lean4-pr15373-parent/stage0/src/../stdlib//Lean/Server/Completion/CompletionCollectors.c
[    ] Building /workspace/shared/lean4-pr15373-parent/stage0/src/../stdlib//Lean/Server/Completion/CompletionInfoSelection.c
[    ] Building /workspace/shared/lean4-pr15373-parent/stage0/src/../stdlib//Lean/Server/Completion/CompletionItemCompression.c
[    ] Building /workspace/shared/lean4-pr15373-parent/stage0/src/../stdlib//Lean/Server/Completion/SyntheticCompletion.c
[    ] Building /workspace/shared/lean4-pr15373-parent/stage0/src/../stdlib//Lean/Server/InfoUtils.c
[    ] Building /workspace/shared/lean4-pr15373-parent/stage0/src/../stdlib//Lean/Server/FileWorker/SignatureHelp.c
[    ] Building /workspace/shared/lean4-pr15373-parent/stage0/src/../stdlib//Lean/Server/FileWorker/InlayHints.c
[    ] Building /workspace/shared/lean4-pr15373-parent/stage0/src/../stdlib//Lean/Server/FileWorker/RequestHandling.c
[    ] Building /workspace/shared/lean4-pr15373-parent/stage0/src/../stdlib//Lean/Server/FileWorker/WidgetRequests.c
[    ] Building /workspace/shared/lean4-pr15373-parent/stage0/src/../stdlib//Lean/Server/FileWorker/SemanticHighlighting.c
[    ] Building /workspace/shared/lean4-pr15373-parent/stage0/src/../stdlib//Lean/Server/FileWorker/ExampleHover.c
[    ] Building /workspace/shared/lean4-pr15373-parent/stage0/src/../stdlib//Lean/Server/FileWorker/SetupFile.c
[    ] Building /workspace/shared/lean4-pr15373-parent/stage0/src/../stdlib//Lean/Server/FileWorker/Utils.c
[    ] Building /workspace/shared/lean4-pr15373-parent/stage0/src/../stdlib//Lean/Server/Snapshots.c
[    ] Building /workspace/shared/lean4-pr15373-parent/stage0/src/../stdlib//Lean/Server/ProtocolOverview.c
[    ] Building /workspace/shared/lean4-pr15373-parent/stage0/src/../stdlib//Lean/Server/Utils.c
[    ] Building /workspace/shared/lean4-pr15373-parent/stage0/src/../stdlib//Lean/Widget/InteractiveDiagnostic.c
[    ] Building /workspace/shared/lean4-pr15373-parent/stage0/src/../stdlib//Lean/Widget/InteractiveCode.c
[    ] Building /workspace/shared/lean4-pr15373-parent/stage0/src/../stdlib//Lean/Widget/Types.c
[    ] Building /workspace/shared/lean4-pr15373-parent/stage0/src/../stdlib//Lean/Widget/Basic.c
[    ] Building /workspace/shared/lean4-pr15373-parent/stage0/src/../stdlib//Lean/Widget/UserWidget.c
[    ] Building /workspace/shared/lean4-pr15373-parent/stage0/src/../stdlib//Lean/Widget/Diff.c
[    ] Building /workspace/shared/lean4-pr15373-parent/stage0/src/../stdlib//Lean/Widget/TaggedText.c
[    ] Building /workspace/shared/lean4-pr15373-parent/stage0/src/../stdlib//Lean/Widget/Commands.c
[    ] Building /workspace/shared/lean4-pr15373-parent/stage0/src/../stdlib//Lean/Widget/InteractiveGoal.c
[    ] Building /workspace/shared/lean4-pr15373-parent/stage0/src/../stdlib//Lean/Parser.c
[    ] Building /workspace/shared/lean4-pr15373-parent/stage0/src/../stdlib//Lean/LibrarySuggestions.c
[    ] Building /workspace/shared/lean4-pr15373-parent/stage0/src/../stdlib//Lean/Shell.c
[    ] Building /workspace/shared/lean4-pr15373-parent/stage0/src/../stdlib//Lean/Structure.c
[    ] Building /workspace/shared/lean4-pr15373-parent/stage0/src/../stdlib//Lean/Compiler.c
[    ] Building /workspace/shared/lean4-pr15373-parent/stage0/src/../stdlib//Lean/LoadDynlib.c
[    ] Building /workspace/shared/lean4-pr15373-parent/stage0/src/../stdlib//Lean/Server.c
[    ] Building /workspace/shared/lean4-pr15373-parent/stage0/src/../stdlib//Lean/ResolveName.c
[    ] Building /workspace/shared/lean4-pr15373-parent/stage0/src/../stdlib//Lean/Expr.c
[    ] Building /workspace/shared/lean4-pr15373-parent/stage0/src/../stdlib//Lean/PostprocessTraces/Basic.c
[    ] Building /workspace/shared/lean4-pr15373-parent/stage0/src/../stdlib//Lean/PostprocessTraces/PostprocessTracesCommand.c
[    ] Building /workspace/shared/lean4-pr15373-parent/stage0/src/../stdlib//Lean/PostprocessTraces/StoredTraces.c
[    ] Building /workspace/shared/lean4-pr15373-parent/stage0/src/../stdlib//Lean/PostprocessTraces/Postprocessors.c
[    ] Building /workspace/shared/lean4-pr15373-parent/stage0/src/../stdlib//Lean/ParserCompiler.c
[    ] Building /workspace/shared/lean4-pr15373-parent/stage0/src/../stdlib//Lean/SubExpr.c
[    ] Building /workspace/shared/lean4-pr15373-parent/stage0/src/../stdlib//Lean/HeadIndex.c
[    ] Building /workspace/shared/lean4-pr15373-parent/stage0/src/../stdlib//Lean/Elab/ConfigEval/Types.c
[    ] Building /workspace/shared/lean4-pr15373-parent/stage0/src/../stdlib//Lean/Elab/ConfigEval/Basic.c
[    ] Building /workspace/shared/lean4-pr15373-parent/stage0/src/../stdlib//Lean/Elab/ConfigEval/DeriveEvalTerm.c
[    ] Building /workspace/shared/lean4-pr15373-parent/stage0/src/../stdlib//Lean/Elab/ConfigEval/Instances.c
[    ] Building /workspace/shared/lean4-pr15373-parent/stage0/src/../stdlib//Lean/Elab/ConfigEval/Extra.c
[    ] Building /workspace/shared/lean4-pr15373-parent/stage0/src/../stdlib//Lean/Elab/ConfigEval/Commands.c
[    ] Building /workspace/shared/lean4-pr15373-parent/stage0/src/../stdlib//Lean/Elab/ConfigEval/Util.c
[    ] Building /workspace/shared/lean4-pr15373-parent/stage0/src/../stdlib//Lean/Elab/ConfigEval/DeriveEvalExpr.c
[    ] Building /workspace/shared/lean4-pr15373-parent/stage0/src/../stdlib//Lean/Elab/ConfigEval/DeriveEvalConfigItem.c
[    ] Building /workspace/shared/lean4-pr15373-parent/stage0/src/../stdlib//Lean/Elab/ConfigEval/Builtins.c
[    ] Building /workspace/shared/lean4-pr15373-parent/stage0/src/../stdlib//Lean/Elab/ConfigEval/MetaInstances.c
[    ] Building /workspace/shared/lean4-pr15373-parent/stage0/src/../stdlib//Lean/Elab/DocString/Builtin.c
[    ] Building /workspace/shared/lean4-pr15373-parent/stage0/src/../stdlib//Lean/Elab/DocString/Builtin/Postponed.c
[    ] Building /workspace/shared/lean4-pr15373-parent/stage0/src/../stdlib//Lean/Elab/DocString/Builtin/Scopes.c
[    ] Building /workspace/shared/lean4-pr15373-parent/stage0/src/../stdlib//Lean/Elab/DocString/Builtin/Parsing.c
[    ] Building /workspace/shared/lean4-pr15373-parent/stage0/src/../stdlib//Lean/Elab/DocString/Builtin/Keywords.c
[    ] Building /workspace/shared/lean4-pr15373-parent/stage0/src/../stdlib//Lean/Elab/Deriving/ToExpr.c
[    ] Building /workspace/shared/lean4-pr15373-parent/stage0/src/../stdlib//Lean/Elab/Deriving/Repr.c
[    ] Building /workspace/shared/lean4-pr15373-parent/stage0/src/../stdlib//Lean/Elab/Deriving/Basic.c
[    ] Building /workspace/shared/lean4-pr15373-parent/stage0/src/../stdlib//Lean/Elab/Deriving/Ord.c
[    ] Building /workspace/shared/lean4-pr15373-parent/stage0/src/../stdlib//Lean/Elab/Deriving/SizeOf.c
[    ] Building /workspace/shared/lean4-pr15373-parent/stage0/src/../stdlib//Lean/Elab/Deriving/LawfulBEq.c
[    ] Building /workspace/shared/lean4-pr15373-parent/stage0/src/../stdlib//Lean/Elab/Deriving/ReflBEq.c
[    ] Building /workspace/shared/lean4-pr15373-parent/stage0/src/../stdlib//Lean/Elab/Deriving/Util.c
[    ] Building /workspace/shared/lean4-pr15373-parent/stage0/src/../stdlib//Lean/Elab/Deriving/Nonempty.c
[    ] Building /workspace/shared/lean4-pr15373-parent/stage0/src/../stdlib//Lean/Elab/Deriving/DecEq.c
[    ] Building /workspace/shared/lean4-pr15373-parent/stage0/src/../stdlib//Lean/Elab/Deriving/Hashable.c
[    ] Building /workspace/shared/lean4-pr15373-parent/stage0/src/../stdlib//Lean/Elab/Deriving/BEq.c
[    ] Building /workspace/shared/lean4-pr15373-parent/stage0/src/../stdlib//Lean/Elab/Deriving/FromToJson.c
[    ] Building /workspace/shared/lean4-pr15373-parent/stage0/src/../stdlib//Lean/Elab/Deriving/TypeName.c
[    ] Building /workspace/shared/lean4-pr15373-parent/stage0/src/../stdlib//Lean/Elab/Deriving/Inhabited.c
[    ] Building /workspace/shared/lean4-pr15373-parent/stage0/src/../stdlib//Lean/Elab/ConfigEval.c
[    ] Building /workspace/shared/lean4-pr15373-parent/stage0/src/../stdlib//Lean/Elab/Arg.c
[    ] Building /workspace/shared/lean4-pr15373-parent/stage0/src/../stdlib//Lean/Elab/WhereFinally.c
[    ] Building /workspace/shared/lean4-pr15373-parent/stage0/src/../stdlib//Lean/Elab/Tactic.c
[    ] Building /workspace/shared/lean4-pr15373-parent/stage0/src/../stdlib//Lean/Elab/StructInstHint.c
[    ] Building /workspace/shared/lean4-pr15373-parent/stage0/src/../stdlib//Lean/Elab/Coinductive.c
[    ] Building /workspace/shared/lean4-pr15373-parent/stage0/src/../stdlib//Lean/Elab/Match.c
[    ] Building /workspace/shared/lean4-pr15373-parent/stage0/src/../stdlib//Lean/Elab/DeprecatedSyntax.c
[    ] Building /workspace/shared/lean4-pr15373-parent/stage0/src/../stdlib//Lean/Elab/Macro.c
[    ] Building /workspace/shared/lean4-pr15373-parent/stage0/src/../stdlib//Lean/Elab/MutualDef.c
[    ] Building /workspace/shared/lean4-pr15373-parent/stage0/src/../stdlib//Lean/Elab/SetOption.c
[    ] Building /workspace/shared/lean4-pr15373-parent/stage0/src/../stdlib//Lean/Elab/RecommendedSpelling.c
[    ] Building /workspace/shared/lean4-pr15373-parent/stage0/src/../stdlib//Lean/Elab/Binders.c
[    ] Building /workspace/shared/lean4-pr15373-parent/stage0/src/../stdlib//Lean/Elab/ComputedFields.c
[    ] Building /workspace/shared/lean4-pr15373-parent/stage0/src/../stdlib//Lean/Elab/BindersUtil.c
[    ] Building /workspace/shared/lean4-pr15373-parent/stage0/src/../stdlib//Lean/Elab/Structure.c
[    ] Building /workspace/shared/lean4-pr15373-parent/stage0/src/../stdlib//Lean/Elab/AssertExists.c
[    ] Building /workspace/shared/lean4-pr15373-parent/stage0/src/../stdlib//Lean/Elab/Config.c
[    ] Building /workspace/shared/lean4-pr15373-parent/stage0/src/../stdlib//Lean/Elab/Mixfix.c
[    ] Building /workspace/shared/lean4-pr15373-parent/stage0/src/../stdlib//Lean/Elab/Calc.c
[    ] Building /workspace/shared/lean4-pr15373-parent/stage0/src/../stdlib//Lean/Elab/Syntax.c
[    ] Building /workspace/shared/lean4-pr15373-parent/stage0/src/../stdlib//Lean/Elab/StructInst.c
[    ] Building /workspace/shared/lean4-pr15373-parent/stage0/src/../stdlib//Lean/Elab/BuiltinDo.c
[    ] Building /workspace/shared/lean4-pr15373-parent/stage0/src/../stdlib//Lean/Elab/Declaration.c
[    ] Building /workspace/shared/lean4-pr15373-parent/stage0/src/../stdlib//Lean/Elab/Do.c
[    ] Building /workspace/shared/lean4-pr15373-parent/stage0/src/../stdlib//Lean/Elab/PatternVar.c
[    ] Building /workspace/shared/lean4-pr15373-parent/stage0/src/../stdlib//Lean/Elab/Tactic/Simp.c
[    ] Building /workspace/shared/lean4-pr15373-parent/stage0/src/../stdlib//Lean/Elab/Tactic/Basic.c
[    ] Building /workspace/shared/lean4-pr15373-parent/stage0/src/../stdlib//Lean/Elab/Tactic/Ext.c
[    ] Building /workspace/shared/lean4-pr15373-parent/stage0/src/../stdlib//Lean/Elab/Tactic/Generalize.c
[    ] Building /workspace/shared/lean4-pr15373-parent/stage0/src/../stdlib//Lean/Elab/Tactic/DiscrTreeKey.c
[    ] Building /workspace/shared/lean4-pr15373-parent/stage0/src/../stdlib//Lean/Elab/Tactic/Injection.c
[    ] Building /workspace/shared/lean4-pr15373-parent/stage0/src/../stdlib//Lean/Elab/Tactic/Match.c
[    ] Building /workspace/shared/lean4-pr15373-parent/stage0/src/../stdlib//Lean/Elab/Tactic/BoolToPropSimps.c
[    ] Building /workspace/shared/lean4-pr15373-parent/stage0/src/../stdlib//Lean/Elab/Tactic/NormCast.c
[    ] Building /workspace/shared/lean4-pr15373-parent/stage0/src/../stdlib//Lean/Elab/Tactic/SimpArith.c
[    ] Building /workspace/shared/lean4-pr15373-parent/stage0/src/../stdlib//Lean/Elab/Tactic/BVDecide.c
[    ] Building /workspace/shared/lean4-pr15373-parent/stage0/src/../stdlib//Lean/Elab/Tactic/Simproc.c
[    ] Building /workspace/shared/lean4-pr15373-parent/stage0/src/../stdlib//Lean/Elab/Tactic/Omega.c
[    ] Building /workspace/shared/lean4-pr15373-parent/stage0/src/../stdlib//Lean/Elab/Tactic/Decide.c
[    ] Building /workspace/shared/lean4-pr15373-parent/stage0/src/../stdlib//Lean/Elab/Tactic/BuiltinTactic.c
[    ] Building /workspace/shared/lean4-pr15373-parent/stage0/src/../stdlib//Lean/Elab/Tactic/Cbv.c
[    ] Building /workspace/shared/lean4-pr15373-parent/stage0/src/../stdlib//Lean/Elab/Tactic/Location.c
[    ] Building /workspace/shared/lean4-pr15373-parent/stage0/src/../stdlib//Lean/Elab/Tactic/Config.c
[    ] Building /workspace/shared/lean4-pr15373-parent/stage0/src/../stdlib//Lean/Elab/Tactic/Try.c
[    ] Building /workspace/shared/lean4-pr15373-parent/stage0/src/../stdlib//Lean/Elab/Tactic/Repeat.c
[    ] Building /workspace/shared/lean4-pr15373-parent/stage0/src/../stdlib//Lean/Elab/Tactic/Calc.c
[    ] Building /workspace/shared/lean4-pr15373-parent/stage0/src/../stdlib//Lean/Elab/Tactic/Do.c
[    ] Building /workspace/shared/lean4-pr15373-parent/stage0/src/../stdlib//Lean/Elab/Tactic/AutoTry.c
[    ] Building /workspace/shared/lean4-pr15373-parent/stage0/src/../stdlib//Lean/Elab/Tactic/CbvSimproc.c
[    ] Building /workspace/shared/lean4-pr15373-parent/stage0/src/../stdlib//Lean/Elab/Tactic/Split.c
[    ] Building /workspace/shared/lean4-pr15373-parent/stage0/src/../stdlib//Lean/Elab/Tactic/Symm.c
[    ] Building /workspace/shared/lean4-pr15373-parent/stage0/src/../stdlib//Lean/Elab/Tactic/ExposeNames.c
[    ] Building /workspace/shared/lean4-pr15373-parent/stage0/src/../stdlib//Lean/Elab/Tactic/ElabTerm.c
[    ] Building /workspace/shared/lean4-pr15373-parent/stage0/src/../stdlib//Lean/Elab/Tactic/Rewrite.c
[    ] Building /workspace/shared/lean4-pr15373-parent/stage0/src/../stdlib//Lean/Elab/Tactic/Unfold.c
[    ] Building /workspace/shared/lean4-pr15373-parent/stage0/src/../stdlib//Lean/Elab/Tactic/Grind/Annotated.c
[    ] Building /workspace/shared/lean4-pr15373-parent/stage0/src/../stdlib//Lean/Elab/Tactic/Grind/Basic.c
[    ] Building /workspace/shared/lean4-pr15373-parent/stage0/src/../stdlib//Lean/Elab/Tactic/Grind/SimprocDSLBuiltin.c
[    ] Building /workspace/shared/lean4-pr15373-parent/stage0/src/../stdlib//Lean/Elab/Tactic/Grind/Sym.c
[    ] Building /workspace/shared/lean4-pr15373-parent/stage0/src/../stdlib//Lean/Elab/Tactic/Grind/Trace.c
[    ] Building /workspace/shared/lean4-pr15373-parent/stage0/src/../stdlib//Lean/Elab/Tactic/Grind/BVDecide.c
[    ] Building /workspace/shared/lean4-pr15373-parent/stage0/src/../stdlib//Lean/Elab/Tactic/Grind/BuiltinTactic.c
[    ] Building /workspace/shared/lean4-pr15373-parent/stage0/src/../stdlib//Lean/Elab/Tactic/Grind/Cbv.c
[    ] Building /workspace/shared/lean4-pr15373-parent/stage0/src/../stdlib//Lean/Elab/Tactic/Grind/Config.c
[    ] Building /workspace/shared/lean4-pr15373-parent/stage0/src/../stdlib//Lean/Elab/Tactic/Grind/LiftLet.c
[    ] Building /workspace/shared/lean4-pr15373-parent/stage0/src/../stdlib//Lean/Elab/Tactic/Grind/ShowState.c
[    ] Building /workspace/shared/lean4-pr15373-parent/stage0/src/../stdlib//Lean/Elab/Tactic/Grind/Filter.c
[    ] Building /workspace/shared/lean4-pr15373-parent/stage0/src/../stdlib//Lean/Elab/Tactic/Grind/DSimp.c
[    ] Building /workspace/shared/lean4-pr15373-parent/stage0/src/../stdlib//Lean/Elab/Tactic/Grind/LintExceptions.c
[    ] Building /workspace/shared/lean4-pr15373-parent/stage0/src/../stdlib//Lean/Elab/Tactic/Grind/RegisterSymSimp.c
[    ] Building /workspace/shared/lean4-pr15373-parent/stage0/src/../stdlib//Lean/Elab/Tactic/Grind/Anchor.c
[    ] Building /workspace/shared/lean4-pr15373-parent/stage0/src/../stdlib//Lean/Elab/Tactic/Grind/DSimprocDSLBuiltin.c
[    ] Building /workspace/shared/lean4-pr15373-parent/stage0/src/../stdlib//Lean/Elab/Tactic/Grind/Rewrite.c
[    ] Building /workspace/shared/lean4-pr15373-parent/stage0/src/../stdlib//Lean/Elab/Tactic/Grind/Main.c
[    ] Building /workspace/shared/lean4-pr15373-parent/stage0/src/../stdlib//Lean/Elab/Tactic/Grind/DSimprocDSL.c
[    ] Building /workspace/shared/lean4-pr15373-parent/stage0/src/../stdlib//Lean/Elab/Tactic/Grind/WithGrindTacticM.c
[    ] Building /workspace/shared/lean4-pr15373-parent/stage0/src/../stdlib//Lean/Elab/Tactic/Grind/Lint.c
[    ] Building /workspace/shared/lean4-pr15373-parent/stage0/src/../stdlib//Lean/Elab/Tactic/Grind/Param.c
[    ] Building /workspace/shared/lean4-pr15373-parent/stage0/src/../stdlib//Lean/Elab/Tactic/Grind/RegisterSymDSimp.c
[    ] Building /workspace/shared/lean4-pr15373-parent/stage0/src/../stdlib//Lean/Elab/Tactic/Grind/Have.c
[    ] Building /workspace/shared/lean4-pr15373-parent/stage0/src/../stdlib//Lean/Elab/Tactic/Grind/SimprocDSL.c
[    ] Building /workspace/shared/lean4-pr15373-parent/stage0/src/../stdlib//Lean/Elab/Tactic/Grind/LetToHave.c
[    ] Building /workspace/shared/lean4-pr15373-parent/stage0/src/../stdlib//Lean/Elab/Tactic/Induction.c
[    ] Building /workspace/shared/lean4-pr15373-parent/stage0/src/../stdlib//Lean/Elab/Tactic/LibrarySearch.c
[    ] Building /workspace/shared/lean4-pr15373-parent/stage0/src/../stdlib//Lean/Elab/Tactic/Delta.c
[    ] Building /workspace/shared/lean4-pr15373-parent/stage0/src/../stdlib//Lean/Elab/Tactic/RenameInaccessibles.c
[    ] Building /workspace/shared/lean4-pr15373-parent/stage0/src/../stdlib//Lean/Elab/Tactic/VCGen/Solve.c
[    ] Building /workspace/shared/lean4-pr15373-parent/stage0/src/../stdlib//Lean/Elab/Tactic/VCGen/Reduce.c
[    ] Building /workspace/shared/lean4-pr15373-parent/stage0/src/../stdlib//Lean/Elab/Tactic/VCGen/FrameProcAttr.c
[    ] Building /workspace/shared/lean4-pr15373-parent/stage0/src/../stdlib//Lean/Elab/Tactic/VCGen/FrameProc.c
[    ] Building /workspace/shared/lean4-pr15373-parent/stage0/src/../stdlib//Lean/Elab/Tactic/VCGen/SpecDB.c
[    ] Building /workspace/shared/lean4-pr15373-parent/stage0/src/../stdlib//Lean/Elab/Tactic/VCGen/BinderName.c
[    ] Building /workspace/shared/lean4-pr15373-parent/stage0/src/../stdlib//Lean/Elab/Tactic/VCGen/LatticeOp.c
[    ] Building /workspace/shared/lean4-pr15373-parent/stage0/src/../stdlib//Lean/Elab/Tactic/VCGen/Frontend.c
[    ] Building /workspace/shared/lean4-pr15373-parent/stage0/src/../stdlib//Lean/Elab/Tactic/VCGen/RuleConstruction.c
[    ] Building /workspace/shared/lean4-pr15373-parent/stage0/src/../stdlib//Lean/Elab/Tactic/VCGen/Util.c
[    ] Building /workspace/shared/lean4-pr15373-parent/stage0/src/../stdlib//Lean/Elab/Tactic/VCGen/Context.c
[    ] Building /workspace/shared/lean4-pr15373-parent/stage0/src/../stdlib//Lean/Elab/Tactic/VCGen/WPApp.c
[    ] Building /workspace/shared/lean4-pr15373-parent/stage0/src/../stdlib//Lean/Elab/Tactic/VCGen/Driver.c
[    ] Building /workspace/shared/lean4-pr15373-parent/stage0/src/../stdlib//Lean/Elab/Tactic/VCGen/RuleCache.c
[    ] Building /workspace/shared/lean4-pr15373-parent/stage0/src/../stdlib//Lean/Elab/Tactic/VCGen/Entails.c
[    ] Building /workspace/shared/lean4-pr15373-parent/stage0/src/../stdlib//Lean/Elab/Tactic/SimpTrace.c
[    ] Building /workspace/shared/lean4-pr15373-parent/stage0/src/../stdlib//Lean/Elab/Tactic/Lets.c
[    ] Building /workspace/shared/lean4-pr15373-parent/stage0/src/../stdlib//Lean/Elab/Tactic/Meta.c
[    ] Building /workspace/shared/lean4-pr15373-parent/stage0/src/../stdlib//Lean/Elab/Tactic/Doc.c
[    ] Building /workspace/shared/lean4-pr15373-parent/stage0/src/../stdlib//Lean/Elab/Tactic/Impossible.c
[    ] Building /workspace/shared/lean4-pr15373-parent/stage0/src/../stdlib//Lean/Elab/Tactic/Classical.c
[    ] Building /workspace/shared/lean4-pr15373-parent/stage0/src/../stdlib//Lean/Elab/Tactic/Rewrites.c
[    ] Building /workspace/shared/lean4-pr15373-parent/stage0/src/../stdlib//Lean/Elab/Tactic/VCGen.c
[    ] Building /workspace/shared/lean4-pr15373-parent/stage0/src/../stdlib//Lean/Elab/Tactic/TreeTacAttr.c
[    ] Building /workspace/shared/lean4-pr15373-parent/stage0/src/../stdlib//Lean/Elab/Tactic/Grind.c
[    ] Building /workspace/shared/lean4-pr15373-parent/stage0/src/../stdlib//Lean/Elab/Tactic/FalseOrByContra.c
[    ] Building /workspace/shared/lean4-pr15373-parent/stage0/src/../stdlib//Lean/Elab/Tactic/Show.c
[    ] Building /workspace/shared/lean4-pr15373-parent/stage0/src/../stdlib//Lean/Elab/Tactic/Congr.c
[    ] Building /workspace/shared/lean4-pr15373-parent/stage0/src/../stdlib//Lean/Elab/Tactic/Omega/OmegaM.c
[    ] Building /workspace/shared/lean4-pr15373-parent/stage0/src/../stdlib//Lean/Elab/Tactic/Omega/Frontend.c
[    ] Building /workspace/shared/lean4-pr15373-parent/stage0/src/../stdlib//Lean/Elab/Tactic/Omega/Core.c
[    ] Building /workspace/shared/lean4-pr15373-parent/stage0/src/../stdlib//Lean/Elab/Tactic/Omega/MinNatAbs.c
[    ] Building /workspace/shared/lean4-pr15373-parent/stage0/src/../stdlib//Lean/Elab/Tactic/AsAuxLemma.c
[    ] Building /workspace/shared/lean4-pr15373-parent/stage0/src/../stdlib//Lean/Elab/Tactic/Guard.c
[    ] Building /workspace/shared/lean4-pr15373-parent/stage0/src/../stdlib//Lean/Elab/Tactic/ShowTerm.c
[    ] Building /workspace/shared/lean4-pr15373-parent/stage0/src/../stdlib//Lean/Elab/Tactic/Monotonicity.c
[    ] Building /workspace/shared/lean4-pr15373-parent/stage0/src/../stdlib//Lean/Elab/Tactic/RCases.c
[    ] Building /workspace/shared/lean4-pr15373-parent/stage0/src/../stdlib//Lean/Elab/Tactic/Conv/Simp.c
[    ] Building /workspace/shared/lean4-pr15373-parent/stage0/src/../stdlib//Lean/Elab/Tactic/Conv/Basic.c
[    ] Building /workspace/shared/lean4-pr15373-parent/stage0/src/../stdlib//Lean/Elab/Tactic/Conv/Cbv.c
[    ] Building /workspace/shared/lean4-pr15373-parent/stage0/src/../stdlib//Lean/Elab/Tactic/Conv/Rewrite.c
[    ] Building /workspace/shared/lean4-pr15373-parent/stage0/src/../stdlib//Lean/Elab/Tactic/Conv/Unfold.c
[    ] Building /workspace/shared/lean4-pr15373-parent/stage0/src/../stdlib//Lean/Elab/Tactic/Conv/Delta.c
[    ] Building /workspace/shared/lean4-pr15373-parent/stage0/src/../stdlib//Lean/Elab/Tactic/Conv/Lets.c
[    ] Building /workspace/shared/lean4-pr15373-parent/stage0/src/../stdlib//Lean/Elab/Tactic/Conv/Pattern.c
[    ] Building /workspace/shared/lean4-pr15373-parent/stage0/src/../stdlib//Lean/Elab/Tactic/Conv/Congr.c
[    ] Building /workspace/shared/lean4-pr15373-parent/stage0/src/../stdlib//Lean/Elab/Tactic/Conv/Change.c
[    ] Building /workspace/shared/lean4-pr15373-parent/stage0/src/../stdlib//Lean/Elab/Tactic/Simpa.c
[    ] Building /workspace/shared/lean4-pr15373-parent/stage0/src/../stdlib//Lean/Elab/Tactic/Change.c
[    ] Building /workspace/shared/lean4-pr15373-parent/stage0/src/../stdlib//Lean/Elab/Tactic/Rwa.c
[    ] Building /workspace/shared/lean4-pr15373-parent/stage0/src/../stdlib//Lean/Elab/Tactic/Conv.c
[    ] Building /workspace/shared/lean4-pr15373-parent/stage0/src/../stdlib//Lean/Elab/Tactic/Do/Contract.c
[    ] Building /workspace/shared/lean4-pr15373-parent/stage0/src/../stdlib//Lean/Elab/Tactic/Do/Syntax.c
[    ] Building /workspace/shared/lean4-pr15373-parent/stage0/src/../stdlib//Lean/Elab/Tactic/Do/ConjunctivePre.c
[    ] Building /workspace/shared/lean4-pr15373-parent/stage0/src/../stdlib//Lean/Elab/Tactic/Do/ProofMode/Basic.c
[    ] Building /workspace/shared/lean4-pr15373-parent/stage0/src/../stdlib//Lean/Elab/Tactic/Do/ProofMode/RenameI.c
[    ] Building /workspace/shared/lean4-pr15373-parent/stage0/src/../stdlib//Lean/Elab/Tactic/Do/ProofMode/Exact.c
[    ] Building /workspace/shared/lean4-pr15373-parent/stage0/src/../stdlib//Lean/Elab/Tactic/Do/ProofMode/Revert.c
[    ] Building /workspace/shared/lean4-pr15373-parent/stage0/src/../stdlib//Lean/Elab/Tactic/Do/ProofMode/Focus.c
[    ] Building /workspace/shared/lean4-pr15373-parent/stage0/src/../stdlib//Lean/Elab/Tactic/Do/ProofMode/Frame.c
[    ] Building /workspace/shared/lean4-pr15373-parent/stage0/src/../stdlib//Lean/Elab/Tactic/Do/ProofMode/Clear.c
[    ] Building /workspace/shared/lean4-pr15373-parent/stage0/src/../stdlib//Lean/Elab/Tactic/Do/ProofMode/Delab.c
[    ] Building /workspace/shared/lean4-pr15373-parent/stage0/src/../stdlib//Lean/Elab/Tactic/Do/ProofMode/Specialize.c
[    ] Building /workspace/shared/lean4-pr15373-parent/stage0/src/../stdlib//Lean/Elab/Tactic/Do/ProofMode/Pure.c
[    ] Building /workspace/shared/lean4-pr15373-parent/stage0/src/../stdlib//Lean/Elab/Tactic/Do/ProofMode/MGoal.c
[    ] Building /workspace/shared/lean4-pr15373-parent/stage0/src/../stdlib//Lean/Elab/Tactic/Do/ProofMode/Refine.c
[    ] Building /workspace/shared/lean4-pr15373-parent/stage0/src/../stdlib//Lean/Elab/Tactic/Do/ProofMode/Assumption.c
[    ] Building /workspace/shared/lean4-pr15373-parent/stage0/src/../stdlib//Lean/Elab/Tactic/Do/ProofMode/Constructor.c
[    ] Building /workspace/shared/lean4-pr15373-parent/stage0/src/../stdlib//Lean/Elab/Tactic/Do/ProofMode/Cases.c
[    ] Building /workspace/shared/lean4-pr15373-parent/stage0/src/../stdlib//Lean/Elab/Tactic/Do/ProofMode/Exfalso.c
[    ] Building /workspace/shared/lean4-pr15373-parent/stage0/src/../stdlib//Lean/Elab/Tactic/Do/ProofMode/Have.c
[    ] Building /workspace/shared/lean4-pr15373-parent/stage0/src/../stdlib//Lean/Elab/Tactic/Do/ProofMode/LeftRight.c
[    ] Building /workspace/shared/lean4-pr15373-parent/stage0/src/../stdlib//Lean/Elab/Tactic/Do/ProofMode/Intro.c
[    ] Building /workspace/shared/lean4-pr15373-parent/stage0/src/../stdlib//Lean/Elab/Tactic/Do/Spec.c
[    ] Building /workspace/shared/lean4-pr15373-parent/stage0/src/../stdlib//Lean/Elab/Tactic/Do/LetElim.c
[    ] Building /workspace/shared/lean4-pr15373-parent/stage0/src/../stdlib//Lean/Elab/Tactic/Do/VCGen/Basic.c
[    ] Building /workspace/shared/lean4-pr15373-parent/stage0/src/../stdlib//Lean/Elab/Tactic/Do/VCGen/Split.c
[    ] Building /workspace/shared/lean4-pr15373-parent/stage0/src/../stdlib//Lean/Elab/Tactic/Do/VCGen/SuggestInvariant.c
[    ] Building /workspace/shared/lean4-pr15373-parent/stage0/src/../stdlib//Lean/Elab/Tactic/Do/Attr.c
[    ] Building /workspace/shared/lean4-pr15373-parent/stage0/src/../stdlib//Lean/Elab/Tactic/Do/VCGen.c
[    ] Building /workspace/shared/lean4-pr15373-parent/stage0/src/../stdlib//Lean/Elab/Tactic/Do/ProofMode.c
[    ] Building /workspace/shared/lean4-pr15373-parent/stage0/src/../stdlib//Lean/Elab/Tactic/SolveByElim.c
[    ] Building /workspace/shared/lean4-pr15373-parent/stage0/src/../stdlib//Lean/Elab/Tactic/Rfl.c
[    ] Building /workspace/shared/lean4-pr15373-parent/stage0/src/../stdlib//Lean/Elab/DeclUtil.c
[    ] Building /workspace/shared/lean4-pr15373-parent/stage0/src/../stdlib//Lean/Elab/ElabRules.c
[    ] Building /workspace/shared/lean4-pr15373-parent/stage0/src/../stdlib//Lean/Elab/DeclNameGen.c
[    ] Building /workspace/shared/lean4-pr15373-parent/stage0/src/../stdlib//Lean/Elab/Attributes.c
[    ] Building /workspace/shared/lean4-pr15373-parent/stage0/src/../stdlib//Lean/Elab/Notation.c
[    ] Building /workspace/shared/lean4-pr15373-parent/stage0/src/../stdlib//Lean/Elab/GuardMsgs.c
[    ] Building /workspace/shared/lean4-pr15373-parent/stage0/src/../stdlib//Lean/Elab/Frontend.c
[    ] Building /workspace/shared/lean4-pr15373-parent/stage0/src/../stdlib//Lean/Elab/Command.c
[    ] Building /workspace/shared/lean4-pr15373-parent/stage0/src/../stdlib//Lean/Elab/ParseImportsFast.c
[    ] Building /workspace/shared/lean4-pr15373-parent/stage0/src/../stdlib//Lean/Elab/DocString.c
[    ] Building /workspace/shared/lean4-pr15373-parent/stage0/src/../stdlib//Lean/Elab/Import.c
[    ] Building /workspace/shared/lean4-pr15373-parent/stage0/src/../stdlib//Lean/Elab/PreDefinition.c
[    ] Building /workspace/shared/lean4-pr15373-parent/stage0/src/../stdlib//Lean/Elab/BuiltinTerm.c
[    ] Building /workspace/shared/lean4-pr15373-parent/stage0/src/../stdlib//Lean/Elab/InheritDoc.c
[    ] Building /workspace/shared/lean4-pr15373-parent/stage0/src/../stdlib//Lean/Elab/DeclarationRange.c
[    ] Building /workspace/shared/lean4-pr15373-parent/stage0/src/../stdlib//Lean/Elab/Extra.c
[    ] Building /workspace/shared/lean4-pr15373-parent/stage0/src/../stdlib//Lean/Elab/BinderPredicates.c
[    ] Building /workspace/shared/lean4-pr15373-parent/stage0/src/../stdlib//Lean/Elab/CheckTactic.c
[    ] Building /workspace/shared/lean4-pr15373-parent/stage0/src/../stdlib//Lean/Elab/Term/TermElabM.c
[    ] Building /workspace/shared/lean4-pr15373-parent/stage0/src/../stdlib//Lean/Elab/Util.c
[    ] Building /workspace/shared/lean4-pr15373-parent/stage0/src/../stdlib//Lean/Elab/MatchAltView.c
[    ] Building /workspace/shared/lean4-pr15373-parent/stage0/src/../stdlib//Lean/Elab/App.c
[    ] Building /workspace/shared/lean4-pr15373-parent/stage0/src/../stdlib//Lean/Elab/InfoTree.c
[    ] Building /workspace/shared/lean4-pr15373-parent/stage0/src/../stdlib//Lean/Elab/ErrorUtils.c
[    ] Building /workspace/shared/lean4-pr15373-parent/stage0/src/../stdlib//Lean/Elab/AutoBound.c
[    ] Building /workspace/shared/lean4-pr15373-parent/stage0/src/../stdlib//Lean/Elab/Parallel.c
[    ] Building /workspace/shared/lean4-pr15373-parent/stage0/src/../stdlib//Lean/Elab/BuiltinCommand.c
[    ] Building /workspace/shared/lean4-pr15373-parent/stage0/src/../stdlib//Lean/Elab/InfoTrees.c
[    ] Building /workspace/shared/lean4-pr15373-parent/stage0/src/../stdlib//Lean/Elab/LetRec.c
[    ] Building /workspace/shared/lean4-pr15373-parent/stage0/src/../stdlib//Lean/Elab/PreDefinition/Basic.c
[    ] Building /workspace/shared/lean4-pr15373-parent/stage0/src/../stdlib//Lean/Elab/PreDefinition/Eqns.c
[    ] Building /workspace/shared/lean4-pr15373-parent/stage0/src/../stdlib//Lean/Elab/PreDefinition/EqUnfold.c
[    ] Building /workspace/shared/lean4-pr15373-parent/stage0/src/../stdlib//Lean/Elab/PreDefinition/WF/Basic.c
[    ] Building /workspace/shared/lean4-pr15373-parent/stage0/src/../stdlib//Lean/Elab/PreDefinition/WF/Eqns.c
[    ] Building /workspace/shared/lean4-pr15373-parent/stage0/src/../stdlib//Lean/Elab/PreDefinition/WF/Preprocess.c
[    ] Building /workspace/shared/lean4-pr15373-parent/stage0/src/../stdlib//Lean/Elab/PreDefinition/WF/PackMutual.c
[    ] Building /workspace/shared/lean4-pr15373-parent/stage0/src/../stdlib//Lean/Elab/PreDefinition/WF/Rel.c
[    ] Building /workspace/shared/lean4-pr15373-parent/stage0/src/../stdlib//Lean/Elab/PreDefinition/WF/FloatRecApp.c
[    ] Building /workspace/shared/lean4-pr15373-parent/stage0/src/../stdlib//Lean/Elab/PreDefinition/WF/Unfold.c
[    ] Building /workspace/shared/lean4-pr15373-parent/stage0/src/../stdlib//Lean/Elab/PreDefinition/WF/Main.c
[    ] Building /workspace/shared/lean4-pr15373-parent/stage0/src/../stdlib//Lean/Elab/PreDefinition/WF/Fix.c
[    ] Building /workspace/shared/lean4-pr15373-parent/stage0/src/../stdlib//Lean/Elab/PreDefinition/WF/GuessLex.c
[    ] Building /workspace/shared/lean4-pr15373-parent/stage0/src/../stdlib//Lean/Elab/PreDefinition/Structural.c
[    ] Building /workspace/shared/lean4-pr15373-parent/stage0/src/../stdlib//Lean/Elab/PreDefinition/TerminationMeasure.c
[    ] Building /workspace/shared/lean4-pr15373-parent/stage0/src/../stdlib//Lean/Elab/PreDefinition/PartialFixpoint.c
[    ] Building /workspace/shared/lean4-pr15373-parent/stage0/src/../stdlib//Lean/Elab/PreDefinition/PartialFixpoint/Eqns.c
[    ] Building /workspace/shared/lean4-pr15373-parent/stage0/src/../stdlib//Lean/Elab/PreDefinition/PartialFixpoint/Induction.c
[    ] Building /workspace/shared/lean4-pr15373-parent/stage0/src/../stdlib//Lean/Elab/PreDefinition/PartialFixpoint/Main.c
[    ] Building /workspace/shared/lean4-pr15373-parent/stage0/src/../stdlib//Lean/Elab/PreDefinition/Structural/SmartUnfolding.c
[    ] Building /workspace/shared/lean4-pr15373-parent/stage0/src/../stdlib//Lean/Elab/PreDefinition/Structural/Basic.c
[    ] Building /workspace/shared/lean4-pr15373-parent/stage0/src/../stdlib//Lean/Elab/PreDefinition/Structural/Eqns.c
[    ] Building /workspace/shared/lean4-pr15373-parent/stage0/src/../stdlib//Lean/Elab/PreDefinition/Structural/Preprocess.c
[    ] Building /workspace/shared/lean4-pr15373-parent/stage0/src/../stdlib//Lean/Elab/PreDefinition/Structural/BRecOn.c
[    ] Building /workspace/shared/lean4-pr15373-parent/stage0/src/../stdlib//Lean/Elab/PreDefinition/Structural/IndGroupInfo.c
[    ] Building /workspace/shared/lean4-pr15373-parent/stage0/src/../stdlib//Lean/Elab/PreDefinition/Structural/Main.c
[    ] Building /workspace/shared/lean4-pr15373-parent/stage0/src/../stdlib//Lean/Elab/PreDefinition/Structural/IndPred.c
[    ] Building /workspace/shared/lean4-pr15373-parent/stage0/src/../stdlib//Lean/Elab/PreDefinition/Structural/FindRecArg.c
[    ] Building /workspace/shared/lean4-pr15373-parent/stage0/src/../stdlib//Lean/Elab/PreDefinition/Structural/RecArgInfo.c
[    ] Building /workspace/shared/lean4-pr15373-parent/stage0/src/../stdlib//Lean/Elab/PreDefinition/Main.c
[    ] Building /workspace/shared/lean4-pr15373-parent/stage0/src/../stdlib//Lean/Elab/PreDefinition/EqnsUtils.c
[    ] Building /workspace/shared/lean4-pr15373-parent/stage0/src/../stdlib//Lean/Elab/PreDefinition/FixedParams.c
[    ] Building /workspace/shared/lean4-pr15373-parent/stage0/src/../stdlib//Lean/Elab/PreDefinition/TerminationHint.c
[    ] Building /workspace/shared/lean4-pr15373-parent/stage0/src/../stdlib//Lean/Elab/PreDefinition/Mutual.c
[    ] Building /workspace/shared/lean4-pr15373-parent/stage0/src/../stdlib//Lean/Elab/PreDefinition/WF.c
[    ] Building /workspace/shared/lean4-pr15373-parent/stage0/src/../stdlib//Lean/Elab/PreDefinition/MkInhabitant.c
[    ] Building /workspace/shared/lean4-pr15373-parent/stage0/src/../stdlib//Lean/Elab/Quotation/Util.c
[    ] Building /workspace/shared/lean4-pr15373-parent/stage0/src/../stdlib//Lean/Elab/Quotation/Precheck.c
[    ] Building /workspace/shared/lean4-pr15373-parent/stage0/src/../stdlib//Lean/Elab/Quotation.c
[    ] Building /workspace/shared/lean4-pr15373-parent/stage0/src/../stdlib//Lean/Elab/Command/WithWeakNamespace.c
[    ] Building /workspace/shared/lean4-pr15373-parent/stage0/src/../stdlib//Lean/Elab/Command/Scope.c
[    ] Building /workspace/shared/lean4-pr15373-parent/stage0/src/../stdlib//Lean/Elab/Open.c
[    ] Building /workspace/shared/lean4-pr15373-parent/stage0/src/../stdlib//Lean/Elab/Level.c
[    ] Building /workspace/shared/lean4-pr15373-parent/stage0/src/../stdlib//Lean/Elab/Exception.c
[    ] Building /workspace/shared/lean4-pr15373-parent/stage0/src/../stdlib//Lean/Elab/BuiltinNotation.c
[    ] Building /workspace/shared/lean4-pr15373-parent/stage0/src/../stdlib//Lean/Elab/DefView.c
[    ] Building /workspace/shared/lean4-pr15373-parent/stage0/src/../stdlib//Lean/Elab/AuxDef.c
[    ] Building /workspace/shared/lean4-pr15373-parent/stage0/src/../stdlib//Lean/Elab/Recall.c
[    ] Building /workspace/shared/lean4-pr15373-parent/stage0/src/../stdlib//Lean/Elab/Print.c
[    ] Building /workspace/shared/lean4-pr15373-parent/stage0/src/../stdlib//Lean/Elab/SyntheticMVars.c
[    ] Building /workspace/shared/lean4-pr15373-parent/stage0/src/../stdlib//Lean/Elab/GenInjective.c
[    ] Building /workspace/shared/lean4-pr15373-parent/stage0/src/../stdlib//Lean/Elab/Term.c
[    ] Building /workspace/shared/lean4-pr15373-parent/stage0/src/../stdlib//Lean/Elab/Eval.c
[    ] Building /workspace/shared/lean4-pr15373-parent/stage0/src/../stdlib//Lean/Elab/InfoTree/InlayHints.c
[    ] Building /workspace/shared/lean4-pr15373-parent/stage0/src/../stdlib//Lean/Elab/InfoTree/Types.c
[    ] Building /workspace/shared/lean4-pr15373-parent/stage0/src/../stdlib//Lean/Elab/InfoTree/Basic.c
[    ] Building /workspace/shared/lean4-pr15373-parent/stage0/src/../stdlib//Lean/Elab/InfoTree/Util.c
[    ] Building /workspace/shared/lean4-pr15373-parent/stage0/src/../stdlib//Lean/Elab/InfoTree/Main.c
[    ] Building /workspace/shared/lean4-pr15373-parent/stage0/src/../stdlib//Lean/Elab/MatchExpr.c
[    ] Building /workspace/shared/lean4-pr15373-parent/stage0/src/../stdlib//Lean/Elab/MacroRules.c
[    ] Building /workspace/shared/lean4-pr15373-parent/stage0/src/../stdlib//Lean/Elab/BuiltinDo/Jump.c
[    ] Building /workspace/shared/lean4-pr15373-parent/stage0/src/../stdlib//Lean/Elab/BuiltinDo/Let.c
[    ] Building /workspace/shared/lean4-pr15373-parent/stage0/src/../stdlib//Lean/Elab/BuiltinDo/Basic.c
[    ] Building /workspace/shared/lean4-pr15373-parent/stage0/src/../stdlib//Lean/Elab/BuiltinDo/Match.c
[    ] Building /workspace/shared/lean4-pr15373-parent/stage0/src/../stdlib//Lean/Elab/BuiltinDo/Repeat.c
[    ] Building /workspace/shared/lean4-pr15373-parent/stage0/src/../stdlib//Lean/Elab/BuiltinDo/TryCatch.c
[    ] Building /workspace/shared/lean4-pr15373-parent/stage0/src/../stdlib//Lean/Elab/BuiltinDo/For.c
[    ] Building /workspace/shared/lean4-pr15373-parent/stage0/src/../stdlib//Lean/Elab/BuiltinDo/MatchExpr.c
[    ] Building /workspace/shared/lean4-pr15373-parent/stage0/src/../stdlib//Lean/Elab/BuiltinDo/Misc.c
[    ] Building /workspace/shared/lean4-pr15373-parent/stage0/src/../stdlib//Lean/Elab/BuiltinDo/If.c
[    ] Building /workspace/shared/lean4-pr15373-parent/stage0/src/../stdlib//Lean/Elab/BuiltinDo/Forward.c
[    ] Building /workspace/shared/lean4-pr15373-parent/stage0/src/../stdlib//Lean/Elab/Time.c
[    ] Building /workspace/shared/lean4-pr15373-parent/stage0/src/../stdlib//Lean/Elab/Inductive.c
[    ] Building /workspace/shared/lean4-pr15373-parent/stage0/src/../stdlib//Lean/Elab/Idbg.c
[    ] Building /workspace/shared/lean4-pr15373-parent/stage0/src/../stdlib//Lean/Elab/DeprecatedArg.c
[    ] Building /workspace/shared/lean4-pr15373-parent/stage0/src/../stdlib//Lean/Elab/MutualInductive.c
[    ] Building /workspace/shared/lean4-pr15373-parent/stage0/src/../stdlib//Lean/Elab/MacroArgUtil.c
[    ] Building /workspace/shared/lean4-pr15373-parent/stage0/src/../stdlib//Lean/Elab/Task.c
[    ] Building /workspace/shared/lean4-pr15373-parent/stage0/src/../stdlib//Lean/Elab/Do/Basic.c
[    ] Building /workspace/shared/lean4-pr15373-parent/stage0/src/../stdlib//Lean/Elab/Do/Legacy.c
[    ] Building /workspace/shared/lean4-pr15373-parent/stage0/src/../stdlib//Lean/Elab/Do/PatternVar.c
[    ] Building /workspace/shared/lean4-pr15373-parent/stage0/src/../stdlib//Lean/Elab/Do/InferControlInfo.c
[    ] Building /workspace/shared/lean4-pr15373-parent/stage0/src/../stdlib//Lean/Elab/Do/Control.c
[    ] Building /workspace/shared/lean4-pr15373-parent/stage0/src/../stdlib//Lean/Elab/Do/ForwardSyntax.c
[    ] Building /workspace/shared/lean4-pr15373-parent/stage0/src/../stdlib//Lean/Elab/Do/Switch.c
[    ] Building /workspace/shared/lean4-pr15373-parent/stage0/src/../stdlib//Lean/Elab/ErrorExplanation.c
[    ] Building /workspace/shared/lean4-pr15373-parent/stage0/src/../stdlib//Lean/Elab/Deriving.c
[    ] Building /workspace/shared/lean4-pr15373-parent/stage0/src/../stdlib//Lean/Elab/BuiltinEvalCommand.c
[    ] Building /workspace/shared/lean4-pr15373-parent/stage0/src/../stdlib//Lean/Elab/DeclModifiers.c
[    ] Building /workspace/shared/lean4-pr15373-parent/stage0/src/../stdlib//Lean/Elab/RecAppSyntax.c
[    ] Building /workspace/shared/lean4-pr15373-parent/stage0/src/../stdlib//Lean/Namespace.c
[    ] Building /workspace/shared/lean4-pr15373-parent/stage0/src/../stdlib//Lean/Syntax.c
[    ] Building /workspace/shared/lean4-pr15373-parent/stage0/src/../stdlib//Lean/Declaration.c
[    ] Building /workspace/shared/lean4-pr15373-parent/stage0/src/../stdlib//Lean/Log.c
[    ] Building /workspace/shared/lean4-pr15373-parent/stage0/src/../stdlib//Lean/PostprocessTraces.c
[    ] Building /workspace/shared/lean4-pr15373-parent/stage0/src/../stdlib//Lean/PrivateName.c
[    ] Building /workspace/shared/lean4-pr15373-parent/stage0/src/../stdlib//Lean/Attributes.c
[    ] Building /workspace/shared/lean4-pr15373-parent/stage0/src/../stdlib//Lean/ImportingFlag.c
[    ] Building /workspace/shared/lean4-pr15373-parent/stage0/src/../stdlib//Lean/Setup.c
[    ] Building /workspace/shared/lean4-pr15373-parent/stage0/src/../stdlib//Lean/DeprecatedModule.c
[    ] Building /workspace/shared/lean4-pr15373-parent/stage0/src/../stdlib//Lean/CoreM.c
[    ] Building /workspace/shared/lean4-pr15373-parent/stage0/src/../stdlib//Lean/PrettyPrinter/Basic.c
[    ] Building /workspace/shared/lean4-pr15373-parent/stage0/src/../stdlib//Lean/PrettyPrinter/Delaborator.c
[    ] Building /workspace/shared/lean4-pr15373-parent/stage0/src/../stdlib//Lean/PrettyPrinter/Formatter.c
[    ] Building /workspace/shared/lean4-pr15373-parent/stage0/src/../stdlib//Lean/PrettyPrinter/Delaborator/Metavariable.c
[    ] Building /workspace/shared/lean4-pr15373-parent/stage0/src/../stdlib//Lean/PrettyPrinter/Delaborator/Basic.c
[    ] Building /workspace/shared/lean4-pr15373-parent/stage0/src/../stdlib//Lean/PrettyPrinter/Delaborator/FieldNotation.c
[    ] Building /workspace/shared/lean4-pr15373-parent/stage0/src/../stdlib//Lean/PrettyPrinter/Delaborator/Options.c
[    ] Building /workspace/shared/lean4-pr15373-parent/stage0/src/../stdlib//Lean/PrettyPrinter/Delaborator/DeclWithSig.c
[    ] Building /workspace/shared/lean4-pr15373-parent/stage0/src/../stdlib//Lean/PrettyPrinter/Delaborator/SubExpr.c
[    ] Building /workspace/shared/lean4-pr15373-parent/stage0/src/../stdlib//Lean/PrettyPrinter/Delaborator/Attributes.c
[    ] Building /workspace/shared/lean4-pr15373-parent/stage0/src/../stdlib//Lean/PrettyPrinter/Delaborator/Builtins.c
[    ] Building /workspace/shared/lean4-pr15373-parent/stage0/src/../stdlib//Lean/PrettyPrinter/Delaborator/TopDownAnalyze.c
[    ] Building /workspace/shared/lean4-pr15373-parent/stage0/src/../stdlib//Lean/PrettyPrinter/Parenthesizer.c
[    ] Building /workspace/shared/lean4-pr15373-parent/stage0/src/../stdlib//Lean/DefEqAttrib.c
[    ] Building /workspace/shared/lean4-pr15373-parent/stage0/src/../stdlib//Lean/DocString.c
[    ] Building /workspace/shared/lean4-pr15373-parent/stage0/src/../stdlib//Lean/LibrarySuggestions/Basic.c
[    ] Building /workspace/shared/lean4-pr15373-parent/stage0/src/../stdlib//Lean/LibrarySuggestions/Default.c
[    ] Building /workspace/shared/lean4-pr15373-parent/stage0/src/../stdlib//Lean/LibrarySuggestions/MePo.c
[    ] Building /workspace/shared/lean4-pr15373-parent/stage0/src/../stdlib//Lean/LibrarySuggestions/SymbolFrequency.c
[    ] Building /workspace/shared/lean4-pr15373-parent/stage0/src/../stdlib//Lean/LibrarySuggestions/SineQuaNon.c
[    ] Building /workspace/shared/lean4-pr15373-parent/stage0/src/../stdlib//Lean/ReducibilityAttrs.c
[    ] Building /workspace/shared/lean4-pr15373-parent/stage0/src/../stdlib//Lean/DeclarationRange.c
[    ] Building /workspace/shared/lean4-pr15373-parent/stage0/src/../stdlib//Lean/Modifiers.c
[    ] Building /workspace/shared/lean4-pr15373-parent/stage0/src/../stdlib//Lean/Data.c
[    ] Building /workspace/shared/lean4-pr15373-parent/stage0/src/../stdlib//Lean/ProjFns.c
[    ] Building /workspace/shared/lean4-pr15373-parent/stage0/src/../stdlib//Lean/ScopedEnvExtension.c
[    ] Building /workspace/shared/lean4-pr15373-parent/stage0/src/../stdlib//Lean/ExtraModUses.c
[    ] Building /workspace/shared/lean4-pr15373-parent/stage0/src/../stdlib//Lean/Util.c
[    ] Building /workspace/shared/lean4-pr15373-parent/stage0/src/../stdlib//Lean/ReservedNameAction.c
[    ] Building /workspace/shared/lean4-pr15373-parent/stage0/src/../stdlib//Lean/Meta.c
[    ] Building /workspace/shared/lean4-pr15373-parent/stage0/src/../stdlib//Lean/Runtime.c
[    ] Building /workspace/shared/lean4-pr15373-parent/stage0/src/../stdlib//Lean/Elab.c
[    ] Building /workspace/shared/lean4-pr15373-parent/stage0/src/../stdlib//Lean/Meta/GeneralizeVars.c
[    ] Building /workspace/shared/lean4-pr15373-parent/stage0/src/../stdlib//Lean/Meta/HasNotBit.c
[    ] Building /workspace/shared/lean4-pr15373-parent/stage0/src/../stdlib//Lean/Meta/Basic.c
[    ] Building /workspace/shared/lean4-pr15373-parent/stage0/src/../stdlib//Lean/Meta/Eqns.c
[    ] Building /workspace/shared/lean4-pr15373-parent/stage0/src/../stdlib//Lean/Meta/Reduce.c
[    ] Building /workspace/shared/lean4-pr15373-parent/stage0/src/../stdlib//Lean/Meta/SizeOf.c
[    ] Building /workspace/shared/lean4-pr15373-parent/stage0/src/../stdlib//Lean/Meta/Tactic.c
[    ] Building /workspace/shared/lean4-pr15373-parent/stage0/src/../stdlib//Lean/Meta/Diagnostics.c
[    ] Building /workspace/shared/lean4-pr15373-parent/stage0/src/../stdlib//Lean/Meta/Match.c
[    ] Building /workspace/shared/lean4-pr15373-parent/stage0/src/../stdlib//Lean/Meta/TransparencyMode.c
[    ] Building /workspace/shared/lean4-pr15373-parent/stage0/src/../stdlib//Lean/Meta/Sym.c
[    ] Building /workspace/shared/lean4-pr15373-parent/stage0/src/../stdlib//Lean/Meta/Transform.c
[    ] Building /workspace/shared/lean4-pr15373-parent/stage0/src/../stdlib//Lean/Meta/TryThis.c
[    ] Building /workspace/shared/lean4-pr15373-parent/stage0/src/../stdlib//Lean/Meta/Canonicalizer.c
[    ] Building /workspace/shared/lean4-pr15373-parent/stage0/src/../stdlib//Lean/Meta/Structure.c
[    ] Building /workspace/shared/lean4-pr15373-parent/stage0/src/../stdlib//Lean/Meta/LazyDiscrTree.c
[    ] Building /workspace/shared/lean4-pr15373-parent/stage0/src/../stdlib//Lean/Meta/CollectMVars.c
[    ] Building /workspace/shared/lean4-pr15373-parent/stage0/src/../stdlib//Lean/Meta/ForEachExpr.c
[    ] Building /workspace/shared/lean4-pr15373-parent/stage0/src/../stdlib//Lean/Meta/Constructions.c
[    ] Building /workspace/shared/lean4-pr15373-parent/stage0/src/../stdlib//Lean/Meta/RecExt.c
[    ] Building /workspace/shared/lean4-pr15373-parent/stage0/src/../stdlib//Lean/Meta/LevelDefEq.c
[    ] Building /workspace/shared/lean4-pr15373-parent/stage0/src/../stdlib//Lean/Meta/MethodSpecs.c
[    ] Building /workspace/shared/lean4-pr15373-parent/stage0/src/../stdlib//Lean/Meta/LitValues.c
[    ] Building /workspace/shared/lean4-pr15373-parent/stage0/src/../stdlib//Lean/Meta/Closure.c
[    ] Building /workspace/shared/lean4-pr15373-parent/stage0/src/../stdlib//Lean/Meta/Injective.c
[    ] Building /workspace/shared/lean4-pr15373-parent/stage0/src/../stdlib//Lean/Meta/DiscrTree.c
[    ] Building /workspace/shared/lean4-pr15373-parent/stage0/src/../stdlib//Lean/Meta/SameCtorUtils.c
[    ] Building /workspace/shared/lean4-pr15373-parent/stage0/src/../stdlib//Lean/Meta/Sym/Eta.c
[    ] Building /workspace/shared/lean4-pr15373-parent/stage0/src/../stdlib//Lean/Meta/Sym/Simp.c
[    ] Building /workspace/shared/lean4-pr15373-parent/stage0/src/../stdlib//Lean/Meta/Sym/Canon.c
[    ] Building /workspace/shared/lean4-pr15373-parent/stage0/src/../stdlib//Lean/Meta/Sym/ProofInstInfo.c
[    ] Building /workspace/shared/lean4-pr15373-parent/stage0/src/../stdlib//Lean/Meta/Sym/SymM.c
[    ] Building /workspace/shared/lean4-pr15373-parent/stage0/src/../stdlib//Lean/Meta/Sym/AlphaShareBuilder.c
[    ] Building /workspace/shared/lean4-pr15373-parent/stage0/src/../stdlib//Lean/Meta/Sym/AbstractS.c
[    ] Building /workspace/shared/lean4-pr15373-parent/stage0/src/../stdlib//Lean/Meta/Sym/LitValues.c
[    ] Building /workspace/shared/lean4-pr15373-parent/stage0/src/../stdlib//Lean/Meta/Sym/AlphaShareCommon.c
[    ] Building /workspace/shared/lean4-pr15373-parent/stage0/src/../stdlib//Lean/Meta/Sym/LiftLet.c
[    ] Building /workspace/shared/lean4-pr15373-parent/stage0/src/../stdlib//Lean/Meta/Sym/DSimp.c
[    ] Building /workspace/shared/lean4-pr15373-parent/stage0/src/../stdlib//Lean/Meta/Sym/InstantiateS.c
[    ] Building /workspace/shared/lean4-pr15373-parent/stage0/src/../stdlib//Lean/Meta/Sym/ExprPtr.c
[    ] Building /workspace/shared/lean4-pr15373-parent/stage0/src/../stdlib//Lean/Meta/Sym/Offset.c
[    ] Building /workspace/shared/lean4-pr15373-parent/stage0/src/../stdlib//Lean/Meta/Sym/Util.c
[    ] Building /workspace/shared/lean4-pr15373-parent/stage0/src/../stdlib//Lean/Meta/Sym/Arith/ToExpr.c
[    ] Building /workspace/shared/lean4-pr15373-parent/stage0/src/../stdlib//Lean/Meta/Sym/Arith/Types.c
[    ] Building /workspace/shared/lean4-pr15373-parent/stage0/src/../stdlib//Lean/Meta/Sym/Arith/Reify.c
[    ] Building /workspace/shared/lean4-pr15373-parent/stage0/src/../stdlib//Lean/Meta/Sym/Arith/MonadCanon.c
[    ] Building /workspace/shared/lean4-pr15373-parent/stage0/src/../stdlib//Lean/Meta/Sym/Arith/MonadRing.c
[    ] Building /workspace/shared/lean4-pr15373-parent/stage0/src/../stdlib//Lean/Meta/Sym/Arith/Classify.c
[    ] Building /workspace/shared/lean4-pr15373-parent/stage0/src/../stdlib//Lean/Meta/Sym/Arith/DenoteExpr.c
[    ] Building /workspace/shared/lean4-pr15373-parent/stage0/src/../stdlib//Lean/Meta/Sym/Arith/Insts.c
[    ] Building /workspace/shared/lean4-pr15373-parent/stage0/src/../stdlib//Lean/Meta/Sym/Arith/Poly.c
[    ] Building /workspace/shared/lean4-pr15373-parent/stage0/src/../stdlib//Lean/Meta/Sym/Arith/EvalNum.c
[    ] Building /workspace/shared/lean4-pr15373-parent/stage0/src/../stdlib//Lean/Meta/Sym/Arith/Functions.c
[    ] Building /workspace/shared/lean4-pr15373-parent/stage0/src/../stdlib//Lean/Meta/Sym/Arith/MonadVar.c
[    ] Building /workspace/shared/lean4-pr15373-parent/stage0/src/../stdlib//Lean/Meta/Sym/Arith/MonadSemiring.c
[    ] Building /workspace/shared/lean4-pr15373-parent/stage0/src/../stdlib//Lean/Meta/Sym/Arith/VarRename.c
[    ] Building /workspace/shared/lean4-pr15373-parent/stage0/src/../stdlib//Lean/Meta/Sym/Pattern.c
[    ] Building /workspace/shared/lean4-pr15373-parent/stage0/src/../stdlib//Lean/Meta/Sym/SynthInstance.c
[    ] Building /workspace/shared/lean4-pr15373-parent/stage0/src/../stdlib//Lean/Meta/Sym/Grind.c
[    ] Building /workspace/shared/lean4-pr15373-parent/stage0/src/../stdlib//Lean/Meta/Sym/Apply.c
[    ] Building /workspace/shared/lean4-pr15373-parent/stage0/src/../stdlib//Lean/Meta/Sym/MaxFVar.c
[    ] Building /workspace/shared/lean4-pr15373-parent/stage0/src/../stdlib//Lean/Meta/Sym/Arith.c
[    ] Building /workspace/shared/lean4-pr15373-parent/stage0/src/../stdlib//Lean/Meta/Sym/LooseBVarsS.c
[    ] Building /workspace/shared/lean4-pr15373-parent/stage0/src/../stdlib//Lean/Meta/Sym/Simp/Debug.c
[    ] Building /workspace/shared/lean4-pr15373-parent/stage0/src/../stdlib//Lean/Meta/Sym/Simp/Simproc.c
[    ] Building /workspace/shared/lean4-pr15373-parent/stage0/src/../stdlib//Lean/Meta/Sym/Simp/EvalGround.c
[    ] Building /workspace/shared/lean4-pr15373-parent/stage0/src/../stdlib//Lean/Meta/Sym/Simp/DiscrTree.c
[    ] Building /workspace/shared/lean4-pr15373-parent/stage0/src/../stdlib//Lean/Meta/Sym/Simp/Result.c
[    ] Building /workspace/shared/lean4-pr15373-parent/stage0/src/../stdlib//Lean/Meta/Sym/Simp/Variant.c
[    ] Building /workspace/shared/lean4-pr15373-parent/stage0/src/../stdlib//Lean/Meta/Sym/Simp/Lambda.c
[    ] Building /workspace/shared/lean4-pr15373-parent/stage0/src/../stdlib//Lean/Meta/Sym/Simp/RegisterCommand.c
[    ] Building /workspace/shared/lean4-pr15373-parent/stage0/src/../stdlib//Lean/Meta/Sym/Simp/Rewrite.c
[    ] Building /workspace/shared/lean4-pr15373-parent/stage0/src/../stdlib//Lean/Meta/Sym/Simp/SimpM.c
[    ] Building /workspace/shared/lean4-pr15373-parent/stage0/src/../stdlib//Lean/Meta/Sym/Simp/Main.c
[    ] Building /workspace/shared/lean4-pr15373-parent/stage0/src/../stdlib//Lean/Meta/Sym/Simp/App.c
[    ] Building /workspace/shared/lean4-pr15373-parent/stage0/src/../stdlib//Lean/Meta/Sym/Simp/Theorems.c
[    ] Building /workspace/shared/lean4-pr15373-parent/stage0/src/../stdlib//Lean/Meta/Sym/Simp/Attr.c
[    ] Building /workspace/shared/lean4-pr15373-parent/stage0/src/../stdlib//Lean/Meta/Sym/Simp/CongrInfo.c
[    ] Building /workspace/shared/lean4-pr15373-parent/stage0/src/../stdlib//Lean/Meta/Sym/Simp/Forall.c
[    ] Building /workspace/shared/lean4-pr15373-parent/stage0/src/../stdlib//Lean/Meta/Sym/Simp/Discharger.c
[    ] Building /workspace/shared/lean4-pr15373-parent/stage0/src/../stdlib//Lean/Meta/Sym/Simp/Telescope.c
[    ] Building /workspace/shared/lean4-pr15373-parent/stage0/src/../stdlib//Lean/Meta/Sym/Simp/Goal.c
[    ] Building /workspace/shared/lean4-pr15373-parent/stage0/src/../stdlib//Lean/Meta/Sym/Simp/ControlFlow.c
[    ] Building /workspace/shared/lean4-pr15373-parent/stage0/src/../stdlib//Lean/Meta/Sym/Simp/Have.c
[    ] Building /workspace/shared/lean4-pr15373-parent/stage0/src/../stdlib//Lean/Meta/Sym/InstantiateMVarsS.c
[    ] Building /workspace/shared/lean4-pr15373-parent/stage0/src/../stdlib//Lean/Meta/Sym/InferType.c
[    ] Building /workspace/shared/lean4-pr15373-parent/stage0/src/../stdlib//Lean/Meta/Sym/Intro.c
[    ] Building /workspace/shared/lean4-pr15373-parent/stage0/src/../stdlib//Lean/Meta/Sym/ReplaceS.c
[    ] Building /workspace/shared/lean4-pr15373-parent/stage0/src/../stdlib//Lean/Meta/Sym/LetToHave.c
[    ] Building /workspace/shared/lean4-pr15373-parent/stage0/src/../stdlib//Lean/Meta/Sym/DSimp/Let.c
[    ] Building /workspace/shared/lean4-pr15373-parent/stage0/src/../stdlib//Lean/Meta/Sym/DSimp/Reduce.c
[    ] Building /workspace/shared/lean4-pr15373-parent/stage0/src/../stdlib//Lean/Meta/Sym/DSimp/DSimproc.c
[    ] Building /workspace/shared/lean4-pr15373-parent/stage0/src/../stdlib//Lean/Meta/Sym/DSimp/EvalGround.c
[    ] Building /workspace/shared/lean4-pr15373-parent/stage0/src/../stdlib//Lean/Meta/Sym/DSimp/Result.c
[    ] Building /workspace/shared/lean4-pr15373-parent/stage0/src/../stdlib//Lean/Meta/Sym/DSimp/Variant.c
[    ] Building /workspace/shared/lean4-pr15373-parent/stage0/src/../stdlib//Lean/Meta/Sym/DSimp/Lambda.c
[    ] Building /workspace/shared/lean4-pr15373-parent/stage0/src/../stdlib//Lean/Meta/Sym/DSimp/Main.c
[    ] Building /workspace/shared/lean4-pr15373-parent/stage0/src/../stdlib//Lean/Meta/Sym/DSimp/App.c
[    ] Building /workspace/shared/lean4-pr15373-parent/stage0/src/../stdlib//Lean/Meta/Sym/DSimp/DSimpM.c
[    ] Building /workspace/shared/lean4-pr15373-parent/stage0/src/../stdlib//Lean/Meta/Sym/DSimp/Forall.c
[    ] Building /workspace/shared/lean4-pr15373-parent/stage0/src/../stdlib//Lean/Meta/Sym/IsClass.c
[    ] Building /workspace/shared/lean4-pr15373-parent/stage0/src/../stdlib//Lean/Meta/Check.c
[    ] Building /workspace/shared/lean4-pr15373-parent/stage0/src/../stdlib//Lean/Meta/UnificationHint.c
[    ] Building /workspace/shared/lean4-pr15373-parent/stage0/src/../stdlib//Lean/Meta/Tactic/UnifyEq.c
[    ] Building /workspace/shared/lean4-pr15373-parent/stage0/src/../stdlib//Lean/Meta/Tactic/Simp.c
[    ] Building /workspace/shared/lean4-pr15373-parent/stage0/src/../stdlib//Lean/Meta/Tactic/FunInd.c
[    ] Building /workspace/shared/lean4-pr15373-parent/stage0/src/../stdlib//Lean/Meta/Tactic/Ext.c
[    ] Building /workspace/shared/lean4-pr15373-parent/stage0/src/../stdlib//Lean/Meta/Tactic/Generalize.c
[    ] Building /workspace/shared/lean4-pr15373-parent/stage0/src/../stdlib//Lean/Meta/Tactic/Revert.c
[    ] Building /workspace/shared/lean4-pr15373-parent/stage0/src/../stdlib//Lean/Meta/Tactic/FVarSubst.c
[    ] Building /workspace/shared/lean4-pr15373-parent/stage0/src/../stdlib//Lean/Meta/Tactic/Injection.c
[    ] Building /workspace/shared/lean4-pr15373-parent/stage0/src/../stdlib//Lean/Meta/Tactic/SplitIf.c
[    ] Building /workspace/shared/lean4-pr15373-parent/stage0/src/../stdlib//Lean/Meta/Tactic/CasesOnStuckLHS.c
[    ] Building /workspace/shared/lean4-pr15373-parent/stage0/src/../stdlib//Lean/Meta/Tactic/NormCast.c
[    ] Building /workspace/shared/lean4-pr15373-parent/stage0/src/../stdlib//Lean/Meta/Tactic/TryThis.c
[    ] Building /workspace/shared/lean4-pr15373-parent/stage0/src/../stdlib//Lean/Meta/Tactic/BVDecide.c
[    ] Building /workspace/shared/lean4-pr15373-parent/stage0/src/../stdlib//Lean/Meta/Tactic/IndependentOf.c
[    ] Building /workspace/shared/lean4-pr15373-parent/stage0/src/../stdlib//Lean/Meta/Tactic/Contradiction.c
[    ] Building /workspace/shared/lean4-pr15373-parent/stage0/src/../stdlib//Lean/Meta/Tactic/Cbv.c
[    ] Building /workspace/shared/lean4-pr15373-parent/stage0/src/../stdlib//Lean/Meta/Tactic/Clear.c
[    ] Building /workspace/shared/lean4-pr15373-parent/stage0/src/../stdlib//Lean/Meta/Tactic/Assert.c
[    ] Building /workspace/shared/lean4-pr15373-parent/stage0/src/../stdlib//Lean/Meta/Tactic/Try.c
[    ] Building /workspace/shared/lean4-pr15373-parent/stage0/src/../stdlib//Lean/Meta/Tactic/Try/Collect.c
[    ] Building /workspace/shared/lean4-pr15373-parent/stage0/src/../stdlib//Lean/Meta/Tactic/Repeat.c
[    ] Building /workspace/shared/lean4-pr15373-parent/stage0/src/../stdlib//Lean/Meta/Tactic/Cbv/TheoremsLookup.c
[    ] Building /workspace/shared/lean4-pr15373-parent/stage0/src/../stdlib//Lean/Meta/Tactic/Cbv/CbvSimproc.c
[    ] Building /workspace/shared/lean4-pr15373-parent/stage0/src/../stdlib//Lean/Meta/Tactic/Cbv/Util.c
[    ] Building /workspace/shared/lean4-pr15373-parent/stage0/src/../stdlib//Lean/Meta/Tactic/Cbv/Main.c
[    ] Building /workspace/shared/lean4-pr15373-parent/stage0/src/../stdlib//Lean/Meta/Tactic/Cbv/Opaque.c
[    ] Building /workspace/shared/lean4-pr15373-parent/stage0/src/../stdlib//Lean/Meta/Tactic/Cbv/CbvEvalExt.c
[    ] Building /workspace/shared/lean4-pr15373-parent/stage0/src/../stdlib//Lean/Meta/Tactic/Cbv/BuiltinCbvSimprocs/String.c
[    ] Building /workspace/shared/lean4-pr15373-parent/stage0/src/../stdlib//Lean/Meta/Tactic/Cbv/BuiltinCbvSimprocs/Core.c
[    ] Building /workspace/shared/lean4-pr15373-parent/stage0/src/../stdlib//Lean/Meta/Tactic/Cbv/BuiltinCbvSimprocs/Array.c
[    ] Building /workspace/shared/lean4-pr15373-parent/stage0/src/../stdlib//Lean/Meta/Tactic/Cbv/ControlFlow.c
[    ] Building /workspace/shared/lean4-pr15373-parent/stage0/src/../stdlib//Lean/Meta/Tactic/Split.c
[    ] Building /workspace/shared/lean4-pr15373-parent/stage0/src/../stdlib//Lean/Meta/Tactic/Acyclic.c
[    ] Building /workspace/shared/lean4-pr15373-parent/stage0/src/../stdlib//Lean/Meta/Tactic/BVDecide/Counterexample.c
[    ] Building /workspace/shared/lean4-pr15373-parent/stage0/src/../stdlib//Lean/Meta/Tactic/BVDecide/TacticContext.c
[    ] Building /workspace/shared/lean4-pr15373-parent/stage0/src/../stdlib//Lean/Meta/Tactic/BVDecide/Normalize/Basic.c
[    ] Building /workspace/shared/lean4-pr15373-parent/stage0/src/../stdlib//Lean/Meta/Tactic/BVDecide/Normalize/TypeAnalysis.c
[    ] Building /workspace/shared/lean4-pr15373-parent/stage0/src/../stdlib//Lean/Meta/Tactic/BVDecide/Normalize/CollectHyps.c
[    ] Building /workspace/shared/lean4-pr15373-parent/stage0/src/../stdlib//Lean/Meta/Tactic/BVDecide/Normalize/EmbeddedConstraint.c
[    ] Building /workspace/shared/lean4-pr15373-parent/stage0/src/../stdlib//Lean/Meta/Tactic/BVDecide/Normalize/AndFlatten.c
[    ] Building /workspace/shared/lean4-pr15373-parent/stage0/src/../stdlib//Lean/Meta/Tactic/BVDecide/Normalize/Simproc.c
[    ] Building /workspace/shared/lean4-pr15373-parent/stage0/src/../stdlib//Lean/Meta/Tactic/BVDecide/Normalize/Rewrite.c
[    ] Building /workspace/shared/lean4-pr15373-parent/stage0/src/../stdlib//Lean/Meta/Tactic/BVDecide/Normalize/Enums.c
[    ] Building /workspace/shared/lean4-pr15373-parent/stage0/src/../stdlib//Lean/Meta/Tactic/BVDecide/Normalize/ApplyControlFlow.c
[    ] Building /workspace/shared/lean4-pr15373-parent/stage0/src/../stdlib//Lean/Meta/Tactic/BVDecide/Normalize/Structures.c
[    ] Building /workspace/shared/lean4-pr15373-parent/stage0/src/../stdlib//Lean/Meta/Tactic/BVDecide/Normalize/AC.c
[    ] Building /workspace/shared/lean4-pr15373-parent/stage0/src/../stdlib//Lean/Meta/Tactic/BVDecide/Normalize/IntToBitVec.c
[    ] Building /workspace/shared/lean4-pr15373-parent/stage0/src/../stdlib//Lean/Meta/Tactic/BVDecide/Normalize/ShortCircuit.c
[    ] Building /workspace/shared/lean4-pr15373-parent/stage0/src/../stdlib//Lean/Meta/Tactic/BVDecide/Normalize/Reduction.c
[    ] Building /workspace/shared/lean4-pr15373-parent/stage0/src/../stdlib//Lean/Meta/Tactic/BVDecide/Normalize.c
[    ] Building /workspace/shared/lean4-pr15373-parent/stage0/src/../stdlib//Lean/Meta/Tactic/BVDecide/Main.c
[    ] Building /workspace/shared/lean4-pr15373-parent/stage0/src/../stdlib//Lean/Meta/Tactic/BVDecide/Attr.c
[    ] Building /workspace/shared/lean4-pr15373-parent/stage0/src/../stdlib//Lean/Meta/Tactic/BVDecide/Reflect/Basic.c
[    ] Building /workspace/shared/lean4-pr15373-parent/stage0/src/../stdlib//Lean/Meta/Tactic/BVDecide/Reflect/Reify.c
[    ] Building /workspace/shared/lean4-pr15373-parent/stage0/src/../stdlib//Lean/Meta/Tactic/BVDecide/Reflect/ReifiedBVExpr.c
[    ] Building /workspace/shared/lean4-pr15373-parent/stage0/src/../stdlib//Lean/Meta/Tactic/BVDecide/Reflect/ReifiedBVPred.c
[    ] Building /workspace/shared/lean4-pr15373-parent/stage0/src/../stdlib//Lean/Meta/Tactic/BVDecide/Reflect/SatAtBVLogical.c
[    ] Building /workspace/shared/lean4-pr15373-parent/stage0/src/../stdlib//Lean/Meta/Tactic/BVDecide/Reflect/ReifiedBVLogical.c
[    ] Building /workspace/shared/lean4-pr15373-parent/stage0/src/../stdlib//Lean/Meta/Tactic/BVDecide/Reflect/ReifiedLemmas.c
[    ] Building /workspace/shared/lean4-pr15373-parent/stage0/src/../stdlib//Lean/Meta/Tactic/BVDecide/Prover.c
[    ] Building /workspace/shared/lean4-pr15373-parent/stage0/src/../stdlib//Lean/Meta/Tactic/BVDecide/LRAT.c
[    ] Building /workspace/shared/lean4-pr15373-parent/stage0/src/../stdlib//Lean/Meta/Tactic/BVDecide/LRAT/Trim.c
[    ] Building /workspace/shared/lean4-pr15373-parent/stage0/src/../stdlib//Lean/Meta/Tactic/BVDecide/LRAT/Cert.c
[    ] Building /workspace/shared/lean4-pr15373-parent/stage0/src/../stdlib//Lean/Meta/Tactic/BVDecide/Prover/Basic.c
[    ] Building /workspace/shared/lean4-pr15373-parent/stage0/src/../stdlib//Lean/Meta/Tactic/BVDecide/Prover/Bitblast.c
[    ] Building /workspace/shared/lean4-pr15373-parent/stage0/src/../stdlib//Lean/Meta/Tactic/BVDecide/External.c
[    ] Building /workspace/shared/lean4-pr15373-parent/stage0/src/../stdlib//Lean/Meta/Tactic/BVDecide/Reflect.c
[    ] Building /workspace/shared/lean4-pr15373-parent/stage0/src/../stdlib//Lean/Meta/Tactic/Symm.c
[    ] Building /workspace/shared/lean4-pr15373-parent/stage0/src/../stdlib//Lean/Meta/Tactic/ExposeNames.c
[    ] Building /workspace/shared/lean4-pr15373-parent/stage0/src/../stdlib//Lean/Meta/Tactic/Rewrite.c
[    ] Building /workspace/shared/lean4-pr15373-parent/stage0/src/../stdlib//Lean/Meta/Tactic/Unfold.c
[    ] Building /workspace/shared/lean4-pr15373-parent/stage0/src/../stdlib//Lean/Meta/Tactic/Grind/Solve.c
[    ] Building /workspace/shared/lean4-pr15373-parent/stage0/src/../stdlib//Lean/Meta/Tactic/Grind/Types.c
[    ] Building /workspace/shared/lean4-pr15373-parent/stage0/src/../stdlib//Lean/Meta/Tactic/Grind/MarkNestedSubsingletons.c
[    ] Building /workspace/shared/lean4-pr15373-parent/stage0/src/../stdlib//Lean/Meta/Tactic/Grind/Simp.c
[    ] Building /workspace/shared/lean4-pr15373-parent/stage0/src/../stdlib//Lean/Meta/Tactic/Grind/MatchDiscrOnly.c
[    ] Building /workspace/shared/lean4-pr15373-parent/stage0/src/../stdlib//Lean/Meta/Tactic/Grind/Ext.c
[    ] Building /workspace/shared/lean4-pr15373-parent/stage0/src/../stdlib//Lean/Meta/Tactic/Grind/Propagate.c
[    ] Building /workspace/shared/lean4-pr15373-parent/stage0/src/../stdlib//Lean/Meta/Tactic/Grind/Injection.c
[    ] Building /workspace/shared/lean4-pr15373-parent/stage0/src/../stdlib//Lean/Meta/Tactic/Grind/EMatch.c
[    ] Building /workspace/shared/lean4-pr15373-parent/stage0/src/../stdlib//Lean/Meta/Tactic/Grind/PropagateInj.c
[    ] Building /workspace/shared/lean4-pr15373-parent/stage0/src/../stdlib//Lean/Meta/Tactic/Grind/EMatchTheoremPtr.c
[    ] Building /workspace/shared/lean4-pr15373-parent/stage0/src/../stdlib//Lean/Meta/Tactic/Grind/ReflCmp.c
[    ] Building /workspace/shared/lean4-pr15373-parent/stage0/src/../stdlib//Lean/Meta/Tactic/Grind/Parser.c
[    ] Building /workspace/shared/lean4-pr15373-parent/stage0/src/../stdlib//Lean/Meta/Tactic/Grind/BitVec.c
[    ] Building /workspace/shared/lean4-pr15373-parent/stage0/src/../stdlib//Lean/Meta/Tactic/Grind/BVDecide.c
[    ] Building /workspace/shared/lean4-pr15373-parent/stage0/src/../stdlib//Lean/Meta/Tactic/Grind/LawfulEqCmp.c
[    ] Building /workspace/shared/lean4-pr15373-parent/stage0/src/../stdlib//Lean/Meta/Tactic/Grind/Extension.c
[    ] Building /workspace/shared/lean4-pr15373-parent/stage0/src/../stdlib//Lean/Meta/Tactic/Grind/CastLike.c
[    ] Building /workspace/shared/lean4-pr15373-parent/stage0/src/../stdlib//Lean/Meta/Tactic/Grind/Injective.c
[    ] Building /workspace/shared/lean4-pr15373-parent/stage0/src/../stdlib//Lean/Meta/Tactic/Grind/Diseq.c
[    ] Building /workspace/shared/lean4-pr15373-parent/stage0/src/../stdlib//Lean/Meta/Tactic/Grind/MBTC.c
[    ] Building /workspace/shared/lean4-pr15373-parent/stage0/src/../stdlib//Lean/Meta/Tactic/Grind/Finish.c
[    ] Building /workspace/shared/lean4-pr15373-parent/stage0/src/../stdlib//Lean/Meta/Tactic/Grind/ExtAttr.c
[    ] Building /workspace/shared/lean4-pr15373-parent/stage0/src/../stdlib//Lean/Meta/Tactic/Grind/Filter.c
[    ] Building /workspace/shared/lean4-pr15373-parent/stage0/src/../stdlib//Lean/Meta/Tactic/Grind/EMatchAction.c
[    ] Building /workspace/shared/lean4-pr15373-parent/stage0/src/../stdlib//Lean/Meta/Tactic/Grind/ProofUtil.c
[    ] Building /workspace/shared/lean4-pr15373-parent/stage0/src/../stdlib//Lean/Meta/Tactic/Grind/Split.c
[    ] Building /workspace/shared/lean4-pr15373-parent/stage0/src/../stdlib//Lean/Meta/Tactic/Grind/Order.c
[    ] Building /workspace/shared/lean4-pr15373-parent/stage0/src/../stdlib//Lean/Meta/Tactic/Grind/Anchor.c
[    ] Building /workspace/shared/lean4-pr15373-parent/stage0/src/../stdlib//Lean/Meta/Tactic/Grind/Inv.c
[    ] Building /workspace/shared/lean4-pr15373-parent/stage0/src/../stdlib//Lean/Meta/Tactic/Grind/EMatchTheoremParam.c
[    ] Building /workspace/shared/lean4-pr15373-parent/stage0/src/../stdlib//Lean/Meta/Tactic/Grind/RegisterCommand.c
[    ] Building /workspace/shared/lean4-pr15373-parent/stage0/src/../stdlib//Lean/Meta/Tactic/Grind/BVDecide/Types.c
[    ] Building /workspace/shared/lean4-pr15373-parent/stage0/src/../stdlib//Lean/Meta/Tactic/Grind/Homo.c
[    ] Building /workspace/shared/lean4-pr15373-parent/stage0/src/../stdlib//Lean/Meta/Tactic/Grind/Internalize.c
[    ] Building /workspace/shared/lean4-pr15373-parent/stage0/src/../stdlib//Lean/Meta/Tactic/Grind/Proof.c
[    ] Building /workspace/shared/lean4-pr15373-parent/stage0/src/../stdlib//Lean/Meta/Tactic/Grind/PropagatorAttr.c
[    ] Building /workspace/shared/lean4-pr15373-parent/stage0/src/../stdlib//Lean/Meta/Tactic/Grind/Ctor.c
[    ] Building /workspace/shared/lean4-pr15373-parent/stage0/src/../stdlib//Lean/Meta/Tactic/Grind/Beta.c
[    ] Building /workspace/shared/lean4-pr15373-parent/stage0/src/../stdlib//Lean/Meta/Tactic/Grind/Util.c
[    ] Building /workspace/shared/lean4-pr15373-parent/stage0/src/../stdlib//Lean/Meta/Tactic/Grind/CollectParams.c
[    ] Building /workspace/shared/lean4-pr15373-parent/stage0/src/../stdlib//Lean/Meta/Tactic/Grind/Arith/Model.c
[    ] Building /workspace/shared/lean4-pr15373-parent/stage0/src/../stdlib//Lean/Meta/Tactic/Grind/Arith/Types.c
[    ] Building /workspace/shared/lean4-pr15373-parent/stage0/src/../stdlib//Lean/Meta/Tactic/Grind/Arith/Propagate.c
[    ] Building /workspace/shared/lean4-pr15373-parent/stage0/src/../stdlib//Lean/Meta/Tactic/Grind/Arith/IsRelevant.c
[    ] Building /workspace/shared/lean4-pr15373-parent/stage0/src/../stdlib//Lean/Meta/Tactic/Grind/Arith/Simproc.c
[    ] Building /workspace/shared/lean4-pr15373-parent/stage0/src/../stdlib//Lean/Meta/Tactic/Grind/Arith/CommRing/Types.c
[    ] Building /workspace/shared/lean4-pr15373-parent/stage0/src/../stdlib//Lean/Meta/Tactic/Grind/Arith/CommRing/Reify.c
[    ] Building /workspace/shared/lean4-pr15373-parent/stage0/src/../stdlib//Lean/Meta/Tactic/Grind/Arith/CommRing/RingId.c
[    ] Building /workspace/shared/lean4-pr15373-parent/stage0/src/../stdlib//Lean/Meta/Tactic/Grind/Arith/CommRing/Power.c
[    ] Building /workspace/shared/lean4-pr15373-parent/stage0/src/../stdlib//Lean/Meta/Tactic/Grind/Arith/CommRing/SafePoly.c
[    ] Building /workspace/shared/lean4-pr15373-parent/stage0/src/../stdlib//Lean/Meta/Tactic/Grind/Arith/CommRing/Inv.c
[    ] Building /workspace/shared/lean4-pr15373-parent/stage0/src/../stdlib//Lean/Meta/Tactic/Grind/Arith/CommRing/MonadRing.c
[    ] Building /workspace/shared/lean4-pr15373-parent/stage0/src/../stdlib//Lean/Meta/Tactic/Grind/Arith/CommRing/SemiringM.c
[    ] Building /workspace/shared/lean4-pr15373-parent/stage0/src/../stdlib//Lean/Meta/Tactic/Grind/Arith/CommRing/Internalize.c
[    ] Building /workspace/shared/lean4-pr15373-parent/stage0/src/../stdlib//Lean/Meta/Tactic/Grind/Arith/CommRing/Proof.c
[    ] Building /workspace/shared/lean4-pr15373-parent/stage0/src/../stdlib//Lean/Meta/Tactic/Grind/Arith/CommRing/DenoteExpr.c
[    ] Building /workspace/shared/lean4-pr15373-parent/stage0/src/../stdlib//Lean/Meta/Tactic/Grind/Arith/CommRing/Action.c
[    ] Building /workspace/shared/lean4-pr15373-parent/stage0/src/../stdlib//Lean/Meta/Tactic/Grind/Arith/CommRing/Functions.c
[    ] Building /workspace/shared/lean4-pr15373-parent/stage0/src/../stdlib//Lean/Meta/Tactic/Grind/Arith/CommRing/RingM.c
[    ] Building /workspace/shared/lean4-pr15373-parent/stage0/src/../stdlib//Lean/Meta/Tactic/Grind/Arith/CommRing/NonCommRingM.c
[    ] Building /workspace/shared/lean4-pr15373-parent/stage0/src/../stdlib//Lean/Meta/Tactic/Grind/Arith/CommRing/PP.c
[    ] Building /workspace/shared/lean4-pr15373-parent/stage0/src/../stdlib//Lean/Meta/Tactic/Grind/Arith/CommRing/NonCommSemiringM.c
[    ] Building /workspace/shared/lean4-pr15373-parent/stage0/src/../stdlib//Lean/Meta/Tactic/Grind/Arith/CommRing/MonadSemiring.c
[    ] Building /workspace/shared/lean4-pr15373-parent/stage0/src/../stdlib//Lean/Meta/Tactic/Grind/Arith/CommRing/EqCnstr.c
[    ] Building /workspace/shared/lean4-pr15373-parent/stage0/src/../stdlib//Lean/Meta/Tactic/Grind/Arith/CommRing.c
[    ] Building /workspace/shared/lean4-pr15373-parent/stage0/src/../stdlib//Lean/Meta/Tactic/Grind/Arith/Util.c
[    ] Building /workspace/shared/lean4-pr15373-parent/stage0/src/../stdlib//Lean/Meta/Tactic/Grind/Arith/Cutsat.c
[    ] Building /workspace/shared/lean4-pr15373-parent/stage0/src/../stdlib//Lean/Meta/Tactic/Grind/Arith/Main.c
[    ] Building /workspace/shared/lean4-pr15373-parent/stage0/src/../stdlib//Lean/Meta/Tactic/Grind/Arith/Cutsat/Model.c
[    ] Building /workspace/shared/lean4-pr15373-parent/stage0/src/../stdlib//Lean/Meta/Tactic/Grind/Arith/Cutsat/DvdCnstr.c
[    ] Building /workspace/shared/lean4-pr15373-parent/stage0/src/../stdlib//Lean/Meta/Tactic/Grind/Arith/Cutsat/Types.c
[    ] Building /workspace/shared/lean4-pr15373-parent/stage0/src/../stdlib//Lean/Meta/Tactic/Grind/Arith/Cutsat/Var.c
[    ] Building /workspace/shared/lean4-pr15373-parent/stage0/src/../stdlib//Lean/Meta/Tactic/Grind/Arith/Cutsat/Nat.c
[    ] Building /workspace/shared/lean4-pr15373-parent/stage0/src/../stdlib//Lean/Meta/Tactic/Grind/Arith/Cutsat/Norm.c
[    ] Building /workspace/shared/lean4-pr15373-parent/stage0/src/../stdlib//Lean/Meta/Tactic/Grind/Arith/Cutsat/MBTC.c
[    ] Building /workspace/shared/lean4-pr15373-parent/stage0/src/../stdlib//Lean/Meta/Tactic/Grind/Arith/Cutsat/Search.c
[    ] Building /workspace/shared/lean4-pr15373-parent/stage0/src/../stdlib//Lean/Meta/Tactic/Grind/Arith/Cutsat/Inv.c
[    ] Building /workspace/shared/lean4-pr15373-parent/stage0/src/../stdlib//Lean/Meta/Tactic/Grind/Arith/Cutsat/LeCnstr.c
[    ] Building /workspace/shared/lean4-pr15373-parent/stage0/src/../stdlib//Lean/Meta/Tactic/Grind/Arith/Cutsat/Proof.c
[    ] Building /workspace/shared/lean4-pr15373-parent/stage0/src/../stdlib//Lean/Meta/Tactic/Grind/Arith/Cutsat/CommRing.c
[    ] Building /workspace/shared/lean4-pr15373-parent/stage0/src/../stdlib//Lean/Meta/Tactic/Grind/Arith/Cutsat/Util.c
[    ] Building /workspace/shared/lean4-pr15373-parent/stage0/src/../stdlib//Lean/Meta/Tactic/Grind/Arith/Cutsat/Action.c
[    ] Building /workspace/shared/lean4-pr15373-parent/stage0/src/../stdlib//Lean/Meta/Tactic/Grind/Arith/Cutsat/SearchM.c
[    ] Building /workspace/shared/lean4-pr15373-parent/stage0/src/../stdlib//Lean/Meta/Tactic/Grind/Arith/Cutsat/ReorderVars.c
[    ] Building /workspace/shared/lean4-pr15373-parent/stage0/src/../stdlib//Lean/Meta/Tactic/Grind/Arith/Cutsat/VarRename.c
[    ] Building /workspace/shared/lean4-pr15373-parent/stage0/src/../stdlib//Lean/Meta/Tactic/Grind/Arith/Cutsat/EqCnstr.c
[    ] Building /workspace/shared/lean4-pr15373-parent/stage0/src/../stdlib//Lean/Meta/Tactic/Grind/Arith/FieldNormNum.c
[    ] Building /workspace/shared/lean4-pr15373-parent/stage0/src/../stdlib//Lean/Meta/Tactic/Grind/Arith/ModelUtil.c
[    ] Building /workspace/shared/lean4-pr15373-parent/stage0/src/../stdlib//Lean/Meta/Tactic/Grind/Arith/Linear/ToExpr.c
[    ] Building /workspace/shared/lean4-pr15373-parent/stage0/src/../stdlib//Lean/Meta/Tactic/Grind/Arith/Linear/Model.c
[    ] Building /workspace/shared/lean4-pr15373-parent/stage0/src/../stdlib//Lean/Meta/Tactic/Grind/Arith/Linear/Types.c
[    ] Building /workspace/shared/lean4-pr15373-parent/stage0/src/../stdlib//Lean/Meta/Tactic/Grind/Arith/Linear/Reify.c
[    ] Building /workspace/shared/lean4-pr15373-parent/stage0/src/../stdlib//Lean/Meta/Tactic/Grind/Arith/Linear/Var.c
[    ] Building /workspace/shared/lean4-pr15373-parent/stage0/src/../stdlib//Lean/Meta/Tactic/Grind/Arith/Linear/Den.c
[    ] Building /workspace/shared/lean4-pr15373-parent/stage0/src/../stdlib//Lean/Meta/Tactic/Grind/Arith/Linear/IneqCnstr.c
[    ] Building /workspace/shared/lean4-pr15373-parent/stage0/src/../stdlib//Lean/Meta/Tactic/Grind/Arith/Linear/LinearM.c
[    ] Building /workspace/shared/lean4-pr15373-parent/stage0/src/../stdlib//Lean/Meta/Tactic/Grind/Arith/Linear/MBTC.c
[    ] Building /workspace/shared/lean4-pr15373-parent/stage0/src/../stdlib//Lean/Meta/Tactic/Grind/Arith/Linear/StructId.c
[    ] Building /workspace/shared/lean4-pr15373-parent/stage0/src/../stdlib//Lean/Meta/Tactic/Grind/Arith/Linear/Search.c
[    ] Building /workspace/shared/lean4-pr15373-parent/stage0/src/../stdlib//Lean/Meta/Tactic/Grind/Arith/Linear/Inv.c
[    ] Building /workspace/shared/lean4-pr15373-parent/stage0/src/../stdlib//Lean/Meta/Tactic/Grind/Arith/Linear/Internalize.c
[    ] Building /workspace/shared/lean4-pr15373-parent/stage0/src/../stdlib//Lean/Meta/Tactic/Grind/Arith/Linear/Proof.c
[    ] Building /workspace/shared/lean4-pr15373-parent/stage0/src/../stdlib//Lean/Meta/Tactic/Grind/Arith/Linear/DenoteExpr.c
[    ] Building /workspace/shared/lean4-pr15373-parent/stage0/src/../stdlib//Lean/Meta/Tactic/Grind/Arith/Linear/Util.c
[    ] Building /workspace/shared/lean4-pr15373-parent/stage0/src/../stdlib//Lean/Meta/Tactic/Grind/Arith/Linear/PropagateEq.c
[    ] Building /workspace/shared/lean4-pr15373-parent/stage0/src/../stdlib//Lean/Meta/Tactic/Grind/Arith/Linear/OfNatModule.c
[    ] Building /workspace/shared/lean4-pr15373-parent/stage0/src/../stdlib//Lean/Meta/Tactic/Grind/Arith/Linear/Action.c
[    ] Building /workspace/shared/lean4-pr15373-parent/stage0/src/../stdlib//Lean/Meta/Tactic/Grind/Arith/Linear/SearchM.c
[    ] Building /workspace/shared/lean4-pr15373-parent/stage0/src/../stdlib//Lean/Meta/Tactic/Grind/Arith/Linear/PP.c
[    ] Building /workspace/shared/lean4-pr15373-parent/stage0/src/../stdlib//Lean/Meta/Tactic/Grind/Arith/Linear/VarRename.c
[    ] Building /workspace/shared/lean4-pr15373-parent/stage0/src/../stdlib//Lean/Meta/Tactic/Grind/Arith/Linear.c
[    ] Building /workspace/shared/lean4-pr15373-parent/stage0/src/../stdlib//Lean/Meta/Tactic/Grind/Main.c
[    ] Building /workspace/shared/lean4-pr15373-parent/stage0/src/../stdlib//Lean/Meta/Tactic/Grind/EMatchTheorem.c
[    ] Building /workspace/shared/lean4-pr15373-parent/stage0/src/../stdlib//Lean/Meta/Tactic/Grind/Theorems.c
[    ] Building /workspace/shared/lean4-pr15373-parent/stage0/src/../stdlib//Lean/Meta/Tactic/Grind/CtorIdx.c
[    ] Building /workspace/shared/lean4-pr15373-parent/stage0/src/../stdlib//Lean/Meta/Tactic/Grind/Action.c
[    ] Building /workspace/shared/lean4-pr15373-parent/stage0/src/../stdlib//Lean/Meta/Tactic/Grind/Attr.c
[    ] Building /workspace/shared/lean4-pr15373-parent/stage0/src/../stdlib//Lean/Meta/Tactic/Grind/MatchCond.c
[    ] Building /workspace/shared/lean4-pr15373-parent/stage0/src/../stdlib//Lean/Meta/Tactic/Grind/SynthInstance.c
[    ] Building /workspace/shared/lean4-pr15373-parent/stage0/src/../stdlib//Lean/Meta/Tactic/Grind/Proj.c
[    ] Building /workspace/shared/lean4-pr15373-parent/stage0/src/../stdlib//Lean/Meta/Tactic/Grind/Core.c
[    ] Building /workspace/shared/lean4-pr15373-parent/stage0/src/../stdlib//Lean/Meta/Tactic/Grind/AC.c
[    ] Building /workspace/shared/lean4-pr15373-parent/stage0/src/../stdlib//Lean/Meta/Tactic/Grind/Lookahead.c
[    ] Building /workspace/shared/lean4-pr15373-parent/stage0/src/../stdlib//Lean/Meta/Tactic/Grind/Arith.c
[    ] Building /workspace/shared/lean4-pr15373-parent/stage0/src/../stdlib//Lean/Meta/Tactic/Grind/CheckResult.c
[    ] Building /workspace/shared/lean4-pr15373-parent/stage0/src/../stdlib//Lean/Meta/Tactic/Grind/Cases.c
[    ] Building /workspace/shared/lean4-pr15373-parent/stage0/src/../stdlib//Lean/Meta/Tactic/Grind/PP.c
[    ] Building /workspace/shared/lean4-pr15373-parent/stage0/src/../stdlib//Lean/Meta/Tactic/Grind/EMatchDiagnostics.c
[    ] Building /workspace/shared/lean4-pr15373-parent/stage0/src/../stdlib//Lean/Meta/Tactic/Grind/OrderInsts.c
[    ] Building /workspace/shared/lean4-pr15373-parent/stage0/src/../stdlib//Lean/Meta/Tactic/Grind/ForallProp.c
[    ] Building /workspace/shared/lean4-pr15373-parent/stage0/src/../stdlib//Lean/Meta/Tactic/Grind/AC/ToExpr.c
[    ] Building /workspace/shared/lean4-pr15373-parent/stage0/src/../stdlib//Lean/Meta/Tactic/Grind/AC/Types.c
[    ] Building /workspace/shared/lean4-pr15373-parent/stage0/src/../stdlib//Lean/Meta/Tactic/Grind/AC/Var.c
[    ] Building /workspace/shared/lean4-pr15373-parent/stage0/src/../stdlib//Lean/Meta/Tactic/Grind/AC/Seq.c
[    ] Building /workspace/shared/lean4-pr15373-parent/stage0/src/../stdlib//Lean/Meta/Tactic/Grind/AC/Inv.c
[    ] Building /workspace/shared/lean4-pr15373-parent/stage0/src/../stdlib//Lean/Meta/Tactic/Grind/AC/Internalize.c
[    ] Building /workspace/shared/lean4-pr15373-parent/stage0/src/../stdlib//Lean/Meta/Tactic/Grind/AC/Proof.c
[    ] Building /workspace/shared/lean4-pr15373-parent/stage0/src/../stdlib//Lean/Meta/Tactic/Grind/AC/DenoteExpr.c
[    ] Building /workspace/shared/lean4-pr15373-parent/stage0/src/../stdlib//Lean/Meta/Tactic/Grind/AC/Util.c
[    ] Building /workspace/shared/lean4-pr15373-parent/stage0/src/../stdlib//Lean/Meta/Tactic/Grind/AC/Action.c
[    ] Building /workspace/shared/lean4-pr15373-parent/stage0/src/../stdlib//Lean/Meta/Tactic/Grind/AC/PP.c
[    ] Building /workspace/shared/lean4-pr15373-parent/stage0/src/../stdlib//Lean/Meta/Tactic/Grind/AC/Eq.c
[    ] Building /workspace/shared/lean4-pr15373-parent/stage0/src/../stdlib//Lean/Meta/Tactic/Grind/AC/VarRename.c
[    ] Building /workspace/shared/lean4-pr15373-parent/stage0/src/../stdlib//Lean/Meta/Tactic/Grind/MarkAccessible.c
[    ] Building /workspace/shared/lean4-pr15373-parent/stage0/src/../stdlib//Lean/Meta/Tactic/Grind/Homomorphism.c
[    ] Building /workspace/shared/lean4-pr15373-parent/stage0/src/../stdlib//Lean/Meta/Tactic/Grind/CasesMatch.c
[    ] Building /workspace/shared/lean4-pr15373-parent/stage0/src/../stdlib//Lean/Meta/Tactic/Grind/ProveEq.c
[    ] Building /workspace/shared/lean4-pr15373-parent/stage0/src/../stdlib//Lean/Meta/Tactic/Grind/VarRename.c
[    ] Building /workspace/shared/lean4-pr15373-parent/stage0/src/../stdlib//Lean/Meta/Tactic/Grind/SimpUtil.c
[    ] Building /workspace/shared/lean4-pr15373-parent/stage0/src/../stdlib//Lean/Meta/Tactic/Grind/Intro.c
[    ] Building /workspace/shared/lean4-pr15373-parent/stage0/src/../stdlib//Lean/Meta/Tactic/Grind/EqResolution.c
[    ] Building /workspace/shared/lean4-pr15373-parent/stage0/src/../stdlib//Lean/Meta/Tactic/Grind/Order/Types.c
[    ] Building /workspace/shared/lean4-pr15373-parent/stage0/src/../stdlib//Lean/Meta/Tactic/Grind/Order/Assert.c
[    ] Building /workspace/shared/lean4-pr15373-parent/stage0/src/../stdlib//Lean/Meta/Tactic/Grind/Order/StructId.c
[    ] Building /workspace/shared/lean4-pr15373-parent/stage0/src/../stdlib//Lean/Meta/Tactic/Grind/Order/Internalize.c
[    ] Building /workspace/shared/lean4-pr15373-parent/stage0/src/../stdlib//Lean/Meta/Tactic/Grind/Order/OrderM.c
[    ] Building /workspace/shared/lean4-pr15373-parent/stage0/src/../stdlib//Lean/Meta/Tactic/Grind/Order/Proof.c
[    ] Building /workspace/shared/lean4-pr15373-parent/stage0/src/../stdlib//Lean/Meta/Tactic/Grind/Order/Util.c
[    ] Building /workspace/shared/lean4-pr15373-parent/stage0/src/../stdlib//Lean/Meta/Tactic/Backtrack.c
[    ] Building /workspace/shared/lean4-pr15373-parent/stage0/src/../stdlib//Lean/Meta/Tactic/Induction.c
[    ] Building /workspace/shared/lean4-pr15373-parent/stage0/src/../stdlib//Lean/Meta/Tactic/Rename.c
[    ] Building /workspace/shared/lean4-pr15373-parent/stage0/src/../stdlib//Lean/Meta/Tactic/Refl.c
[    ] Building /workspace/shared/lean4-pr15373-parent/stage0/src/../stdlib//Lean/Meta/Tactic/LibrarySearch.c
[    ] Building /workspace/shared/lean4-pr15373-parent/stage0/src/../stdlib//Lean/Meta/Tactic/Delta.c
[    ] Building /workspace/shared/lean4-pr15373-parent/stage0/src/../stdlib//Lean/Meta/Tactic/Util.c
[    ] Building /workspace/shared/lean4-pr15373-parent/stage0/src/../stdlib//Lean/Meta/Tactic/Lets.c
[    ] Building /workspace/shared/lean4-pr15373-parent/stage0/src/../stdlib//Lean/Meta/Tactic/FunIndInfo.c
[    ] Building /workspace/shared/lean4-pr15373-parent/stage0/src/../stdlib//Lean/Meta/Tactic/Rewrites.c
[    ] Building /workspace/shared/lean4-pr15373-parent/stage0/src/../stdlib//Lean/Meta/Tactic/Assumption.c
[    ] Building /workspace/shared/lean4-pr15373-parent/stage0/src/../stdlib//Lean/Meta/Tactic/Grind.c
[    ] Building /workspace/shared/lean4-pr15373-parent/stage0/src/../stdlib//Lean/Meta/Tactic/Apply.c
[    ] Building /workspace/shared/lean4-pr15373-parent/stage0/src/../stdlib//Lean/Meta/Tactic/AC.c
[    ] Building /workspace/shared/lean4-pr15373-parent/stage0/src/../stdlib//Lean/Meta/Tactic/Constructor.c
[    ] Building /workspace/shared/lean4-pr15373-parent/stage0/src/../stdlib//Lean/Meta/Tactic/Congr.c
[    ] Building /workspace/shared/lean4-pr15373-parent/stage0/src/../stdlib//Lean/Meta/Tactic/FunIndCollect.c
[    ] Building /workspace/shared/lean4-pr15373-parent/stage0/src/../stdlib//Lean/Meta/Tactic/Cleanup.c
[    ] Building /workspace/shared/lean4-pr15373-parent/stage0/src/../stdlib//Lean/Meta/Tactic/Cases.c
[    ] Building /workspace/shared/lean4-pr15373-parent/stage0/src/../stdlib//Lean/Meta/Tactic/ElimInfo.c
[    ] Building /workspace/shared/lean4-pr15373-parent/stage0/src/../stdlib//Lean/Meta/Tactic/AC/Main.c
[    ] Building /workspace/shared/lean4-pr15373-parent/stage0/src/../stdlib//Lean/Meta/Tactic/Replace.c
[    ] Building /workspace/shared/lean4-pr15373-parent/stage0/src/../stdlib//Lean/Meta/Tactic/Simp/Types.c
[    ] Building /workspace/shared/lean4-pr15373-parent/stage0/src/../stdlib//Lean/Meta/Tactic/Simp/Diagnostics.c
[    ] Building /workspace/shared/lean4-pr15373-parent/stage0/src/../stdlib//Lean/Meta/Tactic/Simp/Simproc.c
[    ] Building /workspace/shared/lean4-pr15373-parent/stage0/src/../stdlib//Lean/Meta/Tactic/Simp/SimpAll.c
[    ] Building /workspace/shared/lean4-pr15373-parent/stage0/src/../stdlib//Lean/Meta/Tactic/Simp/RegisterCommand.c
[    ] Building /workspace/shared/lean4-pr15373-parent/stage0/src/../stdlib//Lean/Meta/Tactic/Simp/Rewrite.c
[    ] Building /workspace/shared/lean4-pr15373-parent/stage0/src/../stdlib//Lean/Meta/Tactic/Simp/Arith/Nat.c
[    ] Building /workspace/shared/lean4-pr15373-parent/stage0/src/../stdlib//Lean/Meta/Tactic/Simp/Arith/Int/Simp.c
[    ] Building /workspace/shared/lean4-pr15373-parent/stage0/src/../stdlib//Lean/Meta/Tactic/Simp/Arith/Int/Basic.c
[    ] Building /workspace/shared/lean4-pr15373-parent/stage0/src/../stdlib//Lean/Meta/Tactic/Simp/Arith/Util.c
[    ] Building /workspace/shared/lean4-pr15373-parent/stage0/src/../stdlib//Lean/Meta/Tactic/Simp/Arith/Int.c
[    ] Building /workspace/shared/lean4-pr15373-parent/stage0/src/../stdlib//Lean/Meta/Tactic/Simp/Arith/Nat/Simp.c
[    ] Building /workspace/shared/lean4-pr15373-parent/stage0/src/../stdlib//Lean/Meta/Tactic/Simp/Arith/Nat/Basic.c
[    ] Building /workspace/shared/lean4-pr15373-parent/stage0/src/../stdlib//Lean/Meta/Tactic/Simp/Main.c
[    ] Building /workspace/shared/lean4-pr15373-parent/stage0/src/../stdlib//Lean/Meta/Tactic/Simp/Attr.c
[    ] Building /workspace/shared/lean4-pr15373-parent/stage0/src/../stdlib//Lean/Meta/Tactic/Simp/BuiltinSimprocs.c
[    ] Building /workspace/shared/lean4-pr15373-parent/stage0/src/../stdlib//Lean/Meta/Tactic/Simp/SimpCongrTheorems.c
[    ] Building /workspace/shared/lean4-pr15373-parent/stage0/src/../stdlib//Lean/Meta/Tactic/Simp/Arith.c
[    ] Building /workspace/shared/lean4-pr15373-parent/stage0/src/../stdlib//Lean/Meta/Tactic/Simp/SimpTheorems.c
[    ] Building /workspace/shared/lean4-pr15373-parent/stage0/src/../stdlib//Lean/Meta/Tactic/Simp/LoopProtection.c
[    ] Building /workspace/shared/lean4-pr15373-parent/stage0/src/../stdlib//Lean/Meta/Tactic/Simp/BuiltinSimprocs/String.c
[    ] Building /workspace/shared/lean4-pr15373-parent/stage0/src/../stdlib//Lean/Meta/Tactic/Simp/BuiltinSimprocs/BitVec.c
[    ] Building /workspace/shared/lean4-pr15373-parent/stage0/src/../stdlib//Lean/Meta/Tactic/Simp/BuiltinSimprocs/Nat.c
[    ] Building /workspace/shared/lean4-pr15373-parent/stage0/src/../stdlib//Lean/Meta/Tactic/Simp/BuiltinSimprocs/MethodSpecs.c
[    ] Building /workspace/shared/lean4-pr15373-parent/stage0/src/../stdlib//Lean/Meta/Tactic/Simp/BuiltinSimprocs/Fin.c
[    ] Building /workspace/shared/lean4-pr15373-parent/stage0/src/../stdlib//Lean/Meta/Tactic/Simp/BuiltinSimprocs/List.c
[    ] Building /workspace/shared/lean4-pr15373-parent/stage0/src/../stdlib//Lean/Meta/Tactic/Simp/BuiltinSimprocs/Util.c
[    ] Building /workspace/shared/lean4-pr15373-parent/stage0/src/../stdlib//Lean/Meta/Tactic/Simp/BuiltinSimprocs/CtorIdx.c
[    ] Building /workspace/shared/lean4-pr15373-parent/stage0/src/../stdlib//Lean/Meta/Tactic/Simp/BuiltinSimprocs/Core.c
[    ] Building /workspace/shared/lean4-pr15373-parent/stage0/src/../stdlib//Lean/Meta/Tactic/Simp/BuiltinSimprocs/Char.c
[    ] Building /workspace/shared/lean4-pr15373-parent/stage0/src/../stdlib//Lean/Meta/Tactic/Simp/BuiltinSimprocs/Int.c
[    ] Building /workspace/shared/lean4-pr15373-parent/stage0/src/../stdlib//Lean/Meta/Tactic/Simp/BuiltinSimprocs/Array.c
[    ] Building /workspace/shared/lean4-pr15373-parent/stage0/src/../stdlib//Lean/Meta/Tactic/Simp/BuiltinSimprocs/SInt.c
[    ] Building /workspace/shared/lean4-pr15373-parent/stage0/src/../stdlib//Lean/Meta/Tactic/Simp/BuiltinSimprocs/UInt.c
[    ] Building /workspace/shared/lean4-pr15373-parent/stage0/src/../stdlib//Lean/Meta/Tactic/SolveByElim.c
[    ] Building /workspace/shared/lean4-pr15373-parent/stage0/src/../stdlib//Lean/Meta/Tactic/Rfl.c
[    ] Building /workspace/shared/lean4-pr15373-parent/stage0/src/../stdlib//Lean/Meta/Tactic/Subst.c
[    ] Building /workspace/shared/lean4-pr15373-parent/stage0/src/../stdlib//Lean/Meta/Tactic/Intro.c
[    ] Building /workspace/shared/lean4-pr15373-parent/stage0/src/../stdlib//Lean/Meta/Tactic/AuxLemma.c
[    ] Building /workspace/shared/lean4-pr15373-parent/stage0/src/../stdlib//Lean/Meta/WrapInstance.c
[    ] Building /workspace/shared/lean4-pr15373-parent/stage0/src/../stdlib//Lean/Meta/NatTable.c
[    ] Building /workspace/shared/lean4-pr15373-parent/stage0/src/../stdlib//Lean/Meta/DecLevel.c
[    ] Building /workspace/shared/lean4-pr15373-parent/stage0/src/../stdlib//Lean/Meta/CoeAttr.c
[    ] Building /workspace/shared/lean4-pr15373-parent/stage0/src/../stdlib//Lean/Meta/Order.c
[    ] Building /workspace/shared/lean4-pr15373-parent/stage0/src/../stdlib//Lean/Meta/SplitSparseCasesOn.c
[    ] Building /workspace/shared/lean4-pr15373-parent/stage0/src/../stdlib//Lean/Meta/ArgsPacker/Basic.c
[    ] Building /workspace/shared/lean4-pr15373-parent/stage0/src/../stdlib//Lean/Meta/Coe.c
[    ] Building /workspace/shared/lean4-pr15373-parent/stage0/src/../stdlib//Lean/Meta/AbstractNestedProofs.c
[    ] Building /workspace/shared/lean4-pr15373-parent/stage0/src/../stdlib//Lean/Meta/Instances.c
[    ] Building /workspace/shared/lean4-pr15373-parent/stage0/src/../stdlib//Lean/Meta/CtorIdxHInj.c
[    ] Building /workspace/shared/lean4-pr15373-parent/stage0/src/../stdlib//Lean/Meta/Offset.c
[    ] Building /workspace/shared/lean4-pr15373-parent/stage0/src/../stdlib//Lean/Meta/Match/MatcherApp/Basic.c
[    ] Building /workspace/shared/lean4-pr15373-parent/stage0/src/../stdlib//Lean/Meta/Match/MatcherApp/Transform.c
[    ] Building /workspace/shared/lean4-pr15373-parent/stage0/src/../stdlib//Lean/Meta/Match/MatcherApp.c
[    ] Building /workspace/shared/lean4-pr15373-parent/stage0/src/../stdlib//Lean/Meta/Match/Basic.c
[    ] Building /workspace/shared/lean4-pr15373-parent/stage0/src/../stdlib//Lean/Meta/Match/NamedPatterns.c
[    ] Building /workspace/shared/lean4-pr15373-parent/stage0/src/../stdlib//Lean/Meta/Match/Match.c
[    ] Building /workspace/shared/lean4-pr15373-parent/stage0/src/../stdlib//Lean/Meta/Match/MatchPatternAttr.c
[    ] Building /workspace/shared/lean4-pr15373-parent/stage0/src/../stdlib//Lean/Meta/Match/SimpH.c
[    ] Building /workspace/shared/lean4-pr15373-parent/stage0/src/../stdlib//Lean/Meta/Match/CaseValues.c
[    ] Building /workspace/shared/lean4-pr15373-parent/stage0/src/../stdlib//Lean/Meta/Match/MatchEqs.c
[    ] Building /workspace/shared/lean4-pr15373-parent/stage0/src/../stdlib//Lean/Meta/Match/Rewrite.c
[    ] Building /workspace/shared/lean4-pr15373-parent/stage0/src/../stdlib//Lean/Meta/Match/CaseArraySizes.c
[    ] Building /workspace/shared/lean4-pr15373-parent/stage0/src/../stdlib//Lean/Meta/Match/SolveOverlap.c
[    ] Building /workspace/shared/lean4-pr15373-parent/stage0/src/../stdlib//Lean/Meta/Match/MatchEqsExt.c
[    ] Building /workspace/shared/lean4-pr15373-parent/stage0/src/../stdlib//Lean/Meta/Match/AltTelescopes.c
[    ] Building /workspace/shared/lean4-pr15373-parent/stage0/src/../stdlib//Lean/Meta/Match/MVarRenaming.c
[    ] Building /workspace/shared/lean4-pr15373-parent/stage0/src/../stdlib//Lean/Meta/Match/MatcherInfo.c
[    ] Building /workspace/shared/lean4-pr15373-parent/stage0/src/../stdlib//Lean/Meta/Match/Value.c
[    ] Building /workspace/shared/lean4-pr15373-parent/stage0/src/../stdlib//Lean/Meta/KAbstract.c
[    ] Building /workspace/shared/lean4-pr15373-parent/stage0/src/../stdlib//Lean/Meta/CollectFVars.c
[    ] Building /workspace/shared/lean4-pr15373-parent/stage0/src/../stdlib//Lean/Meta/CtorRecognizer.c
[    ] Building /workspace/shared/lean4-pr15373-parent/stage0/src/../stdlib//Lean/Meta/HaveTelescope.c
[    ] Building /workspace/shared/lean4-pr15373-parent/stage0/src/../stdlib//Lean/Meta/CheckTactic.c
[    ] Building /workspace/shared/lean4-pr15373-parent/stage0/src/../stdlib//Lean/Meta/Hint.c
[    ] Building /workspace/shared/lean4-pr15373-parent/stage0/src/../stdlib//Lean/Meta/ReduceEval.c
[    ] Building /workspace/shared/lean4-pr15373-parent/stage0/src/../stdlib//Lean/Meta/AppBuilder.c
[    ] Building /workspace/shared/lean4-pr15373-parent/stage0/src/../stdlib//Lean/Meta/MatchUtil.c
[    ] Building /workspace/shared/lean4-pr15373-parent/stage0/src/../stdlib//Lean/Meta/StringLitProof.c
[    ] Building /workspace/shared/lean4-pr15373-parent/stage0/src/../stdlib//Lean/Meta/SynthInstance.c
[    ] Building /workspace/shared/lean4-pr15373-parent/stage0/src/../stdlib//Lean/Meta/ProdN.c
[    ] Building /workspace/shared/lean4-pr15373-parent/stage0/src/../stdlib//Lean/Meta/HasAssignableMVar.c
[    ] Building /workspace/shared/lean4-pr15373-parent/stage0/src/../stdlib//Lean/Meta/ExprTraverse.c
[    ] Building /workspace/shared/lean4-pr15373-parent/stage0/src/../stdlib//Lean/Meta/CongrTheorems.c
[    ] Building /workspace/shared/lean4-pr15373-parent/stage0/src/../stdlib//Lean/Meta/IntInstTesters.c
[    ] Building /workspace/shared/lean4-pr15373-parent/stage0/src/../stdlib//Lean/Meta/MkIffOfInductiveProp.c
[    ] Building /workspace/shared/lean4-pr15373-parent/stage0/src/../stdlib//Lean/Meta/CompletionName.c
[    ] Building /workspace/shared/lean4-pr15373-parent/stage0/src/../stdlib//Lean/Meta/BinderNameHint.c
[    ] Building /workspace/shared/lean4-pr15373-parent/stage0/src/../stdlib//Lean/Meta/Sorry.c
[    ] Building /workspace/shared/lean4-pr15373-parent/stage0/src/../stdlib//Lean/Meta/ACLt.c
[    ] Building /workspace/shared/lean4-pr15373-parent/stage0/src/../stdlib//Lean/Meta/IndPredBelow.c
[    ] Building /workspace/shared/lean4-pr15373-parent/stage0/src/../stdlib//Lean/Meta/Eval.c
[    ] Building /workspace/shared/lean4-pr15373-parent/stage0/src/../stdlib//Lean/Meta/PPBinder.c
[    ] Building /workspace/shared/lean4-pr15373-parent/stage0/src/../stdlib//Lean/Meta/PPGoal.c
[    ] Building /workspace/shared/lean4-pr15373-parent/stage0/src/../stdlib//Lean/Meta/AbstractMVars.c
[    ] Building /workspace/shared/lean4-pr15373-parent/stage0/src/../stdlib//Lean/Meta/PProdN.c
[    ] Building /workspace/shared/lean4-pr15373-parent/stage0/src/../stdlib//Lean/Meta/NatInstTesters.c
[    ] Building /workspace/shared/lean4-pr15373-parent/stage0/src/../stdlib//Lean/Meta/Inductive.c
[    ] Building /workspace/shared/lean4-pr15373-parent/stage0/src/../stdlib//Lean/Meta/Native.c
[    ] Building /workspace/shared/lean4-pr15373-parent/stage0/src/../stdlib//Lean/Meta/GeneralizeTelescope.c
[    ] Building /workspace/shared/lean4-pr15373-parent/stage0/src/../stdlib//Lean/Meta/ExprDefEq.c
[    ] Building /workspace/shared/lean4-pr15373-parent/stage0/src/../stdlib//Lean/Meta/WHNF.c
[    ] Building /workspace/shared/lean4-pr15373-parent/stage0/src/../stdlib//Lean/Meta/CasesInfo.c
[    ] Building /workspace/shared/lean4-pr15373-parent/stage0/src/../stdlib//Lean/Meta/ArgsPacker.c
[    ] Building /workspace/shared/lean4-pr15373-parent/stage0/src/../stdlib//Lean/Meta/RecursorInfo.c
[    ] Building /workspace/shared/lean4-pr15373-parent/stage0/src/../stdlib//Lean/Meta/DiscrTree/Types.c
[    ] Building /workspace/shared/lean4-pr15373-parent/stage0/src/../stdlib//Lean/Meta/DiscrTree/Basic.c
[    ] Building /workspace/shared/lean4-pr15373-parent/stage0/src/../stdlib//Lean/Meta/DiscrTree/Util.c
[    ] Building /workspace/shared/lean4-pr15373-parent/stage0/src/../stdlib//Lean/Meta/DiscrTree/Main.c
[    ] Building /workspace/shared/lean4-pr15373-parent/stage0/src/../stdlib//Lean/Meta/KExprMap.c
[    ] Building /workspace/shared/lean4-pr15373-parent/stage0/src/../stdlib//Lean/Meta/Iterator.c
[    ] Building /workspace/shared/lean4-pr15373-parent/stage0/src/../stdlib//Lean/Meta/Constructions/RecOn.c
[    ] Building /workspace/shared/lean4-pr15373-parent/stage0/src/../stdlib//Lean/Meta/Constructions/SparseCasesOn.c
[    ] Building /workspace/shared/lean4-pr15373-parent/stage0/src/../stdlib//Lean/Meta/Constructions/SparseCasesOnEq.c
[    ] Building /workspace/shared/lean4-pr15373-parent/stage0/src/../stdlib//Lean/Meta/Constructions/BRecOn.c
[    ] Building /workspace/shared/lean4-pr15373-parent/stage0/src/../stdlib//Lean/Meta/Constructions/CtorIdx.c
[    ] Building /workspace/shared/lean4-pr15373-parent/stage0/src/../stdlib//Lean/Meta/Constructions/CasesOn.c
[    ] Building /workspace/shared/lean4-pr15373-parent/stage0/src/../stdlib//Lean/Meta/Constructions/CtorElim.c
[    ] Building /workspace/shared/lean4-pr15373-parent/stage0/src/../stdlib//Lean/Meta/Constructions/CasesOnSameCtor.c
[    ] Building /workspace/shared/lean4-pr15373-parent/stage0/src/../stdlib//Lean/Meta/Constructions/NoConfusion.c
[    ] Building /workspace/shared/lean4-pr15373-parent/stage0/src/../stdlib//Lean/Meta/GetUnfoldableConst.c
[    ] Building /workspace/shared/lean4-pr15373-parent/stage0/src/../stdlib//Lean/Meta/MonadSimp.c
[    ] Building /workspace/shared/lean4-pr15373-parent/stage0/src/../stdlib//Lean/Meta/InferType.c
[    ] Building /workspace/shared/lean4-pr15373-parent/stage0/src/../stdlib//Lean/Meta/ExprLens.c
[    ] Building /workspace/shared/lean4-pr15373-parent/stage0/src/../stdlib//Lean/Meta/LetToHave.c
[    ] Building /workspace/shared/lean4-pr15373-parent/stage0/src/../stdlib//Lean/Meta/FunInfo.c
[    ] Building /workspace/shared/lean4-pr15373-parent/stage0/src/../stdlib//Lean/Compiler/LCNF.c
[    ] Building /workspace/shared/lean4-pr15373-parent/stage0/src/../stdlib//Lean/Compiler/FFI.c
[    ] Building /workspace/shared/lean4-pr15373-parent/stage0/src/../stdlib//Lean/Compiler/Options.c
[    ] Building /workspace/shared/lean4-pr15373-parent/stage0/src/../stdlib//Lean/Compiler/BorrowedAnnotation.c
[    ] Building /workspace/shared/lean4-pr15373-parent/stage0/src/../stdlib//Lean/Compiler/ModPkgExt.c
[    ] Building /workspace/shared/lean4-pr15373-parent/stage0/src/../stdlib//Lean/Compiler/MetaAttr.c
[    ] Building /workspace/shared/lean4-pr15373-parent/stage0/src/../stdlib//Lean/Compiler/ImplementedByAttr.c
[    ] Building /workspace/shared/lean4-pr15373-parent/stage0/src/../stdlib//Lean/Compiler/IR.c
[    ] Building /workspace/shared/lean4-pr15373-parent/stage0/src/../stdlib//Lean/Compiler/NeverExtractAttr.c
[    ] Building /workspace/shared/lean4-pr15373-parent/stage0/src/../stdlib//Lean/Compiler/LCNF/ToExpr.c
[    ] Building /workspace/shared/lean4-pr15373-parent/stage0/src/../stdlib//Lean/Compiler/LCNF/StructProjCases.c
[    ] Building /workspace/shared/lean4-pr15373-parent/stage0/src/../stdlib//Lean/Compiler/LCNF/Types.c
[    ] Building /workspace/shared/lean4-pr15373-parent/stage0/src/../stdlib//Lean/Compiler/LCNF/Visibility.c
[    ] Building /workspace/shared/lean4-pr15373-parent/stage0/src/../stdlib//Lean/Compiler/LCNF/JoinPoints.c
[    ] Building /workspace/shared/lean4-pr15373-parent/stage0/src/../stdlib//Lean/Compiler/LCNF/Simp.c
[    ] Building /workspace/shared/lean4-pr15373-parent/stage0/src/../stdlib//Lean/Compiler/LCNF/Basic.c
[    ] Building /workspace/shared/lean4-pr15373-parent/stage0/src/../stdlib//Lean/Compiler/LCNF/ElimDead.c
[    ] Building /workspace/shared/lean4-pr15373-parent/stage0/src/../stdlib//Lean/Compiler/LCNF/SplitSCC.c
[    ] Building /workspace/shared/lean4-pr15373-parent/stage0/src/../stdlib//Lean/Compiler/LCNF/PrettyPrinter.c
[    ] Building /workspace/shared/lean4-pr15373-parent/stage0/src/../stdlib//Lean/Compiler/LCNF/Probing.c
[    ] Building /workspace/shared/lean4-pr15373-parent/stage0/src/../stdlib//Lean/Compiler/LCNF/MonoTypes.c
[    ] Building /workspace/shared/lean4-pr15373-parent/stage0/src/../stdlib//Lean/Compiler/LCNF/InferBorrow.c
[    ] Building /workspace/shared/lean4-pr15373-parent/stage0/src/../stdlib//Lean/Compiler/LCNF/CompilerM.c
[    ] Building /workspace/shared/lean4-pr15373-parent/stage0/src/../stdlib//Lean/Compiler/LCNF/ExpandResetReuse.c
[    ] Building /workspace/shared/lean4-pr15373-parent/stage0/src/../stdlib//Lean/Compiler/LCNF/ResetReuse.c
[    ] Building /workspace/shared/lean4-pr15373-parent/stage0/src/../stdlib//Lean/Compiler/LCNF/ToDecl.c
[    ] Building /workspace/shared/lean4-pr15373-parent/stage0/src/../stdlib//Lean/Compiler/LCNF/OtherDecl.c
[    ] Building /workspace/shared/lean4-pr15373-parent/stage0/src/../stdlib//Lean/Compiler/LCNF/Irrelevant.c
[    ] Building /workspace/shared/lean4-pr15373-parent/stage0/src/../stdlib//Lean/Compiler/LCNF/FVarUtil.c
[    ] Building /workspace/shared/lean4-pr15373-parent/stage0/src/../stdlib//Lean/Compiler/LCNF/ElimDeadBranches.c
[    ] Building /workspace/shared/lean4-pr15373-parent/stage0/src/../stdlib//Lean/Compiler/LCNF/AlphaEqv.c
[    ] Building /workspace/shared/lean4-pr15373-parent/stage0/src/../stdlib//Lean/Compiler/LCNF/PullLetDecls.c
[    ] Building /workspace/shared/lean4-pr15373-parent/stage0/src/../stdlib//Lean/Compiler/LCNF/ScopeM.c
[    ] Building /workspace/shared/lean4-pr15373-parent/stage0/src/../stdlib//Lean/Compiler/LCNF/Closure.c
[    ] Building /workspace/shared/lean4-pr15373-parent/stage0/src/../stdlib//Lean/Compiler/LCNF/FloatLetIn.c
[    ] Building /workspace/shared/lean4-pr15373-parent/stage0/src/../stdlib//Lean/Compiler/LCNF/CoalesceRC.c
[    ] Building /workspace/shared/lean4-pr15373-parent/stage0/src/../stdlib//Lean/Compiler/LCNF/AuxDeclCache.c
[    ] Building /workspace/shared/lean4-pr15373-parent/stage0/src/../stdlib//Lean/Compiler/LCNF/ToMono.c
[    ] Building /workspace/shared/lean4-pr15373-parent/stage0/src/../stdlib//Lean/Compiler/LCNF/Check.c
[    ] Building /workspace/shared/lean4-pr15373-parent/stage0/src/../stdlib//Lean/Compiler/LCNF/ExplicitRC.c
[    ] Building /workspace/shared/lean4-pr15373-parent/stage0/src/../stdlib//Lean/Compiler/LCNF/PushProj.c
[    ] Building /workspace/shared/lean4-pr15373-parent/stage0/src/../stdlib//Lean/Compiler/LCNF/Internalize.c
[    ] Building /workspace/shared/lean4-pr15373-parent/stage0/src/../stdlib//Lean/Compiler/LCNF/ReduceArity.c
[    ] Building /workspace/shared/lean4-pr15373-parent/stage0/src/../stdlib//Lean/Compiler/LCNF/Specialize.c
[    ] Building /workspace/shared/lean4-pr15373-parent/stage0/src/../stdlib//Lean/Compiler/LCNF/LiveVars.c
[    ] Building /workspace/shared/lean4-pr15373-parent/stage0/src/../stdlib//Lean/Compiler/LCNF/Renaming.c
[    ] Building /workspace/shared/lean4-pr15373-parent/stage0/src/../stdlib//Lean/Compiler/LCNF/Util.c
[    ] Building /workspace/shared/lean4-pr15373-parent/stage0/src/../stdlib//Lean/Compiler/LCNF/EmitUtil.c
[    ] Building /workspace/shared/lean4-pr15373-parent/stage0/src/../stdlib//Lean/Compiler/LCNF/Main.c
[    ] Building /workspace/shared/lean4-pr15373-parent/stage0/src/../stdlib//Lean/Compiler/LCNF/PassManager.c
[    ] Building /workspace/shared/lean4-pr15373-parent/stage0/src/../stdlib//Lean/Compiler/LCNF/DeclHash.c
[    ] Building /workspace/shared/lean4-pr15373-parent/stage0/src/../stdlib//Lean/Compiler/LCNF/DependsOn.c
[    ] Building /workspace/shared/lean4-pr15373-parent/stage0/src/../stdlib//Lean/Compiler/LCNF/ToImpureType.c
[    ] Building /workspace/shared/lean4-pr15373-parent/stage0/src/../stdlib//Lean/Compiler/LCNF/ExtractClosed.c
[    ] Building /workspace/shared/lean4-pr15373-parent/stage0/src/../stdlib//Lean/Compiler/LCNF/ConfigOptions.c
[    ] Building /workspace/shared/lean4-pr15373-parent/stage0/src/../stdlib//Lean/Compiler/LCNF/LCtx.c
[    ] Building /workspace/shared/lean4-pr15373-parent/stage0/src/../stdlib//Lean/Compiler/LCNF/Level.c
[    ] Building /workspace/shared/lean4-pr15373-parent/stage0/src/../stdlib//Lean/Compiler/LCNF/FixedParams.c
[    ] Building /workspace/shared/lean4-pr15373-parent/stage0/src/../stdlib//Lean/Compiler/LCNF/PullFunDecls.c
[    ] Building /workspace/shared/lean4-pr15373-parent/stage0/src/../stdlib//Lean/Compiler/LCNF/MonadScope.c
[    ] Building /workspace/shared/lean4-pr15373-parent/stage0/src/../stdlib//Lean/Compiler/LCNF/ExplicitBoxing.c
[    ] Building /workspace/shared/lean4-pr15373-parent/stage0/src/../stdlib//Lean/Compiler/LCNF/Bind.c
[    ] Building /workspace/shared/lean4-pr15373-parent/stage0/src/../stdlib//Lean/Compiler/LCNF/CSE.c
[    ] Building /workspace/shared/lean4-pr15373-parent/stage0/src/../stdlib//Lean/Compiler/LCNF/BaseTypes.c
[    ] Building /workspace/shared/lean4-pr15373-parent/stage0/src/../stdlib//Lean/Compiler/LCNF/PhaseExt.c
[    ] Building /workspace/shared/lean4-pr15373-parent/stage0/src/../stdlib//Lean/Compiler/LCNF/ReduceJpArity.c
[    ] Building /workspace/shared/lean4-pr15373-parent/stage0/src/../stdlib//Lean/Compiler/LCNF/PublicDeclsExt.c
[    ] Building /workspace/shared/lean4-pr15373-parent/stage0/src/../stdlib//Lean/Compiler/LCNF/SimpleGroundExpr.c
[    ] Building /workspace/shared/lean4-pr15373-parent/stage0/src/../stdlib//Lean/Compiler/LCNF/LambdaLifting.c
[    ] Building /workspace/shared/lean4-pr15373-parent/stage0/src/../stdlib//Lean/Compiler/LCNF/EmitC.c
[    ] Building /workspace/shared/lean4-pr15373-parent/stage0/src/../stdlib//Lean/Compiler/LCNF/CompatibleTypes.c
[    ] Building /workspace/shared/lean4-pr15373-parent/stage0/src/../stdlib//Lean/Compiler/LCNF/ToLCNF.c
[    ] Building /workspace/shared/lean4-pr15373-parent/stage0/src/../stdlib//Lean/Compiler/LCNF/PropagateBorrow.c
[    ] Building /workspace/shared/lean4-pr15373-parent/stage0/src/../stdlib//Lean/Compiler/LCNF/SpecInfo.c
[    ] Building /workspace/shared/lean4-pr15373-parent/stage0/src/../stdlib//Lean/Compiler/LCNF/Simp/Basic.c
[    ] Building /workspace/shared/lean4-pr15373-parent/stage0/src/../stdlib//Lean/Compiler/LCNF/Simp/ConstantFold.c
[    ] Building /workspace/shared/lean4-pr15373-parent/stage0/src/../stdlib//Lean/Compiler/LCNF/Simp/FunDeclInfo.c
[    ] Building /workspace/shared/lean4-pr15373-parent/stage0/src/../stdlib//Lean/Compiler/LCNF/Simp/Config.c
[    ] Building /workspace/shared/lean4-pr15373-parent/stage0/src/../stdlib//Lean/Compiler/LCNF/Simp/Used.c
[    ] Building /workspace/shared/lean4-pr15373-parent/stage0/src/../stdlib//Lean/Compiler/LCNF/Simp/JpCases.c
[    ] Building /workspace/shared/lean4-pr15373-parent/stage0/src/../stdlib//Lean/Compiler/LCNF/Simp/InlineCandidate.c
[    ] Building /workspace/shared/lean4-pr15373-parent/stage0/src/../stdlib//Lean/Compiler/LCNF/Simp/SimpM.c
[    ] Building /workspace/shared/lean4-pr15373-parent/stage0/src/../stdlib//Lean/Compiler/LCNF/Simp/DiscrM.c
[    ] Building /workspace/shared/lean4-pr15373-parent/stage0/src/../stdlib//Lean/Compiler/LCNF/Simp/Main.c
[    ] Building /workspace/shared/lean4-pr15373-parent/stage0/src/../stdlib//Lean/Compiler/LCNF/Simp/InlineProj.c
[    ] Building /workspace/shared/lean4-pr15373-parent/stage0/src/../stdlib//Lean/Compiler/LCNF/Simp/SimpValue.c
[    ] Building /workspace/shared/lean4-pr15373-parent/stage0/src/../stdlib//Lean/Compiler/LCNF/Simp/DefaultAlt.c
[    ] Building /workspace/shared/lean4-pr15373-parent/stage0/src/../stdlib//Lean/Compiler/LCNF/InferType.c
[    ] Building /workspace/shared/lean4-pr15373-parent/stage0/src/../stdlib//Lean/Compiler/LCNF/Toposort.c
[    ] Building /workspace/shared/lean4-pr15373-parent/stage0/src/../stdlib//Lean/Compiler/LCNF/Passes.c
[    ] Building /workspace/shared/lean4-pr15373-parent/stage0/src/../stdlib//Lean/Compiler/LCNF/ToImpure.c
[    ] Building /workspace/shared/lean4-pr15373-parent/stage0/src/../stdlib//Lean/Compiler/LCNF/SimpCase.c
[    ] Building /workspace/shared/lean4-pr15373-parent/stage0/src/../stdlib//Lean/Compiler/ExternAttr.c
[    ] Building /workspace/shared/lean4-pr15373-parent/stage0/src/../stdlib//Lean/Compiler/NameMangling.c
[    ] Building /workspace/shared/lean4-pr15373-parent/stage0/src/../stdlib//Lean/Compiler/ExportAttr.c
[    ] Building /workspace/shared/lean4-pr15373-parent/stage0/src/../stdlib//Lean/Compiler/CSimpAttr.c
[    ] Building /workspace/shared/lean4-pr15373-parent/stage0/src/../stdlib//Lean/Compiler/Old.c
[    ] Building /workspace/shared/lean4-pr15373-parent/stage0/src/../stdlib//Lean/Compiler/Specialize.c
[    ] Building /workspace/shared/lean4-pr15373-parent/stage0/src/../stdlib//Lean/Compiler/ClosedTermCache.c
[    ] Building /workspace/shared/lean4-pr15373-parent/stage0/src/../stdlib//Lean/Compiler/Main.c
[    ] Building /workspace/shared/lean4-pr15373-parent/stage0/src/../stdlib//Lean/Compiler/NameDemangling.c
[    ] Building /workspace/shared/lean4-pr15373-parent/stage0/src/../stdlib//Lean/Compiler/NoncomputableAttr.c
[    ] Building /workspace/shared/lean4-pr15373-parent/stage0/src/../stdlib//Lean/Compiler/IR/NormIds.c
[    ] Building /workspace/shared/lean4-pr15373-parent/stage0/src/../stdlib//Lean/Compiler/IR/Basic.c
[    ] Building /workspace/shared/lean4-pr15373-parent/stage0/src/../stdlib//Lean/Compiler/IR/Format.c
[    ] Building /workspace/shared/lean4-pr15373-parent/stage0/src/../stdlib//Lean/Compiler/IR/LLVMBindings.c
[    ] Building /workspace/shared/lean4-pr15373-parent/stage0/src/../stdlib//Lean/Compiler/IR/CompilerM.c
[    ] Building /workspace/shared/lean4-pr15373-parent/stage0/src/../stdlib//Lean/Compiler/IR/Checker.c
[    ] Building /workspace/shared/lean4-pr15373-parent/stage0/src/../stdlib//Lean/Compiler/IR/EmitLLVM.c
[    ] Building /workspace/shared/lean4-pr15373-parent/stage0/src/../stdlib//Lean/Compiler/IR/EmitUtil.c
[    ] Building /workspace/shared/lean4-pr15373-parent/stage0/src/../stdlib//Lean/Compiler/IR/Meta.c
[    ] Building /workspace/shared/lean4-pr15373-parent/stage0/src/../stdlib//Lean/Compiler/IR/ToIR.c
[    ] Building /workspace/shared/lean4-pr15373-parent/stage0/src/../stdlib//Lean/Compiler/IR/Sorry.c
[    ] Building /workspace/shared/lean4-pr15373-parent/stage0/src/../stdlib//Lean/Compiler/IR/ToIRType.c
[    ] Building /workspace/shared/lean4-pr15373-parent/stage0/src/../stdlib//Lean/Compiler/IR/UnboxResult.c
[    ] Building /workspace/shared/lean4-pr15373-parent/stage0/src/../stdlib//Lean/Compiler/InitAttr.c
[    ] Building /workspace/shared/lean4-pr15373-parent/stage0/src/../stdlib//Lean/Compiler/InlineAttrs.c
[    ] Building /workspace/shared/lean4-pr15373-parent/stage0/src/../stdlib//Lean/Widget.c
[    ] Building /workspace/shared/lean4-pr15373-parent/stage0/src/../stdlib//Lean/Level.c
[    ] Building /workspace/shared/lean4-pr15373-parent/stage0/src/../stdlib//Lean/Exception.c
[    ] Building /workspace/shared/lean4-pr15373-parent/stage0/src/../stdlib//Lean/AutoDecl.c
[    ] Building /workspace/shared/lean4-pr15373-parent/stage0/src/../stdlib//Lean/KeyedDeclsAttribute.c
[    ] Building /workspace/shared/lean4-pr15373-parent/stage0/src/../stdlib//Lean/AddDecl.c
[    ] Building /workspace/shared/lean4-pr15373-parent/stage0/src/../stdlib//Lean/CompactedRegion.c
[    ] Building /workspace/shared/lean4-pr15373-parent/stage0/src/../stdlib//Lean/Data/Position.c
[    ] Building /workspace/shared/lean4-pr15373-parent/stage0/src/../stdlib//Lean/Data/NameMap.c
[    ] Building /workspace/shared/lean4-pr15373-parent/stage0/src/../stdlib//Lean/Data/Format.c
[    ] Building /workspace/shared/lean4-pr15373-parent/stage0/src/../stdlib//Lean/Data/PersistentHashSet.c
[    ] Building /workspace/shared/lean4-pr15373-parent/stage0/src/../stdlib//Lean/Data/LBool.c
[    ] Building /workspace/shared/lean4-pr15373-parent/stage0/src/../stdlib//Lean/Data/Json.c
[    ] Building /workspace/shared/lean4-pr15373-parent/stage0/src/../stdlib//Lean/Data/Options.c
[    ] Building /workspace/shared/lean4-pr15373-parent/stage0/src/../stdlib//Lean/Data/JsonRpc.c
[    ] Building /workspace/shared/lean4-pr15373-parent/stage0/src/../stdlib//Lean/Data/FuzzyMatching.c
[    ] Building /workspace/shared/lean4-pr15373-parent/stage0/src/../stdlib//Lean/Data/Trie.c
[    ] Building /workspace/shared/lean4-pr15373-parent/stage0/src/../stdlib//Lean/Data/RArray.c
[    ] Building /workspace/shared/lean4-pr15373-parent/stage0/src/../stdlib//Lean/Data/RBTree.c
[    ] Building /workspace/shared/lean4-pr15373-parent/stage0/src/../stdlib//Lean/Data/NameMap/Basic.c
[    ] Building /workspace/shared/lean4-pr15373-parent/stage0/src/../stdlib//Lean/Data/NameMap/AdditionalOperations.c
[    ] Building /workspace/shared/lean4-pr15373-parent/stage0/src/../stdlib//Lean/Data/Iterators/Producers/PersistentHashMap.c
[    ] Building /workspace/shared/lean4-pr15373-parent/stage0/src/../stdlib//Lean/Data/Iterators/Producers.c
[    ] Building /workspace/shared/lean4-pr15373-parent/stage0/src/../stdlib//Lean/Data/SMap.c
[    ] Building /workspace/shared/lean4-pr15373-parent/stage0/src/../stdlib//Lean/Data/LOption.c
[    ] Building /workspace/shared/lean4-pr15373-parent/stage0/src/../stdlib//Lean/Data/DeclarationRange.c
[    ] Building /workspace/shared/lean4-pr15373-parent/stage0/src/../stdlib//Lean/Data/PPContext.c
[    ] Building /workspace/shared/lean4-pr15373-parent/stage0/src/../stdlib//Lean/Data/EditDistance.c
[    ] Building /workspace/shared/lean4-pr15373-parent/stage0/src/../stdlib//Lean/Data/Json/Basic.c
[    ] Building /workspace/shared/lean4-pr15373-parent/stage0/src/../stdlib//Lean/Data/Json/Printer.c
[    ] Building /workspace/shared/lean4-pr15373-parent/stage0/src/../stdlib//Lean/Data/Json/FromToJson/Basic.c
[    ] Building /workspace/shared/lean4-pr15373-parent/stage0/src/../stdlib//Lean/Data/Json/FromToJson/Extra.c
[    ] Building /workspace/shared/lean4-pr15373-parent/stage0/src/../stdlib//Lean/Data/Json/Parser.c
[    ] Building /workspace/shared/lean4-pr15373-parent/stage0/src/../stdlib//Lean/Data/Json/Stream.c
[    ] Building /workspace/shared/lean4-pr15373-parent/stage0/src/../stdlib//Lean/Data/Json/Elab.c
[    ] Building /workspace/shared/lean4-pr15373-parent/stage0/src/../stdlib//Lean/Data/Json/FromToJson.c
[    ] Building /workspace/shared/lean4-pr15373-parent/stage0/src/../stdlib//Lean/Data/PrefixTree.c
[    ] Building /workspace/shared/lean4-pr15373-parent/stage0/src/../stdlib//Lean/Data/Iterators.c
[    ] Building /workspace/shared/lean4-pr15373-parent/stage0/src/../stdlib//Lean/Data/PersistentHashMap.c
[    ] Building /workspace/shared/lean4-pr15373-parent/stage0/src/../stdlib//Lean/Data/NameTrie.c
[    ] Building /workspace/shared/lean4-pr15373-parent/stage0/src/../stdlib//Lean/Data/Name.c
[    ] Building /workspace/shared/lean4-pr15373-parent/stage0/src/../stdlib//Lean/Data/OpenDecl.c
[    ] Building /workspace/shared/lean4-pr15373-parent/stage0/src/../stdlib//Lean/Data/KVMap.c
[    ] Building /workspace/shared/lean4-pr15373-parent/stage0/src/../stdlib//Lean/Data/Array.c
[    ] Building /workspace/shared/lean4-pr15373-parent/stage0/src/../stdlib//Lean/Data/AssocList.c
[    ] Building /workspace/shared/lean4-pr15373-parent/stage0/src/../stdlib//Lean/Data/SSet.c
[    ] Building /workspace/shared/lean4-pr15373-parent/stage0/src/../stdlib//Lean/Data/Lsp.c
[    ] Building /workspace/shared/lean4-pr15373-parent/stage0/src/../stdlib//Lean/Data/Lsp/Ipc.c
[    ] Building /workspace/shared/lean4-pr15373-parent/stage0/src/../stdlib//Lean/Data/Lsp/Basic.c
[    ] Building /workspace/shared/lean4-pr15373-parent/stage0/src/../stdlib//Lean/Data/Lsp/Workspace.c
[    ] Building /workspace/shared/lean4-pr15373-parent/stage0/src/../stdlib//Lean/Data/Lsp/BasicAux.c
[    ] Building /workspace/shared/lean4-pr15373-parent/stage0/src/../stdlib//Lean/Data/Lsp/Diagnostics.c
[    ] Building /workspace/shared/lean4-pr15373-parent/stage0/src/../stdlib//Lean/Data/Lsp/Client.c
[    ] Building /workspace/shared/lean4-pr15373-parent/stage0/src/../stdlib//Lean/Data/Lsp/CodeActions.c
[    ] Building /workspace/shared/lean4-pr15373-parent/stage0/src/../stdlib//Lean/Data/Lsp/Communication.c
[    ] Building /workspace/shared/lean4-pr15373-parent/stage0/src/../stdlib//Lean/Data/Lsp/Internal.c
[    ] Building /workspace/shared/lean4-pr15373-parent/stage0/src/../stdlib//Lean/Data/Lsp/CancelParams.c
[    ] Building /workspace/shared/lean4-pr15373-parent/stage0/src/../stdlib//Lean/Data/Lsp/LanguageFeatures.c
[    ] Building /workspace/shared/lean4-pr15373-parent/stage0/src/../stdlib//Lean/Data/Lsp/Capabilities.c
[    ] Building /workspace/shared/lean4-pr15373-parent/stage0/src/../stdlib//Lean/Data/Lsp/TextSync.c
[    ] Building /workspace/shared/lean4-pr15373-parent/stage0/src/../stdlib//Lean/Data/Lsp/Extra.c
[    ] Building /workspace/shared/lean4-pr15373-parent/stage0/src/../stdlib//Lean/Data/Lsp/Window.c
[    ] Building /workspace/shared/lean4-pr15373-parent/stage0/src/../stdlib//Lean/Data/Lsp/InitShutdown.c
[    ] Building /workspace/shared/lean4-pr15373-parent/stage0/src/../stdlib//Lean/Data/Lsp/Utf16.c
[    ] Building /workspace/shared/lean4-pr15373-parent/stage0/src/../stdlib//Lean/Data/PersistentArray.c
[    ] Building /workspace/shared/lean4-pr15373-parent/stage0/src/../stdlib//Lean/Data/RBMap.c
[    ] Building /workspace/shared/lean4-pr15373-parent/stage0/src/../stdlib//Lean/Util/Path.c
[    ] Building /workspace/shared/lean4-pr15373-parent/stage0/src/../stdlib//Lean/Util/FindLevelMVar.c
[    ] Building /workspace/shared/lean4-pr15373-parent/stage0/src/../stdlib//Lean/Util/PtrSet.c
[    ] Building /workspace/shared/lean4-pr15373-parent/stage0/src/../stdlib//Lean/Util/SCC.c
[    ] Building /workspace/shared/lean4-pr15373-parent/stage0/src/../stdlib//Lean/Util/Reprove.c
[    ] Building /workspace/shared/lean4-pr15373-parent/stage0/src/../stdlib//Lean/Util/MonadCache.c
[    ] Building /workspace/shared/lean4-pr15373-parent/stage0/src/../stdlib//Lean/Util/CollectLevelMVars.c
[    ] Building /workspace/shared/lean4-pr15373-parent/stage0/src/../stdlib//Lean/Util/ShareCommon.c
[    ] Building /workspace/shared/lean4-pr15373-parent/stage0/src/../stdlib//Lean/Util/UnusedBinders.c
[    ] Building /workspace/shared/lean4-pr15373-parent/stage0/src/../stdlib//Lean/Util/CollectLooseBVars.c
[    ] Building /workspace/shared/lean4-pr15373-parent/stage0/src/../stdlib//Lean/Util/Trace.c
[    ] Building /workspace/shared/lean4-pr15373-parent/stage0/src/../stdlib//Lean/Util/ReplaceExpr.c
[    ] Building /workspace/shared/lean4-pr15373-parent/stage0/src/../stdlib//Lean/Util/CollectMVars.c
[    ] Building /workspace/shared/lean4-pr15373-parent/stage0/src/../stdlib//Lean/Util/LeanOptions.c
[    ] Building /workspace/shared/lean4-pr15373-parent/stage0/src/../stdlib//Lean/Util/ForEachExpr.c
[    ] Building /workspace/shared/lean4-pr15373-parent/stage0/src/../stdlib//Lean/Util/Profiler.c
[    ] Building /workspace/shared/lean4-pr15373-parent/stage0/src/../stdlib//Lean/Util/Diff.c
[    ] Building /workspace/shared/lean4-pr15373-parent/stage0/src/../stdlib//Lean/Util/LakePath.c
[    ] Building /workspace/shared/lean4-pr15373-parent/stage0/src/../stdlib//Lean/Util/SortExprs.c
[    ] Building /workspace/shared/lean4-pr15373-parent/stage0/src/../stdlib//Lean/Util/Heartbeats.c
[    ] Building /workspace/shared/lean4-pr15373-parent/stage0/src/../stdlib//Lean/Util/FindMVar.c
[    ] Building /workspace/shared/lean4-pr15373-parent/stage0/src/../stdlib//Lean/Util/ReplaceLevel.c
[    ] Building /workspace/shared/lean4-pr15373-parent/stage0/src/../stdlib//Lean/Util/CollectAxioms.c
[    ] Building /workspace/shared/lean4-pr15373-parent/stage0/src/../stdlib//Lean/Util/Profile.c
[    ] Building /workspace/shared/lean4-pr15373-parent/stage0/src/../stdlib//Lean/Util/FoldConsts.c
[    ] Building /workspace/shared/lean4-pr15373-parent/stage0/src/../stdlib//Lean/Util/CollectFVars.c
[    ] Building /workspace/shared/lean4-pr15373-parent/stage0/src/../stdlib//Lean/Util/ParamMinimizer.c
[    ] Building /workspace/shared/lean4-pr15373-parent/stage0/src/../stdlib//Lean/Util/HasConstCache.c
[    ] Building /workspace/shared/lean4-pr15373-parent/stage0/src/../stdlib//Lean/Util/MonadBacktrack.c
[    ] Building /workspace/shared/lean4-pr15373-parent/stage0/src/../stdlib//Lean/Util/SafeExponentiation.c
[    ] Building /workspace/shared/lean4-pr15373-parent/stage0/src/../stdlib//Lean/Util/NumApps.c
[    ] Building /workspace/shared/lean4-pr15373-parent/stage0/src/../stdlib//Lean/Util/ForEachExprWhere.c
[    ] Building /workspace/shared/lean4-pr15373-parent/stage0/src/../stdlib//Lean/Util/InstantiateLevelParams.c
[    ] Building /workspace/shared/lean4-pr15373-parent/stage0/src/../stdlib//Lean/Util/OccursCheck.c
[    ] Building /workspace/shared/lean4-pr15373-parent/stage0/src/../stdlib//Lean/Util/Sorry.c
[    ] Building /workspace/shared/lean4-pr15373-parent/stage0/src/../stdlib//Lean/Util/FVarSubset.c
[    ] Building /workspace/shared/lean4-pr15373-parent/stage0/src/../stdlib//Lean/Util/CollectLevelParams.c
[    ] Building /workspace/shared/lean4-pr15373-parent/stage0/src/../stdlib//Lean/Util/ProfilerServer.c
[    ] Building /workspace/shared/lean4-pr15373-parent/stage0/src/../stdlib//Lean/Util/TestExtern.c
[    ] Building /workspace/shared/lean4-pr15373-parent/stage0/src/../stdlib//Lean/Util/PPExt.c
[    ] Building /workspace/shared/lean4-pr15373-parent/stage0/src/../stdlib//Lean/Util/RecDepth.c
[    ] Building /workspace/shared/lean4-pr15373-parent/stage0/src/../stdlib//Lean/Util/FindExpr.c
[    ] Building /workspace/shared/lean4-pr15373-parent/stage0/src/../stdlib//Lean/Util/Recognizers.c
[    ] Building /workspace/shared/lean4-pr15373-parent/stage0/src/../stdlib//Lean/Util/NumObjs.c
[    ] Building /workspace/shared/lean4-pr15373-parent/stage0/src/../stdlib//Lean/Class.c
[    ] Building /workspace/shared/lean4-pr15373-parent/stage0/src/../stdlib//Lean/InternalExceptionId.c
[    ] Building /workspace/shared/lean4-pr15373-parent/stage0/src/../stdlib//Lean/Language/Basic.c
[    ] Building /workspace/shared/lean4-pr15373-parent/stage0/src/../stdlib//Lean/Language/Util.c
[    ] Building /workspace/shared/lean4-pr15373-parent/stage0/src/../stdlib//Lean/Language/Lean/Types.c
[    ] Building /workspace/shared/lean4-pr15373-parent/stage0/src/../stdlib//Lean/Language/Lean/Util.c
[    ] Building /workspace/shared/lean4-pr15373-parent/stage0/src/../stdlib//Lean/Language/Lean.c
[    ] Building /workspace/shared/lean4-pr15373-parent/stage0/src/../stdlib//Lean/Message.c
[    ] Building /workspace/shared/lean4-pr15373-parent/stage0/src/../stdlib//Lean/LabelAttribute.c
[    ] Building /workspace/shared/lean4-pr15373-parent/stage0/src/../stdlib//Lean/BuiltinDocAttr.c
[    ] Building /workspace/shared/lean4-pr15373-parent/stage0/src/../stdlib//Lean/OriginalConstKind.c
[    ] Building /workspace/shared/lean4-pr15373-parent/stage0/src/../stdlib//Lean/MetavarContext.c
[    ] Building /workspace/shared/lean4-pr15373-parent/stage0/src/../stdlib//Lean/ErrorExplanation.c
[    ] Building /workspace/shared/lean4-pr15373-parent/stage0/src/../stdlib//Lean/IdentifierSuggestion.c
[    ] Building /workspace/shared/lean4-pr15373-parent/stage0/src/../stdlib//Lean/Replay.c
[    ] Building /workspace/shared/lean4-pr15373-parent/stage0/src/../stdlib//Lean/AuxRecursor.c
[    ] Building /workspace/shared/lean4-pr15373-parent/stage0/src/../stdlib//Lean/Parser/Types.c
[    ] Building /workspace/shared/lean4-pr15373-parent/stage0/src/../stdlib//Lean/Parser/Basic.c
[    ] Building /workspace/shared/lean4-pr15373-parent/stage0/src/../stdlib//Lean/Parser/Tactic.c
[    ] Building /workspace/shared/lean4-pr15373-parent/stage0/src/../stdlib//Lean/Parser/Extension.c
[    ] Building /workspace/shared/lean4-pr15373-parent/stage0/src/../stdlib//Lean/Parser/Syntax.c
[    ] Building /workspace/shared/lean4-pr15373-parent/stage0/src/../stdlib//Lean/Parser/Module/Syntax.c
[    ] Building /workspace/shared/lean4-pr15373-parent/stage0/src/../stdlib//Lean/Parser/Do.c
[    ] Building /workspace/shared/lean4-pr15373-parent/stage0/src/../stdlib//Lean/Parser/Tactic/Doc.c
[    ] Building /workspace/shared/lean4-pr15373-parent/stage0/src/../stdlib//Lean/Parser/Command.c
[    ] Building /workspace/shared/lean4-pr15373-parent/stage0/src/../stdlib//Lean/Parser/Extra.c
[    ] Building /workspace/shared/lean4-pr15373-parent/stage0/src/../stdlib//Lean/Parser/Term/Basic.c
[    ] Building /workspace/shared/lean4-pr15373-parent/stage0/src/../stdlib//Lean/Parser/Term/Doc.c
[    ] Building /workspace/shared/lean4-pr15373-parent/stage0/src/../stdlib//Lean/Parser/Module.c
[    ] Building /workspace/shared/lean4-pr15373-parent/stage0/src/../stdlib//Lean/Parser/Attr.c
[    ] Building /workspace/shared/lean4-pr15373-parent/stage0/src/../stdlib//Lean/Parser/Level.c
[    ] Building /workspace/shared/lean4-pr15373-parent/stage0/src/../stdlib//Lean/Parser/StrInterpolation.c
[    ] Building /workspace/shared/lean4-pr15373-parent/stage0/src/../stdlib//Lean/Parser/Term.c
[    ] Building /workspace/shared/lean4-pr15373-parent/stage0/src/../stdlib//Lean/Linter/PersistentLintLog.c
[    ] Building /workspace/shared/lean4-pr15373-parent/stage0/src/../stdlib//Lean/Linter/Basic.c
[    ] Building /workspace/shared/lean4-pr15373-parent/stage0/src/../stdlib//Lean/Linter/Extra/UnnecessarySeqFocus.c
[    ] Building /workspace/shared/lean4-pr15373-parent/stage0/src/../stdlib//Lean/Linter/Extra/UnusedDecidableInType.c
[    ] Building /workspace/shared/lean4-pr15373-parent/stage0/src/../stdlib//Lean/Linter/Extra/UnreachableTactic.c
[    ] Building /workspace/shared/lean4-pr15373-parent/stage0/src/../stdlib//Lean/Linter/Extra/DupNamespace.c
[    ] Building /workspace/shared/lean4-pr15373-parent/stage0/src/../stdlib//Lean/Linter/DefProp.c
[    ] Building /workspace/shared/lean4-pr15373-parent/stage0/src/../stdlib//Lean/Linter/AmbiguousOpen.c
[    ] Building /workspace/shared/lean4-pr15373-parent/stage0/src/../stdlib//Lean/Linter/CodeQuality.c
[    ] Building /workspace/shared/lean4-pr15373-parent/stage0/src/../stdlib//Lean/Linter/Deprecated.c
[    ] Building /workspace/shared/lean4-pr15373-parent/stage0/src/../stdlib//Lean/Linter/CodeQuality/Basic.c
[    ] Building /workspace/shared/lean4-pr15373-parent/stage0/src/../stdlib//Lean/Linter/CodeQuality/Frontend.c
[    ] Building /workspace/shared/lean4-pr15373-parent/stage0/src/../stdlib//Lean/Linter/UnusedVariables.c
[    ] Building /workspace/shared/lean4-pr15373-parent/stage0/src/../stdlib//Lean/Linter/EnvLinter.c
[    ] Building /workspace/shared/lean4-pr15373-parent/stage0/src/../stdlib//Lean/Linter/Coe.c
[    ] Building /workspace/shared/lean4-pr15373-parent/stage0/src/../stdlib//Lean/Linter/Sets.c
[    ] Building /workspace/shared/lean4-pr15373-parent/stage0/src/../stdlib//Lean/Linter/Extra.c
[    ] Building /workspace/shared/lean4-pr15373-parent/stage0/src/../stdlib//Lean/Linter/List.c
[    ] Building /workspace/shared/lean4-pr15373-parent/stage0/src/../stdlib//Lean/Linter/CheckUnivs.c
[    ] Building /workspace/shared/lean4-pr15373-parent/stage0/src/../stdlib//Lean/Linter/EnvLinter/Basic.c
[    ] Building /workspace/shared/lean4-pr15373-parent/stage0/src/../stdlib//Lean/Linter/EnvLinter/Frontend.c
[    ] Building /workspace/shared/lean4-pr15373-parent/stage0/src/../stdlib//Lean/Linter/Util.c
[    ] Building /workspace/shared/lean4-pr15373-parent/stage0/src/../stdlib//Lean/Linter/InternalModule.c
[    ] Building /workspace/shared/lean4-pr15373-parent/stage0/src/../stdlib//Lean/Linter/Omit.c
[    ] Building /workspace/shared/lean4-pr15373-parent/stage0/src/../stdlib//Lean/Linter/DocsOnAlt.c
[    ] Building /workspace/shared/lean4-pr15373-parent/stage0/src/../stdlib//Lean/Linter/Builtin.c
[    ] Building /workspace/shared/lean4-pr15373-parent/stage0/src/../stdlib//Lean/Linter/MissingDocs.c
[    ] Building /workspace/shared/lean4-pr15373-parent/stage0/src/../stdlib//Lean/Linter/GlobalAttributeIn.c
[    ] Building /workspace/shared/lean4-pr15373-parent/stage0/src/../stdlib//Lean/Linter/TacticTypeCheck.c
[    ] Building /workspace/shared/lean4-pr15373-parent/stage0/src/../stdlib//Lean/Linter/UnusedSimpArgs.c
[    ] Building /workspace/shared/lean4-pr15373-parent/stage0/src/../stdlib//Lean/Linter/Init.c
[    ] Building /workspace/shared/lean4-pr15373-parent/stage0/src/../stdlib//Lean/Linter/ConstructorAsVariable.c
[    ] Building /workspace/shared/lean4-pr15373-parent/stage0/src/../stdlib//Lean/Linter/CoreInternal.c
[    ] Building /workspace/shared/lean4-pr15373-parent/stage0/src/../stdlib//Lean.c
[    ] Building /workspace/shared/lean4-pr15373-parent/stage0/src/../stdlib//LeanExport/Basic.c
[    ] Building /workspace/shared/lean4-pr15373-parent/stage0/src/../stdlib//LeanIR.c
[    ] Building /workspace/shared/lean4-pr15373-parent/stage0/src/../stdlib//LeanExport/Parse.c
[    ] Building /workspace/shared/lean4-pr15373-parent/stage0/src/../stdlib//LeanExport.c
[    ] Building /workspace/shared/lean4-pr15373-parent/stage0/src/../stdlib//Lake/Check/Compare.c
[    ] Building /workspace/shared/lean4-pr15373-parent/stage0/src/../stdlib//Lake/Check/Util.c
[    ] Building /workspace/shared/lean4-pr15373-parent/stage0/src/../stdlib//Lake/Check/Axioms.c
[    ] Building /workspace/shared/lean4-pr15373-parent/stage0/src/../stdlib//Lake/Load/Workspace.c
[    ] Building /workspace/shared/lean4-pr15373-parent/stage0/src/../stdlib//Lake/Load/Package.c
[    ] Building /workspace/shared/lean4-pr15373-parent/stage0/src/../stdlib//Lake/Load/Config.c
[    ] Building /workspace/shared/lean4-pr15373-parent/stage0/src/../stdlib//Lake/Load/Resolve.c
[    ] Building /workspace/shared/lean4-pr15373-parent/stage0/src/../stdlib//Lake/Load/Toml.c
[    ] Building /workspace/shared/lean4-pr15373-parent/stage0/src/../stdlib//Lake/Load/Materialize.c
[    ] Building /workspace/shared/lean4-pr15373-parent/stage0/src/../stdlib//Lake/Load/Manifest.c
[    ] Building /workspace/shared/lean4-pr15373-parent/stage0/src/../stdlib//Lake/Load/Lean/Elab.c
[    ] Building /workspace/shared/lean4-pr15373-parent/stage0/src/../stdlib//Lake/Load/Lean/Eval.c
[    ] Building /workspace/shared/lean4-pr15373-parent/stage0/src/../stdlib//Lake/Load/Lean.c
[    ] Building /workspace/shared/lean4-pr15373-parent/stage0/src/../stdlib//Lake/Toml/Elab/Expression.c
[    ] Building /workspace/shared/lean4-pr15373-parent/stage0/src/../stdlib//Lake/Toml/Elab/Value.c
[    ] Building /workspace/shared/lean4-pr15373-parent/stage0/src/../stdlib//Lake/Toml/Decode.c
[    ] Building /workspace/shared/lean4-pr15373-parent/stage0/src/../stdlib//Lake/Toml/Data.c
[    ] Building /workspace/shared/lean4-pr15373-parent/stage0/src/../stdlib//Lake/Toml/Encode.c
[    ] Building /workspace/shared/lean4-pr15373-parent/stage0/src/../stdlib//Lake/Toml/ParserUtil.c
[    ] Building /workspace/shared/lean4-pr15373-parent/stage0/src/../stdlib//Lake/Toml/Load.c
[    ] Building /workspace/shared/lean4-pr15373-parent/stage0/src/../stdlib//Lake/Toml/Elab.c
[    ] Building /workspace/shared/lean4-pr15373-parent/stage0/src/../stdlib//Lake/Toml/Data/DateTime.c
[    ] Building /workspace/shared/lean4-pr15373-parent/stage0/src/../stdlib//Lake/Toml/Data/Dict.c
[    ] Building /workspace/shared/lean4-pr15373-parent/stage0/src/../stdlib//Lake/Toml/Data/Value.c
[    ] Building /workspace/shared/lean4-pr15373-parent/stage0/src/../stdlib//Lake/Toml/Grammar.c
[    ] Building /workspace/shared/lean4-pr15373-parent/stage0/src/../stdlib//Lake/Build.c
[    ] Building /workspace/shared/lean4-pr15373-parent/stage0/src/../stdlib//Lake/Reservoir.c
[    ] Building /workspace/shared/lean4-pr15373-parent/stage0/src/../stdlib//Lake/Config.c
[    ] Building /workspace/shared/lean4-pr15373-parent/stage0/src/../stdlib//Lake/Version.c
[    ] Building /workspace/shared/lean4-pr15373-parent/stage0/src/../stdlib//Lake/CLI.c
[    ] Building /workspace/shared/lean4-pr15373-parent/stage0/src/../stdlib//Lake/Load.c
[    ] Building /workspace/shared/lean4-pr15373-parent/stage0/src/../stdlib//Lake/Util.c
[    ] Building /workspace/shared/lean4-pr15373-parent/stage0/src/../stdlib//Lake/Build/InputFile.c
[    ] Building /workspace/shared/lean4-pr15373-parent/stage0/src/../stdlib//Lake/Build/Facets.c
[    ] Building /workspace/shared/lean4-pr15373-parent/stage0/src/../stdlib//Lake/Build/Index.c
[    ] Building /workspace/shared/lean4-pr15373-parent/stage0/src/../stdlib//Lake/Build/Job/Basic.c
[    ] Building /workspace/shared/lean4-pr15373-parent/stage0/src/../stdlib//Lake/Build/Job/Register.c
[    ] Building /workspace/shared/lean4-pr15373-parent/stage0/src/../stdlib//Lake/Build/Job/Monad.c
[    ] Building /workspace/shared/lean4-pr15373-parent/stage0/src/../stdlib//Lake/Build/Common.c
[    ] Building /workspace/shared/lean4-pr15373-parent/stage0/src/../stdlib//Lake/Build/Fetch.c
[    ] Building /workspace/shared/lean4-pr15373-parent/stage0/src/../stdlib//Lake/Build/Package.c
[    ] Building /workspace/shared/lean4-pr15373-parent/stage0/src/../stdlib//Lake/Build/Topological.c
[    ] Building /workspace/shared/lean4-pr15373-parent/stage0/src/../stdlib//Lake/Build/Info.c
[    ] Building /workspace/shared/lean4-pr15373-parent/stage0/src/../stdlib//Lake/Build/Trace.c
[    ] Building /workspace/shared/lean4-pr15373-parent/stage0/src/../stdlib//Lake/Build/Targets.c
[    ] Building /workspace/shared/lean4-pr15373-parent/stage0/src/../stdlib//Lake/Build/Key.c
[    ] Building /workspace/shared/lean4-pr15373-parent/stage0/src/../stdlib//Lake/Build/Store.c
[    ] Building /workspace/shared/lean4-pr15373-parent/stage0/src/../stdlib//Lake/Build/Job.c
[    ] Building /workspace/shared/lean4-pr15373-parent/stage0/src/../stdlib//Lake/Build/Target/Basic.c
[    ] Building /workspace/shared/lean4-pr15373-parent/stage0/src/../stdlib//Lake/Build/Target/Fetch.c
[    ] Building /workspace/shared/lean4-pr15373-parent/stage0/src/../stdlib//Lake/Build/Target.c
[    ] Building /workspace/shared/lean4-pr15373-parent/stage0/src/../stdlib//Lake/Build/InitFacets.c
[    ] Building /workspace/shared/lean4-pr15373-parent/stage0/src/../stdlib//Lake/Build/ModuleArtifacts.c
[    ] Building /workspace/shared/lean4-pr15373-parent/stage0/src/../stdlib//Lake/Build/Data.c
[    ] Building /workspace/shared/lean4-pr15373-parent/stage0/src/../stdlib//Lake/Build/Run.c
[    ] Building /workspace/shared/lean4-pr15373-parent/stage0/src/../stdlib//Lake/Build/Executable.c
[    ] Building /workspace/shared/lean4-pr15373-parent/stage0/src/../stdlib//Lake/Build/Module.c
[    ] Building /workspace/shared/lean4-pr15373-parent/stage0/src/../stdlib//Lake/Build/Context.c
[    ] Building /workspace/shared/lean4-pr15373-parent/stage0/src/../stdlib//Lake/Build/Actions.c
[    ] Building /workspace/shared/lean4-pr15373-parent/stage0/src/../stdlib//Lake/Build/Infos.c
[    ] Building /workspace/shared/lean4-pr15373-parent/stage0/src/../stdlib//Lake/Build/Library.c
[    ] Building /workspace/shared/lean4-pr15373-parent/stage0/src/../stdlib//Lake/Build/ExternLib.c
[    ] Building /workspace/shared/lean4-pr15373-parent/stage0/src/../stdlib//Lake/Toml.c
[    ] Building /workspace/shared/lean4-pr15373-parent/stage0/src/../stdlib//Lake/CLI/Samply.c
[    ] Building /workspace/shared/lean4-pr15373-parent/stage0/src/../stdlib//Lake/CLI/Help.c
[    ] Building /workspace/shared/lean4-pr15373-parent/stage0/src/../stdlib//Lake/CLI/Build.c
[    ] Building /workspace/shared/lean4-pr15373-parent/stage0/src/../stdlib//Lake/CLI/Serve.c
[    ] Building /workspace/shared/lean4-pr15373-parent/stage0/src/../stdlib//Lake/CLI/Check.c
[    ] Building /workspace/shared/lean4-pr15373-parent/stage0/src/../stdlib//Lake/CLI/Error.c
[    ] Building /workspace/shared/lean4-pr15373-parent/stage0/src/../stdlib//Lake/CLI/Main.c
[    ] Building /workspace/shared/lean4-pr15373-parent/stage0/src/../stdlib//Lake/CLI/Translate.c
[    ] Building /workspace/shared/lean4-pr15373-parent/stage0/src/../stdlib//Lake/CLI/Actions.c
[    ] Building /workspace/shared/lean4-pr15373-parent/stage0/src/../stdlib//Lake/CLI/Init.c
[    ] Building /workspace/shared/lean4-pr15373-parent/stage0/src/../stdlib//Lake/CLI/BuiltinLint.c
[    ] Building /workspace/shared/lean4-pr15373-parent/stage0/src/../stdlib//Lake/CLI/Shake.c
[    ] Building /workspace/shared/lean4-pr15373-parent/stage0/src/../stdlib//Lake/CLI/Translate/Toml.c
[    ] Building /workspace/shared/lean4-pr15373-parent/stage0/src/../stdlib//Lake/CLI/Translate/Lean.c
[    ] Building /workspace/shared/lean4-pr15373-parent/stage0/src/../stdlib//Lake/DSL.c
[    ] Building /workspace/shared/lean4-pr15373-parent/stage0/src/../stdlib//Lake/All.c
[    ] Building /workspace/shared/lean4-pr15373-parent/stage0/src/../stdlib//Lake/Util/Lift.c
[    ] Building /workspace/shared/lean4-pr15373-parent/stage0/src/../stdlib//Lake/Util/Family.c
[    ] Building /workspace/shared/lean4-pr15373-parent/stage0/src/../stdlib//Lake/Util/IO.c
[    ] Building /workspace/shared/lean4-pr15373-parent/stage0/src/../stdlib//Lake/Util/String.c
[    ] Building /workspace/shared/lean4-pr15373-parent/stage0/src/../stdlib//Lake/Util/Url.c
[    ] Building /workspace/shared/lean4-pr15373-parent/stage0/src/../stdlib//Lake/Util/RBArray.c
[    ] Building /workspace/shared/lean4-pr15373-parent/stage0/src/../stdlib//Lake/Util/Proc.c
[    ] Building /workspace/shared/lean4-pr15373-parent/stage0/src/../stdlib//Lake/Util/Reservoir.c
[    ] Building /workspace/shared/lean4-pr15373-parent/stage0/src/../stdlib//Lake/Util/Lock.c
[    ] Building /workspace/shared/lean4-pr15373-parent/stage0/src/../stdlib//Lake/Util/Date.c
[    ] Building /workspace/shared/lean4-pr15373-parent/stage0/src/../stdlib//Lake/Util/JsonObject.c
[    ] Building /workspace/shared/lean4-pr15373-parent/stage0/src/../stdlib//Lake/Util/Version.c
[    ] Building /workspace/shared/lean4-pr15373-parent/stage0/src/../stdlib//Lake/Util/Cli.c
[    ] Building /workspace/shared/lean4-pr15373-parent/stage0/src/../stdlib//Lake/Util/Store.c
[    ] Building /workspace/shared/lean4-pr15373-parent/stage0/src/../stdlib//Lake/Util/Log.c
[    ] Building /workspace/shared/lean4-pr15373-parent/stage0/src/../stdlib//Lake/Util/StoreInsts.c
[    ] Building /workspace/shared/lean4-pr15373-parent/stage0/src/../stdlib//Lake/Util/NativeLib.c
[    ] Building /workspace/shared/lean4-pr15373-parent/stage0/src/../stdlib//Lake/Util/Error.c
[    ] Building /workspace/shared/lean4-pr15373-parent/stage0/src/../stdlib//Lake/Util/Git.c
[    ] Building /workspace/shared/lean4-pr15373-parent/stage0/src/../stdlib//Lake/Util/Casing.c
[    ] Building /workspace/shared/lean4-pr15373-parent/stage0/src/../stdlib//Lake/Util/Binder.c
[    ] Building /workspace/shared/lean4-pr15373-parent/stage0/src/../stdlib//Lake/Util/EStateT.c
[    ] Building /workspace/shared/lean4-pr15373-parent/stage0/src/../stdlib//Lake/Util/Name.c
[    ] Building /workspace/shared/lean4-pr15373-parent/stage0/src/../stdlib//Lake/Util/OpaqueType.c
[    ] Building /workspace/shared/lean4-pr15373-parent/stage0/src/../stdlib//Lake/Util/Opaque.c
[    ] Building /workspace/shared/lean4-pr15373-parent/stage0/src/../stdlib//Lake/Util/MainM.c
[    ] Building /workspace/shared/lean4-pr15373-parent/stage0/src/../stdlib//Lake/Util/Message.c
[    ] Building /workspace/shared/lean4-pr15373-parent/stage0/src/../stdlib//Lake/Util/Task.c
[    ] Building /workspace/shared/lean4-pr15373-parent/stage0/src/../stdlib//Lake/Util/OrderedTagAttribute.c
[    ] Building /workspace/shared/lean4-pr15373-parent/stage0/src/../stdlib//Lake/Util/Cycle.c
[    ] Building /workspace/shared/lean4-pr15373-parent/stage0/src/../stdlib//Lake/Util/Exit.c
[    ] Building /workspace/shared/lean4-pr15373-parent/stage0/src/../stdlib//Lake/Util/OrdHashSet.c
[    ] Building /workspace/shared/lean4-pr15373-parent/stage0/src/../stdlib//Lake/Util/FilePath.c
[    ] Building /workspace/shared/lean4-pr15373-parent/stage0/src/../stdlib//Lake/Util/EquipT.c
[    ] Building /workspace/shared/lean4-pr15373-parent/stage0/src/../stdlib//Lake/DSL/VerLit.c
[    ] Building /workspace/shared/lean4-pr15373-parent/stage0/src/../stdlib//Lake/DSL/Package.c
[    ] Building /workspace/shared/lean4-pr15373-parent/stage0/src/../stdlib//Lake/DSL/AttributesCore.c
[    ] Building /workspace/shared/lean4-pr15373-parent/stage0/src/../stdlib//Lake/DSL/Targets.c
[    ] Building /workspace/shared/lean4-pr15373-parent/stage0/src/../stdlib//Lake/DSL/Config.c
[    ] Building /workspace/shared/lean4-pr15373-parent/stage0/src/../stdlib//Lake/DSL/Extensions.c
[    ] Building /workspace/shared/lean4-pr15373-parent/stage0/src/../stdlib//Lake/DSL/Syntax.c
[    ] Building /workspace/shared/lean4-pr15373-parent/stage0/src/../stdlib//Lake/DSL/Key.c
[    ] Building /workspace/shared/lean4-pr15373-parent/stage0/src/../stdlib//Lake/DSL/DeclUtil.c
[    ] Building /workspace/shared/lean4-pr15373-parent/stage0/src/../stdlib//Lake/DSL/Attributes.c
[    ] Building /workspace/shared/lean4-pr15373-parent/stage0/src/../stdlib//Lake/DSL/Script.c
[    ] Building /workspace/shared/lean4-pr15373-parent/stage0/src/../stdlib//Lake/DSL/Meta.c
[    ] Building /workspace/shared/lean4-pr15373-parent/stage0/src/../stdlib//Lake/DSL/Require.c
[    ] Building /workspace/shared/lean4-pr15373-parent/stage0/src/../stdlib//Lake/Config/InputFile.c
[    ] Building /workspace/shared/lean4-pr15373-parent/stage0/src/../stdlib//Lake/Config/InstallPath.c
[    ] Building /workspace/shared/lean4-pr15373-parent/stage0/src/../stdlib//Lake/Config/Cache.c
[    ] Building /workspace/shared/lean4-pr15373-parent/stage0/src/../stdlib//Lake/Config/Defaults.c
[    ] Building /workspace/shared/lean4-pr15373-parent/stage0/src/../stdlib//Lake/Config/Workspace.c
[    ] Building /workspace/shared/lean4-pr15373-parent/stage0/src/../stdlib//Lake/Config/Package.c
[    ] Building /workspace/shared/lean4-pr15373-parent/stage0/src/../stdlib//Lake/Config/ConfigDecl.c
[    ] Building /workspace/shared/lean4-pr15373-parent/stage0/src/../stdlib//Lake/Config/InputFileConfig.c
[    ] Building /workspace/shared/lean4-pr15373-parent/stage0/src/../stdlib//Lake/Config/TargetConfig.c
[    ] Building /workspace/shared/lean4-pr15373-parent/stage0/src/../stdlib//Lake/Config/Dependency.c
[    ] Building /workspace/shared/lean4-pr15373-parent/stage0/src/../stdlib//Lake/Config/LeanConfig.c
[    ] Building /workspace/shared/lean4-pr15373-parent/stage0/src/../stdlib//Lake/Config/Artifact.c
[    ] Building /workspace/shared/lean4-pr15373-parent/stage0/src/../stdlib//Lake/Config/ConfigTarget.c
[    ] Building /workspace/shared/lean4-pr15373-parent/stage0/src/../stdlib//Lake/Config/LeanExe.c
[    ] Building /workspace/shared/lean4-pr15373-parent/stage0/src/../stdlib//Lake/Config/Script.c
[    ] Building /workspace/shared/lean4-pr15373-parent/stage0/src/../stdlib//Lake/Config/LeanLibConfig.c
[    ] Building /workspace/shared/lean4-pr15373-parent/stage0/src/../stdlib//Lake/Config/OutFormat.c
[    ] Building /workspace/shared/lean4-pr15373-parent/stage0/src/../stdlib//Lake/Config/Module.c
[    ] Building /workspace/shared/lean4-pr15373-parent/stage0/src/../stdlib//Lake/Config/Meta.c
[    ] Building /workspace/shared/lean4-pr15373-parent/stage0/src/../stdlib//Lake/Config/Context.c
[    ] Building /workspace/shared/lean4-pr15373-parent/stage0/src/../stdlib//Lake/Config/Lang.c
[    ] Building /workspace/shared/lean4-pr15373-parent/stage0/src/../stdlib//Lake/Config/Pattern.c
[    ] Building /workspace/shared/lean4-pr15373-parent/stage0/src/../stdlib//Lake/Config/MetaClasses.c
[    ] Building /workspace/shared/lean4-pr15373-parent/stage0/src/../stdlib//Lake/Config/PackageConfig.c
[    ] Building /workspace/shared/lean4-pr15373-parent/stage0/src/../stdlib//Lake/Config/Opaque.c
[    ] Building /workspace/shared/lean4-pr15373-parent/stage0/src/../stdlib//Lake/Config/LeanExeConfig.c
[    ] Building /workspace/shared/lean4-pr15373-parent/stage0/src/../stdlib//Lake/Config/LeanLib.c
[    ] Building /workspace/shared/lean4-pr15373-parent/stage0/src/../stdlib//Lake/Config/Env.c
[    ] Building /workspace/shared/lean4-pr15373-parent/stage0/src/../stdlib//Lake/Config/ExternLibConfig.c
[    ] Building /workspace/shared/lean4-pr15373-parent/stage0/src/../stdlib//Lake/Config/FacetConfig.c
[    ] Building /workspace/shared/lean4-pr15373-parent/stage0/src/../stdlib//Lake/Config/Dynlib.c
[    ] Building /workspace/shared/lean4-pr15373-parent/stage0/src/../stdlib//Lake/Config/Monad.c
[    ] Building /workspace/shared/lean4-pr15373-parent/stage0/src/../stdlib//Lake/Config/LakefileConfig.c
[    ] Building /workspace/shared/lean4-pr15373-parent/stage0/src/../stdlib//Lake/Config/Kinds.c
[    ] Building /workspace/shared/lean4-pr15373-parent/stage0/src/../stdlib//Lake/Config/WorkspaceConfig.c
[    ] Building /workspace/shared/lean4-pr15373-parent/stage0/src/../stdlib//Lake/Config/ExternLib.c
[    ] Building /workspace/shared/lean4-pr15373-parent/stage0/src/../stdlib//Lake/Config/Glob.c
[    ] Building /workspace/shared/lean4-pr15373-parent/stage0/src/../stdlib//Lake/Config/LakeConfig.c
[    ] Building /workspace/shared/lean4-pr15373-parent/stage0/src/../stdlib//Lake.c
[    ] Building /workspace/shared/lean4-pr15373-parent/stage0/src/../stdlib//LakeMain.c
[    ] Building /workspace/shared/lean4-pr15373-parent/stage0/src/../stdlib//LeanChecker.c
[100%] Built target make_stdlib
[    ] Building /workspace/shared/lean4-pr15373-parent/build/release/stage0/lib/lean/libInit_shared.so
[100%] Built target Init_shared
[    ] Building /workspace/shared/lean4-pr15373-parent/build/release/stage0/lib/lean/libleanshared.so
[100%] Built target leanshared
[    ] Building /workspace/shared/lean4-pr15373-parent/build/release/stage0/bin/leanir
[    ] Building /workspace/shared/lean4-pr15373-parent/build/release/stage0/bin/leanexport
[    ] Building /workspace/shared/lean4-pr15373-parent/build/release/stage0/lib/lean/libLake_shared.so
[    ] Building /workspace/shared/lean4-pr15373-parent/build/release/stage0/bin/lean
[100%] Built target lean
[100%] Built target leanexport
[100%] Built target leanir
[100%] Built target lake_shared
[    ] Building /workspace/shared/lean4-pr15373-parent/build/release/stage0/bin/lake
[    ] Building /workspace/shared/lean4-pr15373-parent/build/release/stage0/bin/leanchecker
[100%] Built target lake
[100%] Built target leanchecker
[ 62%] No install step for 'stage0'
[ 66%] Completed 'stage0'
[ 66%] Built target stage0
[ 70%] Creating directories for 'stage1'
[ 75%] No download step for 'stage1'
[ 79%] No update step for 'stage1'
[ 83%] No patch step for 'stage1'
[ 87%] Performing configure step for 'stage1'
-- The CXX compiler identification is GNU 14.2.0
-- The C compiler identification is GNU 14.2.0
-- Detecting CXX compiler ABI info
-- Detecting CXX compiler ABI info - done
-- Check for working CXX compiler: /usr/bin/c++ - skipped
-- Detecting CXX compile features
-- Detecting CXX compile features - done
-- Detecting C compiler ABI info
-- Detecting C compiler ABI info - done
-- Check for working C compiler: /usr/bin/cc - skipped
-- Detecting C compile features
-- Detecting C compile features - done
-- No build type selected, default to Release
-- 64-bit machine detected
-- Found PkgConfig: /usr/bin/pkg-config (found version "1.8.1")
-- Checking for one of the modules 'libuv'
-- LIBUV_LDFLAGS: -L/workspace/shared/lean-deps/lib-luv-lpthread-ldl-lrt-lm
-- LIBUV_INCLUDE_DIRS: /workspace/shared/lean-deps/include
-- Found LibUV: TRUE (found suitable version "1.51.0", minimum required is "1.0.0")
-- Found OpenSSL: /usr/lib/x86_64-linux-gnu/libcrypto.so (found suitable version "3.5.7", minimum required is "3") found components: Crypto SSL
-- git commit sha1: ref: refs/heads/master
-- Configuring done (0.6s)
-- Generating done (0.1s)
-- Build files have been written to: /workspace/shared/lean4-pr15373-parent/build/release/stage1
[ 87%] Built target stage1-configure
[ 91%] Performing build step for 'stage1'
[  0%] Building CXX object runtime/CMakeFiles/mimalloc_initial-exec.dir/mimalloc.cpp.o
[  0%] Built target lean-headers
[  0%] Built target copy-cadical
[  0%] Built target copy-leantar
[  0%] Building CXX object shell/CMakeFiles/leanmain.dir/lean.cpp.o
[  0%] Built target copy-cadical-lib
[  0%] Building C object shell/CMakeFiles/leanmanifest.dir/__/temp/empty.c.o
[  0%] Building CXX object runtime/CMakeFiles/mimalloc_local-exec.dir/mimalloc.cpp.o
[  0%] Linking C static library ../lib/lean/libleanmanifest.a
[  0%] Linking CXX static library ../lib/temp/libleanmain.a
[  0%] Built target leanmanifest
[  0%] Built target leanmain
[  0%] Building CXX object initialize/CMakeFiles/initialize.dir/init.cpp.o
[  0%] Building CXX object CMakeFiles/leanshell.dir/util/shell.cpp.o
[  0%] Built target initialize
[  0%] Building CXX object library/constructions/CMakeFiles/constructions.dir/cases_on.cpp.o
[  4%] Linking CXX static library lib/temp/libleanshell.a
[  4%] Built target leanshell
[  4%] Building CXX object util/CMakeFiles/util.dir/name.cpp.o
[  4%] Building CXX object util/CMakeFiles/util.dir/escaped.cpp.o
[  9%] Building CXX object library/constructions/CMakeFiles/constructions.dir/init_module.cpp.o
[ 13%] Building CXX object util/CMakeFiles/util.dir/init_module.cpp.o
[ 13%] Built target mimalloc_initial-exec
[ 13%] Building CXX object kernel/CMakeFiles/kernel.dir/level.cpp.o
[ 13%] Built target mimalloc_local-exec
[ 13%] Building CXX object library/CMakeFiles/library.dir/expr_lt.cpp.o
[ 13%] Building CXX object util/CMakeFiles/util.dir/timeit.cpp.o
[ 13%] Building CXX object library/constructions/CMakeFiles/constructions.dir/util.cpp.o
[ 13%] Building CXX object util/CMakeFiles/util.dir/name_generator.cpp.o
[ 13%] Building CXX object library/CMakeFiles/library.dir/constants.cpp.o
[ 13%] Building CXX object library/CMakeFiles/library.dir/module.cpp.o
[ 18%] Building CXX object kernel/CMakeFiles/kernel.dir/expr.cpp.o
[ 18%] Built target constructions
[ 18%] Building CXX object util/CMakeFiles/util.dir/kvmap.cpp.o
✔ [1/1969] Built Init.Grind.ToInt (113ms)
✔ [3/3457] Built Init.Grind.ToInt:c.o (109ms)
[ 18%] Building CXX object util/CMakeFiles/util.dir/options.cpp.o
[ 18%] Building CXX object util/CMakeFiles/util.dir/option_declarations.cpp.o
[ 18%] Building CXX object kernel/CMakeFiles/kernel.dir/expr_eq_fn.cpp.o
[ 18%] Building CXX object library/CMakeFiles/library.dir/dynlib.cpp.o
[ 18%] Building CXX object library/CMakeFiles/library.dir/util.cpp.o
[ 22%] Building CXX object util/CMakeFiles/util.dir/ffi.cpp.o
[ 22%] Built target util
[ 22%] Building CXX object runtime/CMakeFiles/leanrt_initial-exec.dir/debug.cpp.o
✔ [5/7677] Built Init.Prelude (3.4s)
✔ [7/7677] Built Lean.Server.Test.Refs (117ms)
[ 22%] Building CXX object kernel/CMakeFiles/kernel.dir/for_each_fn.cpp.o
✔ [9/7677] Built Init.MethodSpecsSimp (224ms)
✔ [11/7677] Built Lean.Runtime (165ms)
✔ [13/7677] Built Lake.Config.Kinds (201ms)
✔ [15/7677] Built Init.Data.OfScientific.Basic (132ms)
✔ [17/7677] Built Lean.Server.Test.Refs:c.o (185ms)
✔ [18/7677] Built Lake.Util.Store (281ms)
✔ [20/7677] Built Init.MethodSpecsSimp:c.o (95ms)
✔ [21/7677] Built Lean.Runtime:c.o (146ms)
✔ [22/7677] Built Lake.Config.Kinds:c.o (124ms)
✔ [23/7677] Built Init.Coe (467ms)
✔ [25/7677] Built Init.Data.OfScientific.Basic:c.o (110ms)
✔ [26/7677] Built Lake.Util.Store:c.o (197ms)
✔ [27/7677] Built Init.Data.Cast (116ms)
✔ [29/7677] Built Init.Data.Option.Coe (129ms)
✔ [31/7677] Built Init.Data.Cast:c.o (113ms)
✔ [32/7677] Built Init.Data.Option.Coe:c.o (128ms)
✔ [33/7677] Built Init.Coe:c.o (477ms)
[ 27%] Building CXX object runtime/CMakeFiles/leanrt_initial-exec.dir/thread.cpp.o
[ 31%] Building CXX object library/CMakeFiles/library.dir/print.cpp.o
[ 31%] Building CXX object runtime/CMakeFiles/leanrt_initial-exec.dir/mpz.cpp.o
[ 31%] Building CXX object kernel/CMakeFiles/kernel.dir/replace_fn.cpp.o
[ 31%] Building CXX object library/CMakeFiles/library.dir/init_module.cpp.o
[ 31%] Building CXX object runtime/CMakeFiles/leanrt_initial-exec.dir/utf8.cpp.o
[ 31%] Building CXX object kernel/CMakeFiles/kernel.dir/abstract.cpp.o
✔ [34/7677] Built Init.Prelude:c.o (5.9s)
[ 31%] Building CXX object library/CMakeFiles/library.dir/profiling.cpp.o
[ 31%] Building CXX object runtime/CMakeFiles/leanrt_initial-exec.dir/object.cpp.o
✔ [35/7677] Built Init.Notation (5.9s)
✔ [37/7677] Built Init.Internal.Order.Tactic (87ms)
✔ [39/7677] Built Init.LetFun (115ms)
✔ [41/7677] Built Init.Grind.Annotated (120ms)
✔ [43/7677] Built Lean.PrivateName (209ms)
✔ [45/7677] Built Init.Internal.Order.Tactic:c.o (163ms)
✔ [46/7677] Built Lean.Elab.ConfigEval.Commands (294ms)
✔ [48/7677] Built Init.Control.Lawful.MonadLift.Basic (209ms)
✔ [50/7677] Built Init.Grind.Annotated:c.o (126ms)
✔ [51/7677] Built Init.LetFun:c.o (161ms)
✔ [52/7677] Built Init.Control.Lawful.MonadLift.Basic:c.o (106ms)
✔ [53/7677] Built Lean.PrivateName:c.o (303ms)
✔ [54/7677] Built Lean.Elab.ConfigEval.Commands:c.o (152ms)
[ 31%] Building CXX object library/CMakeFiles/library.dir/time_task.cpp.o
[ 31%] Building CXX object kernel/CMakeFiles/kernel.dir/instantiate.cpp.o
[ 31%] Building CXX object library/CMakeFiles/library.dir/formatter.cpp.o
[ 36%] Building CXX object kernel/CMakeFiles/kernel.dir/local_ctx.cpp.o
[ 36%] Building CXX object runtime/CMakeFiles/leanrt_initial-exec.dir/apply.cpp.o
✔ [55/7677] Built Init.Tactics (3.8s)
✔ [57/7677] Built Init.Notation:c.o (4.1s)
✔ [58/7677] Built Init.BinderNameHint (181ms)
✔ [60/7677] Built Lake.Util.Opaque (222ms)
✔ [62/7677] Built Init.Grind.Lint (278ms)
✔ [64/7677] Built Init.Sym.Simp.SimprocDSL (298ms)
✔ [66/7677] Built Init.Try (471ms)
✔ [68/7677] Built Init.SizeOf (490ms)
✔ [70/7677] Built Init.Sym.DSimp.DSimprocDSL (353ms)
✔ [72/7677] Built Init.Data.Array.Set (199ms)
✔ [74/7677] Built Init.BinderNameHint:c.o (187ms)
✔ [75/7677] Built Init.Data.Zero (262ms)
✔ [77/7677] Built Init.Grind.Attr (447ms)
✔ [79/7677] Built Init.Grind.Lint:c.o (177ms)
✔ [80/7677] Built Init.Sym.Simp.SimprocDSL:c.o (152ms)
✔ [81/7677] Built Lake.Util.Opaque:c.o (333ms)
✔ [82/7677] Built Init.SizeOf:c.o (161ms)
✔ [83/7677] Built Init.Sym.DSimp.DSimprocDSL:c.o (167ms)
✔ [84/7677] Built Init.Data.Array.Set:c.o (225ms)
✔ [85/7677] Built Init.Try:c.o (382ms)
[ 36%] Building CXX object library/CMakeFiles/library.dir/elab_environment.cpp.o
✔ [86/7677] Built Init.Grind.Attr:c.o (314ms)
✔ [87/7677] Built Init.Data.Zero:c.o (445ms)
✔ [88/7677] Built Init.Syntax (235ms)
✔ [90/7677] Built Init.Syntax:c.o (275ms)
[ 36%] Building CXX object kernel/CMakeFiles/kernel.dir/declaration.cpp.o
✔ [91/7677] Built Init.Grind.Interactive (1.9s)
✔ [93/7677] Built Init.Tactics:c.o (3.1s)
[ 36%] Building CXX object runtime/CMakeFiles/leanrt_initial-exec.dir/exception.cpp.o
[ 40%] Building CXX object library/CMakeFiles/library.dir/init_attribute.cpp.o
✔ [94/7677] Built Init.Grind.Interactive:c.o (714ms)
[ 40%] Building CXX object kernel/CMakeFiles/kernel.dir/environment.cpp.o
✔ [95/7677] Built Init.Core (4.1s)
✔ [97/7677] Built Lean.Compiler.LCNF.Simp.Config (126ms)
✔ [99/7677] Built Lean.Meta.Tactic.Grind.Arith.Types (222ms)
✔ [101/7677] Built Init.Dynamic (317ms)
✔ [103/7677] Built Std.Do.Internal.Ensures.Def (251ms)
✔ [105/7677] Built Init.Data.NeZero (354ms)
✔ [107/7677] Built Lean.Compiler.LCNF.Simp.Config:c.o (128ms)
✔ [108/7677] Built Init.Data.LawfulHashable (171ms)
✔ [110/7677] Built Init.Data.ULift (203ms)
✔ [112/7677] Built Init.Data.PLift (212ms)
✔ [114/7677] Built Init.Data.Slice.Basic (190ms)
[ 45%] Building CXX object runtime/CMakeFiles/leanrt_initial-exec.dir/interrupt.cpp.o
[ 45%] Building CXX object library/CMakeFiles/library.dir/llvm.cpp.o
✔ [116/7677] Built Init.Data.Order.Classes (432ms)
✔ [118/7677] Built Init.Grind.Tactics (194ms)
✔ [120/7677] Built Init.Control.MonadAttach (272ms)
✔ [122/7677] Built Init.SimpLemmas (911ms)
✔ [124/7677] Built Init.MetaTypes (950ms)
✔ [126/7677] Built Init.Grind.Config (1.0s)
✔ [128/7677] Built Std.Do.Internal.Ensures.Def:c.o (133ms)
✔ [129/7677] Built Lean.Meta.Tactic.Grind.Arith.Types:c.o (119ms)
✔ [130/7677] Built Init.Data.NeZero:c.o (169ms)
✔ [131/7677] Built Init.Data.PLift:c.o (166ms)
✔ [132/7677] Built Init.Data.LawfulHashable:c.o (99ms)
✔ [133/7677] Built Init.Data.ULift:c.o (176ms)
✔ [134/7677] Built Init.Dynamic:c.o (396ms)
✔ [135/7677] Built Init.Data.Order.Classes:c.o (236ms)
✔ [136/7677] Built Init.Data.Slice.Basic:c.o (264ms)
✔ [137/7677] Built Init.SimpLemmas:c.o (116ms)
✔ [138/7677] Built Init.Core:c.o (2.2s)
✔ [139/7677] Built Init.Control.MonadAttach:c.o (168ms)
✔ [140/7677] Built Init.Grind.Tactics:c.o (401ms)
✔ [141/7677] Built Init.Grind.Cases (205ms)
✔ [143/7677] Built Init.Data.List.Notation (280ms)
✔ [145/7677] Built Init.Grind.Config:c.o (377ms)
[ 45%] Building CXX object library/CMakeFiles/library.dir/ir_interpreter.cpp.o
✔ [146/7677] Built Init.Control.Id (211ms)
✔ [148/7677] Built Init.Control.Basic (1.4s)
✔ [150/7677] Built Init.ByCases (255ms)
✔ [152/7677] Built Std.Tactic.BVDecide.Normalize.Prop (192ms)
✔ [154/7677] Built Init.Grind.Cases:c.o (98ms)
✔ [155/7677] Built Init.MetaTypes:c.o (804ms)
✔ [156/7677] Built Std.Tactic.BVDecide.Normalize.Prop:c.o (101ms)
✔ [157/7677] Built Init.Data.List.Notation:c.o (305ms)
✔ [158/7677] Built Init.Control.Id:c.o (361ms)
[ 45%] Building CXX object kernel/CMakeFiles/kernel.dir/type_checker.cpp.o
✔ [159/7677] Built Init.ByCases:c.o (383ms)
[ 45%] Building CXX object runtime/CMakeFiles/leanrt_initial-exec.dir/memory.cpp.o
✔ [160/7677] Built Std.Do.SPred.SVal (679ms)
✔ [162/7677] Built Init.Control.Basic:c.o (1.2s)
✔ [163/7677] Built Init.Control.Except (772ms)
✔ [165/7677] Built Std.Do.SPred.SVal:c.o (597ms)
✔ [166/7677] Built Init.Data.Option.Basic (1.1s)
✔ [168/7677] Built Init.Control.Reader (327ms)
✔ [170/7677] Built Lake.Util.EquipT (577ms)
✔ [172/7677] Built Init.Control.State (652ms)
✔ [174/7677] Built Init.Control.Reader:c.o (416ms)
✔ [175/7677] Built Init.Data.Option.Instances (545ms)
✔ [177/7677] Built Init.Data.Nat.Basic (2.8s)
✔ [179/7677] Built Init.Control.Option (449ms)
✔ [181/7677] Built Init.Data.Option.Basic:c.o (1.4s)
✔ [182/7677] Built Init.Control.Except:c.o (1.8s)
✔ [183/7677] Built Init.Data.Option.Instances:c.o (541ms)
✔ [184/7677] Built Init.Data.Nat.Basic:c.o (420ms)
✔ [185/7677] Built Lake.Util.EquipT:c.o (957ms)
✔ [186/7677] Built Lake.Util.EStateT (611ms)
✔ [188/7677] Built Init.Data.BitVec.BasicAux (276ms)
✔ [190/7677] Built Init.Control.Option:c.o (824ms)
✔ [191/7677] Built Init.Control.State:c.o (1.6s)
[ 45%] Building CXX object runtime/CMakeFiles/leanrt_initial-exec.dir/stackinfo.cpp.o
✔ [192/7677] Built Init.Data.Int.Basic (735ms)
✔ [194/7677] Built Std.Http.Data.URI.Config (280ms)
✔ [196/7677] Built Init.Control.Do (363ms)
✔ [198/7677] Built Init.WF (833ms)
✔ [200/7677] Built Std.Http.Data.URI.Config:c.o (73ms)
✔ [201/7677] Built Init.Data.BitVec.BasicAux:c.o (346ms)
✔ [202/7677] Built Lake.Util.Task (384ms)
✔ [204/7677] Built Init.Data.Int.Basic:c.o (545ms)
✔ [205/7677] Built Init.Control.Do:c.o (433ms)
✔ [206/7677] Built Lean.Util.MonadBacktrack (276ms)
✔ [208/7677] Built Init.WF:c.o (589ms)
✔ [209/7677] Built Lake.Util.Task:c.o (360ms)
✔ [210/7677] Built Lean.Util.MonadBacktrack:c.o (484ms)
✔ [211/7677] Built Init.WFTactics (976ms)
✔ [213/7677] Built Lake.Util.EStateT:c.o (2.1s)
[ 45%] Building CXX object kernel/CMakeFiles/kernel.dir/init_module.cpp.o
[ 45%] Building CXX object runtime/CMakeFiles/leanrt_initial-exec.dir/compact.cpp.o
✔ [214/7677] Built Init.WFTactics:c.o (562ms)
✔ [215/7677] Built Init.Data.Nat.Div.Basic (933ms)
✔ [217/7677] Built Init.Data.Nat.Div.Basic:c.o (193ms)
✔ [218/7677] Built Init.Data.Nat.Bitwise.Basic (503ms)
✔ [220/7677] Built Init.Data.Int.DivMod.Basic (499ms)
[ 45%] Building CXX object library/CMakeFiles/library.dir/instantiate_mvars.cpp.o
✔ [222/7677] Built Init.Data.Nat.Bitwise.Basic:c.o (414ms)
✔ [223/7677] Built Init.Data.Int.Bitwise.Basic (399ms)
✔ [225/7677] Built Init.Data.Fin.Basic (673ms)
✔ [227/7677] Built Init.Data.Int.Bitwise.Basic:c.o (524ms)
✔ [228/7677] Built Init.Data.List.Basic (5.4s)
✔ [230/7677] Built Init.Data.UInt.BasicAux (431ms)
✔ [232/7677] Built Init.Data.List.ToArrayImpl (219ms)
✔ [234/7677] Built Init.Data.Int.DivMod.Basic:c.o (1.3s)
✔ [235/7677] Built Init.Task (237ms)
✔ [237/7677] Built Init.Data.List.Scan.Basic (256ms)
[ 45%] Building CXX object kernel/CMakeFiles/kernel.dir/quot.cpp.o
✔ [239/7677] Built Init.Data.ByteArray.Bootstrap (392ms)
✔ [241/7677] Built Init.Data.List.ToArrayImpl:c.o (201ms)
✔ [242/7677] Built Init.Data.Fin.Basic:c.o (1.1s)
✔ [243/7677] Built Init.Data.UInt.BasicAux:c.o (554ms)
✔ [244/7677] Built Init.Data.List.Scan.Basic:c.o (199ms)
✔ [245/7677] Built Init.Task:c.o (239ms)
✔ [246/7677] Built Lake.Util.Exit (219ms)
✔ [248/7677] Built Init.Data.ByteArray.Bootstrap:c.o (210ms)
✔ [249/7677] Built Init.Data.Char.Basic (401ms)
✔ [251/7677] Built Lake.Util.Exit:c.o (201ms)
✔ [252/7677] Built Init.Data.Char.Basic:c.o (197ms)
✔ [253/7677] Built Init.Data.String.Bootstrap (305ms)
[ 45%] Building CXX object runtime/CMakeFiles/leanrt_initial-exec.dir/init_module.cpp.o
✔ [255/7677] Built Init.Data.String.Bootstrap:c.o (229ms)
✔ [256/7677] Built Init.System.Platform (321ms)
✔ [258/7677] Built Init.System.Platform:c.o (113ms)
✔ [259/7677] Built Init.Data.Format.Basic (893ms)
[ 45%] Building CXX object runtime/CMakeFiles/leanrt_initial-exec.dir/io.cpp.o
✔ [261/7677] Built Init.Data.Repr (1.0s)
✔ [263/7677] Built Init.Data.ToString.Basic (265ms)
✔ [265/7677] Built Std.Http.Data.Body.Length (299ms)
[ 50%] Building CXX object kernel/CMakeFiles/kernel.dir/inductive.cpp.o
✔ [267/7677] Built Init.Data.ToString.Basic:c.o (677ms)
✔ [268/7677] Built Lean.Meta.Tactic.Grind.CheckResult (713ms)
✔ [270/7677] Built Std.Http.Data.Body.Length:c.o (318ms)
✔ [271/7677] Built Lake.Config.Lang (299ms)
✔ [273/7677] Built Init.Data.Format.Basic:c.o (2.4s)
✔ [274/7677] Built Init.Data.Repr:c.o (1.6s)
✔ [275/7677] Built Init.Util (199ms)
✔ [277/7677] Built Lean.Data.LBool (359ms)
✔ [279/7677] Built Init.Control.EState (349ms)
✔ [281/7677] Built Init.Data.List.Basic:c.o (5.1s)
✔ [282/7677] Built Lean.Meta.Tactic.Grind.CheckResult:c.o (342ms)
✔ [283/7677] Built Init.Data.Option.BasicAux (201ms)
✔ [285/7677] Built Lake.Config.Lang:c.o (408ms)
✔ [286/7677] Built Init.Util:c.o (483ms)
✔ [287/7677] Built Lean.Data.LBool:c.o (486ms)
[ 50%] Built target library
[ 50%] Building CXX object runtime/CMakeFiles/leanrt.dir/debug.cpp.o
✔ [288/7677] Built Init.Data.Option.BasicAux:c.o (162ms)
✔ [289/7677] Built Init.Control.EState:c.o (398ms)
✔ [290/7677] Built Init.GetElem (1.0s)
[ 54%] Building CXX object runtime/CMakeFiles/leanrt_initial-exec.dir/hash.cpp.o
[ 59%] Building CXX object runtime/CMakeFiles/leanrt.dir/thread.cpp.o
✔ [292/7677] Built Init.GetElem:c.o (702ms)
[ 59%] Building CXX object runtime/CMakeFiles/leanrt_initial-exec.dir/byteslice.cpp.o
[ 59%] Building CXX object runtime/CMakeFiles/leanrt.dir/mpz.cpp.o
[ 59%] Building CXX object runtime/CMakeFiles/leanrt_initial-exec.dir/platform.cpp.o
✔ [293/7677] Built Init.Data.Array.Basic (2.5s)
✔ [295/7677] Built Init.Data.Array.InsertionSort (217ms)
✔ [297/7677] Built Lean.Meta.ArgsPacker.Basic (256ms)
✔ [299/7677] Built Init.Data.Array.GetLit (450ms)
✔ [301/7677] Built Lean.Meta.ArgsPacker.Basic:c.o (149ms)
[ 59%] Building CXX object runtime/CMakeFiles/leanrt_initial-exec.dir/alloc.cpp.o
✔ [302/7677] Built Init.Data.Array.InsertionSort:c.o (253ms)
✔ [303/7677] Built Init.Data.Array.GetLit:c.o (256ms)
[ 59%] Building CXX object kernel/CMakeFiles/kernel.dir/trace.cpp.o
[ 59%] Building CXX object runtime/CMakeFiles/leanrt.dir/utf8.cpp.o
[ 59%] Building CXX object runtime/CMakeFiles/leanrt.dir/object.cpp.o
[ 59%] Building CXX object runtime/CMakeFiles/leanrt_initial-exec.dir/allocprof.cpp.o
[ 59%] Built target kernel
[ 63%] Linking CXX static library lib/temp/libleaninitialize.a
[ 63%] Built target leaninitialize
[ 63%] Linking CXX static library lib/temp/libleancpp_1.a
[ 63%] Building CXX object runtime/CMakeFiles/leanrt_initial-exec.dir/sharecommon.cpp.o
[ 63%] Built target leancpp_1
[ 68%] Building CXX object runtime/CMakeFiles/leanrt_initial-exec.dir/stack_overflow.cpp.o
✔ [304/7677] Built Init.Meta.Defs (3.1s)
[ 68%] Building CXX object runtime/CMakeFiles/leanrt_initial-exec.dir/process.cpp.o
✔ [306/7677] Built Init.Data.Nat.Dvd (541ms)
✔ [308/7677] Built Init.Data.Nat.Dvd:c.o (103ms)
[ 68%] Building CXX object runtime/CMakeFiles/leanrt_initial-exec.dir/object_ref.cpp.o
✔ [309/7677] Built Init.Data.Array.Basic:c.o (5.0s)
[ 68%] Building CXX object runtime/CMakeFiles/leanrt_initial-exec.dir/mpn.cpp.o
[ 68%] Building CXX object runtime/CMakeFiles/leanrt_initial-exec.dir/mutex.cpp.o
✔ [310/7677] Built Init.Meta (1.6s)
✔ [312/7677] Built Init.Data.Format.Macro (313ms)
✔ [314/7677] Built Init.Grind.Propagator (429ms)
✔ [316/7677] Built Init.Data.ToString.Macro (363ms)
✔ [318/7677] Built Init.RCases (382ms)
✔ [320/7677] Built Init.Data.Format.Macro:c.o (217ms)
✔ [321/7677] Built Init.Grind.Propagator:c.o (535ms)
[ 68%] Building CXX object runtime/CMakeFiles/leanrt.dir/apply.cpp.o
✔ [322/7677] Built Init.Meta:c.o (1.6s)
✔ [323/7677] Built Init.RCases:c.o (90ms)
[ 68%] Building CXX object runtime/CMakeFiles/leanrt_initial-exec.dir/libuv.cpp.o
✔ [324/7677] Built Init.Data.ToString.Macro:c.o (300ms)
✔ [325/7677] Built Init.MacroTrace (192ms)
✔ [327/7677] Built Init.TacticsExtra (1.3s)
✔ [329/7677] Built Init.Conv (2.2s)
✔ [331/7677] Built Init.MacroTrace:c.o (298ms)
[ 72%] Building CXX object runtime/CMakeFiles/leanrt_initial-exec.dir/uv/net_addr.cpp.o
✔ [332/7677] Built Init.Ext (734ms)
✔ [334/7677] Built Init.Guard (411ms)
✔ [336/7677] Built Init.Ext:c.o (256ms)
✔ [337/7677] Built Init.Guard:c.o (141ms)
✔ [338/7677] Built Init.TacticsExtra:c.o (1.1s)
✔ [339/7677] Built Init.Grind.Ext (204ms)
✔ [341/7677] Built Init.Data.Subtype.Basic (293ms)
✔ [343/7677] Built Init.Control.Lawful.Basic (620ms)
✔ [345/7677] Built Init.Grind.Ext:c.o (114ms)
✔ [346/7677] Built Init.Data.Subtype.Basic:c.o (140ms)
✔ [347/7677] Built Init.Control.Lawful.Basic:c.o (208ms)
[ 72%] Building CXX object runtime/CMakeFiles/leanrt_initial-exec.dir/uv/event_loop.cpp.o
✔ [348/7677] Built Init.Conv:c.o (1.8s)
✔ [349/7677] Built Init.Control.StateCps (466ms)
✔ [351/7677] Built Init.Control.Lawful.MonadLift.Lemmas (424ms)
✔ [353/7677] Built Init.Control.ExceptCps (535ms)
[ 72%] Building CXX object runtime/CMakeFiles/leanrt_initial-exec.dir/uv/timer.cpp.o
✔ [355/7677] Built Init.Control.Lawful.MonadLift.Lemmas:c.o (168ms)
✔ [356/7677] Built Init.Control.StateCps:c.o (350ms)
✔ [357/7677] Built Init.Control.ExceptCps:c.o (286ms)
[ 72%] Building CXX object runtime/CMakeFiles/leanrt_initial-exec.dir/uv/tcp.cpp.o
[ 72%] Building CXX object runtime/CMakeFiles/leanrt_initial-exec.dir/uv/udp.cpp.o
[ 72%] Building CXX object runtime/CMakeFiles/leanrt.dir/exception.cpp.o
[ 72%] Building CXX object runtime/CMakeFiles/leanrt_initial-exec.dir/uv/dns.cpp.o
[ 77%] Building CXX object runtime/CMakeFiles/leanrt_initial-exec.dir/uv/system.cpp.o
✔ [358/7677] Built Init.Meta.Defs:c.o (7.0s)
✔ [359/7677] Built Init.NotationExtra (3.9s)
✔ [361/7677] Built Init.WFComputable (404ms)
✔ [363/7677] Built Init.Data.Nat.Log2 (407ms)
[ 77%] Building CXX object runtime/CMakeFiles/leanrt_initial-exec.dir/uv/signal.cpp.o
✔ [365/7677] Built Init.Hints (289ms)
✔ [367/7677] Built Init.BinderPredicates (1.2s)
✔ [369/7677] Built Std.Internal.Parsec.Basic (871ms)
[ 77%] Building CXX object runtime/CMakeFiles/leanrt_initial-exec.dir/openssl.cpp.o
✔ [371/7677] Built Std.Do.SPred.SPred (1.3s)
[ 81%] Building CXX object runtime/CMakeFiles/leanrt.dir/interrupt.cpp.o
✔ [373/7677] Built Init.Data.Prod (533ms)
✔ [375/7677] Built Init.Data.Nat.Gcd (924ms)
✔ [377/7677] Built Std.Data.DHashMap.Internal.AssocList.Basic (1.4s)
✔ [379/7677] Built Init.WFComputable:c.o (164ms)
✔ [380/7677] Built Init.Data.Nat.Log2:c.o (306ms)
✔ [381/7677] Built Init.Hints:c.o (148ms)
[ 81%] Building CXX object runtime/CMakeFiles/leanrt_initial-exec.dir/cadical.cpp.o
[ 81%] Building CXX object runtime/CMakeFiles/leanrt.dir/memory.cpp.o
✔ [382/7677] Built Init.BinderPredicates:c.o (1.0s)
✔ [383/7677] Built Init.Data.Bool (2.2s)
✔ [385/7677] Built Init.Data.Prod:c.o (181ms)
[ 81%] Linking CXX static library libleanrt_initial-exec.a
✔ [386/7677] Built Std.Do.SPred.SPred:c.o (621ms)
[ 81%] Built target leanrt_initial-exec
[ 81%] Linking CXX static library lib/lean/libleancpp.a
[ 81%] Built target leancpp
✔ [387/7677] Built Init.PropLemmas (2.4s)
✔ [389/7677] Built Init.Data.Nat.Gcd:c.o (248ms)
[ 81%] Building CXX object runtime/CMakeFiles/leanrt.dir/stackinfo.cpp.o
✔ [390/7677] Built Init.Data.Nat.Sqrt.Basic (276ms)
✔ [392/7677] Built Init.Data.Fin.Log2 (216ms)
✔ [394/7677] Built Std.Internal.Parsec.Basic:c.o (2.2s)
✔ [395/7677] Built Init.Data.Float.Model.Format.Basic (332ms)
✔ [397/7677] Built Std.Data.Internal.List.Defs (353ms)
[ 81%] Building CXX object runtime/CMakeFiles/leanrt.dir/compact.cpp.o
✔ [399/7677] Built Std.Tactic.Do.ProofMode (352ms)
✔ [401/7677] Built Init.Data.Bool:c.o (429ms)
✔ [402/7677] Built Std.Data.DHashMap.RawDef (402ms)
[ 81%] Building CXX object runtime/CMakeFiles/leanrt.dir/init_module.cpp.o
✔ [404/7677] Built Init.NotationExtra:c.o (5.6s)
✔ [405/7677] Built Init.PropLemmas:c.o (188ms)
✔ [406/7677] Built Init.Data.Nat.Coprime (484ms)
✔ [408/7677] Built Init.Data.Fin.Log2:c.o (162ms)
✔ [409/7677] Built Std.Data.DHashMap.Internal.AssocList.Basic:c.o (2.2s)
✔ [410/7677] Built Std.Do.SPred.Notation.Basic (1.1s)
✔ [412/7677] Built Init.Data.Nat.Sqrt.Basic:c.o (212ms)
✔ [413/7677] Built Std.Tactic.Do.ProofMode:c.o (129ms)
✔ [414/7677] Built Init.Data.Float.Model.Format.Basic:c.o (292ms)
✔ [415/7677] Built Std.Data.Internal.List.Defs:c.o (311ms)
✔ [416/7677] Built Init.Data.BEq (384ms)
✔ [418/7677] Built Init.Data.Fin.Iterate (343ms)
✔ [420/7677] Built Init.Data.RArray (509ms)
✔ [422/7677] Built Init.Data.Nat.MinMax (810ms)
✔ [424/7677] Built Init.Data.Iterators.PostconditionMonad (1.4s)
✔ [426/7677] Built Init.Omega.Logic (400ms)
✔ [428/7677] Built Init.Data.AC (1.7s)
[ 81%] Building CXX object runtime/CMakeFiles/leanrt.dir/io.cpp.o
✔ [430/7677] Built Init.Classical (593ms)
✔ [432/7677] Built Init.Data.UInt.Log2 (232ms)
✔ [434/7677] Built Init.Data.Iterators.Basic (2.2s)
✔ [436/7677] Built Init.Data.Int.Lemmas (1.8s)
✔ [438/7677] Built Init.Data.BEq:c.o (145ms)
✔ [439/7677] Built Init.Data.Nat.Coprime:c.o (253ms)
✔ [440/7677] Built Init.Data.Nat.MinMax:c.o (128ms)
✔ [441/7677] Built Init.Data.Fin.Iterate:c.o (232ms)
✔ [442/7677] Built Std.Data.DHashMap.RawDef:c.o (734ms)
✔ [443/7677] Built Init.Omega.Logic:c.o (122ms)
✔ [444/7677] Built Init.Data.RArray:c.o (513ms)
✔ [445/7677] Built Init.Classical:c.o (130ms)
[ 86%] Building CXX object runtime/CMakeFiles/leanrt.dir/hash.cpp.o
[ 86%] Building CXX object runtime/CMakeFiles/leanrt.dir/byteslice.cpp.o
✔ [446/7677] Built Init.Data.Int.Lemmas:c.o (84ms)
✔ [447/7677] Built Init.Data.Iterators.PostconditionMonad:c.o (656ms)
✔ [448/7677] Built Init.Data.UInt.Log2:c.o (165ms)
✔ [449/7677] Built Std.Do.SPred.Notation.Basic:c.o (1.1s)
[ 86%] Building CXX object runtime/CMakeFiles/leanrt.dir/platform.cpp.o
✔ [450/7677] Built Init.Data.AC:c.o (1.6s)
✔ [451/7677] Built Init.Data.Iterators.Basic:c.o (1.6s)
✔ [452/7677] Built Init.LawfulBEqTactics (1.1s)
✔ [454/7677] Built Init.Data.Ord.Basic (2.0s)
✔ [456/7677] Built Init.Data.Function (574ms)
[ 86%] Building CXX object runtime/CMakeFiles/leanrt.dir/alloc.cpp.o
✔ [458/7677] Built Init.Control.Lawful.Lemmas (406ms)
[ 86%] Building CXX object runtime/CMakeFiles/leanrt.dir/allocprof.cpp.o
✔ [460/7677] Built Init.System.ST (1.1s)
✔ [462/7677] Built Init.Control.Lawful.MonadAttach.Lemmas (643ms)
[ 86%] Building CXX object runtime/CMakeFiles/leanrt.dir/sharecommon.cpp.o
✔ [464/7677] Built Init.Data.Order.Factories (781ms)
✔ [466/7677] Built Init.Grind.Util (1.0s)
[ 90%] Building CXX object runtime/CMakeFiles/leanrt.dir/stack_overflow.cpp.o
✔ [468/7677] Built Init.Data.Erased (390ms)
✔ [470/7677] Built Init.While (644ms)
✔ [472/7677] Built Init.Data.Iterators.Lemmas.Basic (227ms)
[ 90%] Building CXX object runtime/CMakeFiles/leanrt.dir/process.cpp.o
✔ [474/7677] Built Init.Data.Iterators.ToIterator (301ms)
✔ [476/7677] Built Init.Data.Option.Lemmas (4.9s)
✔ [478/7677] Built Init.WFExtrinsicFix (2.9s)
✔ [480/7677] Built Init.Data.Iterators.Consumers.Monadic.Access (241ms)
✔ [482/7677] Built Init.Data.Iterators.Consumers.Partial (259ms)
✔ [484/7677] Built Init.Data.Iterators.Lemmas.Monadic.Basic (383ms)
✔ [486/7677] Built Init.Data.Iterators.Consumers.Total (426ms)
✔ [488/7677] Built Init.Data.Iterators.Consumers.Monadic.Partial (203ms)
✔ [490/7677] Built Init.Data.Iterators.Consumers.Monadic.Total (439ms)
✔ [492/7677] Built Init.Data.Function:c.o (304ms)
✔ [493/7677] Built Init.Control.Lawful.Lemmas:c.o (261ms)
✔ [494/7677] Built Init.Data.Ord.Basic:c.o (655ms)
✔ [495/7677] Built Init.Control.Lawful.MonadAttach.Lemmas:c.o (144ms)
✔ [496/7677] Built Init.Grind.Module.Basic (997ms)
[ 90%] Building CXX object runtime/CMakeFiles/leanrt.dir/object_ref.cpp.o
[ 90%] Building CXX object runtime/CMakeFiles/leanrt.dir/mpn.cpp.o
✔ [498/7677] Built Init.System.ST:c.o (552ms)
✔ [499/7677] Built Init.LawfulBEqTactics:c.o (1.3s)
✔ [500/7677] Built Init.Data.Erased:c.o (90ms)
✔ [501/7677] Built Init.Grind.Util:c.o (546ms)
[ 90%] Building CXX object runtime/CMakeFiles/leanrt.dir/mutex.cpp.o
✔ [502/7677] Built Init.Data.Order.Factories:c.o (660ms)
✔ [503/7677] Built Init.Data.Iterators.Lemmas.Basic:c.o (164ms)
✔ [504/7677] Built Init.Data.Iterators.ToIterator:c.o (117ms)
✔ [505/7677] Built Init.While:c.o (338ms)
✔ [506/7677] Built Init.WFExtrinsicFix:c.o (110ms)
✔ [507/7677] Built Init.Data.Iterators.Consumers.Partial:c.o (107ms)
✔ [508/7677] Built Init.Data.Iterators.Lemmas.Monadic.Basic:c.o (96ms)
✔ [509/7677] Built Init.Data.Iterators.Consumers.Monadic.Access:c.o (204ms)
✔ [510/7677] Built Init.Data.Iterators.Consumers.Total:c.o (131ms)
✔ [511/7677] Built Init.Data.Option.Lemmas:c.o (758ms)
✔ [512/7677] Built Init.Data.Iterators.Consumers.Monadic.Partial:c.o (182ms)
[ 90%] Building CXX object runtime/CMakeFiles/leanrt.dir/libuv.cpp.o
✔ [513/7677] Built Std.Do.SPred.Notation (8.4s)
[ 95%] Building CXX object runtime/CMakeFiles/leanrt.dir/uv/net_addr.cpp.o
✔ [515/7677] Built Init.Data.Subtype.OrderExtra (216ms)
✔ [517/7677] Built Init.Data.Iterators.Consumers.Monadic.Total:c.o (96ms)
✔ [518/7677] Built Init.Data.Sum.Basic (937ms)
✔ [520/7677] Built Init.Data.Order.ClassesExtra (460ms)
✔ [522/7677] Built Init.Data.Option.Function (352ms)
✔ [524/7677] Built Init.Grind.Injective (403ms)
✔ [526/7677] Built Std.Do.Internal.Ensures.Lemmas (570ms)
✔ [528/7677] Built Init.Data.Nat.Order (481ms)
✔ [530/7677] Built Init.Grind.Module.Basic:c.o (160ms)
✔ [531/7677] Built Init.Control.StateRef (1.2s)
✔ [533/7677] Built Std.Data.Iterators.Lemmas.Monadic (405ms)
✔ [535/7677] Built Init.Data.Range.Polymorphic.UpwardEnumerable (1.2s)
✔ [537/7677] Built Init.Grind.AC (3.7s)
✔ [539/7677] Built Init.Data.Subtype.OrderExtra:c.o (166ms)
✔ [540/7677] Built Init.Data.Iterators.Consumers.Access (1.2s)
[ 95%] Building CXX object runtime/CMakeFiles/leanrt.dir/uv/event_loop.cpp.o
[ 95%] Building CXX object runtime/CMakeFiles/leanrt.dir/uv/timer.cpp.o
✔ [542/7677] Built Init.Data.Order.Lemmas (2.6s)
✔ [544/7677] Built Init.Data.Iterators.Consumers.Monadic.Collect (433ms)
✔ [546/7677] Built Init.Data.Order.ClassesExtra:c.o (123ms)
✔ [547/7677] Built Init.Data.Option.Function:c.o (147ms)
✔ [548/7677] Built Init.Data.Sum.Basic:c.o (544ms)
✔ [549/7677] Built Std.Do.Internal.Ensures.Lemmas:c.o (127ms)
✔ [550/7677] Built Init.Data.Nat.Order:c.o (148ms)
✔ [551/7677] Built Init.Grind.Injective:c.o (348ms)
✔ [552/7677] Built Std.Data.Iterators.Lemmas.Monadic:c.o (129ms)
[ 95%] Building CXX object runtime/CMakeFiles/leanrt.dir/uv/tcp.cpp.o
[ 95%] Building CXX object runtime/CMakeFiles/leanrt.dir/uv/udp.cpp.o
✔ [553/7677] Built Init.Data.Range.Polymorphic.UpwardEnumerable:c.o (361ms)
✔ [554/7677] Built Std.Do.SPred.Laws (935ms)
[ 95%] Building CXX object runtime/CMakeFiles/leanrt.dir/uv/dns.cpp.o
✔ [556/7677] Built Init.Control.StateRef:c.o (1.4s)
✔ [557/7677] Built Init.Data.Iterators.Consumers.Access:c.o (451ms)
✔ [558/7677] Built Init.Data.Iterators.Consumers.Monadic.Collect:c.o (621ms)
✔ [559/7677] Built Init.Data.Sum.Lemmas (878ms)
✔ [561/7677] Built Init.Data.Order.Lemmas:c.o (113ms)
[100%] Building CXX object runtime/CMakeFiles/leanrt.dir/uv/system.cpp.o
[100%] Building CXX object runtime/CMakeFiles/leanrt.dir/uv/signal.cpp.o
✔ [562/7677] Built Init.Grind.AC:c.o (2.1s)
✔ [563/7677] Built Init.Data.Nat.Compare (415ms)
✔ [565/7677] Built Std.Do.Internal.Ensures (227ms)
✔ [567/7677] Built Init.Data.Nat.Internal.Linear (7.6s)
[100%] Building CXX object runtime/CMakeFiles/leanrt.dir/openssl.cpp.o
✔ [569/7677] Built Std.Do.SPred.Laws:c.o (345ms)
✔ [570/7677] Built Init.Control.Lawful.MonadAttach.Instances (994ms)
[100%] Building CXX object runtime/CMakeFiles/leanrt.dir/cadical.cpp.o
✔ [572/7677] Built Init.Data.Iterators.Lemmas.Consumers.Access (447ms)
✔ [574/7677] Built Init.Data.Iterators.Consumers.Collect (370ms)
✔ [576/7677] Built Init.Data.Sum.Lemmas:c.o (348ms)
✔ [577/7677] Built Init.Data.Fin.MinMax (357ms)
✔ [579/7677] Built Init.Grind.Ordered.Order (355ms)
✔ [581/7677] Built Init.Data.Subtype.Order (326ms)
✔ [583/7677] Built Std.Do.Internal.Ensures:c.o (88ms)
[100%] Linking CXX static library ../lib/lean/libleanrt.a
[100%] Built target leanrt
✔ [584/7677] Built Init.Data.Nat.Compare:c.o (90ms)
✔ [585/7677] Built Init.Data.Range.Polymorphic.PRange (2.3s)
✔ [587/7677] Built Init.Control.Lawful.Instances (2.8s)
✔ [589/7677] Built Init.Control.Lawful.MonadAttach.Instances:c.o (583ms)
✔ [590/7677] Built Init.Data.Iterators.Lemmas.Consumers.Access:c.o (296ms)
✔ [591/7677] Built Init.Data.Sum (202ms)
✔ [593/7677] Built Init.Data.Nat.Internal.Linear:c.o (1.8s)
✔ [594/7677] Built Init.Data.Iterators.Consumers.Collect:c.o (159ms)
✔ [595/7677] Built Init.Grind.Ordered.Order:c.o (144ms)
✔ [596/7677] Built Init.Data.Fin.MinMax:c.o (223ms)
✔ [597/7677] Built Init.Data.Subtype.Order:c.o (105ms)
✔ [598/7677] Built Init.Data.Int.Order (2.5s)
✔ [600/7677] Built Std.Do.Internal (124ms)
✔ [602/7677] Built Std.Do.SPred.Notation:c.o (8.7s)
✔ [603/7677] Built Std.Do.SPred.DerivedLaws (2.3s)
✔ [605/7677] Built Init.Data.Array.BasicAux (375ms)
✔ [607/7677] Built Init.Data.Nat.Power2.Basic (203ms)
✔ [609/7677] Built Init.SizeOfLemmas (228ms)
✔ [611/7677] Built Init.Data.List.BasicAux (661ms)
✔ [613/7677] Built Init.Control.Lawful.MonadAttach (168ms)
✔ [615/7677] Built Init.Data.Sum:c.o (89ms)
✔ [616/7677] Built Init.Data.Subtype (129ms)
✔ [618/7677] Built Std.Do.Internal:c.o (99ms)
✔ [619/7677] Built Init.Control.Lawful.Instances:c.o (424ms)
✔ [620/7677] Built Std.Do.SPred.DerivedLaws:c.o (90ms)
✔ [621/7677] Built Init.Data.Range.Polymorphic.PRange:c.o (747ms)
✔ [622/7677] Built Init.Data.Array.BasicAux:c.o (197ms)
✔ [623/7677] Built Lean.Data.RBMap (1.2s)
✔ [625/7677] Built Init.Data.Nat.Power2.Basic:c.o (94ms)
✔ [626/7677] Built Init.Data.Int.Order:c.o (526ms)
✔ [627/7677] Built Init.SizeOfLemmas:c.o (115ms)
✔ [628/7677] Built Init.Control.Lawful.MonadAttach:c.o (83ms)
✔ [629/7677] Built Init.Control.Lawful.MonadLift.Instances (378ms)
✔ [631/7677] Built Init.Data.Slice.Notation (627ms)
✔ [633/7677] Built Init.Data.Subtype:c.o (144ms)
✔ [634/7677] Built Init.Data.Range.Polymorphic.Basic (736ms)
✔ [636/7677] Built Std.Do.SPred (258ms)
✔ [638/7677] Built Init.Omega.Int (604ms)
✔ [640/7677] Built Init.Data.List.BasicAux:c.o (694ms)
✔ [641/7677] Built Init.Control.Lawful.MonadLift.Instances:c.o (258ms)
✔ [642/7677] Built Init.Data.Int.DivMod.Bootstrap (1.0s)
✔ [644/7677] Built Init.Data.Array.Mem (390ms)
✔ [646/7677] Built Init.Data.Slice.Notation:c.o (361ms)
✔ [647/7677] Built Init.Data.Range.Polymorphic.Basic:c.o (323ms)
✔ [648/7677] Built Std.Do.SPred:c.o (65ms)
✔ [649/7677] Built Lean.Data.RBTree (371ms)
✔ [651/7677] Built Init.Control.Lawful.MonadLift (93ms)
✔ [653/7677] Built Init.Omega.Int:c.o (117ms)
✔ [654/7677] Built Init.Data.Slice.List.Basic (291ms)
✔ [656/7677] Built Init.Data.Array.Mem:c.o (259ms)
✔ [657/7677] Built Init.Data.Int.DivMod.Bootstrap:c.o (352ms)
✔ [658/7677] Built Init.Data.Range.Polymorphic.Map (566ms)
✔ [660/7677] Built Init.Control.Lawful.MonadLift:c.o (95ms)
✔ [661/7677] Built Lean.Data.RBTree:c.o (1.3s)
✔ [662/7677] Built Init.Omega.IntList (1.1s)
✔ [664/7677] Built Init.Data.Nat.Internal.SOM (2.9s)
✔ [666/7677] Built Init.Control.Lawful (138ms)
✔ [668/7677] Built Init.Data.Slice.List.Basic:c.o (444ms)
✔ [669/7677] Built Init.Data.Range.Polymorphic.Map:c.o (84ms)
✔ [670/7677] Built Init.Data.Iterators.Internal.LawfulMonadLiftFunction (348ms)
✔ [672/7677] Built Init.Data.Nat.Internal (79ms)
✔ [674/7677] Built Std.Do.PostCond (2.3s)
✔ [676/7677] Built Init.Control.Lawful:c.o (86ms)
✔ [677/7677] Built Init.Data.Nat.Internal.SOM:c.o (577ms)
✔ [678/7677] Built Init.Data.Iterators.Internal.LawfulMonadLiftFunction:c.o (97ms)
✔ [679/7677] Built Init.Omega.Coeffs (204ms)
✔ [681/7677] Built Init.Data.Nat.Internal:c.o (73ms)
✔ [682/7677] Built Init.Control (114ms)
✔ [684/7677] Built Lean.Data.RBMap:c.o (3.0s)
✔ [685/7677] Built Init.Omega.IntList:c.o (1.3s)
✔ [686/7677] Built Init.Data.List.Control (704ms)
✔ [688/7677] Built Init.Data.Option.Monadic (811ms)
✔ [690/7677] Built Init.Data.Iterators.Internal (116ms)
✔ [692/7677] Built Init.Control:c.o (170ms)
✔ [693/7677] Built Init.Omega.Coeffs:c.o (152ms)
✔ [694/7677] Built Std.Do.PostCond:c.o (1.2s)
✔ [695/7677] Built Init.Data.Iterators.Consumers.Monadic.Loop (1.5s)
✔ [697/7677] Built Std.Do.PredTrans (902ms)
✔ [699/7677] Built Std.Data.Iterators.Lemmas.Equivalence.HetT (1.3s)
✔ [701/7677] Built Init.Data.Option.Monadic:c.o (199ms)
✔ [702/7677] Built Init.Data.Iterators.Internal:c.o (218ms)
✔ [703/7677] Built Init.Omega.LinearCombo (748ms)
✔ [705/7677] Built Init.Omega.Constraint (1.1s)
✔ [707/7677] Built Init.Data.List.Control:c.o (1.3s)
✔ [708/7677] Built Init.Data.Queue (264ms)
✔ [710/7677] Built Std.Data.Iterators.Lemmas.Equivalence.HetT:c.o (97ms)
✔ [711/7677] Built Init.Data.Iterators.Consumers.Monadic (123ms)
✔ [713/7677] Built Std.Do.PredTrans:c.o (339ms)
✔ [714/7677] Built Std.Data.Iterators.Combinators.Monadic.StepSize (442ms)
✔ [716/7677] Built Init.Data.Iterators.Combinators.Monadic.Attach (385ms)
✔ [718/7677] Built Init.Data.Queue:c.o (332ms)
✔ [719/7677] Built Init.Data.Iterators.Combinators.Monadic.FilterMap (934ms)
✔ [721/7677] Built Init.Data.Iterators.Consumers.Loop (887ms)
✔ [723/7677] Built Init.Data.Iterators.Consumers.Monadic:c.o (95ms)
✔ [724/7677] Built Std.Do.WP.Basic (844ms)
✔ [726/7677] Built Init.Data.Iterators.Consumers.Monadic.Loop:c.o (2.1s)
✔ [727/7677] Built Init.Data.Iterators.Combinators.Monadic.Attach:c.o (294ms)
✔ [728/7677] Built Std.Data.Iterators.Combinators.Monadic.StepSize:c.o (440ms)
✔ [729/7677] Built Init.Omega.LinearCombo:c.o (1.4s)
✔ [730/7677] Built Init.Omega (220ms)
✔ [732/7677] Built Init.Omega.Constraint:c.o (1.7s)
✔ [733/7677] Built Init.Data.Iterators.Combinators.Monadic.FilterMap:c.o (772ms)
✔ [734/7677] Built Std.Data.Iterators.Producers.Repeat (236ms)
✔ [736/7677] Built Std.Data.Iterators.Combinators.StepSize (192ms)
✔ [738/7677] Built Std.Do.WP.Basic:c.o (717ms)
✔ [739/7677] Built Init.Data.Iterators.Combinators.Attach (166ms)
✔ [741/7677] Built Init.Data.Iterators.Consumers.Loop:c.o (1.5s)
✔ [742/7677] Built Init.Data.Iterators.Combinators.Monadic.ULift (822ms)
✔ [744/7677] Built Init.Data.Iterators.Combinators.FilterMap (343ms)
✔ [746/7677] Built Init.Data.Iterators.Combinators.Monadic.FlatMap (538ms)
✔ [748/7677] Built Std.Data.Iterators.Producers.Monadic.Empty (359ms)
✔ [750/7677] Built Init.Data.Slice.Operations (586ms)
✔ [752/7677] Built Init.Omega:c.o (148ms)
✔ [753/7677] Built Std.Data.Iterators.Combinators.Monadic.Drop (731ms)
✔ [755/7677] Built Std.Data.Iterators.Producers.Repeat:c.o (277ms)
✔ [756/7677] Built Std.Data.Iterators.Combinators.StepSize:c.o (161ms)
✔ [757/7677] Built Init.Data.Iterators.Combinators.Attach:c.o (201ms)
✔ [758/7677] Built Std.Data.Iterators.Combinators.Monadic.Zip (1.2s)
✔ [760/7677] Built Init.Data.Iterators.Combinators.FilterMap:c.o (461ms)
✔ [761/7677] Built Init.Data.Iterators.Combinators.Monadic.ULift:c.o (718ms)
✔ [762/7677] Built Std.Data.Iterators.Producers.Monadic.Empty:c.o (255ms)
✔ [763/7677] Built Std.Do.WP.Monad (1.2s)
✔ [765/7677] Built Init.Data.Iterators.Combinators.Monadic.FlatMap:c.o (763ms)
✔ [766/7677] Built Init.Data.Iterators.Combinators.Monadic.Take (672ms)
✔ [768/7677] Built Init.Data.Iterators.Combinators.Monadic.Append (523ms)
✔ [770/7677] Built Init.Data.Int.Compare (556ms)
✔ [772/7677] Built Init.Data.Nat.Mod (379ms)
✔ [774/7677] Built Init.Data.Ord.Array (1.4s)
✔ [776/7677] Built Init.Grind.Offset (644ms)
✔ [778/7677] Built Init.Data.List.Lemmas (7.9s)
✔ [780/7677] Built Init.Data.Slice.Operations:c.o (253ms)
✔ [781/7677] Built Init.Data.Range.Basic (1.3s)
✔ [783/7677] Built Init.Data.Array.BinSearch (1.4s)
✔ [785/7677] Built Init.Data.Iterators.Combinators.ULift (169ms)
✔ [787/7677] Built Init.Data.Nat.Control (464ms)
✔ [789/7677] Built Init.Data.String.Iter.Basic (165ms)
✔ [791/7677] Built Std.Data.Iterators.Combinators.Monadic.Drop:c.o (220ms)
✔ [792/7677] Built Init.Data.Iterators.Combinators.FlatMap (195ms)
✔ [794/7677] Built Std.Data.Iterators.Producers.Empty (113ms)
✔ [796/7677] Built Init.Data.Nat.Mod:c.o (71ms)
✔ [797/7677] Built Init.Data.Int.Compare:c.o (52ms)
✔ [798/7677] Built Init.Grind.Offset:c.o (89ms)
✔ [799/7677] Built Init.Data.Iterators.Combinators.Monadic.Take:c.o (308ms)
✔ [800/7677] Built Std.Data.Iterators.Combinators.Monadic.Zip:c.o (411ms)
✔ [801/7677] Built Std.Do.WP.Monad:c.o (356ms)
✔ [802/7677] Built Init.Data.Iterators.Combinators.Monadic.Append:c.o (358ms)
✔ [803/7677] Built Init.Data.Ord.Array:c.o (178ms)
✔ [804/7677] Built Std.Data.Iterators.Producers.Slice (138ms)
✔ [806/7677] Built Std.Data.Iterators.Combinators.Drop (142ms)
✔ [808/7677] Built Std.Data.Iterators.Combinators.Zip (184ms)
✔ [810/7677] Built Init.Data.Array.Subarray (626ms)
✔ [812/7677] Built Init.Data.Iterators.Combinators.ULift:c.o (121ms)
✔ [813/7677] Built Init.Data.List.Lemmas:c.o (712ms)
✔ [814/7677] Built Init.Data.Range.Basic:c.o (648ms)
✔ [815/7677] Built Init.Data.Array.BinSearch:c.o (590ms)
✔ [816/7677] Built Init.Data.String.Iter.Basic:c.o (102ms)
✔ [817/7677] Built Std.Data.Iterators.Producers.Empty:c.o (85ms)
✔ [818/7677] Built Init.Data.Iterators.Combinators.Take (213ms)
✔ [820/7677] Built Init.Data.Nat.Control:c.o (512ms)
✔ [821/7677] Built Init.Data.Iterators.Combinators.Monadic (179ms)
✔ [823/7677] Built Init.Data.Iterators.Combinators.Append (190ms)
✔ [825/7677] Built Init.Data.Iterators.Combinators.FlatMap:c.o (211ms)
✔ [826/7677] Built Std.Do.WP.Sound (1.0s)
✔ [828/7677] Built Init.Data.Option.List (562ms)
✔ [830/7677] Built Std.Data.Iterators.Producers.Slice:c.o (166ms)
✔ [831/7677] Built Std.Data.Iterators.Combinators.Drop:c.o (190ms)
✔ [832/7677] Built Std.Data.Iterators.Combinators.Zip:c.o (126ms)
✔ [833/7677] Built Init.Data.Iterators.Combinators.Take:c.o (201ms)
✔ [834/7677] Built Init.Data.Iterators.Combinators.Monadic:c.o (251ms)
✔ [835/7677] Built Init.Data.Iterators.Combinators.Append:c.o (124ms)
✔ [836/7677] Built Init.Data.List.TakeDrop (1.4s)
✔ [838/7677] Built Init.Data.Option.List:c.o (112ms)
✔ [839/7677] Built Std.Do.WP.Sound:c.o (578ms)
✔ [840/7677] Built Init.Data.Array.Subarray.Split (343ms)
✔ [842/7677] Built Std.Do.WP.SimpLemmas (2.4s)
✔ [844/7677] Built Init.Data.Iterators.Combinators (205ms)
✔ [846/7677] Built Init.Data.Array.Subarray.Split:c.o (188ms)
✔ [847/7677] Built Init.Data.List.TakeDrop:c.o (379ms)
✔ [848/7677] Built Init.Data.Array.Bootstrap (1.2s)
✔ [850/7677] Built Init.Data.Array.Subarray:c.o (2.9s)
✔ [851/7677] Built Init.Data.Iterators.Combinators:c.o (221ms)
✔ [852/7677] Built Init.Data.Array.Bootstrap:c.o (337ms)
✔ [853/7677] Built Std.Do.WP.SimpLemmas:c.o (745ms)
✔ [854/7677] Built Std.Do.WP (187ms)
✔ [856/7677] Built Init.Data.List.Zip (2.3s)
✔ [858/7677] Built Std.Do.WP:c.o (160ms)
✔ [859/7677] Built Init.Data.List.SplitOn.Basic (593ms)
✔ [861/7677] Built Init.Data.List.Zip:c.o (426ms)
✔ [862/7677] Built Init.Data.List.SplitOn.Basic:c.o (386ms)
✔ [863/7677] Built Init.Data.List.Sublist (3.4s)
✔ [865/7677] Built Std.Do.Triple.Basic (668ms)
✔ [867/7677] Built Init.Data.List.Sublist:c.o (353ms)
✔ [868/7677] Built Init.Data.List.Impl (1.7s)
✔ [870/7677] Built Std.Do.Triple.Basic:c.o (409ms)
✔ [871/7677] Built Init.Data.List.Range (915ms)
✔ [873/7677] Built Init.Data.List.Count (1.1s)
✔ [875/7677] Built Init.Data.List.ControlImpl (268ms)
✔ [877/7677] Built Init.Data.List.Range:c.o (119ms)
✔ [878/7677] Built Init.Data.Nat.Lemmas (6.8s)
✔ [880/7677] Built Init.Data.List.ControlImpl:c.o (198ms)
✔ [881/7677] Built Lean.Data.AssocList (334ms)
✔ [883/7677] Built Init.Data.List.Count:c.o (173ms)
✔ [884/7677] Built Init.Data.Nat.Lemmas:c.o (568ms)
✔ [885/7677] Built Init.Data.List.Nat.Prod (316ms)
✔ [887/7677] Built Init.Data.List.Scan.Lemmas (1.1s)
✔ [889/7677] Built Init.Data.List.Nat.Count (1.2s)
✔ [891/7677] Built Init.Data.Range.Polymorphic.Instances (622ms)
✔ [893/7677] Built Init.Data.Nat.Power2.Lemmas (455ms)
✔ [895/7677] Built Init.Data.List.Attach (1.7s)
✔ [897/7677] Built Init.Data.List.Impl:c.o (2.3s)
✔ [898/7677] Built Init.Grind.Ordered.Module (741ms)
✔ [900/7677] Built Init.Data.Nat.Simproc (417ms)
✔ [902/7677] Built Init.Data.Int.Pow (407ms)
✔ [904/7677] Built Init.Data.Nat.Lcm (583ms)
✔ [906/7677] Built Init.Data.Nat.Sqrt.Lemmas (852ms)
✔ [908/7677] Built Init.Data.List.Nat.BEq (373ms)
✔ [910/7677] Built Init.Data.List.Nat.Prod:c.o (69ms)
✔ [911/7677] Built Std.Data.Iterators.Combinators.Monadic.TakeWhile (423ms)
✔ [913/7677] Built Std.Data.Iterators.Combinators.Monadic.DropWhile (470ms)
✔ [915/7677] Built Init.Data.Nat.Power2.Lemmas:c.o (70ms)
✔ [916/7677] Built Init.Data.Nat.PowMod (316ms)
✔ [918/7677] Built Init.Grind.Ordered.Module:c.o (77ms)
✔ [919/7677] Built Init.Data.List.Nat.Count:c.o (82ms)
✔ [920/7677] Built Init.Data.Range.Polymorphic.Instances:c.o (97ms)
✔ [921/7677] Built Init.Data.List.Scan.Lemmas:c.o (108ms)
✔ [922/7677] Built Init.Data.Nat.Simproc:c.o (72ms)
✔ [923/7677] Built Init.Data.Int.Pow:c.o (56ms)
✔ [924/7677] Built Init.Data.Nat.Lcm:c.o (94ms)
✔ [925/7677] Built Init.Data.List.Nat.BEq:c.o (66ms)
✔ [926/7677] Built Init.Data.List.Attach:c.o (219ms)
✔ [927/7677] Built Init.Data.Nat.Sqrt.Lemmas:c.o (76ms)
✔ [928/7677] Built Init.Data.List.Scan (119ms)
✔ [930/7677] Built Std.Data.Iterators.Combinators.Monadic.TakeWhile:c.o (294ms)
✔ [931/7677] Built Lean.Data.AssocList:c.o (595ms)
✔ [932/7677] Built Init.Data.Nat.PowMod:c.o (99ms)
✔ [933/7677] Built Init.Data.Range.Polymorphic.Int (290ms)
✔ [935/7677] Built Std.Data.Iterators.Combinators.Monadic.DropWhile:c.o (335ms)
✔ [936/7677] Built Init.GrindInstances.Nat (250ms)
✔ [938/7677] Built Init.Data.Range.Polymorphic.Nat (711ms)
✔ [940/7677] Built Init.Data.List.Int.Prod (350ms)
✔ [942/7677] Built Init.Data.List.Pairwise (1.4s)
✔ [944/7677] Built Init.Data.Nat.Div.Lemmas (1.7s)
✔ [946/7677] Built Init.Data.Nat.Sqrt (253ms)
✔ [948/7677] Built Init.Grind.Module.Envelope (2.5s)
✔ [950/7677] Built Init.Data.List.Monadic (2.6s)
✔ [952/7677] Built Std.Data.Iterators.Combinators.TakeWhile (147ms)
✔ [954/7677] Built Std.Data.Iterators.Combinators.DropWhile (347ms)
✔ [956/7677] Built Std.Data.Iterators.Combinators.Monadic (252ms)
✔ [958/7677] Built Init.Data.Array.DecidableEq (755ms)
✔ [960/7677] Built Init.Data.List.Scan:c.o (122ms)
✔ [961/7677] Built Init.Data.Range.Polymorphic.Int:c.o (174ms)
✔ [962/7677] Built Init.GrindInstances.Nat:c.o (116ms)
✔ [963/7677] Built Init.Data.List.Int.Prod:c.o (95ms)
✔ [964/7677] Built Init.Data.List.Pairwise:c.o (144ms)
✔ [965/7677] Built Init.Data.Nat.Div.Lemmas:c.o (173ms)
✔ [966/7677] Built Init.Data.Int.LemmasAux (2.8s)
✔ [968/7677] Built Init.Data.Range.Polymorphic.Nat:c.o (421ms)
✔ [969/7677] Built Init.Data.Nat.Sqrt:c.o (133ms)
✔ [970/7677] Built Std.Data.Iterators.Combinators.TakeWhile:c.o (164ms)
✔ [971/7677] Built Std.Data.Iterators.Combinators.DropWhile:c.o (102ms)
✔ [972/7677] Built Init.Grind.Module.Envelope:c.o (503ms)
✔ [973/7677] Built Std.Data.Iterators.Combinators.Monadic:c.o (90ms)
✔ [974/7677] Built Init.Data.Nat.Bitwise.Lemmas (2.7s)
✔ [976/7677] Built Init.Data.List.Monadic:c.o (789ms)
✔ [977/7677] Built Init.Data.Array.DecidableEq:c.o (311ms)
✔ [978/7677] Built Init.Data.Slice.Array.Basic (322ms)
✔ [980/7677] Built Init.Data.Int.LemmasAux:c.o (168ms)
✔ [981/7677] Built Init.Data.Nat.Div (275ms)
✔ [983/7677] Built Init.Grind.Module.OfNatModule (404ms)
✔ [985/7677] Built Init.Data.List.MinMax (1.0s)
✔ [987/7677] Built Std.Data.Iterators.Combinators (324ms)
✔ [989/7677] Built Init.Data.Nat.Bitwise.Lemmas:c.o (258ms)
✔ [990/7677] Built Init.Data.Range.Lemmas (1.2s)
✔ [992/7677] Built Init.Data.Nat.Div:c.o (160ms)
✔ [993/7677] Built Init.Grind.Module.OfNatModule:c.o (168ms)
✔ [994/7677] Built Init.Data.Fin.Lemmas (3.5s)
✔ [996/7677] Built Init.Data.List.MinMax:c.o (288ms)
✔ [997/7677] Built Init.Data.Slice.Array.Basic:c.o (961ms)
✔ [998/7677] Built Std.Data.Iterators.Combinators:c.o (107ms)
✔ [999/7677] Built Init.Data.Fin.Bitwise (307ms)
✔ [1001/7677] Built Init.Data.Nat.Bitwise (178ms)
✔ [1003/7677] Built Init.Data.Nat.Power2.Bitwise (473ms)
✔ [1005/7677] Built Init.Data.Range.Lemmas:c.o (281ms)
✔ [1006/7677] Built Init.Data.Order.Ord (2.3s)
✔ [1008/7677] Built Init.Data.List.Nat.Sum (751ms)
✔ [1010/7677] Built Lean.Elab.Tactic.Omega.MinNatAbs (889ms)
✔ [1012/7677] Built Init.Data.Fin.Bitwise:c.o (204ms)
✔ [1013/7677] Built Init.Data.Nat.Power2.Bitwise:c.o (419ms)
✔ [1014/7677] Built Init.Data.Range (191ms)
✔ [1016/7677] Built Init.Data.Nat.Bitwise:c.o (89ms)
✔ [1017/7677] Built Init.Data.Fin.Lemmas:c.o (931ms)
✔ [1018/7677] Built Init.Data.BitVec.Basic (2.4s)
✔ [1020/7677] Built Init.Data.Order.Ord:c.o (158ms)
✔ [1021/7677] Built Lean.Elab.Tactic.Omega.MinNatAbs:c.o (377ms)
✔ [1022/7677] Built Init.Data.List.Nat.Basic (1.9s)
✔ [1024/7677] Built Init.Data.List.Nat.Sum:c.o (218ms)
✔ [1025/7677] Built Init.Data.Fin.OverflowAware (596ms)
✔ [1027/7677] Built Init.Grind.Homo.Fin (382ms)
✔ [1029/7677] Built Init.Data.Range:c.o (161ms)
✔ [1030/7677] Built Init.Data.Nat.Power2 (372ms)
✔ [1032/7677] Built Init.Data.Fin.Fold (1.4s)
✔ [1034/7677] Built Init.Data.Order.FactoriesExtra (544ms)
✔ [1036/7677] Built Std.Data.Internal.Cut (489ms)
✔ [1038/7677] Built Init.Data.Fin.OverflowAware:c.o (163ms)
✔ [1039/7677] Built Init.Data.List.Nat.Basic:c.o (437ms)
✔ [1040/7677] Built Init.Grind.Homo.Fin:c.o (133ms)
✔ [1041/7677] Built Init.Data.Nat.Power2:c.o (197ms)
✔ [1042/7677] Built Init.Data.Stream (453ms)
✔ [1044/7677] Built Init.Data.Fin.Fold:c.o (566ms)
✔ [1045/7677] Built Init.Data.Float.Model.Unpacked.Sign (313ms)
✔ [1047/7677] Built Init.Data.BitVec.Bootstrap (1.2s)
✔ [1049/7677] Built Init.Data.Order.FactoriesExtra:c.o (185ms)
✔ [1050/7677] Built Init.Data.UInt.Basic (1.4s)
✔ [1052/7677] Built Std.Data.Internal.Cut:c.o (85ms)
✔ [1053/7677] Built Init.Data.List.Find (4.6s)
✔ [1055/7677] Built Init.Data.List.OfFn (417ms)
✔ [1057/7677] Built Init.Data.Stream:c.o (374ms)
✔ [1058/7677] Built Init.Data.BitVec.Bootstrap:c.o (94ms)
✔ [1059/7677] Built Init.Data.Float.Model.Unpacked.Sign:c.o (224ms)
✔ [1060/7677] Built Init.Data.Order.LemmasExtra (555ms)
✔ [1062/7677] Built Init.Data.BitVec.Basic:c.o (3.9s)
✔ [1063/7677] Built Init.Data.Int.DivMod.Lemmas (10s)
✔ [1065/7677] Built Init.Data.Iterators.Consumers.Stream (199ms)
✔ [1067/7677] Built Init.Data.Order.Opposite (816ms)
✔ [1069/7677] Built Init.Data.List.OfFn:c.o (166ms)
✔ [1070/7677] Built Init.Data.List.Find:c.o (377ms)
✔ [1071/7677] Built Init.Data.Hashable (244ms)
✔ [1073/7677] Built Init.Data.BitVec.Decidable (283ms)
✔ [1075/7677] Built Init.Data.UInt.Basic:c.o (1.1s)
✔ [1076/7677] Built Init.Data.Order.LemmasExtra:c.o (137ms)
✔ [1077/7677] Built Init.Data.Iterators.Consumers.Stream:c.o (144ms)
✔ [1078/7677] Built Init.ShareCommon (379ms)
✔ [1080/7677] Built Init.Data.List.FinRange (638ms)
✔ [1082/7677] Built Init.Data.Order.Opposite:c.o (223ms)
✔ [1083/7677] Built Lean.Meta.TransparencyMode (1.4s)
✔ [1085/7677] Built Init.Data.BitVec.Decidable:c.o (382ms)
✔ [1086/7677] Built Init.Data.Hashable:c.o (467ms)
✔ [1087/7677] Built Init.Data.Int.DivMod.Lemmas:c.o (1.9s)
✔ [1088/7677] Built Init.Data.Iterators.Consumers (202ms)
✔ [1090/7677] Built Init.Data.List.Erase (2.2s)
✔ [1092/7677] Built Init.Data.Int.DivMod.Pow (249ms)
✔ [1094/7677] Built Init.Data.Int.Bitwise.Lemmas (672ms)
✔ [1096/7677] Built Init.Data.List.Nat.TakeDrop (3.4s)
✔ [1098/7677] Built Init.Data.Int.Gcd (1.4s)
✔ [1100/7677] Built Init.Data.Int.OfNat (520ms)
✔ [1102/7677] Built Init.Data.List.FinRange:c.o (180ms)
✔ [1103/7677] Built Init.Data.List.Int.Sum (374ms)
✔ [1105/7677] Built Init.Data.Order.PackageFactories (2.7s)
✔ [1107/7677] Built Init.ShareCommon:c.o (340ms)
✔ [1108/7677] Built Init.Data.Iterators.Consumers:c.o (79ms)
✔ [1109/7677] Built Lean.Meta.TransparencyMode:c.o (135ms)
✔ [1110/7677] Built Init.Data.Int.DivMod.Pow:c.o (145ms)
✔ [1111/7677] Built Init.Data.List.Nat.TakeDrop:c.o (143ms)
✔ [1112/7677] Built Init.Data.List.Erase:c.o (241ms)
✔ [1113/7677] Built Init.Grind.Ring.Basic (1.0s)
✔ [1115/7677] Built Init.Data.Int.Bitwise.Lemmas:c.o (187ms)
✔ [1116/7677] Built Init.Data.Order.MinMaxOn (444ms)
✔ [1118/7677] Built Init.Data.Int.OfNat:c.o (107ms)
✔ [1119/7677] Built Init.Data.List.Int.Sum:c.o (80ms)
✔ [1120/7677] Built Init.Data.Int.Gcd:c.o (215ms)
✔ [1121/7677] Built Std.Data.Iterators.Producers.Monadic.Array (301ms)
✔ [1123/7677] Built Init.Data.Iterators.Producers.Monadic.List (413ms)
✔ [1125/7677] Built Std.Data.DHashMap.Internal.AssocList.Iterator (413ms)
✔ [1127/7677] Built Init.Data.Int.DivMod (233ms)
✔ [1129/7677] Built Init.Grind.Homo.Extra (325ms)
✔ [1131/7677] Built Init.Data.Int.Bitwise (226ms)
✔ [1133/7677] Built Init.Data.List.Perm (1.7s)
✔ [1135/7677] Built Init.Data.List.Nat.Erase (1.3s)
✔ [1137/7677] Built Init.Data.List.Nat.Pairwise (505ms)
✔ [1139/7677] Built Init.Data.Nat.Fold (2.9s)
✔ [1141/7677] Built Init.Data.List.Nat.Range (2.1s)
✔ [1143/7677] Built Init.Data.List.Nat.Sublist (957ms)
✔ [1145/7677] Built Init.Data.List.Sort.Basic (732ms)
✔ [1147/7677] Built Init.Data.Int.Cooper (720ms)
✔ [1149/7677] Built Init.Data.List.Int (255ms)
✔ [1151/7677] Built Init.Data.Order.MinMaxOn:c.o (197ms)
✔ [1152/7677] Built Init.Grind.Ring.Basic:c.o (974ms)
✔ [1153/7677] Built Init.Data.Int.Package (229ms)
✔ [1155/7677] Built Init.Data.Nat.Package (178ms)
✔ [1157/7677] Built Init.Data.Fin.Package (464ms)
✔ [1159/7677] Built Init.Data.List.Lex (1.7s)
✔ [1161/7677] Built Std.Data.Iterators.Producers.Monadic.Array:c.o (289ms)
✔ [1162/7677] Built Init.Data.Int.DivMod:c.o (71ms)
✔ [1163/7677] Built Init.Grind.Homo.Extra:c.o (94ms)
✔ [1164/7677] Built Init.Data.Int.Bitwise:c.o (56ms)
✔ [1165/7677] Built Std.Data.DHashMap.Internal.AssocList.Iterator:c.o (329ms)
✔ [1166/7677] Built Init.Data.List.Nat.Erase:c.o (62ms)
✔ [1167/7677] Built Init.Data.List.Nat.Pairwise:c.o (99ms)
✔ [1168/7677] Built Init.Data.Iterators.Producers.Monadic.List:c.o (313ms)
✔ [1169/7677] Built Init.Data.List.Nat.Range:c.o (112ms)
✔ [1170/7677] Built Init.Data.List.Nat.Sublist:c.o (101ms)
✔ [1171/7677] Built Init.Data.List.Perm:c.o (209ms)
✔ [1172/7677] Built Init.GrindInstances.Ring.Int (285ms)
✔ [1174/7677] Built Init.Data.Order.PackageFactories:c.o (5.1s)
✔ [1175/7677] Built Init.GrindInstances.Ring.Fin (634ms)
✔ [1177/7677] Built Init.Data.Nat.Fold:c.o (1.0s)
✔ [1178/7677] Built Init.Grind.Lemmas (703ms)
✔ [1180/7677] Built Init.Grind.Ordered.Ring (979ms)
✔ [1182/7677] Built Init.Data.Order (162ms)
✔ [1184/7677] Built Init.Data.Int.Cooper:c.o (368ms)
✔ [1185/7677] Built Init.Grind.Ring.Field (650ms)
✔ [1187/7677] Built Init.Data.List.Int:c.o (72ms)
✔ [1188/7677] Built Init.Data.List.Sort.Basic:c.o (620ms)
✔ [1189/7677] Built Init.Data.Int.Package:c.o (78ms)
✔ [1190/7677] Built Init.Data.Nat.Package:c.o (113ms)
✔ [1191/7677] Built Init.Data.Iterators.Producers.Monadic (120ms)
✔ [1193/7677] Built Init.Data.Fin.Package:c.o (207ms)
✔ [1194/7677] Built Std.Data.Iterators.Producers.Array (193ms)
✔ [1196/7677] Built Init.Data.List.Lex:c.o (247ms)
✔ [1197/7677] Built Init.Data.Iterators.Producers.List (298ms)
✔ [1199/7677] Built Init.GrindInstances.Ring.Int:c.o (204ms)
✔ [1200/7677] Built Init.Data.List.Nat.Perm (656ms)
✔ [1202/7677] Built Init.GrindInstances.Ring.Fin:c.o (319ms)
✔ [1203/7677] Built Init.Data.List.Nat.Find (604ms)
✔ [1205/7677] Built Init.Grind.Lemmas:c.o (100ms)
✔ [1206/7677] Built Init.Data.List.MinMaxOn (1.4s)
✔ [1208/7677] Built Init.Grind.Ordered.Ring:c.o (193ms)
✔ [1209/7677] Built Init.Data.Order:c.o (271ms)
✔ [1210/7677] Built Init.Grind.Ring.Field:c.o (238ms)
✔ [1211/7677] Built Init.Data.Iterators.Producers.Monadic:c.o (100ms)
✔ [1212/7677] Built Init.Data.Fin (322ms)
✔ [1214/7677] Built Init.Data.Iterators.Producers.List:c.o (103ms)
✔ [1215/7677] Built Std.Data.Iterators.Producers.Array:c.o (233ms)
✔ [1216/7677] Built Init.Data.List.Nat.Find:c.o (129ms)
✔ [1217/7677] Built Init.Data.List.Nat.Modify (1.8s)
✔ [1219/7677] Built Init.Data.List.Nat.Perm:c.o (210ms)
✔ [1220/7677] Built Init.GrindInstances.Ring.Nat (479ms)
✔ [1222/7677] Built Init.Grind.Ordered.Int (505ms)
✔ [1224/7677] Built Init.Grind.Order (991ms)
✔ [1226/7677] Built Init.Data.List.MinMaxOn:c.o (673ms)
✔ [1227/7677] Built Init.Grind.Ring.OfScientific (237ms)
✔ [1229/7677] Built Init.Data.Fin:c.o (259ms)
✔ [1230/7677] Built Init.Data.List.Sort.Lemmas (3.1s)
✔ [1232/7677] Built Init.Data.Iterators.Producers (404ms)
✔ [1234/7677] Built Init.Data.List.Nat.Modify:c.o (277ms)
✔ [1235/7677] Built Init.GrindInstances.Ring.Nat:c.o (123ms)
✔ [1236/7677] Built Init.Grind.Ordered.Field (1.3s)
✔ [1238/7677] Built Init.Grind.Ordered.Int:c.o (195ms)
✔ [1239/7677] Built Init.Grind.Ring.OfScientific:c.o (173ms)
✔ [1240/7677] Built Init.Grind.Order:c.o (199ms)
✔ [1241/7677] Built Init.Data.List.Sort.Lemmas:c.o (400ms)
✔ [1242/7677] Built Init.Grind.Ring.Envelope (3.4s)
✔ [1244/7677] Built Init.Data.List.Nat.InsertIdx (1.4s)
✔ [1246/7677] Built Init.Data.Iterators.Producers:c.o (159ms)
✔ [1247/7677] Built Init.Grind.Ordered.Field:c.o (207ms)
✔ [1248/7677] Built Init.Data.List.SplitOn.Lemmas (1.3s)
✔ [1250/7677] Built Init.Data.List.Nat.InsertIdx:c.o (135ms)
✔ [1251/7677] Built Init.Data.List.SplitOn.Lemmas:c.o (155ms)
✔ [1252/7677] Built Init.Data.List.Nat (251ms)
✔ [1254/7677] Built Init.Grind.Ring.Envelope:c.o (780ms)
✔ [1255/7677] Built Init.Data.List.MinMaxIdx (2.9s)
✔ [1257/7677] Built Init.Data.List.SplitOn (275ms)
✔ [1259/7677] Built Init.Data.List.Nat:c.o (203ms)
✔ [1260/7677] Built Init.Data.List.SplitOn:c.o (92ms)
✔ [1261/7677] Built Init.Data.List.MinMaxIdx:c.o (727ms)
✔ [1262/7677] Built Init.Data.Int.Linear (7.4s)
✔ [1264/7677] Built Init.Data.List.Sort.Impl (2.9s)
✔ [1266/7677] Built Init.Data.List.Sort (99ms)
✔ [1268/7677] Built Init.Data.List.Sort:c.o (53ms)
✔ [1269/7677] Built Init.Data.List.ToArray (2.4s)
✔ [1271/7677] Built Init.Data.List.Sort.Impl:c.o (897ms)
✔ [1272/7677] Built Init.Data.List.ToArray:c.o (648ms)
✔ [1273/7677] Built Init.Data.Array.InsertIdx (756ms)
✔ [1275/7677] Built Init.Data.Array.InsertIdx:c.o (78ms)
✔ [1276/7677] Built Init.Data.Int.Linear:c.o (2.2s)
✔ [1277/7677] Built Init.Data.Array.Lemmas (4.9s)
✔ [1279/7677] Built Std.Internal.ForIn.Basic (239ms)
✔ [1281/7677] Built Init.Data.Option.Array (543ms)
✔ [1283/7677] Built Init.Data.Array.Lemmas:c.o (1.1s)
✔ [1284/7677] Built Init.Data.Array.TakeDrop (394ms)
✔ [1286/7677] Built Init.Data.ByteArray.Basic (1.9s)
✔ [1288/7677] Built Init.Data.Array.Count (1.3s)
✔ [1290/7677] Built Init.Data.Array.Zip (1.6s)
✔ [1292/7677] Built Init.Data.Array.Perm (787ms)
✔ [1294/7677] Built Std.Internal.ForIn.Basic:c.o (320ms)
✔ [1295/7677] Built Init.Data.Option.Array:c.o (279ms)
✔ [1296/7677] Built Init.Data.Iterators.Lemmas.Consumers.Monadic.Collect (1.1s)
✔ [1298/7677] Built Init.Data.Array.TakeDrop:c.o (196ms)
✔ [1299/7677] Built Init.Data.Array.MinMax (1.4s)
✔ [1301/7677] Built Init.Data.Array.Count:c.o (99ms)
✔ [1302/7677] Built Init.Data.Array.Zip:c.o (409ms)
✔ [1303/7677] Built Init.Data.Array.Perm:c.o (220ms)
✔ [1304/7677] Built Init.Data.Iterators.Lemmas.Consumers.Monadic.Collect:c.o (256ms)
✔ [1305/7677] Built Init.Data.Array.Erase (1.8s)
✔ [1307/7677] Built Init.Data.Array.MinMax:c.o (120ms)
✔ [1308/7677] Built Init.Data.ByteArray.Basic:c.o (1.0s)
✔ [1309/7677] Built Init.Data.String.PosRaw (798ms)
✔ [1311/7677] Built Init.Data.Iterators.Lemmas.Producers.Monadic.List (581ms)
✔ [1313/7677] Built Init.Data.Iterators.Lemmas.Consumers.Collect (1.0s)
✔ [1315/7677] Built Init.Data.Iterators.Lemmas.Combinators.Monadic.Append (866ms)
✔ [1317/7677] Built Init.Data.Iterators.Lemmas.Combinators.Monadic.Take (884ms)
✔ [1319/7677] Built Init.Data.Array.Attach (2.5s)
✔ [1321/7677] Built Init.Data.Array.Int (446ms)
✔ [1323/7677] Built Init.Data.Array.Nat (408ms)
✔ [1325/7677] Built Init.Data.Array.Erase:c.o (196ms)
✔ [1326/7677] Built Init.Data.Iterators.Lemmas.Consumers.Monadic.Loop (2.8s)
✔ [1328/7677] Built Init.Data.String.PosRaw:c.o (325ms)
✔ [1329/7677] Built Init.Data.Iterators.Lemmas.Consumers.Collect:c.o (241ms)
✔ [1330/7677] Built Init.Data.Iterators.Lemmas.Producers.Monadic.List:c.o (199ms)
✔ [1331/7677] Built Init.Data.Array.Int:c.o (69ms)
✔ [1332/7677] Built Init.Data.Array.Nat:c.o (55ms)
✔ [1333/7677] Built Init.Data.Array.Attach:c.o (208ms)
✔ [1334/7677] Built Init.Data.Iterators.Lemmas.Combinators.Monadic.Append:c.o (223ms)
✔ [1335/7677] Built Init.Data.Iterators.Lemmas.Combinators.Monadic.Take:c.o (298ms)
✔ [1336/7677] Built Init.Data.Iterators.Lemmas.Producers.Monadic (149ms)
✔ [1338/7677] Built Init.Data.Iterators.Lemmas.Producers.List (192ms)
✔ [1340/7677] Built Init.Data.Iterators.Lemmas.Consumers.Monadic.Loop:c.o (608ms)
✔ [1341/7677] Built Init.Data.Iterators.Lemmas.Combinators.Take (638ms)
✔ [1343/7677] Built Init.Data.Iterators.Lemmas.Consumers.Monadic (159ms)
✔ [1345/7677] Built Init.Data.Iterators.Lemmas.Combinators.Append (863ms)
✔ [1347/7677] Built Init.Data.Iterators.Lemmas.Combinators.Monadic.Attach (679ms)
✔ [1349/7677] Built Init.Data.Array.Monadic (1.5s)
✔ [1351/7677] Built Init.Data.Iterators.Lemmas.Combinators.Monadic.ULift (781ms)
✔ [1353/7677] Built Init.Data.Option.Attach (1.1s)
✔ [1355/7677] Built Init.Data.Iterators.Lemmas.Producers.List:c.o (64ms)
✔ [1356/7677] Built Init.Data.Iterators.Lemmas.Producers.Monadic:c.o (74ms)
✔ [1357/7677] Built Init.Data.Iterators.Lemmas.Consumers.Monadic:c.o (110ms)
✔ [1358/7677] Built Init.Data.Iterators.Lemmas.Combinators.Append:c.o (255ms)
✔ [1359/7677] Built Init.Data.Iterators.Lemmas.Combinators.Take:c.o (419ms)
✔ [1360/7677] Built Init.Data.Iterators.Lemmas.Combinators.Monadic.Attach:c.o (322ms)
✔ [1361/7677] Built Init.Data.Array.Monadic:c.o (320ms)
✔ [1362/7677] Built Init.Data.Iterators.Lemmas.Combinators.Monadic.ULift:c.o (215ms)
✔ [1363/7677] Built Init.Data.Iterators.Lemmas.Producers (252ms)
✔ [1365/7677] Built Std.Data.Iterators.Lemmas.Producers.Repeat (310ms)
✔ [1367/7677] Built Init.Data.Option.Attach:c.o (381ms)
✔ [1368/7677] Built Std.Data.Iterators.Lemmas.Combinators.Monadic.Drop (654ms)
✔ [1370/7677] Built Std.Data.Iterators.Lemmas.Combinators.Monadic.DropWhile (1.1s)
✔ [1372/7677] Built Init.Data.Array.Extract (10s)
✔ [1374/7677] Built Std.Data.Iterators.Lemmas.Combinators.Monadic.Zip (932ms)
✔ [1376/7677] Built Std.Data.Iterators.Lemmas.Producers.Monadic.Empty (299ms)
✔ [1378/7677] Built Init.Data.Option (346ms)
✔ [1380/7677] Built Init.Data.Array.OfFn (627ms)
✔ [1382/7677] Built Init.Data.Iterators.Lemmas.Consumers.Loop (4.0s)
✔ [1384/7677] Built Init.Data.Iterators.Lemmas.Producers:c.o (175ms)
✔ [1385/7677] Built Std.Data.Iterators.Lemmas.Producers.Repeat:c.o (190ms)
✔ [1386/7677] Built Std.Data.Iterators.Lemmas.Combinators.Monadic.Drop:c.o (351ms)
✔ [1387/7677] Built Init.Data.List.MapIdx (4.2s)
✔ [1389/7677] Built Std.Data.Iterators.Lemmas.Combinators.Monadic.DropWhile:c.o (555ms)
✔ [1390/7677] Built Init.Data.Array.Extract:c.o (216ms)
✔ [1391/7677] Built Std.Data.Iterators.Lemmas.Combinators.Monadic.Zip:c.o (809ms)
✔ [1392/7677] Built Init.Data.Option:c.o (206ms)
✔ [1393/7677] Built Init.Data.Array.OfFn:c.o (319ms)
✔ [1394/7677] Built Std.Data.Iterators.Lemmas.Producers.Monadic.Empty:c.o (801ms)
✔ [1395/7677] Built Init.Data.Range.Polymorphic.RangeIterator (8.4s)
✔ [1397/7677] Built Init.Data.List.MapIdx:c.o (541ms)
✔ [1398/7677] Built Init.Data.Iterators.Lemmas.Consumers.Loop:c.o (1.0s)
✔ [1399/7677] Built Std.Data.Iterators.Lemmas.Combinators.Drop (954ms)
✔ [1401/7677] Built Init.Data.Array.FinRange (944ms)
✔ [1403/7677] Built Init.Data.ByteArray.Lemmas (2.0s)
✔ [1405/7677] Built Init.Data.Iterators.Lemmas.Combinators.Monadic.FilterMap (9.1s)
✔ [1407/7677] Built Init.Data.Iterators.Lemmas.Combinators.ULift (993ms)
✔ [1409/7677] Built Init.Data.Iterators.Lemmas.Consumers (300ms)
✔ [1411/7677] Built Init.Data.List (391ms)
✔ [1413/7677] Built Init.Data.Iterators.Lemmas.Combinators.Attach (387ms)
✔ [1415/7677] Built Std.Data.Iterators.Lemmas.Combinators.Zip (2.8s)
✔ [1417/7677] Built Std.Data.Iterators.Lemmas.Combinators.Drop:c.o (306ms)
✔ [1418/7677] Built Init.Data.Array.FinRange:c.o (195ms)
✔ [1419/7677] Built Init.Data.ByteArray.Lemmas:c.o (179ms)
✔ [1420/7677] Built Init.Data.Iterators.Lemmas.Combinators.ULift:c.o (384ms)
✔ [1421/7677] Built Init.Data.Iterators.Lemmas.Consumers:c.o (173ms)
✔ [1422/7677] Built Init.Data.Iterators.Lemmas.Combinators.Attach:c.o (205ms)
✔ [1423/7677] Built Init.Data.Range.Polymorphic.RangeIterator:c.o (2.2s)
✔ [1424/7677] Built Init.Data.Iterators.Lemmas.Combinators.Monadic.FilterMap:c.o (1.7s)
✔ [1425/7677] Built Init.Data.Array.MapIdx (2.4s)
✔ [1427/7677] Built Init.Data.List:c.o (324ms)
✔ [1428/7677] Built Init.Data.Range.Polymorphic.Iterators (1.9s)
✔ [1430/7677] Built Std.Data.Iterators.Lemmas.Combinators.Zip:c.o (809ms)
✔ [1431/7677] Built Std.Data.Iterators.Lemmas.Producers.Empty (339ms)
✔ [1433/7677] Built Init.Data.String.Defs (1.7s)
✔ [1435/7677] Built Init.Data.Slice.InternalLemmas (394ms)
✔ [1437/7677] Built Init.Data.Array.MapIdx:c.o (295ms)
✔ [1438/7677] Built Std.Data.Iterators.Lemmas.Combinators.DropWhile (1.6s)
✔ [1440/7677] Built Std.Data.Iterators.Lemmas.Producers.Empty:c.o (150ms)
✔ [1441/7677] Built Init.Data.Iterators.Lemmas.Combinators.Monadic.FlatMap (2.8s)
✔ [1443/7677] Built Init.Data.String.Defs:c.o (977ms)
✔ [1444/7677] Built Init.Data.Slice.InternalLemmas:c.o (272ms)
✔ [1445/7677] Built Init.Data.Range.Polymorphic.Iterators:c.o (2.6s)
✔ [1446/7677] Built Init.Data.Array.Range (1.4s)
✔ [1448/7677] Built Init.Data.Iterators.Lemmas.Combinators.FilterMap (5.5s)
✔ [1450/7677] Built Init.Data.Array.Lex.Basic (852ms)
✔ [1452/7677] Built Init.Data.Array.Find (2.9s)
✔ [1454/7677] Built Lean.Data.Array (708ms)
✔ [1456/7677] Built Init.Data.Range.Polymorphic.Stream (291ms)
✔ [1458/7677] Built Std.Data.Iterators.Producers.Range (449ms)
✔ [1460/7677] Built Std.Data.Iterators.Lemmas.Combinators.DropWhile:c.o (476ms)
✔ [1461/7677] Built Init.Data.ByteArray.Extra (513ms)
✔ [1463/7677] Built Init.Data.String.Hashable (314ms)
✔ [1465/7677] Built Init.Data.Vector.Basic (3.6s)
✔ [1467/7677] Built Init.Data.Int.Repr (340ms)
✔ [1469/7677] Built Init.Data.String.ToSlice (257ms)
✔ [1471/7677] Built Lean.Data.PersistentArray (1.8s)
✔ [1473/7677] Built Init.Grind.PP (337ms)
✔ [1475/7677] Built Lean.Data.PersistentHashMap (2.0s)
✔ [1477/7677] Built Init.Data.Iterators.Lemmas.Combinators.Monadic.FlatMap:c.o (387ms)
✔ [1478/7677] Built Init.Data.String.OrderInstances (935ms)
✔ [1480/7677] Built Init.Data.Array.Range:c.o (228ms)
✔ [1481/7677] Built Init.Data.Array.Lex.Basic:c.o (259ms)
✔ [1482/7677] Built Init.Data.Slice.Lemmas (487ms)
✔ [1484/7677] Built Init.Data.Array.Find:c.o (225ms)
✔ [1485/7677] Built Init.Data.Range.Polymorphic.Stream:c.o (215ms)
✔ [1486/7677] Built Init.Data.Iterators.Lemmas.Combinators.FilterMap:c.o (1.1s)
✔ [1487/7677] Built Std.Data.Iterators.Producers.Range:c.o (319ms)
✔ [1488/7677] Built Init.Data.String.Hashable:c.o (113ms)
✔ [1489/7677] Built Lean.Data.Array:c.o (904ms)
✔ [1490/7677] Built Init.Data.ByteArray.Extra:c.o (253ms)
✔ [1491/7677] Built Init.Data.String.ToSlice:c.o (130ms)
✔ [1492/7677] Built Init.Data.Int.Repr:c.o (271ms)
✔ [1493/7677] Built Init.Grind.PP:c.o (146ms)
✔ [1494/7677] Built Init.Data.Iterators.Lemmas.Combinators.Monadic (300ms)
✔ [1496/7677] Built Std.Data.Internal.List.Associative (24s)
✔ [1498/7677] Built Init.Data.String.OrderInstances:c.o (264ms)
✔ [1499/7677] Built Init.Data.Vector.Basic:c.o (2.6s)
✔ [1500/7677] Built Init.Data.Slice.Lemmas:c.o (103ms)
✔ [1501/7677] Built Init.Data.ByteArray (200ms)
✔ [1503/7677] Built Init.Data.Iterators.Lemmas.Combinators.FlatMap (1.5s)
✔ [1505/7677] Built Init.Data.Vector.Stream (207ms)
✔ [1507/7677] Built Std.Data.Iterators.Producers.Vector (295ms)
✔ [1509/7677] Built Lean.Data.PersistentArray:c.o (3.3s)
✔ [1510/7677] Built Lean.Data.PersistentHashMap:c.o (2.9s)
✔ [1511/7677] Built Std.Data.Iterators.Producers.Monadic.Vector (379ms)
✔ [1513/7677] Built Init.Data.ToString.Extra (227ms)
✔ [1515/7677] Built Init.Data.Range.Polymorphic.Lemmas (11s)
✔ [1517/7677] Built Init.Grind.Ordered.Linarith (3.1s)
✔ [1519/7677] Built Init.Data.Float.Model.Unpacked.Basic (563ms)
✔ [1521/7677] Built Init.Data.Array.QSort.Basic (4.3s)
✔ [1523/7677] Built Init.Data.Iterators.Lemmas.Combinators.Monadic:c.o (102ms)
✔ [1524/7677] Built Std.Time.Internal.Bounded (1.7s)
✔ [1526/7677] Built Lean.Data.PersistentHashSet (359ms)
✔ [1528/7677] Built Init.Data.ByteArray:c.o (180ms)
✔ [1529/7677] Built Std.Data.Iterators.Lemmas.Producers.Slice (560ms)
✔ [1531/7677] Built Init.Data.Vector.Stream:c.o (238ms)
✔ [1532/7677] Built Init.Data.Iterators.Lemmas.Combinators.FlatMap:c.o (716ms)
✔ [1533/7677] Built Std.Data.Iterators.Producers.Vector:c.o (320ms)
✔ [1534/7677] Built Std.Data.Iterators.Producers.Monadic.Vector:c.o (227ms)
✔ [1535/7677] Built Init.Data.ToString.Extra:c.o (438ms)
✔ [1536/7677] Built Init.Data.Range.Polymorphic.Lemmas:c.o (890ms)
✔ [1537/7677] Built Init.Data.Float.Model.Unpacked.Basic:c.o (429ms)
✔ [1538/7677] Built Std.Data.Internal.List.Associative:c.o (3.1s)
✔ [1539/7677] Built Init.Data.Array.QSort.Basic:c.o (873ms)
✔ [1540/7677] Built Std.Data.DHashMap.Internal.AssocList.Lemmas (1.7s)
✔ [1542/7677] Built Init.Grind.Ring.CommSolver (9.2s)
✔ [1544/7677] Built Init.Grind.Ordered.Linarith:c.o (3.7s)
✔ [1545/7677] Built Std.Time.Internal.Bounded:c.o (2.2s)
✔ [1546/7677] Built Lean.Data.PersistentHashSet:c.o (350ms)
✔ [1547/7677] Built Init.Data.Iterators.Lemmas.Combinators (178ms)
✔ [1549/7677] Built Std.Data.DTreeMap.Internal.Cell (487ms)
✔ [1551/7677] Built Std.Data.Iterators.Lemmas.Producers.Slice:c.o (76ms)
✔ [1552/7677] Built Std.Data.Iterators.Producers.Monadic (188ms)
✔ [1554/7677] Built Init.Data.Vector.Lemmas (10s)
✔ [1556/7677] Built Init.Data.Slice.List.Iterator (330ms)
✔ [1558/7677] Built Init.Data.Int.ToString (144ms)
✔ [1560/7677] Built Std.Data.ByteSlice (772ms)
✔ [1562/7677] Built Init.Data.Slice.Array.Iterator (491ms)
✔ [1564/7677] Built Init.Data.Rat.Basic (942ms)
✔ [1566/7677] Built Std.Data.Iterators.Lemmas.Producers.Range (1.1s)
✔ [1568/7677] Built Init.Data.SInt.Basic (1.0s)
✔ [1570/7677] Built Init.Data.Float.Model.Unpacked.Operations.Status (343ms)
✔ [1572/7677] Built Init.Data.Float.Model.Unpacked.Operations.Sign (351ms)
✔ [1574/7677] Built Init.Grind.Module.NatModuleNorm (1.3s)
✔ [1576/7677] Built Init.Data.Float.Model.Unpacked.Round (609ms)
✔ [1578/7677] Built Init.Data.Float.Model.Unpacked.Operations.Compare (647ms)
✔ [1580/7677] Built Init.Data.Array.QSort (440ms)
✔ [1582/7677] Built Std.Internal.ForIn.Lemmas (2.9s)
✔ [1584/7677] Built Std.Data.DHashMap.Internal.AssocList.Lemmas:c.o (768ms)
✔ [1585/7677] Built Init.Data.Iterators.Lemmas.Combinators:c.o (159ms)
✔ [1586/7677] Built Std.Data.Iterators.Producers.Monadic:c.o (110ms)
✔ [1587/7677] Built Std.Data.DTreeMap.Internal.Cell:c.o (558ms)
✔ [1588/7677] Built Init.Data.Vector.Lemmas:c.o (446ms)
✔ [1589/7677] Built Init.Data.Slice.List.Iterator:c.o (1.4s)
✔ [1590/7677] Built Init.Data.Int.ToString:c.o (242ms)
✔ [1591/7677] Built Std.Data.ByteSlice:c.o (1.2s)
✔ [1592/7677] Built Init.Data.Slice.Array.Iterator:c.o (687ms)
✔ [1593/7677] Built Std.Data.Iterators.Lemmas.Producers.Range:c.o (99ms)
✔ [1594/7677] Built Init.Data.Range.Polymorphic.IntLemmas (6.7s)
✔ [1596/7677] Built Init.Data.Float.Model.Unpacked.Operations.Status:c.o (155ms)
✔ [1597/7677] Built Init.Data.Float.Model.Unpacked.Operations.Sign:c.o (222ms)
✔ [1598/7677] Built Init.Data.Rat.Basic:c.o (2.1s)
✔ [1599/7677] Built Init.Grind.Module.NatModuleNorm:c.o (821ms)
✔ [1600/7677] Built Init.Data.Float.Model.Unpacked.Round:c.o (336ms)
✔ [1601/7677] Built Init.Data.Range.Polymorphic.NatLemmas (7.8s)
✔ [1603/7677] Built Init.Data.Float.Model.Unpacked.Operations.Compare:c.o (205ms)
✔ [1604/7677] Built Init.Data.SInt.Basic:c.o (1.9s)
✔ [1605/7677] Built Init.Data.Array.QSort:c.o (75ms)
✔ [1606/7677] Built Std.Internal.ForIn.Lemmas:c.o (94ms)
✔ [1607/7677] Built Init.Data.Iterators.Lemmas (154ms)
✔ [1609/7677] Built Std.Data.Iterators.Producers (142ms)
✔ [1611/7677] Built Init.Data.Vector.DecidableEq (487ms)
✔ [1613/7677] Built Lean.Meta.Sym.Arith.Poly (998ms)
✔ [1615/7677] Built Init.Grind.Ring.CommSemiringAdapter (1.4s)
✔ [1617/7677] Built Init.Data.Vector.Nat (448ms)
✔ [1619/7677] Built Init.Data.Slice.List.Lemmas (1.6s)
✔ [1621/7677] Built Init.Data.Vector.InsertIdx (1.1s)
✔ [1623/7677] Built Init.Data.Vector.Int (205ms)
✔ [1625/7677] Built Init.Data.Ord.Vector (453ms)
✔ [1627/7677] Built Init.Data.Vector.Zip (1.0s)
✔ [1629/7677] Built Init.Data.Vector.Erase (1.1s)
✔ [1631/7677] Built Init.Data.Vector.Count (978ms)
✔ [1633/7677] Built Init.Data.Int (312ms)
✔ [1635/7677] Built Std.Time.Internal.UnitVal (508ms)
✔ [1637/7677] Built Init.Data.Vector.Perm (1.6s)
✔ [1639/7677] Built Init.Grind.Ring.CommSolver:c.o (9.5s)
✔ [1640/7677] Built Init.Data.Range.Polymorphic.IntLemmas:c.o (95ms)
✔ [1641/7677] Built Init.Data.Vector.Attach (1.8s)
✔ [1643/7677] Built Std.Data.DTreeMap.Internal.Def (371ms)
✔ [1645/7677] Built Init.Grind.Module (220ms)
✔ [1647/7677] Built Init.Data.Float.Model.Unpacked.Operations.ToNat (313ms)
✔ [1649/7677] Built Init.Data.Float.Model.Unpacked.Operations.OfNat (248ms)
✔ [1651/7677] Built Init.Data.Float.Model.Unpacked.Operations.Fma (276ms)
✔ [1653/7677] Built Init.Data.Float.Model.Unpacked.Operations.Div (288ms)
✔ [1655/7677] Built Init.Data.Float.Model.Unpacked.Operations.Sqrt (245ms)
✔ [1657/7677] Built Init.Data.Float.Model.Unpacked.Operations.Mul (297ms)
✔ [1659/7677] Built Init.Data.Float.Model.Unpacked.Operations.Sub (399ms)
✔ [1661/7677] Built Init.Data.Range.Polymorphic.NatLemmas:c.o (116ms)
✔ [1662/7677] Built Init.Data.Float.Model.Unpacked.Operations.Add (372ms)
✔ [1664/7677] Built Init.Data.Float.Model.Unpacked.Operations.MinMax (294ms)
✔ [1666/7677] Built Init.Data.Iterators.Lemmas:c.o (154ms)
✔ [1667/7677] Built Std.Internal.ForIn (209ms)
✔ [1669/7677] Built Init.Data.Vector.DecidableEq:c.o (131ms)
✔ [1670/7677] Built Std.Data.Iterators.Producers:c.o (183ms)
✔ [1671/7677] Built Init.Data.Vector.Nat:c.o (88ms)
✔ [1672/7677] Built Init.Data.Rat.Lemmas (2.1s)
✔ [1674/7677] Built Init.Data.Vector.InsertIdx:c.o (77ms)
✔ [1675/7677] Built Init.Data.Slice.List.Lemmas:c.o (170ms)
✔ [1676/7677] Built Init.Data.Vector.Int:c.o (73ms)
✔ [1677/7677] Built Init.Data.Ord.Vector:c.o (95ms)
✔ [1678/7677] Built Init.Data.Vector.Erase:c.o (71ms)
✔ [1679/7677] Built Init.Data.Vector.Count:c.o (54ms)
✔ [1680/7677] Built Init.Data.Vector.Zip:c.o (149ms)
✔ [1681/7677] Built Init.Data.Int:c.o (87ms)
✔ [1682/7677] Built Init.Data.Vector.Perm:c.o (127ms)
✔ [1683/7677] Built Init.Data.Vector.Attach:c.o (153ms)
✔ [1684/7677] Built Init.Data.Vector.Extract (5.9s)
✔ [1686/7677] Built Init.Grind.Module:c.o (56ms)
✔ [1687/7677] Built Lean.Meta.Sym.Arith.Poly:c.o (1.1s)
✔ [1688/7677] Built Init.Data.Float.Model.Unpacked.Operations.OfNat:c.o (129ms)
✔ [1689/7677] Built Std.Data.DTreeMap.Internal.Def:c.o (181ms)
✔ [1690/7677] Built Std.Time.Internal.UnitVal:c.o (496ms)
✔ [1691/7677] Built Init.Data.Float.Model.Unpacked.Operations.Sqrt:c.o (188ms)
✔ [1692/7677] Built Init.Data.Float.Model.Unpacked.Operations.ToNat:c.o (361ms)
✔ [1693/7677] Built Init.Data.Float.Model.Unpacked.Operations.Mul:c.o (201ms)
✔ [1694/7677] Built Init.Data.Float.Model.Unpacked.Operations.Div:c.o (311ms)
✔ [1695/7677] Built Init.Data.Float.Model.Unpacked.Operations.Fma:c.o (454ms)
✔ [1696/7677] Built Init.Grind.Ring.CommSemiringAdapter:c.o (1.6s)
✔ [1697/7677] Built Init.Data.Float.Model.Unpacked.Operations.Sub:c.o (236ms)
✔ [1698/7677] Built Init.Data.Float.Model.Unpacked.Operations.Add:c.o (289ms)
✔ [1699/7677] Built Init.Data.Iterators (138ms)
✔ [1701/7677] Built Std.Internal.ForIn:c.o (53ms)
✔ [1702/7677] Built Init.Data.Float.Model.Unpacked.Operations.MinMax:c.o (177ms)
✔ [1703/7677] Built Init.Grind.Ring (198ms)
✔ [1705/7677] Built Init.Data.Rat.Lemmas:c.o (253ms)
✔ [1706/7677] Built Init.Data.Slice.List (280ms)
✔ [1708/7677] Built Std.Time.Internal (269ms)
✔ [1710/7677] Built Init.Data.Vector.Monadic (1.2s)
✔ [1712/7677] Built Init.Data.Vector.Extract:c.o (348ms)
✔ [1713/7677] Built Init.Data.Vector.Find (1.8s)
✔ [1715/7677] Built Init.Data.Vector.MapIdx (2.0s)
✔ [1717/7677] Built Std.Data.DTreeMap.Internal.Balanced (667ms)
✔ [1719/7677] Built Std.Data.DTreeMap.Internal.Ordered (419ms)
✔ [1721/7677] Built Init.Data.Iterators:c.o (138ms)
✔ [1722/7677] Built Init.Data.Float.Model.Unpacked.Operations.OfScientific (259ms)
✔ [1724/7677] Built Init.Data.Rat (246ms)
✔ [1726/7677] Built Init.Data.Array.Lex.Lemmas (3.1s)
✔ [1728/7677] Built Init.GrindInstances.Ring.Rat (386ms)
✔ [1730/7677] Built Init.Data.Slice.Array.Lemmas (3.3s)
✔ [1732/7677] Built Init.Grind.Norm (581ms)
✔ [1734/7677] Built Init.Grind.Ring:c.o (100ms)
✔ [1735/7677] Built Init.Data.Slice.List:c.o (111ms)
✔ [1736/7677] Built Init.Grind.FieldNormNum (664ms)
✔ [1738/7677] Built Init.Data.Vector.Find:c.o (94ms)
✔ [1739/7677] Built Std.Time.Internal:c.o (93ms)
✔ [1740/7677] Built Init.Data.Vector.MapIdx:c.o (139ms)
✔ [1741/7677] Built Init.Data.Vector.Monadic:c.o (147ms)
✔ [1742/7677] Built Std.Data.DTreeMap.Internal.Balanced:c.o (103ms)
✔ [1743/7677] Built Std.Data.DTreeMap.Internal.Ordered:c.o (55ms)
✔ [1744/7677] Built Init.Data.Rat:c.o (88ms)
✔ [1745/7677] Built Init.GrindInstances.Ring.Rat:c.o (159ms)
✔ [1746/7677] Built Init.Data.Array.Lex.Lemmas:c.o (184ms)
✔ [1747/7677] Built Init.Data.Slice.Array.Lemmas:c.o (203ms)
✔ [1748/7677] Built Init.Data.Float.Model.Unpacked.Operations.OfScientific:c.o (200ms)
✔ [1749/7677] Built Init.Grind.Norm:c.o (64ms)
✔ [1750/7677] Built Init.Grind.FieldNormNum:c.o (148ms)
✔ [1751/7677] Built Std.Time.Time.Unit.Nanosecond (692ms)
✔ [1753/7677] Built Init.Data.Vector.OfFn (1.3s)
✔ [1755/7677] Built Init.Data.Vector.Range (1.4s)
✔ [1757/7677] Built Init.Data.Float.Model.Unpacked.Operations (153ms)
✔ [1759/7677] Built Init.Data.Array.Lex (119ms)
✔ [1761/7677] Built Init.Data.Slice.Array (135ms)
✔ [1763/7677] Built Init.Data.Dyadic.Basic (3.0s)
✔ [1765/7677] Built Init.Data.Range.Polymorphic.GetElemTactic (333ms)
✔ [1767/7677] Built Init.Grind.Ordered.Rat (361ms)
✔ [1769/7677] Built Init.Data.Vector.Lex (1.4s)
✔ [1771/7677] Built Lean.Data.Iterators.Producers.PersistentHashMap (1.7s)
✔ [1773/7677] Built Init.Data.Vector.OfFn:c.o (320ms)
✔ [1774/7677] Built Std.Time.Time.Unit.Nanosecond:c.o (1.1s)
✔ [1775/7677] Built Init.Data.Vector.Range:c.o (387ms)
✔ [1776/7677] Built Init.Data.Float.Model.Unpacked.Operations:c.o (293ms)
✔ [1777/7677] Built Init.Data.Array.Lex:c.o (241ms)
✔ [1778/7677] Built Init.Data.Slice.Array:c.o (327ms)
✔ [1779/7677] Built Init.Data.Range.Polymorphic.GetElemTactic:c.o (369ms)
✔ [1780/7677] Built Init.Grind.Ordered.Rat:c.o (225ms)
✔ [1781/7677] Built Init.Data.Vector.Lex:c.o (499ms)
✔ [1782/7677] Built Std.Time.Time.Unit.Millisecond (563ms)
✔ [1784/7677] Built Std.Data.DTreeMap.Internal.Queries (6.9s)
✔ [1786/7677] Built Std.Time.Time.Unit.Second (803ms)
✔ [1788/7677] Built Init.Data.Vector.FinRange (624ms)
✔ [1790/7677] Built Init.Data.Dyadic.Basic:c.o (3.3s)
✔ [1791/7677] Built Init.Data.Slice (155ms)
✔ [1793/7677] Built Init.Data.Array.Sort.Basic (826ms)
✔ [1795/7677] Built Init.Data.Dyadic.Inv (725ms)
✔ [1797/7677] Built Init.Grind.Ordered (290ms)
✔ [1799/7677] Built Init.Data.Dyadic.Instances (549ms)
✔ [1801/7677] Built Lean.Data.Iterators.Producers.PersistentHashMap:c.o (2.2s)
✔ [1802/7677] Built Lean.Data.Iterators.Producers (279ms)
✔ [1804/7677] Built Std.Time.Time.Unit.Millisecond:c.o (826ms)
✔ [1805/7677] Built Init.Data.Vector.FinRange:c.o (158ms)
✔ [1806/7677] Built Init.Data.Slice:c.o (187ms)
✔ [1807/7677] Built Std.Time.Time.Unit.Second:c.o (704ms)
✔ [1808/7677] Built Init.Data.Dyadic.Inv:c.o (233ms)
✔ [1809/7677] Built Init.Grind.Ordered:c.o (165ms)
✔ [1810/7677] Built Init.Data.Dyadic.Instances:c.o (137ms)
✔ [1811/7677] Built Init.Data.Array.Sort.Basic:c.o (851ms)
✔ [1812/7677] Built Lean.Data.Iterators.Producers:c.o (158ms)
✔ [1813/7677] Built Std.Time.Time.Unit.Minute (757ms)
✔ [1815/7677] Built Init.Data.Dyadic.Round (592ms)
✔ [1817/7677] Built Init.Data.Array.Sort.Lemmas (1.4s)
✔ [1819/7677] Built Lean.Data.Iterators (273ms)
✔ [1821/7677] Built Init.Data.Dyadic.Round:c.o (273ms)
✔ [1822/7677] Built Std.Time.Time.Unit.Minute:c.o (749ms)
✔ [1823/7677] Built Init.Data.Array.Sort.Lemmas:c.o (523ms)
✔ [1824/7677] Built Std.Time.Time.Unit.Hour (414ms)
✔ [1826/7677] Built Init.Data.Dyadic (310ms)
✔ [1828/7677] Built Lean.Data.Iterators:c.o (112ms)
✔ [1829/7677] Built Init.Data.Array.Sort (340ms)
✔ [1831/7677] Built Init.Data.Dyadic:c.o (145ms)
✔ [1832/7677] Built Std.Time.Time.Unit.Hour:c.o (1.1s)
✔ [1833/7677] Built Std.Time.Time.Unit.Basic (660ms)
✔ [1835/7677] Built Init.Data.Array.Sort:c.o (149ms)
✔ [1836/7677] Built Init.Data.Array (457ms)
✔ [1838/7677] Built Std.Time.Time.Unit.Basic:c.o (794ms)
✔ [1839/7677] Built Std.Time.Time.Basic (447ms)
✔ [1841/7677] Built Init.Data.Array:c.o (111ms)
✔ [1842/7677] Built Std.Time.Time.Basic:c.o (221ms)
✔ [1843/7677] Built Std.Data.DTreeMap.Internal.Balancing (15s)
✔ [1845/7677] Built Std.Time.Time.HourMarker (375ms)
✔ [1847/7677] Built Std.Time.Time.PlainTime (574ms)
✔ [1849/7677] Built Std.Data.DTreeMap.Internal.Queries:c.o (7.5s)
✔ [1850/7677] Built Std.Time.Time.HourMarker:c.o (375ms)
✔ [1851/7677] Built Std.Time.Time (138ms)
✔ [1853/7677] Built Std.Time.Time:c.o (70ms)
✔ [1854/7677] Built Std.Time.Date.Unit.Day (817ms)
✔ [1856/7677] Built Std.Time.Time.PlainTime:c.o (1.3s)
✔ [1857/7677] Built Std.Time.Date.Unit.Week (625ms)
✔ [1859/7677] Built Std.Time.Date.Unit.Day:c.o (1.1s)
✔ [1860/7677] Built Std.Time.Date.Unit.Weekday (1.2s)
✔ [1862/7677] Built Std.Time.Date.Unit.Month (1.8s)
✔ [1864/7677] Built Std.Time.Date.Unit.Week:c.o (1.2s)
✔ [1865/7677] Built Std.Time.Date.Unit.Weekday:c.o (1.1s)
✔ [1866/7677] Built Std.Time.Format.DateFormat (440ms)
✔ [1868/7677] Built Std.Time.Date.Unit.Month:c.o (1.6s)
✔ [1869/7677] Built Std.Time.Date.Unit.Year (434ms)
✔ [1871/7677] Built Std.Time.Date.ValidDate (1.0s)
✔ [1873/7677] Built Std.Time.Format.DateFormat:c.o (194ms)
✔ [1874/7677] Built Std.Data.DTreeMap.Internal.Balancing:c.o (7.4s)
✔ [1875/7677] Built Std.Time.Date.ValidDate:c.o (385ms)
✔ [1876/7677] Built Std.Time.Date.Unit.Year:c.o (559ms)
✔ [1877/7677] Built Std.Time.Date.Unit.Basic (148ms)
✔ [1879/7677] Built Std.Time.Date.Unit.Basic:c.o (91ms)
✔ [1880/7677] Built Std.Time.Date.Basic (557ms)
✔ [1882/7677] Built Std.Time.Date.PlainDate (625ms)
✔ [1884/7677] Built Std.Time.Date (132ms)
✔ [1886/7677] Built Std.Time.Date:c.o (96ms)
✔ [1887/7677] Built Std.Data.DTreeMap.Internal.Operations (8.0s)
✔ [1889/7677] Built Std.Data.DTreeMap.Internal.WF.Defs (411ms)
✔ [1891/7677] Built Std.Data.DTreeMap.Internal.WF.Defs:c.o (134ms)
✔ [1892/7677] Built Std.Time.Date.Basic:c.o (1.6s)
✔ [1893/7677] Built Std.Time.Date.PlainDate:c.o (2.5s)
✔ [1894/7677] Built Std.Data.DTreeMap.Basic (2.1s)
✔ [1896/7677] Built Init.Data.BitVec.Lemmas (26s)
✔ [1898/7677] Built Std.Data.TreeMap.Basic (1.2s)
✔ [1900/7677] Built Init.Data.BitVec.Lemmas:c.o (778ms)
✔ [1901/7677] Built Std.Data.DTreeMap.Raw.Basic (1.7s)
✔ [1903/7677] Built Init.Data.Float.Model.Unpacked.Pack.Basic (457ms)
✔ [1905/7677] Built Init.Data.BitVec.Package (448ms)
✔ [1907/7677] Built Std.Data.TreeMap.Basic:c.o (2.2s)
✔ [1908/7677] Built Init.Data.Range.Polymorphic.BitVec (835ms)
✔ [1910/7677] Built Init.Data.BitVec.Folds (369ms)
✔ [1912/7677] Built Init.GrindInstances.Ring.BitVec (191ms)
✔ [1914/7677] Built Init.Data.Ord.BitVec (128ms)
✔ [1916/7677] Built Lake.Util.RBArray (314ms)
✔ [1918/7677] Built Std.Data.TreeSet.Basic (692ms)
✔ [1920/7677] Built Std.Data.DTreeMap.Internal.Model (10s)
✔ [1922/7677] Built Init.Data.Float.Model.Unpacked.Pack.Basic:c.o (472ms)
✔ [1923/7677] Built Std.Data.DTreeMap.Basic:c.o (8.6s)
✔ [1924/7677] Built Init.Data.BitVec.Package:c.o (291ms)
✔ [1925/7677] Built Init.Data.Range.Polymorphic.BitVec:c.o (359ms)
✔ [1926/7677] Built Init.Data.BitVec.Folds:c.o (219ms)
✔ [1927/7677] Built Init.GrindInstances.Ring.BitVec:c.o (173ms)
✔ [1928/7677] Built Init.Data.Ord.BitVec:c.o (85ms)
✔ [1929/7677] Built Lake.Util.RBArray:c.o (1.6s)
✔ [1930/7677] Built Std.Data.TreeMap.Raw.Basic (997ms)
✔ [1932/7677] Built Std.Data.TreeSet.Basic:c.o (3.1s)
✔ [1933/7677] Built Init.Data.Float.Model.Format.Valid (316ms)
✔ [1935/7677] Built Std.Data.DTreeMap.Raw.Basic:c.o (7.5s)
✔ [1936/7677] Built Std.Tactic.BVDecide.Normalize.Bool (1.6s)
✔ [1938/7677] Built Std.Data.DTreeMap.Internal.Model:c.o (2.8s)
✔ [1939/7677] Built Std.Tactic.BVDecide.Normalize.Equal (903ms)
✔ [1941/7677] Built Init.Data.Range.Polymorphic.Internal.SignedBitVec (2.8s)
✔ [1943/7677] Built Std.Data.TreeMap.Raw.Basic:c.o (3.9s)
✔ [1944/7677] Built Init.Data.Float.Model.Format.Valid:c.o (102ms)
✔ [1945/7677] Built Std.Tactic.BVDecide.Normalize.Bool:c.o (177ms)
✔ [1946/7677] Built Std.Tactic.BVDecide.Normalize.Equal:c.o (117ms)
✔ [1947/7677] Built Init.Data.UInt.Lemmas (18s)
✔ [1949/7677] Built Init.Data.Range.Polymorphic.Internal.SignedBitVec:c.o (707ms)
✔ [1950/7677] Built Lean.Data.PrefixTree (815ms)
✔ [1952/7677] Built Init.Data.Float.Model.Unpacked.Pack.Lemmas (432ms)
✔ [1954/7677] Built Std.Data.TreeSet.Raw.Basic (1.1s)
✔ [1956/7677] Built Init.Data.Float.Model.Format (201ms)
✔ [1958/7677] Built Lean.Data.PrefixTree:c.o (395ms)
✔ [1959/7677] Built Std.Data.DTreeMap.Internal.WF.Lemmas (8.9s)
✔ [1961/7677] Built Init.Data.Float.Model.Unpacked.Pack.Lemmas:c.o (147ms)
✔ [1962/7677] Built Std.Data.TreeSet.Raw.Basic:c.o (1.4s)
✔ [1963/7677] Built Init.GrindInstances.Ring.UInt (588ms)
✔ [1965/7677] Built Init.Data.Ord.UInt (474ms)
✔ [1967/7677] Built Init.Data.Char.Lemmas (325ms)
✔ [1969/7677] Built Init.Data.Float.Model.Format:c.o (80ms)
✔ [1970/7677] Built Std.Data.DTreeMap.Internal.Operations:c.o (30s)
✔ [1971/7677] Built Std.Data.DTreeMap.Internal.WF.Lemmas:c.o (1.6s)
✔ [1972/7677] Built Init.Data.UInt.Lemmas:c.o (5.1s)
✔ [1973/7677] Built Init.Data.Float.Model.Float (572ms)
✔ [1975/7677] Built Init.Data.Float.Model.Unpacked.Pack (196ms)
✔ [1977/7677] Built Init.Data.BitVec.Bitblast (14s)
✔ [1979/7677] Built Init.Data.Char.Lemmas:c.o (83ms)
✔ [1980/7677] Built Init.Data.Ord.UInt:c.o (132ms)
✔ [1981/7677] Built Init.Data.Float.Model.Float32 (419ms)
✔ [1983/7677] Built Init.Data.Float.Model.Unpacked.Pack:c.o (62ms)
✔ [1984/7677] Built Init.GrindInstances.Ring.UInt:c.o (149ms)
✔ [1985/7677] Built Std.Data.DTreeMap.AdditionalOperations (311ms)
✔ [1987/7677] Built Init.Data.UInt.Bitwise (4.9s)
✔ [1989/7677] Built Init.Data.Char.Order (116ms)
✔ [1991/7677] Built Init.Data.UInt.Package (396ms)
✔ [1993/7677] Built Init.Data.Float.Model.Float:c.o (489ms)
✔ [1994/7677] Built Init.Data.Float.Model.Unpacked (110ms)
✔ [1996/7677] Built Init.Grind.Homo.BitVec (187ms)
✔ [1998/7677] Built Init.Data.BitVec (113ms)
✔ [2000/7677] Built Init.Data.Float.Float (331ms)
✔ [2002/7677] Built Init.Data.Char.Order:c.o (79ms)
✔ [2003/7677] Built Std.Data.DTreeMap.AdditionalOperations:c.o (86ms)
✔ [2004/7677] Built Init.Data.UInt.Package:c.o (135ms)
✔ [2005/7677] Built Init.Data.Float.Model.Float32:c.o (543ms)
✔ [2006/7677] Built Init.Grind.Homo.BitVec:c.o (49ms)
✔ [2007/7677] Built Init.Data.Float.Model.Unpacked:c.o (57ms)
✔ [2008/7677] Built Init.Data.BitVec.Bitblast:c.o (1.1s)
✔ [2009/7677] Built Std.Data.TreeMap.AdditionalOperations (254ms)
✔ [2011/7677] Built Init.Data.UInt.Bitwise:c.o (454ms)
✔ [2012/7677] Built Init.Data.BitVec:c.o (82ms)
✔ [2013/7677] Built Init.Data.Float.Float:c.o (353ms)
✔ [2014/7677] Built Std.Data.DTreeMap.Raw.AdditionalOperations (164ms)
✔ [2016/7677] Built Std.Data.DHashMap.Internal.Index (214ms)
✔ [2018/7677] Built Init.Data.Float.Model (221ms)
✔ [2020/7677] Built Init.Data.SInt.Float (383ms)
✔ [2022/7677] Built Init.Data.Float.Float32 (524ms)
✔ [2024/7677] Built Std.Data.TreeMap.AdditionalOperations:c.o (138ms)
✔ [2025/7677] Built Std.Data.DTreeMap.Raw.AdditionalOperations:c.o (94ms)
✔ [2026/7677] Built Std.Data.DHashMap.Internal.Index:c.o (251ms)
✔ [2027/7677] Built Init.Data.FloatArray.Basic (706ms)
✔ [2029/7677] Built Init.Data.UInt.IntToBitVec (1.3s)
✔ [2031/7677] Built Init.Data.Float.Model:c.o (180ms)
✔ [2032/7677] Built Init.Data.SInt.Float:c.o (229ms)
✔ [2033/7677] Built Std.Data.TreeSet.AdditionalOperations (540ms)
✔ [2035/7677] Built Std.Data.TreeMap.Raw.AdditionalOperations (484ms)
✔ [2037/7677] Built Init.Data.Float.Float32:c.o (949ms)
✔ [2038/7677] Built Init.Data.UInt.IntToBitVec:c.o (185ms)
✔ [2039/7677] Built Std.Data.DTreeMap.Raw.WF (926ms)
✔ [2041/7677] Built Init.Data.Float (354ms)
✔ [2043/7677] Built Init.Data.FloatArray.Basic:c.o (1.1s)
✔ [2044/7677] Built Init.Data.OfScientific (575ms)
✔ [2046/7677] Built Init.Data.SInt.Float32 (344ms)
✔ [2048/7677] Built Std.Data.TreeSet.AdditionalOperations:c.o (173ms)
✔ [2049/7677] Built Std.Data.TreeMap.Raw.AdditionalOperations:c.o (209ms)
✔ [2050/7677] Built Init.Data.UInt (262ms)
✔ [2052/7677] Built Std.Data.DTreeMap.Raw.WF:c.o (97ms)
✔ [2053/7677] Built Init.Data.FloatArray (351ms)
✔ [2055/7677] Built Init.Data.Float:c.o (131ms)
✔ [2056/7677] Built Init.Data.SInt.Float32:c.o (171ms)
✔ [2057/7677] Built Std.Data.DHashMap.Internal.Defs (2.7s)
✔ [2059/7677] Built Init.Data.UInt:c.o (143ms)
✔ [2060/7677] Built Init.Data.OfScientific:c.o (418ms)
✔ [2061/7677] Built Std.Data.TreeMap.Raw.WF (275ms)
✔ [2063/7677] Built Init.Data.FloatArray:c.o (171ms)
✔ [2064/7677] Built Std.Data.DHashMap.Internal.HashesTo (318ms)
✔ [2066/7677] Built Init.Data.String.Decode (5.8s)
✔ [2068/7677] Built Std.Data.TreeMap.Raw.WF:c.o (92ms)
✔ [2069/7677] Built Std.Data.DHashMap.Internal.HashesTo:c.o (122ms)
✔ [2070/7677] Built Std.Data.TreeSet.Raw.WF (387ms)
✔ [2072/7677] Built Init.Data.Range.Polymorphic.UInt (1.8s)
✔ [2074/7677] Built Std.Data.TreeSet.Raw.WF:c.o (98ms)
✔ [2075/7677] Built Init.Data.String.Decode:c.o (1.1s)
✔ [2076/7677] Built Std.Data.DHashMap.Internal.Defs:c.o (2.0s)
✔ [2077/7677] Built Init.Data.Range.Polymorphic.UInt:c.o (581ms)
✔ [2078/7677] Built Std.Data.DHashMap.Raw (2.6s)
✔ [2080/7677] Built Std.Data.HashMap.Raw (1.0s)
✔ [2082/7677] Built Std.Data.DHashMap.Basic (2.0s)
✔ [2084/7677] Built Std.Data.HashSet.Raw (1.1s)
✔ [2086/7677] Built Std.Data.DHashMap.Raw:c.o (3.4s)
✔ [2087/7677] Built Std.Data.HashMap.Raw:c.o (2.6s)
✔ [2088/7677] Built Init.Data.String.Basic (5.3s)
✔ [2090/7677] Built Std.Data.DHashMap.Iterator (272ms)
✔ [2092/7677] Built Init.Data.SInt.Lemmas (13s)
✔ [2094/7677] Built Std.Data.HashSet.Raw:c.o (1.2s)
✔ [2095/7677] Built Std.Data.DHashMap.Internal.Raw (1.1s)
✔ [2097/7677] Built Std.Data.DHashMap.Basic:c.o (2.6s)
✔ [2098/7677] Built Std.Data.DHashMap.Internal.Model (2.1s)
✔ [2100/7677] Built Std.Data.HashMap.Basic (1.2s)
✔ [2102/7677] Built Std.Data.DHashMap.Iterator:c.o (221ms)
✔ [2103/7677] Built Lean.Data.LOption (340ms)
✔ [2105/7677] Built Init.Sym.Lemmas (606ms)
✔ [2107/7677] Built Init.Data.SInt.Lemmas:c.o (858ms)
✔ [2108/7677] Built Std.Internal.Parsec.ByteArray (759ms)
✔ [2110/7677] Built Std.Tactic.BVDecide.Bitblast.BoolExpr.Basic (381ms)
✔ [2112/7677] Built Init.Data.String.Stream (225ms)
✔ [2114/7677] Built Init.Data.String.Lemmas.StringOrder (294ms)
✔ [2116/7677] Built Init.Data.String.Length (329ms)
✔ [2118/7677] Built Init.Data.String.Legacy (654ms)
✔ [2120/7677] Built Std.Data.DHashMap.Internal.Raw:c.o (158ms)
✔ [2121/7677] Built Init.Data.String.Lemmas.Basic (638ms)
✔ [2123/7677] Built Init.Data.Ord.SInt (223ms)
✔ [2125/7677] Built Init.GrindInstances.Ring.SInt (666ms)
✔ [2127/7677] Built Init.Data.String.Basic:c.o (3.4s)
✔ [2128/7677] Built Init.Sym.Lemmas:c.o (131ms)
✔ [2129/7677] Built Lean.Data.LOption:c.o (431ms)
✔ [2130/7677] Built Std.Data.DHashMap.Internal.Model:c.o (1.4s)
✔ [2131/7677] Built Init.Data.String.Stream:c.o (98ms)
✔ [2132/7677] Built Std.Tactic.BVDecide.Bitblast.BoolExpr.Basic:c.o (465ms)
✔ [2133/7677] Built Init.Data.String.Lemmas.StringOrder:c.o (138ms)
✔ [2134/7677] Built Std.Data.HashMap.Basic:c.o (1.9s)
✔ [2135/7677] Built Std.Data.HashMap.Iterator (223ms)
✔ [2137/7677] Built Lean.Util.SCC (474ms)
✔ [2139/7677] Built Std.Internal.Parsec.ByteArray:c.o (1.5s)
✔ [2140/7677] Built Lean.Util.MonadCache (757ms)
✔ [2142/7677] Built Init.Data.SInt.Bitwise (2.9s)
✔ [2144/7677] Built Init.Data.String.Legacy:c.o (153ms)
✔ [2145/7677] Built Init.Data.String.Length:c.o (105ms)
✔ [2146/7677] Built Init.Data.String.Lemmas.Basic:c.o (104ms)
✔ [2147/7677] Built Lean.Util.Diff (1.2s)
✔ [2149/7677] Built Init.Data.Ord.SInt:c.o (81ms)
✔ [2150/7677] Built Init.Sym (129ms)
✔ [2152/7677] Built Init.GrindInstances.Ring.SInt:c.o (220ms)
✔ [2153/7677] Built Std.Data.HashSet.Basic (599ms)
✔ [2155/7677] Built Std.Tactic.BVDecide.Bitblast.BoolExpr (206ms)
✔ [2157/7677] Built Init.Data.Ord.String (405ms)
✔ [2159/7677] Built Std.Data.HashMap.Iterator:c.o (428ms)
✔ [2160/7677] Built Lean.Util.SCC:c.o (796ms)
✔ [2161/7677] Built Lean.Data.EditDistance (972ms)
✔ [2163/7677] Built Std.Data.DHashMap.Internal.WF (3.7s)
✔ [2165/7677] Built Lean.Util.MonadCache:c.o (3.2s)
✔ [2166/7677] Built Lake.Util.String (646ms)
✔ [2168/7677] Built Std.Tactic.BVDecide.Bitblast.BVExpr.Basic (4.7s)
✔ [2170/7677] Built Init.Data.Nat.ToString (2.7s)
✔ [2172/7677] Built Std.Time.Duration (1.5s)
✔ [2174/7677] Built Init.Data.SInt.Bitwise:c.o (540ms)
✔ [2175/7677] Built Init.Data.String.FindPos (900ms)
✔ [2177/7677] Built Init.Data.SInt.Package (737ms)
✔ [2179/7677] Built Init.GrindInstances.Ring (261ms)
✔ [2181/7677] Built Init.Sym:c.o (141ms)
✔ [2182/7677] Built Init.Data.String.Lemmas.Order (1.8s)
✔ [2184/7677] Built Std.Tactic.BVDecide.Bitblast.BoolExpr:c.o (149ms)
✔ [2185/7677] Built Lean.Data.SMap (996ms)
✔ [2187/7677] Built Init.Data.Ord.String:c.o (163ms)
✔ [2188/7677] Built Std.Data.HashSet.Basic:c.o (1.6s)
✔ [2189/7677] Built Std.Data.DHashMap.Internal.WF:c.o (499ms)
✔ [2190/7677] Built Lean.Util.Diff:c.o (2.8s)
✔ [2191/7677] Built Lean.Data.EditDistance:c.o (929ms)
✔ [2192/7677] Built Lake.Util.String:c.o (488ms)
✔ [2193/7677] Built Init.Grind.Homo.Int64 (291ms)
✔ [2195/7677] Built Init.Grind.Homo.ISize (316ms)
✔ [2197/7677] Built Init.Grind.Homo.Int32 (312ms)
✔ [2199/7677] Built Init.Grind.Homo.Int8 (238ms)
✔ [2201/7677] Built Init.Grind.Homo.Int16 (297ms)
✔ [2203/7677] Built Init.Grind.Homo.USize (260ms)
✔ [2205/7677] Built Init.Data.SInt.IntToBitVec (1.0s)
✔ [2207/7677] Built Init.Grind.Homo.UInt32 (220ms)
✔ [2209/7677] Built Init.Grind.Homo.UInt64 (213ms)
✔ [2211/7677] Built Init.Grind.Homo.UInt8 (169ms)
✔ [2213/7677] Built Init.Grind.Homo.UInt16 (259ms)
✔ [2215/7677] Built Init.Data.Nat.ToString:c.o (210ms)
✔ [2216/7677] Built Init.Data.SInt.Package:c.o (253ms)
✔ [2217/7677] Built Init.Data.String.FindPos:c.o (494ms)
✔ [2218/7677] Built Std.Data.HashSet.Iterator (307ms)
✔ [2220/7677] Built Lean.Util.ShareCommon (422ms)
✔ [2222/7677] Built Lean.Util.PtrSet (341ms)
✔ [2224/7677] Built Init.GrindInstances.Ring:c.o (157ms)
✔ [2225/7677] Built Init.Data.String.Lemmas.Order:c.o (170ms)
✔ [2226/7677] Built Lake.Util.OrdHashSet (441ms)
✔ [2228/7677] Built Init.Data.Ord (257ms)
✔ [2230/7677] Built Std.Time.Duration:c.o (1.6s)
✔ [2231/7677] Built Std.Data.DHashMap.AdditionalOperations (452ms)
✔ [2233/7677] Built Lean.Data.NameTrie (499ms)
✔ [2235/7677] Built Init.Grind.Homo.Int64:c.o (124ms)
✔ [2236/7677] Built Init.Grind.Homo.ISize:c.o (157ms)
✔ [2237/7677] Built Lean.Data.SMap:c.o (1.1s)
✔ [2238/7677] Built Init.Grind.Homo.Int8:c.o (113ms)
✔ [2239/7677] Built Init.Grind.Homo.Int32:c.o (129ms)
✔ [2240/7677] Built Init.Grind.Homo.USize:c.o (90ms)
✔ [2241/7677] Built Init.Grind.Homo.Int16:c.o (177ms)
✔ [2242/7677] Built Init.Grind.Homo.UInt64:c.o (131ms)
✔ [2243/7677] Built Init.Data.SInt.IntToBitVec:c.o (194ms)
✔ [2244/7677] Built Init.Grind.Homo.UInt32:c.o (81ms)
✔ [2245/7677] Built Init.Grind.Homo.UInt8:c.o (56ms)
✔ [2246/7677] Built Init.Data.Nat (325ms)
✔ [2248/7677] Built Init.Grind.Homo.UInt16:c.o (224ms)
✔ [2249/7677] Built Std.Data.HashSet.Iterator:c.o (343ms)
✔ [2250/7677] Built Lean.Util.PtrSet:c.o (352ms)
✔ [2251/7677] Built Init.GrindInstances (308ms)
✔ [2253/7677] Built Std.Tactic.BVDecide.Bitblast.BVExpr.Basic:c.o (5.2s)
✔ [2254/7677] Built Lean.Util.ShareCommon:c.o (1.0s)
✔ [2255/7677] Built Lean.Data.SSet (415ms)
✔ [2257/7677] Built Init.Data.Ord:c.o (286ms)
✔ [2258/7677] Built Init.Data.String.Lemmas.FindPos (1.8s)
✔ [2260/7677] Built Std.Data.DHashMap.AdditionalOperations:c.o (293ms)
✔ [2261/7677] Built Lake.Util.OrdHashSet:c.o (1.1s)
✔ [2262/7677] Built Init.Grind.Homo (301ms)
✔ [2264/7677] Built Init.Data.SInt (489ms)
✔ [2266/7677] Built Init.GrindInstances:c.o (152ms)
✔ [2267/7677] Built Init.Data.Nat:c.o (341ms)
✔ [2268/7677] Built Lean.Data.SSet:c.o (311ms)
✔ [2269/7677] Built Lean.Data.NameTrie:c.o (4.9s)
✔ [2270/7677] Built Lean.DocString.Types (3.9s)
✔ [2272/7677] Built Init.Data.String.Lemmas.FindPos:c.o (347ms)
✔ [2273/7677] Built Std.Data.HashMap.AdditionalOperations (288ms)
✔ [2275/7677] Built Init.Grind.Homo:c.o (183ms)
✔ [2276/7677] Built Init.Data.SInt:c.o (181ms)
✔ [2277/7677] Built Lean.Meta.Tactic.Grind.AC.Seq (4.0s)
✔ [2279/7677] Built Std.Data.HashMap.AdditionalOperations:c.o (303ms)
✔ [2280/7677] Built Init.Grind (617ms)
✔ [2282/7677] Built Init.Data.String.Iterate (4.1s)
✔ [2284/7677] Built Init.Data.Range.Polymorphic.SInt (3.7s)
✔ [2286/7677] Built Init.Grind:c.o (242ms)
✔ [2287/7677] Built Lean.DocString.Types:c.o (5.2s)
✔ [2288/7677] Built Lean.Meta.Tactic.Grind.AC.Seq:c.o (2.5s)
✔ [2289/7677] Built Init.Data.Range.Polymorphic.SInt:c.o (1.6s)
✔ [2290/7677] Built Init.Data.String.Lemmas.IsEmpty (848ms)
✔ [2292/7677] Built Init.Data.String.Iterate:c.o (3.7s)
✔ [2293/7677] Built Init.Data.Range.Polymorphic.Fin (2.0s)
✔ [2295/7677] Built Init.Data.String.Lemmas.IsEmpty:c.o (233ms)
✔ [2296/7677] Built Init.Data.Char.Ordinal (3.8s)
✔ [2298/7677] Built Init.Data.Vector.Algebra (2.7s)
✔ [2300/7677] Built Init.Data.String.Subslice (1.0s)
✔ [2302/7677] Built Init.Data.Char.Ordinal:c.o (470ms)
✔ [2303/7677] Built Init.Data.String.Lemmas.Splits (2.5s)
✔ [2305/7677] Built Init.Data.Range.Polymorphic.Fin:c.o (701ms)
✔ [2306/7677] Built Init.Data.Char (457ms)
✔ [2308/7677] Built Init.Data.Vector.Algebra:c.o (539ms)
✔ [2309/7677] Built Init.Data.Range.Polymorphic.Char (518ms)
✔ [2311/7677] Built Init.Data.String.Lemmas.Splits:c.o (367ms)
✔ [2312/7677] Built Init.Data.String.Subslice:c.o (617ms)
✔ [2313/7677] Built Init.Data.Vector (553ms)
✔ [2315/7677] Built Init.Data.Char:c.o (264ms)
✔ [2316/7677] Built Init.Data.Range.Polymorphic.Char:c.o (408ms)
✔ [2317/7677] Built Init.Data.Vector:c.o (341ms)
✔ [2318/7677] Built Init.Data.Range.Polymorphic (459ms)
✔ [2320/7677] Built Init.Data.String.Termination (1.3s)
✔ [2322/7677] Built Init.Data.Range.Polymorphic:c.o (292ms)
✔ [2323/7677] Built Std.Http.Internal.Char (1.5s)
✔ [2325/7677] Built Lean.Util.ParamMinimizer (1.1s)
✔ [2327/7677] Built Init.Data.String.Termination:c.o (1.1s)
✔ [2328/7677] Built Init.Data.String.Modify (1.1s)
✔ [2330/7677] Built Init.Data.String.Lemmas.Iterate (2.0s)
✔ [2332/7677] Built Std.Http.Internal.Char:c.o (1.2s)
✔ [2333/7677] Built Init.Data.String.Modify:c.o (556ms)
✔ [2334/7677] Built Init.Data.String.Pattern.Basic (3.2s)
✔ [2336/7677] Built Init.Data.String.Lemmas.Iterate:c.o (474ms)
✔ [2337/7677] Built Init.System.IOError (974ms)
✔ [2339/7677] Built Init.Data.String.Lemmas.Modify (468ms)
✔ [2341/7677] Built Lean.Util.ParamMinimizer:c.o (4.1s)
✔ [2342/7677] Built Std.Http.Data.URI.Encoding (2.5s)
✔ [2344/7677] Built Init.Data.String.Iterator (1.2s)
✔ [2346/7677] Built Init.Data.String.Lemmas.Modify:c.o (140ms)
✔ [2347/7677] Built Init.Data.String.Pattern.Basic:c.o (1.2s)
✔ [2348/7677] Built Init.System.IOError:c.o (1.8s)
✔ [2349/7677] Built Init.Data.String.Lemmas.Pattern.Memcmp (996ms)
✔ [2351/7677] Built Init.Data.String.Pattern.Pred (798ms)
✔ [2353/7677] Built Std.Http.Data.URI.Encoding:c.o (1.6s)
✔ [2354/7677] Built Init.Data.String.Iterator:c.o (580ms)
✔ [2355/7677] Built Init.Data.String.Lemmas.Pattern.Basic (4.6s)
✔ [2357/7677] Built Init.Data.String.Lemmas.Pattern.Memcmp:c.o (99ms)
✔ [2358/7677] Built Std.Http.Internal.LowerCase (459ms)
✔ [2360/7677] Built Init.Data.String.Pattern.Pred:c.o (400ms)
✔ [2361/7677] Built Init.Data.String.Lemmas.Pattern.Basic:c.o (284ms)
✔ [2362/7677] Built Std.Http.Internal.LowerCase:c.o (95ms)
✔ [2363/7677] Built Init.Data.String.Pattern.Char (189ms)
✔ [2365/7677] Built Init.Data.String.Pattern.String (4.4s)
✔ [2367/7677] Built Init.Data.String.Pattern.Char:c.o (207ms)
✔ [2368/7677] Built Init.Data.String.Pattern (118ms)
✔ [2370/7677] Built Init.Data.String.Pattern:c.o (79ms)
✔ [2371/7677] Built Init.Data.String.Pattern.String:c.o (1.2s)
✔ [2372/7677] Built Std.Data.DHashMap.Internal.RawLemmas (38s)
✔ [2374/7677] Built Std.Data.DHashMap.DecidableEquiv (208ms)
✔ [2376/7677] Built Std.Data.DTreeMap.Internal.Lemmas (52s)
✔ [2378/7677] Built Std.Data.DHashMap.RawDecidableEquiv (609ms)
✔ [2380/7677] Built Std.Data.DHashMap.DecidableEquiv:c.o (205ms)
✔ [2381/7677] Built Init.Data.String.Slice (4.9s)
✔ [2383/7677] Built Std.Data.DHashMap.RawDecidableEquiv:c.o (94ms)
✔ [2384/7677] Built Std.Data.DHashMap.Internal.RawLemmas:c.o (3.9s)
✔ [2385/7677] Built Std.Data.HashMap.DecidableEquiv (514ms)
✔ [2387/7677] Built Std.Data.DTreeMap.Raw.DecidableEquiv (517ms)
✔ [2389/7677] Built Std.Data.DTreeMap.Internal.Lemmas:c.o (6.9s)
✔ [2390/7677] Built Std.Data.DTreeMap.Internal.Zipper (10s)
✔ [2392/7677] Built Std.Data.DHashMap.Lemmas (22s)
✔ [2394/7677] Built Std.Data.HashMap.RawDecidableEquiv (514ms)
✔ [2396/7677] Built Std.Data.HashMap.DecidableEquiv:c.o (222ms)
✔ [2397/7677] Built Std.Data.DTreeMap.Raw.DecidableEquiv:c.o (152ms)
✔ [2398/7677] Built Init.Data.String.Slice:c.o (8.8s)
✔ [2399/7677] Built Init.Data.String.Iter.Intercalate (590ms)
✔ [2401/7677] Built Init.Data.String.Lemmas.Intercalate (689ms)
✔ [2403/7677] Built Std.Internal.Parsec.String (758ms)
✔ [2405/7677] Built Init.Data.String.Lemmas.Slice (579ms)
✔ [2407/7677] Built Init.Data.String.Substring (1.5s)
✔ [2409/7677] Built Init.Data.String.Search (1.4s)
✔ [2411/7677] Built Std.Data.DHashMap.Lemmas:c.o (99ms)
✔ [2412/7677] Built Std.Data.HashSet.DecidableEquiv (172ms)
✔ [2414/7677] Built Std.Data.HashMap.RawDecidableEquiv:c.o (76ms)
✔ [2415/7677] Built Init.Data.String.Iter.Intercalate:c.o (162ms)
✔ [2416/7677] Built Init.Data.String.Lemmas.Intercalate:c.o (262ms)
✔ [2417/7677] Built Std.Internal.Parsec.String:c.o (655ms)
✔ [2418/7677] Built Init.Data.String.Lemmas.Slice:c.o (96ms)
✔ [2419/7677] Built Std.Data.DTreeMap.Internal.Zipper:c.o (2.4s)
✔ [2420/7677] Built Std.Data.DTreeMap.Raw.Iterator (247ms)
✔ [2422/7677] Built Std.Data.DTreeMap.Raw.Slice (463ms)
✔ [2424/7677] Built Std.Data.DHashMap.RawLemmas (28s)
✔ [2426/7677] Built Std.Data.DTreeMap.Raw.Lemmas (24s)
✔ [2428/7677] Built Init.Data.String.Search:c.o (1.1s)
✔ [2429/7677] Built Std.Data.HashSet.DecidableEquiv:c.o (81ms)
✔ [2430/7677] Built Std.Data.HashSet.RawDecidableEquiv (152ms)
✔ [2432/7677] Built Init.Data.String.Iter (199ms)
✔ [2434/7677] Built Std.Data.ExtDHashMap.Basic (1.5s)
✔ [2436/7677] Built Init.Data.String.Lemmas.Iter (266ms)
✔ [2438/7677] Built Init.Data.String.Lemmas.Length (328ms)
✔ [2440/7677] Built Std.Internal.Parsec (380ms)
✔ [2442/7677] Built Init.Data.String.Lemmas.Hashable (204ms)
✔ [2444/7677] Built Std.Data.DTreeMap.Lemmas (21s)
✔ [2446/7677] Built Std.Data.DTreeMap.Raw.Iterator:c.o (102ms)
✔ [2447/7677] Built Init.Data.String.Substring:c.o (2.0s)
✔ [2448/7677] Built Init.Data.String.Lemmas.Pattern.String.Basic (1.3s)
✔ [2450/7677] Built Std.Data.DTreeMap.Raw.Slice:c.o (220ms)
✔ [2451/7677] Built Init.Data.String.TakeDrop (820ms)
✔ [2453/7677] Built Init.Data.String.Lemmas.Pattern.Find.Basic (987ms)
✔ [2455/7677] Built Lean.Data.Json.Basic (1.3s)
✔ [2457/7677] Built Lake.Util.Casing (328ms)
✔ [2459/7677] Built Init.Data.String.Lemmas.Pattern.Pred (1.3s)
✔ [2461/7677] Built Init.Data.String.Lemmas.Pattern.Split.Basic (1.0s)
✔ [2463/7677] Built Init.System.FilePath (835ms)
✔ [2465/7677] Built Init.Data.Format.Instances (401ms)
✔ [2467/7677] Built Std.Data.DTreeMap.Raw.Lemmas:c.o (166ms)
✔ [2468/7677] Built Init.Data.String.Lemmas.Search (356ms)
✔ [2470/7677] Built Std.Data.HashSet.RawDecidableEquiv:c.o (99ms)
✔ [2471/7677] Built Init.Data.String.Iter:c.o (110ms)
✔ [2472/7677] Built Std.Data.DHashMap.RawLemmas:c.o (349ms)
✔ [2473/7677] Built Init.Data.String.Extra (1.0s)
✔ [2475/7677] Built Init.Data.String.Lemmas.Iter:c.o (238ms)
✔ [2476/7677] Built Init.Data.String.Lemmas.Length:c.o (106ms)
✔ [2477/7677] Built Std.Internal.Parsec:c.o (103ms)
✔ [2478/7677] Built Std.Data.DTreeMap.Lemmas:c.o (168ms)
✔ [2479/7677] Built Init.Data.String.Lemmas.Hashable:c.o (99ms)
✔ [2480/7677] Built Std.Data.TreeMap.Raw.Iterator (242ms)
✔ [2482/7677] Built Std.Data.DTreeMap.Iterator (297ms)
✔ [2484/7677] Built Init.Data.String.Lemmas.Pattern.String.Basic:c.o (171ms)
✔ [2485/7677] Built Std.Data.DTreeMap.Slice (434ms)
✔ [2487/7677] Built Std.Data.TreeMap.Raw.Slice (486ms)
✔ [2489/7677] Built Std.Data.ExtDHashMap.Basic:c.o (1.3s)
✔ [2490/7677] Built Init.Data.String.Lemmas.Pattern.Find.Basic:c.o (287ms)
✔ [2491/7677] Built Init.Data.String.Lemmas.Pattern.Pred:c.o (169ms)
✔ [2492/7677] Built Lake.Util.Casing:c.o (203ms)
✔ [2493/7677] Built Init.Data.String.Lemmas.Pattern.Split.Basic:c.o (496ms)
✔ [2494/7677] Built Init.Data.String.TakeDrop:c.o (1.2s)
✔ [2495/7677] Built Std.Data.DTreeMap.Raw (170ms)
✔ [2497/7677] Built Init.Data.Format.Instances:c.o (351ms)
✔ [2498/7677] Built Std.Data.HashMap.Lemmas (7.8s)
✔ [2500/7677] Built Init.Data.String.Lemmas.Search:c.o (172ms)
✔ [2501/7677] Built Init.System.FilePath:c.o (1.6s)
✔ [2502/7677] Built Std.Data.ExtHashMap.Basic (1.2s)
✔ [2504/7677] Built Init.Data.String.Extra:c.o (1.3s)
✔ [2505/7677] Built Lean.Data.Json.Basic:c.o (4.7s)
✔ [2506/7677] Built Std.Time.Zoned.Database.TzIf (2.8s)
✔ [2508/7677] Built Std.Data.ExtDTreeMap.Basic (4.3s)
✔ [2510/7677] Built Std.Data.TreeMap.Raw.Iterator:c.o (323ms)
✔ [2511/7677] Built Std.Data.DTreeMap.Iterator:c.o (197ms)
✔ [2512/7677] Built Std.Data.TreeMap.Raw.Lemmas (14s)
✔ [2514/7677] Built Init.Data.ToString.Name (537ms)
✔ [2516/7677] Built Std.Data.HashMap.RawLemmas (14s)
✔ [2518/7677] Built Std.Http.Internal.String (834ms)
✔ [2520/7677] Built Init.Data.String.Lemmas.Pattern.TakeDrop.Basic (1.2s)
✔ [2522/7677] Built Lean.Data.Name (432ms)
✔ [2524/7677] Built Init.Data.String.Lemmas.Pattern.String.ForwardSearcher (5.6s)
✔ [2526/7677] Built Std.Data.ExtDHashMap.Lemmas (15s)
✔ [2528/7677] Built Init.Data.String.Lemmas.TakeDrop (229ms)
✔ [2530/7677] Built Std.Data.DTreeMap.Slice:c.o (226ms)
✔ [2531/7677] Built Lake.Util.Cli (511ms)
✔ [2533/7677] Built Std.Data.TreeMap.Raw.Slice:c.o (175ms)
✔ [2534/7677] Built Std.Data.TreeMap.Lemmas (13s)
✔ [2536/7677] Built Init.Data.String.Lemmas.Pattern.String.ForwardPattern (669ms)
✔ [2538/7677] Built Init.Data.String.Lemmas.Pattern.Split.Pred (756ms)
✔ [2540/7677] Built Init.Data.String.Lemmas.Pattern.Find.Pred (882ms)
✔ [2542/7677] Built Lean.Data.Json.Parser (1.0s)
✔ [2544/7677] Built Lean.Compiler.FFI (342ms)
✔ [2546/7677] Built Lake.Config.Defaults (299ms)
✔ [2548/7677] Built Std.Data.HashMap.Lemmas:c.o (141ms)
✔ [2549/7677] Built Std.Data.DTreeMap.Raw:c.o (135ms)
✔ [2550/7677] Built Init.Data.String.Lemmas.Pattern.Char (1.3s)
✔ [2552/7677] Built Init.System.Uri (603ms)
✔ [2554/7677] Built Std.Data.TreeSet.Raw.Iterator (255ms)
✔ [2556/7677] Built Std.Data.TreeMap.Iterator (346ms)
✔ [2558/7677] Built Std.Data.ExtHashMap.Basic:c.o (817ms)
✔ [2559/7677] Built Std.Data.TreeMap.Raw.Lemmas:c.o (97ms)
✔ [2560/7677] Built Std.Data.HashMap.RawLemmas:c.o (96ms)
✔ [2561/7677] Built Std.Http.Internal.String:c.o (435ms)
✔ [2562/7677] Built Init.Data.String.Lemmas.Pattern.TakeDrop.Basic:c.o (111ms)
✔ [2563/7677] Built Init.System.IO (2.0s)
✔ [2565/7677] Built Std.Data.ExtDHashMap.Lemmas:c.o (77ms)
✔ [2566/7677] Built Init.Data.String.Lemmas.TakeDrop:c.o (89ms)
✔ [2567/7677] Built Init.Data.ToString.Name:c.o (789ms)
✔ [2568/7677] Built Init.Data.String.Lemmas.Pattern.String.ForwardSearcher:c.o (270ms)
✔ [2569/7677] Built Lean.Data.Name:c.o (680ms)
✔ [2570/7677] Built Std.Data.TreeSet.Raw.Slice (427ms)
✔ [2572/7677] Built Std.Data.TreeMap.Lemmas:c.o (97ms)
✔ [2573/7677] Built Std.Data.TreeMap.Slice (487ms)
✔ [2575/7677] Built Init.Data.String.Lemmas.Pattern.String.ForwardPattern:c.o (114ms)
✔ [2576/7677] Built Init.Data.String.Lemmas.Pattern.Find.Pred:c.o (90ms)
✔ [2577/7677] Built Std.Data.ExtDTreeMap.Basic:c.o (2.3s)
✔ [2578/7677] Built Std.Time.Zoned.Database.TzIf:c.o (2.4s)
✔ [2579/7677] Built Init.Data.String.Lemmas.Pattern.Split.Pred:c.o (127ms)
✔ [2580/7677] Built Lake.Config.Defaults:c.o (65ms)
✔ [2581/7677] Built Std.Data.DTreeMap.DecidableEquiv (201ms)
✔ [2583/7677] Built Std.Data.ExtHashSet.Basic (407ms)
✔ [2585/7677] Built Lean.Compiler.FFI:c.o (557ms)
✔ [2586/7677] Built Init.Data.String.Lemmas.Pattern.Char:c.o (199ms)
✔ [2587/7677] Built Lake.Util.Cli:c.o (2.3s)
✔ [2588/7677] Built Std.Data.ExtTreeMap.Basic (1.4s)
✔ [2590/7677] Built Std.Data.TreeSet.Raw.Iterator:c.o (198ms)
✔ [2591/7677] Built Std.Data.TreeMap.Iterator:c.o (261ms)
✔ [2592/7677] Built Lean.Data.Json.Parser:c.o (3.2s)
✔ [2593/7677] Built Init.System.Uri:c.o (1.3s)
✔ [2594/7677] Built Init.Data.ToString (346ms)
✔ [2596/7677] Built Std.Data.HashSet.Lemmas (3.6s)
✔ [2598/7677] Built Lean.Data.OpenDecl (332ms)
✔ [2600/7677] Built Init.Data.Format.Syntax (432ms)
✔ [2602/7677] Built Init.CbvSimproc (1.2s)
✔ [2604/7677] Built Init.Data.String.Lemmas.Pattern.TakeDrop.Pred (1.6s)
✔ [2606/7677] Built Init.Simproc (2.5s)
✔ [2608/7677] Built Lean.Data.NameMap.Basic (633ms)
✔ [2610/7677] Built Std.Data.TreeSet.Raw.Lemmas (4.9s)
✔ [2612/7677] Built Std.Data.HashSet.RawLemmas (3.6s)
✔ [2614/7677] Built Std.Data.ExtDHashMap (228ms)
✔ [2616/7677] Built Init.Data.String.Lemmas.Pattern.Find.String (363ms)
✔ [2618/7677] Built Std.Data.TreeSet.Raw.Slice:c.o (311ms)
✔ [2619/7677] Built Init.Data.String.Lemmas.Pattern.String (256ms)
✔ [2621/7677] Built Std.Data.TreeMap.Slice:c.o (387ms)
✔ [2622/7677] Built Std.Data.DTreeMap.DecidableEquiv:c.o (202ms)
✔ [2623/7677] Built Std.Data.ExtHashSet.Basic:c.o (1000ms)
✔ [2624/7677] Built Init.Data.String.Lemmas.Pattern.TakeDrop.Char (853ms)
✔ [2626/7677] Built Init.System.IO:c.o (5.2s)
✔ [2627/7677] Built Init.Data.String.Lemmas.Pattern.Split.Char (783ms)
✔ [2629/7677] Built Init.Data.String.Lemmas.Pattern.Find.Char (693ms)
✔ [2631/7677] Built Std.Data.TreeSet.Lemmas (4.2s)
✔ [2633/7677] Built Init.Data.ToString:c.o (145ms)
✔ [2634/7677] Built Std.Data.TreeSet.Iterator (320ms)
✔ [2636/7677] Built Lean.Data.OpenDecl:c.o (136ms)
✔ [2637/7677] Built Std.Data.HashSet.Lemmas:c.o (173ms)
✔ [2638/7677] Built Init.Data.Format.Syntax:c.o (369ms)
✔ [2639/7677] Built Init.Data.String.Lemmas.Pattern.TakeDrop.Pred:c.o (87ms)
✔ [2640/7677] Built Init.CbvSimproc:c.o (546ms)
✔ [2641/7677] Built Std.Data.ExtHashMap.Lemmas (6.4s)
✔ [2643/7677] Built Lean.Cadical.Internal (297ms)
✔ [2645/7677] Built Std.Data.ExtTreeMap.Basic:c.o (1.9s)
✔ [2646/7677] Built Lake.Util.Lock (245ms)
✔ [2648/7677] Built Lean.Server.ServerTask (321ms)
✔ [2650/7677] Built Std.Data.ExtDTreeMap.Lemmas (13s)
✔ [2652/7677] Built Lake.Util.Error (171ms)
✔ [2654/7677] Built Lake.Util.NativeLib (264ms)
✔ [2656/7677] Built Lean.Util.LakePath (194ms)
✔ [2658/7677] Built Lake.Util.Lift (240ms)
✔ [2660/7677] Built Lean.CompactedRegion (168ms)
✔ [2662/7677] Built Lake.Util.IO (338ms)
✔ [2664/7677] Built Lean.LoadDynlib (223ms)
✔ [2666/7677] Built Lean.ImportingFlag (212ms)
✔ [2668/7677] Built Lean.InternalExceptionId (227ms)
✔ [2670/7677] Built Std.Sync.Basic (157ms)
✔ [2672/7677] Built Lean.Util.Path (501ms)
✔ [2674/7677] Built Lean.Compiler.IR.LLVMBindings (734ms)
✔ [2676/7677] Built Init.System.Promise (307ms)
✔ [2678/7677] Built Std.Net.Addr (563ms)
✔ [2680/7677] Built Std.Data.TreeSet.Raw.Lemmas:c.o (69ms)
✔ [2681/7677] Built Std.Time.DateTime.WallTime (566ms)
✔ [2683/7677] Built Init.Data.Random (405ms)
✔ [2685/7677] Built Std.Data.HashSet.RawLemmas:c.o (79ms)
✔ [2686/7677] Built Std.Data.ExtDHashMap:c.o (130ms)
✔ [2687/7677] Built Init.Data.String.Lemmas.Pattern.Find.String:c.o (225ms)
✔ [2688/7677] Built Init.Data.String.Lemmas.Pattern.String:c.o (89ms)
✔ [2689/7677] Built Std.Data.TreeSet.Slice (510ms)
✔ [2691/7677] Built Std.Data.DTreeMap (239ms)
✔ [2693/7677] Built Std.Data.TreeMap.Raw.DecidableEquiv (307ms)
✔ [2695/7677] Built Init.Data.String.Lemmas.Pattern.TakeDrop.Char:c.o (100ms)
✔ [2696/7677] Built Std.Data.TreeMap.DecidableEquiv (221ms)
✔ [2698/7677] Built Init.Data.String.Lemmas.Pattern.Split.Char:c.o (140ms)
✔ [2699/7677] Built Init.Data.String.Lemmas.Pattern.Find.Char:c.o (332ms)
✔ [2700/7677] Built Init.Simproc:c.o (1.6s)
✔ [2701/7677] Built Lean.Data.NameMap.Basic:c.o (1.6s)
✔ [2702/7677] Built Init.Internal.Order.Basic (2.1s)
✔ [2704/7677] Built Std.Data.ExtTreeSet.Basic (524ms)
✔ [2706/7677] Built Std.Data.TreeSet.Lemmas:c.o (110ms)
✔ [2707/7677] Built Std.Sat.CNF.Literal (180ms)
✔ [2709/7677] Built Lake.Version (170ms)
✔ [2711/7677] Built Lake.Util.Family (489ms)
✔ [2713/7677] Built Std.Data.TreeSet.Iterator:c.o (95ms)
✔ [2714/7677] Built Std.Http.Internal.ChunkedBuffer (277ms)
✔ [2716/7677] Built Std.Http.Data.Version (335ms)
✔ [2718/7677] Built Lake.Util.Cycle (394ms)
✔ [2720/7677] Built Init.Data.Format (105ms)
✔ [2722/7677] Built Std.Data.ExtHashMap.Lemmas:c.o (118ms)
✔ [2723/7677] Built Lake.CLI.Error (703ms)
✔ [2725/7677] Built Lake.Util.Lock:c.o (269ms)
✔ [2726/7677] Built Std.Data.ExtDTreeMap.Lemmas:c.o (93ms)
✔ [2727/7677] Built Lake.Util.NativeLib:c.o (151ms)
✔ [2728/7677] Built Lean.Cadical.Internal:c.o (448ms)
✔ [2729/7677] Built Lean.Data.KVMap (656ms)
✔ [2731/7677] Built Lean.Server.ServerTask:c.o (543ms)
✔ [2732/7677] Built Lean.Util.LakePath:c.o (121ms)
✔ [2733/7677] Built Lake.Util.Error:c.o (205ms)
✔ [2734/7677] Built Lean.CompactedRegion:c.o (99ms)
✔ [2735/7677] Built Lake.Util.Lift:c.o (278ms)
✔ [2736/7677] Built Std.Sync.Basic:c.o (89ms)
✔ [2737/7677] Built Lean.InternalExceptionId:c.o (157ms)
✔ [2738/7677] Built Lean.ImportingFlag:c.o (203ms)
✔ [2739/7677] Built Lean.LoadDynlib:c.o (399ms)
✔ [2740/7677] Built Lake.Util.IO:c.o (447ms)
✔ [2741/7677] Built Init.System.Promise:c.o (109ms)
✔ [2742/7677] Built Std.Tactic.BVDecide.Syntax (254ms)
✔ [2744/7677] Built Std.Net.Addr:c.o (407ms)
✔ [2745/7677] Built Lean.Data.NameMap.AdditionalOperations (193ms)
✔ [2747/7677] Built Lake.Config.MetaClasses (291ms)
✔ [2749/7677] Built Lean.Compiler.IR.LLVMBindings:c.o (900ms)
✔ [2750/7677] Built Lake.Toml.Data.Dict (570ms)
✔ [2752/7677] Built Std.Data.TreeSet.Slice:c.o (227ms)
✔ [2753/7677] Built Lean.Util.Path:c.o (1.1s)
✔ [2754/7677] Built Std.Data.DTreeMap:c.o (102ms)
✔ [2755/7677] Built Std.Data.TreeMap.DecidableEquiv:c.o (92ms)
✔ [2756/7677] Built Std.Data.TreeMap.Raw.DecidableEquiv:c.o (107ms)
✔ [2757/7677] Built Init.Data.String.Lemmas.Pattern.Split (203ms)
✔ [2759/7677] Built Init.Data.String.Lemmas.Pattern.Find (142ms)
✔ [2761/7677] Built Init.Data.String.Lemmas.Pattern.TakeDrop.String (498ms)
✔ [2763/7677] Built Std.Sat.CNF.Literal:c.o (127ms)
✔ [2764/7677] Built Init.Data.Random:c.o (987ms)
✔ [2765/7677] Built Init.Internal.Order.Basic:c.o (337ms)
✔ [2766/7677] Built Lake.Version:c.o (120ms)
✔ [2767/7677] Built Std.Time.DateTime.WallTime:c.o (1.2s)
✔ [2768/7677] Built Std.Http.Data.Version:c.o (248ms)
✔ [2769/7677] Built Lake.Util.Family:c.o (261ms)
✔ [2770/7677] Built Init.Data.Format:c.o (92ms)
✔ [2771/7677] Built Lake.Util.Cycle:c.o (243ms)
✔ [2772/7677] Built Std.Data.ExtHashMap (139ms)
✔ [2774/7677] Built Std.Http.Internal.ChunkedBuffer:c.o (240ms)
✔ [2775/7677] Built Std.Data.ExtDTreeMap (256ms)
✔ [2777/7677] Built Lean.Server.AsyncList (526ms)
✔ [2779/7677] Built Lake.CLI.Error:c.o (1.4s)
✔ [2780/7677] Built Std.Sync.SharedMutex (323ms)
✔ [2782/7677] Built Std.Data.ExtTreeSet.Basic:c.o (2.6s)
✔ [2783/7677] Built Std.Sync.RecursiveMutex (416ms)
✔ [2785/7677] Built Lean.Data.KVMap:c.o (1.8s)
✔ [2786/7677] Built Std.Data.ExtHashSet.Lemmas (2.6s)
✔ [2788/7677] Built Std.Sync.Mutex (493ms)
✔ [2790/7677] Built Std.Net (314ms)
✔ [2792/7677] Built Std.Internal.UV.Loop (227ms)
✔ [2794/7677] Built Std.Internal.UV.Timer (206ms)
✔ [2796/7677] Built Lake.Config.Glob (482ms)
✔ [2798/7677] Built Init.System.CancelToken (239ms)
✔ [2800/7677] Built Std.Tactic.BVDecide.Syntax:c.o (232ms)
✔ [2801/7677] Built Lean.Data.NameMap.AdditionalOperations:c.o (224ms)
✔ [2802/7677] Built Lake.Config.MetaClasses:c.o (276ms)
✔ [2803/7677] Built Std.Time.DateTime.Timestamp (761ms)
✔ [2805/7677] Built Std.Data.TreeMap.Raw (307ms)
✔ [2807/7677] Built Std.Data.TreeSet.Raw.DecidableEquiv (533ms)
✔ [2809/7677] Built Std.Time.DateTime.PlainDateTime (1.6s)
✔ [2811/7677] Built Std.Data.TreeMap (239ms)
✔ [2813/7677] Built Init.Data.String.Lemmas.Pattern.TakeDrop.String:c.o (167ms)
✔ [2814/7677] Built Std.Data.TreeSet.DecidableEquiv (307ms)
✔ [2816/7677] Built Std.Async.Basic (2.2s)
✔ [2818/7677] Built Init.Data.String.Lemmas.Pattern.Find:c.o (163ms)
✔ [2819/7677] Built Std.Data.Iterators.Consumers.Monadic.Set (571ms)
✔ [2821/7677] Built Std.Internal.Order.PropLattice (358ms)
✔ [2823/7677] Built Init.Data.String.Lemmas.Pattern.Split:c.o (149ms)
✔ [2824/7677] Built Lake.Toml.Data.Dict:c.o (2.5s)
✔ [2825/7677] Built Init.Internal.Order.MonadTail (771ms)
✔ [2827/7677] Built Lake.CLI.Help (426ms)
✔ [2829/7677] Built Lake.Build.Topological (486ms)
✔ [2831/7677] Built Lake.Util.StoreInsts (475ms)
✔ [2833/7677] Built Std.Data.ExtHashMap:c.o (90ms)
✔ [2834/7677] Built Std.Data.ExtDTreeMap:c.o (106ms)
✔ [2835/7677] Built Init.Internal.Order.Lemmas (1.0s)
✔ [2837/7677] Built Std.Http.Internal.Encode (290ms)
✔ [2839/7677] Built Std.Sync.SharedMutex:c.o (411ms)
✔ [2840/7677] Built Std.Sync.RecursiveMutex:c.o (289ms)
✔ [2841/7677] Built Lean.Server.AsyncList:c.o (818ms)
✔ [2842/7677] Built Std.Data.ExtHashSet.Lemmas:c.o (110ms)
✔ [2843/7677] Built Std.Net:c.o (93ms)
✔ [2844/7677] Built Std.Sync.Mutex:c.o (338ms)
✔ [2845/7677] Built Std.Internal.UV.Timer:c.o (117ms)
✔ [2846/7677] Built Std.Internal.UV.Loop:c.o (64ms)
✔ [2847/7677] Built Std.Tactic.BVDecide.Normalize.Canonicalize (436ms)
✔ [2849/7677] Built Lean.Data.Options (1.4s)
✔ [2851/7677] Built Init.System.CancelToken:c.o (174ms)
✔ [2852/7677] Built Lake.Config.Glob:c.o (491ms)
✔ [2853/7677] Built Std.Data.TreeMap.Raw:c.o (152ms)
✔ [2854/7677] Built Lean.Data.NameMap (291ms)
✔ [2856/7677] Built Std.Data.ExtTreeMap.Lemmas (8.4s)
✔ [2858/7677] Built Std.Data.TreeSet.Raw.DecidableEquiv:c.o (73ms)
✔ [2859/7677] Built Std.Data.TreeMap:c.o (100ms)
✔ [2860/7677] Built Init.Data.String.Lemmas.Pattern.TakeDrop (231ms)
✔ [2862/7677] Built Std.Data.TreeSet.DecidableEquiv:c.o (77ms)
✔ [2863/7677] Built Std.Sat.CNF.Basic (3.4s)
✔ [2865/7677] Built Std.Internal.Order.PropLattice:c.o (73ms)
✔ [2866/7677] Built Init.Internal.Order.MonadTail:c.o (105ms)
✔ [2867/7677] Built Lake.CLI.Help:c.o (112ms)
✔ [2868/7677] Built Std.Data.Iterators.Consumers.Monadic.Set:c.o (412ms)
✔ [2869/7677] Built Std.Http.Internal.Encode:c.o (85ms)
✔ [2870/7677] Built Lake.Build.Topological:c.o (198ms)
✔ [2871/7677] Built Lake.Util.StoreInsts:c.o (297ms)
✔ [2872/7677] Built Init.Internal.Order.Lemmas:c.o (222ms)
✔ [2873/7677] Built Std.Data.ExtHashSet (125ms)
✔ [2875/7677] Built Std.Time.DateTime.Timestamp:c.o (1.4s)
✔ [2876/7677] Built Std.Sync.Barrier (284ms)
✔ [2878/7677] Built Std.Sync.Semaphore (294ms)
✔ [2880/7677] Built Std.Internal.UV.TCP (288ms)
✔ [2882/7677] Built Std.Internal.UV.UDP (204ms)
✔ [2884/7677] Built Std.Internal.UV.DNS (201ms)
✔ [2886/7677] Built Std.Tactic.BVDecide.Normalize.Canonicalize:c.o (72ms)
✔ [2887/7677] Built Std.Internal.UV.Signal (204ms)
✔ [2889/7677] Built Init.System (136ms)
✔ [2891/7677] Built Std.Internal.UV.System (850ms)
✔ [2893/7677] Built Lean.Server.RequestCancellation (346ms)
✔ [2895/7677] Built Std.Time.DateTime.PlainDateTime:c.o (2.5s)
✔ [2896/7677] Built Lean.Data.NameMap:c.o (55ms)
✔ [2897/7677] Built Std.Data.TreeSet.Raw (342ms)
✔ [2899/7677] Built Std.Time.Zoned.TimeZone (473ms)
✔ [2901/7677] Built Std.Http.Data.Extensions (331ms)
✔ [2903/7677] Built Std.Data.ExtTreeMap.Lemmas:c.o (138ms)
✔ [2904/7677] Built Std.Data.TreeSet (239ms)
✔ [2906/7677] Built Std.Data.Iterators.Consumers.Monadic (250ms)
✔ [2908/7677] Built Init.Data.String.Lemmas.Pattern.TakeDrop:c.o (75ms)
✔ [2909/7677] Built Std.Data.Iterators.Consumers.Set (310ms)
✔ [2911/7677] Built Std.Async.Select (757ms)
✔ [2913/7677] Built Std.Data.ExtHashSet:c.o (64ms)
✔ [2914/7677] Built Init.Internal.Order.While (236ms)
✔ [2916/7677] Built Std.Sat.CNF.Basic:c.o (854ms)
✔ [2917/7677] Built Std.Async.Basic:c.o (3.6s)
✔ [2918/7677] Built Std.Sync.Semaphore:c.o (237ms)
✔ [2919/7677] Built Std.Sync.Barrier:c.o (242ms)
✔ [2920/7677] Built Std.Internal.UV.TCP:c.o (158ms)
✔ [2921/7677] Built Std.Internal.UV.UDP:c.o (112ms)
✔ [2922/7677] Built Lean.Util.Profile (233ms)
✔ [2924/7677] Built Lean.Util.RecDepth (175ms)
✔ [2926/7677] Built Std.Internal.UV.DNS:c.o (117ms)
✔ [2927/7677] Built Lean.Compiler.LCNF.ConfigOptions (375ms)
✔ [2929/7677] Built Std.Internal.UV.Signal:c.o (112ms)
✔ [2930/7677] Built Lean.Data.Format (316ms)
✔ [2932/7677] Built Init.System:c.o (117ms)
✔ [2933/7677] Built Lean.PrettyPrinter.Delaborator.Options (675ms)
✔ [2935/7677] Built Std.Data.TreeSet.Raw:c.o (87ms)
✔ [2936/7677] Built Lean.Server.RequestCancellation:c.o (214ms)
✔ [2937/7677] Built Std.Data.ExtTreeMap (164ms)
✔ [2939/7677] Built Std.Http.Data.Extensions:c.o (150ms)
✔ [2940/7677] Built Std.Internal.UV.System:c.o (780ms)
✔ [2941/7677] Built Lean.Data.Options:c.o (3.5s)
✔ [2942/7677] Built Std.Time.Zoned.TimeZone:c.o (558ms)
✔ [2943/7677] Built Std.Data.TreeSet:c.o (161ms)
✔ [2944/7677] Built Std.Sat.CNF.Sat (477ms)
✔ [2946/7677] Built Std.Data.Iterators.Consumers.Monadic:c.o (118ms)
✔ [2947/7677] Built Std.Tactic.BVDecide.Normalize.BitVec (1.8s)
✔ [2949/7677] Built Lean.Cadical.Basic (811ms)
✔ [2951/7677] Built Init.Data.String.Lemmas.Pattern (225ms)
✔ [2953/7677] Built Init.Internal.Order.While:c.o (206ms)
✔ [2954/7677] Built Std.Data.Iterators.Consumers.Set:c.o (218ms)
✔ [2955/7677] Built Lean.Util.Profile:c.o (269ms)
✔ [2956/7677] Built Lean.Util.RecDepth:c.o (141ms)
✔ [2957/7677] Built Lean.Compiler.LCNF.ConfigOptions:c.o (204ms)
✔ [2958/7677] Built Std.Internal.UV (209ms)
✔ [2960/7677] Built Std.Data.ExtTreeMap:c.o (99ms)
✔ [2961/7677] Built Lean.Data.Format:c.o (665ms)
✔ [2962/7677] Built Std.Sat.CNF.Sat:c.o (197ms)
✔ [2963/7677] Built Std.Time.Zoned.RecurringRule (702ms)
✔ [2965/7677] Built Std.Async.Select:c.o (1.7s)
✔ [2966/7677] Built Std.Data.ExtTreeSet.Lemmas (2.9s)
✔ [2968/7677] Built Std.Async.IO (210ms)
✔ [2970/7677] Built Std.Sync.Notify (402ms)
✔ [2972/7677] Built Std.Data.Iterators.Consumers (167ms)
✔ [2974/7677] Built Std.Tactic.BVDecide.Normalize.BitVec:c.o (84ms)
✔ [2975/7677] Built Init.Data.String.Lemmas.Pattern:c.o (81ms)
✔ [2976/7677] Built Init.Internal.Order (142ms)
✔ [2978/7677] Built Lean.PrettyPrinter.Delaborator.Options:c.o (1.4s)
✔ [2979/7677] Built Lean.Cadical.Basic:c.o (501ms)
✔ [2980/7677] Built Lean.Hygiene (472ms)
✔ [2982/7677] Built Std.Internal.UV:c.o (72ms)
✔ [2983/7677] Built Lean.Data.Trie (554ms)
✔ [2985/7677] Built Std.Sat.CNF.Relabel (483ms)
✔ [2987/7677] Built Std.Sat.CNF.Entails (534ms)
✔ [2989/7677] Built Lean.Cadical (268ms)
✔ [2991/7677] Built Lean.Data.Json.Printer (1.5s)
✔ [2993/7677] Built Lean.Syntax (1.9s)
✔ [2995/7677] Built Std.Async.IO:c.o (91ms)
✔ [2996/7677] Built Std.Tactic.BVDecide.Normalize (303ms)
✔ [2998/7677] Built Std.Data.ExtTreeSet.Lemmas:c.o (103ms)
✔ [2999/7677] Built Std.Time.Zoned.RecurringRule:c.o (1.0s)
✔ [3000/7677] Built Std.Data.Iterators.Consumers:c.o (116ms)
✔ [3001/7677] Built Init.Data.String.Lemmas (333ms)
✔ [3003/7677] Built Init.Internal.Order:c.o (167ms)
✔ [3004/7677] Built Std.Sync.Notify:c.o (973ms)
✔ [3005/7677] Built Std.Sat.CNF.Relabel:c.o (252ms)
✔ [3006/7677] Built Std.Sat.CNF.Entails:c.o (120ms)
✔ [3007/7677] Built Lean.Cadical:c.o (64ms)
✔ [3008/7677] Built Lean.Hygiene:c.o (610ms)
✔ [3009/7677] Built Std.Time.Zoned.ZoneRules (593ms)
✔ [3011/7677] Built Lean.Data.Trie:c.o (1.2s)
✔ [3012/7677] Built Std.Tactic.BVDecide.Normalize:c.o (120ms)
✔ [3013/7677] Built Lean.Data.Json.Printer:c.o (894ms)
✔ [3014/7677] Built Std.Data.ExtTreeSet (149ms)
✔ [3016/7677] Built Std.Data.Iterators.Lemmas.Consumers.Monadic.Set (295ms)
✔ [3018/7677] Built Std.Internal.Order.Basic (528ms)
✔ [3020/7677] Built Init.Internal (228ms)
✔ [3022/7677] Built Std.Data.Iterators.Lemmas.Equivalence.Basic (731ms)
✔ [3024/7677] Built Std.Sat.CNF.RelabelFin (455ms)
✔ [3026/7677] Built Init.Data.String.Lemmas:c.o (194ms)
✔ [3027/7677] Built Std.Sat.CNF.Unit (292ms)
✔ [3029/7677] Built Std.Sync.Channel (2.6s)
✔ [3031/7677] Built Lean.Data.Json.Stream (216ms)
✔ [3033/7677] Built Std.Do.Triple.SpecLemmas (6.0s)
✔ [3035/7677] Built Std.Tactic.BVDecide.LRAT.Internal.Basic (514ms)
✔ [3037/7677] Built Lean.DocString.Links (638ms)
✔ [3039/7677] Built Std.Data.ExtTreeSet:c.o (132ms)
✔ [3040/7677] Built Std.Data.Iterators.Lemmas.Consumers.Monadic.Set:c.o (98ms)
✔ [3041/7677] Built Lean.Data.Json.FromToJson.Basic (1.2s)
✔ [3043/7677] Built Lean.Syntax:c.o (4.2s)
✔ [3044/7677] Built Init.Internal:c.o (79ms)
✔ [3045/7677] Built Std.Data.Iterators.Lemmas.Equivalence.Basic:c.o (114ms)
✔ [3046/7677] Built Std.Internal.Order.Basic:c.o (363ms)
✔ [3047/7677] Built Lean.Level (2.6s)
✔ [3049/7677] Built Init.Data.String (155ms)
✔ [3051/7677] Built Std.Sat.CNF.RelabelFin:c.o (230ms)
✔ [3052/7677] Built Std.Sat.CNF.Unit:c.o (88ms)
✔ [3053/7677] Built Std.Time.Zoned.ZoneRules:c.o (1.3s)
✔ [3054/7677] Built Lean.Data.Json.Stream:c.o (145ms)
✔ [3055/7677] Built Std.Tactic.BVDecide.LRAT.Internal.Basic:c.o (202ms)
✔ [3056/7677] Built Std.Do.Triple.SpecLemmas:c.o (554ms)
✔ [3057/7677] Built Std.Time.Zoned.Database.PosixTz (511ms)
✔ [3059/7677] Built Std.Time.DateTime (702ms)
✔ [3061/7677] Built Std.Data.Iterators.Lemmas.Consumers.Set (278ms)
✔ [3063/7677] Built Std.Internal.Order.PredTrans (694ms)
✔ [3065/7677] Built Std.Internal.Order.Lemmas (638ms)
✔ [3067/7677] Built Lean.DocString.Links:c.o (1.2s)
✔ [3068/7677] Built Std.Data.Iterators.Lemmas.Producers.Monadic.List (315ms)
✔ [3070/7677] Built Lean.Data.Json.FromToJson.Basic:c.o (987ms)
✔ [3071/7677] Built Std.Sat.CNF.Dimacs (423ms)
✔ [3073/7677] Built Init.Data.String:c.o (227ms)
✔ [3074/7677] Built Std.Data.Iterators.Lemmas.Equivalence.StepCongr (696ms)
✔ [3076/7677] Built Std.Do.Triple (130ms)
✔ [3078/7677] Built Std.Sat.CNF.Negation (514ms)
✔ [3080/7677] Built Std.Sat.CNF.SpecLemmas (273ms)
✔ [3082/7677] Built Std.Tactic.BVDecide.LRAT.Internal.Add (155ms)
✔ [3084/7677] Built Std.Tactic.BVDecide.LRAT.Internal.Delete (277ms)
✔ [3086/7677] Built Lean.Data.JsonRpc (1.2s)
✔ [3088/7677] Built Std.Time.Zoned.Database.PosixTz:c.o (1.6s)
✔ [3089/7677] Built Lean.Server.Rpc.Basic (567ms)
✔ [3091/7677] Built Lean.Data.Lsp.Window (402ms)
✔ [3093/7677] Built Lean.Data.Lsp.BasicAux (392ms)
✔ [3095/7677] Built Std.Data.Iterators.Lemmas.Consumers.Set:c.o (96ms)
✔ [3096/7677] Built Lean.Util.LeanOptions (437ms)
✔ [3098/7677] Built Std.Sync.Channel:c.o (5.2s)
✔ [3099/7677] Built Std.Internal.Order.Lemmas:c.o (73ms)
✔ [3100/7677] Built Lean.Data.Json.FromToJson.Extra (207ms)
✔ [3102/7677] Built Lean.Level:c.o (3.5s)
✔ [3103/7677] Built Std.Data.Iterators.Lemmas.Producers.Monadic.List:c.o (195ms)
✔ [3104/7677] Built Std.Internal.Order.PredTrans:c.o (371ms)
✔ [3105/7677] Built Std.Data.Iterators.Lemmas.Equivalence.StepCongr:c.o (127ms)
✔ [3106/7677] Built Std.Sat.CNF.Dimacs:c.o (244ms)
✔ [3107/7677] Built Std.Do.Triple:c.o (89ms)
✔ [3108/7677] Built Init.Data (293ms)
✔ [3110/7677] Built Std.Sat.CNF.Negation:c.o (187ms)
✔ [3111/7677] Built Std.Sat.CNF.SpecLemmas:c.o (93ms)
✔ [3112/7677] Built Std.Tactic.BVDecide.LRAT.Internal.Add:c.o (66ms)
✔ [3113/7677] Built Std.Tactic.BVDecide.LRAT.Internal.Delete:c.o (182ms)
✔ [3114/7677] Built Std.Time.Zoned.Database.Basic (325ms)
✔ [3116/7677] Built Std.Time.DateTime:c.o (3.5s)
✔ [3117/7677] Built Lean.Data.Lsp.BasicAux:c.o (487ms)
✔ [3118/7677] Built Lean.Data.Lsp.Window:c.o (681ms)
✔ [3119/7677] Built Lean.Data.Json.FromToJson.Extra:c.o (116ms)
✔ [3120/7677] Built Std.Internal.Order.Instances (201ms)
✔ [3122/7677] Built Lean.Server.Rpc.Basic:c.o (1.5s)
✔ [3123/7677] Built Std.Internal.Order.PreservesSup (611ms)
✔ [3125/7677] Built Std.Data.Iterators.Lemmas.Equivalence (184ms)
✔ [3127/7677] Built Std.Internal.Order.OfProp (503ms)
✔ [3129/7677] Built Lean.Util.LeanOptions:c.o (1.7s)
✔ [3130/7677] Built Std.Data.Iterators.Lemmas.Consumers.Monadic.Collect (626ms)
✔ [3132/7677] Built Std.Do (215ms)
✔ [3134/7677] Built Init.Data:c.o (184ms)
✔ [3135/7677] Built Lean.Expr (3.6s)
✔ [3137/7677] Built Std.Sat.CNF.Redundancy (403ms)
✔ [3139/7677] Built Lean.Data.Lsp.CancelParams (266ms)
✔ [3141/7677] Built Std.Data.Iterators.Lemmas.Combinators.Monadic.FilterMap (1.3s)
✔ [3143/7677] Built Lean.Data.Lsp.Communication (413ms)
✔ [3145/7677] Built Lean.Widget.Types (410ms)
✔ [3147/7677] Built Std.Time.Zoned.Database.Basic:c.o (490ms)
✔ [3148/7677] Built Lean.Data.JsonRpc:c.o (3.7s)
✔ [3149/7677] Built Std.Internal.Order.PreservesSup:c.o (100ms)
✔ [3150/7677] Built Std.Internal.Order.Instances:c.o (110ms)
✔ [3151/7677] Built Lean.Data.Json.FromToJson (183ms)
✔ [3153/7677] Built Std.Data.Iterators.Lemmas.Consumers.Monadic.Collect:c.o (86ms)
✔ [3154/7677] Built Std.Data.Iterators.Lemmas.Equivalence:c.o (97ms)
✔ [3155/7677] Built Lean.Widget.TaggedText (809ms)
✔ [3157/7677] Built Std.Do:c.o (114ms)
✔ [3158/7677] Built Std.Internal.Order.OfProp:c.o (194ms)
✔ [3159/7677] Built Std.Sat.CNF.Redundancy:c.o (65ms)
✔ [3160/7677] Built Init (339ms)
✔ [3162/7677] Built Lean.Data.Lsp.CancelParams:c.o (190ms)
✔ [3163/7677] Built Std.Data.Iterators.Lemmas.Combinators.Monadic.FilterMap:c.o (250ms)
✔ [3164/7677] Built Std.Time.Zoned.Database.Windows (353ms)
✔ [3166/7677] Built Std.Time.Zoned.Database.TZdb (424ms)
✔ [3168/7677] Built Lean.Data.Json.FromToJson:c.o (67ms)
✔ [3169/7677] Built Lean.Setup (1.4s)
✔ [3171/7677] Built Lean.Widget.Types:c.o (222ms)
✔ [3172/7677] Built Std.Internal.Order.FrameClosure (381ms)
✔ [3174/7677] Built Std.Data.Iterators.Lemmas.Consumers.Monadic.Loop (498ms)
✔ [3176/7677] Built Std.Internal.Order.Heyting (468ms)
✔ [3178/7677] Built Std.Data.Iterators.Lemmas.Consumers.Collect (208ms)
✔ [3180/7677] Built Lean.Elab.RecAppSyntax (200ms)
✔ [3182/7677] Built Lean.Data.Lsp.Communication:c.o (1.4s)
✔ [3183/7677] Built Lean.Meta.Tactic.Grind.CastLike (287ms)
✔ [3185/7677] Built Lean.Meta.Sym.LitValues (793ms)
✔ [3187/7677] Built Lean.Meta.Sym.ExprPtr (221ms)
✔ [3189/7677] Built Lean.LocalContext (1.7s)
✔ [3191/7677] Built Lean.Util.HasConstCache (299ms)
✔ [3193/7677] Built Lean.Widget.TaggedText:c.o (2.1s)
✔ [3194/7677] Built Lean.Util.NumApps (411ms)
✔ [3196/7677] Built Lean.Util.CollectLevelMVars (373ms)
✔ [3198/7677] Built Std.Tactic.Do.Syntax (2.6s)
✔ [3200/7677] Built Lean.Util.CollectLooseBVars (360ms)
✔ [3202/7677] Built Lean.Meta.MonadSimp (266ms)
✔ [3204/7677] Built Lean.Util.SortExprs (326ms)
✔ [3206/7677] Built Lean.HeadIndex (413ms)
✔ [3208/7677] Built Lean.Util.NumObjs (294ms)
✔ [3210/7677] Built Lean.Util.ForEachExpr (315ms)
✔ [3212/7677] Built Lean.Util.FindMVar (193ms)
✔ [3214/7677] Built Lean.Util.FindLevelMVar (224ms)
✔ [3216/7677] Built Lean.Util.ForEachExprWhere (360ms)
✔ [3218/7677] Built Lean.Util.ReplaceLevel (423ms)
✔ [3220/7677] Built Lean.Util.UnusedBinders (273ms)
✔ [3222/7677] Built Lean.Compiler.BorrowedAnnotation (243ms)
✔ [3224/7677] Built Lean.Util.CollectMVars (309ms)
✔ [3226/7677] Built Lean.Util.CollectLevelParams (384ms)
✔ [3228/7677] Built Lean.Meta.DiscrTree.Types (462ms)
✔ [3230/7677] Built Lean.Util.ReplaceExpr (303ms)
✔ [3232/7677] Built Lean.Util.FindExpr (287ms)
✔ [3234/7677] Built Lean.ToLevel (306ms)
✔ [3236/7677] Built Std.Sat.CNF (237ms)
✔ [3238/7677] Built Init:c.o (209ms)
✔ [3239/7677] Built Std.Time.Zoned.Database.Windows:c.o (446ms)
✔ [3240/7677] Built Lean.Declaration (1.4s)
✔ [3242/7677] Built Std.Time.Zoned.Database.TZdb:c.o (795ms)
✔ [3243/7677] Built Std.Internal.Order.FrameClosure:c.o (113ms)
✔ [3244/7677] Built Std.Data.Iterators.Lemmas.Consumers.Monadic.Loop:c.o (80ms)
✔ [3245/7677] Built Std.Data.Iterators.Lemmas.Consumers.Collect:c.o (75ms)
✔ [3246/7677] Built Std.Internal.Order.Heyting:c.o (197ms)
✔ [3247/7677] Built Lean.Data.Json.Elab (956ms)
✔ [3249/7677] Built Lean.Meta.Tactic.Grind.CastLike:c.o (101ms)
✔ [3250/7677] Built Lean.Elab.RecAppSyntax:c.o (247ms)
✔ [3251/7677] Built Lean.Meta.Sym.ExprPtr:c.o (94ms)
✔ [3252/7677] Built Lean.Util.HasConstCache:c.o (394ms)
✔ [3253/7677] Built Lean.Meta.Sym.LitValues:c.o (623ms)
✔ [3254/7677] Built Lean.Expr:c.o (7.3s)
✔ [3255/7677] Built Lean.Util.CollectLevelMVars:c.o (503ms)
✔ [3256/7677] Built Lean.Util.NumApps:c.o (635ms)
✔ [3257/7677] Built Lean.Meta.MonadSimp:c.o (73ms)
✔ [3258/7677] Built Lean.Util.CollectLooseBVars:c.o (510ms)
✔ [3259/7677] Built Lean.HeadIndex:c.o (456ms)
✔ [3260/7677] Built Lean.Util.ForEachExpr:c.o (386ms)
✔ [3261/7677] Built Lean.Util.SortExprs:c.o (710ms)
✔ [3262/7677] Built Lean.Util.FindMVar:c.o (180ms)
✔ [3263/7677] Built Lean.Util.NumObjs:c.o (395ms)
✔ [3264/7677] Built Lean.Util.FindLevelMVar:c.o (244ms)
✔ [3265/7677] Built Std.Tactic.Do.Syntax:c.o (1.9s)
✔ [3266/7677] Built Lean.Compiler.BorrowedAnnotation:c.o (93ms)
✔ [3267/7677] Built Lean.Util.ForEachExprWhere:c.o (520ms)
✔ [3268/7677] Built Lean.Util.ReplaceLevel:c.o (553ms)
✔ [3269/7677] Built Lean.Setup:c.o (3.8s)
✔ [3270/7677] Built Lean.Util.UnusedBinders:c.o (151ms)
✔ [3271/7677] Built Lean.Util.ReplaceExpr:c.o (209ms)
✔ [3272/7677] Built Lean.Util.CollectMVars:c.o (345ms)
✔ [3273/7677] Built Lean.Util.FindExpr:c.o (179ms)
✔ [3274/7677] Built Lean.Meta.DiscrTree.Types:c.o (364ms)
✔ [3275/7677] Built Std.Sat.CNF:c.o (107ms)
✔ [3276/7677] Built Lean.ToLevel:c.o (116ms)
✔ [3277/7677] Built Std.Time.Zoned.Database (171ms)
✔ [3279/7677] Built Lean.Util.CollectLevelParams:c.o (632ms)
✔ [3280/7677] Built Init:static (254ms)
✔ [3281/7677] Built Init:static (242ms)
✔ [3283/7677] Built Leanc (624ms)
✔ [3285/7677] Built Lake.Config.OutFormat (418ms)
✔ [3287/7677] Built Std.Data.Iterators.Lemmas.Consumers.Monadic (269ms)
✔ [3289/7677] Built Std.WP.Assertion (386ms)
✔ [3291/7677] Built Std.Data.Iterators.Lemmas.Consumers.Loop (252ms)
✔ [3293/7677] Built Lean.Meta.Sym.Offset (415ms)
✔ [3295/7677] Built Lean.Declaration:c.o (1.4s)
✔ [3296/7677] Built Lean.Compiler.NameMangling (1.5s)
✔ [3298/7677] Built Lean.Data.Json.Elab:c.o (988ms)
✔ [3299/7677] Built Std.Tactic.Do (161ms)
✔ [3301/7677] Built Lean.Util.CollectFVars (285ms)
✔ [3303/7677] Built Lean.Meta.Tactic.FVarSubst (323ms)
✔ [3305/7677] Built Lean.Util.InstantiateLevelParams (316ms)
✔ [3307/7677] Built Lean.Meta.Match.MVarRenaming (300ms)
✔ [3309/7677] Built Std.Time.Zoned.Database:c.o (171ms)
✔ [3310/7677] Built Lean.LocalContext:c.o (5.0s)
✔ [3311/7677] Built Std.Tactic.BVDecide.LRAT.Actions (375ms)
✔ [3313/7677] Built Lean.Util.Sorry (251ms)
✔ [3315/7677] Built Lean.ToExpr (576ms)
✔ [3317/7677] Built Std.WP.Assertion:c.o (106ms)
✔ [3318/7677] Built Lean.Util.FoldConsts (371ms)
✔ [3320/7677] Built Std.Data.Iterators.Lemmas.Consumers.Monadic:c.o (107ms)
✔ [3321/7677] Built Std.Data.Iterators.Lemmas.Consumers.Loop:c.o (54ms)
✔ [3322/7677] Built Leanc:c.o (420ms)
✔ [3323/7677] Built Lean.Data.Json (219ms)
✔ [3325/7677] Built Lake.Config.OutFormat:c.o (403ms)
✔ [3326/7677] Built Std.Tactic.Do:c.o (76ms)
✔ [3327/7677] Built Lean.Util.CollectFVars:c.o (288ms)
✔ [3328/7677] Built Lean.Meta.Tactic.FVarSubst:c.o (322ms)
✔ [3329/7677] Built Lean.Meta.Match.MVarRenaming:c.o (164ms)
✔ [3330/7677] Built Lean.Meta.Sym.Offset:c.o (537ms)
✔ [3331/7677] Built Std.Time.Zoned (230ms)
✔ [3333/7677] Built Lean.Compiler.NameMangling:c.o (803ms)
✔ [3334/7677] Built Lean.MetavarContext (2.4s)
✔ [3336/7677] Built Lean.Util.InstantiateLevelParams:c.o (450ms)
✔ [3337/7677] Built Lean.Util.Sorry:c.o (341ms)
✔ [3338/7677] Built Lake.Config.Dynlib (272ms)
✔ [3340/7677] Built Std.Tactic.BVDecide.LRAT.Actions:c.o (576ms)
✔ [3341/7677] Built Std.WP.Basic (290ms)
✔ [3343/7677] Built Std.WP.EStack (543ms)
✔ [3345/7677] Built Lean.Util.FoldConsts:c.o (383ms)
✔ [3346/7677] Built Leanc:static (4ms)
✔ [3348/7677] Built Std.Data.Iterators.Lemmas.Consumers (146ms)
✔ [3350/7677] Built Lean.Data.Json:c.o (64ms)
✔ [3351/7677] Built Lean.ToExpr:c.o (876ms)
✔ [3352/7677] Built Std.Data.Iterators.Lemmas.Producers.Monadic.Array (734ms)
✔ [3354/7677] Built Lean.Util.FVarSubset (307ms)
✔ [3356/7677] Built Std.Data.Iterators.Lemmas.Combinators.Monadic.TakeWhile (841ms)
✔ [3358/7677] Built Lean.Compiler.NameDemangling (1.1s)
✔ [3360/7677] Built Std.Tactic.BVDecide.LRAT.Parser (818ms)
✔ [3362/7677] Built Std.Data.String.ToNat (1.3s)
✔ [3364/7677] Built Lean.Data.Position (402ms)
✔ [3366/7677] Built Lean.Meta.Sym.Arith.ToExpr (303ms)
✔ [3368/7677] Built Std.Time.Zoned:c.o (980ms)
✔ [3369/7677] Built Lean.Meta.Tactic.Grind.Arith.Linear.ToExpr (223ms)
✔ [3371/7677] Built Lean.Meta.Tactic.Grind.AC.ToExpr (200ms)
✔ [3373/7677] Built Std.WP.Basic:c.o (56ms)
✔ [3374/7677] Built Lake.Config.Dynlib:c.o (217ms)
✔ [3375/7677] Built Lake.Check.Util (205ms)
✔ [3377/7677] Built Lean.Linter.CodeQuality.Basic (342ms)
✔ [3379/7677] Built Std.WP.EStack:c.o (422ms)
✔ [3380/7677] Built Lake.Util.Date (440ms)
✔ [3382/7677] Built Lake.Util.Name (601ms)
✔ [3384/7677] Built Lake.Util.JsonObject (516ms)
✔ [3386/7677] Built Lake.Build.Trace (883ms)
✔ [3388/7677] Built Std.Data.Iterators.Lemmas.Consumers:c.o (102ms)
✔ [3389/7677] Built Lake.Util.FilePath (460ms)
✔ [3391/7677] Built Std.Data.Iterators.Lemmas.Producers.Monadic.Array:c.o (192ms)
✔ [3392/7677] Built Lean.Util.FVarSubset:c.o (226ms)
✔ [3393/7677] Built Std.Data.Iterators.Lemmas.Combinators.Monadic.TakeWhile:c.o (241ms)
✔ [3394/7677] Built Lean.Util.OccursCheck (463ms)
✔ [3396/7677] Built Lean.Data.Lsp.Basic (2.1s)
✔ [3398/7677] Built Std.Time.Format.Modifier (3.0s)
✔ [3400/7677] Built Std.Data.String.ToNat:c.o (123ms)
✔ [3401/7677] Built Lean.Compiler.NameDemangling:c.o (2.6s)
✔ [3402/7677] Built Lean.Environment (5.3s)
✔ [3404/7677] Built Lean.Data.Position:c.o (564ms)
✔ [3405/7677] Built Lean.Meta.Sym.Arith.ToExpr:c.o (279ms)
✔ [3406/7677] Built Lean.Meta.Tactic.Grind.Arith.Linear.ToExpr:c.o (212ms)
✔ [3407/7677] Built Lean.Meta.Tactic.Grind.AC.ToExpr:c.o (118ms)
✔ [3408/7677] Built Std.WP.Conjunctive (174ms)
✔ [3410/7677] Built Std.WP.Monad.Basic (309ms)
✔ [3412/7677] Built Lake.Config.InstallPath (901ms)
✔ [3414/7677] Built Std.WP.EPostSlot (175ms)
✔ [3416/7677] Built Lake.Check.Util:c.o (223ms)
✔ [3417/7677] Built Std.Tactic.BVDecide.LRAT.Parser:c.o (3.1s)
✔ [3418/7677] Built Lean.Linter.CodeQuality.Basic:c.o (270ms)
✔ [3419/7677] Built Std.WP.Triple.Basic (555ms)
✔ [3421/7677] Built Lake.Util.Date:c.o (480ms)
✔ [3422/7677] Built Lake.Util.Name:c.o (516ms)
✔ [3423/7677] Built Std.Data.Iterators.Lemmas.Producers.Array (321ms)
✔ [3425/7677] Built Std.Data.Iterators.Lemmas.Producers.Monadic.Vector (424ms)
✔ [3427/7677] Built Lake.Util.FilePath:c.o (290ms)
✔ [3428/7677] Built Lake.Build.Trace:c.o (978ms)
✔ [3429/7677] Built Std.Data.Iterators.Lemmas.Combinators.Monadic (177ms)
✔ [3431/7677] Built Lean.MetavarContext:c.o (8.8s)
✔ [3432/7677] Built Std.Data.Iterators.Lemmas.Combinators.TakeWhile (742ms)
✔ [3434/7677] Built Lean.Util.OccursCheck:c.o (688ms)
✔ [3435/7677] Built Std.Data.String.ToInt (434ms)
✔ [3437/7677] Built Lean.Data.DeclarationRange (500ms)
✔ [3439/7677] Built Std.WP.Conjunctive:c.o (69ms)
✔ [3440/7677] Built Std.WP.Monad.Basic:c.o (53ms)
✔ [3441/7677] Built Lake.Util.JsonObject:c.o (3.6s)
✔ [3442/7677] Built Std.WP.EPostSlot:c.o (130ms)
✔ [3443/7677] Built Lake.Config.InstallPath:c.o (1.5s)
✔ [3444/7677] Built Lake.Toml.Data.DateTime (866ms)
✔ [3446/7677] Built Lean.Data.Lsp.Basic:c.o (4.3s)
✔ [3447/7677] Built Lake.Config.Pattern (934ms)
✔ [3449/7677] Built Lake.Util.Reservoir (365ms)
✔ [3451/7677] Built Lake.Util.Version (2.4s)
✔ [3453/7677] Built Std.Data.Iterators.Lemmas.Producers.Array:c.o (98ms)
✔ [3454/7677] Built Std.WP.Triple.Basic:c.o (471ms)
✔ [3455/7677] Built Lake.Build.Key (1.1s)
✔ [3457/7677] Built Std.Data.Iterators.Lemmas.Combinators.Monadic:c.o (88ms)
✔ [3458/7677] Built Std.Data.Iterators.Lemmas.Producers.Monadic.Vector:c.o (175ms)
✔ [3459/7677] Built Lake.Config.Artifact (476ms)
✔ [3461/7677] Built Lean.Data.Lsp.Client (268ms)
✔ [3463/7677] Built Std.Time.Format.Modifier:c.o (5.5s)
✔ [3464/7677] Built Lean.Data.Lsp.Workspace (448ms)
✔ [3466/7677] Built Lean.Data.Lsp.TextSync (702ms)
✔ [3468/7677] Built Std.Data.Iterators.Lemmas.Combinators.TakeWhile:c.o (436ms)
✔ [3469/7677] Built Std.Data.String.ToInt:c.o (210ms)
✔ [3470/7677] Built Lean.Data.PPContext (258ms)
✔ [3472/7677] Built Lean.DocString.DeferredCheck (328ms)
✔ [3474/7677] Built Lake.DSL.Extensions (284ms)
✔ [3476/7677] Built Lean.Compiler.ModPkgExt (307ms)
✔ [3478/7677] Built Lean.Compiler.LCNF.PublicDeclsExt (384ms)
✔ [3480/7677] Built Lean.Util.Recognizers (679ms)
✔ [3482/7677] Built Lean.Compiler.ClosedTermCache (257ms)
✔ [3484/7677] Built Lean.Compiler.Old (353ms)
✔ [3486/7677] Built Lean.Data.DeclarationRange:c.o (465ms)
✔ [3487/7677] Built Lean.EnvExtension (722ms)
✔ [3489/7677] Built Std.WP.Frame (311ms)
✔ [3491/7677] Built Std.WP.Monad.Instances (731ms)
✔ [3493/7677] Built Std.Time.Format.Basic (3.7s)
✔ [3495/7677] Built Lake.Util.Reservoir:c.o (528ms)
✔ [3496/7677] Built Std.WP.Triple.Monad (246ms)
✔ [3498/7677] Built Lake.Config.Pattern:c.o (1.2s)
✔ [3499/7677] Built Std.WP.Triple.Conjunctive (306ms)
✔ [3501/7677] Built Lake.Toml.Data.DateTime:c.o (1.0s)
✔ [3502/7677] Built Std.Data.Iterators.Lemmas.Producers.Vector (340ms)
✔ [3504/7677] Built Std.Data.Iterators.Lemmas.Producers.Monadic (169ms)
✔ [3506/7677] Built Lean.Data.Lsp.LanguageFeatures (5.7s)
✔ [3508/7677] Built Lake.Config.Artifact:c.o (402ms)
✔ [3509/7677] Built Lean.Data.Lsp.Client:c.o (371ms)
✔ [3510/7677] Built Std.Data.Iterators.Lemmas.Combinators (146ms)
✔ [3512/7677] Built Lake.Build.Key:c.o (1.5s)
✔ [3513/7677] Built Std.Data.String (160ms)
✔ [3515/7677] Built Lean.Data.Lsp.Workspace:c.o (737ms)
✔ [3516/7677] Built Lean.Data.PPContext:c.o (89ms)
✔ [3517/7677] Built Lake.DSL.Extensions:c.o (80ms)
✔ [3518/7677] Built Lean.DocString.DeferredCheck:c.o (217ms)
✔ [3519/7677] Built Lean.Compiler.ModPkgExt:c.o (223ms)
✔ [3520/7677] Built Lean.Compiler.LCNF.PublicDeclsExt:c.o (209ms)
✔ [3521/7677] Built Lean.Data.Lsp.TextSync:c.o (1.1s)
✔ [3522/7677] Built Lean.Compiler.Old:c.o (183ms)
✔ [3523/7677] Built Lean.Compiler.ClosedTermCache:c.o (467ms)
✔ [3524/7677] Built Lake.Util.Version:c.o (3.7s)
✔ [3525/7677] Built Std.WP.Frame:c.o (110ms)
✔ [3526/7677] Built Lean.Environment:c.o (13s)
✔ [3527/7677] Built Lean.EnvExtension:c.o (1.0s)
✔ [3528/7677] Built Std.WP.Monad.Instances:c.o (388ms)
✔ [3529/7677] Built Std.WP.Triple.Monad:c.o (100ms)
✔ [3530/7677] Built Lean.Util.Recognizers:c.o (2.1s)
✔ [3531/7677] Built Lean.Data.Lsp.Internal (1.8s)
✔ [3532/7677] Built Lake.Build.Target.Basic (228ms)
✔ [3534/7677] Built Lake.Toml.Data.Value (788ms)
✔ [3536/7677] Built Std.Data.Iterators.Lemmas.Producers.Monadic:c.o (66ms)
✔ [3537/7677] Built Std.WP.Triple.Conjunctive:c.o (71ms)
✔ [3539/7677] Built Std.Data.Iterators.Lemmas.Producers.Vector:c.o (148ms)
✔ [3540/7677] Built Std.Data.Iterators.Lemmas.Combinators:c.o (56ms)
✔ [3541/7677] Built Lake.Build.ModuleArtifacts (492ms)
✔ [3543/7677] Built Lake.Build.Data (1.2s)
✔ [3545/7677] Built Std.Data.String:c.o (105ms)
✔ [3546/7677] Built Lean.Elab.InfoTree.Types (1.1s)
✔ [3548/7677] Built Lean.DeprecatedModule (484ms)
✔ [3550/7677] Built Lean.Data.Lsp.Extra (1.7s)
✔ [3552/7677] Built Lean.OriginalConstKind (285ms)
✔ [3554/7677] Built Lean.ProjFns (437ms)
✔ [3556/7677] Built Lean.Compiler.NoncomputableAttr (210ms)
✔ [3558/7677] Built Lean.Compiler.MetaAttr (298ms)
✔ [3560/7677] Built Lean.Modifiers (214ms)
✔ [3562/7677] Built Lean.Namespace (423ms)
✔ [3564/7677] Built Std.WP.Monad.Frame (262ms)
✔ [3566/7677] Built Lean.AuxRecursor (400ms)
✔ [3568/7677] Built Std.WP.Monad.Conjunctive (414ms)
✔ [3570/7677] Built Std.WP.Monad.Sound (614ms)
✔ [3572/7677] Built Std.WP.Gadget.Assert (244ms)
✔ [3574/7677] Built Lake.Build.Target.Basic:c.o (161ms)
✔ [3575/7677] Built Std.WP.Monad.Lemmas (1.8s)
✔ [3577/7677] Built Lake.Toml.Data.Value:c.o (1.1s)
✔ [3578/7677] Built Std.Time.Notation.Spec (1.9s)
✔ [3580/7677] Built Std.Data.Iterators.Lemmas.Producers (207ms)
✔ [3582/7677] Built Lake.Build.ModuleArtifacts:c.o (1.1s)
✔ [3583/7677] Built Lean.Server.Completion.CompletionItemCompression (1.7s)
✔ [3585/7677] Built Lean.Elab.InfoTree.Types:c.o (581ms)
✔ [3586/7677] Built Lake.Build.Data:c.o (1.2s)
✔ [3587/7677] Built Lean.DeprecatedModule:c.o (192ms)
✔ [3588/7677] Built Lean.OriginalConstKind:c.o (209ms)
✔ [3589/7677] Built Lean.ProjFns:c.o (397ms)
✔ [3590/7677] Built Lean.Compiler.NoncomputableAttr:c.o (105ms)
✔ [3591/7677] Built Lean.Compiler.MetaAttr:c.o (480ms)
✔ [3592/7677] Built Lean.Modifiers:c.o (71ms)
✔ [3593/7677] Built Std.WP.Monad.Frame:c.o (48ms)
✔ [3594/7677] Built Lean.Data.Lsp.Extra:c.o (2.5s)
✔ [3595/7677] Built Lean.Namespace:c.o (1.3s)
✔ [3596/7677] Built Std.WP.Monad.Conjunctive:c.o (173ms)
✔ [3597/7677] Built Lean.AuxRecursor:c.o (263ms)
✔ [3598/7677] Built Std.WP.Monad.Sound:c.o (110ms)
✔ [3599/7677] Built Std.WP.Gadget.Assert:c.o (65ms)
✔ [3600/7677] Built Lake.Toml.Data (222ms)
✔ [3602/7677] Built Lake.Toml.Encode (381ms)
✔ [3604/7677] Built Std.Data.Iterators.Lemmas.Producers:c.o (81ms)
✔ [3605/7677] Built Lean.Data.Lsp.Internal:c.o (6.2s)
✔ [3606/7677] Built Std.WP.Monad.Lemmas:c.o (571ms)
✔ [3607/7677] Built Std.Time.Format.Basic:c.o (11s)
✔ [3608/7677] Built Lean.Elab.InfoTree.Basic (579ms)
✔ [3610/7677] Built Lean.Server.Completion.CompletionItemCompression:c.o (802ms)
✔ [3611/7677] Built Lake.Toml.Data:c.o (88ms)
✔ [3612/7677] Built Std.WP.Monad (185ms)
✔ [3614/7677] Built Lean.Util.PPExt (562ms)
✔ [3616/7677] Built Lake.Toml.Encode:c.o (338ms)
✔ [3617/7677] Built Std.Data.Iterators.Lemmas (222ms)
✔ [3619/7677] Built Std.Time.Notation.Spec:c.o (1.9s)
✔ [3620/7677] Built Std.WP.Monad:c.o (89ms)
✔ [3621/7677] Built Lake.Toml.Decode (661ms)
✔ [3623/7677] Built Std.Data.Iterators.Lemmas:c.o (60ms)
✔ [3624/7677] Built Lean.Data.Lsp.LanguageFeatures:c.o (12s)
✔ [3625/7677] Built Std.Time.Format (1.1s)
✔ [3627/7677] Built Std.Data.Iterators (201ms)
✔ [3629/7677] Built Lean.Util.PPExt:c.o (545ms)
✔ [3630/7677] Built Lean.Elab.InfoTree.Basic:c.o (2.4s)
✔ [3631/7677] Built Std.Data.Iterators:c.o (89ms)
✔ [3632/7677] Built Lean.Message (1.0s)
✔ [3634/7677] Built Lake.Toml.Decode:c.o (1.6s)
✔ [3635/7677] Built Std.Time.Format:c.o (1.9s)
✔ [3636/7677] Built Std.Data.DHashMap.IteratorLemmas (563ms)
✔ [3638/7677] Built Lean.Elab.ErrorUtils (402ms)
✔ [3640/7677] Built Lean.ErrorExplanation (751ms)
✔ [3642/7677] Built Std.Data.DHashMap.IteratorLemmas:c.o (90ms)
✔ [3643/7677] Built Lake.Util.Log (1.7s)
✔ [3645/7677] Built Lean.Elab.ErrorUtils:c.o (330ms)
✔ [3646/7677] Built Std.Data.DHashMap (143ms)
✔ [3648/7677] Built Std.Time.Notation (2.3s)
✔ [3650/7677] Built Std.WP.Triple.SpecLemmas (4.2s)
✔ [3652/7677] Built Std.Data.HashMap.IteratorLemmas (412ms)
✔ [3654/7677] Built Lean.ErrorExplanation:c.o (706ms)
✔ [3655/7677] Built Std.WP.Triple.SpecLemmas:c.o (214ms)
✔ [3656/7677] Built Lean.Log (403ms)
✔ [3658/7677] Built Std.Data.DHashMap:c.o (75ms)
✔ [3659/7677] Built Lean.Exception (868ms)
✔ [3661/7677] Built Lake.Util.MainM (423ms)
✔ [3663/7677] Built Lake.Build.Job.Basic (567ms)
✔ [3665/7677] Built Std.Data.HashMap.IteratorLemmas:c.o (63ms)
✔ [3666/7677] Built Std.WP.Triple (180ms)
✔ [3668/7677] Built Lake.Util.Proc (562ms)
✔ [3670/7677] Built Std.Time (231ms)
✔ [3672/7677] Built Std.WP.Gadget.ForIn (408ms)
✔ [3674/7677] Built Lean.Log:c.o (393ms)
✔ [3675/7677] Built Std.Time.Notation:c.o (2.0s)
✔ [3676/7677] Built Lean.Message:c.o (4.9s)
✔ [3677/7677] Built Lean.Exception:c.o (812ms)
✔ [3678/7677] Built Std.Data.HashSet.IteratorLemmas (327ms)
✔ [3680/7677] Built Std.Data.HashMap (209ms)
✔ [3682/7677] Built Std.WP.Triple:c.o (53ms)
✔ [3683/7677] Built Lake.Util.Log:c.o (3.1s)
✔ [3684/7677] Built Std.Time:c.o (80ms)
✔ [3685/7677] Built Std.WP.Gadget.ForIn:c.o (175ms)
✔ [3686/7677] Built Lake.Build.Job.Basic:c.o (748ms)
✔ [3687/7677] Built Lake.Util.MainM:c.o (976ms)
✔ [3688/7677] Built Lean.Elab.Exception (297ms)
✔ [3690/7677] Built Lake.Util.Proc:c.o (716ms)
✔ [3691/7677] Built Lake.Build.Store (439ms)
✔ [3693/7677] Built Std.Data.HashSet.IteratorLemmas:c.o (104ms)
✔ [3694/7677] Built Lake.Config.ExternLibConfig (298ms)
✔ [3696/7677] Built Lean.ResolveName (1.3s)
✔ [3698/7677] Built Lean.Structure (1.3s)
✔ [3700/7677] Built Lake.Util.Url (619ms)
✔ [3702/7677] Built Lake.Util.Git (789ms)
✔ [3704/7677] Built Std.Async.DNS (287ms)
✔ [3706/7677] Built Std.Async.UDP (435ms)
✔ [3708/7677] Built Std.Async.Signal (539ms)
✔ [3710/7677] Built Std.Data.HashMap:c.o (123ms)
✔ [3711/7677] Built Std.Async.Timer (411ms)
✔ [3713/7677] Built Std.WP (226ms)
✔ [3715/7677] Built Std.Async.TCP (613ms)
✔ [3717/7677] Built Std.Data.HashSet (203ms)
✔ [3719/7677] Built Lean.Elab.Exception:c.o (275ms)
✔ [3720/7677] Built Lake.Config.ExternLibConfig:c.o (86ms)
✔ [3721/7677] Built Lake.Build.Store:c.o (330ms)
✔ [3722/7677] Built Lake.Build.Facets (2.1s)
✔ [3724/7677] Built Lake.Util.Url:c.o (584ms)
✔ [3725/7677] Built Std.Async.DNS:c.o (204ms)
✔ [3726/7677] Built Lake.Util.Git:c.o (894ms)
✔ [3727/7677] Built Std.Async.UDP:c.o (705ms)
✔ [3728/7677] Built Std.Async.Process (460ms)
✔ [3730/7677] Built Std.Async.Signal:c.o (848ms)
✔ [3731/7677] Built Std.Async.System (1.0s)
✔ [3733/7677] Built Lean.Meta.Tactic.BVDecide.LRAT.Trim (967ms)
✔ [3735/7677] Built Std.Http.Internal.IndexMultiMap (1.2s)
✔ [3737/7677] Built Lean.Structure:c.o (3.8s)
✔ [3738/7677] Built Std.WP:c.o (77ms)
✔ [3739/7677] Built Lean.MonadEnv (1.2s)
✔ [3741/7677] Built Lean.ResolveName:c.o (3.8s)
✔ [3742/7677] Built Std.Tactic.BVDecide.LRAT.Internal.Assignment (1.0s)
✔ [3744/7677] Built Std.Data.HashSet:c.o (105ms)
✔ [3745/7677] Built Std.Async.Timer:c.o (663ms)
✔ [3746/7677] Built LeanExport.Parse (2.3s)
✔ [3748/7677] Built Std.Async.TCP:c.o (1.2s)
✔ [3749/7677] Built Lean.Util.Trace (1.3s)
✔ [3751/7677] Built Lake.Build.Facets:c.o (231ms)
✔ [3752/7677] Built Lake.Config.Dependency (631ms)
✔ [3754/7677] Built Lake.CLI.Samply (1000ms)
✔ [3756/7677] Built Std.Async.Process:c.o (427ms)
✔ [3757/7677] Built Lake.Load.Manifest (1.0s)
✔ [3759/7677] Built Std.Data (291ms)
✔ [3761/7677] Built Lean.Meta.Tactic.Grind.VarRename (332ms)
✔ [3763/7677] Built Std.Http.Internal.IndexMultiMap:c.o (1.2s)
✔ [3764/7677] Built Std.Async.System:c.o (1.5s)
✔ [3765/7677] Built Lean.MonadEnv:c.o (1.6s)
✔ [3766/7677] Built Lean.Meta.Tactic.BVDecide.LRAT.Trim:c.o (1.0s)
✔ [3767/7677] Built Std.Tactic.BVDecide.LRAT.Internal.Assignment:c.o (736ms)
✔ [3768/7677] Built Lake.Config.Dependency:c.o (380ms)
✔ [3769/7677] Built Std.Http.Internal (215ms)
✔ [3771/7677] Built Lean.Linter.Init (506ms)
✔ [3773/7677] Built Lean.Util.CollectAxioms (572ms)
✔ [3775/7677] Built Lean.DeclarationRange (239ms)
✔ [3777/7677] Built Lean.Util.Trace:c.o (2.4s)
✔ [3778/7677] Built Std.Data:c.o (131ms)
✔ [3779/7677] Built Std.Sat.AIG.Basic (3.6s)
✔ [3781/7677] Built Lean.Meta.Tactic.Grind.VarRename:c.o (647ms)
✔ [3782/7677] Built Lake.CLI.Samply:c.o (2.0s)
✔ [3783/7677] Built Lake.Check.Compare (464ms)
✔ [3785/7677] Built Lake.Check.Axioms (499ms)
✔ [3787/7677] Built Std.Http.Internal:c.o (78ms)
✔ [3788/7677] Built Lean.Compiler.Options (232ms)
✔ [3790/7677] Built Lean.Linter.Init:c.o (685ms)
✔ [3791/7677] Built Std.Tactic.BVDecide.LRAT.Internal.Rup (2.5s)
✔ [3793/7677] Built Lake.Load.Manifest:c.o (3.1s)
✔ [3794/7677] Built Lean.DeclarationRange:c.o (226ms)
✔ [3795/7677] Built Std.Sync.CancellationToken (559ms)
✔ [3797/7677] Built Lean.Util.CollectAxioms:c.o (1000ms)
✔ [3798/7677] Built Lean.Util.Profiler (1.0s)
✔ [3800/7677] Built Std.Sync.StreamMap (481ms)
✔ [3802/7677] Built Lean.Meta.Sym.Arith.VarRename (253ms)
✔ [3804/7677] Built Lean.Meta.Tactic.Grind.Arith.Linear.VarRename (226ms)
✔ [3806/7677] Built Lean.Meta.Tactic.Grind.Arith.Cutsat.VarRename (281ms)
✔ [3808/7677] Built Lean.Meta.Tactic.Grind.AC.VarRename (204ms)
✔ [3810/7677] Built Std.Sync.Broadcast (1.6s)
✔ [3812/7677] Built Lake.Check.Axioms:c.o (1.0s)
✔ [3813/7677] Built Lean.Compiler.Options:c.o (132ms)
✔ [3814/7677] Built Lake.Check.Compare:c.o (1.1s)
✔ [3815/7677] Built Std.Sat.AIG.Basic:c.o (1.8s)
✔ [3816/7677] Built Std.Http.Data.Method (673ms)
✔ [3818/7677] Built Std.Http.Data.Headers.Value (354ms)
✔ [3820/7677] Built Lean.Linter.AmbiguousOpen (404ms)
✔ [3822/7677] Built Std.Http.Data.URI.Basic (1.9s)
✔ [3824/7677] Built Std.Http.Data.Status (1.3s)
✔ [3826/7677] Built Lean.Data.Lsp.Utf16 (306ms)
✔ [3828/7677] Built Std.Tactic.BVDecide.LRAT.Internal.Rup:c.o (1.1s)
✔ [3829/7677] Built LeanExport.Parse:c.o (10s)
✔ [3830/7677] Built Std.Sync.StreamMap:c.o (446ms)
✔ [3831/7677] Built Std.Http.Data.Headers.Name (3.1s)
✔ [3833/7677] Built Std.Sync.CancellationToken:c.o (931ms)
✔ [3834/7677] Built Std.Tactic.BVDecide.Bitblast.BVExpr.Circuit.Lemmas.Basic (173ms)
✔ [3836/7677] Built Lean.DocString.Extension (1.3s)
✔ [3838/7677] Built Lean.Meta.Tactic.Grind.Arith.Linear.VarRename:c.o (264ms)
✔ [3839/7677] Built Lean.Meta.Tactic.Grind.AC.VarRename:c.o (218ms)
✔ [3840/7677] Built Lean.Meta.Tactic.Grind.Arith.Cutsat.VarRename:c.o (259ms)
✔ [3841/7677] Built Lean.Meta.Sym.Arith.VarRename:c.o (394ms)
✔ [3842/7677] Built Std.Http.Data.Headers.Value:c.o (235ms)
✔ [3843/7677] Built Std.Sat.AIG.LawfulOperator (657ms)
✔ [3845/7677] Built Lean.Linter.AmbiguousOpen:c.o (476ms)
✔ [3846/7677] Built Std.Tactic.BVDecide.LRAT.Internal.Empty (245ms)
✔ [3848/7677] Built Std.Http.Data.Method:c.o (1.1s)
✔ [3849/7677] Built Std.Tactic.BVDecide.LRAT.Internal.Rat (890ms)
✔ [3851/7677] Built Lean.Data.Lsp.Utf16:c.o (359ms)
✔ [3852/7677] Built Std.Sync.CancellationContext (520ms)
✔ [3854/7677] Built Std.Http.Data.Status:c.o (1.0s)
✔ [3855/7677] Built Std.Tactic.BVDecide.Bitblast.BVExpr.Circuit.Lemmas.Basic:c.o (81ms)
✔ [3856/7677] Built Std.Http.Data.Headers.Name:c.o (386ms)
✔ [3857/7677] Built Std.Sat.AIG.LawfulOperator:c.o (118ms)
✔ [3858/7677] Built Std.Tactic.BVDecide.LRAT.Internal.Empty:c.o (77ms)
✔ [3859/7677] Built Std.Http.Data.URI.Parser (1.4s)
✔ [3861/7677] Built Lean.Util.Profiler:c.o (5.7s)
✔ [3862/7677] Built Std.Tactic.BVDecide.LRAT.Internal.Rat:c.o (533ms)
✔ [3863/7677] Built Std.Http.Data.URI.Basic:c.o (3.0s)
✔ [3864/7677] Built Lean.Data.Lsp.Diagnostics (1.2s)
✔ [3866/7677] Built Lean.Parser.Types (1.2s)
✔ [3868/7677] Built Std.Sat.AIG.Lemmas (959ms)
✔ [3870/7677] Built Lean.DocString.Extension:c.o (4.3s)
✔ [3871/7677] Built Std.Sync (407ms)
✔ [3873/7677] Built Std.Tactic.BVDecide.LRAT.Internal.Checker (891ms)
✔ [3875/7677] Built Std.Sync.Broadcast:c.o (7.6s)
✔ [3876/7677] Built Std.Async.ContextAsync (903ms)
✔ [3878/7677] Built Std.Sync.CancellationContext:c.o (3.6s)
✔ [3879/7677] Built Std.Http.Data.URI (365ms)
✔ [3881/7677] Built Std.Sat.AIG.Lemmas:c.o (137ms)
✔ [3882/7677] Built Std.Sync:c.o (93ms)
✔ [3883/7677] Built Std.Tactic.BVDecide.LRAT.Internal.Checker:c.o (312ms)
✔ [3884/7677] Built Lean.Data.Lsp.CodeActions (1.0s)
✔ [3886/7677] Built Lean.Data.Lsp.Ipc (1.4s)
✔ [3888/7677] Built Lean.Parser.Types:c.o (2.2s)
✔ [3889/7677] Built Lean.Data.Lsp.Diagnostics:c.o (2.0s)
✔ [3890/7677] Built Std.Http.Data.URI:c.o (459ms)
✔ [3891/7677] Built Lean.Language.Basic (1.3s)
✔ [3893/7677] Built Std.Http.Data.URI.Parser:c.o (5.5s)
✔ [3894/7677] Built Std.Async.ContextAsync:c.o (2.2s)
✔ [3895/7677] Built Lean.Parser.Basic (2.4s)
✔ [3897/7677] Built Std.Sat.AIG.Relabel (1.0s)
✔ [3899/7677] Built Std.Tactic.BVDecide.LRAT.Internal (181ms)
✔ [3901/7677] Built Std.Tactic.BVDecide.LRAT.Checker (183ms)
✔ [3903/7677] Built Std.Sat.AIG.Cached (512ms)
✔ [3905/7677] Built Std.Async (401ms)
✔ [3907/7677] Built Std.Http.Data.Headers.Basic (1.1s)
✔ [3909/7677] Built Lean.Language.Basic:c.o (1.0s)
✔ [3910/7677] Built Std.Sat.AIG.Relabel:c.o (210ms)
✔ [3911/7677] Built Lean.Data.Lsp.CodeActions:c.o (3.1s)
✔ [3912/7677] Built Std.Sat.AIG.CNF (4.6s)
✔ [3914/7677] Built Std.Tactic.BVDecide.LRAT.Internal:c.o (133ms)
✔ [3915/7677] Built Std.Tactic.BVDecide.LRAT.Checker:c.o (75ms)
✔ [3916/7677] Built Std.Async:c.o (103ms)
✔ [3917/7677] Built Std.Sat.AIG.Cached:c.o (320ms)
✔ [3918/7677] Built Lean.Data.Lsp.Capabilities (1.1s)
✔ [3920/7677] Built Lake.Util.Message (337ms)
✔ [3922/7677] Built Lean.Parser.StrInterpolation (283ms)
✔ [3924/7677] Built Lean.Data.Lsp.Ipc:c.o (4.8s)
✔ [3925/7677] Built Std.Http.Data.Headers.Basic:c.o (1.5s)
✔ [3926/7677] Built Std.Tactic.BVDecide.LRAT (206ms)
✔ [3928/7677] Built Std.Sat.AIG.RelabelNat (992ms)
✔ [3930/7677] Built Lean.CoreM (2.4s)
✔ [3932/7677] Built Std.Sat.AIG.CachedLemmas (720ms)
✔ [3934/7677] Built Std.Http.Data.Headers (614ms)
✔ [3936/7677] Built Lake.Util.Message:c.o (280ms)
✔ [3937/7677] Built Std.Tactic.BVDecide.LRAT:c.o (80ms)
✔ [3938/7677] Built Lean.Parser.StrInterpolation:c.o (178ms)
✔ [3939/7677] Built Std.Sat.AIG.CNF:c.o (1.5s)
✔ [3940/7677] Built Std.Sat.AIG.RelabelNat:c.o (337ms)
✔ [3941/7677] Built Std.Sat.AIG.CachedLemmas:c.o (344ms)
✔ [3942/7677] Built Lean.Data.Lsp.InitShutdown (642ms)
✔ [3944/7677] Built Lean.Parser.Basic:c.o (6.5s)
✔ [3945/7677] Built Std.Http.Data.Headers:c.o (2.0s)
✔ [3946/7677] Built Lean.DocString.Markdown (1.7s)
✔ [3948/7677] Built Lake.Build.Actions (1.0s)
✔ [3950/7677] Built Lean.Data.Lsp.Capabilities:c.o (3.2s)
✔ [3951/7677] Built Lean.AutoDecl (351ms)
✔ [3953/7677] Built Lean.Compiler.LCNF.Util (322ms)
✔ [3955/7677] Built Lean.Meta.Tactic.BVDecide.External (572ms)
✔ [3957/7677] Built Lean.Util.Heartbeats (385ms)
✔ [3959/7677] Built Lean.ReservedNameAction (567ms)
✔ [3961/7677] Built Lean.Meta.DiscrTree.Basic (829ms)
✔ [3963/7677] Built Lean.Util.SafeExponentiation (341ms)
✔ [3965/7677] Built Std.Sat.AIG.CachedGates (321ms)
✔ [3967/7677] Built Lean.ExtraModUses (745ms)
✔ [3969/7677] Built Std.Http.Data.Response (583ms)
✔ [3971/7677] Built Std.Http.Data.Request (645ms)
✔ [3973/7677] Built Std.Http.Data.Chunk (677ms)
✔ [3975/7677] Built Lean.Attributes (1.7s)
✔ [3977/7677] Built Lean.AutoDecl:c.o (319ms)
✔ [3978/7677] Built Lean.Data.Lsp.InitShutdown:c.o (1.3s)
✔ [3979/7677] Built Lake.Build.Actions:c.o (1.1s)
✔ [3980/7677] Built Lean.Compiler.LCNF.Util:c.o (408ms)
✔ [3981/7677] Built Lean.Util.Heartbeats:c.o (455ms)
✔ [3982/7677] Built Lean.Meta.Tactic.BVDecide.External:c.o (1.4s)
✔ [3983/7677] Built Lean.Meta.DiscrTree.Basic:c.o (1.2s)
✔ [3984/7677] Built Lean.Util.SafeExponentiation:c.o (348ms)
✔ [3985/7677] Built Std.Sat.AIG.CachedGates:c.o (387ms)
✔ [3986/7677] Built Lean.ReservedNameAction:c.o (1.6s)
✔ [3987/7677] Built Lean.CoreM:c.o (7.9s)
✔ [3988/7677] Built Lean.Data.Lsp (293ms)
✔ [3990/7677] Built Std.Http.Data.Response:c.o (792ms)
✔ [3991/7677] Built Lean.Server.Logging (573ms)
✔ [3993/7677] Built Lean.ExtraModUses:c.o (1.2s)
✔ [3994/7677] Built Std.Http.Data.Chunk:c.o (731ms)
✔ [3995/7677] Built Std.Http.Data.Request:c.o (1.4s)
✔ [3996/7677] Built Lean.DocString.Markdown:c.o (4.9s)
✔ [3997/7677] Built Std.Sat.AIG.CachedGatesLemmas (534ms)
✔ [3999/7677] Built Lean.Meta.Tactic.BVDecide.LRAT.Cert (729ms)
✔ [4001/7677] Built Lean.Data.Lsp:c.o (102ms)
✔ [4002/7677] Built Lean.Meta.DiscrTree.Util (605ms)
✔ [4004/7677] Built Std.Http.Data.Body.Basic (487ms)
✔ [4006/7677] Built Std.Http.Protocol.H1.Redirect (735ms)
✔ [4008/7677] Built Lake.Util.OrderedTagAttribute (385ms)
✔ [4010/7677] Built Lean.Compiler.ExternAttr (650ms)
✔ [4012/7677] Built Lean.PrettyPrinter.Delaborator.Attributes (258ms)
✔ [4014/7677] Built Lean.Server.Logging:c.o (1.4s)
✔ [4015/7677] Built Lean.Meta.Match.MatchPatternAttr (265ms)
✔ [4017/7677] Built Lake.Config.Cache (3.3s)
✔ [4019/7677] Built Lean.Meta.RecExt (241ms)
✔ [4021/7677] Built Lean.Compiler.NeverExtractAttr (281ms)
✔ [4023/7677] Built Lean.Compiler.ExportAttr (306ms)
✔ [4025/7677] Built Std.Sat.AIG.CachedGatesLemmas:c.o (80ms)
✔ [4026/7677] Built Lean.Server.FileSource (444ms)
✔ [4028/7677] Built Lean.Class (656ms)
✔ [4030/7677] Built Std.Http.Data.Body.Basic:c.o (95ms)
✔ [4031/7677] Built Lean.ScopedEnvExtension (980ms)
✔ [4033/7677] Built Lean.Attributes:c.o (4.3s)
✔ [4034/7677] Built Lean.Meta.DiscrTree.Util:c.o (748ms)
✔ [4035/7677] Built Lean.PrettyPrinter.Delaborator.Attributes:c.o (112ms)
✔ [4036/7677] Built Lake.Util.OrderedTagAttribute:c.o (575ms)
✔ [4037/7677] Built Std.Http.Protocol.H1.Redirect:c.o (1.1s)
✔ [4038/7677] Built Lean.Compiler.ExternAttr:c.o (685ms)
✔ [4039/7677] Built Lean.Meta.RecExt:c.o (140ms)
✔ [4040/7677] Built Lean.Meta.Match.MatchPatternAttr:c.o (512ms)
✔ [4041/7677] Built Lean.Compiler.NeverExtractAttr:c.o (112ms)
✔ [4042/7677] Built Lean.Compiler.ExportAttr:c.o (324ms)
✔ [4043/7677] Built Lean.Meta.Tactic.BVDecide.LRAT.Cert:c.o (2.2s)
✔ [4044/7677] Built Lean.Meta.Tactic.BVDecide.LRAT (221ms)
✔ [4046/7677] Built Lean.Server.FileSource:c.o (201ms)
✔ [4047/7677] Built Std.Http.Data.Body.Replayable (495ms)
✔ [4049/7677] Built Lake.DSL.AttributesCore (336ms)
✔ [4051/7677] Built Std.Sat.AIG.RefVec (1.0s)
✔ [4053/7677] Built Lean.Class:c.o (1.9s)
✔ [4054/7677] Built Lake.Config.Env (811ms)
✔ [4056/7677] Built Lean.Meta.Tactic.BVDecide.LRAT:c.o (91ms)
✔ [4057/7677] Built Lean.Compiler.InlineAttrs (437ms)
✔ [4059/7677] Built Lean.ScopedEnvExtension:c.o (2.3s)
✔ [4060/7677] Built Std.Http.Data.Body.Replayable:c.o (101ms)
✔ [4061/7677] Built Lean.Compiler.CSimpAttr (602ms)
✔ [4063/7677] Built Lean.Compiler.IR.Basic (1.9s)
✔ [4065/7677] Built Lake.DSL.AttributesCore:c.o (368ms)
✔ [4066/7677] Built Std.Sat.AIG.RefVec:c.o (430ms)
✔ [4067/7677] Built Lean.ReducibilityAttrs (817ms)
✔ [4069/7677] Built Lake.DSL.Attributes (274ms)
✔ [4071/7677] Built Std.Http.Data.Body.Any (402ms)
✔ [4073/7677] Built Std.Tactic.BVDecide.Bitblast.BVExpr.Circuit.Impl.Operations.GetLsbD (197ms)
✔ [4075/7677] Built Lean.Compiler.InlineAttrs:c.o (756ms)
✔ [4076/7677] Built Std.Sat.AIG.LawfulVecOperator (343ms)
✔ [4078/7677] Built Lake.Reservoir (650ms)
✔ [4080/7677] Built Lake.Config.Env:c.o (2.2s)
✔ [4081/7677] Built Lake.DSL.Attributes:c.o (340ms)
✔ [4082/7677] Built Std.Http.Data.Body.Any:c.o (120ms)
✔ [4083/7677] Built Lean.Compiler.CSimpAttr:c.o (2.1s)
✔ [4084/7677] Built Std.Tactic.BVDecide.Bitblast.BVExpr.Circuit.Impl.Operations.GetLsbD:c.o (108ms)
✔ [4085/7677] Built Lean.Compiler.IR.UnboxResult (419ms)
✔ [4087/7677] Built Std.Sat.AIG.LawfulVecOperator:c.o (65ms)
✔ [4088/7677] Built Lean.Compiler.IR.NormIds (582ms)
✔ [4090/7677] Built Lean.ReducibilityAttrs:c.o (2.0s)
✔ [4091/7677] Built Lean.Compiler.IR.Format (865ms)
✔ [4093/7677] Built Lean.Meta.Tactic.Cbv.Opaque (429ms)
✔ [4095/7677] Built Lake.Config.Cache:c.o (8.0s)
✔ [4096/7677] Built Lean.Meta.Sym.AlphaShareCommon (916ms)
✔ [4098/7677] Built Lake.Reservoir:c.o (1.6s)
✔ [4099/7677] Built Std.Http.Data.Body.Empty (505ms)
✔ [4101/7677] Built Std.Tactic.BVDecide.Bitblast.BVExpr.Circuit.Lemmas.Operations.GetLsbD (376ms)
✔ [4103/7677] Built Std.Http.Data.Body.Full (742ms)
✔ [4105/7677] Built Lean.Compiler.IR.UnboxResult:c.o (470ms)
✔ [4106/7677] Built Std.Tactic.BVDecide.Bitblast.BVExpr.Circuit.Impl.Var (711ms)
✔ [4108/7677] Built Std.Tactic.BVDecide.Bitblast.BVExpr.Circuit.Impl.Operations.Append (304ms)
✔ [4110/7677] Built Std.Http.Data.Body.Stream (1.0s)
✔ [4112/7677] Built Std.Tactic.BVDecide.Bitblast.BVExpr.Circuit.Impl.Operations.Replicate (501ms)
✔ [4114/7677] Built Std.Tactic.BVDecide.Bitblast.BVExpr.Circuit.Impl.Operations.Extract (652ms)
✔ [4116/7677] Built Std.Tactic.BVDecide.Bitblast.BVExpr.Circuit.Impl.Operations.RotateLeft (658ms)
✔ [4118/7677] Built Lean.Compiler.IR.Basic:c.o (6.4s)
✔ [4119/7677] Built Std.Tactic.BVDecide.Bitblast.BVExpr.Circuit.Impl.Operations.RotateRight (666ms)
✔ [4121/7677] Built Std.Tactic.BVDecide.Bitblast.BVExpr.Circuit.Impl.Const (518ms)
✔ [4123/7677] Built Std.Tactic.BVDecide.Bitblast.BVExpr.Circuit.Impl.Operations.Reverse (310ms)
✔ [4125/7677] Built Std.Tactic.BVDecide.Bitblast.BVExpr.Circuit.Impl.Operations.ZeroExtend (985ms)
✔ [4127/7677] Built Std.Sat.AIG.RefVecOperator.Fold (842ms)
✔ [4129/7677] Built Std.Tactic.BVDecide.Bitblast.BVExpr.Circuit.Impl.Operations.Add (1.6s)
✔ [4131/7677] Built Std.Sat.AIG.If (2.1s)
✔ [4133/7677] Built Std.Sat.AIG.RefVecOperator.Map (1.3s)
✔ [4135/7677] Built Std.Sat.AIG.RefVecOperator.Zip (1.6s)
✔ [4137/7677] Built Lean.Meta.Tactic.Cbv.Opaque:c.o (690ms)
✔ [4138/7677] Built Std.Http.Data.Body.Empty:c.o (189ms)
✔ [4139/7677] Built Lean.Meta.Basic (7.1s)
✔ [4141/7677] Built Lean.Compiler.IR.Format:c.o (1.2s)
✔ [4142/7677] Built Std.Tactic.BVDecide.Bitblast.BVExpr.Circuit.Lemmas.Operations.GetLsbD:c.o (73ms)
✔ [4143/7677] Built Std.Tactic.BVDecide.Bitblast.BVExpr.Circuit.Impl.Operations.Append:c.o (100ms)
✔ [4144/7677] Built Lean.Compiler.IR.NormIds:c.o (2.4s)
✔ [4145/7677] Built Std.Tactic.BVDecide.Bitblast.BVExpr.Circuit.Impl.Operations.Replicate:c.o (152ms)
✔ [4146/7677] Built Std.Tactic.BVDecide.Bitblast.BVExpr.Circuit.Impl.Var:c.o (406ms)
✔ [4147/7677] Built Std.Tactic.BVDecide.Bitblast.BVExpr.Circuit.Impl.Operations.Extract:c.o (152ms)
✔ [4148/7677] Built Std.Tactic.BVDecide.Bitblast.BVExpr.Circuit.Impl.Operations.RotateLeft:c.o (250ms)
✔ [4149/7677] Built Std.Http.Data.Body.Full:c.o (737ms)
✔ [4150/7677] Built Std.Tactic.BVDecide.Bitblast.BVExpr.Circuit.Impl.Operations.RotateRight:c.o (266ms)
✔ [4151/7677] Built Std.Tactic.BVDecide.Bitblast.BVExpr.Circuit.Impl.Const:c.o (115ms)
✔ [4152/7677] Built Std.Tactic.BVDecide.Bitblast.BVExpr.Circuit.Impl.Operations.Reverse:c.o (95ms)
✔ [4153/7677] Built Lean.Meta.Sym.AlphaShareCommon:c.o (1.7s)
✔ [4154/7677] Built Std.Sat.AIG.RefVecOperator.Fold:c.o (140ms)
✔ [4155/7677] Built Std.Tactic.BVDecide.Bitblast.BVExpr.Circuit.Impl.Operations.ZeroExtend:c.o (175ms)
✔ [4156/7677] Built Std.Sat.AIG.RefVecOperator.Map:c.o (147ms)
✔ [4157/7677] Built Std.Sat.AIG.RefVecOperator.Zip:c.o (198ms)
✔ [4158/7677] Built Std.Sat.AIG.If:c.o (251ms)
✔ [4159/7677] Built Std.Tactic.BVDecide.Bitblast.BVExpr.Circuit.Impl.Operations.Add:c.o (405ms)
✔ [4160/7677] Built Std.Tactic.BVDecide.Bitblast.BVExpr.Circuit.Lemmas.Operations.Append (218ms)
✔ [4162/7677] Built Std.Http.Data.Body (343ms)
✔ [4164/7677] Built Std.Tactic.BVDecide.Bitblast.BVExpr.Circuit.Lemmas.Var (569ms)
✔ [4166/7677] Built Std.Tactic.BVDecide.Bitblast.BVExpr.Circuit.Lemmas.Operations.Replicate (600ms)
✔ [4168/7677] Built Std.Tactic.BVDecide.Bitblast.BVExpr.Circuit.Lemmas.Operations.Extract (432ms)
✔ [4170/7677] Built Std.Tactic.BVDecide.Bitblast.BVExpr.Circuit.Lemmas.Operations.RotateLeft (876ms)
✔ [4172/7677] Built Std.Tactic.BVDecide.Bitblast.BVExpr.Circuit.Lemmas.Const (525ms)
✔ [4174/7677] Built Std.Tactic.BVDecide.Bitblast.BVExpr.Circuit.Lemmas.Operations.Reverse (191ms)
✔ [4176/7677] Built Std.Tactic.BVDecide.Bitblast.BVExpr.Circuit.Lemmas.Operations.RotateRight (899ms)
✔ [4178/7677] Built Std.Tactic.BVDecide.Bitblast.BVExpr.Circuit.Lemmas.Operations.ZeroExtend (772ms)
✔ [4180/7677] Built Std.Tactic.BVDecide.Bitblast.BVExpr.Circuit.Impl.Carry (893ms)
✔ [4182/7677] Built Std.Tactic.BVDecide.Bitblast.BVExpr.Circuit.Lemmas.Operations.Add (1.3s)
✔ [4184/7677] Built Std.Tactic.BVDecide.Bitblast.BVExpr.Circuit.Impl.Operations.Clz (720ms)
✔ [4186/7677] Built Std.Http.Data.Body.Stream:c.o (3.9s)
✔ [4187/7677] Built Std.Sat.AIG.RefVecOperator (222ms)
✔ [4189/7677] Built Lean.Meta.CollectFVars (513ms)
✔ [4191/7677] Built Lean.Meta.Tactic.Simp.SimpCongrTheorems (1.0s)
✔ [4193/7677] Built Lean.Meta.KAbstract (581ms)
✔ [4195/7677] Built Std.Tactic.BVDecide.Bitblast.BVExpr.Circuit.Impl.Operations.ShiftLeft (1.8s)
✔ [4197/7677] Built Lean.Meta.CollectMVars (1.1s)
✔ [4199/7677] Built Std.Tactic.BVDecide.Bitblast.BVExpr.Circuit.Impl.Operations.ShiftRight (2.2s)
✔ [4201/7677] Built Lean.Meta.KExprMap (482ms)
✔ [4203/7677] Built Lean.Meta.CheckTactic (310ms)
✔ [4205/7677] Built Lean.Elab.Tactic.Do.ConjunctivePre (522ms)
✔ [4207/7677] Built Lean.Meta.Inductive (399ms)
✔ [4209/7677] Built Lean.Meta.Iterator (453ms)
✔ [4211/7677] Built Lean.Meta.Tactic.FunIndInfo (503ms)
✔ [4213/7677] Built Lean.Elab.InfoTree.InlayHints (432ms)
✔ [4215/7677] Built Lean.Meta.Tactic.Repeat (670ms)
✔ [4217/7677] Built Lean.Meta.InferType (1.7s)
✔ [4219/7677] Built Lean.Meta.BinderNameHint (613ms)
✔ [4221/7677] Built Lean.Meta.GeneralizeVars (610ms)
✔ [4223/7677] Built Lean.Meta.IntInstTesters (608ms)
✔ [4225/7677] Built Lean.Meta.Tactic.Simp.Arith.Util (412ms)
✔ [4227/7677] Built Lean.Elab.Config (266ms)
✔ [4229/7677] Built Lean.Meta.HasAssignableMVar (510ms)
✔ [4231/7677] Built Lean.Meta.CasesInfo (778ms)
✔ [4233/7677] Built Lean.SubExpr (942ms)
✔ [4235/7677] Built Lean.Meta.PPBinder (433ms)
✔ [4237/7677] Built Lean.Meta.RecursorInfo (1.4s)
✔ [4239/7677] Built Lean.Meta.AbstractMVars (588ms)
✔ [4241/7677] Built Lean.Meta.NatInstTesters (651ms)
✔ [4243/7677] Built Lean.Meta.Match.MatcherInfo (960ms)
✔ [4245/7677] Built Lean.Meta.GetUnfoldableConst (640ms)
✔ [4247/7677] Built Std.Tactic.BVDecide.Bitblast.BVExpr.Circuit.Lemmas.Operations.Append:c.o (87ms)
✔ [4248/7677] Built Std.Http.Data.Body:c.o (94ms)
✔ [4249/7677] Built Std.Tactic.BVDecide.Bitblast.BVExpr.Circuit.Lemmas.Var:c.o (110ms)
✔ [4250/7677] Built Std.Tactic.BVDecide.Bitblast.BVExpr.Circuit.Lemmas.Operations.Replicate:c.o (98ms)
✔ [4251/7677] Built Std.Tactic.BVDecide.Bitblast.BVExpr.Circuit.Lemmas.Operations.Extract:c.o (74ms)
✔ [4252/7677] Built Std.Tactic.BVDecide.Bitblast.BVExpr.Circuit.Lemmas.Const:c.o (56ms)
✔ [4253/7677] Built Std.Tactic.BVDecide.Bitblast.BVExpr.Circuit.Lemmas.Operations.RotateLeft:c.o (84ms)
✔ [4254/7677] Built Std.Tactic.BVDecide.Bitblast.BVExpr.Circuit.Lemmas.Operations.Reverse:c.o (102ms)
✔ [4255/7677] Built Lean.Meta.ForEachExpr (834ms)
✔ [4257/7677] Built Std.Tactic.BVDecide.Bitblast.BVExpr.Circuit.Lemmas.Operations.RotateRight:c.o (90ms)
✔ [4258/7677] Built Std.Tactic.BVDecide.Bitblast.BVExpr.Circuit.Lemmas.Operations.Add:c.o (72ms)
✔ [4259/7677] Built Std.Tactic.BVDecide.Bitblast.BVExpr.Circuit.Lemmas.Operations.ZeroExtend:c.o (75ms)
✔ [4260/7677] Built Lean.Compiler.Specialize (844ms)
✔ [4262/7677] Built Lean.Meta.LitValues (1.5s)
✔ [4264/7677] Built Std.Sat.AIG.RefVecOperator:c.o (98ms)
✔ [4265/7677] Built Std.Tactic.BVDecide.Bitblast.BVExpr.Circuit.Impl.Carry:c.o (212ms)
✔ [4266/7677] Built Std.Tactic.BVDecide.Bitblast.BVExpr.Circuit.Impl.Operations.Clz:c.o (185ms)
✔ [4267/7677] Built Std.Tactic.BVDecide.Bitblast.BVExpr.Circuit.Impl.Operations.ShiftLeft:c.o (340ms)
✔ [4268/7677] Built Lean.Meta.CollectFVars:c.o (632ms)
✔ [4269/7677] Built Lean.Meta.KAbstract:c.o (794ms)
✔ [4270/7677] Built Std.Tactic.BVDecide.Bitblast.BVExpr.Circuit.Impl.Operations.ShiftRight:c.o (830ms)
✔ [4271/7677] Built Lean.Meta.KExprMap:c.o (709ms)
✔ [4272/7677] Built Lean.Meta.CheckTactic:c.o (314ms)
✔ [4273/7677] Built Lean.Meta.Inductive:c.o (382ms)
✔ [4274/7677] Built Lean.Elab.Tactic.Do.ConjunctivePre:c.o (627ms)
✔ [4275/7677] Built Lean.Meta.CollectMVars:c.o (1.9s)
✔ [4276/7677] Built Lean.Meta.Iterator:c.o (497ms)
✔ [4277/7677] Built Lean.Elab.InfoTree.InlayHints:c.o (177ms)
✔ [4278/7677] Built Lean.Meta.Tactic.Repeat:c.o (474ms)
✔ [4279/7677] Built Lean.Meta.Tactic.FunIndInfo:c.o (1.0s)
✔ [4280/7677] Built Lean.Meta.Tactic.Simp.SimpCongrTheorems:c.o (3.3s)
✔ [4281/7677] Built Lean.Meta.BinderNameHint:c.o (937ms)
✔ [4282/7677] Built Lean.Elab.Config:c.o (82ms)
✔ [4283/7677] Built Lean.Meta.IntInstTesters:c.o (866ms)
✔ [4284/7677] Built Lean.Meta.Tactic.Simp.Arith.Util:c.o (200ms)
✔ [4285/7677] Built Lean.Meta.HasAssignableMVar:c.o (540ms)
✔ [4286/7677] Built Lean.Meta.GeneralizeVars:c.o (2.2s)
✔ [4287/7677] Built Lean.SubExpr:c.o (1.3s)
✔ [4288/7677] Built Lean.Meta.PPBinder:c.o (145ms)
✔ [4289/7677] Built Lean.Meta.CasesInfo:c.o (1.2s)
✔ [4290/7677] Built Lean.Meta.AbstractMVars:c.o (1.4s)
✔ [4291/7677] Built Lean.Meta.NatInstTesters:c.o (745ms)
✔ [4292/7677] Built Lean.Meta.RecursorInfo:c.o (2.9s)
✔ [4293/7677] Built Std.Http.Data (350ms)
✔ [4295/7677] Built Lean.Meta.Match.MatcherInfo:c.o (2.6s)
✔ [4296/7677] Built Lean.Meta.InferType:c.o (5.9s)
✔ [4297/7677] Built Lean.Meta.GetUnfoldableConst:c.o (789ms)
✔ [4298/7677] Built Std.Tactic.BVDecide.Bitblast.BVExpr.Circuit.Lemmas.Carry (724ms)
✔ [4300/7677] Built Lean.Compiler.Specialize:c.o (1.3s)
✔ [4301/7677] Built Std.Tactic.BVDecide.Bitblast.BVExpr.Circuit.Lemmas.Operations.Clz (1.3s)
✔ [4303/7677] Built Std.Sat.AIG (176ms)
✔ [4305/7677] Built Std.Tactic.BVDecide.Bitblast.BVExpr.Circuit.Impl.Operations.Not (211ms)
✔ [4307/7677] Built Std.Tactic.BVDecide.Bitblast.BVExpr.Circuit.Impl.Operations.Eq (210ms)
✔ [4309/7677] Built Lean.Meta.ForEachExpr:c.o (2.2s)
✔ [4310/7677] Built Std.Tactic.BVDecide.Bitblast.BVExpr.Circuit.Lemmas.Operations.ShiftLeft (1.5s)
✔ [4312/7677] Built Lean.Meta.NatTable (1.6s)
✔ [4314/7677] Built Std.Tactic.BVDecide.Bitblast.BVExpr.Circuit.Impl.Operations.Mul (3.4s)
✔ [4316/7677] Built Lean.Meta.LitValues:c.o (4.2s)
✔ [4317/7677] Built Std.Tactic.BVDecide.Bitblast.BVExpr.Circuit.Lemmas.Operations.ShiftRight (3.3s)
✔ [4319/7677] Built Lean.Elab.PreDefinition.Structural.IndGroupInfo (466ms)
✔ [4321/7677] Built Lean.Meta.FunInfo (552ms)
✔ [4323/7677] Built Lean.Meta.PPGoal (596ms)
✔ [4325/7677] Built Lean.Meta.DecLevel (478ms)
✔ [4327/7677] Built Lean.Compiler.LCNF.Types (1.1s)
✔ [4329/7677] Built Lean.Meta.ExprTraverse (348ms)
✔ [4331/7677] Built Lean.Meta.CompletionName (352ms)
✔ [4333/7677] Built Lean.Meta.Match.MatcherApp.Basic (433ms)
✔ [4335/7677] Built Std.Http.Data:c.o (75ms)
✔ [4336/7677] Built Lean.PrettyPrinter.Delaborator.SubExpr (566ms)
✔ [4338/7677] Built Lean.Meta.ExprLens (600ms)
✔ [4340/7677] Built Std.Tactic.BVDecide.Bitblast.BVExpr.Circuit.Lemmas.Carry:c.o (76ms)
✔ [4341/7677] Built Lean.Elab.PreDefinition.Structural.Basic (261ms)
✔ [4343/7677] Built Std.Sat.AIG:c.o (94ms)
✔ [4344/7677] Built Std.Tactic.BVDecide.Bitblast.BVExpr.Circuit.Lemmas.Operations.Clz:c.o (84ms)
✔ [4345/7677] Built Lean.Meta.Sorry (428ms)
✔ [4347/7677] Built Std.Tactic.BVDecide.Bitblast.BVExpr.Circuit.Impl.Operations.Not:c.o (78ms)
✔ [4348/7677] Built Std.Tactic.BVDecide.Bitblast.BVExpr.Circuit.Impl.Operations.Eq:c.o (93ms)
✔ [4349/7677] Built Std.Tactic.BVDecide.Bitblast.BVExpr.Circuit.Lemmas.Operations.ShiftLeft:c.o (69ms)
✔ [4350/7677] Built Lean.Meta.Match.Value (366ms)
✔ [4352/7677] Built Std.Tactic.BVDecide.Bitblast.BVExpr.Circuit.Lemmas.Operations.ShiftRight:c.o (67ms)
✔ [4353/7677] Built Lean.Meta.Offset (805ms)
✔ [4355/7677] Built Std.Tactic.BVDecide.Bitblast.BVExpr.Circuit.Impl.Operations.Mul:c.o (269ms)
✔ [4356/7677] Built Lean.Meta.NatTable:c.o (246ms)
✔ [4357/7677] Built Lean.Meta.PPGoal:c.o (1.1s)
✔ [4358/7677] Built Lean.Elab.PreDefinition.Structural.IndGroupInfo:c.o (1.2s)
✔ [4359/7677] Built Lean.Meta.ExprTraverse:c.o (368ms)
✔ [4360/7677] Built Lean.Meta.CompletionName:c.o (125ms)
✔ [4361/7677] Built Lean.Meta.Basic:c.o (27s)
✔ [4362/7677] Built Lean.Meta.DecLevel:c.o (812ms)
✔ [4363/7677] Built Lean.Meta.Match.MatcherApp.Basic:c.o (423ms)
✔ [4364/7677] Built Lean.Meta.FunInfo:c.o (2.3s)
✔ [4365/7677] Built Std.Http.Protocol.H1.Config (368ms)
✔ [4367/7677] Built Std.Http.Server.Handler (439ms)
✔ [4369/7677] Built Std.Http.Protocol.H1.Message (602ms)
✔ [4371/7677] Built Lean.Elab.PreDefinition.Structural.Basic:c.o (291ms)
✔ [4372/7677] Built Std.Sat (152ms)
✔ [4374/7677] Built Lean.Compiler.LCNF.Types:c.o (2.7s)
✔ [4375/7677] Built Std.Tactic.BVDecide.Bitblast.BVExpr.Circuit.Impl.Operations.Ult (252ms)
✔ [4377/7677] Built Std.Tactic.BVDecide.Bitblast.BVExpr.Circuit.Impl.Operations.Neg (295ms)
✔ [4379/7677] Built Std.Tactic.BVDecide.Bitblast.BVExpr.Circuit.Lemmas.Operations.Not (188ms)
✔ [4381/7677] Built Std.Tactic.BVDecide.Bitblast.BVExpr.Circuit.Lemmas.Operations.Eq (211ms)
✔ [4383/7677] Built Lean.Meta.Sorry:c.o (602ms)
✔ [4384/7677] Built Lean.Meta.ExprLens:c.o (1.1s)
✔ [4385/7677] Built Lean.PrettyPrinter.Delaborator.SubExpr:c.o (1.4s)
✔ [4386/7677] Built Lean.Meta.Match.Value:c.o (391ms)
✔ [4387/7677] Built Lean.Meta.Reduce (441ms)
✔ [4389/7677] Built Lean.Meta.CoeAttr (549ms)
✔ [4391/7677] Built Lean.Meta.Canonicalizer (659ms)
✔ [4393/7677] Built Std.Tactic.BVDecide.Bitblast.BVExpr.Circuit.Lemmas.Operations.Mul (1.3s)
✔ [4395/7677] Built Lean.Meta.ProdN (462ms)
✔ [4397/7677] Built Lean.Elab.InfoTree.Main (970ms)
✔ [4399/7677] Built Std.Http.Protocol.H1.Config:c.o (84ms)
✔ [4400/7677] Built Std.Http.Server.Handler:c.o (152ms)
✔ [4401/7677] Built Lean.Meta.Transform (1.2s)
✔ [4403/7677] Built Lean.Meta.LevelDefEq (862ms)
✔ [4405/7677] Built Lean.Data.RArray (1.1s)
✔ [4407/7677] Built Std.Sat:c.o (82ms)
✔ [4408/7677] Built Lean.Meta.Offset:c.o (2.5s)
✔ [4409/7677] Built Std.Tactic.BVDecide.Bitblast.BVExpr.Circuit.Impl.Operations.Ult:c.o (198ms)
✔ [4410/7677] Built Std.Tactic.BVDecide.Bitblast.BVExpr.Circuit.Impl.Operations.Neg:c.o (164ms)
✔ [4411/7677] Built Std.Tactic.BVDecide.Bitblast.BVExpr.Circuit.Lemmas.Operations.Not:c.o (91ms)
✔ [4412/7677] Built Std.Tactic.BVDecide.Bitblast.BVExpr.Circuit.Lemmas.Operations.Eq:c.o (92ms)
✔ [4413/7677] Built Std.Http.Protocol.H1.Message:c.o (1.0s)
✔ [4414/7677] Built Lean.Meta.CtorRecognizer (505ms)
✔ [4416/7677] Built Lean.Meta.Check (1.4s)
✔ [4418/7677] Built Lean.AddDecl (1.3s)
✔ [4420/7677] Built Lean.Meta.ReduceEval (680ms)
✔ [4422/7677] Built Std.Tactic.BVDecide.Bitblast.BVExpr.Circuit.Lemmas.Operations.Mul:c.o (77ms)
✔ [4423/7677] Built Lean.Meta.Reduce:c.o (798ms)
✔ [4424/7677] Built Lean.Meta.ProdN:c.o (574ms)
✔ [4425/7677] Built Lean.Meta.CoeAttr:c.o (939ms)
✔ [4426/7677] Built Lean.Meta.Canonicalizer:c.o (1.5s)
✔ [4427/7677] Built Lean.Data.RArray:c.o (258ms)
✔ [4428/7677] Built Std.Tactic.BVDecide.Bitblast.BVExpr.Circuit.Impl.Operations.Sub (256ms)
✔ [4430/7677] Built Std.Tactic.BVDecide.Bitblast.BVExpr.Circuit.Lemmas.Operations.Neg (255ms)
✔ [4432/7677] Built Std.Http.Protocol.H1.Parser (1.8s)
✔ [4434/7677] Built Std.Tactic.BVDecide.Bitblast.BVExpr.Circuit.Lemmas.Operations.Ult (265ms)
✔ [4436/7677] Built Lean.Elab.InfoTree.Main:c.o (2.9s)
✔ [4437/7677] Built Lean.Meta.CtorRecognizer:c.o (935ms)
✔ [4438/7677] Built Lean.Meta.LevelDefEq:c.o (2.6s)
✔ [4439/7677] Built Lean.Elab.InfoTree (174ms)
✔ [4441/7677] Built Lean.Linter.EnvLinter.Basic (497ms)
✔ [4443/7677] Built Lean.Elab.InheritDoc (401ms)
✔ [4445/7677] Built Lean.Meta.SameCtorUtils (357ms)
✔ [4447/7677] Built Lean.Meta.ReduceEval:c.o (1.8s)
✔ [4448/7677] Built Lean.Meta.Sym.Eta (399ms)
✔ [4450/7677] Built Lean.Meta.Transform:c.o (5.1s)
✔ [4451/7677] Built Lean.Elab.PreDefinition.WF.FloatRecApp (352ms)
✔ [4453/7677] Built Lean.Data (219ms)
✔ [4455/7677] Built Std.Tactic.BVDecide.Bitblast.BVExpr.Circuit.Impl.Operations.Sub:c.o (106ms)
✔ [4456/7677] Built Lean.Meta.PProdN (636ms)
✔ [4458/7677] Built Std.Tactic.BVDecide.Bitblast.BVExpr.Circuit.Lemmas.Operations.Neg:c.o (89ms)
✔ [4459/7677] Built Lean.Meta.Tactic.Simp.Arith.Nat.Basic (994ms)
✔ [4461/7677] Built Lean.Meta.MatchUtil (516ms)
✔ [4463/7677] Built Std.Tactic.BVDecide.Bitblast.BVExpr.Circuit.Lemmas.Operations.Ult:c.o (120ms)
✔ [4464/7677] Built Lean.Meta.Check:c.o (5.0s)
✔ [4465/7677] Built Lean.Meta.GeneralizeTelescope (569ms)
✔ [4467/7677] Built Lean.Meta.WHNF (2.5s)
✔ [4469/7677] Built Lean.AddDecl:c.o (6.0s)
✔ [4470/7677] Built Lean.Meta.Tactic.ElimInfo (1.6s)
✔ [4472/7677] Built Lean.Replay (678ms)
✔ [4474/7677] Built Lean.Elab.InfoTree:c.o (79ms)
✔ [4475/7677] Built Lean.Meta.LetToHave (1.9s)
✔ [4477/7677] Built Lean.Meta.Eval (508ms)
✔ [4479/7677] Built Lean.Meta.Constructions.CasesOn (565ms)
✔ [4481/7677] Built Lean.Compiler.InitAttr (667ms)
✔ [4483/7677] Built Lean.Meta.SameCtorUtils:c.o (938ms)
✔ [4484/7677] Built Lean.Meta.Sym.Eta:c.o (890ms)
✔ [4485/7677] Built Lean.Elab.InheritDoc:c.o (1.2s)
✔ [4486/7677] Built Lean.Linter.EnvLinter.Basic:c.o (1.1s)
✔ [4487/7677] Built Lean.Data:c.o (98ms)
✔ [4488/7677] Built Std.Tactic.BVDecide.Bitblast.BVExpr.Circuit.Lemmas.Operations.Sub (264ms)
✔ [4490/7677] Built Std.Http.Protocol.H1.Parser:c.o (5.4s)
✔ [4491/7677] Built Std.Http.Protocol.H1.Error (574ms)
✔ [4493/7677] Built Lean.Elab.PreDefinition.WF.FloatRecApp:c.o (1.3s)
✔ [4494/7677] Built Lean.Meta.MatchUtil:c.o (947ms)
✔ [4495/7677] Built Std.Tactic.BVDecide.Bitblast.BVExpr.Circuit.Impl.Operations.Udiv (2.2s)
✔ [4497/7677] Built Lean.Meta.GeneralizeTelescope:c.o (616ms)
✔ [4498/7677] Built Std.Tactic.BVDecide.Bitblast.BVExpr.Circuit.Impl.Operations.Cpop (2.9s)
✔ [4500/7677] Built Lean.Meta.PProdN:c.o (2.5s)
✔ [4501/7677] Built Lean.Meta.Tactic.Simp.Arith.Nat.Basic:c.o (1.9s)
✔ [4502/7677] Built Lean.Language.Util (376ms)
✔ [4504/7677] Built Lean.Elab.SetOption (432ms)
✔ [4506/7677] Built Lean.Compiler.ImplementedByAttr (375ms)
✔ [4508/7677] Built Lean.Meta.Eval:c.o (1.3s)
✔ [4509/7677] Built Lean.Replay:c.o (3.0s)
✔ [4510/7677] Built Lean.Meta.Tactic.ElimInfo:c.o (3.8s)
✔ [4511/7677] Built Std.Tactic.BVDecide.Bitblast.BVExpr.Circuit.Lemmas.Operations.Sub:c.o (65ms)
✔ [4512/7677] Built Std.Http.Protocol.H1.Error:c.o (219ms)
✔ [4513/7677] Built Lean.Compiler.InitAttr:c.o (1.5s)
✔ [4514/7677] Built Lean.Meta.HasNotBit (281ms)
✔ [4516/7677] Built Std.Tactic.BVDecide.Bitblast.BVExpr.Circuit.Impl.Operations.Udiv:c.o (365ms)
✔ [4517/7677] Built Lean.Meta.Constructions.CasesOn:c.o (2.4s)
✔ [4518/7677] Built Lean.DefEqAttrib (795ms)
✔ [4520/7677] Built Lean.Elab.PreDefinition.Structural.Preprocess (439ms)
✔ [4522/7677] Built Lean.Meta.DiscrTree.Main (988ms)
✔ [4524/7677] Built Lean.Server.Completion.CompletionUtils (727ms)
✔ [4526/7677] Built Lean.Meta.LetToHave:c.o (6.1s)
✔ [4527/7677] Built Lean.PrettyPrinter.Delaborator.FieldNotation (630ms)
✔ [4529/7677] Built Std.Tactic.BVDecide.Bitblast.BVExpr.Circuit.Impl.Operations.Cpop:c.o (712ms)
✔ [4530/7677] Built LeanChecker (1.1s)
✔ [4532/7677] Built Lean.Language.Util:c.o (1.0s)
✔ [4533/7677] Built Lean.Elab.SetOption:c.o (522ms)
✔ [4534/7677] Built Lean.Compiler.ImplementedByAttr:c.o (871ms)
✔ [4535/7677] Built Lean.Meta.Constructions.RecOn (528ms)
✔ [4537/7677] Built Lean.ParserCompiler.Attribute (513ms)
✔ [4539/7677] Built Lake.CLI.Check (2.0s)
✔ [4541/7677] Built Lean.BuiltinDocAttr (312ms)
✔ [4543/7677] Built Std.Http.Protocol.H1.Event (559ms)
✔ [4545/7677] Built Std.Http.Protocol.H1.Reader (774ms)
✔ [4547/7677] Built Lean.Meta.HasNotBit:c.o (489ms)
✔ [4548/7677] Built Std.Http.Protocol.H1.Writer (817ms)
✔ [4550/7677] Built Std.Tactic.BVDecide.Bitblast.BVExpr.Circuit.Impl.Operations.Umod (509ms)
✔ [4552/7677] Built Lean.Elab.PreDefinition.Structural.Preprocess:c.o (1.3s)
✔ [4553/7677] Built Std.Tactic.BVDecide.Bitblast.BVExpr.Circuit.Lemmas.Operations.Udiv (1.7s)
✔ [4555/7677] Built Lean.DefEqAttrib:c.o (2.6s)
✔ [4556/7677] Built Lean.Meta.WHNF:c.o (12s)
✔ [4557/7677] Built Std.Tactic.BVDecide.Bitblast.BVExpr.Circuit.Lemmas.Operations.Cpop (1.9s)
✔ [4559/7677] Built Lean.Meta.DiscrTree.Main:c.o (3.9s)
✔ [4560/7677] Built Lean.Server.Completion.CompletionUtils:c.o (2.9s)
✔ [4561/7677] Built LeanChecker:c.o (999ms)
✔ [4562/7677] Built Lean.Meta.Constructions.RecOn:c.o (896ms)
✔ [4563/7677] Built Std.Http.Protocol.H1.Event:c.o (280ms)
✔ [4564/7677] Built Lean.PrettyPrinter.Delaborator.FieldNotation:c.o (2.1s)
✔ [4565/7677] Built Lean.BuiltinDocAttr:c.o (464ms)
✔ [4566/7677] Built Lean.Meta.Tactic.AuxLemma (404ms)
✔ [4568/7677] Built Lean.Meta.DiscrTree (184ms)
✔ [4570/7677] Built Lean.ParserCompiler.Attribute:c.o (1.0s)
✔ [4571/7677] Built Lean.Meta.ACLt (573ms)
✔ [4573/7677] Built Std.Tactic.BVDecide.Bitblast.BVExpr.Circuit.Impl.Operations.Umod:c.o (146ms)
✔ [4574/7677] Built Std.Http.Protocol.H1.Reader:c.o (1.4s)
✔ [4575/7677] Built Std.Http.Protocol.H1.Writer:c.o (1.2s)
✔ [4576/7677] Built Std.Tactic.BVDecide.Bitblast.BVExpr.Circuit.Lemmas.Operations.Udiv:c.o (100ms)
✔ [4577/7677] Built Std.Tactic.BVDecide.Bitblast.BVExpr.Circuit.Lemmas.Operations.Cpop:c.o (70ms)
✔ [4578/7677] Built LeanChecker:static (5ms)
✔ [4580/7677] Built Lean.Data.FuzzyMatching (701ms)
✔ [4582/7677] Built Lean.Meta.Instances (2.2s)
✔ [4584/7677] Built Lean.Meta.DiscrTree:c.o (104ms)
✔ [4585/7677] Built Lean.Meta.Tactic.AuxLemma:c.o (1.1s)
✔ [4586/7677] Built Lean.Parser.Extension (2.1s)
✔ [4588/7677] Built Std.Http.Protocol.H1 (2.5s)
✔ [4590/7677] Built Std.Tactic.BVDecide.Bitblast.BVExpr.Circuit.Lemmas.Operations.Umod (623ms)
✔ [4592/7677] Built Lean.Meta.ACLt:c.o (1.8s)
✔ [4593/7677] Built Lean.Meta.Closure (1.8s)
✔ [4595/7677] Built Lean.Data.FuzzyMatching:c.o (2.2s)
✔ [4596/7677] Built Lake.CLI.Check:c.o (6.5s)
✔ [4597/7677] Built Lean.Meta.Tactic.Ext (889ms)
✔ [4599/7677] Built Lean.Meta.LazyDiscrTree (3.8s)
✔ [4601/7677] Built Std.Tactic.BVDecide.Bitblast.BVExpr.Circuit.Lemmas.Operations.Umod:c.o (91ms)
✔ [4602/7677] Built Lean.Parser.Extension:c.o (4.0s)
✔ [4603/7677] Built Lean.Meta.Instances:c.o (6.7s)
✔ [4604/7677] Built Lean.Meta.SynthInstance (3.9s)
✔ [4606/7677] Built Lean.Parser.Term.Doc (458ms)
✔ [4608/7677] Built Std.Tactic.BVDecide.Bitblast.BVExpr.Circuit.Impl.Expr (12s)
✔ [4610/7677] Built Std.Http.Server.Config (599ms)
✔ [4612/7677] Built Lean.Meta.Tactic.Ext:c.o (1.9s)
✔ [4613/7677] Built Std.Http.Transport (665ms)
✔ [4615/7677] Built Lean.Meta.Closure:c.o (5.1s)
✔ [4616/7677] Built Lean.Compiler.LCNF.Basic (5.5s)
✔ [4618/7677] Built Lean.Meta.AbstractNestedProofs (538ms)
✔ [4620/7677] Built Std.Http.Protocol.H1:c.o (10s)
✔ [4621/7677] Built Std.Http.Server.Config:c.o (104ms)
✔ [4622/7677] Built Lean.Parser.Term.Doc:c.o (846ms)
✔ [4623/7677] Built Std.Http.Transport:c.o (814ms)
✔ [4624/7677] Built Lean.Meta.Tactic.Grind.Arith.Util (570ms)
✔ [4626/7677] Built Lean.Meta.UnificationHint (868ms)
✔ [4628/7677] Built Lean.Meta.AppBuilder (2.3s)
✔ [4630/7677] Built Lean.PrettyPrinter.Delaborator.TopDownAnalyze (4.3s)
✔ [4632/7677] Built Std.Tactic.BVDecide.Bitblast.BVExpr.Circuit.Impl.Expr:c.o (6.3s)
✔ [4633/7677] Built Lean.Meta.AbstractNestedProofs:c.o (1.8s)
✔ [4634/7677] Built Lean.Meta.LazyDiscrTree:c.o (8.2s)
✔ [4635/7677] Built Std.Tactic.BVDecide.Bitblast.BVExpr.Circuit.Impl.Pred (645ms)
✔ [4637/7677] Built Std.Http.Server.Connection (1.6s)
✔ [4639/7677] Built Lean.Meta.Tactic.Grind.Arith.Util:c.o (936ms)
✔ [4640/7677] Built Lean.Meta.SynthInstance:c.o (12s)
✔ [4641/7677] Built Lean.Meta.UnificationHint:c.o (3.6s)
✔ [4642/7677] Built Lean.Compiler.LCNF.Basic:c.o (8.7s)
✔ [4643/7677] Built Lean.Compiler.IR.CompilerM (705ms)
✔ [4645/7677] Built Lean.Compiler.LCNF.Level (494ms)
✔ [4647/7677] Built Lean.Compiler.LCNF.MonadScope (261ms)
✔ [4649/7677] Built Lean.Compiler.LCNF.DeclHash (329ms)
✔ [4651/7677] Built Lean.Compiler.LCNF.DependsOn (565ms)
✔ [4653/7677] Built Lean.Compiler.LCNF.FixedParams (948ms)
✔ [4655/7677] Built Lean.Compiler.LCNF.ToExpr (908ms)
✔ [4657/7677] Built Lean.Compiler.LCNF.LCtx (489ms)
✔ [4659/7677] Built Lean.Compiler.LCNF.AlphaEqv (945ms)
✔ [4661/7677] Built Std.Tactic.BVDecide.Bitblast.BVExpr.Circuit.Impl.Pred:c.o (1.5s)
✔ [4662/7677] Built Lean.Meta.AppBuilder:c.o (7.5s)
✔ [4663/7677] Built Lean.Meta.WrapInstance (2.4s)
✔ [4665/7677] Built Lean.Meta.Eqns (1.1s)
✔ [4667/7677] Built Lean.Meta.Tactic.Simp.Arith.Nat.Simp (402ms)
✔ [4669/7677] Built Std.Http.Server.Connection:c.o (4.5s)
✔ [4670/7677] Built Lean.Meta.Order (424ms)
✔ [4672/7677] Built Lean.Meta.ExprDefEq (6.5s)
✔ [4674/7677] Built Lean.Meta.Structure (999ms)
✔ [4676/7677] Built Lean.Meta.Tactic.Util (973ms)
✔ [4678/7677] Built Lean.Meta.Match.NamedPatterns (451ms)
✔ [4680/7677] Built Lean.Meta.Tactic.Simp.Arith.Int.Basic (1.2s)
✔ [4682/7677] Built Lean.Meta.SizeOf (1.9s)
✔ [4684/7677] Built Lean.Meta.Tactic.Grind.EqResolution (623ms)
✔ [4686/7677] Built Lean.Meta.HaveTelescope (928ms)
✔ [4688/7677] Built Lean.Meta.StringLitProof (359ms)
✔ [4690/7677] Built Lean.Elab.Tactic.Omega.OmegaM (1.4s)
✔ [4692/7677] Built Lean.Meta.Coe (1.1s)
✔ [4694/7677] Built Lean.PrettyPrinter.Delaborator.TopDownAnalyze:c.o (10s)
✔ [4695/7677] Built Lean.Meta.ArgsPacker (1.5s)
✔ [4697/7677] Built Lean.Compiler.LCNF.MonadScope:c.o (186ms)
✔ [4698/7677] Built Lean.Compiler.LCNF.DeclHash:c.o (255ms)
✔ [4699/7677] Built Lean.Compiler.LCNF.DependsOn:c.o (266ms)
✔ [4700/7677] Built Lean.Compiler.IR.CompilerM:c.o (1.8s)
✔ [4701/7677] Built Lean.Compiler.LCNF.Level:c.o (1.2s)
✔ [4702/7677] Built Lean.Compiler.LCNF.ToExpr:c.o (1.0s)
✔ [4703/7677] Built Lean.Compiler.LCNF.FixedParams:c.o (1.3s)
✔ [4704/7677] Built Lean.Compiler.LCNF.LCtx:c.o (848ms)
✔ [4705/7677] Built Std.Tactic.BVDecide.Bitblast.BVExpr.Circuit.Impl.Substructure (1.4s)
✔ [4707/7677] Built Std.Http.Server (610ms)
✔ [4709/7677] Built Lean.Meta.Tactic.Simp.Arith.Nat.Simp:c.o (498ms)
✔ [4710/7677] Built Std.Tactic.BVDecide.Bitblast.BVExpr.Circuit.Lemmas.Expr (21s)
✔ [4712/7677] Built Lean.Meta.Order:c.o (530ms)
✔ [4713/7677] Built Lean.Compiler.LCNF.AlphaEqv:c.o (2.4s)
✔ [4714/7677] Built Lean.Meta.Eqns:c.o (3.8s)
✔ [4715/7677] Built Lean.Meta.Tactic.Util:c.o (3.5s)
✔ [4716/7677] Built Lean.Meta.Structure:c.o (4.3s)
✔ [4717/7677] Built Lean.Meta.Match.NamedPatterns:c.o (1.6s)
✔ [4718/7677] Built Lean.Meta.Tactic.Grind.EqResolution:c.o (1.8s)
✔ [4719/7677] Built Lean.Meta.Tactic.Simp.Arith.Int.Basic:c.o (2.3s)
✔ [4720/7677] Built Lean.Meta.StringLitProof:c.o (308ms)
✔ [4721/7677] Built Lean.Meta.WrapInstance:c.o (9.4s)
✔ [4722/7677] Built Lean.Meta.HaveTelescope:c.o (2.2s)
✔ [4723/7677] Built Lean.Compiler.IR.EmitUtil (477ms)
✔ [4725/7677] Built Lean.Compiler.IR.Meta (346ms)
✔ [4727/7677] Built Lean.Compiler.IR.Sorry (516ms)
✔ [4729/7677] Built Lean.KeyedDeclsAttribute (872ms)
✔ [4731/7677] Built Lean.Elab.Tactic.Omega.OmegaM:c.o (2.8s)
✔ [4732/7677] Built Lean.Compiler.IR.Checker (1.0s)
✔ [4734/7677] Built Lean.Compiler.LCNF.CompilerM (1.7s)
✔ [4736/7677] Built Lean.Meta.SizeOf:c.o (8.3s)
✔ [4737/7677] Built Std.Tactic.BVDecide.Bitblast.BVExpr.Circuit.Impl.Substructure:c.o (1.2s)
✔ [4738/7677] Built Lean.Meta.Tactic.Grind.Theorems (794ms)
✔ [4740/7677] Built Lean.Meta.Tactic.Simp.Arith.Nat (204ms)
✔ [4742/7677] Built Lean.Meta.ArgsPacker:c.o (4.2s)
✔ [4743/7677] Built Lean.Meta.Tactic.IndependentOf (335ms)
✔ [4745/7677] Built Std.Http.Server:c.o (1.5s)
✔ [4746/7677] Built Std.Tactic.BVDecide.Bitblast.BVExpr.Circuit.Lemmas.Expr:c.o (1.1s)
✔ [4747/7677] Built Lean.Meta.Tactic.Cleanup (674ms)
✔ [4749/7677] Built Lean.Meta.Tactic.Rename (241ms)
✔ [4751/7677] Built Lean.Meta.Coe:c.o (5.0s)
✔ [4752/7677] Built Lean.Meta.Tactic.FunIndCollect (630ms)
✔ [4754/7677] Built Lean.Meta.Tactic.ExposeNames (599ms)
✔ [4756/7677] Built Lean.Meta.Tactic.Assumption (273ms)
✔ [4758/7677] Built Lean.Meta.Tactic.Intro (556ms)
✔ [4760/7677] Built Lean.Meta.Tactic.Clear (458ms)
✔ [4762/7677] Built Lean.Meta.Match.AltTelescopes (460ms)
✔ [4764/7677] Built Lean.Meta.Tactic.Simp.Arith.Int.Simp (707ms)
✔ [4766/7677] Built Lean.Meta.Match.Basic (1.0s)
✔ [4768/7677] Built Lean.Compiler.IR.Meta:c.o (784ms)
✔ [4769/7677] Built Lean.Compiler.IR.EmitUtil:c.o (1.6s)
✔ [4770/7677] Built Lean.Compiler.IR.Sorry:c.o (727ms)
✔ [4771/7677] Built Lean.Elab.Tactic.Omega.Core (2.2s)
✔ [4773/7677] Built Std.Tactic.BVDecide.Bitblast.BVExpr.Circuit.Impl (185ms)
✔ [4775/7677] Built Lean.KeyedDeclsAttribute:c.o (2.8s)
✔ [4776/7677] Built Std.Http.Test.Helpers (1.5s)
✔ [4778/7677] Built Lean.Meta.Tactic.Simp.Arith.Nat:c.o (70ms)
✔ [4779/7677] Built Std.Tactic.BVDecide.Bitblast.BVExpr.Circuit.Lemmas.Pred (458ms)
✔ [4781/7677] Built Lean.Compiler.IR.Checker:c.o (2.5s)
✔ [4782/7677] Built Lean.Meta.Tactic.IndependentOf:c.o (454ms)
✔ [4783/7677] Built Lean.Meta.Tactic.Rename:c.o (471ms)
✔ [4784/7677] Built Lean.Meta.Tactic.Grind.Theorems:c.o (2.0s)
✔ [4785/7677] Built Lean.Meta.Tactic.Cleanup:c.o (2.1s)
✔ [4786/7677] Built Lean.Meta.Tactic.FunIndCollect:c.o (1.7s)
✔ [4787/7677] Built Lean.Compiler.LCNF.CompilerM:c.o (5.2s)
✔ [4788/7677] Built Lean.Meta.Tactic.ExposeNames:c.o (1.8s)
✔ [4789/7677] Built Lean.Meta.Tactic.Assumption:c.o (655ms)
✔ [4790/7677] Built Lean.Meta.ExprDefEq:c.o (23s)
✔ [4791/7677] Built Lean.Meta.Match.AltTelescopes:c.o (1.3s)
✔ [4792/7677] Built Lean.Meta.Tactic.Clear:c.o (1.6s)
✔ [4793/7677] Built Lean.Meta.Tactic.Intro:c.o (2.5s)
✔ [4794/7677] Built Lean.ParserCompiler (994ms)
✔ [4796/7677] Built Lean.Meta.Tactic.Simp.Arith.Int.Simp:c.o (2.2s)
✔ [4797/7677] Built Lean.PrettyPrinter.Basic (516ms)
✔ [4799/7677] Built Lean.Compiler.LCNF.Closure (976ms)
✔ [4801/7677] Built Lean.Compiler.LCNF.SplitSCC (669ms)
✔ [4803/7677] Built Lean.Compiler.LCNF.LiveVars (551ms)
✔ [4805/7677] Built Lean.PrettyPrinter.Delaborator.Basic (2.3s)
✔ [4807/7677] Built Lean.Compiler.LCNF.Renaming (442ms)
✔ [4809/7677] Built Lean.Compiler.LCNF.Simp.Basic (236ms)
✔ [4811/7677] Built Lean.Compiler.LCNF.ScopeM (357ms)
✔ [4813/7677] Built Lean.Meta.Match.Basic:c.o (3.4s)
✔ [4814/7677] Built Lean.Compiler.LCNF.BaseTypes (536ms)
✔ [4816/7677] Built Std.Tactic.BVDecide.Bitblast.BVExpr.Circuit.Impl:c.o (114ms)
✔ [4817/7677] Built Lean.Compiler.LCNF.FVarUtil (940ms)
✔ [4819/7677] Built Lean.Compiler.LCNF.PassManager (891ms)
✔ [4821/7677] Built Lean.Meta.Tactic.Grind.Extension (1.2s)
✔ [4823/7677] Built Std.Tactic.BVDecide.Bitblast.BVExpr.Circuit.Lemmas.Pred:c.o (152ms)
✔ [4824/7677] Built Lean.Meta.Tactic.Grind.Injection (297ms)
✔ [4826/7677] Built Lean.Compiler.IR.EmitLLVM (6.6s)
✔ [4828/7677] Built Lean.Meta.Tactic.Simp.Arith.Int (217ms)
✔ [4830/7677] Built Lean.Meta.Tactic.Revert (556ms)
✔ [4832/7677] Built Lean.Meta.Tactic.Backtrack (2.1s)
✔ [4834/7677] Built Lean.Meta.Match.MatchEqsExt (609ms)
✔ [4836/7677] Built Lean.PrettyPrinter.Basic:c.o (594ms)
✔ [4837/7677] Built Lean.Compiler.LCNF.Closure:c.o (1.5s)
✔ [4838/7677] Built Lean.Compiler.LCNF.SplitSCC:c.o (1.3s)
✔ [4839/7677] Built Lean.ParserCompiler:c.o (2.3s)
✔ [4840/7677] Built Lean.Compiler.LCNF.LiveVars:c.o (733ms)
✔ [4841/7677] Built Lean.Compiler.LCNF.Simp.Basic:c.o (135ms)
✔ [4842/7677] Built Lean.Compiler.LCNF.ScopeM:c.o (231ms)
✔ [4843/7677] Built Lean.Compiler.LCNF.Renaming:c.o (1.2s)
✔ [4844/7677] Built Std.Http.Test.Helpers:c.o (5.6s)
✔ [4845/7677] Built Std.Http (305ms)
✔ [4847/7677] Built Lean.Elab.Tactic.Omega.Core:c.o (6.4s)
✔ [4848/7677] Built Lean.Compiler.LCNF.BaseTypes:c.o (839ms)
✔ [4849/7677] Built Std.Tactic.BVDecide.Bitblast.BVExpr.Circuit.Lemmas (455ms)
✔ [4851/7677] Built Lean.Compiler.LCNF.PassManager:c.o (1.2s)
✔ [4852/7677] Built Lean.Meta.Tactic.Grind.Injection:c.o (860ms)
✔ [4853/7677] Built Lean.Meta.Tactic.Simp.Arith.Int:c.o (85ms)
✔ [4854/7677] Built Lean.Compiler.LCNF.FVarUtil:c.o (2.3s)
✔ [4855/7677] Built Lean.Meta.Tactic.Grind.Extension:c.o (1.0s)
✔ [4856/7677] Built Lean.Meta.Tactic.Revert:c.o (1.1s)
✔ [4857/7677] Built Lean.PrettyPrinter.Delaborator.Basic:c.o (5.0s)
✔ [4858/7677] Built Lean.Meta.Match.MatchEqsExt:c.o (620ms)
✔ [4859/7677] Built Lean.PrettyPrinter.Formatter (2.2s)
✔ [4861/7677] Built Lean.PrettyPrinter.Delaborator.Metavariable (801ms)
✔ [4863/7677] Built Lean.Compiler.LCNF.Simp.FunDeclInfo (586ms)
✔ [4865/7677] Built Std.Http:c.o (61ms)
✔ [4866/7677] Built Lean.PrettyPrinter.Parenthesizer (1.8s)
✔ [4868/7677] Built Lean.Compiler.LCNF.Irrelevant (638ms)
✔ [4870/7677] Built Lean.Compiler.LCNF.CoalesceRC (426ms)
✔ [4872/7677] Built Lean.Compiler.LCNF.SimpCase (492ms)
✔ [4874/7677] Built Lean.Compiler.LCNF.Toposort (476ms)
✔ [4876/7677] Built Lean.Compiler.LCNF.CSE (872ms)
✔ [4878/7677] Built Lean.Compiler.LCNF.PullFunDecls (682ms)
✔ [4880/7677] Built Lean.Compiler.LCNF.PullLetDecls (580ms)
✔ [4882/7677] Built Lean.Compiler.LCNF.ExpandResetReuse (844ms)
✔ [4884/7677] Built Lean.Compiler.LCNF.ElimDead (544ms)
✔ [4886/7677] Built Lean.Meta.Tactic.Backtrack:c.o (5.9s)
✔ [4887/7677] Built Std.Tactic.BVDecide.Bitblast.BVExpr.Circuit.Lemmas:c.o (77ms)
✔ [4888/7677] Built Lean.Compiler.LCNF.SimpleGroundExpr (2.2s)
✔ [4890/7677] Built Lean.Meta.Tactic.Grind.ExtAttr (331ms)
✔ [4892/7677] Built Lean.Meta.Tactic.Simp.Arith (234ms)
✔ [4894/7677] Built Lean.Compiler.LCNF.PhaseExt (930ms)
✔ [4896/7677] Built Lean.Meta.Tactic.Assert (828ms)
✔ [4898/7677] Built Lean.Meta.Tactic.Generalize (778ms)
✔ [4900/7677] Built Lean.Meta.Tactic.Grind.MarkAccessible (400ms)
✔ [4902/7677] Built Lean.Meta.Tactic.Induction (1.0s)
✔ [4904/7677] Built Std.Internal (300ms)
✔ [4906/7677] Built Lean.Compiler.LCNF.Simp.FunDeclInfo:c.o (998ms)
✔ [4907/7677] Built Lean.Util.ProfilerServer (1.2s)
✔ [4909/7677] Built Lean.PrettyPrinter.Delaborator.Metavariable:c.o (1.9s)
✔ [4910/7677] Built Lean.Compiler.LCNF.Irrelevant:c.o (1.2s)
✔ [4911/7677] Built Lean.Compiler.LCNF.CoalesceRC:c.o (1.2s)
✔ [4912/7677] Built Lean.Compiler.LCNF.Toposort:c.o (769ms)
✔ [4913/7677] Built Lean.Compiler.LCNF.SimpCase:c.o (1.3s)
✔ [4914/7677] Built Lean.Compiler.LCNF.PullFunDecls:c.o (1.1s)
✔ [4915/7677] Built Lean.Compiler.LCNF.CSE:c.o (2.1s)
✔ [4916/7677] Built Lean.PrettyPrinter.Parenthesizer:c.o (4.6s)
✔ [4917/7677] Built Lean.Compiler.LCNF.PullLetDecls:c.o (1.2s)
✔ [4918/7677] Built Lean.PrettyPrinter.Formatter:c.o (6.2s)
✔ [4919/7677] Built Std.Tactic.BVDecide.Bitblast.BVExpr.Circuit (193ms)
✔ [4921/7677] Built Lean.Meta.Tactic.Grind.ExtAttr:c.o (385ms)
✔ [4922/7677] Built Lean.Meta.Tactic.Simp.Arith:c.o (90ms)
✔ [4923/7677] Built Lean.Compiler.LCNF.ElimDead:c.o (1.7s)
✔ [4924/7677] Built Lean.Compiler.LCNF.PhaseExt:c.o (2.8s)
✔ [4925/7677] Built Lean.Compiler.LCNF.ExpandResetReuse:c.o (3.8s)
✔ [4926/7677] Built Lean.Meta.Tactic.Assert:c.o (2.2s)
✔ [4927/7677] Built Std.Internal:c.o (74ms)
✔ [4928/7677] Built Lean.Meta.Tactic.Grind.MarkAccessible:c.o (492ms)
✔ [4929/7677] Built Lean.Compiler.LCNF.SimpleGroundExpr:c.o (4.4s)
✔ [4930/7677] Built Lean.Compiler.IR.EmitLLVM:c.o (18s)
✔ [4931/7677] Built Lean.Meta.Tactic.Generalize:c.o (1.8s)
✔ [4932/7677] Built Std.Tactic.BVDecide.Bitblast.BVExpr.Circuit:c.o (86ms)
✔ [4933/7677] Built Lean.Parser.Extra (1.2s)
✔ [4935/7677] Built Lean.Compiler.LCNF.MonoTypes (472ms)
✔ [4937/7677] Built Lean.Compiler.LCNF.PropagateBorrow (878ms)
✔ [4939/7677] Built Lean.Compiler.LCNF.EmitUtil (508ms)
✔ [4941/7677] Built Lean.Compiler.LCNF.FloatLetIn (1.3s)
✔ [4943/7677] Built Lean.Compiler.LCNF.Probing (1.2s)
✔ [4945/7677] Built Lean.Meta.Tactic.Subst (1.2s)
✔ [4947/7677] Built Lean.Compiler.LCNF.Visibility (2.0s)
✔ [4949/7677] Built Lean.Meta.Tactic.Induction:c.o (4.4s)
✔ [4950/7677] Built Lean.Meta.Tactic.Replace (752ms)
✔ [4952/7677] Built Std.Tactic.BVDecide.Bitblast.BVExpr (333ms)
✔ [4954/7677] Built Lean.Compiler.LCNF.EmitUtil:c.o (702ms)
✔ [4955/7677] Built Lean.Compiler.LCNF.MonoTypes:c.o (922ms)
✔ [4956/7677] Built Lean.Compiler.LCNF.PropagateBorrow:c.o (2.7s)
✔ [4957/7677] Built Lean.Parser.Extra:c.o (3.3s)
✔ [4958/7677] Built Lean.Util.ProfilerServer:c.o (7.4s)
✔ [4959/7677] Built Lean.Parser.Attr (755ms)
✔ [4961/7677] Built Lean.Parser.Level (436ms)
✔ [4963/7677] Built Lean.Compiler.LCNF.Probing:c.o (3.7s)
✔ [4964/7677] Built Lean.Compiler.IR.ToIRType (262ms)
✔ [4966/7677] Built Lean.Compiler.LCNF.ToImpureType (1.1s)
✔ [4968/7677] Built Lean.Compiler.LCNF.FloatLetIn:c.o (5.5s)
✔ [4969/7677] Built Std.Tactic.BVDecide.Bitblast.BVExpr:c.o (57ms)
✔ [4970/7677] Built Lean.Compiler.LCNF.ResetReuse (1.1s)
✔ [4972/7677] Built Lean.Meta.Tactic.Replace:c.o (2.4s)
✔ [4973/7677] Built Lean.Meta.Match.CaseValues (378ms)
✔ [4975/7677] Built Lean.Meta.Tactic.Injection (893ms)
✔ [4977/7677] Built Lean.Compiler.LCNF.Visibility:c.o (2.8s)
✔ [4978/7677] Built Lean.Parser.Attr:c.o (903ms)
✔ [4979/7677] Built Lean.Meta.CongrTheorems (1.5s)
✔ [4981/7677] Built Lean.Meta.Tactic.Symm (740ms)
✔ [4983/7677] Built Lean.Meta.Tactic.Delta (504ms)
✔ [4985/7677] Built Lean.Compiler.IR.ToIRType:c.o (195ms)
✔ [4986/7677] Built Lean.Parser.Level:c.o (487ms)
✔ [4987/7677] Built Std.Tactic.BVDecide.Bitblast (414ms)
✔ [4989/7677] Built Lean.Meta.Tactic.Subst:c.o (6.0s)
✔ [4990/7677] Built Lean.Meta.Tactic.Lets (1.4s)
✔ [4992/7677] Built Lean.Meta.Match.CaseValues:c.o (812ms)
✔ [4993/7677] Built Lean.Parser.Tactic.Doc (1.3s)
✔ [4995/7677] Built Lean.Parser.Term.Basic (809ms)
✔ [4997/7677] Built Lean.Compiler.LCNF.ToImpureType:c.o (3.2s)
✔ [4998/7677] Built Lean.Meta.Tactic.Injection:c.o (2.8s)
✔ [4999/7677] Built Lean.Compiler.IR.ToIR (629ms)
✔ [5001/7677] Built Lean.Compiler.LCNF.OtherDecl (308ms)
✔ [5003/7677] Built Lean.Compiler.LCNF.ResetReuse:c.o (4.0s)
✔ [5004/7677] Built Lean.Meta.Match.CaseArraySizes (504ms)
✔ [5006/7677] Built Std.Tactic.BVDecide.Bitblast:c.o (85ms)
✔ [5007/7677] Built Lean.Meta.Tactic.Delta:c.o (1.4s)
✔ [5008/7677] Built Lean.Compiler.LCNF.ToImpure (1.4s)
✔ [5010/7677] Built Lean.Meta.Tactic.UnifyEq (580ms)
✔ [5012/7677] Built Lean.Meta.CongrTheorems:c.o (5.0s)
✔ [5013/7677] Built Lean.Meta.Tactic.Symm:c.o (3.6s)
✔ [5014/7677] Built Lean.Meta.Sym.SymM (1.6s)
✔ [5016/7677] Built Lean.Compiler.LCNF.OtherDecl:c.o (166ms)
✔ [5017/7677] Built Lean.Parser.Term.Basic:c.o (1.7s)
✔ [5018/7677] Built Std.Tactic.BVDecide.Reflect (417ms)
✔ [5020/7677] Built Lean.Meta.Match.CaseArraySizes:c.o (1.3s)
✔ [5021/7677] Built Lean.Compiler.IR.ToIR:c.o (2.7s)
✔ [5022/7677] Built Lean.DocString (223ms)
✔ [5024/7677] Built Lean.Parser.Tactic.Doc:c.o (4.2s)
✔ [5025/7677] Built Lean.Meta.Tactic.Lets:c.o (5.1s)
✔ [5026/7677] Built Lean.Compiler.IR (305ms)
✔ [5028/7677] Built Lean.Meta.Tactic.UnifyEq:c.o (1.8s)
✔ [5029/7677] Built Lean.DocString.Syntax (1.3s)
✔ [5031/7677] Built Lean.DocString:c.o (159ms)
✔ [5032/7677] Built Std.Tactic.BVDecide.Reflect:c.o (945ms)
✔ [5033/7677] Built Lean.Meta.Sym.Arith.Types (556ms)
✔ [5035/7677] Built Lean.Compiler.LCNF.InferType (1.4s)
✔ [5037/7677] Built Lean.Meta.Sym.DSimp.DSimpM (451ms)
✔ [5039/7677] Built Lean.Meta.Sym.SynthInstance (500ms)
✔ [5041/7677] Built Lean.Meta.Sym.InferType (314ms)
✔ [5043/7677] Built Lean.Compiler.LCNF.ToImpure:c.o (3.0s)
✔ [5044/7677] Built Lean.Meta.Sym.MaxFVar (385ms)
✔ [5046/7677] Built Lean.Meta.Sym.Simp.CongrInfo (903ms)
✔ [5048/7677] Built Lean.Meta.Sym.InstantiateMVarsS (223ms)
✔ [5050/7677] Built Lean.Meta.Sym.Util (789ms)
✔ [5052/7677] Built Lean.Meta.Sym.IsClass (275ms)
✔ [5054/7677] Built Lean.Compiler.IR:c.o (271ms)
✔ [5055/7677] Built Std.Tactic.BVDecide (367ms)
✔ [5057/7677] Built Lean.Meta.Sym.AlphaShareBuilder (733ms)
✔ [5059/7677] Built Lean.Meta.Sym.Arith.Types:c.o (504ms)
✔ [5060/7677] Built Lean.LabelAttribute (614ms)
✔ [5062/7677] Built Lean.Meta.Sym.DSimp.DSimpM:c.o (577ms)
✔ [5063/7677] Built Lean.DocString.Syntax:c.o (1.9s)
✔ [5064/7677] Built Lean.Meta.Sym.SymM:c.o (4.8s)
✔ [5065/7677] Built Lean.Meta.Sym.InferType:c.o (570ms)
✔ [5066/7677] Built Lean.Meta.Tactic.Simp.SimpTheorems (2.5s)
✔ [5068/7677] Built Lean.Meta.Sym.SynthInstance:c.o (1.2s)
✔ [5069/7677] Built Lean.Meta.Sym.InstantiateMVarsS:c.o (200ms)
✔ [5070/7677] Built Lean.Meta.Sym.IsClass:c.o (130ms)
✔ [5071/7677] Built Lean.Meta.Sym.MaxFVar:c.o (1.2s)
✔ [5072/7677] Built Lean.Meta.Sym.Simp.CongrInfo:c.o (837ms)
✔ [5073/7677] Built Std.Tactic.BVDecide:c.o (111ms)
✔ [5074/7677] Built Lean.Meta.Sym.AlphaShareBuilder:c.o (1.5s)
✔ [5075/7677] Built Lean.Compiler.LCNF.InferType:c.o (4.1s)
✔ [5076/7677] Built Lean.Meta.Sym.Arith.MonadVar (328ms)
✔ [5078/7677] Built Lean.Meta.Sym.Arith.MonadCanon (298ms)
✔ [5080/7677] Built Lean.DocString.View (2.6s)
✔ [5082/7677] Built Lean.Meta.Sym.Util:c.o (3.3s)
✔ [5083/7677] Built Lean.Meta.Sym.Arith.EvalNum (970ms)
✔ [5085/7677] Built Lean.LabelAttribute:c.o (801ms)
✔ [5086/7677] Built Lean.Compiler.LCNF.SpecInfo (1.1s)
✔ [5088/7677] Built Lean.DocString.Parser (4.1s)
✔ [5090/7677] Built Lean.Compiler.LCNF.Simp.DiscrM (723ms)
✔ [5092/7677] Built Lean.Compiler.LCNF.ToMono (1.9s)
✔ [5094/7677] Built Lean.Compiler.LCNF.JoinPoints (2.6s)
✔ [5096/7677] Built Lean.Compiler.LCNF.CompatibleTypes (480ms)
✔ [5098/7677] Built Lean.Compiler.LCNF.ReduceJpArity (557ms)
✔ [5100/7677] Built Lean.Compiler.LCNF.Bind (710ms)
✔ [5102/7677] Built Lean.Meta.Sym.DSimp.Variant (473ms)
✔ [5104/7677] Built Lean.Meta.Sym.DSimp.Result (182ms)
✔ [5106/7677] Built Lean.Meta.Tactic.Grind.SynthInstance (205ms)
✔ [5108/7677] Built Lean.Compiler.LCNF.ElimDeadBranches (2.3s)
✔ [5110/7677] Built Lean.Meta.Sym.ProofInstInfo (419ms)
✔ [5112/7677] Built Std.Tactic (272ms)
✔ [5114/7677] Built Lean.Meta.Sym.Arith.MonadVar:c.o (61ms)
✔ [5115/7677] Built Lean.Elab.Tactic.VCGen.WPApp (283ms)
✔ [5117/7677] Built Lean.Meta.Sym.Arith.MonadCanon:c.o (112ms)
✔ [5118/7677] Built Lean.Compiler.LCNF.Simp.ConstantFold (4.4s)
✔ [5120/7677] Built Lean.Meta.Sym.ReplaceS (2.3s)
✔ [5122/7677] Built Lean.Meta.Sym.Arith.EvalNum:c.o (1.4s)
✔ [5123/7677] Built Lean.DocString.View:c.o (2.2s)
✔ [5124/7677] Built Lean.Meta.Sym.DSimp.EvalGround (4.6s)
✔ [5126/7677] Built Lean.Compiler.LCNF.Simp.DiscrM:c.o (1.5s)
✔ [5127/7677] Built Lean.Compiler.LCNF.SpecInfo:c.o (1.0s)
✔ [5128/7677] Built Lean.Compiler.LCNF.ReduceJpArity:c.o (931ms)
✔ [5129/7677] Built Lean.Compiler.LCNF.CompatibleTypes:c.o (714ms)
✔ [5130/7677] Built Lean.Meta.Tactic.Simp.SimpTheorems:c.o (7.8s)
✔ [5131/7677] Built Lean.Compiler.LCNF.Bind:c.o (1.6s)
✔ [5132/7677] Built Lean.Meta.Sym.DSimp.Variant:c.o (336ms)
✔ [5133/7677] Built Lean.Meta.Sym.DSimp.Result:c.o (75ms)
✔ [5134/7677] Built Lean.Meta.Tactic.Grind.SynthInstance:c.o (79ms)
✔ [5135/7677] Built Lean.Compiler.LCNF.ToMono:c.o (5.0s)
✔ [5136/7677] Built Lean.Meta.Sym.ProofInstInfo:c.o (1.3s)
✔ [5137/7677] Built Std.Tactic:c.o (70ms)
✔ [5138/7677] Built Lean.Elab.Tactic.VCGen.WPApp:c.o (183ms)
✔ [5139/7677] Built Lean.Meta.Sym.Arith.MonadSemiring (256ms)
✔ [5141/7677] Built Lean.Meta.Sym.Arith.MonadRing (326ms)
✔ [5143/7677] Built Lean.DocString.Parser:c.o (8.3s)
✔ [5144/7677] Built Lean.Meta.Tactic.Simp.Types (3.3s)
✔ [5146/7677] Built Lean.Elab.DocString.Builtin.Parsing (777ms)
✔ [5148/7677] Built Lean.Compiler.LCNF.JoinPoints:c.o (8.1s)
✔ [5149/7677] Built Lean.DocString.Formatter (2.0s)
✔ [5151/7677] Built Lean.Meta.Sym.Arith.SafePoly (908ms)
✔ [5153/7677] Built Lean.Meta.Sym.Arith.Insts (465ms)
✔ [5155/7677] Built Lean.Meta.Sym.Canon (1.9s)
✔ [5157/7677] Built Lean.Compiler.LCNF.ElimDeadBranches:c.o (7.4s)
✔ [5158/7677] Built Lean.Meta.Sym.ReplaceS:c.o (2.3s)
✔ [5159/7677] Built Lean.Meta.Sym.DSimp.DSimproc (364ms)
✔ [5161/7677] Built Lean.Compiler.LCNF.Internalize (1.2s)
✔ [5163/7677] Built Lean.Meta.Sym.DSimp.App (478ms)
✔ [5165/7677] Built Lean.Meta.Tactic.Grind.Arith.FieldNormNum (1.1s)
✔ [5167/7677] Built Lean.Meta.Sym.Arith.MonadSemiring:c.o (208ms)
✔ [5168/7677] Built Std (372ms)
✔ [5170/7677] Built Lean.Meta.Sym.Arith.MonadRing:c.o (189ms)
✔ [5171/7677] Built Lean.Compiler.LCNF.ToLCNF (4.1s)
✔ [5173/7677] Built Lean.Elab.DocString.Builtin.Parsing:c.o (1.4s)
✔ [5174/7677] Built Lean.Meta.Sym.Arith.SafePoly:c.o (2.0s)
✔ [5175/7677] Built Lean.DocString.Formatter:c.o (4.3s)
✔ [5176/7677] Built Lean.Meta.Sym.LiftLet (1.2s)
✔ [5178/7677] Built Lean.Meta.Sym.AbstractS (938ms)
✔ [5180/7677] Built Lean.Meta.Sym.LooseBVarsS (500ms)
✔ [5182/7677] Built Lean.Meta.Sym.LetToHave (2.2s)
✔ [5184/7677] Built Lean.Meta.Sym.Arith.Insts:c.o (1.0s)
✔ [5185/7677] Built Lean.Meta.Sym.DSimp.DSimproc:c.o (545ms)
✔ [5186/7677] Built Lean.Meta.Tactic.Simp.Types:c.o (11s)
✔ [5187/7677] Built Lean.Compiler.LCNF.Internalize:c.o (3.7s)
✔ [5188/7677] Built Lean.Meta.Sym.DSimp.App:c.o (449ms)
✔ [5189/7677] Built Lean.Meta.Sym.Arith.Functions (690ms)
✔ [5191/7677] Built Lean.Meta.Sym.Canon:c.o (5.7s)
✔ [5192/7677] Built Std:c.o (124ms)
✔ [5193/7677] Built Lean.Meta.Tactic.Simp.LoopProtection (689ms)
✔ [5195/7677] Built Lean.Meta.Tactic.Grind.Arith.FieldNormNum:c.o (2.4s)
✔ [5196/7677] Built Lean.Meta.Tactic.Simp.Simproc (1.0s)
✔ [5198/7677] Built Lean.Compiler.LCNF.Simp.ConstantFold:c.o (23s)
✔ [5199/7677] Built Lean.Meta.Sym.DSimp.EvalGround:c.o (21s)
✔ [5200/7677] Built Lean.Parser.Term (5.0s)
✔ [5202/7677] Built Lean.Meta.Sym.AbstractS:c.o (2.5s)
✔ [5203/7677] Built Lean.Meta.Sym.LiftLet:c.o (5.3s)
✔ [5204/7677] Built Lean.Compiler.LCNF.PushProj (434ms)
✔ [5206/7677] Built Lean.Meta.Sym.LooseBVarsS:c.o (2.0s)
✔ [5207/7677] Built Lean.Meta.Sym.Arith.Classify (1.2s)
✔ [5209/7677] Built Lean.Compiler.LCNF.AuxDeclCache (483ms)
✔ [5211/7677] Built Lean.Compiler.LCNF.Simp.JpCases (1.5s)
✔ [5213/7677] Built Lean.Compiler.LCNF.PrettyPrinter (1.2s)
✔ [5215/7677] Built Lean.Compiler.LCNF.ExtractClosed (1.5s)
✔ [5217/7677] Built Std:static (215ms)
✔ [5218/7677] Built Std:static (236ms)
✔ [5220/7677] Built Lean.Compiler.LCNF.ReduceArity (1.1s)
✔ [5222/7677] Built Lean.Compiler.LCNF.ToDecl (995ms)
✔ [5224/7677] Built Lean.Meta.Tactic.Simp.LoopProtection:c.o (1.2s)
✔ [5225/7677] Built Lean.Meta.Sym.Arith.Functions:c.o (2.1s)
✔ [5226/7677] Built Lean.Meta.Sym.InstantiateS (1.0s)
✔ [5228/7677] Built Lean.Meta.Sym.LetToHave:c.o (5.9s)
✔ [5229/7677] Built Lean.Compiler.LCNF.PushProj:c.o (874ms)
✔ [5230/7677] Built Lean.Compiler.LCNF.AuxDeclCache:c.o (558ms)
✔ [5231/7677] Built Lean.Compiler.LCNF.ToLCNF:c.o (12s)
✔ [5232/7677] Built Lean.Meta.Sym.Arith.Classify:c.o (3.8s)
✔ [5233/7677] Built Lean.Compiler.LCNF.PrettyPrinter:c.o (2.5s)
✔ [5234/7677] Built Lean.Meta.Tactic.Simp.Simproc:c.o (5.4s)
✔ [5235/7677] Built Lean.Compiler.LCNF.Simp.JpCases:c.o (2.9s)
✔ [5236/7677] Built Lean.Meta.Sym.Arith.DenoteExpr (480ms)
✔ [5238/7677] Built Lean.Meta.Sym.Arith.Reify (917ms)
✔ [5240/7677] Built Lean.Meta.Tactic.Simp.BuiltinSimprocs.Core (680ms)
✔ [5242/7677] Built Lean.Compiler.LCNF.ReduceArity:c.o (2.2s)
✔ [5243/7677] Built Lean.Meta.Tactic.Grind.Util (767ms)
✔ [5245/7677] Built Lean.Meta.Tactic.Simp.BuiltinSimprocs.Util (261ms)
✔ [5247/7677] Built Lean.Compiler.LCNF.ExtractClosed:c.o (2.9s)
✔ [5248/7677] Built Lean.Meta.Tactic.Simp.Attr (522ms)
✔ [5250/7677] Built Lean.Elab.WhereFinally (339ms)
✔ [5252/7677] Built Lean.Elab.Command.Scope (302ms)
✔ [5254/7677] Built Lake.Util.Binder (1.1s)
✔ [5256/7677] Built Lean.Parser.Tactic (449ms)
✔ [5258/7677] Built Lean.Elab.PreDefinition.TerminationHint (1.0s)
✔ [5260/7677] Built Lean.Compiler.LCNF.ToDecl:c.o (4.9s)
✔ [5261/7677] Built Lean.Parser.Do (2.0s)
✔ [5263/7677] Built Lean.Compiler.LCNF.ExplicitBoxing (1.3s)
✔ [5265/7677] Built Lean.Compiler.LCNF.LambdaLifting (964ms)
✔ [5267/7677] Built Lean.Compiler.LCNF.InferBorrow (2.5s)
✔ [5269/7677] Built Lean.Meta.Sym.InstantiateS:c.o (4.2s)
✔ [5270/7677] Built Lean.Compiler.LCNF.ExplicitRC (2.3s)
✔ [5272/7677] Built Lean.Compiler.LCNF.Simp.SimpM (972ms)
✔ [5274/7677] Built Lean.Compiler.LCNF.StructProjCases (944ms)
✔ [5276/7677] Built Lean.Parser.Term:c.o (13s)
✔ [5277/7677] Built Lean.Compiler.LCNF.Check (1.4s)
✔ [5279/7677] Built Lean.Meta.Sym.Arith.DenoteExpr:c.o (870ms)
✔ [5280/7677] Built Lean.Meta.Tactic.Simp.BuiltinSimprocs.Util:c.o (237ms)
✔ [5281/7677] Built Lean.Compiler.LCNF.EmitC (5.3s)
✔ [5283/7677] Built Lean.Elab.Command.Scope:c.o (71ms)
✔ [5284/7677] Built Lean.Elab.WhereFinally:c.o (111ms)
✔ [5285/7677] Built Lean.Meta.Tactic.Simp.BuiltinSimprocs.Core:c.o (1.5s)
✔ [5286/7677] Built Lean.Meta.Sym.Arith.Reify:c.o (1.6s)
✔ [5287/7677] Built Lean.Parser.Tactic:c.o (404ms)
✔ [5288/7677] Built Lean.Meta.Sym.DSimp.Let (310ms)
✔ [5290/7677] Built Lean.Meta.Sym.DSimp.Lambda (296ms)
✔ [5292/7677] Built Lean.Meta.Sym.DSimp.Forall (291ms)
✔ [5294/7677] Built Lean.Meta.Tactic.Simp.Attr:c.o (1.5s)
✔ [5295/7677] Built Lake.Util.Binder:c.o (819ms)
✔ [5296/7677] Built Lean.Elab.Tactic.VCGen.Reduce (366ms)
✔ [5298/7677] Built Lean.Meta.Sym.DSimp.Reduce (453ms)
✔ [5300/7677] Built Lean.Meta.Sym.Intro (508ms)
✔ [5302/7677] Built Lean.Elab.PreDefinition.TerminationHint:c.o (1.2s)
✔ [5303/7677] Built Lean.Meta.Tactic.Grind.Util:c.o (3.7s)
✔ [5304/7677] Built Lean.Compiler.LCNF.LambdaLifting:c.o (2.1s)
✔ [5305/7677] Built Lean.Meta.Sym.Pattern (3.8s)
✔ [5307/7677] Built Lean.Compiler.LCNF.ExplicitBoxing:c.o (4.1s)
✔ [5308/7677] Built Lean.Parser.Do:c.o (4.6s)
✔ [5309/7677] Built Lean.Compiler.LCNF.Simp.SimpM:c.o (2.1s)
✔ [5310/7677] Built Lean.Meta.Tactic.Grind.AC.Var (193ms)
✔ [5312/7677] Built Lean.Compiler.LCNF.InferBorrow:c.o (4.9s)
✔ [5313/7677] Built Lean.Meta.Tactic.Grind.Arith.Simproc (1.2s)
✔ [5315/7677] Built Lean.Compiler.LCNF.StructProjCases:c.o (3.3s)
✔ [5316/7677] Built Lean.Elab.Tactic.BoolToPropSimps (385ms)
✔ [5318/7677] Built Lean.Compiler.LCNF.Check:c.o (3.9s)
✔ [5319/7677] Built Lean.Meta.Tactic.Simp.BuiltinSimprocs.Nat (2.1s)
✔ [5321/7677] Built Lean.Meta.Tactic.NormCast (873ms)
✔ [5323/7677] Built Lean.Meta.Tactic.Simp.RegisterCommand (596ms)
✔ [5325/7677] Built Lake.Util (335ms)
✔ [5327/7677] Built Lean.Meta.Sym.DSimp.Let:c.o (487ms)
✔ [5328/7677] Built Lake.Util.OpaqueType (761ms)
✔ [5330/7677] Built Lean.Compiler.LCNF.ExplicitRC:c.o (6.8s)
✔ [5331/7677] Built Lean.Meta.Sym.DSimp.Forall:c.o (462ms)
✔ [5332/7677] Built Lean.Meta.Sym.DSimp.Lambda:c.o (354ms)
✔ [5333/7677] Built Lean.Meta.Tactic.Simp.Rewrite (3.5s)
✔ [5335/7677] Built Lean.Elab.BindersUtil (769ms)
✔ [5337/7677] Built Lean.Meta.Sym.DSimp.Reduce:c.o (622ms)
✔ [5338/7677] Built Lean.Elab.Tactic.VCGen.Reduce:c.o (790ms)
✔ [5339/7677] Built Lean.Compiler.LCNF.Simp.SimpValue (475ms)
✔ [5341/7677] Built Lean.Meta.Sym.Intro:c.o (1.4s)
✔ [5342/7677] Built Lean.Compiler.LCNF.Simp.Used (1.1s)
✔ [5344/7677] Built Lean.Compiler.LCNF.Simp.InlineProj (794ms)
✔ [5346/7677] Built Lean.Meta.Tactic.Grind.AC.Var:c.o (104ms)
✔ [5347/7677] Built Lean.Compiler.LCNF.Simp.InlineCandidate (940ms)
✔ [5349/7677] Built Lean.Elab.Tactic.BoolToPropSimps:c.o (100ms)
✔ [5350/7677] Built Lean.Parser.Command (3.5s)
✔ [5352/7677] Built Lean.Meta.Tactic.Grind.Arith.Simproc:c.o (2.7s)
✔ [5353/7677] Built Lean.Meta.Tactic.NormCast:c.o (2.0s)
✔ [5354/7677] Built Lake.Util:c.o (117ms)
✔ [5355/7677] Built Lean.Meta.Tactic.Simp.RegisterCommand:c.o (284ms)
✔ [5356/7677] Built Lean.Meta.Sym.DSimp.Main (528ms)
✔ [5358/7677] Built Lake.Util.OpaqueType:c.o (735ms)
✔ [5359/7677] Built Lean.Meta.Sym.Apply (478ms)
✔ [5361/7677] Built Lean.Meta.Sym.Simp.DiscrTree (480ms)
✔ [5363/7677] Built Lean.Meta.Sym.Simp.SimpM (589ms)
✔ [5365/7677] Built Lean.Elab.BindersUtil:c.o (798ms)
✔ [5366/7677] Built Lean.Compiler.LCNF.Simp.SimpValue:c.o (471ms)
✔ [5367/7677] Built Lean.Meta.Tactic.Simp.BuiltinSimprocs.Nat:c.o (6.1s)
✔ [5368/7677] Built Lean.Compiler.LCNF.Simp.Used:c.o (628ms)
✔ [5369/7677] Built Lean.Compiler.LCNF.Simp.InlineProj:c.o (724ms)
✔ [5370/7677] Built Lean.Meta.Tactic.Simp.BuiltinSimprocs.Array (503ms)
✔ [5372/7677] Built Lean.Meta.Tactic.Simp.BuiltinSimprocs.List (294ms)
✔ [5374/7677] Built Lean.Compiler.LCNF.Simp.InlineCandidate:c.o (1.3s)
✔ [5375/7677] Built Lean.Meta.Sym.Pattern:c.o (11s)
✔ [5376/7677] Built Lean.Meta.Tactic.Simp.BuiltinSimprocs.Int (1.3s)
✔ [5378/7677] Built Lean.Meta.Tactic.Simp.BuiltinSimprocs.Fin (1.7s)
✔ [5380/7677] Built Lake.Config.Opaque (386ms)
✔ [5382/7677] Built Lean.Meta.Tactic.Simp.BuiltinSimprocs.UInt (3.4s)
✔ [5384/7677] Built Lean.Meta.Sym.DSimp.Main:c.o (1.2s)
✔ [5385/7677] Built Lean.Meta.Tactic.Grind.MatchDiscrOnly (468ms)
✔ [5387/7677] Built Lean.Meta.Sym.Simp.DiscrTree:c.o (846ms)
✔ [5388/7677] Built Lean.Meta.Tactic.Simp.Rewrite:c.o (9.6s)
✔ [5389/7677] Built Lean.Meta.Sym.Apply:c.o (1.0s)
✔ [5390/7677] Built Lean.Compiler.LCNF.Simp.DefaultAlt (418ms)
✔ [5392/7677] Built Lean.Meta.Tactic.Simp.BuiltinSimprocs.List:c.o (177ms)
✔ [5393/7677] Built Lean.Meta.Tactic.Simp.BuiltinSimprocs.Array:c.o (491ms)
✔ [5394/7677] Built Lean.Compiler.LCNF.EmitC:c.o (18s)
✔ [5395/7677] Built Lean.Meta.Sym.Simp.SimpM:c.o (969ms)
✔ [5396/7677] Built Lean.Elab.DeclUtil (434ms)
✔ [5398/7677] Built Lean.PrettyPrinter.Delaborator.DeclWithSig (338ms)
✔ [5400/7677] Built Lean.Elab.Util (966ms)
✔ [5402/7677] Built Lean.Elab.DeclarationRange (346ms)
✔ [5404/7677] Built Lean.Meta.Tactic.Grind.Parser (627ms)
✔ [5406/7677] Built Lean.Parser.Module.Syntax (475ms)
✔ [5408/7677] Built Lake.Config.Meta (2.2s)
✔ [5410/7677] Built Lake.Config.Opaque:c.o (73ms)
✔ [5411/7677] Built Lean.Meta.Sym.DSimp (234ms)
✔ [5413/7677] Built Lean.Parser.Syntax (1.4s)
✔ [5415/7677] Built Lean.Meta.Tactic.Grind.MatchDiscrOnly:c.o (1.7s)
✔ [5416/7677] Built Lean.Meta.Tactic.Simp.BuiltinSimprocs.Int:c.o (4.7s)
✔ [5417/7677] Built Lean.Meta.Sym.Simp.Variant (335ms)
✔ [5419/7677] Built Lean.Parser.Command:c.o (9.4s)
✔ [5420/7677] Built Lean.Meta.Sym.Simp.Goal (369ms)
✔ [5422/7677] Built Lean.Meta.Sym.Simp.Theorems (1.1s)
✔ [5424/7677] Built Lean.Meta.Sym.Simp.Lambda (503ms)
✔ [5426/7677] Built Lean.Meta.Tactic.Cbv.Util (403ms)
✔ [5428/7677] Built Lean.Meta.Sym.Simp.Discharger (542ms)
✔ [5430/7677] Built Lean.Meta.Sym.Simp.Result (424ms)
✔ [5432/7677] Built Lean.Meta.Sym.Simp.App (1.4s)
✔ [5434/7677] Built Lean.Compiler.LCNF.Simp.DefaultAlt:c.o (946ms)
✔ [5435/7677] Built Lean.Meta.Tactic.Simp.BuiltinSimprocs.Fin:c.o (6.4s)
✔ [5436/7677] Built Lean.Elab.DeclUtil:c.o (754ms)
✔ [5437/7677] Built Lean.PrettyPrinter.Delaborator.DeclWithSig:c.o (127ms)
✔ [5438/7677] Built Lean.Meta.Tactic.Simp.BuiltinSimprocs.BitVec (3.1s)
✔ [5440/7677] Built Lean.Elab.DeclarationRange:c.o (305ms)
✔ [5441/7677] Built Lean.Meta.Sym.Simp.EvalGround (6.2s)
✔ [5443/7677] Built Lean.Parser.Module.Syntax:c.o (463ms)
✔ [5444/7677] Built Lean.Elab.Util:c.o (2.5s)
✔ [5445/7677] Built Lean.Meta.Sym.DSimp:c.o (81ms)
✔ [5446/7677] Built Lake.Config.Context (118ms)
✔ [5448/7677] Built Lean.Meta.Tactic.Grind.Parser:c.o (1.3s)
✔ [5449/7677] Built Lean.Meta.Tactic.Simp.BuiltinSimprocs.SInt (4.9s)
✔ [5451/7677] Built Lean.Meta.Sym.Simp.Variant:c.o (298ms)
✔ [5452/7677] Built Lean.Meta.Tactic.Simp.BuiltinSimprocs.Char (902ms)
✔ [5454/7677] Built Lean.Meta.Sym.Simp.Goal:c.o (627ms)
✔ [5455/7677] Built Lean.Meta.Tactic.Simp.BuiltinSimprocs.UInt:c.o (11s)
✔ [5456/7677] Built Lean.Meta.Tactic.Cbv.Util:c.o (653ms)
✔ [5457/7677] Built Lean.Meta.Sym.Simp.Lambda:c.o (991ms)
✔ [5458/7677] Built Lean.Parser.Syntax:c.o (2.8s)
✔ [5459/7677] Built Lean.Meta.Sym.Simp.Result:c.o (191ms)
✔ [5460/7677] Built Lean.Meta.Sym.Simp.Discharger:c.o (949ms)
✔ [5461/7677] Built Lean.Meta.Sym.Simp.Theorems:c.o (2.7s)
✔ [5462/7677] Built Lean.Compiler.LCNF.Simp.Main (1.4s)
✔ [5464/7677] Built Lean.Elab.DeprecatedSyntax (335ms)
✔ [5466/7677] Built Lean.Elab.Attributes (495ms)
✔ [5468/7677] Built Lean.Elab.Open (720ms)
✔ [5470/7677] Built Lean.Meta.Native (531ms)
✔ [5472/7677] Built Lake.Config.Meta:c.o (5.7s)
✔ [5473/7677] Built Lean.Linter.PersistentLintLog (570ms)
✔ [5475/7677] Built Lean.Parser.Module (798ms)
✔ [5477/7677] Built Lean.Meta.Sym.Simp.App:c.o (3.6s)
✔ [5478/7677] Built Lake.Config.LakeConfig (561ms)
✔ [5480/7677] Built Lake.Config.InputFileConfig (399ms)
✔ [5482/7677] Built Lake.Config.Context:c.o (70ms)
✔ [5483/7677] Built Lake.Config.WorkspaceConfig (515ms)
✔ [5485/7677] Built Lake.Config.LeanConfig (1.4s)
✔ [5487/7677] Built Lean.Meta.Tactic.Simp.BuiltinSimprocs.Char:c.o (3.1s)
✔ [5488/7677] Built Lean.Meta.Tactic.Cbv.CbvEvalExt (865ms)
✔ [5490/7677] Built Lean.Meta.Sym.Simp.Attr (445ms)
✔ [5492/7677] Built Lean.Meta.Tactic.Cbv.TheoremsLookup (441ms)
✔ [5494/7677] Built Lean.PrettyPrinter.Delaborator.Builtins (10s)
✔ [5496/7677] Built Lean.Meta.Sym.Simp.Have (1.3s)
✔ [5498/7677] Built Lean.Meta.Sym.Simp.Simproc (394ms)
✔ [5500/7677] Built Lean.Meta.Sym.Simp.Forall (936ms)
✔ [5502/7677] Built Lean.Meta.Tactic.Cbv.CbvSimproc (1.6s)
✔ [5504/7677] Built Lean.Meta.Tactic.Simp.BuiltinSimprocs.BitVec:c.o (12s)
✔ [5505/7677] Built Lean.Meta.Sym.Simp.ControlFlow (753ms)
✔ [5507/7677] Built Lean.Elab.DeprecatedSyntax:c.o (422ms)
✔ [5508/7677] Built Lean.Elab.Attributes:c.o (563ms)
✔ [5509/7677] Built Lean.Meta.Sym.Arith.Norm (4.7s)
✔ [5511/7677] Built Lean.Elab.Open:c.o (1.4s)
✔ [5512/7677] Built Lean.Linter.PersistentLintLog:c.o (511ms)
✔ [5513/7677] Built Lean.Meta.Native:c.o (1.7s)
✔ [5514/7677] Built Lean.Parser.Module:c.o (1.3s)
✔ [5515/7677] Built Lake.Config.LakeConfig:c.o (594ms)
✔ [5516/7677] Built Lake.Config.InputFileConfig:c.o (330ms)
✔ [5517/7677] Built Lake.Config.WorkspaceConfig:c.o (156ms)
✔ [5518/7677] Built Lean.Compiler.LCNF.Simp.Main:c.o (5.2s)
✔ [5519/7677] Built Lake.Config.Script (181ms)
✔ [5521/7677] Built Lake.Build.Context (365ms)
✔ [5523/7677] Built Lean.Meta.Tactic.Simp.BuiltinSimprocs.SInt:c.o (14s)
✔ [5524/7677] Built Lean.Meta.Tactic.Simp.BuiltinSimprocs.String (771ms)
✔ [5526/7677] Built Lean.Meta.Sym.Simp.Attr:c.o (717ms)
✔ [5527/7677] Built Lean.Meta.Tactic.Cbv.TheoremsLookup:c.o (776ms)
✔ [5528/7677] Built Lake.Config.LeanConfig:c.o (2.2s)
✔ [5529/7677] Built Lean.Meta.Sym.Simp.Simproc:c.o (584ms)
✔ [5530/7677] Built Lean.Meta.Tactic.Cbv.CbvEvalExt:c.o (2.7s)
✔ [5531/7677] Built Lean.Meta.Sym.Simp.Have:c.o (3.8s)
✔ [5532/7677] Built Lean.Meta.Sym.Simp.Forall:c.o (2.0s)
✔ [5533/7677] Built Lean.Compiler.LCNF.Simp (513ms)
✔ [5535/7677] Built Lean.Meta.Tactic.Cbv.CbvSimproc:c.o (3.8s)
✔ [5536/7677] Built Lean.Elab.Mixfix (830ms)
✔ [5538/7677] Built Lean.Meta.Sym.Simp.ControlFlow:c.o (1.5s)
✔ [5539/7677] Built Lean.Parser (786ms)
✔ [5541/7677] Built Lean.Server.Completion.ImportCompletion (767ms)
✔ [5543/7677] Built Lean.Elab.ParseImportsFast (696ms)
✔ [5545/7677] Built Lean.Elab.Import (852ms)
✔ [5547/7677] Built Lake.Load.Config (335ms)
✔ [5549/7677] Built Lake.Config.LeanExeConfig (510ms)
✔ [5551/7677] Built Lake.CLI.Shake (3.3s)
✔ [5553/7677] Built Lake.Config.LeanLibConfig (656ms)
✔ [5555/7677] Built Lake.Config.Script:c.o (91ms)
✔ [5556/7677] Built Lean.Meta.Sym.Simp.EvalGround:c.o (27s)
✔ [5557/7677] Built Lake.Build.Context:c.o (304ms)
✔ [5558/7677] Built Lean.Meta.Sym.Simp.RegisterCommand (372ms)
✔ [5560/7677] Built Lean.Meta.Tactic.Grind.Homo (1.1s)
✔ [5562/7677] Built Lake.Config.PackageConfig (1.5s)
✔ [5564/7677] Built Lean.PrettyPrinter.Delaborator (297ms)
✔ [5566/7677] Built Lean.Meta.Sym.Simp.Rewrite (698ms)
✔ [5568/7677] Built Lean.Meta.Sym.Simp.Telescope (246ms)
✔ [5570/7677] Built Lean.Meta.Sym.Simp.Main (843ms)
✔ [5572/7677] Built Lean.Meta.Tactic.Simp.BuiltinSimprocs.String:c.o (1.7s)
✔ [5573/7677] Built Lean.Meta.Tactic.Cbv.BuiltinCbvSimprocs.Core (427ms)
✔ [5575/7677] Built Lean.Meta.Tactic.Cbv.BuiltinCbvSimprocs.Array (452ms)
✔ [5577/7677] Built Lean.Meta.Tactic.Cbv.BuiltinCbvSimprocs.String (457ms)
✔ [5579/7677] Built Lean.Meta.Sym.Arith (234ms)
✔ [5581/7677] Built Lean.Compiler.LCNF.Simp:c.o (874ms)
✔ [5582/7677] Built Lean.Elab.Mixfix:c.o (1.2s)
✔ [5583/7677] Built Lean.Meta.Sym.Simp.Arith (1.9s)
✔ [5585/7677] Built Lean.Parser:c.o (1.5s)
✔ [5586/7677] Built Lean.Server.Completion.ImportCompletion:c.o (1.6s)
✔ [5587/7677] Built Lake.Load.Config:c.o (90ms)
✔ [5588/7677] Built Lean.Elab.ParseImportsFast:c.o (1.7s)
✔ [5589/7677] Built Lean.Elab.Import:c.o (1.6s)
✔ [5590/7677] Built Lake.Config.LeanExeConfig:c.o (840ms)
✔ [5591/7677] Built Lean.Meta.Sym.Simp.RegisterCommand:c.o (200ms)
✔ [5592/7677] Built Lake.Config.LeanLibConfig:c.o (1.4s)
✔ [5593/7677] Built Lean.Meta.Tactic.Grind.Homo:c.o (1.7s)
✔ [5594/7677] Built Lean.PrettyPrinter.Delaborator:c.o (79ms)
✔ [5595/7677] Built Lean.Meta.Sym.Simp.Rewrite:c.o (1.5s)
✔ [5596/7677] Built Lean.Meta.Sym.Simp.Telescope:c.o (101ms)
✔ [5597/7677] Built Lean.PrettyPrinter.Delaborator.Builtins:c.o (20s)
✔ [5598/7677] Built Lean.Meta.Tactic.Cbv.BuiltinCbvSimprocs.Core:c.o (516ms)
✔ [5599/7677] Built Lean.Meta.Sym.Arith.Norm:c.o (15s)
✔ [5600/7677] Built Lean.Meta.Tactic.Cbv.BuiltinCbvSimprocs.Array:c.o (377ms)
✔ [5601/7677] Built Lean.Meta.Sym.Simp.Main:c.o (1.7s)
✔ [5602/7677] Built Lean.Meta.Tactic.Cbv.BuiltinCbvSimprocs.String:c.o (765ms)
✔ [5603/7677] Built Lean.Meta.Sym.Arith:c.o (207ms)
✔ [5604/7677] Built Lake.Toml.ParserUtil (853ms)
✔ [5606/7677] Built Lake.Config.PackageConfig:c.o (5.5s)
✔ [5607/7677] Built Lean.Compiler.LCNF.Specialize (2.6s)
✔ [5609/7677] Built Lean.PrettyPrinter (743ms)
✔ [5611/7677] Built Lake.Config.ConfigDecl (1.2s)
✔ [5613/7677] Built Lean.Meta.Sym.Simp.Debug (270ms)
✔ [5615/7677] Built Lake.CLI.Shake:c.o (8.8s)
✔ [5616/7677] Built Lean.Elab.Tactic.VCGen.LatticeOp (1.0s)
✔ [5618/7677] Built Lean.Meta.Tactic.Cbv.ControlFlow (2.2s)
✔ [5620/7677] Built Lake.Toml.ParserUtil:c.o (1.6s)
✔ [5621/7677] Built Lean.Meta.Sym.Simp.Debug:c.o (327ms)
✔ [5622/7677] Built Lake.Config.ConfigDecl:c.o (678ms)
✔ [5623/7677] Built Lean.Compiler.LCNF.Passes (592ms)
✔ [5625/7677] Built Lean.PrettyPrinter:c.o (1.7s)
✔ [5626/7677] Built Lake.Toml.Grammar (1.3s)
✔ [5628/7677] Built Lean.Elab.InfoTree.Util (1.4s)
✔ [5630/7677] Built Lean.Meta.Tactic.Apply (1.2s)
✔ [5632/7677] Built Lean.Elab.Tactic.VCGen.LatticeOp:c.o (2.1s)
✔ [5633/7677] Built Lean.Elab.PreDefinition.MkInhabitant (888ms)
✔ [5635/7677] Built Lean.Meta.Diagnostics (647ms)
✔ [5637/7677] Built Lean.Meta.TryThis (641ms)
✔ [5639/7677] Built Lean.Meta.Sym.Simp (290ms)
✔ [5641/7677] Built Lake.Config.Package (966ms)
✔ [5643/7677] Built Lean.Compiler.LCNF.Passes:c.o (1.3s)
✔ [5644/7677] Built Lean.Meta.Sym.Simp.Arith:c.o (10s)
✔ [5645/7677] Built Lake.Toml.Grammar:c.o (1.8s)
✔ [5646/7677] Built Lean.Elab.PreDefinition.MkInhabitant:c.o (780ms)
✔ [5647/7677] Built Lean.Compiler.LCNF.Specialize:c.o (8.9s)
✔ [5648/7677] Built Lean.Meta.TryThis:c.o (745ms)
✔ [5649/7677] Built Lean.Meta.Sym.Simp:c.o (102ms)
✔ [5650/7677] Built Lean.Elab.InfoTree.Util:c.o (3.5s)
✔ [5651/7677] Built Lean.Meta.Tactic.Cbv.ControlFlow:c.o (5.0s)
✔ [5652/7677] Built Lean.Meta.Diagnostics:c.o (2.5s)
✔ [5653/7677] Built Lean.Widget.Basic (349ms)
✔ [5655/7677] Built Lean.Compiler.LCNF.Main (1.8s)
✔ [5657/7677] Built Lean.Meta.Tactic.Apply:c.o (4.3s)
✔ [5658/7677] Built Lake.Config.Package:c.o (1.8s)
✔ [5659/7677] Built Lean.Server.Utils (783ms)
✔ [5661/7677] Built Lean.Server.InfoUtils (240ms)
✔ [5663/7677] Built Lake.Toml.Elab.Value (1.3s)
✔ [5665/7677] Built Lean.Meta.Tactic.Refl (458ms)
✔ [5667/7677] Built Lean.Meta.Tactic.Constructor (461ms)
✔ [5669/7677] Built Lean.Meta.Tactic.Rewrite (693ms)
✔ [5671/7677] Built Lean.Server.FileWorker.SignatureHelp (770ms)
✔ [5673/7677] Built Lean.Server.Completion.SyntheticCompletion (818ms)
✔ [5675/7677] Built Lean.Meta.Tactic.Simp.Diagnostics (603ms)
✔ [5677/7677] Built Lake.Config.ConfigTarget (352ms)
✔ [5679/7677] Built Lean.Widget.Basic:c.o (59ms)
✔ [5680/7677] Built Lake.Build.Info (425ms)
✔ [5682/7677] Built Lean.Meta.Hint (1.3s)
✔ [5684/7677] Built Lake.Load.Materialize (1.4s)
✔ [5686/7677] Built Lean.Server.InfoUtils:c.o (70ms)
✔ [5687/7677] Built Lean.Server.Utils:c.o (844ms)
✔ [5688/7677] Built Lake.CLI.Translate.Toml (1.7s)
✔ [5690/7677] Built Lean.Meta.Tactic.Refl:c.o (839ms)
✔ [5691/7677] Built Lean.Meta.Tactic.Constructor:c.o (1.5s)
✔ [5692/7677] Built Lean.Server.FileWorker.SignatureHelp:c.o (1.4s)
✔ [5693/7677] Built Lean.Server.Completion.SyntheticCompletion:c.o (1.9s)
✔ [5694/7677] Built Lake.Config.ConfigTarget:c.o (205ms)
✔ [5695/7677] Built Lake.Toml.Elab.Value:c.o (2.0s)
✔ [5696/7677] Built Lean.Compiler.LCNF (256ms)
✔ [5698/7677] Built Lean.Widget.InteractiveCode (520ms)
✔ [5700/7677] Built Lake.Build.Info:c.o (142ms)
✔ [5701/7677] Built Lean.Server.FileWorker.SetupFile (493ms)
✔ [5703/7677] Built Lean.Meta.Tactic.Rewrite:c.o (2.3s)
✔ [5704/7677] Built Lean.Meta.Tactic.Simp.Diagnostics:c.o (2.1s)
✔ [5705/7677] Built Lean.Server.References (2.5s)
✔ [5707/7677] Built Lean.Server.GoTo (1.9s)
✔ [5709/7677] Built Lake.Toml.Elab.Expression (1.7s)
✔ [5711/7677] Built Lean.Compiler.LCNF.Main:c.o (7.4s)
✔ [5712/7677] Built Lean.Meta.Tactic.Congr (733ms)
✔ [5714/7677] Built Lean.Meta.Match.Rewrite (1.3s)
✔ [5716/7677] Built Lean.Server.Completion.CompletionInfoSelection (603ms)
✔ [5718/7677] Built Lake.Config.InputFile (805ms)
✔ [5720/7677] Built Lean.Meta.Hint:c.o (4.4s)
✔ [5721/7677] Built Lake.Config.ExternLib (374ms)
✔ [5723/7677] Built Lake.Config.LeanLib (677ms)
✔ [5725/7677] Built Lake.Load.Materialize:c.o (4.5s)
✔ [5726/7677] Built Lean.Compiler.LCNF:c.o (204ms)
✔ [5727/7677] Built Lean.Widget.InteractiveCode:c.o (1.0s)
✔ [5728/7677] Built Lean.Meta.Injective (3.7s)
✔ [5730/7677] Built Lean.Server.FileWorker.SetupFile:c.o (739ms)
✔ [5731/7677] Built Lean.Elab.StructInstHint (928ms)
✔ [5733/7677] Built Lean.Elab.AutoBound (353ms)
✔ [5735/7677] Built Lean.Linter.Deprecated (1.3s)
✔ [5737/7677] Built Lake.CLI.Translate.Toml:c.o (5.3s)
✔ [5738/7677] Built Lean.Meta.Tactic.Simp.Main (4.1s)
✔ [5740/7677] Built Lean.Meta.Tactic.Congr:c.o (1.3s)
✔ [5741/7677] Built Lake.Toml.Elab.Expression:c.o (2.3s)
✔ [5742/7677] Built Lake.Config.InputFile:c.o (103ms)
✔ [5743/7677] Built Lake.Config.ExternLib:c.o (138ms)
✔ [5744/7677] Built Lean.Server.GoTo:c.o (2.0s)
✔ [5745/7677] Built Lean.Server.Completion.CompletionInfoSelection:c.o (1.0s)
✔ [5746/7677] Built Lake.Config.LeanLib:c.o (462ms)
✔ [5747/7677] Built Lean.Compiler.Main (370ms)
✔ [5749/7677] Built Lean.Meta.Match.Rewrite:c.o (2.8s)
✔ [5750/7677] Built Lean.Widget.InteractiveGoal (1.5s)
✔ [5752/7677] Built Lean.Elab.AutoBound:c.o (369ms)
✔ [5753/7677] Built Lean.Elab.StructInstHint:c.o (1.1s)
✔ [5754/7677] Built Lake.Toml.Elab (216ms)
✔ [5756/7677] Built Lake.Config.Module (684ms)
✔ [5758/7677] Built Lean.Compiler.Main:c.o (738ms)
✔ [5759/7677] Built Lean.Elab.Level (484ms)
✔ [5761/7677] Built Lean.Linter.Deprecated:c.o (4.1s)
✔ [5762/7677] Built Lean.Server.Completion.CompletionResolution (408ms)
✔ [5764/7677] Built Lean.Meta.Constructions.CtorIdx (489ms)
✔ [5766/7677] Built Lean.Server.References:c.o (9.7s)
✔ [5767/7677] Built Lean.Meta.Injective:c.o (6.7s)
✔ [5768/7677] Built Lean.Server.Completion.EligibleHeaderDecls (538ms)
✔ [5770/7677] Built Lean.Meta.Tactic.Acyclic (453ms)
✔ [5772/7677] Built Lean.Meta.Tactic.Unfold (484ms)
✔ [5774/7677] Built Lake.Toml.Elab:c.o (88ms)
✔ [5775/7677] Built Lean.Meta.MethodSpecs (1.3s)
✔ [5777/7677] Built Lean.Meta.Tactic.Simp.SimpAll (666ms)
✔ [5779/7677] Built Lean.Compiler (225ms)
✔ [5781/7677] Built Lean.Widget.InteractiveGoal:c.o (4.4s)
✔ [5782/7677] Built Lean.Server.Completion.CompletionResolution:c.o (702ms)
✔ [5783/7677] Built Lake.Config.Module:c.o (1.4s)
✔ [5784/7677] Built Lean.Widget.Diff (1.0s)
✔ [5786/7677] Built Lean.Elab.Level:c.o (1.2s)
✔ [5787/7677] Built Lean.Meta.Tactic.Unfold:c.o (1.1s)
✔ [5788/7677] Built Lean.Server.Completion.EligibleHeaderDecls:c.o (1.6s)
✔ [5789/7677] Built Lean.Meta.Tactic.Acyclic:c.o (1.4s)
✔ [5790/7677] Built Lake.Toml.Load (390ms)
✔ [5792/7677] Built Lean.Meta.Constructions.CtorIdx:c.o (2.1s)
✔ [5793/7677] Built Lake.Config.LeanExe (532ms)
✔ [5795/7677] Built Lean.Compiler:c.o (138ms)
✔ [5796/7677] Built Lean.Meta.CtorIdxHInj (624ms)
✔ [5798/7677] Built Lean.Meta.Tactic.Simp.BuiltinSimprocs.CtorIdx (501ms)
✔ [5800/7677] Built Lean.Meta.Tactic.Simp.SimpAll:c.o (2.1s)
✔ [5801/7677] Built Lean.Meta.Constructions.SparseCasesOn (1.1s)
✔ [5803/7677] Built Lean.Meta.Tactic.Simp.BuiltinSimprocs.MethodSpecs (871ms)
✔ [5805/7677] Built Lake.Toml.Load:c.o (696ms)
✔ [5806/7677] Built Lean.Meta.MethodSpecs:c.o (4.6s)
✔ [5807/7677] Built Lake.Config.LeanExe:c.o (671ms)
✔ [5808/7677] Built Lean.Meta.Tactic.Simp.BuiltinSimprocs.CtorIdx:c.o (463ms)
✔ [5809/7677] Built Lean.Meta.CtorIdxHInj:c.o (1.2s)
✔ [5810/7677] Built Lean.Meta.Tactic.Simp.BuiltinSimprocs.MethodSpecs:c.o (447ms)
✔ [5811/7677] Built Lake.Toml (366ms)
✔ [5813/7677] Built Lean.Widget.Diff:c.o (4.8s)
✔ [5814/7677] Built Lake.Build.Infos (1.1s)
✔ [5816/7677] Built Lean.Meta.Tactic.Simp.BuiltinSimprocs (249ms)
✔ [5818/7677] Built Lean.Meta.Tactic.Simp.Main:c.o (16s)
✔ [5819/7677] Built Lake.Toml:c.o (71ms)
✔ [5820/7677] Built Lean.Meta.Tactic.Simp.BuiltinSimprocs:c.o (88ms)
✔ [5821/7677] Built Lean.Meta.Tactic.Cases (1.4s)
✔ [5823/7677] Built Lake.Build.Fetch (411ms)
✔ [5825/7677] Built Lean.Meta.Constructions.SparseCasesOn:c.o (3.1s)
✔ [5826/7677] Built Lake.Build.Infos:c.o (652ms)
✔ [5827/7677] Built Lean.Elab.Term.TermElabM (8.4s)
✔ [5829/7677] Built Lean.Meta.Tactic.Simp (416ms)
✔ [5831/7677] Built Lake.Build.Fetch:c.o (474ms)
✔ [5832/7677] Built Lean.Meta.Constructions.SparseCasesOnEq (626ms)
✔ [5834/7677] Built Lean.Meta.Tactic.CasesOnStuckLHS (342ms)
✔ [5836/7677] Built Lean.Meta.Tactic.Contradiction (1.2s)
✔ [5838/7677] Built Lean.Meta.Constructions.BRecOn (1.2s)
✔ [5840/7677] Built Lean.Meta.Tactic.Grind.Cases (738ms)
✔ [5842/7677] Built Lake.Config.TargetConfig (408ms)
✔ [5844/7677] Built Lake.Build.Job.Register (430ms)
✔ [5846/7677] Built Lean.Meta.Tactic.Simp:c.o (152ms)
✔ [5847/7677] Built Lake.Config.FacetConfig (628ms)
✔ [5849/7677] Built Lean.Meta.Tactic.SplitIf (1.4s)
✔ [5851/7677] Built Lean.Meta.Tactic.CasesOnStuckLHS:c.o (665ms)
✔ [5852/7677] Built Lake.Build.Job.Monad (1.3s)
✔ [5854/7677] Built Lean.Meta.Constructions.SparseCasesOnEq:c.o (1.9s)
✔ [5855/7677] Built Lean.Meta.Tactic.Cases:c.o (5.7s)
✔ [5856/7677] Built Lake.Config.TargetConfig:c.o (247ms)
✔ [5857/7677] Built Lean.Meta.Tactic.Grind.Cases:c.o (2.2s)
✔ [5858/7677] Built Lake.Build.Job.Register:c.o (541ms)
✔ [5859/7677] Built Lean.Elab.Tactic.Do.LetElim (1.4s)
✔ [5861/7677] Built Lean.Elab.Tactic.TreeTacAttr (259ms)
✔ [5863/7677] Built Lean.Meta.Tactic.BVDecide.Normalize.ApplyControlFlow (495ms)
✔ [5865/7677] Built Lean.Elab.Do.ForwardSyntax (690ms)
✔ [5867/7677] Built Lean.Elab.Tactic.Do.Attr (2.6s)
✔ [5869/7677] Built Lean.Elab.ConfigEval.Types (328ms)
✔ [5871/7677] Built Lean.Meta.Constructions.BRecOn:c.o (6.6s)
✔ [5872/7677] Built Lean.Elab.DocString.Builtin.Postponed (664ms)
✔ [5874/7677] Built Lean.Meta.SplitSparseCasesOn (807ms)
✔ [5876/7677] Built Lake.Config.FacetConfig:c.o (1.3s)
✔ [5877/7677] Built Lean.Meta.Tactic.Contradiction:c.o (9.5s)
✔ [5878/7677] Built Lean.Meta.Match.SimpH (650ms)
✔ [5880/7677] Built Lake.Build.Job.Monad:c.o (2.0s)
✔ [5881/7677] Built Lean.Meta.Match.SolveOverlap (889ms)
✔ [5883/7677] Built Lean.Meta.Tactic.SplitIf:c.o (3.8s)
✔ [5884/7677] Built Lean.Elab.Tactic.TreeTacAttr:c.o (102ms)
✔ [5885/7677] Built Lean.Meta.Tactic.BVDecide.Normalize.ApplyControlFlow:c.o (766ms)
✔ [5886/7677] Built Lean.Elab.Do.ForwardSyntax:c.o (200ms)
✔ [5887/7677] Built Lean.Elab.ConfigEval.Types:c.o (116ms)
✔ [5888/7677] Built Lake.Config.Workspace (2.2s)
✔ [5890/7677] Built Lake.Config.LakefileConfig (492ms)
✔ [5892/7677] Built Lean.Elab.DocString.Builtin.Postponed:c.o (1.1s)
✔ [5893/7677] Built Lean.Elab.Tactic.Do.LetElim:c.o (5.4s)
✔ [5894/7677] Built Lean.Meta.SplitSparseCasesOn:c.o (2.7s)
✔ [5895/7677] Built Lean.Meta.Tactic.Split (3.1s)
✔ [5897/7677] Built Lake.Build.Job (236ms)
✔ [5899/7677] Built Lean.Elab.Tactic.Do.Attr:c.o (8.1s)
✔ [5900/7677] Built Lean.Elab.Tactic.VCGen.SpecDB (704ms)
✔ [5902/7677] Built Lean.Elab.DocString (14s)
✔ [5904/7677] Built Lake.Config.LakefileConfig:c.o (55ms)
✔ [5905/7677] Built Lake.Build.Job:c.o (64ms)
✔ [5906/7677] Built Lean.Meta.Match.SimpH:c.o (1.9s)
✔ [5907/7677] Built Lake.Config.Workspace:c.o (1.6s)
✔ [5908/7677] Built Lean.Elab.Tactic.VCGen.SpecDB:c.o (2.5s)
✔ [5909/7677] Built Lean.Meta.Match.SolveOverlap:c.o (5.1s)
✔ [5910/7677] Built Lean.Elab.Term.TermElabM:c.o (25s)
✔ [5911/7677] Built Lake.Config.Monad (786ms)
✔ [5913/7677] Built Lake.CLI.Build (1.0s)
✔ [5915/7677] Built Lean.Meta.Match.Match (4.8s)
✔ [5917/7677] Built Lake.Load.Lean.Eval (1.1s)
✔ [5919/7677] Built Lean.Elab.PreDefinition.EqnsUtils (418ms)
✔ [5921/7677] Built Lean.Elab.DocString.Builtin.Scopes (544ms)
✔ [5923/7677] Built Lean.Meta.Match.MatcherApp.Transform (1.6s)
✔ [5925/7677] Built Lean.Meta.Tactic.Split:c.o (7.7s)
✔ [5926/7677] Built Lean.DocString.Add (1.4s)
✔ [5928/7677] Built Lake.Config.Monad:c.o (1.2s)
✔ [5929/7677] Built Lake.Load.Toml (3.9s)
✔ [5931/7677] Built Lean.Elab.PreDefinition.EqnsUtils:c.o (717ms)
✔ [5932/7677] Built Lean.Elab.DocString.Builtin.Scopes:c.o (658ms)
✔ [5933/7677] Built Lake.CLI.Build:c.o (2.2s)
✔ [5934/7677] Built Lake.Load.Lean.Eval:c.o (2.7s)
✔ [5935/7677] Built Lake.Build.Target.Fetch (1.5s)
✔ [5937/7677] Built Lake.Config (403ms)
✔ [5939/7677] Built Lake.Build.Index (634ms)
✔ [5941/7677] Built Lake.Build.Targets (1.1s)
✔ [5943/7677] Built Lake.Build.Common (5.4s)
✔ [5945/7677] Built Lean.Meta.Match.MatcherApp.Transform:c.o (7.8s)
✔ [5946/7677] Built Lean.Meta.IndPredBelow (3.0s)
✔ [5948/7677] Built Lean.Meta.Match.MatchEqs (1.4s)
✔ [5950/7677] Built Lean.DocString.Add:c.o (5.3s)
✔ [5951/7677] Built Lean.Elab.PreDefinition.Eqns (2.1s)
✔ [5953/7677] Built Lean.Elab.Tactic.Do.VCGen.Split (868ms)
✔ [5955/7677] Built Lean.Meta.Match.MatcherApp (251ms)
✔ [5957/7677] Built Lean.Elab.DocString.Builtin.Keywords (3.8s)
✔ [5959/7677] Built Lake.Config:c.o (148ms)
✔ [5960/7677] Built Lake.Build.Target.Fetch:c.o (1.6s)
✔ [5961/7677] Built Lake.Build.Index:c.o (1.1s)
✔ [5962/7677] Built Lake.Build.Targets:c.o (963ms)
✔ [5963/7677] Built Lean.Elab.DeclModifiers (1.5s)
✔ [5965/7677] Built Lean.Meta.Match.Match:c.o (20s)
✔ [5966/7677] Built Lake.Build.Common:c.o (9.0s)
✔ [5967/7677] Built Lean.Meta.Match.MatchEqs:c.o (7.1s)
✔ [5968/7677] Built Lake.Load.Toml:c.o (17s)
✔ [5969/7677] Built Lean.Meta.Match.MatcherApp:c.o (72ms)
✔ [5970/7677] Built Lake.Build.Target (233ms)
✔ [5972/7677] Built Lean.Elab.DocString:c.o (32s)
✔ [5973/7677] Built Lean.Meta.IndPredBelow:c.o (11s)
✔ [5974/7677] Built Lean.Elab.Tactic.Do.VCGen.Split:c.o (2.4s)
✔ [5975/7677] Built Lake.Build.Executable (374ms)
✔ [5977/7677] Built Lake.Build.Run (1.8s)
✔ [5979/7677] Built Lake.Build.InputFile (391ms)
✔ [5981/7677] Built Lake.Build.ExternLib (616ms)
✔ [5983/7677] Built Lake.Build.Package (1.9s)
✔ [5985/7677] Built Lean.Meta.Match (323ms)
✔ [5987/7677] Built Lake.Build.Library (2.0s)
✔ [5989/7677] Built Lake.Build.Target:c.o (61ms)
✔ [5990/7677] Built Lean.Meta.Tactic.Grind.CasesMatch (519ms)
✔ [5992/7677] Built Lake.Build.Executable:c.o (933ms)
✔ [5993/7677] Built Lake.Build.InputFile:c.o (860ms)
✔ [5994/7677] Built Lean.Elab.DeclModifiers:c.o (3.7s)
✔ [5995/7677] Built Lake.Build.Run:c.o (2.1s)
✔ [5996/7677] Built Lean.Elab.Term (543ms)
✔ [5998/7677] Built Lean.Elab.PreDefinition.Eqns:c.o (9.7s)
✔ [5999/7677] Built Lean.Meta.Match:c.o (84ms)
✔ [6000/7677] Built Lean.IdentifierSuggestion (1.6s)
✔ [6002/7677] Built Lake.Build.ExternLib:c.o (1.2s)
✔ [6003/7677] Built Lean.Meta.Tactic.Grind.CasesMatch:c.o (2.1s)
✔ [6004/7677] Built Lean.Elab.Term:c.o (517ms)
✔ [6005/7677] Built Lake.Build.Package:c.o (4.7s)
✔ [6006/7677] Built Lake.Build.Library:c.o (4.7s)
✔ [6007/7677] Built Lean.Linter.Util (467ms)
✔ [6009/7677] Built Lean.IdentifierSuggestion:c.o (2.2s)
✔ [6010/7677] Built Lean.Meta.Tactic.SolveByElim (1.4s)
✔ [6012/7677] Built Lean.Elab.DeprecatedArg (681ms)
✔ [6014/7677] Built Lean.Elab.MatchExpr (1.3s)
✔ [6016/7677] Built Lean.Elab.Quotation.Util (808ms)
✔ [6018/7677] Built Lean.Elab.MatchAltView (346ms)
✔ [6020/7677] Built Lean.Elab.Arg (549ms)
✔ [6022/7677] Built Lean.Elab.DocString.Builtin.Keywords:c.o (15s)
✔ [6023/7677] Built Lean.Linter.Util:c.o (948ms)
✔ [6024/7677] Built Lean.Elab.Tactic.Basic (4.0s)
✔ [6026/7677] Built Lean.Elab.DeprecatedArg:c.o (1.3s)
✔ [6027/7677] Built Lean.Elab.MatchAltView:c.o (87ms)
✔ [6028/7677] Built Lean.Elab.Arg:c.o (457ms)
✔ [6029/7677] Built Lean.Elab.MatchExpr:c.o (1.7s)
✔ [6030/7677] Built Lean.Elab.Quotation.Util:c.o (696ms)
✔ [6031/7677] Built Lean.Elab.Quotation.Precheck (1.4s)
✔ [6033/7677] Built Lean.Meta.Tactic.SolveByElim:c.o (4.5s)
✔ [6034/7677] Built Lean.Elab.Tactic.Congr (308ms)
✔ [6036/7677] Built Lean.Elab.Tactic.Monotonicity (1.5s)
✔ [6038/7677] Built Lean.Elab.Tactic.ExposeNames (362ms)
✔ [6040/7677] Built Lean.Elab.Tactic.Repeat (515ms)
✔ [6042/7677] Built Lake.Build.Module (13s)
✔ [6044/7677] Built Lean.Meta.MkIffOfInductiveProp (1.8s)
✔ [6046/7677] Built Lean.Elab.Tactic.Do.ProofMode.MGoal (1.1s)
✔ [6048/7677] Built Lean.Elab.PatternVar (4.7s)
✔ [6050/7677] Built Lean.Elab.Tactic.Classical (620ms)
✔ [6052/7677] Built Lean.Elab.Task (770ms)
✔ [6054/7677] Built Lean.Elab.PreDefinition.WF.Basic (429ms)
✔ [6056/7677] Built Lean.Elab.Tactic.FalseOrByContra (612ms)
✔ [6058/7677] Built Lean.Meta.Tactic.Rfl (1.1s)
✔ [6060/7677] Built Lean.Elab.Tactic.ExposeNames:c.o (159ms)
✔ [6061/7677] Built Lean.Elab.Tactic.Congr:c.o (225ms)
✔ [6062/7677] Built Lean.Elab.SyntheticMVars (3.2s)
✔ [6064/7677] Built Lean.Elab.Tactic.Repeat:c.o (1.2s)
✔ [6065/7677] Built Lean.Elab.Quotation.Precheck:c.o (2.9s)
✔ [6066/7677] Built Lean.Elab.Tactic.Do.ProofMode.MGoal:c.o (1.9s)
✔ [6067/7677] Built Lean.Elab.Tactic.Monotonicity:c.o (4.7s)
✔ [6068/7677] Built Lean.Elab.Tactic.Basic:c.o (11s)
✔ [6069/7677] Built Lean.Meta.MkIffOfInductiveProp:c.o (4.7s)
✔ [6070/7677] Built Lean.Elab.PreDefinition.WF.Basic:c.o (131ms)
✔ [6071/7677] Built Lean.Elab.Tactic.Classical:c.o (1.3s)
✔ [6072/7677] Built Lean.Elab.Task:c.o (674ms)
✔ [6073/7677] Built Lean.Elab.Tactic.FalseOrByContra:c.o (673ms)
✔ [6074/7677] Built Lake.CLI.Actions (459ms)
✔ [6076/7677] Built Lake.Build.InitFacets (258ms)
✔ [6078/7677] Built Lean.Meta.Tactic.Rfl:c.o (2.9s)
✔ [6079/7677] Built Lean.Elab.Tactic.Do.ProofMode.Basic (456ms)
✔ [6081/7677] Built Lean.Elab.Tactic.Do.ProofMode.LeftRight (477ms)
✔ [6083/7677] Built Lean.Elab.Tactic.Do.VCGen.SuggestInvariant (2.5s)
✔ [6085/7677] Built Lean.Elab.Tactic.Do.ProofMode.Focus (395ms)
✔ [6087/7677] Built Lean.Elab.Tactic.Do.ProofMode.Constructor (406ms)
✔ [6089/7677] Built Lean.Elab.Tactic.Do.ProofMode.Delab (902ms)
✔ [6091/7677] Built Lean.Elab.PatternVar:c.o (6.6s)
✔ [6092/7677] Built Lean.Elab.PreDefinition.EqUnfold (1.1s)
✔ [6094/7677] Built Lean.Elab.Tactic.Rfl (327ms)
✔ [6096/7677] Built Lean.Elab.Parallel (2.0s)
✔ [6098/7677] Built Lean.Elab.Eval (425ms)
✔ [6100/7677] Built Lean.Elab.Tactic.Meta (479ms)
✔ [6102/7677] Built Lake.CLI.Actions:c.o (968ms)
✔ [6103/7677] Built Lake.Build.InitFacets:c.o (124ms)
✔ [6104/7677] Built Lean.Elab.Tactic.Do.ProofMode.Basic:c.o (1.1s)
✔ [6105/7677] Built Lean.Elab.Tactic.Do.ProofMode.LeftRight:c.o (1.1s)
✔ [6106/7677] Built Lean.Elab.Match (6.7s)
✔ [6108/7677] Built Lean.Elab.SyntheticMVars:c.o (13s)
✔ [6109/7677] Built Lean.Elab.Tactic.Do.ProofMode.Constructor:c.o (1.1s)
✔ [6110/7677] Built Lean.Elab.Tactic.Do.ProofMode.Focus:c.o (502ms)
✔ [6111/7677] Built Lean.Elab.Tactic.Do.ProofMode.Delab:c.o (996ms)
✔ [6112/7677] Built Lean.Elab.Tactic.Rfl:c.o (197ms)
✔ [6113/7677] Built Lean.Elab.PreDefinition.EqUnfold:c.o (1.5s)
✔ [6114/7677] Built Lean.Elab.Eval:c.o (411ms)
✔ [6115/7677] Built Lean.Elab.Tactic.Do.VCGen.SuggestInvariant:c.o (5.0s)
✔ [6116/7677] Built Lake.Build (295ms)
✔ [6118/7677] Built Lean.Elab.Tactic.Meta:c.o (1.0s)
✔ [6119/7677] Built Lean.Elab.Tactic.Do.ProofMode.Exfalso (426ms)
✔ [6121/7677] Built Lean.Elab.Tactic.Do.ProofMode.RenameI (419ms)
✔ [6123/7677] Built Lake.Build.Module:c.o (23s)
✔ [6124/7677] Built Lean.Elab.Tactic.Do.ProofMode.Clear (610ms)
✔ [6126/7677] Built Lean.Elab.Tactic.Do.ProofMode.Intro (988ms)
✔ [6128/7677] Built Lean.Elab.Parallel:c.o (3.6s)
✔ [6129/7677] Built Lean.Elab.Tactic.Do.ProofMode.Frame (723ms)
✔ [6131/7677] Built Lean.Elab.Tactic.Do.ProofMode.Revert (1.1s)
✔ [6133/7677] Built Lean.Elab.Tactic.Do.ProofMode.Pure (1.1s)
✔ [6135/7677] Built Lean.Elab.Tactic.AsAuxLemma (751ms)
✔ [6137/7677] Built Lake.Build:c.o (174ms)
✔ [6138/7677] Built Lean.Elab.Tactic.Do.ProofMode.RenameI:c.o (584ms)
✔ [6139/7677] Built Lean.Elab.Tactic.Do.ProofMode.Exfalso:c.o (675ms)
✔ [6140/7677] Built Lean.Elab.Tactic.Do.ProofMode.Clear:c.o (768ms)
✔ [6141/7677] Built Lean.Elab.BuiltinTerm (3.4s)
✔ [6143/7677] Built Lean.Elab.Tactic.Do.ProofMode.Intro:c.o (1.9s)
✔ [6144/7677] Built Lean.Elab.Tactic.Do.ProofMode.Frame:c.o (2.1s)
✔ [6145/7677] Built Lean.Elab.Do.Legacy (20s)
✔ [6147/7677] Built Lean.Elab.Tactic.AsAuxLemma:c.o (518ms)
✔ [6148/7677] Built Lean.Elab.Binders (5.2s)
✔ [6150/7677] Built Lean.Elab.Tactic.Do.ProofMode.Revert:c.o (2.9s)
✔ [6151/7677] Built Lean.Elab.Tactic.Do.ProofMode.Pure:c.o (2.8s)
✔ [6152/7677] Built Lean.Elab.Tactic.Do.ProofMode.Cases (1.1s)
✔ [6154/7677] Built Lean.Elab.BuiltinNotation (4.0s)
✔ [6156/7677] Built Lean.Elab.Tactic.RenameInaccessibles (678ms)
✔ [6158/7677] Built Lean.Elab.BuiltinTerm:c.o (12s)
✔ [6159/7677] Built Lean.Elab.Binders:c.o (11s)
✔ [6160/7677] Built Lean.Elab.PreDefinition.TerminationMeasure (1.3s)
✔ [6162/7677] Built Lean.Elab.Command (7.3s)
✔ [6164/7677] Built Lean.Elab.Match:c.o (23s)
✔ [6165/7677] Built Lean.Elab.Tactic.RenameInaccessibles:c.o (1.7s)
✔ [6166/7677] Built Lean.Elab.Tactic.Do.ProofMode.Cases:c.o (4.2s)
✔ [6167/7677] Built Lean.Elab.PreDefinition.TerminationMeasure:c.o (1.2s)
✔ [6168/7677] Built Lean.Elab.Tactic.Do.Syntax (1.2s)
✔ [6170/7677] Built Lean.Linter.Builtin (1.5s)
✔ [6172/7677] Built Lean.Elab.Do.Legacy:c.o (20s)
✔ [6173/7677] Built Lean.Util.TestExtern (552ms)
✔ [6175/7677] Built Lean.Elab.Tactic.CbvSimproc (546ms)
✔ [6177/7677] Built Lean.Elab.Tactic.Doc (1.5s)
✔ [6179/7677] Built Lean.Elab.App (11s)
✔ [6181/7677] Built Lean.Linter.DocsOnAlt (745ms)
✔ [6183/7677] Built Lean.Elab.Tactic.Simproc (684ms)
✔ [6185/7677] Built Lean.Elab.BuiltinNotation:c.o (9.0s)
✔ [6186/7677] Built Lake.DSL.DeclUtil (1.4s)
✔ [6188/7677] Built Lean.Linter.MissingDocs (2.2s)
✔ [6190/7677] Built Lean.Linter.Basic (517ms)
✔ [6192/7677] Built Lean.Linter.EnvLinter.Frontend (999ms)
✔ [6194/7677] Built Lean.Linter.CodeQuality.Frontend (836ms)
✔ [6196/7677] Built Lean.Linter.Sets (567ms)
✔ [6198/7677] Built Lean.Elab.Print (2.1s)
✔ [6200/7677] Built Lean.Linter.TacticTypeCheck (841ms)
✔ [6202/7677] Built Lean.PostprocessTraces.Basic (901ms)
✔ [6204/7677] Built Lean.Linter.Coe (588ms)
✔ [6206/7677] Built Lean.Linter.Omit (387ms)
✔ [6208/7677] Built Lean.Elab.InfoTrees (520ms)
✔ [6210/7677] Built Lean.Util.Reprove (521ms)
✔ [6212/7677] Built Lean.Linter.ConstructorAsVariable (787ms)
✔ [6214/7677] Built Lean.Elab.Time (365ms)
✔ [6216/7677] Built Lean.Elab.RecommendedSpelling (477ms)
✔ [6218/7677] Built Lean.Elab.Command.WithWeakNamespace (441ms)
✔ [6220/7677] Built Lean.Elab.GenInjective (310ms)
✔ [6222/7677] Built Lean.Server.Test.Cancel (1.8s)
✔ [6224/7677] Built Lean.Elab.AssertExists (801ms)
✔ [6226/7677] Built Lean.Elab.Tactic.Grind.Annotated (561ms)
✔ [6228/7677] Built Lean.Elab.Tactic.DiscrTreeKey (885ms)
✔ [6230/7677] Built Lean.Elab.AuxDef (890ms)
✔ [6232/7677] Built Lean.Language.Lean.Types (626ms)
✔ [6234/7677] Built Lean.Elab.ConfigEval.Util (1.2s)
✔ [6236/7677] Built Lean.Linter.UnusedVariables (2.3s)
✔ [6238/7677] Built Lean.Elab.Tactic.Do.Syntax:c.o (1.4s)
✔ [6239/7677] Built Lean.Elab.DeclNameGen (2.2s)
✔ [6241/7677] Built Lean.Util.TestExtern:c.o (425ms)
✔ [6242/7677] Built Lean.Linter.Builtin:c.o (1.0s)
✔ [6243/7677] Built Lean.Elab.Tactic.CbvSimproc:c.o (1.5s)
✔ [6244/7677] Built Lean.Linter.DocsOnAlt:c.o (1.0s)
✔ [6245/7677] Built Lean.Elab.Syntax (5.6s)
✔ [6247/7677] Built Lean.Elab.Tactic.Simproc:c.o (1.2s)
✔ [6248/7677] Built Lake.DSL.DeclUtil:c.o (1.7s)
✔ [6249/7677] Built Lean.Elab.Tactic.Doc:c.o (6.1s)
✔ [6250/7677] Built Lean.Linter.Basic:c.o (927ms)
✔ [6251/7677] Built Lean.Linter.EnvLinter.Frontend:c.o (3.1s)
✔ [6252/7677] Built Lean.Linter.CodeQuality.Frontend:c.o (1.2s)
✔ [6253/7677] Built Lean.Linter.Sets:c.o (470ms)
✔ [6254/7677] Built Lean.Linter.MissingDocs:c.o (5.1s)
✔ [6255/7677] Built Lean.PostprocessTraces.Basic:c.o (1.5s)
✔ [6256/7677] Built Lean.Linter.TacticTypeCheck:c.o (2.0s)
✔ [6257/7677] Built Lean.Linter.Omit:c.o (483ms)
✔ [6258/7677] Built Lean.Linter.Coe:c.o (1.2s)
✔ [6259/7677] Built Lean.Util.Reprove:c.o (517ms)
✔ [6260/7677] Built Lean.Elab.Command:c.o (25s)
✔ [6261/7677] Built Lean.Elab.Time:c.o (352ms)
✔ [6262/7677] Built Lean.Elab.InfoTrees:c.o (774ms)
✔ [6263/7677] Built Lean.Elab.Command.WithWeakNamespace:c.o (290ms)
✔ [6264/7677] Built Lean.Elab.GenInjective:c.o (139ms)
✔ [6265/7677] Built Lean.Linter.ConstructorAsVariable:c.o (1.8s)
✔ [6266/7677] Built Lean.Elab.RecommendedSpelling:c.o (1.0s)
✔ [6267/7677] Built Lean.Elab.Tactic.Grind.Annotated:c.o (406ms)
✔ [6268/7677] Built Lean.Elab.Tactic.DiscrTreeKey:c.o (1.1s)
✔ [6269/7677] Built Lean.Server.Test.Cancel:c.o (2.0s)
✔ [6270/7677] Built Lean.Language.Lean.Types:c.o (227ms)
✔ [6271/7677] Built Lean.Elab.AuxDef:c.o (360ms)
✔ [6272/7677] Built Lean.Elab.AssertExists:c.o (2.0s)
✔ [6273/7677] Built Lean.Elab.Print:c.o (7.7s)
✔ [6274/7677] Built Lean.Elab.ConfigEval.Util:c.o (3.2s)
✔ [6275/7677] Built Lean.Elab.DeclNameGen:c.o (3.5s)
✔ [6276/7677] Built Lean.Meta.Constructions.CtorElim (839ms)
✔ [6278/7677] Built Lean.Server.Completion.CompletionCollectors (2.1s)
✔ [6280/7677] Built Lean.Linter.UnusedVariables:c.o (6.5s)
✔ [6281/7677] Built Lean.Elab.Extra (2.3s)
✔ [6283/7677] Built Lean.Elab.Calc (1.3s)
✔ [6285/7677] Built Lake.DSL.Syntax (847ms)
✔ [6287/7677] Built Lean.Linter.EnvLinter (256ms)
✔ [6289/7677] Built Lean.Linter.GlobalAttributeIn (462ms)
✔ [6291/7677] Built Lean.Linter.Extra.DupNamespace (654ms)
✔ [6293/7677] Built Lean.Linter.Extra.UnnecessarySeqFocus (977ms)
✔ [6295/7677] Built Lean.Linter.Extra.UnreachableTactic (749ms)
✔ [6297/7677] Built Lean.Linter.InternalModule (556ms)
✔ [6299/7677] Built Lean.Elab.StructInst (8.4s)
✔ [6301/7677] Built Lean.Elab.DocString.Builtin (12s)
✔ [6303/7677] Built Lean.Linter.Extra.UnusedDecidableInType (1.3s)
✔ [6305/7677] Built Lean.Linter.DefProp (533ms)
✔ [6307/7677] Built Lean.Linter.List (1.4s)
✔ [6309/7677] Built Lean.Linter.CodeQuality (248ms)
✔ [6311/7677] Built Lean.Linter.CheckUnivs (805ms)
✔ [6313/7677] Built Lean.PostprocessTraces.Postprocessors (571ms)
✔ [6315/7677] Built Lean.PostprocessTraces.PostprocessTracesCommand (515ms)
✔ [6317/7677] Built Lean.Util (367ms)
✔ [6319/7677] Built Lean.PostprocessTraces.StoredTraces (915ms)
✔ [6321/7677] Built Lean.Language.Lean.Util (651ms)
✔ [6323/7677] Built Lean.Elab.ConfigEval.Basic (1.4s)
✔ [6325/7677] Built Lean.LibrarySuggestions.Basic (1.8s)
✔ [6327/7677] Built Lean.Elab.Syntax:c.o (10s)
✔ [6328/7677] Built Lean.Widget.InteractiveDiagnostic (1.9s)
✔ [6330/7677] Built Lean.Elab.Deriving.Util (1.7s)
✔ [6332/7677] Built Lean.Elab.DefView (1.1s)
✔ [6334/7677] Built Lean.Elab.Deriving.Basic (2.8s)
✔ [6336/7677] Built Lean.Elab.App:c.o (34s)
✔ [6337/7677] Built Lean.Meta.Constructions.CtorElim:c.o (4.0s)
✔ [6338/7677] Built Lean.Elab.MacroRules (2.7s)
✔ [6340/7677] Built Lean.Elab.MacroArgUtil (2.3s)
✔ [6342/7677] Built Lean.Elab.Notation (3.3s)
✔ [6344/7677] Built Lake.DSL.Syntax:c.o (521ms)
✔ [6345/7677] Built Lean.Linter.EnvLinter:c.o (185ms)
✔ [6346/7677] Built Lean.Elab.Extra:c.o (7.6s)
✔ [6347/7677] Built Lean.Server.Completion.CompletionCollectors:c.o (7.0s)
✔ [6348/7677] Built Lean.Linter.GlobalAttributeIn:c.o (926ms)
✔ [6349/7677] Built Lean.Elab.Quotation (7.5s)
✔ [6351/7677] Built Lean.Linter.Extra.DupNamespace:c.o (1.1s)
✔ [6352/7677] Built Lean.Linter.Extra.UnnecessarySeqFocus:c.o (1.6s)
✔ [6353/7677] Built Lean.Linter.InternalModule:c.o (1.1s)
✔ [6354/7677] Built Lean.Elab.Calc:c.o (3.6s)
✔ [6355/7677] Built Lean.Linter.Extra.UnreachableTactic:c.o (1.9s)
✔ [6356/7677] Built Lean.Linter.DefProp:c.o (982ms)
✔ [6357/7677] Built Lean.Linter.CodeQuality:c.o (71ms)
✔ [6358/7677] Built Lean.Linter.Extra.UnusedDecidableInType:c.o (2.6s)
✔ [6359/7677] Built Lean.Linter.CheckUnivs:c.o (1.7s)
✔ [6360/7677] Built Lean.PostprocessTraces.Postprocessors:c.o (940ms)
✔ [6361/7677] Built Lean.Util:c.o (113ms)
✔ [6362/7677] Built Lean.Linter.List:c.o (3.0s)
✔ [6363/7677] Built Lean.PostprocessTraces.PostprocessTracesCommand:c.o (691ms)
✔ [6364/7677] Built Lean.Language.Lean.Util:c.o (731ms)
✔ [6365/7677] Built Lean.PostprocessTraces.StoredTraces:c.o (1.8s)
✔ [6366/7677] Built Lean.Elab.ConfigEval.Basic:c.o (4.2s)
✔ [6367/7677] Built Lean.Meta.Constructions.CasesOnSameCtor (1.1s)
✔ [6369/7677] Built Lean.Widget.InteractiveDiagnostic:c.o (4.4s)
✔ [6370/7677] Built Lean.Meta.Constructions.NoConfusion (1.6s)
✔ [6372/7677] Built Lean.LibrarySuggestions.Basic:c.o (6.3s)
✔ [6373/7677] Built Lean.Server.Completion (493ms)
✔ [6375/7677] Built Lean.Elab.Deriving.Util:c.o (3.0s)
✔ [6376/7677] Built Lean.Elab.DefView:c.o (2.4s)
✔ [6377/7677] Built Lean.Elab.MacroRules:c.o (1.9s)
✔ [6378/7677] Built Lean.Elab.Notation:c.o (3.4s)
✔ [6379/7677] Built Lake.DSL.Meta (822ms)
✔ [6381/7677] Built Lean.Elab.MacroArgUtil:c.o (6.5s)
✔ [6382/7677] Built Lake.DSL.Config (713ms)
✔ [6384/7677] Built Lean.Elab.Deriving.Basic:c.o (10s)
✔ [6385/7677] Built Lake.DSL.VerLit (637ms)
✔ [6387/7677] Built Lake.DSL.Script (3.3s)
✔ [6389/7677] Built Lake.DSL.Key (705ms)
✔ [6391/7677] Built Lake.CLI.Translate.Lean (4.3s)
✔ [6393/7677] Built Lean.Elab.StructInst:c.o (25s)
✔ [6394/7677] Built Lake.DSL.Require (1.0s)
✔ [6396/7677] Built Lean.Linter.CoreInternal (279ms)
✔ [6398/7677] Built Lean.Linter.Extra (337ms)
✔ [6400/7677] Built Lake.DSL.Package (3.3s)
✔ [6402/7677] Built Lake.DSL.Targets (4.4s)
✔ [6404/7677] Built Lean.PostprocessTraces (440ms)
✔ [6406/7677] Built Lake.CLI.BuiltinLint (2.3s)
✔ [6408/7677] Built Lean.Language.Lean (1.9s)
✔ [6410/7677] Built Lean.Elab.ConfigEval.Instances (2.2s)
✔ [6412/7677] Built Lean.LibrarySuggestions.SymbolFrequency (489ms)
✔ [6414/7677] Built Lean.Elab.ConfigEval.DeriveEvalExpr (2.4s)
✔ [6416/7677] Built Lean.Server.Snapshots (376ms)
✔ [6418/7677] Built Lean.Elab.ConfigEval.DeriveEvalTerm (2.7s)
✔ [6420/7677] Built Lean.Elab.PreDefinition.Basic (1.8s)
✔ [6422/7677] Built Lean.Server.Completion:c.o (642ms)
✔ [6423/7677] Built Lean.Elab.Deriving.SizeOf (377ms)
✔ [6425/7677] Built Lean.Meta.Constructions.CasesOnSameCtor:c.o (4.3s)
✔ [6426/7677] Built Lean.Elab.Quotation:c.o (10s)
✔ [6427/7677] Built Lean.Elab.Deriving.Repr (2.1s)
✔ [6429/7677] Built Lean.Elab.Deriving.Hashable (2.1s)
✔ [6431/7677] Built Lean.Elab.Deriving.LawfulBEq (582ms)
✔ [6433/7677] Built Lean.Elab.Deriving.ReflBEq (686ms)
✔ [6435/7677] Built Lean.Server.Rpc.Deriving (2.5s)
✔ [6437/7677] Built Lean.Elab.DocString.Builtin:c.o (37s)
✔ [6438/7677] Built Lean.Meta.Constructions.NoConfusion:c.o (7.5s)
✔ [6439/7677] Built Lean.Elab.Deriving.TypeName (715ms)
✔ [6441/7677] Built Lean.Elab.Deriving.Nonempty (829ms)
✔ [6443/7677] Built Lean.Elab.Deriving.ToExpr (1.8s)
✔ [6445/7677] Built Lean.Elab.BinderPredicates (1.3s)
✔ [6447/7677] Built Lean.Elab.Macro (1.9s)
✔ [6449/7677] Built Lean.Elab.Deriving.Inhabited (2.2s)
✔ [6451/7677] Built Lake.DSL.Meta:c.o (1.6s)
✔ [6452/7677] Built Lake.DSL.Config:c.o (837ms)
✔ [6453/7677] Built Lake.DSL.VerLit:c.o (643ms)
✔ [6454/7677] Built Lake.DSL.Script:c.o (615ms)
✔ [6455/7677] Built Lake.DSL.Key:c.o (488ms)
✔ [6456/7677] Built Lean.Linter.CoreInternal:c.o (52ms)
✔ [6457/7677] Built Lean.Linter.Extra:c.o (87ms)
✔ [6458/7677] Built Lean.Elab.Do.PatternVar (1.1s)
✔ [6460/7677] Built Lean.PostprocessTraces:c.o (74ms)
✔ [6461/7677] Built Lake.DSL.Require:c.o (1.3s)
✔ [6462/7677] Built Lean.Elab.Deriving.FromToJson (5.9s)
✔ [6464/7677] Built Lake.DSL.Package:c.o (2.1s)
✔ [6465/7677] Built Lean.Language.Lean:c.o (3.2s)
✔ [6466/7677] Built Lean.Elab.ConfigEval.Instances:c.o (3.6s)
✔ [6467/7677] Built Lean.LibrarySuggestions.SymbolFrequency:c.o (676ms)
✔ [6468/7677] Built Lake.CLI.Translate.Lean:c.o (6.7s)
✔ [6469/7677] Built Lake.CLI.BuiltinLint:c.o (6.6s)
✔ [6470/7677] Built Lake.DSL.Targets:c.o (8.2s)
✔ [6471/7677] Built Lean.Server.Snapshots:c.o (173ms)
✔ [6472/7677] Built Lean.Elab.Deriving.Ord (2.8s)
✔ [6474/7677] Built Lean.Meta.Constructions (203ms)
✔ [6476/7677] Built Lean.Elab.ConfigEval.DeriveEvalExpr:c.o (3.9s)
✔ [6477/7677] Built Lean.Elab.Deriving.SizeOf:c.o (211ms)
✔ [6478/7677] Built Lean.Elab.Deriving.DecEq (3.0s)
✔ [6480/7677] Built Lean.Elab.Deriving.BEq (5.7s)
✔ [6482/7677] Built Lean.Elab.Deriving.LawfulBEq:c.o (695ms)
✔ [6483/7677] Built Lean.Elab.ConfigEval.DeriveEvalTerm:c.o (3.7s)
✔ [6484/7677] Built Lean.Elab.Deriving.Repr:c.o (2.8s)
✔ [6485/7677] Built Lean.Elab.Deriving.ReflBEq:c.o (730ms)
✔ [6486/7677] Built Lean.Elab.Deriving.TypeName:c.o (879ms)
✔ [6487/7677] Built Lean.Elab.Deriving.Hashable:c.o (2.2s)
✔ [6488/7677] Built Lean.Elab.Deriving.Nonempty:c.o (974ms)
✔ [6489/7677] Built Lean.Server.Rpc.Deriving:c.o (2.8s)
✔ [6490/7677] Built Lean.Elab.BinderPredicates:c.o (1.9s)
✔ [6491/7677] Built Lean.Elab.Macro:c.o (2.2s)
✔ [6492/7677] Built Lean.Elab.PreDefinition.Basic:c.o (7.6s)
✔ [6493/7677] Built Lean.Elab.Do.PatternVar:c.o (747ms)
✔ [6494/7677] Built Lake.DSL (352ms)
✔ [6496/7677] Built LeanIR (1.1s)
✔ [6498/7677] Built Lean.Elab.Deriving.ToExpr:c.o (4.1s)
✔ [6499/7677] Built Lean.Elab.Frontend (1.3s)
✔ [6501/7677] Built Lean.Elab.ConfigEval.Extra (369ms)
✔ [6503/7677] Built Lean.LibrarySuggestions.MePo (791ms)
✔ [6505/7677] Built Lean.Server.FileWorker.Utils (528ms)
✔ [6507/7677] Built Lean.LibrarySuggestions.SineQuaNon (919ms)
✔ [6509/7677] Built Lean.Elab.ConfigEval.MetaInstances (592ms)
✔ [6511/7677] Built Lean.Meta.Constructions:c.o (78ms)
✔ [6512/7677] Built Lean.Elab.PreDefinition.WF.Fix (1.0s)
✔ [6514/7677] Built Lean.Elab.Deriving.Inhabited:c.o (5.9s)
✔ [6515/7677] Built Lean.Elab.Deriving.FromToJson:c.o (4.7s)
✔ [6516/7677] Built Lean.Elab.PreDefinition.Structural.SmartUnfolding (640ms)
✔ [6518/7677] Built Lean.Elab.PreDefinition.Mutual (524ms)
✔ [6520/7677] Built Lean.Elab.PreDefinition.WF.Unfold (1.5s)
✔ [6522/7677] Built Lean.Elab.Deriving.Ord:c.o (4.2s)
✔ [6523/7677] Built Lean.Elab.PreDefinition.FixedParams (1.9s)
✔ [6525/7677] Built Lean.Elab.ConfigEval.DeriveEvalConfigItem (4.5s)
✔ [6527/7677] Built Lake.DSL:c.o (65ms)
✔ [6528/7677] Built Lean.Elab.Frontend:c.o (3.2s)
✔ [6529/7677] Built Lean.Elab.ConfigEval.Extra:c.o (600ms)
✔ [6530/7677] Built Lean.Elab.Deriving.DecEq:c.o (4.8s)
✔ [6531/7677] Built LeanIR:c.o (3.9s)
✔ [6532/7677] Built Lean.Elab.Deriving.BEq:c.o (5.2s)
✔ [6533/7677] Built Lean.Server.FileWorker.Utils:c.o (648ms)
✔ [6534/7677] Built Lean.Elab.ConfigEval.MetaInstances:c.o (863ms)
✔ [6535/7677] Built Lean.Elab.Do.InferControlInfo (6.8s)
✔ [6537/7677] Built Lean.Elab.PreDefinition.Mutual:c.o (790ms)
✔ [6538/7677] Built Lean.Elab.PreDefinition.Structural.SmartUnfolding:c.o (1.9s)
✔ [6539/7677] Built Lean.LibrarySuggestions.MePo:c.o (3.5s)
✔ [6540/7677] Built Lean.Elab.Deriving (319ms)
✔ [6542/7677] Built Lake (386ms)
✔ [6544/7677] Built Lean.LibrarySuggestions.SineQuaNon:c.o (5.7s)
✔ [6545/7677] Built Lake.Load.Lean.Elab (929ms)
✔ [6547/7677] Built Lean.Elab.PreDefinition.WF.Fix:c.o (7.0s)
✔ [6548/7677] Built Lean.Server.Requests (1.4s)
✔ [6550/7677] Built Lean.LibrarySuggestions.Default (335ms)
✔ [6552/7677] Built LeanIR:static (5ms)
✔ [6554/7677] Built Lean.Elab.PreDefinition.WF.Rel (564ms)
✔ [6556/7677] Built Lean.Elab.PreDefinition.WF.Unfold:c.o (5.4s)
✔ [6557/7677] Built Lean.Elab.PreDefinition.WF.Eqns (541ms)
✔ [6559/7677] Built Lean.Elab.PreDefinition.PartialFixpoint.Eqns (729ms)
✔ [6561/7677] Built Lean.Elab.PreDefinition.Structural.RecArgInfo (457ms)
✔ [6563/7677] Built Lean.Elab.Deriving:c.o (94ms)
✔ [6564/7677] Built Lake:c.o (56ms)
✔ [6565/7677] Built Lean.Elab.PreDefinition.FixedParams:c.o (6.8s)
✔ [6566/7677] Built Lean.Elab.ConfigEval (273ms)
✔ [6568/7677] Built Lean.Elab.PreDefinition.Structural.Eqns (1.2s)
✔ [6570/7677] Built Lean.LibrarySuggestions.Default:c.o (68ms)
✔ [6571/7677] Built Lean.Elab.ConfigEval.Builtins (2.6s)
✔ [6573/7677] Built Lake.Load.Lean.Elab:c.o (3.4s)
✔ [6574/7677] Built Lean.Elab.Do.Basic (3.9s)
✔ [6576/7677] Built Lean.Elab.PreDefinition.WF.Rel:c.o (1.3s)
✔ [6577/7677] Built Lean.Elab.Do.InferControlInfo:c.o (6.9s)
✔ [6578/7677] Built Lean.Elab.PreDefinition.Structural.RecArgInfo:c.o (413ms)
✔ [6579/7677] Built Lean.Server.Requests:c.o (2.4s)
✔ [6580/7677] Built Lean.Elab.ConfigEval:c.o (82ms)
✔ [6581/7677] Built Lake.Load.Lean (203ms)
✔ [6583/7677] Built Lake.CLI.Translate (369ms)
✔ [6585/7677] Built Lean.LibrarySuggestions (270ms)
✔ [6587/7677] Built Lean.Elab.PreDefinition.WF.Eqns:c.o (1.9s)
✔ [6588/7677] Built Lean.Elab.PreDefinition.PartialFixpoint.Eqns:c.o (1.0s)
✔ [6589/7677] Built Lean.Server.FileWorker.InlayHints (980ms)
✔ [6591/7677] Built Lean.Elab.ConfigEval.DeriveEvalConfigItem:c.o (13s)
✔ [6592/7677] Built Lean.Elab.ConfigEval.Builtins:c.o (1.0s)
✔ [6593/7677] Built Lean.Server.Rpc.RequestHandling (885ms)
✔ [6595/7677] Built Lean.Server.CodeActions.Basic (851ms)
✔ [6597/7677] Built Lean.Elab.PreDefinition.WF.PackMutual (729ms)
✔ [6599/7677] Built Lean.Server.FileWorker.SemanticHighlighting (2.1s)
✔ [6601/7677] Built Lean.Elab.ComputedFields (1.2s)
✔ [6603/7677] Built Lean.Elab.PreDefinition.Structural.Eqns:c.o (4.0s)
✔ [6604/7677] Built Lean.Elab.PreDefinition.PartialFixpoint.Main (1.5s)
✔ [6606/7677] Built Lean.Server.Watchdog (4.7s)
✔ [6608/7677] Built Lean.Elab.PreDefinition.Structural.BRecOn (1.5s)
✔ [6610/7677] Built Lean.Elab.PreDefinition.Structural.FindRecArg (1.9s)
✔ [6612/7677] Built Lean.Elab.PreDefinition.Structural.IndPred (1.0s)
✔ [6614/7677] Built Lean.Elab.PreDefinition.PartialFixpoint.Induction (2.7s)
✔ [6616/7677] Built Lean.Elab.Tactic.SolveByElim (1.5s)
✔ [6618/7677] Built Lean.Elab.Tactic.ElabTerm (1.8s)
✔ [6620/7677] Built Lean.Meta.Tactic.BVDecide.Attr (1.3s)
✔ [6622/7677] Built Lean.Elab.Tactic.Impossible (728ms)
✔ [6624/7677] Built Lake.Load.Lean:c.o (129ms)
✔ [6625/7677] Built Lean.LibrarySuggestions:c.o (110ms)
✔ [6626/7677] Built Lake.CLI.Translate:c.o (379ms)
✔ [6627/7677] Built Lean.Elab.Tactic.Config (1.8s)
✔ [6629/7677] Built Lean.Server.Rpc.RequestHandling:c.o (1.4s)
✔ [6630/7677] Built Lean.Elab.BuiltinCommand (4.2s)
✔ [6632/7677] Built Lean.Elab.Do.Switch (411ms)
✔ [6634/7677] Built Lean.Server.FileWorker.InlayHints:c.o (2.9s)
✔ [6635/7677] Built Lean.Elab.Do.Control (974ms)
✔ [6637/7677] Built Lean.Elab.BuiltinDo.Jump (454ms)
✔ [6639/7677] Built Lean.Elab.BuiltinDo.Basic (342ms)
✔ [6641/7677] Built Lean.Elab.Tactic.Do.Contract (2.6s)
✔ [6643/7677] Built Lean.Elab.Idbg (1.6s)
✔ [6645/7677] Built Lean.Elab.Do.Basic:c.o (11s)
✔ [6646/7677] Built Lean.Elab.ElabRules (4.0s)
✔ [6648/7677] Built Lean.Server.CodeActions.Basic:c.o (2.2s)
✔ [6649/7677] Built Lean.Elab.PreDefinition.WF.PackMutual:c.o (3.0s)
✔ [6650/7677] Built Lean.Server.FileWorker.SemanticHighlighting:c.o (4.6s)
✔ [6651/7677] Built Lean.Elab.ComputedFields:c.o (5.4s)
✔ [6652/7677] Built Lean.Elab.PreDefinition.PartialFixpoint.Main:c.o (5.7s)
✔ [6653/7677] Built Lean.Elab.PreDefinition.Structural.BRecOn:c.o (5.2s)
✔ [6654/7677] Built Lean.Elab.PreDefinition.Structural.IndPred:c.o (2.9s)
✔ [6655/7677] Built Lean.Elab.PreDefinition.Structural.FindRecArg:c.o (4.7s)
✔ [6656/7677] Built Lean.Elab.Tactic.SolveByElim:c.o (3.7s)
✔ [6657/7677] Built Lake.Load.Package (523ms)
✔ [6659/7677] Built Lean.Meta.Tactic.BVDecide.Attr:c.o (3.1s)
✔ [6660/7677] Built Lean.Server.Rpc (258ms)
✔ [6662/7677] Built Lean.Elab.Tactic.ElabTerm:c.o (4.0s)
✔ [6663/7677] Built Lean.Widget.UserWidget (1.4s)
✔ [6665/7677] Built Lean.Elab.Tactic.Impossible:c.o (2.1s)
✔ [6666/7677] Built Lean.Elab.Do.Switch:c.o (224ms)
✔ [6667/7677] Built Lean.Elab.PreDefinition.PartialFixpoint.Induction:c.o (9.1s)
✔ [6668/7677] Built Lean.Elab.BuiltinDo.Jump:c.o (473ms)
✔ [6669/7677] Built Lean.Elab.BuiltinDo.Basic:c.o (240ms)
✔ [6670/7677] Built Lean.Elab.Tactic.Config:c.o (3.3s)
✔ [6671/7677] Built Lean.Elab.Do.Control:c.o (2.9s)
✔ [6672/7677] Built Lean.Server.CodeActions.Attr (877ms)
✔ [6674/7677] Built Lean.Server.CodeActions.UnknownIdentifier (1.4s)
✔ [6676/7677] Built Lean.Elab.Tactic.Do.Contract:c.o (2.3s)
✔ [6677/7677] Built Lean.Server.Watchdog:c.o (19s)
✔ [6678/7677] Built Lean.Elab.ElabRules:c.o (3.9s)
✔ [6679/7677] Built Lean.Elab.PreDefinition.PartialFixpoint (548ms)
✔ [6681/7677] Built Lean.Elab.Idbg:c.o (4.7s)
✔ [6682/7677] Built Lean.Elab.Tactic.Do.ProofMode.Have (660ms)
✔ [6684/7677] Built Lean.Elab.Tactic.Calc (1.1s)
✔ [6686/7677] Built Lean.Elab.Tactic.Do.ProofMode.Exact (613ms)
✔ [6688/7677] Built Lean.Elab.Tactic.Injection (636ms)
✔ [6690/7677] Built Lean.Elab.Tactic.Decide (1.6s)
✔ [6692/7677] Built Lean.Elab.CheckTactic (634ms)
✔ [6694/7677] Built Lean.Elab.Tactic.Location (650ms)
✔ [6696/7677] Built Lean.Elab.Tactic.Do.ProofMode.Specialize (1.1s)
✔ [6698/7677] Built Lean.Meta.Tactic.BVDecide.TacticContext (672ms)
✔ [6700/7677] Built Lean.Server.Rpc:c.o (87ms)
✔ [6701/7677] Built Lake.Load.Package:c.o (548ms)
✔ [6702/7677] Built Lean.Elab.Tactic.Induction (5.2s)
✔ [6704/7677] Built Lean.Elab.Do (299ms)
✔ [6706/7677] Built Lean.Elab.BuiltinDo.Forward (847ms)
✔ [6708/7677] Built Lean.Meta.Tactic.FunInd (10s)
✔ [6710/7677] Built Lean.Elab.BuiltinDo.TryCatch (1.0s)
✔ [6712/7677] Built Lean.Meta.Tactic.BVDecide.Normalize.Simproc (6.0s)
✔ [6714/7677] Built Lean.Elab.BuiltinCommand:c.o (16s)
✔ [6715/7677] Built Lean.Widget.UserWidget:c.o (5.0s)
✔ [6716/7677] Built Lean.Elab.BuiltinDo.MatchExpr (2.9s)
✔ [6718/7677] Built Lean.Elab.BuiltinDo.If (2.4s)
✔ [6720/7677] Built Lean.Elab.PreDefinition.PartialFixpoint:c.o (75ms)
✔ [6721/7677] Built Lean.Elab.BuiltinDo.Match (3.8s)
✔ [6723/7677] Built Lean.Server.CodeActions.Attr:c.o (1.8s)
✔ [6724/7677] Built Lean.Elab.Tactic.Do.ProofMode.Have:c.o (1.3s)
✔ [6725/7677] Built Lean.Elab.Tactic.Calc:c.o (1.2s)
✔ [6726/7677] Built Lean.Elab.Tactic.Do.ProofMode.Exact:c.o (1.0s)
✔ [6727/7677] Built Lean.Elab.Tactic.Injection:c.o (443ms)
✔ [6728/7677] Built Lean.Server.CodeActions.UnknownIdentifier:c.o (3.7s)
✔ [6729/7677] Built Lean.Elab.BuiltinDo.For (5.0s)
✔ [6731/7677] Built Lean.Elab.BuiltinDo.Let (6.7s)
✔ [6733/7677] Built Lean.Meta.Tactic.BVDecide.TacticContext:c.o (316ms)
✔ [6734/7677] Built Lean.Elab.CheckTactic:c.o (1.3s)
✔ [6735/7677] Built Lean.Elab.Tactic.Location:c.o (1.3s)
✔ [6736/7677] Built Lean.Widget.Commands (1.1s)
✔ [6738/7677] Built Lean.Elab.Tactic.Decide:c.o (3.5s)
✔ [6739/7677] Built Lean.Elab.Do:c.o (91ms)
✔ [6740/7677] Built Lake.Load.Resolve (2.3s)
✔ [6742/7677] Built Lean.Elab.ErrorExplanation (2.1s)
✔ [6744/7677] Built Lean.Elab.Tactic.Do.ProofMode.Specialize:c.o (3.1s)
✔ [6745/7677] Built Lean.Elab.BuiltinDo.TryCatch:c.o (809ms)
✔ [6746/7677] Built Lean.Elab.BuiltinDo.MatchExpr:c.o (572ms)
✔ [6747/7677] Built Lean.Elab.BuiltinDo.Forward:c.o (2.6s)
✔ [6748/7677] Built Lean.Server.CodeActions.Provider (1.2s)
✔ [6750/7677] Built Lean.Elab.GuardMsgs (1.0s)
✔ [6752/7677] Built Lean.Elab.BuiltinDo.If:c.o (1.7s)
✔ [6753/7677] Built Lean.Elab.Tactic.Do.ProofMode.Assumption (737ms)
✔ [6755/7677] Built Lean.Elab.BuiltinDo.Match:c.o (8.2s)
✔ [6756/7677] Built Lean.Elab.Tactic.Generalize (633ms)
✔ [6758/7677] Built Lean.Elab.Tactic.Simp (6.8s)
✔ [6760/7677] Built Lean.Elab.Tactic.Unfold (521ms)
✔ [6762/7677] Built Lean.Elab.Tactic.Split (1.2s)
✔ [6764/7677] Built Lean.Elab.Tactic.Induction:c.o (15s)
✔ [6765/7677] Built Lean.Elab.Tactic.Delta (474ms)
✔ [6767/7677] Built Lean.Elab.Tactic.Lets (1.1s)
✔ [6769/7677] Built Lean.Elab.Tactic.Rewrite (1.4s)
✔ [6771/7677] Built Lean.Elab.Tactic.Symm (402ms)
✔ [6773/7677] Built Lean.Elab.Tactic.Change (651ms)
✔ [6775/7677] Built Lean.Meta.Tactic.BVDecide.Normalize.Simproc:c.o (18s)
✔ [6776/7677] Built Lean.Widget.Commands:c.o (4.8s)
✔ [6777/7677] Built Lean.Elab.Tactic.Match (817ms)
✔ [6779/7677] Built Lean.Elab.BuiltinDo.Let:c.o (6.2s)
✔ [6780/7677] Built Lean.Server.FileWorker.ExampleHover (515ms)
✔ [6782/7677] Built Lean.Elab.Tactic.RCases (2.5s)
✔ [6784/7677] Built Lean.Elab.BuiltinDo.Misc (790ms)
✔ [6786/7677] Built Lean.Elab.BuiltinDo.For:c.o (8.5s)
✔ [6787/7677] Built Lean.Elab.Tactic.BuiltinTactic (5.7s)
✔ [6789/7677] Built Lean.Elab.ErrorExplanation:c.o (4.2s)
✔ [6790/7677] Built Lean.Elab.Tactic.Do.ProofMode.Assumption:c.o (1.2s)
✔ [6791/7677] Built Lake.Load.Resolve:c.o (6.6s)
✔ [6792/7677] Built Lean.Server.CodeActions.Provider:c.o (2.0s)
✔ [6793/7677] Built Lean.Elab.Tactic.Generalize:c.o (1.1s)
✔ [6794/7677] Built Lean.Elab.Tactic.Unfold:c.o (656ms)
✔ [6795/7677] Built Lean.Elab.GuardMsgs:c.o (6.2s)
✔ [6796/7677] Built Lean.Elab.Tactic.Delta:c.o (422ms)
✔ [6797/7677] Built Lean.Elab.Tactic.Split:c.o (1.2s)
✔ [6798/7677] Built Lean.Elab.BuiltinDo.Repeat (1.9s)
✔ [6800/7677] Built Lean.Elab.Tactic.Symm:c.o (386ms)
✔ [6801/7677] Built Lean.Elab.Tactic.Lets:c.o (3.5s)
✔ [6802/7677] Built Lean.Elab.Tactic.Change:c.o (830ms)
✔ [6803/7677] Built Lean.Widget (337ms)
✔ [6805/7677] Built Lean.Server.FileWorker.ExampleHover:c.o (784ms)
✔ [6806/7677] Built Lean.Elab.Tactic.Rewrite:c.o (4.7s)
✔ [6807/7677] Built Lake.Load.Workspace (549ms)
✔ [6809/7677] Built Lean.Elab.Tactic.Match:c.o (1.9s)
✔ [6810/7677] Built Lean.Elab.BuiltinDo.Misc:c.o (510ms)
✔ [6811/7677] Built Lean.Server.CodeActions (295ms)
✔ [6813/7677] Built Lean.Elab.Tactic.Do.Spec (1.9s)
✔ [6815/7677] Built Lean.Elab.Tactic.Do.ProofMode.Refine (916ms)
✔ [6817/7677] Built Lean.Linter.UnusedSimpArgs (749ms)
✔ [6819/7677] Built Lean.Elab.Tactic.RCases:c.o (7.4s)
✔ [6820/7677] Built Lean.Elab.Tactic.Do.VCGen.Basic (2.3s)
✔ [6822/7677] Built Lean.Meta.Tactic.FunInd:c.o (42s)
✔ [6823/7677] Built Lean.Elab.PreDefinition.WF.Preprocess (1.2s)
✔ [6825/7677] Built Lean.Elab.Coinductive (1.3s)
✔ [6827/7677] Built Lean.Elab.Tactic.Show (473ms)
✔ [6829/7677] Built Lean.Widget:c.o (100ms)
✔ [6830/7677] Built Lean.Elab.BuiltinDo.Repeat:c.o (1.1s)
✔ [6831/7677] Built Lean.Meta.Tactic.AC.Main (1.9s)
✔ [6833/7677] Built Lake.Load.Workspace:c.o (1.2s)
✔ [6834/7677] Built Lean.Elab.Tactic.Ext (1.9s)
✔ [6836/7677] Built Lean.Server.CodeActions:c.o (74ms)
✔ [6837/7677] Built Lean.Elab.Tactic.Conv.Basic (1.5s)
✔ [6839/7677] Built Lean.Elab.Tactic.Simp:c.o (19s)
✔ [6840/7677] Built Lean.Server.FileWorker.RequestHandling (4.9s)
✔ [6842/7677] Built Lean.Elab.Tactic.Do.ProofMode.Refine:c.o (2.6s)
✔ [6843/7677] Built Lean.Linter.UnusedSimpArgs:c.o (1.8s)
✔ [6844/7677] Built Lean.Elab.Tactic.Omega.Frontend (5.9s)
✔ [6846/7677] Built Lean.Elab.BuiltinDo (347ms)
✔ [6848/7677] Built Lean.Elab.Tactic.BuiltinTactic:c.o (19s)
✔ [6849/7677] Built Lean.Elab.Tactic.Show:c.o (580ms)
✔ [6850/7677] Built Lean.Elab.Tactic.Do.VCGen.Basic:c.o (5.3s)
✔ [6851/7677] Built Lean.Elab.PreDefinition.WF.Preprocess:c.o (5.1s)
✔ [6852/7677] Built Lake.Load (298ms)
✔ [6854/7677] Built Lake.CLI.Serve (415ms)
✔ [6856/7677] Built Lean.Elab.Tactic.Do.Spec:c.o (8.9s)
✔ [6857/7677] Built Lean.Elab.Coinductive:c.o (4.7s)
✔ [6858/7677] Built Lake.CLI.Init (1.1s)
✔ [6860/7677] Built Lean.Elab.Tactic.Do.ProofMode (263ms)
✔ [6862/7677] Built Lean.Meta.Tactic.TryThis (1.4s)
✔ [6864/7677] Built Lean.Meta.Tactic.AC.Main:c.o (3.0s)
✔ [6865/7677] Built Lean.Linter (311ms)
✔ [6867/7677] Built Lean.Elab.BuiltinDo:c.o (93ms)
✔ [6868/7677] Built Lean.Elab.Tactic.Conv.Basic:c.o (3.8s)
✔ [6869/7677] Built Lean.Meta.Tactic.AC (304ms)
✔ [6871/7677] Built Lake.Load:c.o (95ms)
✔ [6872/7677] Built Lake.CLI.Serve:c.o (339ms)
✔ [6873/7677] Built Lean.Elab.Tactic.Conv.Change (584ms)
✔ [6875/7677] Built Lean.Elab.Tactic.Conv.Rewrite (375ms)
✔ [6877/7677] Built Lean.Elab.Tactic.Conv.Lets (582ms)
✔ [6879/7677] Built Lean.Elab.Tactic.Conv.Delta (759ms)
✔ [6881/7677] Built Lean.Elab.Tactic.Ext:c.o (7.4s)
✔ [6882/7677] Built Lean.Elab.Tactic.Conv.Pattern (1.2s)
✔ [6884/7677] Built Lean.Elab.Tactic.Guard (1.8s)
✔ [6886/7677] Built Lean.Elab.Tactic.Conv.Congr (2.1s)
✔ [6888/7677] Built Lean.Elab.Tactic.Do.ProofMode:c.o (93ms)
✔ [6889/7677] Built Lean.Server.FileWorker.RequestHandling:c.o (9.9s)
✔ [6890/7677] Built Lean.Elab.MutualInductive (9.1s)
✔ [6892/7677] Built Lake.CLI.Init:c.o (2.4s)
✔ [6893/7677] Built Lean.Elab.Tactic.Omega (346ms)
✔ [6895/7677] Built Lean.Meta.Tactic.AC:c.o (58ms)
✔ [6896/7677] Built Lean.Linter:c.o (138ms)
✔ [6897/7677] Built Lean.Elab.Tactic.Conv.Change:c.o (201ms)
✔ [6898/7677] Built Lean.Elab.Tactic.Conv.Rewrite:c.o (389ms)
✔ [6899/7677] Built Lean.Elab.Tactic.Conv.Delta:c.o (313ms)
✔ [6900/7677] Built Lean.Server.FileWorker.WidgetRequests (2.1s)
✔ [6902/7677] Built Lean.Elab.Tactic.Conv.Lets:c.o (1.1s)
✔ [6903/7677] Built Lean.Meta.Tactic.TryThis:c.o (2.8s)
✔ [6904/7677] Built Lean.Elab.Tactic.Omega.Frontend:c.o (12s)
✔ [6905/7677] Built Lean.Elab.Tactic.Conv.Pattern:c.o (1.9s)
✔ [6906/7677] Built Lean.Elab.Tactic.Rwa (678ms)
✔ [6908/7677] Built Lean.Elab.Tactic.SimpArith (581ms)
✔ [6910/7677] Built Lean.Elab.Tactic.Guard:c.o (2.4s)
✔ [6911/7677] Built Lean.Elab.Tactic.ShowTerm (465ms)
✔ [6913/7677] Built Lean.Elab.Recall (1.3s)
✔ [6915/7677] Built Lean.Elab.PreDefinition.Structural.Main (1.7s)
✔ [6917/7677] Built Lean.Elab.Tactic.SimpTrace (1.9s)
✔ [6919/7677] Built Lean.Meta.Tactic.Rewrites (1.4s)
✔ [6921/7677] Built Lean.Elab.Tactic.Do.VCGen (5.8s)
✔ [6923/7677] Built Lean.Elab.Tactic.Conv.Congr:c.o (6.7s)
✔ [6924/7677] Built Lean.Elab.Tactic.Omega:c.o (84ms)
✔ [6925/7677] Built Lean.Elab.PreDefinition.WF.GuessLex (3.4s)
✔ [6927/7677] Built Lean.Elab.Tactic.Simpa (2.5s)
✔ [6929/7677] Built Lean.Elab.Tactic.SimpArith:c.o (569ms)
✔ [6930/7677] Built Lean.Elab.Tactic.ShowTerm:c.o (381ms)
✔ [6931/7677] Built Lean.Elab.Tactic.Rwa:c.o (1.5s)
✔ [6932/7677] Built Lean.Meta.Tactic.Grind.EMatchTheorem (6.9s)
✔ [6934/7677] Built Lean.Elab.Recall:c.o (3.2s)
✔ [6935/7677] Built Lean.Elab.Tactic.SimpTrace:c.o (3.6s)
✔ [6936/7677] Built Lean.Server.FileWorker.WidgetRequests:c.o (5.5s)
✔ [6937/7677] Built Lean.Elab.PreDefinition.Structural.Main:c.o (5.0s)
✔ [6938/7677] Built Lean.Meta.Tactic.Rewrites:c.o (4.2s)
✔ [6939/7677] Built Lean.Elab.Inductive (2.9s)
✔ [6941/7677] Built Lean.Server.FileWorker (3.4s)
✔ [6943/7677] Built Lean.Server.ProtocolOverview (577ms)
✔ [6945/7677] Built Lean.Elab.Structure (8.7s)
✔ [6947/7677] Built Lean.Server.Test.Runner (4.8s)
✔ [6949/7677] Built Lean.Elab.Tactic.Conv.Simp (768ms)
✔ [6951/7677] Built Lean.Elab.Tactic.Simpa:c.o (6.0s)
✔ [6952/7677] Built Lean.Elab.PreDefinition.Structural (392ms)
✔ [6954/7677] Built Lean.Elab.Tactic.Rewrites (937ms)
✔ [6956/7677] Built Lean.Elab.Tactic.Do (375ms)
✔ [6958/7677] Built Lean.Elab.PreDefinition.WF.GuessLex:c.o (10s)
✔ [6959/7677] Built Lean.Elab.MutualInductive:c.o (29s)
✔ [6960/7677] Built Lean.Server.ProtocolOverview:c.o (235ms)
✔ [6961/7677] Built Lean.Elab.Tactic.Do.VCGen:c.o (24s)
✔ [6962/7677] Built Lean.Elab.PreDefinition.WF.Main (1.2s)
✔ [6964/7677] Built Lean.Elab.Inductive:c.o (10s)
✔ [6965/7677] Built Lean.Elab.Tactic.Conv.Simp:c.o (1.1s)
✔ [6966/7677] Built Lean.Meta.Tactic.Grind.EMatchTheoremPtr (244ms)
✔ [6968/7677] Built Lean.Meta.Tactic.Grind.Injective (480ms)
✔ [6970/7677] Built Lean.Elab.PreDefinition.Structural:c.o (55ms)
✔ [6971/7677] Built Lean.Meta.Tactic.Grind.EMatchTheorem:c.o (16s)
✔ [6972/7677] Built Lean.Elab.Tactic.Do:c.o (60ms)
✔ [6973/7677] Built Lean.Elab.Tactic.Rewrites:c.o (1.5s)
✔ [6974/7677] Built Lean.Shell (1.5s)
✔ [6976/7677] Built Lean.Server.Test (297ms)
✔ [6978/7677] Built Lean.Elab.Tactic.Conv.Unfold (464ms)
✔ [6980/7677] Built Lean.Server.FileWorker:c.o (13s)
✔ [6981/7677] Built Lean.Meta.Tactic.Grind.EMatchTheoremPtr:c.o (200ms)
✔ [6982/7677] Built Lean.Elab.PreDefinition.WF.Main:c.o (2.5s)
✔ [6983/7677] Built Lean.Meta.Tactic.Grind.Injective:c.o (1.3s)
✔ [6984/7677] Built Lean.Elab.Tactic.NormCast (2.6s)
✔ [6986/7677] Built Lean.Elab.PreDefinition.WF (428ms)
✔ [6988/7677] Built Lean.Server.Test:c.o (78ms)
✔ [6989/7677] Built Lean.Elab.Tactic.Conv.Unfold:c.o (499ms)
✔ [6990/7677] Built Lean.Elab.PreDefinition.Main (2.4s)
✔ [6992/7677] Built Lean.Meta.Tactic.Grind.Attr (1.1s)
✔ [6994/7677] Built Lean.Elab.PreDefinition.WF:c.o (73ms)
✔ [6995/7677] Built Lean.Server (337ms)
✔ [6997/7677] Built Lean.Shell:c.o (4.8s)
✔ [6998/7677] Built Lean.Server.Test.Runner:c.o (18s)
✔ [6999/7677] Built Lean.Server:c.o (81ms)
✔ [7000/7677] Built Lean.Elab.PreDefinition (319ms)
✔ [7002/7677] Built Lean.Meta.Tactic.Grind.Attr:c.o (5.3s)
✔ [7003/7677] Built Lean.Elab.PreDefinition.Main:c.o (8.4s)
✔ [7004/7677] Built Lean.Meta.Tactic.Grind.RegisterCommand (525ms)
✔ [7006/7677] Built Lean.Elab.PreDefinition:c.o (72ms)
✔ [7007/7677] Built Lean.Meta.Tactic.Grind.RegisterCommand:c.o (197ms)
✔ [7008/7677] Built Lean.Elab.Tactic.NormCast:c.o (11s)
✔ [7009/7677] Built Lean.Elab.MutualDef (5.9s)
✔ [7011/7677] Built Lean.Meta.Tactic.Grind.Types (6.0s)
✔ [7013/7677] Built Lean.Elab.BuiltinEvalCommand (2.8s)
✔ [7015/7677] Built Lean.Elab.LetRec (1.6s)
✔ [7017/7677] Built Lean.Elab.Declaration (2.9s)
✔ [7019/7677] Built Lean.Elab.Tactic.VCGen.FrameProc (678ms)
✔ [7021/7677] Built Lean.Meta.Tactic.Grind.AC.Types (612ms)
✔ [7023/7677] Built Lean.Meta.Tactic.Grind.Arith.CommRing.Types (781ms)
✔ [7025/7677] Built Lean.Meta.Tactic.Grind.Arith.Linear.Types (1.0s)
✔ [7027/7677] Built Lean.Meta.Tactic.Grind.Order.Types (507ms)
✔ [7029/7677] Built Lean.Meta.Tactic.Grind.MBTC (1.4s)
✔ [7031/7677] Built Lean.Elab.Structure:c.o (33s)
✔ [7032/7677] Built Lean.Meta.Tactic.Grind.Filter (397ms)
✔ [7034/7677] Built Lean.Meta.Tactic.Grind.ProofUtil (258ms)
✔ [7036/7677] Built Lean.Meta.Tactic.Grind.Ext (941ms)
✔ [7038/7677] Built Lean.Meta.Tactic.Grind.Diseq (503ms)
✔ [7040/7677] Built Lean.Elab.Tactic.Grind.Anchor (354ms)
✔ [7042/7677] Built Lean.Meta.Tactic.Grind.CollectParams (831ms)
✔ [7044/7677] Built Lean.Meta.Tactic.Grind.BVDecide.Types (299ms)
✔ [7046/7677] Built Lean.Meta.Tactic.Grind.ReflCmp (449ms)
✔ [7048/7677] Built Lean.Meta.Tactic.Grind.EMatchDiagnostics (737ms)
✔ [7050/7677] Built Lean.Meta.Tactic.Grind.LawfulEqCmp (500ms)
✔ [7052/7677] Built Lean.Meta.Tactic.Grind.Arith.ModelUtil (728ms)
✔ [7054/7677] Built Lean.Meta.Tactic.Grind.Inv (1.6s)
✔ [7056/7677] Built Lean.Meta.Tactic.Grind.Action (1.3s)
✔ [7058/7677] Built Lean.Elab.BuiltinEvalCommand:c.o (9.7s)
✔ [7059/7677] Built Lean.Meta.Tactic.Grind.CtorIdx (648ms)
✔ [7061/7677] Built Lean.Meta.Tactic.Grind.Beta (710ms)
✔ [7063/7677] Built Lean.Meta.Tactic.Grind.MarkNestedSubsingletons (1.3s)
✔ [7065/7677] Built Lean.Meta.Tactic.Grind.Proof (1.6s)
✔ [7067/7677] Built Lean.Meta.Tactic.Grind.Proj (551ms)
✔ [7069/7677] Built Lean.Elab.Tactic.VCGen.FrameProc:c.o (1.1s)
✔ [7070/7677] Built Lean.Meta.Tactic.Grind.AC.Types:c.o (350ms)
✔ [7071/7677] Built Lean.Meta.Tactic.Grind.Arith.CommRing.Types:c.o (854ms)
✔ [7072/7677] Built Lean.Meta.Tactic.Grind.Arith.Linear.Types:c.o (717ms)
✔ [7073/7677] Built Lean.Meta.Tactic.Grind.Order.Types:c.o (241ms)
✔ [7074/7677] Built Lean.Elab.LetRec:c.o (5.5s)
✔ [7075/7677] Built Lean.Meta.Tactic.Grind.Filter:c.o (462ms)
✔ [7076/7677] Built Lean.Meta.Tactic.Grind.ProofUtil:c.o (154ms)
✔ [7077/7677] Built Lean.Meta.Tactic.Grind.MBTC:c.o (2.9s)
✔ [7078/7677] Built Lean.Meta.Tactic.Grind.Diseq:c.o (789ms)
✔ [7079/7677] Built Lean.Elab.Tactic.Grind.Anchor:c.o (174ms)
✔ [7080/7677] Built Lean.Meta.Tactic.Grind.Ext:c.o (1.7s)
✔ [7081/7677] Built Lean.Meta.Tactic.Grind.BVDecide.Types:c.o (134ms)
✔ [7082/7677] Built Lean.Meta.Tactic.Grind.CollectParams:c.o (809ms)
✔ [7083/7677] Built Lean.Meta.Tactic.Grind.ReflCmp:c.o (853ms)
✔ [7084/7677] Built Lean.Meta.Tactic.Grind.LawfulEqCmp:c.o (803ms)
✔ [7085/7677] Built Lean.Meta.Tactic.Grind.Types:c.o (20s)
✔ [7086/7677] Built Lean.Elab.Declaration:c.o (9.5s)
✔ [7087/7677] Built Lean.Meta.Tactic.Grind.EMatchDiagnostics:c.o (2.2s)
✔ [7088/7677] Built Lean.Meta.Tactic.Grind.CtorIdx:c.o (838ms)
✔ [7089/7677] Built Lean.Meta.Tactic.Grind.Arith.ModelUtil:c.o (2.2s)
✔ [7090/7677] Built Lean.Meta.Tactic.Grind.Action:c.o (3.1s)
✔ [7091/7677] Built Lean.Meta.Tactic.Grind.Beta:c.o (1.5s)
✔ [7092/7677] Built Lean.Meta.Tactic.Grind.Inv:c.o (3.4s)
✔ [7093/7677] Built Lean.Meta.Tactic.Grind.Proj:c.o (688ms)
✔ [7094/7677] Built Lean.Elab.Tactic.VCGen.Context (787ms)
✔ [7096/7677] Built Lean.Meta.Tactic.Grind.MarkNestedSubsingletons:c.o (2.4s)
✔ [7097/7677] Built Lean.Meta.Tactic.Grind.Arith.CommRing.DenoteExpr (412ms)
✔ [7099/7677] Built Lean.Meta.Tactic.Grind.Arith.CommRing.RingM (1.1s)
✔ [7101/7677] Built Lean.Meta.Tactic.Grind.Order.StructId (487ms)
✔ [7103/7677] Built Lean.Elab.MutualDef:c.o (29s)
✔ [7104/7677] Built Lean.Meta.Tactic.Grind.Order.OrderM (923ms)
✔ [7106/7677] Built Lean.Meta.Tactic.Grind.BVDecide (243ms)
✔ [7108/7677] Built Lean.Meta.Tactic.Grind.Homomorphism (1.6s)
✔ [7110/7677] Built Lean.Meta.Tactic.Grind.Proof:c.o (3.9s)
✔ [7111/7677] Built Lean.Meta.Tactic.Grind.Anchor (1.1s)
✔ [7113/7677] Built Lean.Meta.Tactic.Grind.Arith.Cutsat.Types (3.7s)
✔ [7115/7677] Built Lean.Meta.Tactic.Grind.Simp (990ms)
✔ [7117/7677] Built Lean.Meta.Tactic.Grind.PropagatorAttr (815ms)
✔ [7119/7677] Built Lean.Meta.Tactic.Grind.Order.StructId:c.o (113ms)
✔ [7120/7677] Built Lean.Meta.Tactic.Grind.Arith.CommRing.DenoteExpr:c.o (192ms)
✔ [7121/7677] Built Lean.Meta.Tactic.Grind.BVDecide:c.o (86ms)
✔ [7122/7677] Built Lean.Elab.Tactic.VCGen.Context:c.o (1.4s)
✔ [7123/7677] Built Lean.Meta.Tactic.BVDecide.Normalize.Basic (3.2s)
✔ [7125/7677] Built Lean.Meta.Tactic.Grind.Order.OrderM:c.o (1.4s)
✔ [7126/7677] Built Lean.Meta.Tactic.Grind.Anchor:c.o (1.2s)
✔ [7127/7677] Built Lean.Elab.Tactic.VCGen.FrameProcAttr (718ms)
✔ [7129/7677] Built Lean.Meta.Tactic.Grind.Arith.Cutsat.Types:c.o (875ms)
✔ [7130/7677] Built Lean.Meta.Tactic.Grind.Homomorphism:c.o (2.6s)
✔ [7131/7677] Built Lean.Meta.Tactic.Grind.Arith.CommRing.PP (880ms)
✔ [7133/7677] Built Lean.Elab.Tactic.VCGen.RuleConstruction (2.1s)
✔ [7135/7677] Built Lean.Meta.Tactic.Grind.Arith.CommRing.Inv (762ms)
✔ [7137/7677] Built Lean.Meta.Tactic.Grind.Arith.CommRing.SafePoly (760ms)
✔ [7139/7677] Built Lean.Meta.Tactic.Grind.Simp:c.o (1.6s)
✔ [7140/7677] Built Lean.Meta.Tactic.Grind.Arith.CommRing.NonCommRingM (617ms)
✔ [7142/7677] Built Lean.Meta.Tactic.Grind.PropagatorAttr:c.o (1.7s)
✔ [7143/7677] Built Lean.Meta.Tactic.Grind.Arith.CommRing.SemiringM (947ms)
✔ [7145/7677] Built Lean.Meta.Tactic.Grind.Arith.CommRing.RingId (300ms)
✔ [7147/7677] Built Lean.Meta.Tactic.Grind.Arith.CommRing.RingM:c.o (4.9s)
✔ [7148/7677] Built Lean.Meta.Tactic.Grind.Arith.Linear.LinearM (586ms)
✔ [7150/7677] Built Lean.Meta.Tactic.Grind.Order.Util (432ms)
✔ [7152/7677] Built Lean.Meta.Tactic.Grind.Arith.Cutsat.Model (636ms)
✔ [7154/7677] Built Lean.Meta.Tactic.Grind.Order.Proof (1.2s)
✔ [7156/7677] Built Lean.Meta.Tactic.Grind.EMatchTheoremParam (1.2s)
✔ [7158/7677] Built Lean.Elab.Tactic.VCGen.FrameProcAttr:c.o (448ms)
✔ [7159/7677] Built Lean.Meta.Tactic.Grind.Arith.CommRing.Power (487ms)
✔ [7161/7677] Built Lean.Meta.Tactic.Grind.Arith.Cutsat.Util (1.2s)
✔ [7163/7677] Built Lean.Meta.Tactic.Grind.PropagateInj (598ms)
✔ [7165/7677] Built Lean.Meta.Tactic.Grind.Ctor (841ms)
✔ [7167/7677] Built Lean.Meta.Tactic.Grind.ProveEq (1.6s)
✔ [7169/7677] Built Lean.Meta.Tactic.Grind.BitVec (1.7s)
✔ [7171/7677] Built Lean.Meta.Tactic.Grind.Propagate (2.7s)
✔ [7173/7677] Built Lean.Meta.Tactic.Grind.Arith.CommRing.Inv:c.o (1.7s)
✔ [7174/7677] Built Lean.Meta.Tactic.Grind.Arith.CommRing.PP:c.o (3.1s)
✔ [7175/7677] Built Lean.Meta.Tactic.Grind.Arith.CommRing.NonCommRingM:c.o (1.3s)
✔ [7176/7677] Built Lean.Meta.Tactic.Grind.Arith.CommRing.RingId:c.o (313ms)
✔ [7177/7677] Built Lean.Meta.Tactic.Grind.Arith.CommRing.SafePoly:c.o (2.2s)
✔ [7178/7677] Built Lean.Meta.Tactic.BVDecide.Normalize.Basic:c.o (7.8s)
✔ [7179/7677] Built Lean.Meta.Tactic.BVDecide.Reflect.Basic (1.4s)
✔ [7181/7677] Built Lean.Meta.Tactic.Grind.Arith.CommRing.SemiringM:c.o (3.2s)
✔ [7182/7677] Built Lean.Meta.Tactic.BVDecide.Normalize.AC (2.3s)
✔ [7184/7677] Built Lean.Meta.Tactic.BVDecide.Normalize.AndFlatten (1.2s)
✔ [7186/7677] Built Lean.Meta.Tactic.BVDecide.Normalize.Reduction (558ms)
✔ [7188/7677] Built Lean.Meta.Tactic.BVDecide.Normalize.EmbeddedConstraint (1.0s)
✔ [7190/7677] Built Lean.Meta.Tactic.BVDecide.Normalize.ShortCircuit (561ms)
✔ [7192/7677] Built Lean.Meta.Tactic.BVDecide.Normalize.IntToBitVec (755ms)
✔ [7194/7677] Built Lean.Meta.Tactic.BVDecide.Normalize.TypeAnalysis (2.6s)
✔ [7196/7677] Built Lean.Meta.Tactic.Grind.Arith.Linear.LinearM:c.o (1.0s)
✔ [7197/7677] Built Lean.Meta.Tactic.BVDecide.Normalize.Rewrite (1.4s)
✔ [7199/7677] Built Lean.Meta.Tactic.Grind.Order.Util:c.o (576ms)
✔ [7200/7677] Built Lean.Elab.Tactic.VCGen.RuleConstruction:c.o (8.6s)
✔ [7201/7677] Built Lean.Meta.Tactic.Grind.Arith.CommRing.Power:c.o (716ms)
✔ [7202/7677] Built Lean.Meta.Tactic.Grind.Arith.Cutsat.Model:c.o (1.2s)
✔ [7203/7677] Built Lean.Meta.Tactic.Grind.Order.Proof:c.o (2.0s)
✔ [7204/7677] Built Lean.Meta.Tactic.Grind.PropagateInj:c.o (1.3s)
✔ [7205/7677] Built Lean.Meta.Tactic.Grind.Ctor:c.o (2.1s)
✔ [7206/7677] Built Lean.Meta.Tactic.Grind.EMatchTheoremParam:c.o (3.2s)
✔ [7207/7677] Built Lean.Meta.Tactic.Grind.Arith.CommRing.NonCommSemiringM (606ms)
✔ [7209/7677] Built Lean.Meta.Tactic.Grind.Arith.Cutsat.Util:c.o (3.5s)
✔ [7210/7677] Built Lean.Meta.Tactic.Grind.ProveEq:c.o (2.6s)
✔ [7211/7677] Built Lean.Meta.Tactic.BVDecide.Normalize.AndFlatten:c.o (1.2s)
✔ [7212/7677] Built Lean.Meta.Tactic.BVDecide.Reflect.Basic:c.o (2.2s)
✔ [7213/7677] Built Lean.Meta.Tactic.BVDecide.Normalize.Reduction:c.o (1.2s)
✔ [7214/7677] Built Lean.Meta.Tactic.BVDecide.Normalize.ShortCircuit:c.o (448ms)
✔ [7215/7677] Built Lean.Meta.Tactic.BVDecide.Normalize.EmbeddedConstraint:c.o (1.9s)
✔ [7216/7677] Built Lean.Meta.Tactic.BVDecide.Normalize.AC:c.o (4.1s)
✔ [7217/7677] Built Lean.Meta.Tactic.Grind.Arith.Linear.Den (348ms)
✔ [7219/7677] Built Lean.Meta.Tactic.Grind.BitVec:c.o (6.2s)
✔ [7220/7677] Built Lean.Meta.Tactic.Grind.Arith.Linear.OfNatModule (1.2s)
✔ [7222/7677] Built Lean.Meta.Tactic.Grind.Arith.Linear.SearchM (377ms)
✔ [7224/7677] Built Lean.Meta.Tactic.Grind.Arith.Model (282ms)
✔ [7226/7677] Built Lean.Meta.Tactic.Grind.Propagate:c.o (6.1s)
✔ [7227/7677] Built Lean.Meta.Tactic.Grind.Arith.Linear.Util (1.1s)
✔ [7229/7677] Built Lean.Meta.Tactic.BVDecide.Normalize.IntToBitVec:c.o (1.1s)
✔ [7230/7677] Built Lean.Meta.Tactic.Grind.Arith.Cutsat.SearchM (811ms)
✔ [7232/7677] Built Lean.Meta.Tactic.Grind.Arith.Cutsat.Inv (1.3s)
✔ [7234/7677] Built Lean.Meta.Tactic.Grind.Arith.Cutsat.MBTC (839ms)
✔ [7236/7677] Built Lean.Meta.Tactic.Grind.Arith.Cutsat.Norm (516ms)
✔ [7238/7677] Built Lean.Meta.Tactic.BVDecide.Normalize.Rewrite:c.o (2.8s)
✔ [7239/7677] Built Lean.Meta.Tactic.Grind.Order.Assert (2.8s)
✔ [7241/7677] Built Lean.Meta.Tactic.Grind.Arith.Cutsat.Nat (946ms)
✔ [7243/7677] Built Lean.Meta.Tactic.Grind.AC.Util (1.6s)
✔ [7245/7677] Built Lean.Meta.Tactic.BVDecide.Reflect.ReifiedBVExpr (506ms)
✔ [7247/7677] Built Lean.Meta.Tactic.Grind.Arith.CommRing.NonCommSemiringM:c.o (1.3s)
✔ [7248/7677] Built Lean.Meta.Tactic.Grind.Arith.Linear.Den:c.o (396ms)
✔ [7249/7677] Built Lean.Meta.Tactic.BVDecide.Normalize.Structures (1.9s)
✔ [7251/7677] Built Lean.Meta.Tactic.Grind.MatchCond (3.7s)
✔ [7253/7677] Built Lean.Meta.Tactic.Grind.Arith.Model:c.o (147ms)
✔ [7254/7677] Built Lean.Meta.Tactic.Grind.Arith.Linear.OfNatModule:c.o (2.6s)
✔ [7255/7677] Built Lean.Meta.Tactic.Grind.Arith.Linear.SearchM:c.o (597ms)
✔ [7256/7677] Built Lean.Meta.Tactic.BVDecide.Normalize.TypeAnalysis:c.o (7.0s)
✔ [7257/7677] Built Lean.Meta.Tactic.Grind.Arith.Cutsat.SearchM:c.o (685ms)
✔ [7258/7677] Built Lean.Meta.Tactic.Grind.Arith.Cutsat.Norm:c.o (498ms)
✔ [7259/7677] Built Lean.Meta.Tactic.Grind.Arith.Cutsat.MBTC:c.o (1.1s)
✔ [7260/7677] Built Lean.Meta.Tactic.Grind.Arith.Linear.Util:c.o (3.6s)
✔ [7261/7677] Built Lean.Meta.Tactic.Grind.EMatch (8.5s)
✔ [7263/7677] Built Lean.Meta.Tactic.Grind.Arith.Propagate (682ms)
✔ [7265/7677] Built Lean.Meta.Tactic.Grind.Arith.Cutsat.Nat:c.o (1.9s)
✔ [7266/7677] Built Lean.Meta.Tactic.Grind.Arith.Cutsat.Inv:c.o (5.4s)
✔ [7267/7677] Built Lean.Meta.Tactic.BVDecide.Reflect.ReifiedBVExpr:c.o (368ms)
✔ [7268/7677] Built Lean.Meta.Tactic.Grind.Arith.CommRing.Proof (5.6s)
✔ [7270/7677] Built Lean.Meta.Tactic.Grind.Arith.CommRing.Reify (2.5s)
✔ [7272/7677] Built Lean.Meta.Tactic.Grind.Arith.Linear.Var (407ms)
✔ [7274/7677] Built Lean.Meta.Tactic.Grind.AC.Util:c.o (2.6s)
✔ [7275/7677] Built Lean.Meta.Tactic.Grind.Order.Assert:c.o (6.8s)
✔ [7276/7677] Built Lean.Meta.Tactic.Grind.Arith.Linear.DenoteExpr (609ms)
✔ [7278/7677] Built Lean.Meta.Tactic.Grind.Arith.Cutsat.Var (1.2s)
✔ [7280/7677] Built Lean.Meta.Tactic.Grind.Arith.Linear.Inv (1.2s)
✔ [7282/7677] Built Lean.Meta.Tactic.Grind.AC.Inv (736ms)
✔ [7284/7677] Built Lean.Meta.Tactic.BVDecide.Normalize.Structures:c.o (4.2s)
✔ [7285/7677] Built Lean.Meta.Tactic.Grind.Arith.Propagate:c.o (1.3s)
✔ [7286/7677] Built Lean.Meta.Tactic.Grind.AC.DenoteExpr (395ms)
✔ [7288/7677] Built Lean.Meta.Tactic.BVDecide.Reflect.ReifiedBVPred (493ms)
✔ [7290/7677] Built Lean.Meta.Tactic.Grind.MatchCond:c.o (4.7s)
✔ [7291/7677] Built Lean.Meta.Tactic.Grind.AC.Proof (2.9s)
✔ [7293/7677] Built Lean.Meta.Tactic.BVDecide.Normalize.Enums (2.3s)
✔ [7295/7677] Built Lean.Meta.Tactic.Grind.Arith.Linear.Var:c.o (565ms)
✔ [7296/7677] Built Lean.Meta.Tactic.Grind.Arith.Linear.DenoteExpr:c.o (1.7s)
✔ [7297/7677] Built Lean.Meta.Tactic.Grind.Arith.Linear.Inv:c.o (3.6s)
✔ [7298/7677] Built Lean.Meta.Tactic.Grind.Arith.Cutsat.Var:c.o (2.6s)
✔ [7299/7677] Built Lean.Meta.Tactic.Grind.AC.DenoteExpr:c.o (278ms)
✔ [7300/7677] Built Lean.Meta.Tactic.BVDecide.Reflect.ReifiedBVPred:c.o (704ms)
✔ [7301/7677] Built Lean.Meta.Tactic.Grind.AC.Inv:c.o (1.8s)
✔ [7302/7677] Built Lean.Meta.Tactic.Grind.Arith.CommRing.Internalize (2.3s)
✔ [7304/7677] Built Lean.Meta.Tactic.Grind.Order.Internalize (2.5s)
✔ [7306/7677] Built Lean.Meta.Tactic.Grind.Arith.CommRing.Reify:c.o (11s)
✔ [7307/7677] Built Lean.Meta.Tactic.Grind.EMatch:c.o (16s)
✔ [7308/7677] Built Lean.Meta.Tactic.Grind.Arith.Linear.Reify (771ms)
✔ [7310/7677] Built Lean.Meta.Tactic.Grind.Arith.CommRing.EqCnstr (8.4s)
✔ [7312/7677] Built Lean.Meta.Tactic.Grind.Arith.CommRing.Proof:c.o (15s)
✔ [7313/7677] Built Lean.Meta.Tactic.Grind.Arith.Cutsat.CommRing (978ms)
✔ [7315/7677] Built Lean.Meta.Tactic.Grind.Arith.Linear.StructId (4.2s)
✔ [7317/7677] Built Lean.Meta.Tactic.Grind.AC.Internalize (639ms)
✔ [7319/7677] Built Lean.Meta.Tactic.Grind.AC.PP (491ms)
✔ [7321/7677] Built Lean.Meta.Tactic.BVDecide.Reflect.ReifiedBVLogical (629ms)
✔ [7323/7677] Built Lean.Meta.Tactic.Grind.Arith.Linear.Proof (4.5s)
✔ [7325/7677] Built Lean.Meta.Tactic.Grind.Arith.CommRing.Internalize:c.o (3.8s)
✔ [7326/7677] Built Lean.Meta.Tactic.Grind.AC.Proof:c.o (9.1s)
✔ [7327/7677] Built Lean.Meta.Tactic.Grind.Arith.Linear.Reify:c.o (1.4s)
✔ [7328/7677] Built Lean.Meta.Tactic.BVDecide.Normalize.Enums:c.o (8.3s)
✔ [7329/7677] Built Lean.Meta.Tactic.Grind.Arith.Cutsat.CommRing:c.o (2.2s)
✔ [7330/7677] Built Lean.Meta.Tactic.Grind.AC.Internalize:c.o (867ms)
✔ [7331/7677] Built Lean.Meta.Tactic.Grind.Order.Internalize:c.o (8.3s)
✔ [7332/7677] Built Lean.Meta.Tactic.Grind.AC.Eq (6.3s)
✔ [7334/7677] Built Lean.Meta.Tactic.Grind.Order (297ms)
✔ [7336/7677] Built Lean.Meta.Tactic.Grind.AC.PP:c.o (1.1s)
✔ [7337/7677] Built Lean.Meta.Tactic.BVDecide.Reflect.ReifiedBVLogical:c.o (988ms)
✔ [7338/7677] Built Lean.Meta.Tactic.Grind.Arith.CommRing.Action (361ms)
✔ [7340/7677] Built Lean.Meta.Tactic.Grind.Arith.Linear.Model (638ms)
✔ [7342/7677] Built Lean.Meta.Tactic.Grind.Arith.Linear.Internalize (736ms)
✔ [7344/7677] Built Lean.Meta.Tactic.Grind.Arith.IsRelevant (290ms)
✔ [7346/7677] Built Lean.Meta.Tactic.BVDecide.Reflect.ReifiedLemmas (597ms)
✔ [7348/7677] Built Lean.Meta.Tactic.Grind.Arith.Linear.StructId:c.o (10s)
✔ [7349/7677] Built Lean.Meta.Tactic.Grind.Order:c.o (195ms)
✔ [7350/7677] Built Lean.Meta.Tactic.Grind.Arith.Linear.IneqCnstr (1.1s)
✔ [7352/7677] Built Lean.Meta.Tactic.Grind.Arith.Cutsat.Proof (7.0s)
✔ [7354/7677] Built Lean.Meta.Tactic.Grind.Arith.CommRing.Action:c.o (95ms)
✔ [7355/7677] Built Lean.Meta.Tactic.Grind.Arith.Linear.Internalize:c.o (799ms)
✔ [7356/7677] Built Lean.Meta.Tactic.Grind.Arith.IsRelevant:c.o (211ms)
✔ [7357/7677] Built Lean.Meta.Tactic.BVDecide.Reflect.ReifiedLemmas:c.o (781ms)
✔ [7358/7677] Built Lean.Meta.Tactic.Grind.AC.Action (268ms)
✔ [7360/7677] Built Lean.Meta.Tactic.Grind.Arith.Linear.Model:c.o (2.2s)
✔ [7361/7677] Built Lean.Meta.Tactic.Grind.Arith.CommRing (461ms)
✔ [7363/7677] Built Lean.Meta.Tactic.Grind.Arith.CommRing.EqCnstr:c.o (17s)
✔ [7364/7677] Built Lean.Meta.Tactic.Grind.Arith.Linear.MBTC (421ms)
✔ [7366/7677] Built Lean.Meta.Tactic.Grind.Arith.Linear.Proof:c.o (12s)
✔ [7367/7677] Built Lean.Meta.Tactic.Grind.Arith.Linear.PP (367ms)
✔ [7369/7677] Built Lean.Meta.Tactic.Grind.Arith.Linear.IneqCnstr:c.o (2.9s)
✔ [7370/7677] Built Lean.Meta.Tactic.Grind.AC.Action:c.o (169ms)
✔ [7371/7677] Built Lean.Meta.Tactic.BVDecide.Reflect.Reify (1.0s)
✔ [7373/7677] Built Lean.Meta.Tactic.Grind.AC.Eq:c.o (13s)
✔ [7374/7677] Built Lean.Meta.Tactic.Grind.Arith.Linear.PropagateEq (3.3s)
✔ [7376/7677] Built Lean.Meta.Tactic.Grind.Arith.CommRing:c.o (319ms)
✔ [7377/7677] Built Lean.Meta.Tactic.Grind.Internalize (4.6s)
✔ [7379/7677] Built Lean.Meta.Tactic.Grind.Arith.Cutsat.DvdCnstr (1.1s)
✔ [7381/7677] Built Lean.Meta.Tactic.Grind.Arith.Linear.PP:c.o (286ms)
✔ [7382/7677] Built Lean.Meta.Tactic.Grind.Arith.Cutsat.LeCnstr (1.4s)
✔ [7384/7677] Built Lean.Meta.Tactic.Grind.Arith.Linear.MBTC:c.o (541ms)
✔ [7385/7677] Built Lean.Meta.Tactic.Grind.AC (318ms)
✔ [7387/7677] Built Lean.Meta.Tactic.Grind.Arith.Linear.Search (3.6s)
✔ [7389/7677] Built Lean.Meta.Tactic.Grind.Arith.Cutsat.DvdCnstr:c.o (2.1s)
✔ [7390/7677] Built Lean.Meta.Tactic.BVDecide.Reflect.Reify:c.o (3.4s)
✔ [7391/7677] Built Lean.Meta.Tactic.Grind.PP (1.3s)
✔ [7393/7677] Built Lean.Meta.Tactic.BVDecide.Reflect.SatAtBVLogical (614ms)
✔ [7395/7677] Built Lean.Meta.Tactic.Grind.AC:c.o (187ms)
✔ [7396/7677] Built Lean.Meta.Tactic.Grind.ForallProp (1.6s)
✔ [7398/7677] Built Lean.Meta.Tactic.Grind.Arith.Linear.PropagateEq:c.o (7.5s)
✔ [7399/7677] Built Lean.Meta.Tactic.Grind.Arith.Cutsat.LeCnstr:c.o (4.6s)
✔ [7400/7677] Built Lean.Meta.Tactic.Grind.Arith.Main (368ms)
✔ [7402/7677] Built Lean.Meta.Tactic.Grind.Arith.Cutsat.Proof:c.o (18s)
✔ [7403/7677] Built Lean.Meta.Tactic.Grind.PP:c.o (2.9s)
✔ [7404/7677] Built Lean.Meta.Tactic.BVDecide.Reflect.SatAtBVLogical:c.o (819ms)
✔ [7405/7677] Built Lean.Meta.Tactic.Grind.Arith.Linear.Action (248ms)
✔ [7407/7677] Built Lean.Meta.Tactic.Grind.Arith.Main:c.o (228ms)
✔ [7408/7677] Built Lean.Meta.Tactic.Grind.Arith.Cutsat.EqCnstr (5.1s)
✔ [7410/7677] Built Lean.Meta.Tactic.BVDecide.Counterexample (1.4s)
✔ [7412/7677] Built Lean.Meta.Tactic.Grind.Internalize:c.o (13s)
✔ [7413/7677] Built Lean.Meta.Tactic.BVDecide.Reflect (390ms)
✔ [7415/7677] Built Lean.Meta.Tactic.Grind.Arith.Linear.Action:c.o (128ms)
✔ [7416/7677] Built Lean.Meta.Tactic.Grind.ForallProp:c.o (3.6s)
✔ [7417/7677] Built Lean.Meta.Tactic.Grind.Core (2.6s)
✔ [7419/7677] Built Lean.Meta.Tactic.BVDecide.Reflect:c.o (89ms)
✔ [7420/7677] Built Lean.Meta.Tactic.Grind.SimpUtil (1.1s)
✔ [7422/7677] Built Lean.Meta.Tactic.Grind.Arith.Linear (479ms)
✔ [7424/7677] Built Lean.Meta.Tactic.Grind.Arith.Linear.Search:c.o (9.8s)
✔ [7425/7677] Built Lean.Meta.Tactic.Grind.Arith.Cutsat.ReorderVars (1.2s)
✔ [7427/7677] Built Lean.Meta.Tactic.BVDecide.Prover.Basic (910ms)
✔ [7429/7677] Built Lean.Meta.Tactic.Grind.Arith.Linear:c.o (192ms)
✔ [7430/7677] Built Lean.Meta.Tactic.Grind.SimpUtil:c.o (1.8s)
✔ [7431/7677] Built Lean.Meta.Tactic.BVDecide.Counterexample:c.o (3.4s)
✔ [7432/7677] Built Lean.Meta.Tactic.Grind.Intro (1.7s)
✔ [7434/7677] Built Lean.Meta.Tactic.BVDecide.Prover.Basic:c.o (1.8s)
✔ [7435/7677] Built Lean.Meta.Tactic.Grind.Arith.Cutsat.ReorderVars:c.o (3.2s)
✔ [7436/7677] Built Lean.Meta.Tactic.BVDecide.Prover.Bitblast (1.6s)
✔ [7438/7677] Built Lean.Meta.Tactic.Grind.Core:c.o (6.9s)
✔ [7439/7677] Built Lean.Meta.Tactic.Grind.EMatchAction (1.3s)
✔ [7441/7677] Built Lean.Meta.Tactic.Grind.Split (2.6s)
✔ [7443/7677] Built Lean.Meta.Tactic.Grind.Arith.Cutsat.Search (5.3s)
✔ [7445/7677] Built Lean.Meta.Tactic.BVDecide.Prover (301ms)
✔ [7447/7677] Built Lean.Meta.Tactic.Grind.Intro:c.o (4.7s)
✔ [7448/7677] Built Lean.Meta.Tactic.BVDecide.Prover.Bitblast:c.o (3.9s)
✔ [7449/7677] Built Lean.Meta.Tactic.BVDecide.Prover:c.o (71ms)
✔ [7450/7677] Built Lean.Meta.Tactic.Grind.Arith.Cutsat.EqCnstr:c.o (13s)
✔ [7451/7677] Built Lean.Meta.Tactic.Grind.Arith.Cutsat.Action (263ms)
✔ [7453/7677] Built Lean.Meta.Tactic.Grind.Finish (236ms)
✔ [7455/7677] Built Lean.Meta.Tactic.Grind.Arith.Cutsat.Action:c.o (111ms)
✔ [7456/7677] Built Lean.Meta.Tactic.Grind.EMatchAction:c.o (4.0s)
✔ [7457/7677] Built Lean.Meta.Tactic.Grind.Finish:c.o (201ms)
✔ [7458/7677] Built Lean.Meta.Tactic.Grind.Lookahead (692ms)
✔ [7460/7677] Built Lean.Meta.Tactic.Grind.Solve (320ms)
✔ [7462/7677] Built Lean.Meta.Tactic.Grind.Arith.Cutsat (468ms)
✔ [7464/7677] Built Lean.Meta.Tactic.Grind.Solve:c.o (157ms)
✔ [7465/7677] Built Lean.Meta.Tactic.Grind.Arith.Cutsat:c.o (240ms)
✔ [7466/7677] Built Lean.Meta.Tactic.Grind.Arith (236ms)
✔ [7468/7677] Built Lean.Meta.Tactic.Grind.Arith:c.o (83ms)
✔ [7469/7677] Built Lean.Meta.Tactic.Grind.Lookahead:c.o (1.3s)
✔ [7470/7677] Built Lean.Meta.Tactic.Grind.Main (2.3s)
✔ [7472/7677] Built Lean.Meta.Sym.Grind (633ms)
✔ [7474/7677] Built Lean.Meta.Tactic.Grind (696ms)
✔ [7476/7677] Built Lean.Meta.Tactic.Grind.Split:c.o (5.8s)
✔ [7477/7677] Built Lean.Meta.Sym.Grind:c.o (871ms)
✔ [7478/7677] Built Lean.Meta.Tactic.LibrarySearch (1.4s)
✔ [7480/7677] Built Lean.Elab.Tactic.Grind.Basic (2.7s)
✔ [7482/7677] Built Lean.Meta.Tactic.Grind:c.o (629ms)
✔ [7483/7677] Built Lean.Meta.Sym (332ms)
✔ [7485/7677] Built Lean.Elab.Tactic.VCGen.Util (1.6s)
✔ [7487/7677] Built Lean.Meta.Tactic.BVDecide.Normalize.CollectHyps (2.1s)
✔ [7489/7677] Built Lean.Meta.Sym:c.o (104ms)
✔ [7490/7677] Built Lean.Meta.Tactic.Try.Collect (987ms)
✔ [7492/7677] Built Lean.Meta.Tactic.Grind.Arith.Cutsat.Search:c.o (12s)
✔ [7493/7677] Built Lean.Meta.Tactic.LibrarySearch:c.o (3.4s)
✔ [7494/7677] Built Lean.Elab.Tactic.Grind.WithGrindTacticM (458ms)
✔ [7496/7677] Built Lean.Elab.Tactic.LibrarySearch (1.1s)
✔ [7498/7677] Built Lean.Elab.Tactic.Grind.LetToHave (420ms)
✔ [7500/7677] Built Lean.Elab.Tactic.Grind.LiftLet (350ms)
✔ [7502/7677] Built Lean.Elab.Tactic.Grind.DSimprocDSL (458ms)
✔ [7504/7677] Built Lean.Elab.Tactic.Grind.Rewrite (803ms)
✔ [7506/7677] Built Lean.Elab.Tactic.VCGen.Util:c.o (2.2s)
✔ [7507/7677] Built Lean.Elab.Tactic.Grind.SimprocDSL (538ms)
✔ [7509/7677] Built Lean.Elab.Tactic.Grind.Filter (616ms)
✔ [7511/7677] Built Lean.Elab.Tactic.Grind.Have (829ms)
✔ [7513/7677] Built Lean.Elab.Tactic.Grind.Param (1.9s)
✔ [7515/7677] Built Lean.Meta.Tactic.Grind.Main:c.o (9.8s)
✔ [7516/7677] Built Lean.Elab.Tactic.Grind.Config (2.4s)
✔ [7518/7677] Built Lean.Elab.Tactic.Grind.Basic:c.o (9.2s)
✔ [7519/7677] Built Lean.Elab.Tactic.VCGen.RuleCache (883ms)
✔ [7521/7677] Built Lean.Elab.Tactic.Grind.WithGrindTacticM:c.o (221ms)
✔ [7522/7677] Built Lean.Meta.Tactic.Cbv.Main (2.6s)
✔ [7524/7677] Built Lean.Elab.Tactic.Grind.LetToHave:c.o (257ms)
✔ [7525/7677] Built Lean.Elab.Tactic.VCGen.BinderName (962ms)
✔ [7527/7677] Built Lean.Meta.Tactic.Try.Collect:c.o (2.9s)
✔ [7528/7677] Built Lean.Meta.Tactic.BVDecide.Normalize.CollectHyps:c.o (4.3s)
✔ [7529/7677] Built Lean.Elab.Tactic.Grind.LiftLet:c.o (279ms)
✔ [7530/7677] Built Lean.Elab.Tactic.Grind.DSimprocDSL:c.o (356ms)
✔ [7531/7677] Built Lean.Elab.Tactic.Grind.SimprocDSL:c.o (569ms)
✔ [7532/7677] Built Lean.Elab.Tactic.Grind.Filter:c.o (560ms)
✔ [7533/7677] Built Lean.Elab.Tactic.Grind.Have:c.o (861ms)
✔ [7534/7677] Built Lean.Meta.Tactic.Try (320ms)
✔ [7536/7677] Built Lean.Elab.Tactic.LibrarySearch:c.o (2.6s)
✔ [7537/7677] Built Lean.Meta.Tactic.BVDecide.Normalize (1.2s)
✔ [7539/7677] Built Lean.Elab.Tactic.Grind.Rewrite:c.o (2.5s)
✔ [7540/7677] Built Lean.Elab.Tactic.VCGen.RuleCache:c.o (1.1s)
✔ [7541/7677] Built Lean.Elab.Tactic.Grind.DSimp (761ms)
✔ [7543/7677] Built Lean.Elab.Tactic.Grind.RegisterSymDSimp (500ms)
✔ [7545/7677] Built Lean.Elab.Tactic.VCGen.BinderName:c.o (2.1s)
✔ [7546/7677] Built Lean.Elab.Tactic.Grind.DSimprocDSLBuiltin (474ms)
✔ [7548/7677] Built Lean.Elab.Tactic.Grind.RegisterSymSimp (545ms)
✔ [7550/7677] Built Lean.Elab.Tactic.Grind.Sym (1.2s)
✔ [7552/7677] Built Lean.Elab.Tactic.Grind.SimprocDSLBuiltin (776ms)
✔ [7554/7677] Built Lean.Meta.Tactic.Try:c.o (107ms)
✔ [7555/7677] Built Lean.Elab.Tactic.Grind.ShowState (1.1s)
✔ [7557/7677] Built Lean.Elab.Tactic.Grind.Trace (747ms)
✔ [7559/7677] Built Lean.Elab.Tactic.Grind.Param:c.o (6.6s)
✔ [7560/7677] Built Lean.Elab.Tactic.Grind.Lint (1.5s)
✔ [7562/7677] Built Lean.Elab.Tactic.VCGen.Entails (1.2s)
✔ [7564/7677] Built Lean.Elab.Tactic.Grind.Cbv (365ms)
✔ [7566/7677] Built Lean.Meta.Tactic.Cbv (305ms)
✔ [7568/7677] Built Lean.Meta.Tactic.Cbv.Main:c.o (7.6s)
✔ [7569/7677] Built Lean.Elab.Tactic.Grind.RegisterSymDSimp:c.o (713ms)
✔ [7570/7677] Built Lean.Meta.Tactic.BVDecide.Normalize:c.o (2.3s)
✔ [7571/7677] Built Lean.Elab.Tactic.Grind.Main (4.0s)
✔ [7573/7677] Built Lean.Elab.Tactic.Grind.DSimprocDSLBuiltin:c.o (642ms)
✔ [7574/7677] Built Lean.Elab.Tactic.Grind.DSimp:c.o (1.8s)
✔ [7575/7677] Built Lean.Elab.Tactic.Grind.RegisterSymSimp:c.o (797ms)
✔ [7576/7677] Built Lean.Elab.Tactic.Grind.Trace:c.o (1.1s)
✔ [7577/7677] Built Lean.Elab.Tactic.Grind.SimprocDSLBuiltin:c.o (1.4s)
✔ [7578/7677] Built Lean.Meta.Tactic.BVDecide.Main (511ms)
✔ [7580/7677] Built Lean.Elab.Tactic.Grind.Config:c.o (12s)
✔ [7581/7677] Built Lean.Elab.Tactic.Grind.Cbv:c.o (191ms)
✔ [7582/7677] Built Lean.Meta.Tactic.Cbv:c.o (113ms)
✔ [7583/7677] Built Lean.Elab.Tactic.Grind.ShowState:c.o (2.6s)
✔ [7584/7677] Built Lean.Elab.Tactic.Grind.Sym:c.o (3.9s)
✔ [7585/7677] Built Lean.Elab.Tactic.VCGen.Entails:c.o (2.1s)
✔ [7586/7677] Built Lean.Elab.Tactic.Grind.LintExceptions (623ms)
✔ [7588/7677] Built Lean.Meta.Tactic.BVDecide.Main:c.o (475ms)
✔ [7589/7677] Built Lean.Elab.Tactic.Conv.Cbv (404ms)
✔ [7591/7677] Built Lean.Elab.Tactic.Grind.Lint:c.o (3.9s)
✔ [7592/7677] Built Lean.Meta.Tactic.BVDecide (369ms)
✔ [7594/7677] Built Lean.Elab.Tactic.BVDecide (1.7s)
✔ [7596/7677] Built Lean.Elab.Tactic.Grind.LintExceptions:c.o (139ms)
✔ [7597/7677] Built Lean.Elab.Tactic.Conv.Cbv:c.o (417ms)
✔ [7598/7677] Built Lean.Elab.Tactic.Grind.BuiltinTactic (4.4s)
✔ [7600/7677] Built Lean.Meta.Tactic.BVDecide:c.o (197ms)
✔ [7601/7677] Built Lean.Elab.Tactic.Conv (505ms)
✔ [7603/7677] Built Lean.Meta.Tactic (567ms)
✔ [7605/7677] Built Lean.Elab.Tactic.BVDecide:c.o (2.6s)
✔ [7606/7677] Built Lean.Elab.Tactic.VCGen.Solve (6.2s)
✔ [7608/7677] Built Lean.Elab.Tactic.Conv:c.o (187ms)
✔ [7609/7677] Built Lean.Meta.Tactic:c.o (193ms)
✔ [7610/7677] Built Lean.Elab.Tactic.Grind.BVDecide (993ms)
✔ [7612/7677] Built Lean.Elab.Tactic.Cbv (677ms)
✔ [7614/7677] Built Lean.Meta (466ms)
✔ [7616/7677] Built Lean.Elab.Tactic.Grind.Main:c.o (9.4s)
✔ [7617/7677] Built Lean.Elab.Tactic.Try (7.0s)
✔ [7619/7677] Built Lean.Elab.Tactic.VCGen.Driver (1.1s)
✔ [7621/7677] Built Lean.Elab.Tactic.Cbv:c.o (782ms)
✔ [7622/7677] Built Lean.Meta:c.o (188ms)
✔ [7623/7677] Built Lean.Elab.Tactic.Grind.BVDecide:c.o (1.5s)
✔ [7624/7677] Built Lean.Elab.Tactic.Grind (326ms)
✔ [7626/7677] Built Lean.Elab.Tactic.AutoTry (1.8s)
✔ [7628/7677] Built Lean.Elab.Tactic.VCGen.Driver:c.o (2.1s)
✔ [7629/7677] Built Lean.Elab.Tactic.Grind:c.o (126ms)
✔ [7630/7677] Built Lean.Elab.Tactic.VCGen.Frontend (3.1s)
✔ [7632/7677] Built Lean.Elab.Tactic.VCGen.Solve:c.o (8.4s)
✔ [7633/7677] Built Lean.Elab.Tactic.VCGen (353ms)
✔ [7635/7677] Built Lean.Elab.Tactic.VCGen:c.o (88ms)
✔ [7636/7677] Built Lean.Elab.Tactic (484ms)
✔ [7638/7677] Built Lean.Elab.Tactic.Grind.BuiltinTactic:c.o (11s)
✔ [7639/7677] Built Lean.Elab.Tactic:c.o (149ms)
✔ [7640/7677] Built Lean.Elab.Tactic.AutoTry:c.o (4.6s)
✔ [7641/7677] Built Lean.Elab (388ms)
✔ [7643/7677] Built Lean.Elab:c.o (148ms)
✔ [7644/7677] Built Lean (432ms)
✔ [7646/7677] Built Lean:c.o (117ms)
✔ [7647/7677] Built LeanExport.Basic (1.6s)
✔ [7649/7677] Built LeanExport (1.2s)
✔ [7651/7677] Built LeanExport:c.o (331ms)
✔ [7652/7677] Built Lean.Elab.Tactic.VCGen.Frontend:c.o (7.3s)
✔ [7653/7677] Built Lean.Elab.Tactic.Try:c.o (14s)
✔ [7654/7677] Built LeanExport.Basic:c.o (6.1s)
✔ [7655/7677] Built LeanExport:static (13ms)
✔ [7656/7677] Built LeanExport:static (35ms)
✔ [7658/7677] Built Lake.CLI.Main (6.7s)
✔ [7660/7677] Built Lake.CLI (310ms)
✔ [7662/7677] Built Lake.CLI:c.o (80ms)
✔ [7663/7677] Built LakeMain (424ms)
✔ [7665/7677] Built LakeMain:c.o (140ms)
✔ [7666/7677] Built LakeMain:static (7ms)
✔ [7668/7677] Built Lake.All (537ms)
✔ [7670/7677] Built Lake.All:c.o (109ms)
✔ [7671/7677] Built Lean:static (2.9s)
✔ [7672/7677] Built Lean:static (3.1s)
✔ [7674/7677] Built Lake.CLI.Main:c.o (19s)
✔ [7675/7677] Built Lake:static (91ms)
✔ [7676/7677] Built Lake:static (88ms)
Build completed successfully (7677 jobs).
[100%] Built target make_stdlib
[    ] Building /workspace/shared/lean4-pr15373-parent/build/release/stage1/lib/lean/libInit_shared.so
[100%] Built target Init_shared
[    ] Building /workspace/shared/lean4-pr15373-parent/build/release/stage1/lib/lean/libleanshared.so
[100%] Built target leanshared
[    ] Building /workspace/shared/lean4-pr15373-parent/build/release/stage1/bin/leanc
[    ] Building /workspace/shared/lean4-pr15373-parent/build/release/stage1/bin/leanir
[    ] Building /workspace/shared/lean4-pr15373-parent/build/release/stage1/lib/lean/libLake_shared.so
[    ] Building /workspace/shared/lean4-pr15373-parent/build/release/stage1/bin/leanexport
[100%] Built target leanexport
[    ] Building /workspace/shared/lean4-pr15373-parent/build/release/stage1/bin/lean
[100%] Built target leanc
[100%] Built target leanir
[100%] Built target lake_shared
[    ] Building /workspace/shared/lean4-pr15373-parent/build/release/stage1/bin/lake
[    ] Building /workspace/shared/lean4-pr15373-parent/build/release/stage1/bin/leanchecker
[100%] Built target lean
[100%] Built target leanchecker
[100%] Built target lake
[ 95%] No install step for 'stage1'
[100%] Completed 'stage1'
[100%] Built target stage1
make: Leaving directory '/workspace/shared/lean4-pr15373-parent/build/release'
