/Users/danphifer/Documents/Codex/2026-09-30/task-4/tree2-computation/Tree2ArrowTowerOfficial.lean:10:15: warning: Variable name `bad` is not explicitly referenced.

Hint: The binding can be removed (if unused) or named `_` (if used implicitly). Alternatively, prefix the name with `_` to silence this warning:
  [apply] _bad

Note: This linter can be disabled with `set_option linter.unusedVariables false`
/Users/danphifer/Documents/Codex/2026-09-30/task-4/tree2-computation/Tree2ArrowTowerOfficial.lean:47:29: warning: Variable name `bad` is not explicitly referenced.

Hint: The binding can be removed (if unused) or named `_` (if used implicitly). Alternatively, prefix the name with `_` to silence this warning:
  [apply] _bad

Note: This linter can be disabled with `set_option linter.unusedVariables false`
/Users/danphifer/Documents/Codex/2026-09-30/task-4/tree2-computation/Tree2ArrowTowerOfficial.lean:69:26: warning: Variable name `bad` is not explicitly referenced.

Hint: The binding can be removed (if unused) or named `_` (if used implicitly). Alternatively, prefix the name with `_` to silence this warning:
  [apply] _bad

Note: This linter can be disabled with `set_option linter.unusedVariables false`
/Users/danphifer/Documents/Codex/2026-09-30/task-4/tree2-computation/Tree2ArrowTowerOfficial.lean:75:24: warning: Variable name `bad` is not explicitly referenced.

Hint: The binding can be removed (if unused) or named `_` (if used implicitly). Alternatively, prefix the name with `_` to silence this warning:
  [apply] _bad

Note: This linter can be disabled with `set_option linter.unusedVariables false`
/Users/danphifer/Documents/Codex/2026-09-30/task-4/tree2-computation/Tree2ArrowTowerOfficial.lean:82:21: warning: Variable name `bad` is not explicitly referenced.

Hint: The binding can be removed (if unused) or named `_` (if used implicitly). Alternatively, prefix the name with `_` to silence this warning:
  [apply] _bad

Note: This linter can be disabled with `set_option linter.unusedVariables false`
/Users/danphifer/Documents/Codex/2026-09-30/task-4/tree2-computation/Tree2ArrowTowerOfficial.lean:333:29: warning: Variable name `bad` is not explicitly referenced.

Hint: The binding can be removed (if unused) or named `_` (if used implicitly). Alternatively, prefix the name with `_` to silence this warning:
  [apply] _bad

Note: This linter can be disabled with `set_option linter.unusedVariables false`
/Users/danphifer/Documents/Codex/2026-09-30/task-4/tree2-computation/Tree2ArrowTowerOfficial.lean:673:1: error: Tactic `rfl` failed: The left-hand side
  match
    reduceNat
      {
        whnfCore := fun d e =>
          match e with
          | ⋯ => Except.ok (Expr.sort u)
          | ⋯ => Except.ok (Expr.fvar idx ty)
          | ⋯ => Except.ok (ty.forallE body bi)
          | ⋯ => Except.ok (ty.lam body mb)
          | ⋯ => Except.ok (Expr.const n us)
          | ⋯ => Except.ok (Expr.lit l)
          | ⋯ =>
            match
              match f with
              | Expr.sort u => Except.ok (Expr.sort u)
              | Expr.fvar idx ty => Except.ok (Expr.fvar idx ty)
              | ty.forallE body bi => Except.ok (ty.forallE body bi)
              | ty.lam body mb => Except.ok (ty.lam body mb)
              | Expr.const n us => Except.ok (Expr.const n us)
              | Expr.lit l => Except.ok (Expr.lit l)
              | f.app a =>
                match throw (CheckError.internal "fuel exhausted: whnfCore") with
                | Except.error err => Except.error err
                | Except.ok v =>
                  match v with
                  | ty.lam body mb =>
                    if betaGateFires CheckMode.verified mb.pw = true then
                      throw (CheckError.internal "fuel exhausted: whnfCore")
                    else
                      match throw (CheckError.internal "fuel exhausted: infer") with
                      | Except.error err => Except.error err
                      | Except.ok v =>
                        match throw (CheckError.internal "fuel exhausted: defeq") with
                        | Except.error err => Except.error err
                        | Except.ok v =>
                          if v = true then throw (CheckError.internal "fuel exhausted: whnfCore")
                          else Except.ok ((ty.lam body mb).app a)
                  | f' =>
                    match
                      match f'.getAppFn with
                      | Expr.const c us =>
                        match (officialEnv N).find? c with
                        | some (ConstantInfo.recInfo cv mI rP rules) =>
                          if (f'.app a).getAppArgs.length = mI + 1 ∧ us.length = cv.levelParams.length then
                            match
                              prepareMajor CheckMode.verified
                                { whnfCore := fun x x_1 => throw (CheckError.internal "fuel exhausted: whnfCore"),
                                  whnf := fun x x_1 => throw (CheckError.internal "fuel exhausted: whnf"),
                                  infer := fun x x_1 => throw (CheckError.internal "fuel exhausted: infer"),
                                  defeq := fun x x_1 x_2 => throw (CheckError.internal "fuel exhausted: defeq"),
                                  annotate := fun x x_1 => throw (CheckError.internal "fuel exhausted: annotate"),
                                  inferIO := fun x x_1 => throw (CheckError.internal "fuel exhausted: infer") }
                                (officialEnv N) d c rules ((f'.app a).getAppArgs.getD mI (Expr.bvar 0)) with
                            | Except.error err => Except.error err
                            | Except.ok v =>
                              match v.getAppFn with
                              | Expr.const cj usj =>
                                match (officialEnv N).find? cj with
                                | some (ConstantInfo.ctorInfo cvj numParams numFields) =>
                                  match List.find? (fun r' => r'.ctor == cj) rules with
                                  | some rl =>
                                    if v.getAppArgs.length = rl.ctorParams + rl.nfields then
                                      if rl.fire = RecRuleFire.inert then
                                        throw
                                          (CheckError.notImplemented
                                            "iota reduction over a nested auxiliary recursor rule")
                                      else
                                        match
                                          liftFueled "level comparison"
                                            (Level.isEquivList usj
                                              (recFireComparands rl cv.levelParams us cvj.levelParams
                                                  (f'.app a).getAppArgs rP).fst) with
                                        | Except.error err => Except.error err
                                        | Except.ok v_1 =>
                                          if v_1 = true then
                                            match
                                              if rl.compareParams = true then
                                                defEqList
                                                  {
                                                    whnfCore := fun x x_1 =>
                                                      throw (CheckError.internal "fuel exhausted: whnfCore"),
                                                    whnf := fun x x_1 =>
                                                      throw (CheckError.internal "fuel exhausted: whnf"),
                                                    infer := fun x x_1 =>
                                                      throw (CheckError.internal "fuel exhausted: infer"),
                                                    defeq := fun x x_1 x_2 =>
                                                      throw (CheckError.internal "fuel exhausted: defeq"),
                                                    annotate := fun x x_1 =>
                                                      throw (CheckError.internal "fuel exhausted: annotate"),
                                                    inferIO := fun x x_1 =>
                                                      throw (CheckError.internal "fuel exhausted: infer") }
                                                  (officialEnv N) d (List.take rl.ctorParams v.getAppArgs)
                                                  (recFireComparands rl cv.levelParams us cvj.levelParams
                                                      (f'.app a).getAppArgs rP).snd
                                              else Except.ok true with
                                            | Except.error err => Except.error err
                                            | Except.ok v_2 =>
                                              if v_2 = true then
                                                match
                                                  iotaCerts
                                                    {
                                                      whnfCore := fun x x_1 =>
                                                        throw (CheckError.internal "fuel exhausted: whnfCore"),
                                                      whnf := fun x x_1 =>
                                                        throw (CheckError.internal "fuel exhausted: whnf"),
                                                      infer := fun x x_1 =>
                                                        throw (CheckError.internal "fuel exhausted: infer"),
                                                      defeq := fun x x_1 x_2 =>
                                                        throw (CheckError.internal "fuel exhausted: defeq"),
                                                      annotate := fun x x_1 =>
                                                        throw (CheckError.internal "fuel exhausted: annotate"),
                                                      inferIO := fun x x_1 =>
                                                        throw (CheckError.internal "fuel exhausted: infer") }
                                                    (officialEnv N) d CheckMode.verified.betaGate
                                                    (Expr.instantiateLevelParams cv.levelParams us cv.type)
                                                    (List.take mI (f'.app a).getAppArgs ++ [v]) with
                                                | Except.error err => Except.error err
                                                | Except.ok v_3 =>
                                                  if v_3 = true then
                                                    match
                                                      iotaCerts
                                                        {
                                                          whnfCore := fun x x_1 =>
                                                            throw (CheckError.internal "fuel exhausted: whnfCore"),
                                                          whnf := fun x x_1 =>
                                                            throw (CheckError.internal "fuel exhausted: whnf"),
                                                          infer := fun x x_1 =>
                                                            throw (CheckError.internal "fuel exhausted: infer"),
                                                          defeq := fun x x_1 x_2 =>
                                                            throw (CheckError.internal "fuel exhausted: defeq"),
                                                          annotate := fun x x_1 =>
                                                            throw (CheckError.internal "fuel exhausted: annotate"),
                                                          inferIO := fun x x_1 =>
                                                            throw (CheckError.internal "fuel exhausted: infer") }
                                                        (officialEnv N) d CheckMode.verified.betaGate
                                                        (Expr.instantiateLevelParams cvj.levelParams usj cvj.type)
                                                        v.getAppArgs with
                                                    | Except.error err => Except.error err
                                                    | Except.ok v_4 =>
                                                      if v_4 = true then
                                                        match
                                                          iotaIndexOk
                                                            {
                                                              whnfCore := fun x x_1 =>
                                                                throw (CheckError.internal "fuel exhausted: whnfCore"),
                                                              whnf := fun x x_1 =>
                                                                throw (CheckError.internal "fuel exhausted: whnf"),
                                                              infer := fun x x_1 =>
                                                                throw (CheckError.internal "fuel exhausted: infer"),
                                                              defeq := fun x x_1 x_2 =>
                                                                throw (CheckError.internal "fuel exhausted: defeq"),
                                                              annotate := fun x x_1 =>
                                                                throw (CheckError.internal "fuel exhausted: annotate"),
                                                              inferIO := fun x x_1 =>
                                                                throw (CheckError.internal "fuel exhausted: infer") }
                                                            (officialEnv N) d mI rP rl.ctorParams
                                                            (Expr.instantiateLevelParams cvj.levelParams usj cvj.type)
                                                            v.getAppArgs
                                                            (List.drop rP (List.take mI (f'.app a).getAppArgs)) with
                                                        | Except.error err => Except.error err
                                                        | Except.ok v_5 =>
                                                          if v_5 = true then
                                                            Except.ok
                                                              (some
                                                                ((Expr.instantiateLevelParams cv.levelParams us
                                                                      rl.rhs).mkAppN
                                                                  (List.take rP (f'.app a).getAppArgs ++
                                                                    List.drop rl.ctorParams v.getAppArgs)))
                                                          else Except.ok none
                                                      else Except.ok none
                                                  else Except.ok none
                                              else Except.ok none
                                          else Except.ok none
                                    else Except.ok none
                                  | none => Except.ok none
                                | x => Except.ok none
                              | x => Except.ok none
                          else Except.ok none
                        | x => Except.ok none
                      | x => Except.ok none with
                    | Except.error err => Except.error err
                    | Except.ok v =>
                      match v with
                      | some e'' => throw (CheckError.internal "fuel exhausted: whnfCore")
                      | none => Except.ok (f'.app a)
              | Expr.proj sn i pe =>
                match throw (CheckError.internal "fuel exhausted: whnf") with
                | Except.error err => Except.error err
                | Except.ok v =>
                  match
                    projLitToCtor
                      { whnfCore := fun x x_1 => throw (CheckError.internal "fuel exhausted: whnfCore"),
                        whnf := fun x x_1 => throw (CheckError.internal "fuel exhausted: whnf"),
                        infer := fun x x_1 => throw (CheckError.internal "fuel exhausted: infer"),
                        defeq := fun x x_1 x_2 => throw (CheckError.internal "fuel exhausted: defeq"),
                        annotate := fun x x_1 => throw (CheckError.internal "fuel exhausted: annotate"),
                        inferIO := fun x x_1 => throw (CheckError.internal "fuel exhausted: infer") }
                      (officialEnv N) d v with
                  | Except.error err => Except.error err
                  | Except.ok v =>
                    match (officialEnv N).findProj? sn i with
                    | some entry =>
                      match v.getAppFn with
                      | Expr.const c us =>
                        if
                            c = entry.ctor ∧
                              i < entry.numFields ∧
                                v.getAppArgs.length = entry.numParams + entry.numFields ∧
                                  us.length = entry.levelParams.length ∧ entry.fireOk us = true then
                          match
                            projCertAt
                              { whnfCore := fun x x_1 => throw (CheckError.internal "fuel exhausted: whnfCore"),
                                whnf := fun x x_1 => throw (CheckError.internal "fuel exhausted: whnf"),
                                infer := fun x x_1 => throw (CheckError.internal "fuel exhausted: infer"),
                                defeq := fun x x_1 x_2 => throw (CheckError.internal "fuel exhausted: defeq"),
                                annotate := fun x x_1 => throw (CheckError.internal "fuel exhausted: annotate"),
                                inferIO := fun x x_1 => throw (CheckError.internal "fuel exhausted: infer") }
                              (officialEnv N) d CheckMode.verified.verifiedChecks CheckMode.verified.betaGate c us
                              v.getAppArgs with
                          | Except.error err => Except.error err
                          | Except.ok v =>
                            if v = true then throw (CheckError.internal "fuel exhausted: whnfCore")
                            else Except.ok (Expr.proj sn i pe)
                        else Except.ok (Expr.proj sn i pe)
                      | x => Except.ok (Expr.proj sn i pe)
                    | none => Except.ok (Expr.proj sn i pe)
              | type.letE value body => throw (CheckError.internal "whnfCore: `let` in an annotated expression")
              | Expr.bvar i => throw (CheckError.notImplemented "whnf beyond the supported fragment") with
            | ⋯ => Except.error err
            | ⋯ =>
              match v with
              | ⋯ =>
                if betaGateFires CheckMode.verified mb.pw = true then
                  match body.instantiate1 a with
                  | Expr.sort u => Except.ok (Expr.sort u)
                  | Expr.fvar idx ty => Except.ok (Expr.fvar idx ty)
                  | ty.forallE body bi => Except.ok (ty.forallE body bi)
                  | ty.lam body mb => Except.ok (ty.lam body mb)
                  | Expr.const n us => Except.ok (Expr.const n us)
                  | Expr.lit l => Except.ok (Expr.lit l)
                  | f.app a =>
                    match throw (CheckError.internal "fuel exhausted: whnfCore") with
                    | Except.error err => Except.error err
                    | Except.ok v =>
                      match v with
                      | ty.lam body mb =>
                        if betaGateFires CheckMode.verified mb.pw = true then
                          throw (CheckError.internal "fuel exhausted: whnfCore")
                        else
                          match throw (CheckError.internal "fuel exhausted: infer") with
                          | Except.error err => Except.error err
                          | Except.ok v =>
                            match throw (CheckError.internal "fuel exhausted: defeq") with
                            | Except.error err => Except.error err
                            | Except.ok v =>
                              if v = true then throw (CheckError.internal "fuel exhausted: whnfCore")
                              else Except.ok ((ty.lam body mb).app a)
                      | f' =>
                        match
                          match f'.getAppFn with
                          | Expr.const c us =>
                            match (officialEnv N).find? c with
                            | some (ConstantInfo.recInfo cv mI rP rules) =>
                              if (f'.app a).getAppArgs.length = mI + 1 ∧ us.length = cv.levelParams.length then
                                match
                                  prepareMajor CheckMode.verified
                                    { whnfCore := fun x x_1 => throw (CheckError.internal "fuel exhausted: whnfCore"),
                                      whnf := fun x x_1 => throw (CheckError.internal "fuel exhausted: whnf"),
                                      infer := fun x x_1 => throw (CheckError.internal "fuel exhausted: infer"),
                                      defeq := fun x x_1 x_2 => throw (CheckError.internal "fuel exhausted: defeq"),
                                      annotate := fun x x_1 => throw (CheckError.internal "fuel exhausted: annotate"),
                                      inferIO := fun x x_1 => throw (CheckError.internal "fuel exhausted: infer") }
                                    (officialEnv N) d c rules ((f'.app a).getAppArgs.getD mI (Expr.bvar 0)) with
                                | Except.error err => Except.error err
                                | Except.ok v =>
                                  match v.getAppFn with
                                  | Expr.const cj usj =>
                                    match (officialEnv N).find? cj with
                                    | some (ConstantInfo.ctorInfo cvj numParams numFields) =>
                                      match List.find? (fun r' => r'.ctor == cj) rules with
                                      | some rl =>
                                        if v.getAppArgs.length = rl.ctorParams + rl.nfields then
                                          if rl.fire = RecRuleFire.inert then
                                            throw
                                              (CheckError.notImplemented
                                                "iota reduction over a nested auxiliary recursor rule")
                                          else
                                            match
                                              liftFueled "level comparison"
                                                (Level.isEquivList usj
                                                  (recFireComparands rl cv.levelParams us cvj.levelParams
                                                      (f'.app a).getAppArgs rP).fst) with
                                            | Except.error err => Except.error err
                                            | Except.ok v_1 =>
                                              if v_1 = true then
                                                match
                                                  if rl.compareParams = true then
                                                    defEqList
                                                      {
                                                        whnfCore := fun x x_1 =>
                                                          throw (CheckError.internal "fuel exhausted: whnfCore"),
                                                        whnf := fun x x_1 =>
                                                          throw (CheckError.internal "fuel exhausted: whnf"),
                                                        infer := fun x x_1 =>
                                                          throw (CheckError.internal "fuel exhausted: infer"),
                                                        defeq := fun x x_1 x_2 =>
                                                          throw (CheckError.internal "fuel exhausted: defeq"),
                                                        annotate := fun x x_1 =>
                                                          throw (CheckError.internal "fuel exhausted: annotate"),
                                                        inferIO := fun x x_1 =>
                                                          throw (CheckError.internal "fuel exhausted: infer") }
                                                      (officialEnv N) d (List.take rl.ctorParams v.getAppArgs)
                                                      (recFireComparands rl cv.levelParams us cvj.levelParams
                                                          (f'.app a).getAppArgs rP).snd
                                                  else Except.ok true with
                                                | Except.error err => Except.error err
                                                | Except.ok v_2 =>
                                                  if v_2 = true then
                                                    match
                                                      iotaCerts
                                                        {
                                                          whnfCore := fun x x_1 =>
                                                            throw (CheckError.internal "fuel exhausted: whnfCore"),
                                                          whnf := fun x x_1 =>
                                                            throw (CheckError.internal "fuel exhausted: whnf"),
                                                          infer := fun x x_1 =>
                                                            throw (CheckError.internal "fuel exhausted: infer"),
                                                          defeq := fun x x_1 x_2 =>
                                                            throw (CheckError.internal "fuel exhausted: defeq"),
                                                          annotate := fun x x_1 =>
                                                            throw (CheckError.internal "fuel exhausted: annotate"),
                                                          inferIO := fun x x_1 =>
                                                            throw (CheckError.internal "fuel exhausted: infer") }
                                                        (officialEnv N) d CheckMode.verified.betaGate
                                                        (Expr.instantiateLevelParams cv.levelParams us cv.type)
                                                        (List.take mI (f'.app a).getAppArgs ++ [v]) with
                                                    | Except.error err => Except.error err
                                                    | Except.ok v_3 =>
                                                      if v_3 = true then
                                                        match
                                                          iotaCerts
                                                            {
                                                              whnfCore := fun x x_1 =>
                                                                throw (CheckError.internal "fuel exhausted: whnfCore"),
                                                              whnf := fun x x_1 =>
                                                                throw (CheckError.internal "fuel exhausted: whnf"),
                                                              infer := fun x x_1 =>
                                                                throw (CheckError.internal "fuel exhausted: infer"),
                                                              defeq := fun x x_1 x_2 =>
                                                                throw (CheckError.internal "fuel exhausted: defeq"),
                                                              annotate := fun x x_1 =>
                                                                throw (CheckError.internal "fuel exhausted: annotate"),
                                                              inferIO := fun x x_1 =>
                                                                throw (CheckError.internal "fuel exhausted: infer") }
                                                            (officialEnv N) d CheckMode.verified.betaGate
                                                            (Expr.instantiateLevelParams cvj.levelParams usj cvj.type)
                                                            v.getAppArgs with
                                                        | Except.error err => Except.error err
                                                        | Except.ok v_4 =>
                                                          if v_4 = true then
                                                            match
                                                              iotaIndexOk
                                                                {
                                                                  whnfCore := fun x x_1 =>
                                                                    throw
                                                                      (CheckError.internal "fuel exhausted: whnfCore"),
                                                                  whnf := fun x x_1 =>
                                                                    throw (CheckError.internal "fuel exhausted: whnf"),
                                                                  infer := fun x x_1 =>
                                                                    throw (CheckError.internal "fuel exhausted: infer"),
                                                                  defeq := fun x x_1 x_2 =>
                                                                    throw (CheckError.internal "fuel exhausted: defeq"),
                                                                  annotate := fun x x_1 =>
                                                                    throw
                                                                      (CheckError.internal "fuel exhausted: annotate"),
                                                                  inferIO := fun x x_1 =>
                                                                    throw
                                                                      (CheckError.internal "fuel exhausted: infer") }
                                                                (officialEnv N) d mI rP rl.ctorParams
                                                                (Expr.instantiateLevelParams cvj.levelParams usj
                                                                  cvj.type)
                                                                v.getAppArgs
                                                                (List.drop rP (List.take mI (f'.app a).getAppArgs)) with
                                                            | Except.error err => Except.error err
                                                            | Except.ok v_5 =>
                                                              if v_5 = true then
                                                                Except.ok
                                                                  (some
                                                                    ((Expr.instantiateLevelParams cv.levelParams us
                                                                          rl.rhs).mkAppN
                                                                      (List.take rP (f'.app a).getAppArgs ++
                                                                        List.drop rl.ctorParams v.getAppArgs)))
                                                              else Except.ok none
                                                          else Except.ok none
                                                      else Except.ok none
                                                  else Except.ok none
                                              else Except.ok none
                                        else Except.ok none
                                      | none => Except.ok none
                                    | x => Except.ok none
                                  | x => Except.ok none
                              else Except.ok none
                            | x => Except.ok none
                          | x => Except.ok none with
                        | Except.error err => Except.error err
                        | Except.ok v =>
                          match v with
                          | some e'' => throw (CheckError.internal "fuel exhausted: whnfCore")
                          | none => Except.ok (f'.app a)
                  | Expr.proj sn i pe =>
                    match throw (CheckError.internal "fuel exhausted: whnf") with
                    | Except.error err => Except.error err
                    | Except.ok v =>
                      match
                        projLitToCtor
                          { whnfCore := fun x x_1 => throw (CheckError.internal "fuel exhausted: whnfCore"),
                            whnf := fun x x_1 => throw (CheckError.internal "fuel exhausted: whnf"),
                            infer := fun x x_1 => throw (CheckError.internal "fuel exhausted: infer"),
                            defeq := fun x x_1 x_2 => throw (CheckError.internal "fuel exhausted: defeq"),
                            annotate := fun x x_1 => throw (CheckError.internal "fuel exhausted: annotate"),
                            inferIO := fun x x_1 => throw (CheckError.internal "fuel exhausted: infer") }
                          (officialEnv N) d v with
                      | Except.error err => Except.error err
                      | Except.ok v =>
                        match (officialEnv N).findProj? sn i with
                        | some entry =>
                          match v.getAppFn with
                          | Expr.const c us =>
                            if
                                c = entry.ctor ∧
                                  i < entry.numFields ∧
                                    v.getAppArgs.length = entry.numParams + entry.numFields ∧
                                      us.length = entry.levelParams.length ∧ entry.fireOk us = true then
                              match
                                projCertAt
                                  { whnfCore := fun x x_1 => throw (CheckError.internal "fuel exhausted: whnfCore"),
                                    whnf := fun x x_1 => throw (CheckError.internal "fuel exhausted: whnf"),
                                    infer := fun x x_1 => throw (CheckError.internal "fuel exhausted: infer"),
                                    defeq := fun x x_1 x_2 => throw (CheckError.internal "fuel exhausted: defeq"),
                                    annotate := fun x x_1 => throw (CheckError.internal "fuel exhausted: annotate"),
                                    inferIO := fun x x_1 => throw (CheckError.internal "fuel exhausted: infer") }
                                  (officialEnv N) d CheckMode.verified.verifiedChecks CheckMode.verified.betaGate c us
                                  v.getAppArgs with
                              | Except.error err => Except.error err
                              | Except.ok v =>
                                if v = true then throw (CheckError.internal "fuel exhausted: whnfCore")
                                else Except.ok (Expr.proj sn i pe)
                            else Except.ok (Expr.proj sn i pe)
                          | x => Except.ok (Expr.proj sn i pe)
                        | none => Except.ok (Expr.proj sn i pe)
                  | type.letE value body => throw (CheckError.internal "whnfCore: `let` in an annotated expression")
                  | Expr.bvar i => throw (CheckError.notImplemented "whnf beyond the supported fragment")
                else
                  match
                    if CheckMode.verified.betaGate = true then
                      inferBodyIO CheckMode.verified
                        { whnfCore := fun x x_1 => throw (CheckError.internal "fuel exhausted: whnfCore"),
                            whnf := fun x x_1 => throw (CheckError.internal "fuel exhausted: whnf"),
                            infer := fun x x_1 => throw (CheckError.internal "fuel exhausted: infer"),
                            defeq := fun x x_1 x_2 => throw (CheckError.internal "fuel exhausted: defeq"),
                            annotate := fun x x_1 => throw (CheckError.internal "fuel exhausted: annotate"),
                            inferIO := fun x x_1 => throw (CheckError.internal "fuel exhausted: infer") }.ioView
                        (officialEnv N) d a
                    else
                      inferBody CheckMode.verified
                        { whnfCore := fun x x_1 => throw (CheckError.internal "fuel exhausted: whnfCore"),
                          whnf := fun x x_1 => throw (CheckError.internal "fuel exhausted: whnf"),
                          infer := fun x x_1 => throw (CheckError.internal "fuel exhausted: infer"),
                          defeq := fun x x_1 x_2 => throw (CheckError.internal "fuel exhausted: defeq"),
                          annotate := fun x x_1 => throw (CheckError.internal "fuel exhausted: annotate"),
                          inferIO := fun x x_1 => throw (CheckError.internal "fuel exhausted: infer") }
                        (officialEnv N) d a with
                  | Except.error err => Except.error err
                  | Except.ok v =>
                    match
                      defeqBody CheckMode.verified
                        { whnfCore := fun x x_1 => throw (CheckError.internal "fuel exhausted: whnfCore"),
                          whnf := fun x x_1 => throw (CheckError.internal "fuel exhausted: whnf"),
                          infer := fun x x_1 => throw (CheckError.internal "fuel exhausted: infer"),
                          defeq := fun x x_1 x_2 => throw (CheckError.internal "fuel exhausted: defeq"),
                          annotate := fun x x_1 => throw (CheckError.internal "fuel exhausted: annotate"),
                          inferIO := fun x x_1 => throw (CheckError.internal "fuel exhausted: infer") }
                        (officialEnv N) d v ty with
                    | Except.error err => Except.error err
                    | Except.ok v =>
                      if v = true then
                        match body.instantiate1 a with
                        | Expr.sort u => Except.ok (Expr.sort u)
                        | Expr.fvar idx ty => Except.ok (Expr.fvar idx ty)
                        | ty.forallE body bi => Except.ok (ty.forallE body bi)
                        | ty.lam body mb => Except.ok (ty.lam body mb)
                        | Expr.const n us => Except.ok (Expr.const n us)
                        | Expr.lit l => Except.ok (Expr.lit l)
                        | f.app a =>
                          match throw (CheckError.internal "fuel exhausted: whnfCore") with
                          | Except.error err => Except.error err
                          | Except.ok v =>
                            match v with
                            | ty.lam body mb =>
                              if betaGateFires CheckMode.verified mb.pw = true then
                                throw (CheckError.internal "fuel exhausted: whnfCore")
                              else
                                match throw (CheckError.internal "fuel exhausted: infer") with
                                | Except.error err => Except.error err
                                | Except.ok v =>
                                  match throw (CheckError.internal "fuel exhausted: defeq") with
                                  | Except.error err => Except.error err
                                  | Except.ok v =>
                                    if v = true then throw (CheckError.internal "fuel exhausted: whnfCore")
                                    else Except.ok ((ty.lam body mb).app a)
                            | f' =>
                              match
                                match f'.getAppFn with
                                | Expr.const c us =>
                                  match (officialEnv N).find? c with
                                  | some (ConstantInfo.recInfo cv mI rP rules) =>
                                    if (f'.app a).getAppArgs.length = mI + 1 ∧ us.length = cv.levelParams.length then
                                      match
                                        prepareMajor CheckMode.verified
                                          {
                                            whnfCore := fun x x_1 =>
                                              throw (CheckError.internal "fuel exhausted: whnfCore"),
                                            whnf := fun x x_1 => throw (CheckError.internal "fuel exhausted: whnf"),
                                            infer := fun x x_1 => throw (CheckError.internal "fuel exhausted: infer"),
                                            defeq := fun x x_1 x_2 =>
                                              throw (CheckError.internal "fuel exhausted: defeq"),
                                            annotate := fun x x_1 =>
                                              throw (CheckError.internal "fuel exhausted: annotate"),
                                            inferIO := fun x x_1 =>
                                              throw (CheckError.internal "fuel exhausted: infer") }
                                          (officialEnv N) d c rules ((f'.app a).getAppArgs.getD mI (Expr.bvar 0)) with
                                      | Except.error err => Except.error err
                                      | Except.ok v =>
                                        match v.getAppFn with
                                        | Expr.const cj usj =>
                                          match (officialEnv N).find? cj with
                                          | some (ConstantInfo.ctorInfo cvj numParams numFields) =>
                                            match List.find? (fun r' => r'.ctor == cj) rules with
                                            | some rl =>
                                              if v.getAppArgs.length = rl.ctorParams + rl.nfields then
                                                if rl.fire = RecRuleFire.inert then
                                                  throw
                                                    (CheckError.notImplemented
                                                      "iota reduction over a nested auxiliary recursor rule")
                                                else
                                                  match
                                                    liftFueled "level comparison"
                                                      (Level.isEquivList usj
                                                        (recFireComparands rl cv.levelParams us cvj.levelParams
                                                            (f'.app a).getAppArgs rP).fst) with
                                                  | Except.error err => Except.error err
                                                  | Except.ok v_1 =>
                                                    if v_1 = true then
                                                      match
                                                        if rl.compareParams = true then
                                                          defEqList
                                                            {
                                                              whnfCore := fun x x_1 =>
                                                                throw (CheckError.internal "fuel exhausted: whnfCore"),
                                                              whnf := fun x x_1 =>
                                                                throw (CheckError.internal "fuel exhausted: whnf"),
                                                              infer := fun x x_1 =>
                                                                throw (CheckError.internal "fuel exhausted: infer"),
                                                              defeq := fun x x_1 x_2 =>
                                                                throw (CheckError.internal "fuel exhausted: defeq"),
                                                              annotate := fun x x_1 =>
                                                                throw (CheckError.internal "fuel exhausted: annotate"),
                                                              inferIO := fun x x_1 =>
                                                                throw (CheckError.internal "fuel exhausted: infer") }
                                                            (officialEnv N) d (List.take rl.ctorParams v.getAppArgs)
                                                            (recFireComparands rl cv.levelParams us cvj.levelParams
                                                                (f'.app a).getAppArgs rP).snd
                                                        else Except.ok true with
                                                      | Except.error err => Except.error err
                                                      | Except.ok v_2 =>
                                                        if v_2 = true then
                                                          match
                                                            iotaCerts
                                                              {
                                                                whnfCore := fun x x_1 =>
                                                                  throw
                                                                    (CheckError.internal "fuel exhausted: whnfCore"),
                                                                whnf := fun x x_1 =>
                                                                  throw (CheckError.internal "fuel exhausted: whnf"),
                                                                infer := fun x x_1 =>
                                                                  throw (CheckError.internal "fuel exhausted: infer"),
                                                                defeq := fun x x_1 x_2 =>
                                                                  throw (CheckError.internal "fuel exhausted: defeq"),
                                                                annotate := fun x x_1 =>
                                                                  throw
                                                                    (CheckError.internal "fuel exhausted: annotate"),
                                                                inferIO := fun x x_1 =>
                                                                  throw (CheckError.internal "fuel exhausted: infer") }
                                                              (officialEnv N) d CheckMode.verified.betaGate
                                                              (Expr.instantiateLevelParams cv.levelParams us cv.type)
                                                              (List.take mI (f'.app a).getAppArgs ++ [v]) with
                                                          | Except.error err => Except.error err
                                                          | Except.ok v_3 =>
                                                            if v_3 = true then
                                                              match
                                                                iotaCerts
                                                                  {
                                                                    whnfCore := fun x x_1 =>
                                                                      throw
                                                                        (CheckError.internal
                                                                          "fuel exhausted: whnfCore"),
                                                                    whnf := fun x x_1 =>
                                                                      throw
                                                                        (CheckError.internal "fuel exhausted: whnf"),
                                                                    infer := fun x x_1 =>
                                                                      throw
                                                                        (CheckError.internal "fuel exhausted: infer"),
                                                                    defeq := fun x x_1 x_2 =>
                                                                      throw
                                                                        (CheckError.internal "fuel exhausted: defeq"),
                                                                    annotate := fun x x_1 =>
                                                                      throw
                                                                        (CheckError.internal
                                                                          "fuel exhausted: annotate"),
                                                                    inferIO := fun x x_1 =>
                                                                      throw
                                                                        (CheckError.internal "fuel exhausted: infer") }
                                                                  (officialEnv N) d CheckMode.verified.betaGate
                                                                  (Expr.instantiateLevelParams cvj.levelParams usj
                                                                    cvj.type)
                                                                  v.getAppArgs with
                                                              | Except.error err => Except.error err
                                                              | Except.ok v_4 =>
                                                                if v_4 = true then
                                                                  match
                                                                    iotaIndexOk
                                                                      {
                                                                        whnfCore := fun x x_1 =>
                                                                          throw
                                                                            (CheckError.internal
                                                                              "fuel exhausted: whnfCore"),
                                                                        whnf := fun x x_1 =>
                                                                          throw
                                                                            (CheckError.internal
                                                                              "fuel exhausted: whnf"),
                                                                        infer := fun x x_1 =>
                                                                          throw
                                                                            (CheckError.internal
                                                                              "fuel exhausted: infer"),
                                                                        defeq := fun x x_1 x_2 =>
                                                                          throw
                                                                            (CheckError.internal
                                                                              "fuel exhausted: defeq"),
                                                                        annotate := fun x x_1 =>
                                                                          throw
                                                                            (CheckError.internal
                                                                              "fuel exhausted: annotate"),
                                                                        inferIO := fun x x_1 =>
                                                                          throw
                                                                            (CheckError.internal
                                                                              "fuel exhausted: infer") }
                                                                      (officialEnv N) d mI rP rl.ctorParams
                                                                      (Expr.instantiateLevelParams cvj.levelParams usj
                                                                        cvj.type)
                                                                      v.getAppArgs
                                                                      (List.drop rP
                                                                        (List.take mI (f'.app a).getAppArgs)) with
                                                                  | Except.error err => Except.error err
                                                                  | Except.ok v_5 =>
                                                                    if v_5 = true then
                                                                      Except.ok
                                                                        (some
                                                                          ((Expr.instantiateLevelParams cv.levelParams
                                                                                us rl.rhs).mkAppN
                                                                            (List.take rP (f'.app a).getAppArgs ++
                                                                              List.drop rl.ctorParams v.getAppArgs)))
                                                                    else Except.ok none
                                                                else Except.ok none
                                                            else Except.ok none
                                                        else Except.ok none
                                                    else Except.ok none
                                              else Except.ok none
                                            | none => Except.ok none
                                          | x => Except.ok none
                                        | x => Except.ok none
                                    else Except.ok none
                                  | x => Except.ok none
                                | x => Except.ok none with
                              | Except.error err => Except.error err
                              | Except.ok v =>
                                match v with
                                | some e'' => throw (CheckError.internal "fuel exhausted: whnfCore")
                                | none => Except.ok (f'.app a)
                        | Expr.proj sn i pe =>
                          match throw (CheckError.internal "fuel exhausted: whnf") with
                          | Except.error err => Except.error err
                          | Except.ok v =>
                            match
                              projLitToCtor
                                { whnfCore := fun x x_1 => throw (CheckError.internal "fuel exhausted: whnfCore"),
                                  whnf := fun x x_1 => throw (CheckError.internal "fuel exhausted: whnf"),
                                  infer := fun x x_1 => throw (CheckError.internal "fuel exhausted: infer"),
                                  defeq := fun x x_1 x_2 => throw (CheckError.internal "fuel exhausted: defeq"),
                                  annotate := fun x x_1 => throw (CheckError.internal "fuel exhausted: annotate"),
                                  inferIO := fun x x_1 => throw (CheckError.internal "fuel exhausted: infer") }
                                (officialEnv N) d v with
                            | Except.error err => Except.error err
                            | Except.ok v =>
                              match (officialEnv N).findProj? sn i with
                              | some entry =>
                                match v.getAppFn with
                                | Expr.const c us =>
                                  if
                                      c = entry.ctor ∧
                                        i < entry.numFields ∧
                                          v.getAppArgs.length = entry.numParams + entry.numFields ∧
                                            us.length = entry.levelParams.length ∧ entry.fireOk us = true then
                                    match
                                      projCertAt
                                        {
                                          whnfCore := fun x x_1 =>
                                            throw (CheckError.internal "fuel exhausted: whnfCore"),
                                          whnf := fun x x_1 => throw (CheckError.internal "fuel exhausted: whnf"),
                                          infer := fun x x_1 => throw (CheckError.internal "fuel exhausted: infer"),
                                          defeq := fun x x_1 x_2 => throw (CheckError.internal "fuel exhausted: defeq"),
                                          annotate := fun x x_1 =>
                                            throw (CheckError.internal "fuel exhausted: annotate"),
                                          inferIO := fun x x_1 => throw (CheckError.internal "fuel exhausted: infer") }
                                        (officialEnv N) d CheckMode.verified.verifiedChecks CheckMode.verified.betaGate
                                        c us v.getAppArgs with
                                    | Except.error err => Except.error err
                                    | Except.ok v =>
                                      if v = true then throw (CheckError.internal "fuel exhausted: whnfCore")
                                      else Except.ok (Expr.proj sn i pe)
                                  else Except.ok (Expr.proj sn i pe)
                                | x => Except.ok (Expr.proj sn i pe)
                              | none => Except.ok (Expr.proj sn i pe)
                        | type.letE value body =>
                          throw (CheckError.internal "whnfCore: `let` in an annotated expression")
                        | Expr.bvar i => throw (CheckError.notImplemented "whnf beyond the supported fragment")
                      else Except.ok ((ty.lam body mb).app a)
              | ⋯ =>
                match
                  match f'.getAppFn with
                  | ⋯ =>
                    match (officialEnv N).find? c with
                    | ⋯ =>
                      if (f'.app a).getAppArgs.length = mI + 1 ∧ us.length = cv.levelParams.length then
                        match
                          prepareMajor CheckMode.verified
                            {
                              whnfCore := fun d e =>
                                match e with
                                | Expr.sort u => Except.ok (Expr.sort u)
                                | Expr.fvar idx ty => Except.ok (Expr.fvar idx ty)
                                | ty.forallE body bi => Except.ok (ty.forallE body bi)
                                | ty.lam body mb => Except.ok (ty.lam body mb)
                                | Expr.const n us => Except.ok (Expr.const n us)
                                | Expr.lit l => Except.ok (Expr.lit l)
                                | f.app a =>
                                  match throw (CheckError.internal "fuel exhausted: whnfCore") with
                                  | Except.error err => Except.error err
                                  | Except.ok v =>
                                    match v with
                                    | ty.lam body mb =>
                                      if betaGateFires CheckMode.verified mb.pw = true then
                                        throw (CheckError.internal "fuel exhausted: whnfCore")
                                      else
                                        match throw (CheckError.internal "fuel exhausted: infer") with
                                        | Except.error err => Except.error err
                                        | Except.ok v =>
                                          match throw (CheckError.internal "fuel exhausted: defeq") with
                                          | Except.error err => Except.error err
                                          | Except.ok v =>
                                            if v = true then throw (CheckError.internal "fuel exhausted: whnfCore")
                                            else Except.ok ((ty.lam body mb).app a)
                                    | f' =>
                                      match
                                        match f'.getAppFn with
                                        | Expr.const c us =>
                                          match (officialEnv N).find? c with
                                          | some (ConstantInfo.recInfo cv mI rP rules) =>
                                            if
                                                (f'.app a).getAppArgs.length = mI + 1 ∧
                                                  us.length = cv.levelParams.length then
                                              match
                                                prepareMajor CheckMode.verified
                                                  {
                                                    whnfCore := fun x x_1 =>
                                                      throw (CheckError.internal "fuel exhausted: whnfCore"),
                                                    whnf := fun x x_1 =>
                                                      throw (CheckError.internal "fuel exhausted: whnf"),
                                                    infer := fun x x_1 =>
                                                      throw (CheckError.internal "fuel exhausted: infer"),
                                                    defeq := fun x x_1 x_2 =>
                                                      throw (CheckError.internal "fuel exhausted: defeq"),
                                                    annotate := fun x x_1 =>
                                                      throw (CheckError.internal "fuel exhausted: annotate"),
                                                    inferIO := fun x x_1 =>
                                                      throw (CheckError.internal "fuel exhausted: infer") }
                                                  (officialEnv N) d c rules
                                                  ((f'.app a).getAppArgs.getD mI (Expr.bvar 0)) with
                                              | Except.error err => Except.error err
                                              | Except.ok v =>
                                                match v.getAppFn with
                                                | Expr.const cj usj =>
                                                  match (officialEnv N).find? cj with
                                                  | some (ConstantInfo.ctorInfo cvj numParams numFields) =>
                                                    match List.find? (fun r' => r'.ctor == cj) rules with
                                                    | some rl =>
                                                      if v.getAppArgs.length = rl.ctorParams + rl.nfields then
                                                        if rl.fire = RecRuleFire.inert then
                                                          throw
                                                            (CheckError.notImplemented
                                                              "iota reduction over a nested auxiliary recursor rule")
                                                        else
                                                          match
                                                            liftFueled "level comparison"
                                                              (Level.isEquivList usj
                                                                (recFireComparands rl cv.levelParams us cvj.levelParams
                                                                    (f'.app a).getAppArgs rP).fst) with
                                                          | Except.error err => Except.error err
                                                          | Except.ok v_1 =>
                                                            if v_1 = true then
                                                              match
                                                                if rl.compareParams = true then
                                                                  defEqList
                                                                    {
                                                                      whnfCore := fun x x_1 =>
                                                                        throw
                                                                          (CheckError.internal
                                                                            "fuel exhausted: whnfCore"),
                                                                      whnf := fun x x_1 =>
                                                                        throw
                                                                          (CheckError.internal "fuel exhausted: whnf"),
                                                                      infer := fun x x_1 =>
                                                                        throw
                                                                          (CheckError.internal "fuel exhausted: infer"),
                                                                      defeq := fun x x_1 x_2 =>
                                                                        throw
                                                                          (CheckError.internal "fuel exhausted: defeq"),
                                                                      annotate := fun x x_1 =>
                                                                        throw
                                                                          (CheckError.internal
                                                                            "fuel exhausted: annotate"),
                                                                      inferIO := fun x x_1 =>
                                                                        throw
                                                                          (CheckError.internal
                                                                            "fuel exhausted: infer") }
                                                                    (officialEnv N) d
                                                                    (List.take rl.ctorParams v.getAppArgs)
                                                                    (recFireComparands rl cv.levelParams us
                                                                        cvj.levelParams (f'.app a).getAppArgs rP).snd
                                                                else Except.ok true with
                                                              | Except.error err => Except.error err
                                                              | Except.ok v_2 =>
                                                                if v_2 = true then
                                                                  match
                                                                    iotaCerts
                                                                      {
                                                                        whnfCore := fun x x_1 =>
                                                                          throw
                                                                            (CheckError.internal
                                                                              "fuel exhausted: whnfCore"),
                                                                        whnf := fun x x_1 =>
                                                                          throw
                                                                            (CheckError.internal
                                                                              "fuel exhausted: whnf"),
                                                                        infer := fun x x_1 =>
                                                                          throw
                                                                            (CheckError.internal
                                                                              "fuel exhausted: infer"),
                                                                        defeq := fun x x_1 x_2 =>
                                                                          throw
                                                                            (CheckError.internal
                                                                              "fuel exhausted: defeq"),
                                                                        annotate := fun x x_1 =>
                                                                          throw
                                                                            (CheckError.internal
                                                                              "fuel exhausted: annotate"),
                                                                        inferIO := fun x x_1 =>
                                                                          throw
                                                                            (CheckError.internal
                                                                              "fuel exhausted: infer") }
                                                                      (officialEnv N) d CheckMode.verified.betaGate
                                                                      (Expr.instantiateLevelParams cv.levelParams us
                                                                        cv.type)
                                                                      (List.take mI (f'.app a).getAppArgs ++ [v]) with
                                                                  | Except.error err => Except.error err
                                                                  | Except.ok v_3 =>
                                                                    if v_3 = true then
                                                                      match
                                                                        iotaCerts
                                                                          {
                                                                            whnfCore := fun x x_1 =>
                                                                              throw
                                                                                (CheckError.internal
                                                                                  "fuel exhausted: whnfCore"),
                                                                            whnf := fun x x_1 =>
                                                                              throw
                                                                                (CheckError.internal
                                                                                  "fuel exhausted: whnf"),
                                                                            infer := fun x x_1 =>
                                                                              throw
                                                                                (CheckError.internal
                                                                                  "fuel exhausted: infer"),
                                                                            defeq := fun x x_1 x_2 =>
                                                                              throw
                                                                                (CheckError.internal
                                                                                  "fuel exhausted: defeq"),
                                                                            annotate := fun x x_1 =>
                                                                              throw
                                                                                (CheckError.internal
                                                                                  "fuel exhausted: annotate"),
                                                                            inferIO := fun x x_1 =>
                                                                              throw
                                                                                (CheckError.internal
                                                                                  "fuel exhausted: infer") }
                                                                          (officialEnv N) d CheckMode.verified.betaGate
                                                                          (Expr.instantiateLevelParams cvj.levelParams
                                                                            usj cvj.type)
                                                                          v.getAppArgs with
                                                                      | Except.error err => Except.error err
                                                                      | Except.ok v_4 =>
                                                                        if v_4 = true then
                                                                          match
                                                                            iotaIndexOk
                                                                              {
                                                                                whnfCore := fun x x_1 =>
                                                                                  throw
                                                                                    (CheckError.internal
                                                                                      "fuel exhausted: whnfCore"),
                                                                                whnf := fun x x_1 =>
                                                                                  throw
                                                                                    (CheckError.internal
                                                                                      "fuel exhausted: whnf"),
                                                                                infer := fun x x_1 =>
                                                                                  throw
                                                                                    (CheckError.internal
                                                                                      "fuel exhausted: infer"),
                                                                                defeq := fun x x_1 x_2 =>
                                                                                  throw
                                                                                    (CheckError.internal
                                                                                      "fuel exhausted: defeq"),
                                                                                annotate := fun x x_1 =>
                                                                                  throw
                                                                                    (CheckError.internal
                                                                                      "fuel exhausted: annotate"),
                                                                                inferIO := fun x x_1 =>
                                                                                  throw
                                                                                    (CheckError.internal
                                                                                      "fuel exhausted: infer") }
                                                                              (officialEnv N) d mI rP rl.ctorParams
                                                                              (Expr.instantiateLevelParams
                                                                                cvj.levelParams usj cvj.type)
                                                                              v.getAppArgs
                                                                              (List.drop rP
                                                                                (List.take mI
                                                                                  (f'.app a).getAppArgs)) with
                                                                          | Except.error err => Except.error err
                                                                          | Except.ok v_5 =>
                                                                            if v_5 = true then
                                                                              Except.ok
                                                                                (some
                                                                                  ((Expr.instantiateLevelParams
                                                                                        cv.levelParams us rl.rhs).mkAppN
                                                                                    (List.take rP
                                                                                        (f'.app a).getAppArgs ++
                                                                                      List.drop rl.ctorParams
                                                                                        v.getAppArgs)))
                                                                            else Except.ok none
                                                                        else Except.ok none
                                                                    else Except.ok none
                                                                else Except.ok none
                                                            else Except.ok none
                                                      else Except.ok none
                                                    | none => Except.ok none
                                                  | x => Except.ok none
                                                | x => Except.ok none
                                            else Except.ok none
                                          | x => Except.ok none
                                        | x => Except.ok none with
                                      | Except.error err => Except.error err
                                      | Except.ok v =>
                                        match v with
                                        | some e'' => throw (CheckError.internal "fuel exhausted: whnfCore")
                                        | none => Except.ok (f'.app a)
                                | Expr.proj sn i pe =>
                                  match throw (CheckError.internal "fuel exhausted: whnf") with
                                  | Except.error err => Except.error err
                                  | Except.ok v =>
                                    match
                                      projLitToCtor
                                        {
                                          whnfCore := fun x x_1 =>
                                            throw (CheckError.internal "fuel exhausted: whnfCore"),
                                          whnf := fun x x_1 => throw (CheckError.internal "fuel exhausted: whnf"),
                                          infer := fun x x_1 => throw (CheckError.internal "fuel exhausted: infer"),
                                          defeq := fun x x_1 x_2 => throw (CheckError.internal "fuel exhausted: defeq"),
                                          annotate := fun x x_1 =>
                                            throw (CheckError.internal "fuel exhausted: annotate"),
                                          inferIO := fun x x_1 => throw (CheckError.internal "fuel exhausted: infer") }
                                        (officialEnv N) d v with
                                    | Except.error err => Except.error err
                                    | Except.ok v =>
                                      match (officialEnv N).findProj? sn i with
                                      | some entry =>
                                        match v.getAppFn with
                                        | Expr.const c us =>
                                          if
                                              c = entry.ctor ∧
                                                i < entry.numFields ∧
                                                  v.getAppArgs.length = entry.numParams + entry.numFields ∧
                                                    us.length = entry.levelParams.length ∧ entry.fireOk us = true then
                                            match
                                              projCertAt
                                                {
                                                  whnfCore := fun x x_1 =>
                                                    throw (CheckError.internal "fuel exhausted: whnfCore"),
                                                  whnf := fun x x_1 =>
                                                    throw (CheckError.internal "fuel exhausted: whnf"),
                                                  infer := fun x x_1 =>
                                                    throw (CheckError.internal "fuel exhausted: infer"),
                                                  defeq := fun x x_1 x_2 =>
                                                    throw (CheckError.internal "fuel exhausted: defeq"),
                                                  annotate := fun x x_1 =>
                                                    throw (CheckError.internal "fuel exhausted: annotate"),
                                                  inferIO := fun x x_1 =>
                                                    throw (CheckError.internal "fuel exhausted: infer") }
                                                (officialEnv N) d CheckMode.verified.verifiedChecks
                                                CheckMode.verified.betaGate c us v.getAppArgs with
                                            | Except.error err => Except.error err
                                            | Except.ok v =>
                                              if v = true then throw (CheckError.internal "fuel exhausted: whnfCore")
                                              else Except.ok (Expr.proj sn i pe)
                                          else Except.ok (Expr.proj sn i pe)
                                        | x => Except.ok (Expr.proj sn i pe)
                                      | none => Except.ok (Expr.proj sn i pe)
                                | type.letE value body =>
                                  throw (CheckError.internal "whnfCore: `let` in an annotated expression")
                                | Expr.bvar i => throw (CheckError.notImplemented "whnf beyond the supported fragment"),
                              whnf := fun d e =>
                                whnfBody
                                  { whnfCore := fun x x_1 => throw (CheckError.internal "fuel exhausted: whnfCore"),
                                    whnf := fun x x_1 => throw (CheckError.internal "fuel exhausted: whnf"),
                                    infer := fun x x_1 => throw (CheckError.internal "fuel exhausted: infer"),
                                    defeq := fun x x_1 x_2 => throw (CheckError.internal "fuel exhausted: defeq"),
                                    annotate := fun x x_1 => throw (CheckError.internal "fuel exhausted: annotate"),
                                    inferIO := fun x x_1 => throw (CheckError.internal "fuel exhausted: infer") }
                                  (officialEnv N) d e,
                              infer := fun d e =>
                                inferBody CheckMode.verified
                                  { whnfCore := fun x x_1 => throw (CheckError.internal "fuel exhausted: whnfCore"),
                                    whnf := fun x x_1 => throw (CheckError.internal "fuel exhausted: whnf"),
                                    infer := fun x x_1 => throw (CheckError.internal "fuel exhausted: infer"),
                                    defeq := fun x x_1 x_2 => throw (CheckError.internal "fuel exhausted: defeq"),
                                    annotate := fun x x_1 => throw (CheckError.internal "fuel exhausted: annotate"),
                                    inferIO := fun x x_1 => throw (CheckError.internal "fuel exhausted: infer") }
                                  (officialEnv N) d e,
                              defeq := fun d a b =>
                                defeqBody CheckMode.verified
                                  { whnfCore := fun x x_1 => throw (CheckError.internal "fuel exhausted: whnfCore"),
                                    whnf := fun x x_1 => throw (CheckError.internal "fuel exhausted: whnf"),
                                    infer := fun x x_1 => throw (CheckError.internal "fuel exhausted: infer"),
                                    defeq := fun x x_1 x_2 => throw (CheckError.internal "fuel exhausted: defeq"),
                                    annotate := fun x x_1 => throw (CheckError.internal "fuel exhausted: annotate"),
                                    inferIO := fun x x_1 => throw (CheckError.internal "fuel exhausted: infer") }
                                  (officialEnv N) d a b,
                              annotate := fun d e =>
                                annotateBody
                                  { whnfCore := fun x x_1 => throw (CheckError.internal "fuel exhausted: whnfCore"),
                                    whnf := fun x x_1 => throw (CheckError.internal "fuel exhausted: whnf"),
                                    infer := fun x x_1 => throw (CheckError.internal "fuel exhausted: infer"),
                                    defeq := fun x x_1 x_2 => throw (CheckError.internal "fuel exhausted: defeq"),
                                    annotate := fun x x_1 => throw (CheckError.internal "fuel exhausted: annotate"),
                                    inferIO := fun x x_1 => throw (CheckError.internal "fuel exhausted: infer") }
                                  (officialEnv N) d e,
                              inferIO := fun d e =>
                                if CheckMode.verified.betaGate = true then
                                  inferBodyIO CheckMode.verified
                                    { whnfCore := fun x x_1 => throw (CheckError.internal "fuel exhausted: whnfCore"),
                                        whnf := fun x x_1 => throw (CheckError.internal "fuel exhausted: whnf"),
                                        infer := fun x x_1 => throw (CheckError.internal "fuel exhausted: infer"),
                                        defeq := fun x x_1 x_2 => throw (CheckError.internal "fuel exhausted: defeq"),
                                        annotate := fun x x_1 => throw (CheckError.internal "fuel exhausted: annotate"),
                                        inferIO := fun x x_1 =>
                                          throw (CheckError.internal "fuel exhausted: infer") }.ioView
                                    (officialEnv N) d e
                                else
                                  inferBody CheckMode.verified
                                    { whnfCore := fun x x_1 => throw (CheckError.internal "fuel exhausted: whnfCore"),
                                      whnf := fun x x_1 => throw (CheckError.internal "fuel exhausted: whnf"),
                                      infer := fun x x_1 => throw (CheckError.internal "fuel exhausted: infer"),
                                      defeq := fun x x_1 x_2 => throw (CheckError.internal "fuel exhausted: defeq"),
                                      annotate := fun x x_1 => throw (CheckError.internal "fuel exhausted: annotate"),
                                      inferIO := fun x x_1 => throw (CheckError.internal "fuel exhausted: infer") }
                                    (officialEnv N) d e }
                            (officialEnv N) d c rules ((f'.app a).getAppArgs.getD mI (Expr.bvar 0)) with
                        | ⋯ => Except.error err
                        | ⋯ =>
                          match v.getAppFn with
                          | ⋯ =>
                            match (officialEnv N).find? cj with
                            | ⋯ =>
                              match List.find? (fun r' => r'.ctor == cj) rules with
                              | ⋯ =>
                                if v.getAppArgs.length = rl.ctorParams + rl.nfields then
                                  if rl.fire = RecRuleFire.inert then
                                    throw
                                      (CheckError.notImplemented "iota reduction over a nested auxiliary recursor rule")
                                  else
                                    match
                                      liftFueled "level comparison"
                                        (Level.isEquivList usj
                                          (recFireComparands rl cv.levelParams us cvj.levelParams (f'.app a).getAppArgs
                                              rP).fst) with
                                    | ⋯ => Except.error err
                                    | ⋯ =>
                                      if v_1 = true then
                                        match
                                          if rl.compareParams = true then
                                            defEqList
                                              {
                                                whnfCore := fun d e =>
                                                  match e with
                                                  | ⋯ => Except.ok (Expr.sort u)
                                                  | ⋯ => Except.ok (Expr.fvar idx ty)
                                                  | ⋯ => Except.ok (ty.forallE body bi)
                                                  | ⋯ => Except.ok (ty.lam body mb)
                                                  | ⋯ => Except.ok (Expr.const n us)
                                                  | ⋯ => Except.ok (Expr.lit l)
                                                  | ⋯ =>
                                                    match throw (CheckError.internal "fuel exhausted: whnfCore") with
                                                    | Except.error err => Except.error err
                                                    | Except.ok v =>
                                                      match v with
                                                      | ty.lam body mb =>
                                                        if betaGateFires CheckMode.verified mb.pw = true then
                                                          throw (CheckError.internal "fuel exhausted: whnfCore")
                                                        else
                                                          match throw (CheckError.internal "fuel exhausted: infer") with
                                                          | Except.error err => Except.error err
                                                          | Except.ok v =>
                                                            match
                                                              throw (CheckError.internal "fuel exhausted: defeq") with
                                                            | Except.error err => Except.error err
                                                            | Except.ok v =>
                                                              if v = true then
                                                                throw (CheckError.internal "fuel exhausted: whnfCore")
                                                              else Except.ok ((ty.lam body mb).app a)
                                                      | f' =>
                                                        match
                                                          match f'.getAppFn with
                                                          | Expr.const c us =>
                                                            match (officialEnv N).find? c with
                                                            | some (ConstantInfo.recInfo cv mI rP rules) =>
                                                              if
                                                                  (f'.app a).getAppArgs.length = mI + 1 ∧
                                                                    us.length = cv.levelParams.length then
                                                                match
                                                                  prepareMajor CheckMode.verified
                                                                    {
                                                                      whnfCore := fun x x_1 =>
                                                                        throw
                                                                          (CheckError.internal
                                                                            "fuel exhausted: whnfCore"),
                                                                      whnf := fun x x_1 =>
                                                                        throw
                                                                          (CheckError.internal "fuel exhausted: whnf"),
                                                                      infer := fun x x_1 =>
                                                                        throw
                                                                          (CheckError.internal "fuel exhausted: infer"),
                                                                      defeq := fun x x_1 x_2 =>
                                                                        throw
                                                                          (CheckError.internal "fuel exhausted: defeq"),
                                                                      annotate := fun x x_1 =>
                                                                        throw
                                                                          (CheckError.internal
                                                                            "fuel exhausted: annotate"),
                                                                      inferIO := fun x x_1 =>
                                                                        throw
                                                                          (CheckError.internal
                                                                            "fuel exhausted: infer") }
                                                                    (officialEnv N) d c rules
                                                                    ((f'.app a).getAppArgs.getD mI (Expr.bvar 0)) with
                                                                | Except.error err => Except.error err
                                                                | Except.ok v =>
                                                                  match v.getAppFn with
                                                                  | Expr.const cj usj =>
                                                                    match (officialEnv N).find? cj with
                                                                    |
                                                                    some
                                                                        (ConstantInfo.ctorInfo cvj numParams
                                                                          numFields) =>
                                                                      match
                                                                        List.find? (fun r' => r'.ctor == cj) rules with
                                                                      | some rl =>
                                                                        if
                                                                            v.getAppArgs.length =
                                                                              rl.ctorParams + rl.nfields then
                                                                          if rl.fire = RecRuleFire.inert then
                                                                            throw
                                                                              (CheckError.notImplemented
                                                                                "iota reduction over a nested auxiliary recursor rule")
                                                                          else
                                                                            match
                                                                              liftFueled "level comparison"
                                                                                (Level.isEquivList usj
                                                                                  (recFireComparands rl cv.levelParams
                                                                                      us cvj.levelParams
                                                                                      (f'.app a).getAppArgs
                                                                                      rP).fst) with
                                                                            | Except.error err => Except.error err
                                                                            | Except.ok v_2 =>
                                                                              if v_2 = true then
                                                                                match
                                                                                  if rl.compareParams = true then
                                                                                    defEqList
                                                                                      {
                                                                                        whnfCore := fun x x_1 =>
                                                                                          throw
                                                                                            (CheckError.internal
                                                                                              "fuel exhausted: whnfCore"),
                                                                                        whnf := fun x x_1 =>
                                                                                          throw
                                                                                            (CheckError.internal
                                                                                              "fuel exhausted: whnf"),
                                                                                        infer := fun x x_1 =>
                                                                                          throw
                                                                                            (CheckError.internal
                                                                                              "fuel exhausted: infer"),
                                                                                        defeq := fun x x_1 x_2 =>
                                                                                          throw
                                                                                            (CheckError.internal
                                                                                              "fuel exhausted: defeq"),
                                                                                        annotate := fun x x_1 =>
                                                                                          throw
                                                                                            (CheckError.internal
                                                                                              "fuel exhausted: annotate"),
                                                                                        inferIO := fun x x_1 =>
                                                                                          throw
                                                                                            (CheckError.internal
                                                                                              "fuel exhausted: infer") }
                                                                                      (officialEnv N) d
                                                                                      (List.take rl.ctorParams
                                                                                        v.getAppArgs)
                                                                                      (recFireComparands rl
                                                                                          cv.levelParams us
                                                                                          cvj.levelParams
                                                                                          (f'.app a).getAppArgs rP).snd
                                                                                  else Except.ok true with
                                                                                | Except.error err => Except.error err
                                                                                | Except.ok v_3 =>
                                                                                  if v_3 = true then
                                                                                    match
                                                                                      iotaCerts
                                                                                        {
                                                                                          whnfCore := fun x x_1 =>
                                                                                            throw
                                                                                              (CheckError.internal
                                                                                                "fuel exhausted: whnfCore"),
                                                                                          whnf := fun x x_1 =>
                                                                                            throw
                                                                                              (CheckError.internal
                                                                                                "fuel exhausted: whnf"),
                                                                                          infer := fun x x_1 =>
                                                                                            throw
                                                                                              (CheckError.internal
                                                                                                "fuel exhausted: infer"),
                                                                                          defeq := fun x x_1 x_2 =>
                                                                                            throw
                                                                                              (CheckError.internal
                                                                                                "fuel exhausted: defeq"),
                                                                                          annotate := fun x x_1 =>
                                                                                            throw
                                                                                              (CheckError.internal
                                                                                                "fuel exhausted: annotate"),
                                                                                          inferIO := fun x x_1 =>
                                                                                            throw
                                                                                              (CheckError.internal
                                                                                                "fuel exhausted: infer") }
                                                                                        (officialEnv N) d
                                                                                        CheckMode.verified.betaGate
                                                                                        (Expr.instantiateLevelParams
                                                                                          cv.levelParams us cv.type)
                                                                                        (List.take mI
                                                                                            (f'.app a).getAppArgs ++
                                                                                          [v]) with
                                                                                    | Except.error err =>
                                                                                      Except.error err
                                                                                    | Except.ok v_4 =>
                                                                                      if v_4 = true then
                                                                                        match
                                                                                          iotaCerts
                                                                                            {
                                                                                              whnfCore := fun x x_1 =>
                                                                                                throw
                                                                                                  (CheckError.internal
                                                                                                    "fuel exhausted: whnfCore"),
                                                                                              whnf := fun x x_1 =>
                                                                                                throw
                                                                                                  (CheckError.internal
                                                                                                    "fuel exhausted: whnf"),
                                                                                              infer := fun x x_1 =>
                                                                                                throw
                                                                                                  (CheckError.internal
                                                                                                    "fuel exhausted: infer"),
                                                                                              defeq := fun x x_1 x_2 =>
                                                                                                throw
                                                                                                  (CheckError.internal
                                                                                                    "fuel exhausted: defeq"),
                                                                                              annotate := fun x x_1 =>
                                                                                                throw
                                                                                                  (CheckError.internal
                                                                                                    "fuel exhausted: annotate"),
                                                                                              inferIO := fun x x_1 =>
                                                                                                throw
                                                                                                  (CheckError.internal
                                                                                                    "fuel exhausted: infer") }
                                                                                            (officialEnv N) d
                                                                                            CheckMode.verified.betaGate
                                                                                            (Expr.instantiateLevelParams
                                                                                              cvj.levelParams usj
                                                                                              cvj.type)
                                                                                            v.getAppArgs with
                                                                                        | Except.error err =>
                                                                                          Except.error err
                                                                                        | Except.ok v_5 =>
                                                                                          if v_5 = true then
                                                                                            match
                                                                                              iotaIndexOk
                                                                                                {
                                                                                                  whnfCore :=
                                                                                                    fun x x_1 =>
                                                                                                    throw
                                                                                                      (CheckError.internal
                                                                                                        "fuel exhausted: whnfCore"),
                                                                                                  whnf := fun x x_1 =>
                                                                                                    throw
                                                                                                      (CheckError.internal
                                                                                                        "fuel exhausted: whnf"),
                                                                                                  infer := fun x x_1 =>
                                                                                                    throw
                                                                                                      (CheckError.internal
                                                                                                        "fuel exhausted: infer"),
                                                                                                  defeq :=
                                                                                                    fun x x_1 x_2 =>
                                                                                                    throw
                                                                                                      (CheckError.internal
                                                                                                        "fuel exhausted: defeq"),
                                                                                                  annotate :=
                                                                                                    fun x x_1 =>
                                                                                                    throw
                                                                                                      (CheckError.internal
                                                                                                        "fuel exhausted: annotate"),
                                                                                                  inferIO :=
                                                                                                    fun x x_1 =>
                                                                                                    throw
                                                                                                      (CheckError.internal
                                                                                                        "fuel exhausted: infer") }
                                                                                                (officialEnv N) d mI rP
                                                                                                rl.ctorParams
                                                                                                (Expr.instantiateLevelParams
                                                                                                  cvj.levelParams usj
                                                                                                  cvj.type)
                                                                                                v.getAppArgs
                                                                                                (List.drop rP
                                                                                                  (List.take mI
                                                                                                    (f'.app
                                                                                                        a).getAppArgs)) with
                                                                                            | Except.error err =>
                                                                                              Except.error err
                                                                                            | Except.ok v_6 =>
                                                                                              if v_6 = true then
                                                                                                Except.ok
                                                                                                  (some
                                                                                                    ((Expr.instantiateLevelParams
                                                                                                          cv.levelParams
                                                                                                          us
                                                                                                          rl.rhs).mkAppN
                                                                                                      (List.take rP
                                                                                                          (f'.app
                                                                                                              a).getAppArgs ++
                                                                                                        List.drop
                                                                                                          rl.ctorParams
                                                                                                          v.getAppArgs)))
                                                                                              else Except.ok none
                                                                                          else Except.ok none
                                                                                      else Except.ok none
                                                                                  else Except.ok none
                                                                              else Except.ok none
                                                                        else Except.ok none
                                                                      | none => Except.ok none
                                                                    | x => Except.ok none
                                                                  | x => Except.ok none
                                                              else Except.ok none
                                                            | x => Except.ok none
                                                          | x => Except.ok none with
                                                        | Except.error err => Except.error err
                                                        | Except.ok v =>
                                                          match v with
                                                          | some e'' =>
                                                            throw (CheckError.internal "fuel exhausted: whnfCore")
                                                          | none => Except.ok (f'.app a)
                                                  | ⋯ =>
                                                    match throw (CheckError.internal "fuel exhausted: whnf") with
                                                    | ⋯ => Except.error err
                                                    | ⋯ =>
                                                      match
                                                        projLitToCtor
                                                          {
                                                            whnfCore := fun x x_1 =>
                                                              throw (CheckError.internal "fuel exhausted: whnfCore"),
                                                            whnf := fun x x_1 =>
                                                              throw (CheckError.internal "fuel exhausted: whnf"),
                                                            infer := fun x x_1 =>
                                                              throw (CheckError.internal "fuel exhausted: infer"),
                                                            defeq := fun x x_1 x_2 =>
                                                              throw (CheckError.internal "fuel exhausted: defeq"),
                                                            annotate := fun x x_1 =>
                                                              throw (CheckError.internal "fuel exhausted: annotate"),
                                                            inferIO := fun x x_1 =>
                                                              throw (CheckError.internal "fuel exhausted: infer") }
                                                          (officialEnv N) d v with
                                                      | ⋯ => Except.error err
                                                      | ⋯ =>
                                                        match (officialEnv N).findProj? sn i with
                                                        | ⋯ =>
                                                          match v.getAppFn with
                                                          | Expr.const c us =>
                                                            if
                                                                c = entry.ctor ∧
                                                                  i < entry.numFields ∧
                                                                    v.getAppArgs.length =
                                                                        entry.numParams + entry.numFields ∧
                                                                      us.length = entry.levelParams.length ∧
                                                                        entry.fireOk us = true then
                                                              match
                                                                projCertAt
                                                                  {
                                                                    whnfCore := fun x x_1 =>
                                                                      throw
                                                                        (CheckError.internal
                                                                          "fuel exhausted: whnfCore"),
                                                                    whnf := fun x x_1 =>
                                                                      throw
                                                                        (CheckError.internal "fuel exhausted: whnf"),
                                                                    infer := fun x x_1 =>
                                                                      throw
                                                                        (CheckError.internal "fuel exhausted: infer"),
                                                                    defeq := fun x x_1 x_2 =>
                                                                      throw
                                                                        (CheckError.internal "fuel exhausted: defeq"),
                                                                    annotate := fun x x_1 =>
                                                                      throw
                                                                        (CheckError.internal
                                                                          "fuel exhausted: annotate"),
                                                                    inferIO := fun x x_1 =>
                                                                      throw
                                                                        (CheckError.internal "fuel exhausted: infer") }
                                                                  (officialEnv N) d CheckMode.verified.verifiedChecks
                                                                  CheckMode.verified.betaGate c us v.getAppArgs with
                                                              | Except.error err => Except.error err
                                                              | Except.ok v =>
                                                                if v = true then
                                                                  throw (CheckError.internal "fuel exhausted: whnfCore")
                                                                else Except.ok (Expr.proj sn i pe)
                                                            else Except.ok (Expr.proj sn i pe)
                                                          | x => Except.ok (Expr.proj sn i pe)
                                                        | ⋯ => Except.ok (Expr.proj sn i ⋯)
                                                  | ⋯ => ⋯
                                                  | ⋯ => ⋯,
                                                whnf := ⋯, infer := ⋯, defeq := ⋯, annotate := ⋯, inferIO := ⋯ }
                                              ⋯ ⋯ ⋯ ⋯
                                          else ⋯ with
                                        | ⋯ => ⋯
                                        | ⋯ => ⋯
                                      else ⋯
                                else ⋯
                              | ⋯ => ⋯
                            | ⋯ => ⋯
                          | ⋯ => ⋯
                      else ⋯
                    | ⋯ => ⋯
                  | ⋯ => ⋯ with
                | ⋯ => ⋯
                | ⋯ => ⋯
          | ⋯ => ⋯
          | ⋯ => ⋯
          | ⋯ => ⋯,
        whnf := ⋯, infer := ⋯, defeq := ⋯, annotate := ⋯, inferIO := ⋯ }
      ⋯ ⋯ ⋯ with
  | ⋯ => ⋯
  | ⋯ => ⋯
is not definitionally equal to the right-hand side
  Except.ok ((Expr.const (refName N j) []).app A)

N j d : Nat
hj : j ≤ N
⊢ (match
      reduceNat
        {
          whnfCore := fun d e =>
            match e with
            | ⋯ => Except.ok (Expr.sort u)
            | ⋯ => Except.ok (Expr.fvar idx ty)
            | ⋯ => Except.ok (ty.forallE body bi)
            | ⋯ => Except.ok (ty.lam body mb)
            | ⋯ => Except.ok (Expr.const n us)
            | ⋯ => Except.ok (Expr.lit l)
            | ⋯ =>
              match
                match f with
                | Expr.sort u => Except.ok (Expr.sort u)
                | Expr.fvar idx ty => Except.ok (Expr.fvar idx ty)
                | ty.forallE body bi => Except.ok (ty.forallE body bi)
                | ty.lam body mb => Except.ok (ty.lam body mb)
                | Expr.const n us => Except.ok (Expr.const n us)
                | Expr.lit l => Except.ok (Expr.lit l)
                | f.app a =>
                  match throw (CheckError.internal "fuel exhausted: whnfCore") with
                  | Except.error err => Except.error err
                  | Except.ok v =>
                    match v with
                    | ty.lam body mb =>
                      if betaGateFires CheckMode.verified mb.pw = true then
                        throw (CheckError.internal "fuel exhausted: whnfCore")
                      else
                        match throw (CheckError.internal "fuel exhausted: infer") with
                        | Except.error err => Except.error err
                        | Except.ok v =>
                          match throw (CheckError.internal "fuel exhausted: defeq") with
                          | Except.error err => Except.error err
                          | Except.ok v =>
                            if v = true then throw (CheckError.internal "fuel exhausted: whnfCore")
                            else Except.ok ((ty.lam body mb).app a)
                    | f' =>
                      match
                        match f'.getAppFn with
                        | Expr.const c us =>
                          match (officialEnv N).find? c with
                          | some (ConstantInfo.recInfo cv mI rP rules) =>
                            if (f'.app a).getAppArgs.length = mI + 1 ∧ us.length = cv.levelParams.length then
                              match
                                prepareMajor CheckMode.verified
                                  { whnfCore := fun x x_1 => throw (CheckError.internal "fuel exhausted: whnfCore"),
                                    whnf := fun x x_1 => throw (CheckError.internal "fuel exhausted: whnf"),
                                    infer := fun x x_1 => throw (CheckError.internal "fuel exhausted: infer"),
                                    defeq := fun x x_1 x_2 => throw (CheckError.internal "fuel exhausted: defeq"),
                                    annotate := fun x x_1 => throw (CheckError.internal "fuel exhausted: annotate"),
                                    inferIO := fun x x_1 => throw (CheckError.internal "fuel exhausted: infer") }
                                  (officialEnv N) d c rules ((f'.app a).getAppArgs.getD mI (Expr.bvar 0)) with
                              | Except.error err => Except.error err
                              | Except.ok v =>
                                match v.getAppFn with
                                | Expr.const cj usj =>
                                  match (officialEnv N).find? cj with
                                  | some (ConstantInfo.ctorInfo cvj numParams numFields) =>
                                    match List.find? (fun r' => r'.ctor == cj) rules with
                                    | some rl =>
                                      if v.getAppArgs.length = rl.ctorParams + rl.nfields then
                                        if rl.fire = RecRuleFire.inert then
                                          throw
                                            (CheckError.notImplemented
                                              "iota reduction over a nested auxiliary recursor rule")
                                        else
                                          match
                                            liftFueled "level comparison"
                                              (Level.isEquivList usj
                                                (recFireComparands rl cv.levelParams us cvj.levelParams
                                                    (f'.app a).getAppArgs rP).fst) with
                                          | Except.error err => Except.error err
                                          | Except.ok v_1 =>
                                            if v_1 = true then
                                              match
                                                if rl.compareParams = true then
                                                  defEqList
                                                    {
                                                      whnfCore := fun x x_1 =>
                                                        throw (CheckError.internal "fuel exhausted: whnfCore"),
                                                      whnf := fun x x_1 =>
                                                        throw (CheckError.internal "fuel exhausted: whnf"),
                                                      infer := fun x x_1 =>
                                                        throw (CheckError.internal "fuel exhausted: infer"),
                                                      defeq := fun x x_1 x_2 =>
                                                        throw (CheckError.internal "fuel exhausted: defeq"),
                                                      annotate := fun x x_1 =>
                                                        throw (CheckError.internal "fuel exhausted: annotate"),
                                                      inferIO := fun x x_1 =>
                                                        throw (CheckError.internal "fuel exhausted: infer") }
                                                    (officialEnv N) d (List.take rl.ctorParams v.getAppArgs)
                                                    (recFireComparands rl cv.levelParams us cvj.levelParams
                                                        (f'.app a).getAppArgs rP).snd
                                                else Except.ok true with
                                              | Except.error err => Except.error err
                                              | Except.ok v_2 =>
                                                if v_2 = true then
                                                  match
                                                    iotaCerts
                                                      {
                                                        whnfCore := fun x x_1 =>
                                                          throw (CheckError.internal "fuel exhausted: whnfCore"),
                                                        whnf := fun x x_1 =>
                                                          throw (CheckError.internal "fuel exhausted: whnf"),
                                                        infer := fun x x_1 =>
                                                          throw (CheckError.internal "fuel exhausted: infer"),
                                                        defeq := fun x x_1 x_2 =>
                                                          throw (CheckError.internal "fuel exhausted: defeq"),
                                                        annotate := fun x x_1 =>
                                                          throw (CheckError.internal "fuel exhausted: annotate"),
                                                        inferIO := fun x x_1 =>
                                                          throw (CheckError.internal "fuel exhausted: infer") }
                                                      (officialEnv N) d CheckMode.verified.betaGate
                                                      (Expr.instantiateLevelParams cv.levelParams us cv.type)
                                                      (List.take mI (f'.app a).getAppArgs ++ [v]) with
                                                  | Except.error err => Except.error err
                                                  | Except.ok v_3 =>
                                                    if v_3 = true then
                                                      match
                                                        iotaCerts
                                                          {
                                                            whnfCore := fun x x_1 =>
                                                              throw (CheckError.internal "fuel exhausted: whnfCore"),
                                                            whnf := fun x x_1 =>
                                                              throw (CheckError.internal "fuel exhausted: whnf"),
                                                            infer := fun x x_1 =>
                                                              throw (CheckError.internal "fuel exhausted: infer"),
                                                            defeq := fun x x_1 x_2 =>
                                                              throw (CheckError.internal "fuel exhausted: defeq"),
                                                            annotate := fun x x_1 =>
                                                              throw (CheckError.internal "fuel exhausted: annotate"),
                                                            inferIO := fun x x_1 =>
                                                              throw (CheckError.internal "fuel exhausted: infer") }
                                                          (officialEnv N) d CheckMode.verified.betaGate
                                                          (Expr.instantiateLevelParams cvj.levelParams usj cvj.type)
                                                          v.getAppArgs with
                                                      | Except.error err => Except.error err
                                                      | Except.ok v_4 =>
                                                        if v_4 = true then
                                                          match
                                                            iotaIndexOk
                                                              {
                                                                whnfCore := fun x x_1 =>
                                                                  throw
                                                                    (CheckError.internal "fuel exhausted: whnfCore"),
                                                                whnf := fun x x_1 =>
                                                                  throw (CheckError.internal "fuel exhausted: whnf"),
                                                                infer := fun x x_1 =>
                                                                  throw (CheckError.internal "fuel exhausted: infer"),
                                                                defeq := fun x x_1 x_2 =>
                                                                  throw (CheckError.internal "fuel exhausted: defeq"),
                                                                annotate := fun x x_1 =>
                                                                  throw
                                                                    (CheckError.internal "fuel exhausted: annotate"),
                                                                inferIO := fun x x_1 =>
                                                                  throw (CheckError.internal "fuel exhausted: infer") }
                                                              (officialEnv N) d mI rP rl.ctorParams
                                                              (Expr.instantiateLevelParams cvj.levelParams usj cvj.type)
                                                              v.getAppArgs
                                                              (List.drop rP (List.take mI (f'.app a).getAppArgs)) with
                                                          | Except.error err => Except.error err
                                                          | Except.ok v_5 =>
                                                            if v_5 = true then
                                                              Except.ok
                                                                (some
                                                                  ((Expr.instantiateLevelParams cv.levelParams us
                                                                        rl.rhs).mkAppN
                                                                    (List.take rP (f'.app a).getAppArgs ++
                                                                      List.drop rl.ctorParams v.getAppArgs)))
                                                            else Except.ok none
                                                        else Except.ok none
                                                    else Except.ok none
                                                else Except.ok none
                                            else Except.ok none
                                      else Except.ok none
                                    | none => Except.ok none
                                  | x => Except.ok none
                                | x => Except.ok none
                            else Except.ok none
                          | x => Except.ok none
                        | x => Except.ok none with
                      | Except.error err => Except.error err
                      | Except.ok v =>
                        match v with
                        | some e'' => throw (CheckError.internal "fuel exhausted: whnfCore")
                        | none => Except.ok (f'.app a)
                | Expr.proj sn i pe =>
                  match throw (CheckError.internal "fuel exhausted: whnf") with
                  | Except.error err => Except.error err
                  | Except.ok v =>
                    match
                      projLitToCtor
                        { whnfCore := fun x x_1 => throw (CheckError.internal "fuel exhausted: whnfCore"),
                          whnf := fun x x_1 => throw (CheckError.internal "fuel exhausted: whnf"),
                          infer := fun x x_1 => throw (CheckError.internal "fuel exhausted: infer"),
                          defeq := fun x x_1 x_2 => throw (CheckError.internal "fuel exhausted: defeq"),
                          annotate := fun x x_1 => throw (CheckError.internal "fuel exhausted: annotate"),
                          inferIO := fun x x_1 => throw (CheckError.internal "fuel exhausted: infer") }
                        (officialEnv N) d v with
                    | Except.error err => Except.error err
                    | Except.ok v =>
                      match (officialEnv N).findProj? sn i with
                      | some entry =>
                        match v.getAppFn with
                        | Expr.const c us =>
                          if
                              c = entry.ctor ∧
                                i < entry.numFields ∧
                                  v.getAppArgs.length = entry.numParams + entry.numFields ∧
                                    us.length = entry.levelParams.length ∧ entry.fireOk us = true then
                            match
                              projCertAt
                                { whnfCore := fun x x_1 => throw (CheckError.internal "fuel exhausted: whnfCore"),
                                  whnf := fun x x_1 => throw (CheckError.internal "fuel exhausted: whnf"),
                                  infer := fun x x_1 => throw (CheckError.internal "fuel exhausted: infer"),
                                  defeq := fun x x_1 x_2 => throw (CheckError.internal "fuel exhausted: defeq"),
                                  annotate := fun x x_1 => throw (CheckError.internal "fuel exhausted: annotate"),
                                  inferIO := fun x x_1 => throw (CheckError.internal "fuel exhausted: infer") }
                                (officialEnv N) d CheckMode.verified.verifiedChecks CheckMode.verified.betaGate c us
                                v.getAppArgs with
                            | Except.error err => Except.error err
                            | Except.ok v =>
                              if v = true then throw (CheckError.internal "fuel exhausted: whnfCore")
                              else Except.ok (Expr.proj sn i pe)
                          else Except.ok (Expr.proj sn i pe)
                        | x => Except.ok (Expr.proj sn i pe)
                      | none => Except.ok (Expr.proj sn i pe)
                | type.letE value body => throw (CheckError.internal "whnfCore: `let` in an annotated expression")
                | Expr.bvar i => throw (CheckError.notImplemented "whnf beyond the supported fragment") with
              | ⋯ => Except.error err
              | ⋯ =>
                match v with
                | ⋯ =>
                  if betaGateFires CheckMode.verified mb.pw = true then
                    match body.instantiate1 a with
                    | Expr.sort u => Except.ok (Expr.sort u)
                    | Expr.fvar idx ty => Except.ok (Expr.fvar idx ty)
                    | ty.forallE body bi => Except.ok (ty.forallE body bi)
                    | ty.lam body mb => Except.ok (ty.lam body mb)
                    | Expr.const n us => Except.ok (Expr.const n us)
                    | Expr.lit l => Except.ok (Expr.lit l)
                    | f.app a =>
                      match throw (CheckError.internal "fuel exhausted: whnfCore") with
                      | Except.error err => Except.error err
                      | Except.ok v =>
                        match v with
                        | ty.lam body mb =>
                          if betaGateFires CheckMode.verified mb.pw = true then
                            throw (CheckError.internal "fuel exhausted: whnfCore")
                          else
                            match throw (CheckError.internal "fuel exhausted: infer") with
                            | Except.error err => Except.error err
                            | Except.ok v =>
                              match throw (CheckError.internal "fuel exhausted: defeq") with
                              | Except.error err => Except.error err
                              | Except.ok v =>
                                if v = true then throw (CheckError.internal "fuel exhausted: whnfCore")
                                else Except.ok ((ty.lam body mb).app a)
                        | f' =>
                          match
                            match f'.getAppFn with
                            | Expr.const c us =>
                              match (officialEnv N).find? c with
                              | some (ConstantInfo.recInfo cv mI rP rules) =>
                                if (f'.app a).getAppArgs.length = mI + 1 ∧ us.length = cv.levelParams.length then
                                  match
                                    prepareMajor CheckMode.verified
                                      { whnfCore := fun x x_1 => throw (CheckError.internal "fuel exhausted: whnfCore"),
                                        whnf := fun x x_1 => throw (CheckError.internal "fuel exhausted: whnf"),
                                        infer := fun x x_1 => throw (CheckError.internal "fuel exhausted: infer"),
                                        defeq := fun x x_1 x_2 => throw (CheckError.internal "fuel exhausted: defeq"),
                                        annotate := fun x x_1 => throw (CheckError.internal "fuel exhausted: annotate"),
                                        inferIO := fun x x_1 => throw (CheckError.internal "fuel exhausted: infer") }
                                      (officialEnv N) d c rules ((f'.app a).getAppArgs.getD mI (Expr.bvar 0)) with
                                  | Except.error err => Except.error err
                                  | Except.ok v =>
                                    match v.getAppFn with
                                    | Expr.const cj usj =>
                                      match (officialEnv N).find? cj with
                                      | some (ConstantInfo.ctorInfo cvj numParams numFields) =>
                                        match List.find? (fun r' => r'.ctor == cj) rules with
                                        | some rl =>
                                          if v.getAppArgs.length = rl.ctorParams + rl.nfields then
                                            if rl.fire = RecRuleFire.inert then
                                              throw
                                                (CheckError.notImplemented
                                                  "iota reduction over a nested auxiliary recursor rule")
                                            else
                                              match
                                                liftFueled "level comparison"
                                                  (Level.isEquivList usj
                                                    (recFireComparands rl cv.levelParams us cvj.levelParams
                                                        (f'.app a).getAppArgs rP).fst) with
                                              | Except.error err => Except.error err
                                              | Except.ok v_1 =>
                                                if v_1 = true then
                                                  match
                                                    if rl.compareParams = true then
                                                      defEqList
                                                        {
                                                          whnfCore := fun x x_1 =>
                                                            throw (CheckError.internal "fuel exhausted: whnfCore"),
                                                          whnf := fun x x_1 =>
                                                            throw (CheckError.internal "fuel exhausted: whnf"),
                                                          infer := fun x x_1 =>
                                                            throw (CheckError.internal "fuel exhausted: infer"),
                                                          defeq := fun x x_1 x_2 =>
                                                            throw (CheckError.internal "fuel exhausted: defeq"),
                                                          annotate := fun x x_1 =>
                                                            throw (CheckError.internal "fuel exhausted: annotate"),
                                                          inferIO := fun x x_1 =>
                                                            throw (CheckError.internal "fuel exhausted: infer") }
                                                        (officialEnv N) d (List.take rl.ctorParams v.getAppArgs)
                                                        (recFireComparands rl cv.levelParams us cvj.levelParams
                                                            (f'.app a).getAppArgs rP).snd
                                                    else Except.ok true with
                                                  | Except.error err => Except.error err
                                                  | Except.ok v_2 =>
                                                    if v_2 = true then
                                                      match
                                                        iotaCerts
                                                          {
                                                            whnfCore := fun x x_1 =>
                                                              throw (CheckError.internal "fuel exhausted: whnfCore"),
                                                            whnf := fun x x_1 =>
                                                              throw (CheckError.internal "fuel exhausted: whnf"),
                                                            infer := fun x x_1 =>
                                                              throw (CheckError.internal "fuel exhausted: infer"),
                                                            defeq := fun x x_1 x_2 =>
                                                              throw (CheckError.internal "fuel exhausted: defeq"),
                                                            annotate := fun x x_1 =>
                                                              throw (CheckError.internal "fuel exhausted: annotate"),
                                                            inferIO := fun x x_1 =>
                                                              throw (CheckError.internal "fuel exhausted: infer") }
                                                          (officialEnv N) d CheckMode.verified.betaGate
                                                          (Expr.instantiateLevelParams cv.levelParams us cv.type)
                                                          (List.take mI (f'.app a).getAppArgs ++ [v]) with
                                                      | Except.error err => Except.error err
                                                      | Except.ok v_3 =>
                                                        if v_3 = true then
                                                          match
                                                            iotaCerts
                                                              {
                                                                whnfCore := fun x x_1 =>
                                                                  throw
                                                                    (CheckError.internal "fuel exhausted: whnfCore"),
                                                                whnf := fun x x_1 =>
                                                                  throw (CheckError.internal "fuel exhausted: whnf"),
                                                                infer := fun x x_1 =>
                                                                  throw (CheckError.internal "fuel exhausted: infer"),
                                                                defeq := fun x x_1 x_2 =>
                                                                  throw (CheckError.internal "fuel exhausted: defeq"),
                                                                annotate := fun x x_1 =>
                                                                  throw
                                                                    (CheckError.internal "fuel exhausted: annotate"),
                                                                inferIO := fun x x_1 =>
                                                                  throw (CheckError.internal "fuel exhausted: infer") }
                                                              (officialEnv N) d CheckMode.verified.betaGate
                                                              (Expr.instantiateLevelParams cvj.levelParams usj cvj.type)
                                                              v.getAppArgs with
                                                          | Except.error err => Except.error err
                                                          | Except.ok v_4 =>
                                                            if v_4 = true then
                                                              match
                                                                iotaIndexOk
                                                                  {
                                                                    whnfCore := fun x x_1 =>
                                                                      throw
                                                                        (CheckError.internal
                                                                          "fuel exhausted: whnfCore"),
                                                                    whnf := fun x x_1 =>
                                                                      throw
                                                                        (CheckError.internal "fuel exhausted: whnf"),
                                                                    infer := fun x x_1 =>
                                                                      throw
                                                                        (CheckError.internal "fuel exhausted: infer"),
                                                                    defeq := fun x x_1 x_2 =>
                                                                      throw
                                                                        (CheckError.internal "fuel exhausted: defeq"),
                                                                    annotate := fun x x_1 =>
                                                                      throw
                                                                        (CheckError.internal
                                                                          "fuel exhausted: annotate"),
                                                                    inferIO := fun x x_1 =>
                                                                      throw
                                                                        (CheckError.internal "fuel exhausted: infer") }
                                                                  (officialEnv N) d mI rP rl.ctorParams
                                                                  (Expr.instantiateLevelParams cvj.levelParams usj
                                                                    cvj.type)
                                                                  v.getAppArgs
                                                                  (List.drop rP
                                                                    (List.take mI (f'.app a).getAppArgs)) with
                                                              | Except.error err => Except.error err
                                                              | Except.ok v_5 =>
                                                                if v_5 = true then
                                                                  Except.ok
                                                                    (some
                                                                      ((Expr.instantiateLevelParams cv.levelParams us
                                                                            rl.rhs).mkAppN
                                                                        (List.take rP (f'.app a).getAppArgs ++
                                                                          List.drop rl.ctorParams v.getAppArgs)))
                                                                else Except.ok none
                                                            else Except.ok none
                                                        else Except.ok none
                                                    else Except.ok none
                                                else Except.ok none
                                          else Except.ok none
                                        | none => Except.ok none
                                      | x => Except.ok none
                                    | x => Except.ok none
                                else Except.ok none
                              | x => Except.ok none
                            | x => Except.ok none with
                          | Except.error err => Except.error err
                          | Except.ok v =>
                            match v with
                            | some e'' => throw (CheckError.internal "fuel exhausted: whnfCore")
                            | none => Except.ok (f'.app a)
                    | Expr.proj sn i pe =>
                      match throw (CheckError.internal "fuel exhausted: whnf") with
                      | Except.error err => Except.error err
                      | Except.ok v =>
                        match
                          projLitToCtor
                            { whnfCore := fun x x_1 => throw (CheckError.internal "fuel exhausted: whnfCore"),
                              whnf := fun x x_1 => throw (CheckError.internal "fuel exhausted: whnf"),
                              infer := fun x x_1 => throw (CheckError.internal "fuel exhausted: infer"),
                              defeq := fun x x_1 x_2 => throw (CheckError.internal "fuel exhausted: defeq"),
                              annotate := fun x x_1 => throw (CheckError.internal "fuel exhausted: annotate"),
                              inferIO := fun x x_1 => throw (CheckError.internal "fuel exhausted: infer") }
                            (officialEnv N) d v with
                        | Except.error err => Except.error err
                        | Except.ok v =>
                          match (officialEnv N).findProj? sn i with
                          | some entry =>
                            match v.getAppFn with
                            | Expr.const c us =>
                              if
                                  c = entry.ctor ∧
                                    i < entry.numFields ∧
                                      v.getAppArgs.length = entry.numParams + entry.numFields ∧
                                        us.length = entry.levelParams.length ∧ entry.fireOk us = true then
                                match
                                  projCertAt
                                    { whnfCore := fun x x_1 => throw (CheckError.internal "fuel exhausted: whnfCore"),
                                      whnf := fun x x_1 => throw (CheckError.internal "fuel exhausted: whnf"),
                                      infer := fun x x_1 => throw (CheckError.internal "fuel exhausted: infer"),
                                      defeq := fun x x_1 x_2 => throw (CheckError.internal "fuel exhausted: defeq"),
                                      annotate := fun x x_1 => throw (CheckError.internal "fuel exhausted: annotate"),
                                      inferIO := fun x x_1 => throw (CheckError.internal "fuel exhausted: infer") }
                                    (officialEnv N) d CheckMode.verified.verifiedChecks CheckMode.verified.betaGate c us
                                    v.getAppArgs with
                                | Except.error err => Except.error err
                                | Except.ok v =>
                                  if v = true then throw (CheckError.internal "fuel exhausted: whnfCore")
                                  else Except.ok (Expr.proj sn i pe)
                              else Except.ok (Expr.proj sn i pe)
                            | x => Except.ok (Expr.proj sn i pe)
                          | none => Except.ok (Expr.proj sn i pe)
                    | type.letE value body => throw (CheckError.internal "whnfCore: `let` in an annotated expression")
                    | Expr.bvar i => throw (CheckError.notImplemented "whnf beyond the supported fragment")
                  else
                    match
                      if CheckMode.verified.betaGate = true then
                        inferBodyIO CheckMode.verified
                          { whnfCore := fun x x_1 => throw (CheckError.internal "fuel exhausted: whnfCore"),
                              whnf := fun x x_1 => throw (CheckError.internal "fuel exhausted: whnf"),
                              infer := fun x x_1 => throw (CheckError.internal "fuel exhausted: infer"),
                              defeq := fun x x_1 x_2 => throw (CheckError.internal "fuel exhausted: defeq"),
                              annotate := fun x x_1 => throw (CheckError.internal "fuel exhausted: annotate"),
                              inferIO := fun x x_1 => throw (CheckError.internal "fuel exhausted: infer") }.ioView
                          (officialEnv N) d a
                      else
                        inferBody CheckMode.verified
                          { whnfCore := fun x x_1 => throw (CheckError.internal "fuel exhausted: whnfCore"),
                            whnf := fun x x_1 => throw (CheckError.internal "fuel exhausted: whnf"),
                            infer := fun x x_1 => throw (CheckError.internal "fuel exhausted: infer"),
                            defeq := fun x x_1 x_2 => throw (CheckError.internal "fuel exhausted: defeq"),
                            annotate := fun x x_1 => throw (CheckError.internal "fuel exhausted: annotate"),
                            inferIO := fun x x_1 => throw (CheckError.internal "fuel exhausted: infer") }
                          (officialEnv N) d a with
                    | Except.error err => Except.error err
                    | Except.ok v =>
                      match
                        defeqBody CheckMode.verified
                          { whnfCore := fun x x_1 => throw (CheckError.internal "fuel exhausted: whnfCore"),
                            whnf := fun x x_1 => throw (CheckError.internal "fuel exhausted: whnf"),
                            infer := fun x x_1 => throw (CheckError.internal "fuel exhausted: infer"),
                            defeq := fun x x_1 x_2 => throw (CheckError.internal "fuel exhausted: defeq"),
                            annotate := fun x x_1 => throw (CheckError.internal "fuel exhausted: annotate"),
                            inferIO := fun x x_1 => throw (CheckError.internal "fuel exhausted: infer") }
                          (officialEnv N) d v ty with
                      | Except.error err => Except.error err
                      | Except.ok v =>
                        if v = true then
                          match body.instantiate1 a with
                          | Expr.sort u => Except.ok (Expr.sort u)
                          | Expr.fvar idx ty => Except.ok (Expr.fvar idx ty)
                          | ty.forallE body bi => Except.ok (ty.forallE body bi)
                          | ty.lam body mb => Except.ok (ty.lam body mb)
                          | Expr.const n us => Except.ok (Expr.const n us)
                          | Expr.lit l => Except.ok (Expr.lit l)
                          | f.app a =>
                            match throw (CheckError.internal "fuel exhausted: whnfCore") with
                            | Except.error err => Except.error err
                            | Except.ok v =>
                              match v with
                              | ty.lam body mb =>
                                if betaGateFires CheckMode.verified mb.pw = true then
                                  throw (CheckError.internal "fuel exhausted: whnfCore")
                                else
                                  match throw (CheckError.internal "fuel exhausted: infer") with
                                  | Except.error err => Except.error err
                                  | Except.ok v =>
                                    match throw (CheckError.internal "fuel exhausted: defeq") with
                                    | Except.error err => Except.error err
                                    | Except.ok v =>
                                      if v = true then throw (CheckError.internal "fuel exhausted: whnfCore")
                                      else Except.ok ((ty.lam body mb).app a)
                              | f' =>
                                match
                                  match f'.getAppFn with
                                  | Expr.const c us =>
                                    match (officialEnv N).find? c with
                                    | some (ConstantInfo.recInfo cv mI rP rules) =>
                                      if (f'.app a).getAppArgs.length = mI + 1 ∧ us.length = cv.levelParams.length then
                                        match
                                          prepareMajor CheckMode.verified
                                            {
                                              whnfCore := fun x x_1 =>
                                                throw (CheckError.internal "fuel exhausted: whnfCore"),
                                              whnf := fun x x_1 => throw (CheckError.internal "fuel exhausted: whnf"),
                                              infer := fun x x_1 => throw (CheckError.internal "fuel exhausted: infer"),
                                              defeq := fun x x_1 x_2 =>
                                                throw (CheckError.internal "fuel exhausted: defeq"),
                                              annotate := fun x x_1 =>
                                                throw (CheckError.internal "fuel exhausted: annotate"),
                                              inferIO := fun x x_1 =>
                                                throw (CheckError.internal "fuel exhausted: infer") }
                                            (officialEnv N) d c rules ((f'.app a).getAppArgs.getD mI (Expr.bvar 0)) with
                                        | Except.error err => Except.error err
                                        | Except.ok v =>
                                          match v.getAppFn with
                                          | Expr.const cj usj =>
                                            match (officialEnv N).find? cj with
                                            | some (ConstantInfo.ctorInfo cvj numParams numFields) =>
                                              match List.find? (fun r' => r'.ctor == cj) rules with
                                              | some rl =>
                                                if v.getAppArgs.length = rl.ctorParams + rl.nfields then
                                                  if rl.fire = RecRuleFire.inert then
                                                    throw
                                                      (CheckError.notImplemented
                                                        "iota reduction over a nested auxiliary recursor rule")
                                                  else
                                                    match
                                                      liftFueled "level comparison"
                                                        (Level.isEquivList usj
                                                          (recFireComparands rl cv.levelParams us cvj.levelParams
                                                              (f'.app a).getAppArgs rP).fst) with
                                                    | Except.error err => Except.error err
                                                    | Except.ok v_1 =>
                                                      if v_1 = true then
                                                        match
                                                          if rl.compareParams = true then
                                                            defEqList
                                                              {
                                                                whnfCore := fun x x_1 =>
                                                                  throw
                                                                    (CheckError.internal "fuel exhausted: whnfCore"),
                                                                whnf := fun x x_1 =>
                                                                  throw (CheckError.internal "fuel exhausted: whnf"),
                                                                infer := fun x x_1 =>
                                                                  throw (CheckError.internal "fuel exhausted: infer"),
                                                                defeq := fun x x_1 x_2 =>
                                                                  throw (CheckError.internal "fuel exhausted: defeq"),
                                                                annotate := fun x x_1 =>
                                                                  throw
                                                                    (CheckError.internal "fuel exhausted: annotate"),
                                                                inferIO := fun x x_1 =>
                                                                  throw (CheckError.internal "fuel exhausted: infer") }
                                                              (officialEnv N) d (List.take rl.ctorParams v.getAppArgs)
                                                              (recFireComparands rl cv.levelParams us cvj.levelParams
                                                                  (f'.app a).getAppArgs rP).snd
                                                          else Except.ok true with
                                                        | Except.error err => Except.error err
                                                        | Except.ok v_2 =>
                                                          if v_2 = true then
                                                            match
                                                              iotaCerts
                                                                {
                                                                  whnfCore := fun x x_1 =>
                                                                    throw
                                                                      (CheckError.internal "fuel exhausted: whnfCore"),
                                                                  whnf := fun x x_1 =>
                                                                    throw (CheckError.internal "fuel exhausted: whnf"),
                                                                  infer := fun x x_1 =>
                                                                    throw (CheckError.internal "fuel exhausted: infer"),
                                                                  defeq := fun x x_1 x_2 =>
                                                                    throw (CheckError.internal "fuel exhausted: defeq"),
                                                                  annotate := fun x x_1 =>
                                                                    throw
                                                                      (CheckError.internal "fuel exhausted: annotate"),
                                                                  inferIO := fun x x_1 =>
                                                                    throw
                                                                      (CheckError.internal "fuel exhausted: infer") }
                                                                (officialEnv N) d CheckMode.verified.betaGate
                                                                (Expr.instantiateLevelParams cv.levelParams us cv.type)
                                                                (List.take mI (f'.app a).getAppArgs ++ [v]) with
                                                            | Except.error err => Except.error err
                                                            | Except.ok v_3 =>
                                                              if v_3 = true then
                                                                match
                                                                  iotaCerts
                                                                    {
                                                                      whnfCore := fun x x_1 =>
                                                                        throw
                                                                          (CheckError.internal
                                                                            "fuel exhausted: whnfCore"),
                                                                      whnf := fun x x_1 =>
                                                                        throw
                                                                          (CheckError.internal "fuel exhausted: whnf"),
                                                                      infer := fun x x_1 =>
                                                                        throw
                                                                          (CheckError.internal "fuel exhausted: infer"),
                                                                      defeq := fun x x_1 x_2 =>
                                                                        throw
                                                                          (CheckError.internal "fuel exhausted: defeq"),
                                                                      annotate := fun x x_1 =>
                                                                        throw
                                                                          (CheckError.internal
                                                                            "fuel exhausted: annotate"),
                                                                      inferIO := fun x x_1 =>
                                                                        throw
                                                                          (CheckError.internal
                                                                            "fuel exhausted: infer") }
                                                                    (officialEnv N) d CheckMode.verified.betaGate
                                                                    (Expr.instantiateLevelParams cvj.levelParams usj
                                                                      cvj.type)
                                                                    v.getAppArgs with
                                                                | Except.error err => Except.error err
                                                                | Except.ok v_4 =>
                                                                  if v_4 = true then
                                                                    match
                                                                      iotaIndexOk
                                                                        {
                                                                          whnfCore := fun x x_1 =>
                                                                            throw
                                                                              (CheckError.internal
                                                                                "fuel exhausted: whnfCore"),
                                                                          whnf := fun x x_1 =>
                                                                            throw
                                                                              (CheckError.internal
                                                                                "fuel exhausted: whnf"),
                                                                          infer := fun x x_1 =>
                                                                            throw
                                                                              (CheckError.internal
                                                                                "fuel exhausted: infer"),
                                                                          defeq := fun x x_1 x_2 =>
                                                                            throw
                                                                              (CheckError.internal
                                                                                "fuel exhausted: defeq"),
                                                                          annotate := fun x x_1 =>
                                                                            throw
                                                                              (CheckError.internal
                                                                                "fuel exhausted: annotate"),
                                                                          inferIO := fun x x_1 =>
                                                                            throw
                                                                              (CheckError.internal
                                                                                "fuel exhausted: infer") }
                                                                        (officialEnv N) d mI rP rl.ctorParams
                                                                        (Expr.instantiateLevelParams cvj.levelParams usj
                                                                          cvj.type)
                                                                        v.getAppArgs
                                                                        (List.drop rP
                                                                          (List.take mI (f'.app a).getAppArgs)) with
                                                                    | Except.error err => Except.error err
                                                                    | Except.ok v_5 =>
                                                                      if v_5 = true then
                                                                        Except.ok
                                                                          (some
                                                                            ((Expr.instantiateLevelParams cv.levelParams
                                                                                  us rl.rhs).mkAppN
                                                                              (List.take rP (f'.app a).getAppArgs ++
                                                                                List.drop rl.ctorParams v.getAppArgs)))
                                                                      else Except.ok none
                                                                  else Except.ok none
                                                              else Except.ok none
                                                          else Except.ok none
                                                      else Except.ok none
                                                else Except.ok none
                                              | none => Except.ok none
                                            | x => Except.ok none
                                          | x => Except.ok none
                                      else Except.ok none
                                    | x => Except.ok none
                                  | x => Except.ok none with
                                | Except.error err => Except.error err
                                | Except.ok v =>
                                  match v with
                                  | some e'' => throw (CheckError.internal "fuel exhausted: whnfCore")
                                  | none => Except.ok (f'.app a)
                          | Expr.proj sn i pe =>
                            match throw (CheckError.internal "fuel exhausted: whnf") with
                            | Except.error err => Except.error err
                            | Except.ok v =>
                              match
                                projLitToCtor
                                  { whnfCore := fun x x_1 => throw (CheckError.internal "fuel exhausted: whnfCore"),
                                    whnf := fun x x_1 => throw (CheckError.internal "fuel exhausted: whnf"),
                                    infer := fun x x_1 => throw (CheckError.internal "fuel exhausted: infer"),
                                    defeq := fun x x_1 x_2 => throw (CheckError.internal "fuel exhausted: defeq"),
                                    annotate := fun x x_1 => throw (CheckError.internal "fuel exhausted: annotate"),
                                    inferIO := fun x x_1 => throw (CheckError.internal "fuel exhausted: infer") }
                                  (officialEnv N) d v with
                              | Except.error err => Except.error err
                              | Except.ok v =>
                                match (officialEnv N).findProj? sn i with
                                | some entry =>
                                  match v.getAppFn with
                                  | Expr.const c us =>
                                    if
                                        c = entry.ctor ∧
                                          i < entry.numFields ∧
                                            v.getAppArgs.length = entry.numParams + entry.numFields ∧
                                              us.length = entry.levelParams.length ∧ entry.fireOk us = true then
                                      match
                                        projCertAt
                                          {
                                            whnfCore := fun x x_1 =>
                                              throw (CheckError.internal "fuel exhausted: whnfCore"),
                                            whnf := fun x x_1 => throw (CheckError.internal "fuel exhausted: whnf"),
                                            infer := fun x x_1 => throw (CheckError.internal "fuel exhausted: infer"),
                                            defeq := fun x x_1 x_2 =>
                                              throw (CheckError.internal "fuel exhausted: defeq"),
                                            annotate := fun x x_1 =>
                                              throw (CheckError.internal "fuel exhausted: annotate"),
                                            inferIO := fun x x_1 =>
                                              throw (CheckError.internal "fuel exhausted: infer") }
                                          (officialEnv N) d CheckMode.verified.verifiedChecks
                                          CheckMode.verified.betaGate c us v.getAppArgs with
                                      | Except.error err => Except.error err
                                      | Except.ok v =>
                                        if v = true then throw (CheckError.internal "fuel exhausted: whnfCore")
                                        else Except.ok (Expr.proj sn i pe)
                                    else Except.ok (Expr.proj sn i pe)
                                  | x => Except.ok (Expr.proj sn i pe)
                                | none => Except.ok (Expr.proj sn i pe)
                          | type.letE value body =>
                            throw (CheckError.internal "whnfCore: `let` in an annotated expression")
                          | Expr.bvar i => throw (CheckError.notImplemented "whnf beyond the supported fragment")
                        else Except.ok ((ty.lam body mb).app a)
                | ⋯ =>
                  match
                    match f'.getAppFn with
                    | ⋯ =>
                      match (officialEnv N).find? c with
                      | ⋯ =>
                        if (f'.app a).getAppArgs.length = mI + 1 ∧ us.length = cv.levelParams.length then
                          match
                            prepareMajor CheckMode.verified
                              {
                                whnfCore := fun d e =>
                                  match e with
                                  | Expr.sort u => Except.ok (Expr.sort u)
                                  | Expr.fvar idx ty => Except.ok (Expr.fvar idx ty)
                                  | ty.forallE body bi => Except.ok (ty.forallE body bi)
                                  | ty.lam body mb => Except.ok (ty.lam body mb)
                                  | Expr.const n us => Except.ok (Expr.const n us)
                                  | Expr.lit l => Except.ok (Expr.lit l)
                                  | f.app a =>
                                    match throw (CheckError.internal "fuel exhausted: whnfCore") with
                                    | Except.error err => Except.error err
                                    | Except.ok v =>
                                      match v with
                                      | ty.lam body mb =>
                                        if betaGateFires CheckMode.verified mb.pw = true then
                                          throw (CheckError.internal "fuel exhausted: whnfCore")
                                        else
                                          match throw (CheckError.internal "fuel exhausted: infer") with
                                          | Except.error err => Except.error err
                                          | Except.ok v =>
                                            match throw (CheckError.internal "fuel exhausted: defeq") with
                                            | Except.error err => Except.error err
                                            | Except.ok v =>
                                              if v = true then throw (CheckError.internal "fuel exhausted: whnfCore")
                                              else Except.ok ((ty.lam body mb).app a)
                                      | f' =>
                                        match
                                          match f'.getAppFn with
                                          | Expr.const c us =>
                                            match (officialEnv N).find? c with
                                            | some (ConstantInfo.recInfo cv mI rP rules) =>
                                              if
                                                  (f'.app a).getAppArgs.length = mI + 1 ∧
                                                    us.length = cv.levelParams.length then
                                                match
                                                  prepareMajor CheckMode.verified
                                                    {
                                                      whnfCore := fun x x_1 =>
                                                        throw (CheckError.internal "fuel exhausted: whnfCore"),
                                                      whnf := fun x x_1 =>
                                                        throw (CheckError.internal "fuel exhausted: whnf"),
                                                      infer := fun x x_1 =>
                                                        throw (CheckError.internal "fuel exhausted: infer"),
                                                      defeq := fun x x_1 x_2 =>
                                                        throw (CheckError.internal "fuel exhausted: defeq"),
                                                      annotate := fun x x_1 =>
                                                        throw (CheckError.internal "fuel exhausted: annotate"),
                                                      inferIO := fun x x_1 =>
                                                        throw (CheckError.internal "fuel exhausted: infer") }
                                                    (officialEnv N) d c rules
                                                    ((f'.app a).getAppArgs.getD mI (Expr.bvar 0)) with
                                                | Except.error err => Except.error err
                                                | Except.ok v =>
                                                  match v.getAppFn with
                                                  | Expr.const cj usj =>
                                                    match (officialEnv N).find? cj with
                                                    | some (ConstantInfo.ctorInfo cvj numParams numFields) =>
                                                      match List.find? (fun r' => r'.ctor == cj) rules with
                                                      | some rl =>
                                                        if v.getAppArgs.length = rl.ctorParams + rl.nfields then
                                                          if rl.fire = RecRuleFire.inert then
                                                            throw
                                                              (CheckError.notImplemented
                                                                "iota reduction over a nested auxiliary recursor rule")
                                                          else
                                                            match
                                                              liftFueled "level comparison"
                                                                (Level.isEquivList usj
                                                                  (recFireComparands rl cv.levelParams us
                                                                      cvj.levelParams (f'.app a).getAppArgs
                                                                      rP).fst) with
                                                            | Except.error err => Except.error err
                                                            | Except.ok v_1 =>
                                                              if v_1 = true then
                                                                match
                                                                  if rl.compareParams = true then
                                                                    defEqList
                                                                      {
                                                                        whnfCore := fun x x_1 =>
                                                                          throw
                                                                            (CheckError.internal
                                                                              "fuel exhausted: whnfCore"),
                                                                        whnf := fun x x_1 =>
                                                                          throw
                                                                            (CheckError.internal
                                                                              "fuel exhausted: whnf"),
                                                                        infer := fun x x_1 =>
                                                                          throw
                                                                            (CheckError.internal
                                                                              "fuel exhausted: infer"),
                                                                        defeq := fun x x_1 x_2 =>
                                                                          throw
                                                                            (CheckError.internal
                                                                              "fuel exhausted: defeq"),
                                                                        annotate := fun x x_1 =>
                                                                          throw
                                                                            (CheckError.internal
                                                                              "fuel exhausted: annotate"),
                                                                        inferIO := fun x x_1 =>
                                                                          throw
                                                                            (CheckError.internal
                                                                              "fuel exhausted: infer") }
                                                                      (officialEnv N) d
                                                                      (List.take rl.ctorParams v.getAppArgs)
                                                                      (recFireComparands rl cv.levelParams us
                                                                          cvj.levelParams (f'.app a).getAppArgs rP).snd
                                                                  else Except.ok true with
                                                                | Except.error err => Except.error err
                                                                | Except.ok v_2 =>
                                                                  if v_2 = true then
                                                                    match
                                                                      iotaCerts
                                                                        {
                                                                          whnfCore := fun x x_1 =>
                                                                            throw
                                                                              (CheckError.internal
                                                                                "fuel exhausted: whnfCore"),
                                                                          whnf := fun x x_1 =>
                                                                            throw
                                                                              (CheckError.internal
                                                                                "fuel exhausted: whnf"),
                                                                          infer := fun x x_1 =>
                                                                            throw
                                                                              (CheckError.internal
                                                                                "fuel exhausted: infer"),
                                                                          defeq := fun x x_1 x_2 =>
                                                                            throw
                                                                              (CheckError.internal
                                                                                "fuel exhausted: defeq"),
                                                                          annotate := fun x x_1 =>
                                                                            throw
                                                                              (CheckError.internal
                                                                                "fuel exhausted: annotate"),
                                                                          inferIO := fun x x_1 =>
                                                                            throw
                                                                              (CheckError.internal
                                                                                "fuel exhausted: infer") }
                                                                        (officialEnv N) d CheckMode.verified.betaGate
                                                                        (Expr.instantiateLevelParams cv.levelParams us
                                                                          cv.type)
                                                                        (List.take mI (f'.app a).getAppArgs ++ [v]) with
                                                                    | Except.error err => Except.error err
                                                                    | Except.ok v_3 =>
                                                                      if v_3 = true then
                                                                        match
                                                                          iotaCerts
                                                                            {
                                                                              whnfCore := fun x x_1 =>
                                                                                throw
                                                                                  (CheckError.internal
                                                                                    "fuel exhausted: whnfCore"),
                                                                              whnf := fun x x_1 =>
                                                                                throw
                                                                                  (CheckError.internal
                                                                                    "fuel exhausted: whnf"),
                                                                              infer := fun x x_1 =>
                                                                                throw
                                                                                  (CheckError.internal
                                                                                    "fuel exhausted: infer"),
                                                                              defeq := fun x x_1 x_2 =>
                                                                                throw
                                                                                  (CheckError.internal
                                                                                    "fuel exhausted: defeq"),
                                                                              annotate := fun x x_1 =>
                                                                                throw
                                                                                  (CheckError.internal
                                                                                    "fuel exhausted: annotate"),
                                                                              inferIO := fun x x_1 =>
                                                                                throw
                                                                                  (CheckError.internal
                                                                                    "fuel exhausted: infer") }
                                                                            (officialEnv N) d
                                                                            CheckMode.verified.betaGate
                                                                            (Expr.instantiateLevelParams cvj.levelParams
                                                                              usj cvj.type)
                                                                            v.getAppArgs with
                                                                        | Except.error err => Except.error err
                                                                        | Except.ok v_4 =>
                                                                          if v_4 = true then
                                                                            match
                                                                              iotaIndexOk
                                                                                {
                                                                                  whnfCore := fun x x_1 =>
                                                                                    throw
                                                                                      (CheckError.internal
                                                                                        "fuel exhausted: whnfCore"),
                                                                                  whnf := fun x x_1 =>
                                                                                    throw
                                                                                      (CheckError.internal
                                                                                        "fuel exhausted: whnf"),
                                                                                  infer := fun x x_1 =>
                                                                                    throw
                                                                                      (CheckError.internal
                                                                                        "fuel exhausted: infer"),
                                                                                  defeq := fun x x_1 x_2 =>
                                                                                    throw
                                                                                      (CheckError.internal
                                                                                        "fuel exhausted: defeq"),
                                                                                  annotate := fun x x_1 =>
                                                                                    throw
                                                                                      (CheckError.internal
                                                                                        "fuel exhausted: annotate"),
                                                                                  inferIO := fun x x_1 =>
                                                                                    throw
                                                                                      (CheckError.internal
                                                                                        "fuel exhausted: infer") }
                                                                                (officialEnv N) d mI rP rl.ctorParams
                                                                                (Expr.instantiateLevelParams
                                                                                  cvj.levelParams usj cvj.type)
                                                                                v.getAppArgs
                                                                                (List.drop rP
                                                                                  (List.take mI
                                                                                    (f'.app a).getAppArgs)) with
                                                                            | Except.error err => Except.error err
                                                                            | Except.ok v_5 =>
                                                                              if v_5 = true then
                                                                                Except.ok
                                                                                  (some
                                                                                    ((Expr.instantiateLevelParams
                                                                                          cv.levelParams us
                                                                                          rl.rhs).mkAppN
                                                                                      (List.take rP
                                                                                          (f'.app a).getAppArgs ++
                                                                                        List.drop rl.ctorParams
                                                                                          v.getAppArgs)))
                                                                              else Except.ok none
                                                                          else Except.ok none
                                                                      else Except.ok none
                                                                  else Except.ok none
                                                              else Except.ok none
                                                        else Except.ok none
                                                      | none => Except.ok none
                                                    | x => Except.ok none
                                                  | x => Except.ok none
                                              else Except.ok none
                                            | x => Except.ok none
                                          | x => Except.ok none with
                                        | Except.error err => Except.error err
                                        | Except.ok v =>
                                          match v with
                                          | some e'' => throw (CheckError.internal "fuel exhausted: whnfCore")
                                          | none => Except.ok (f'.app a)
                                  | Expr.proj sn i pe =>
                                    match throw (CheckError.internal "fuel exhausted: whnf") with
                                    | Except.error err => Except.error err
                                    | Except.ok v =>
                                      match
                                        projLitToCtor
                                          {
                                            whnfCore := fun x x_1 =>
                                              throw (CheckError.internal "fuel exhausted: whnfCore"),
                                            whnf := fun x x_1 => throw (CheckError.internal "fuel exhausted: whnf"),
                                            infer := fun x x_1 => throw (CheckError.internal "fuel exhausted: infer"),
                                            defeq := fun x x_1 x_2 =>
                                              throw (CheckError.internal "fuel exhausted: defeq"),
                                            annotate := fun x x_1 =>
                                              throw (CheckError.internal "fuel exhausted: annotate"),
                                            inferIO := fun x x_1 =>
                                              throw (CheckError.internal "fuel exhausted: infer") }
                                          (officialEnv N) d v with
                                      | Except.error err => Except.error err
                                      | Except.ok v =>
                                        match (officialEnv N).findProj? sn i with
                                        | some entry =>
                                          match v.getAppFn with
                                          | Expr.const c us =>
                                            if
                                                c = entry.ctor ∧
                                                  i < entry.numFields ∧
                                                    v.getAppArgs.length = entry.numParams + entry.numFields ∧
                                                      us.length = entry.levelParams.length ∧ entry.fireOk us = true then
                                              match
                                                projCertAt
                                                  {
                                                    whnfCore := fun x x_1 =>
                                                      throw (CheckError.internal "fuel exhausted: whnfCore"),
                                                    whnf := fun x x_1 =>
                                                      throw (CheckError.internal "fuel exhausted: whnf"),
                                                    infer := fun x x_1 =>
                                                      throw (CheckError.internal "fuel exhausted: infer"),
                                                    defeq := fun x x_1 x_2 =>
                                                      throw (CheckError.internal "fuel exhausted: defeq"),
                                                    annotate := fun x x_1 =>
                                                      throw (CheckError.internal "fuel exhausted: annotate"),
                                                    inferIO := fun x x_1 =>
                                                      throw (CheckError.internal "fuel exhausted: infer") }
                                                  (officialEnv N) d CheckMode.verified.verifiedChecks
                                                  CheckMode.verified.betaGate c us v.getAppArgs with
                                              | Except.error err => Except.error err
                                              | Except.ok v =>
                                                if v = true then throw (CheckError.internal "fuel exhausted: whnfCore")
                                                else Except.ok (Expr.proj sn i pe)
                                            else Except.ok (Expr.proj sn i pe)
                                          | x => Except.ok (Expr.proj sn i pe)
                                        | none => Except.ok (Expr.proj sn i pe)
                                  | type.letE value body =>
                                    throw (CheckError.internal "whnfCore: `let` in an annotated expression")
                                  | Expr.bvar i =>
                                    throw (CheckError.notImplemented "whnf beyond the supported fragment"),
                                whnf := fun d e =>
                                  whnfBody
                                    { whnfCore := fun x x_1 => throw (CheckError.internal "fuel exhausted: whnfCore"),
                                      whnf := fun x x_1 => throw (CheckError.internal "fuel exhausted: whnf"),
                                      infer := fun x x_1 => throw (CheckError.internal "fuel exhausted: infer"),
                                      defeq := fun x x_1 x_2 => throw (CheckError.internal "fuel exhausted: defeq"),
                                      annotate := fun x x_1 => throw (CheckError.internal "fuel exhausted: annotate"),
                                      inferIO := fun x x_1 => throw (CheckError.internal "fuel exhausted: infer") }
                                    (officialEnv N) d e,
                                infer := fun d e =>
                                  inferBody CheckMode.verified
                                    { whnfCore := fun x x_1 => throw (CheckError.internal "fuel exhausted: whnfCore"),
                                      whnf := fun x x_1 => throw (CheckError.internal "fuel exhausted: whnf"),
                                      infer := fun x x_1 => throw (CheckError.internal "fuel exhausted: infer"),
                                      defeq := fun x x_1 x_2 => throw (CheckError.internal "fuel exhausted: defeq"),
                                      annotate := fun x x_1 => throw (CheckError.internal "fuel exhausted: annotate"),
                                      inferIO := fun x x_1 => throw (CheckError.internal "fuel exhausted: infer") }
                                    (officialEnv N) d e,
                                defeq := fun d a b =>
                                  defeqBody CheckMode.verified
                                    { whnfCore := fun x x_1 => throw (CheckError.internal "fuel exhausted: whnfCore"),
                                      whnf := fun x x_1 => throw (CheckError.internal "fuel exhausted: whnf"),
                                      infer := fun x x_1 => throw (CheckError.internal "fuel exhausted: infer"),
                                      defeq := fun x x_1 x_2 => throw (CheckError.internal "fuel exhausted: defeq"),
                                      annotate := fun x x_1 => throw (CheckError.internal "fuel exhausted: annotate"),
                                      inferIO := fun x x_1 => throw (CheckError.internal "fuel exhausted: infer") }
                                    (officialEnv N) d a b,
                                annotate := fun d e =>
                                  annotateBody
                                    { whnfCore := fun x x_1 => throw (CheckError.internal "fuel exhausted: whnfCore"),
                                      whnf := fun x x_1 => throw (CheckError.internal "fuel exhausted: whnf"),
                                      infer := fun x x_1 => throw (CheckError.internal "fuel exhausted: infer"),
                                      defeq := fun x x_1 x_2 => throw (CheckError.internal "fuel exhausted: defeq"),
                                      annotate := fun x x_1 => throw (CheckError.internal "fuel exhausted: annotate"),
                                      inferIO := fun x x_1 => throw (CheckError.internal "fuel exhausted: infer") }
                                    (officialEnv N) d e,
                                inferIO := fun d e =>
                                  if CheckMode.verified.betaGate = true then
                                    inferBodyIO CheckMode.verified
                                      { whnfCore := fun x x_1 => throw (CheckError.internal "fuel exhausted: whnfCore"),
                                          whnf := fun x x_1 => throw (CheckError.internal "fuel exhausted: whnf"),
                                          infer := fun x x_1 => throw (CheckError.internal "fuel exhausted: infer"),
                                          defeq := fun x x_1 x_2 => throw (CheckError.internal "fuel exhausted: defeq"),
                                          annotate := fun x x_1 =>
                                            throw (CheckError.internal "fuel exhausted: annotate"),
                                          inferIO := fun x x_1 =>
                                            throw (CheckError.internal "fuel exhausted: infer") }.ioView
                                      (officialEnv N) d e
                                  else
                                    inferBody CheckMode.verified
                                      { whnfCore := fun x x_1 => throw (CheckError.internal "fuel exhausted: whnfCore"),
                                        whnf := fun x x_1 => throw (CheckError.internal "fuel exhausted: whnf"),
                                        infer := fun x x_1 => throw (CheckError.internal "fuel exhausted: infer"),
                                        defeq := fun x x_1 x_2 => throw (CheckError.internal "fuel exhausted: defeq"),
                                        annotate := fun x x_1 => throw (CheckError.internal "fuel exhausted: annotate"),
                                        inferIO := fun x x_1 => throw (CheckError.internal "fuel exhausted: infer") }
                                      (officialEnv N) d e }
                              (officialEnv N) d c rules ((f'.app a).getAppArgs.getD mI (Expr.bvar 0)) with
                          | ⋯ => Except.error err
                          | ⋯ =>
                            match v.getAppFn with
                            | ⋯ =>
                              match (officialEnv N).find? cj with
                              | ⋯ =>
                                match List.find? (fun r' => r'.ctor == cj) rules with
                                | ⋯ =>
                                  if v.getAppArgs.length = rl.ctorParams + rl.nfields then
                                    if rl.fire = RecRuleFire.inert then
                                      throw
                                        (CheckError.notImplemented
                                          "iota reduction over a nested auxiliary recursor rule")
                                    else
                                      match
                                        liftFueled "level comparison"
                                          (Level.isEquivList usj
                                            (recFireComparands rl cv.levelParams us cvj.levelParams
                                                (f'.app a).getAppArgs rP).fst) with
                                      | ⋯ => Except.error err
                                      | ⋯ =>
                                        if v_1 = true then
                                          match
                                            if rl.compareParams = true then
                                              defEqList
                                                {
                                                  whnfCore := fun d e =>
                                                    match e with
                                                    | ⋯ => Except.ok (Expr.sort u)
                                                    | ⋯ => Except.ok (Expr.fvar idx ty)
                                                    | ⋯ => Except.ok (ty.forallE body bi)
                                                    | ⋯ => Except.ok (ty.lam body mb)
                                                    | ⋯ => Except.ok (Expr.const n us)
                                                    | ⋯ => Except.ok (Expr.lit l)
                                                    | ⋯ =>
                                                      match throw (CheckError.internal "fuel exhausted: whnfCore") with
                                                      | Except.error err => Except.error err
                                                      | Except.ok v =>
                                                        match v with
                                                        | ty.lam body mb =>
                                                          if betaGateFires CheckMode.verified mb.pw = true then
                                                            throw (CheckError.internal "fuel exhausted: whnfCore")
                                                          else
                                                            match
                                                              throw (CheckError.internal "fuel exhausted: infer") with
                                                            | Except.error err => Except.error err
                                                            | Except.ok v =>
                                                              match
                                                                throw (CheckError.internal "fuel exhausted: defeq") with
                                                              | Except.error err => Except.error err
                                                              | Except.ok v =>
                                                                if v = true then
                                                                  throw (CheckError.internal "fuel exhausted: whnfCore")
                                                                else Except.ok ((ty.lam body mb).app a)
                                                        | f' =>
                                                          match
                                                            match f'.getAppFn with
                                                            | Expr.const c us =>
                                                              match (officialEnv N).find? c with
                                                              | some (ConstantInfo.recInfo cv mI rP rules) =>
                                                                if
                                                                    (f'.app a).getAppArgs.length = mI + 1 ∧
                                                                      us.length = cv.levelParams.length then
                                                                  match
                                                                    prepareMajor CheckMode.verified
                                                                      {
                                                                        whnfCore := fun x x_1 =>
                                                                          throw
                                                                            (CheckError.internal
                                                                              "fuel exhausted: whnfCore"),
                                                                        whnf := fun x x_1 =>
                                                                          throw
                                                                            (CheckError.internal
                                                                              "fuel exhausted: whnf"),
                                                                        infer := fun x x_1 =>
                                                                          throw
                                                                            (CheckError.internal
                                                                              "fuel exhausted: infer"),
                                                                        defeq := fun x x_1 x_2 =>
                                                                          throw
                                                                            (CheckError.internal
                                                                              "fuel exhausted: defeq"),
                                                                        annotate := fun x x_1 =>
                                                                          throw
                                                                            (CheckError.internal
                                                                              "fuel exhausted: annotate"),
                                                                        inferIO := fun x x_1 =>
                                                                          throw
                                                                            (CheckError.internal
                                                                              "fuel exhausted: infer") }
                                                                      (officialEnv N) d c rules
                                                                      ((f'.app a).getAppArgs.getD mI (Expr.bvar 0)) with
                                                                  | Except.error err => Except.error err
                                                                  | Except.ok v =>
                                                                    match v.getAppFn with
                                                                    | Expr.const cj usj =>
                                                                      match (officialEnv N).find? cj with
                                                                      |
                                                                      some
                                                                          (ConstantInfo.ctorInfo cvj numParams
                                                                            numFields) =>
                                                                        match
                                                                          List.find? (fun r' => r'.ctor == cj)
                                                                            rules with
                                                                        | some rl =>
                                                                          if
                                                                              v.getAppArgs.length =
                                                                                rl.ctorParams + rl.nfields then
                                                                            if rl.fire = RecRuleFire.inert then
                                                                              throw
                                                                                (CheckError.notImplemented
                                                                                  "iota reduction over a nested auxiliary recursor rule")
                                                                            else
                                                                              match
                                                                                liftFueled "level comparison"
                                                                                  (Level.isEquivList usj
                                                                                    (recFireComparands rl cv.levelParams
                                                                                        us cvj.levelParams
                                                                                        (f'.app a).getAppArgs
                                                                                        rP).fst) with
                                                                              | Except.error err => Except.error err
                                                                              | Except.ok v_2 =>
                                                                                if v_2 = true then
                                                                                  match
                                                                                    if rl.compareParams = true then
                                                                                      defEqList
                                                                                        {
                                                                                          whnfCore := fun x x_1 =>
                                                                                            throw
                                                                                              (CheckError.internal
                                                                                                "fuel exhausted: whnfCore"),
                                                                                          whnf := fun x x_1 =>
                                                                                            throw
                                                                                              (CheckError.internal
                                                                                                "fuel exhausted: whnf"),
                                                                                          infer := fun x x_1 =>
                                                                                            throw
                                                                                              (CheckError.internal
                                                                                                "fuel exhausted: infer"),
                                                                                          defeq := fun x x_1 x_2 =>
                                                                                            throw
                                                                                              (CheckError.internal
                                                                                                "fuel exhausted: defeq"),
                                                                                          annotate := fun x x_1 =>
                                                                                            throw
                                                                                              (CheckError.internal
                                                                                                "fuel exhausted: annotate"),
                                                                                          inferIO := fun x x_1 =>
                                                                                            throw
                                                                                              (CheckError.internal
                                                                                                "fuel exhausted: infer") }
                                                                                        (officialEnv N) d
                                                                                        (List.take rl.ctorParams
                                                                                          v.getAppArgs)
                                                                                        (recFireComparands rl
                                                                                            cv.levelParams us
                                                                                            cvj.levelParams
                                                                                            (f'.app a).getAppArgs
                                                                                            rP).snd
                                                                                    else Except.ok true with
                                                                                  | Except.error err => Except.error err
                                                                                  | Except.ok v_3 =>
                                                                                    if v_3 = true then
                                                                                      match
                                                                                        iotaCerts
                                                                                          {
                                                                                            whnfCore := fun x x_1 =>
                                                                                              throw
                                                                                                (CheckError.internal
                                                                                                  "fuel exhausted: whnfCore"),
                                                                                            whnf := fun x x_1 =>
                                                                                              throw
                                                                                                (CheckError.internal
                                                                                                  "fuel exhausted: whnf"),
                                                                                            infer := fun x x_1 =>
                                                                                              throw
                                                                                                (CheckError.internal
                                                                                                  "fuel exhausted: infer"),
                                                                                            defeq := fun x x_1 x_2 =>
                                                                                              throw
                                                                                                (CheckError.internal
                                                                                                  "fuel exhausted: defeq"),
                                                                                            annotate := fun x x_1 =>
                                                                                              throw
                                                                                                (CheckError.internal
                                                                                                  "fuel exhausted: annotate"),
                                                                                            inferIO := fun x x_1 =>
                                                                                              throw
                                                                                                (CheckError.internal
                                                                                                  "fuel exhausted: infer") }
                                                                                          (officialEnv N) d
                                                                                          CheckMode.verified.betaGate
                                                                                          (Expr.instantiateLevelParams
                                                                                            cv.levelParams us cv.type)
                                                                                          (List.take mI
                                                                                              (f'.app a).getAppArgs ++
                                                                                            [v]) with
                                                                                      | Except.error err =>
                                                                                        Except.error err
                                                                                      | Except.ok v_4 =>
                                                                                        if v_4 = true then
                                                                                          match
                                                                                            iotaCerts
                                                                                              {
                                                                                                whnfCore := fun x x_1 =>
                                                                                                  throw
                                                                                                    (CheckError.internal
                                                                                                      "fuel exhausted: whnfCore"),
                                                                                                whnf := fun x x_1 =>
                                                                                                  throw
                                                                                                    (CheckError.internal
                                                                                                      "fuel exhausted: whnf"),
                                                                                                infer := fun x x_1 =>
                                                                                                  throw
                                                                                                    (CheckError.internal
                                                                                                      "fuel exhausted: infer"),
                                                                                                defeq :=
                                                                                                  fun x x_1 x_2 =>
                                                                                                  throw
                                                                                                    (CheckError.internal
                                                                                                      "fuel exhausted: defeq"),
                                                                                                annotate := fun x x_1 =>
                                                                                                  throw
                                                                                                    (CheckError.internal
                                                                                                      "fuel exhausted: annotate"),
                                                                                                inferIO := fun x x_1 =>
                                                                                                  throw
                                                                                                    (CheckError.internal
                                                                                                      "fuel exhausted: infer") }
                                                                                              (officialEnv N) d
                                                                                              CheckMode.verified.betaGate
                                                                                              (Expr.instantiateLevelParams
                                                                                                cvj.levelParams usj
                                                                                                cvj.type)
                                                                                              v.getAppArgs with
                                                                                          | Except.error err =>
                                                                                            Except.error err
                                                                                          | Except.ok v_5 =>
                                                                                            if v_5 = true then
                                                                                              match
                                                                                                iotaIndexOk
                                                                                                  {
                                                                                                    whnfCore :=
                                                                                                      fun x x_1 =>
                                                                                                      throw
                                                                                                        (CheckError.internal
                                                                                                          "fuel exhausted: whnfCore"),
                                                                                                    whnf := fun x x_1 =>
                                                                                                      throw
                                                                                                        (CheckError.internal
                                                                                                          "fuel exhausted: whnf"),
                                                                                                    infer :=
                                                                                                      fun x x_1 =>
                                                                                                      throw
                                                                                                        (CheckError.internal
                                                                                                          "fuel exhausted: infer"),
                                                                                                    defeq :=
                                                                                                      fun x x_1 x_2 =>
                                                                                                      throw
                                                                                                        (CheckError.internal
                                                                                                          "fuel exhausted: defeq"),
                                                                                                    annotate :=
                                                                                                      fun x x_1 =>
                                                                                                      throw
                                                                                                        (CheckError.internal
                                                                                                          "fuel exhausted: annotate"),
                                                                                                    inferIO :=
                                                                                                      fun x x_1 =>
                                                                                                      throw
                                                                                                        (CheckError.internal
                                                                                                          "fuel exhausted: infer") }
                                                                                                  (officialEnv N) d mI
                                                                                                  rP rl.ctorParams
                                                                                                  (Expr.instantiateLevelParams
                                                                                                    cvj.levelParams usj
                                                                                                    cvj.type)
                                                                                                  v.getAppArgs
                                                                                                  (List.drop rP
                                                                                                    (List.take mI
                                                                                                      (f'.app
                                                                                                          a).getAppArgs)) with
                                                                                              | Except.error err =>
                                                                                                Except.error err
                                                                                              | Except.ok v_6 =>
                                                                                                if v_6 = true then
                                                                                                  Except.ok
                                                                                                    (some
                                                                                                      ((Expr.instantiateLevelParams
                                                                                                            cv.levelParams
                                                                                                            us
                                                                                                            rl.rhs).mkAppN
                                                                                                        (List.take rP
                                                                                                            (f'.app
                                                                                                                a).getAppArgs ++
                                                                                                          List.drop
                                                                                                            rl.ctorParams
                                                                                                            v.getAppArgs)))
                                                                                                else Except.ok none
                                                                                            else Except.ok none
                                                                                        else Except.ok none
                                                                                    else Except.ok none
                                                                                else Except.ok none
                                                                          else Except.ok none
                                                                        | none => Except.ok none
                                                                      | x => Except.ok none
                                                                    | x => Except.ok none
                                                                else Except.ok none
                                                              | x => Except.ok none
                                                            | x => Except.ok none with
                                                          | Except.error err => Except.error err
                                                          | Except.ok v =>
                                                            match v with
                                                            | some e'' =>
                                                              throw (CheckError.internal "fuel exhausted: whnfCore")
                                                            | none => Except.ok (f'.app a)
                                                    | ⋯ =>
                                                      match throw (CheckError.internal "fuel exhausted: whnf") with
                                                      | ⋯ => Except.error err
                                                      | ⋯ =>
                                                        match
                                                          projLitToCtor
                                                            {
                                                              whnfCore := fun x x_1 =>
                                                                throw (CheckError.internal "fuel exhausted: whnfCore"),
                                                              whnf := fun x x_1 =>
                                                                throw (CheckError.internal "fuel exhausted: whnf"),
                                                              infer := fun x x_1 =>
                                                                throw (CheckError.internal "fuel exhausted: infer"),
                                                              defeq := fun x x_1 x_2 =>
                                                                throw (CheckError.internal "fuel exhausted: defeq"),
                                                              annotate := fun x x_1 =>
                                                                throw (CheckError.internal "fuel exhausted: annotate"),
                                                              inferIO := fun x x_1 =>
                                                                throw (CheckError.internal "fuel exhausted: infer") }
                                                            (officialEnv N) d v with
                                                        | ⋯ => Except.error err
                                                        | ⋯ =>
                                                          match (officialEnv N).findProj? sn i with
                                                          | ⋯ =>
                                                            match v.getAppFn with
                                                            | Expr.const c us =>
                                                              if
                                                                  c = entry.ctor ∧
                                                                    i < entry.numFields ∧
                                                                      v.getAppArgs.length =
                                                                          entry.numParams + entry.numFields ∧
                                                                        us.length = entry.levelParams.length ∧
                                                                          entry.fireOk us = true then
                                                                match
                                                                  projCertAt
                                                                    {
                                                                      whnfCore := fun x x_1 =>
                                                                        throw
                                                                          (CheckError.internal
                                                                            "fuel exhausted: whnfCore"),
                                                                      whnf := fun x x_1 =>
                                                                        throw
                                                                          (CheckError.internal "fuel exhausted: whnf"),
                                                                      infer := fun x x_1 =>
                                                                        throw
                                                                          (CheckError.internal "fuel exhausted: infer"),
                                                                      defeq := fun x x_1 x_2 =>
                                                                        throw
                                                                          (CheckError.internal "fuel exhausted: defeq"),
                                                                      annotate := fun x x_1 =>
                                                                        throw
                                                                          (CheckError.internal
                                                                            "fuel exhausted: annotate"),
                                                                      inferIO := fun x x_1 =>
                                                                        throw
                                                                          (CheckError.internal
                                                                            "fuel exhausted: infer") }
                                                                    (officialEnv N) d CheckMode.verified.verifiedChecks
                                                                    CheckMode.verified.betaGate c us v.getAppArgs with
                                                                | Except.error err => Except.error err
                                                                | Except.ok v =>
                                                                  if v = true then
                                                                    throw
                                                                      (CheckError.internal "fuel exhausted: whnfCore")
                                                                  else Except.ok (Expr.proj sn i pe)
                                                              else Except.ok (Expr.proj sn i pe)
                                                            | x => Except.ok (Expr.proj sn i pe)
                                                          | ⋯ => Except.ok (Expr.proj sn ⋯ ⋯)
                                                    | ⋯ => ⋯
                                                    | ⋯ => ⋯,
                                                  whnf := ⋯, infer := ⋯, defeq := ⋯, annotate := ⋯, inferIO := ⋯ }
                                                ⋯ ⋯ ⋯ ⋯
                                            else ⋯ with
                                          | ⋯ => ⋯
                                          | ⋯ => ⋯
                                        else ⋯
                                  else ⋯
                                | ⋯ => ⋯
                              | ⋯ => ⋯
                            | ⋯ => ⋯
                        else ⋯
                      | ⋯ => ⋯
                    | ⋯ => ⋯ with
                  | ⋯ => ⋯
                  | ⋯ => ⋯
            | ⋯ => ⋯
            | ⋯ => ⋯
            | ⋯ => ⋯,
          whnf := ⋯, infer := ⋯, defeq := ⋯, annotate := ⋯, inferIO := ⋯ }
        ⋯ ⋯ ⋯ with
    | ⋯ => ⋯
    | ⋯ => ⋯) =
    ⋯
/Users/danphifer/Documents/Codex/2026-09-30/task-4/tree2-computation/Tree2ArrowTowerOfficial.lean:687:15: error: Tactic `rewrite` failed: Did not find an occurrence of the pattern
  List.find? (fun t => t.name == n) (Tree2ArrowTowerSchema.target false N).types.toList
in the target expression
  (match none with
    | some t => t.type.piBinders.fst.length
    | none => 0) =
    0

case none
N : Nat
n : Name
hf : List.find? (fun t => t.name == n) (Tree2ArrowTowerSchema.target false N).types.toList = none
⊢ (match none with
    | some t => t.type.piBinders.fst.length
    | none => 0) =
    0
/Users/danphifer/Documents/Codex/2026-09-30/task-4/tree2-computation/Tree2ArrowTowerOfficial.lean:689:6: error: Tactic `rewrite` failed: Did not find an occurrence of the pattern
  List.find? (fun t => t.name == n) (Tree2ArrowTowerSchema.target false N).types.toList
in the target expression
  (match some ty with
    | some t => t.type.piBinders.fst.length
    | none => 0) =
    0

case some
N : Nat
n : Name
ty : Official.AuxType
hf : List.find? (fun t => t.name == n) (Tree2ArrowTowerSchema.target false N).types.toList = some ty
⊢ (match some ty with
    | some t => t.type.piBinders.fst.length
    | none => 0) =
    0
/Users/danphifer/Documents/Codex/2026-09-30/task-4/tree2-computation/Tree2ArrowTowerOfficial.lean:698:12: warning: This simp argument is unused:
  Function.comp_apply

Hint: Omit it from the simp argument list.
  [apply] simp only [he]

Note: This linter can be disabled with `set_option linter.unusedSimpArgs false`
/Users/danphifer/Documents/Codex/2026-09-30/task-4/tree2-computation/Tree2ArrowTowerOfficial.lean:699:45: warning: Variable name `hj` is not explicitly referenced.

Hint: The binding can be removed (if unused) or named `_` (if used implicitly). Alternatively, prefix the name with `_` to silence this warning:
  [apply] _hj

Note: This linter can be disabled with `set_option linter.unusedVariables false`
'Tree2ArrowTowerOfficial.lowering' depends on axioms: [propext, Classical.choice, Quot.sound]
'Tree2ArrowTowerOfficial.negative_field' depends on axioms: [propext, Classical.choice, Quot.sound]
'Tree2ArrowTowerOfficial.negative_ctor' depends on axioms: [propext, Classical.choice, Quot.sound]
'Tree2ArrowTowerOfficial.acceptance_domain' depends on axioms: [propext, Classical.choice, Quot.sound]
