/Users/danphifer/Documents/Codex/2026-09-30/task-4/tree2-computation/Tree2ArrowTowerOfficial.lean:10:15: warning: Variable name `bad` is not explicitly referenced.

Hint: The binding can be removed (if unused) or named `_` (if used implicitly). Alternatively, prefix the name with `_` to silence this warning:
  [apply] _bad

Note: This linter can be disabled with `set_option linter.unusedVariables false`
/Users/danphifer/Documents/Codex/2026-09-30/task-4/tree2-computation/Tree2ArrowTowerOfficial.lean:47:29: warning: Variable name `bad` is not explicitly referenced.

Hint: The binding can be removed (if unused) or named `_` (if used implicitly). Alternatively, prefix the name with `_` to silence this warning:
  [apply] _bad

Note: This linter can be disabled with `set_option linter.unusedVariables false`
/Users/danphifer/Documents/Codex/2026-09-30/task-4/tree2-computation/Tree2ArrowTowerOfficial.lean:69:26: warning: Variable name `bad` is not explicitly referenced.

Hint: The binding can be removed (if unused) or named `_` (if used implicitly). Alternatively, prefix the name with `_` to silence this warning:
  [apply] _bad

Note: This linter can be disabled with `set_option linter.unusedVariables false`
/Users/danphifer/Documents/Codex/2026-09-30/task-4/tree2-computation/Tree2ArrowTowerOfficial.lean:75:24: warning: Variable name `bad` is not explicitly referenced.

Hint: The binding can be removed (if unused) or named `_` (if used implicitly). Alternatively, prefix the name with `_` to silence this warning:
  [apply] _bad

Note: This linter can be disabled with `set_option linter.unusedVariables false`
/Users/danphifer/Documents/Codex/2026-09-30/task-4/tree2-computation/Tree2ArrowTowerOfficial.lean:82:21: warning: Variable name `bad` is not explicitly referenced.

Hint: The binding can be removed (if unused) or named `_` (if used implicitly). Alternatively, prefix the name with `_` to silence this warning:
  [apply] _bad

Note: This linter can be disabled with `set_option linter.unusedVariables false`
/Users/danphifer/Documents/Codex/2026-09-30/task-4/tree2-computation/Tree2ArrowTowerOfficial.lean:333:29: warning: Variable name `bad` is not explicitly referenced.

Hint: The binding can be removed (if unused) or named `_` (if used implicitly). Alternatively, prefix the name with `_` to silence this warning:
  [apply] _bad

Note: This linter can be disabled with `set_option linter.unusedVariables false`
/Users/danphifer/Documents/Codex/2026-09-30/task-4/tree2-computation/Tree2ArrowTowerOfficial.lean:671:5: error: Tactic `rewrite` failed: Did not find an occurrence of the pattern
  (officialEnv N).find? (refName N j)
in the target expression
  (match
      (id
            {
              whnfCore := fun d e =>
                match e with
                | ⋯ => Except.ok (Expr.sort u)
                | ⋯ => Except.ok (Expr.fvar idx ty)
                | ⋯ => Except.ok (ty.forallE body bi)
                | ⋯ => Except.ok (ty.lam body mb)
                | ⋯ => Except.ok (Expr.const n us)
                | ⋯ => Except.ok (Expr.lit l)
                | ⋯ =>
                  match
                    (id
                          {
                            whnfCore := fun d e =>
                              match e with
                              | Expr.sort u => Except.ok (Expr.sort u)
                              | Expr.fvar idx ty => Except.ok (Expr.fvar idx ty)
                              | ty.forallE body bi => Except.ok (ty.forallE body bi)
                              | ty.lam body mb => Except.ok (ty.lam body mb)
                              | Expr.const n us => Except.ok (Expr.const n us)
                              | Expr.lit l => Except.ok (Expr.lit l)
                              | f.app a =>
                                match throw (CheckError.internal "fuel exhausted: whnfCore") with
                                | Except.error err => Except.error err
                                | Except.ok v =>
                                  match v with
                                  | ty.lam body mb =>
                                    if betaGateFires CheckMode.verified mb.pw = true then
                                      throw (CheckError.internal "fuel exhausted: whnfCore")
                                    else
                                      match throw (CheckError.internal "fuel exhausted: infer") with
                                      | Except.error err => Except.error err
                                      | Except.ok v =>
                                        match throw (CheckError.internal "fuel exhausted: defeq") with
                                        | Except.error err => Except.error err
                                        | Except.ok v =>
                                          if v = true then throw (CheckError.internal "fuel exhausted: whnfCore")
                                          else Except.ok ((ty.lam body mb).app a)
                                  | f' =>
                                    match
                                      match f'.getAppFn with
                                      | Expr.const c us =>
                                        match (officialEnv N).find? c with
                                        | some (ConstantInfo.recInfo cv mI rP rules) =>
                                          if
                                              (f'.app a).getAppArgs.length = mI + 1 ∧
                                                us.length = cv.levelParams.length then
                                            match
                                              prepareMajor CheckMode.verified
                                                {
                                                  whnfCore := fun x x_1 =>
                                                    throw (CheckError.internal "fuel exhausted: whnfCore"),
                                                  whnf := fun x x_1 =>
                                                    throw (CheckError.internal "fuel exhausted: whnf"),
                                                  infer := fun x x_1 =>
                                                    throw (CheckError.internal "fuel exhausted: infer"),
                                                  defeq := fun x x_1 x_2 =>
                                                    throw (CheckError.internal "fuel exhausted: defeq"),
                                                  annotate := fun x x_1 =>
                                                    throw (CheckError.internal "fuel exhausted: annotate"),
                                                  inferIO := fun x x_1 =>
                                                    throw (CheckError.internal "fuel exhausted: infer") }
                                                (officialEnv N) d c rules
                                                ((f'.app a).getAppArgs.getD mI (Expr.bvar 0)) with
                                            | Except.error err => Except.error err
                                            | Except.ok v =>
                                              match v.getAppFn with
                                              | Expr.const cj usj =>
                                                match (officialEnv N).find? cj with
                                                | some (ConstantInfo.ctorInfo cvj numParams numFields) =>
                                                  match List.find? (fun r' => r'.ctor == cj) rules with
                                                  | some rl =>
                                                    if v.getAppArgs.length = rl.ctorParams + rl.nfields then
                                                      if rl.fire = RecRuleFire.inert then
                                                        throw
                                                          (CheckError.notImplemented
                                                            "iota reduction over a nested auxiliary recursor rule")
                                                      else
                                                        match
                                                          liftFueled "level comparison"
                                                            (Level.isEquivList usj
                                                              (recFireComparands rl cv.levelParams us cvj.levelParams
                                                                  (f'.app a).getAppArgs rP).fst) with
                                                        | Except.error err => Except.error err
                                                        | Except.ok v_1 =>
                                                          if v_1 = true then
                                                            match
                                                              if rl.compareParams = true then
                                                                defEqList
                                                                  {
                                                                    whnfCore := fun x x_1 =>
                                                                      throw
                                                                        (CheckError.internal
                                                                          "fuel exhausted: whnfCore"),
                                                                    whnf := fun x x_1 =>
                                                                      throw
                                                                        (CheckError.internal "fuel exhausted: whnf"),
                                                                    infer := fun x x_1 =>
                                                                      throw
                                                                        (CheckError.internal "fuel exhausted: infer"),
                                                                    defeq := fun x x_1 x_2 =>
                                                                      throw
                                                                        (CheckError.internal "fuel exhausted: defeq"),
                                                                    annotate := fun x x_1 =>
                                                                      throw
                                                                        (CheckError.internal
                                                                          "fuel exhausted: annotate"),
                                                                    inferIO := fun x x_1 =>
                                                                      throw
                                                                        (CheckError.internal "fuel exhausted: infer") }
                                                                  (officialEnv N) d
                                                                  (List.take rl.ctorParams v.getAppArgs)
                                                                  (recFireComparands rl cv.levelParams us
                                                                      cvj.levelParams (f'.app a).getAppArgs rP).snd
                                                              else Except.ok true with
                                                            | Except.error err => Except.error err
                                                            | Except.ok v_2 =>
                                                              if v_2 = true then
                                                                match
                                                                  iotaCerts
                                                                    {
                                                                      whnfCore := fun x x_1 =>
                                                                        throw
                                                                          (CheckError.internal
                                                                            "fuel exhausted: whnfCore"),
                                                                      whnf := fun x x_1 =>
                                                                        throw
                                                                          (CheckError.internal "fuel exhausted: whnf"),
                                                                      infer := fun x x_1 =>
                                                                        throw
                                                                          (CheckError.internal "fuel exhausted: infer"),
                                                                      defeq := fun x x_1 x_2 =>
                                                                        throw
                                                                          (CheckError.internal "fuel exhausted: defeq"),
                                                                      annotate := fun x x_1 =>
                                                                        throw
                                                                          (CheckError.internal
                                                                            "fuel exhausted: annotate"),
                                                                      inferIO := fun x x_1 =>
                                                                        throw
                                                                          (CheckError.internal
                                                                            "fuel exhausted: infer") }
                                                                    (officialEnv N) d CheckMode.verified.betaGate
                                                                    (Expr.instantiateLevelParams cv.levelParams us
                                                                      cv.type)
                                                                    (List.take mI (f'.app a).getAppArgs ++ [v]) with
                                                                | Except.error err => Except.error err
                                                                | Except.ok v_3 =>
                                                                  if v_3 = true then
                                                                    match
                                                                      iotaCerts
                                                                        {
                                                                          whnfCore := fun x x_1 =>
                                                                            throw
                                                                              (CheckError.internal
                                                                                "fuel exhausted: whnfCore"),
                                                                          whnf := fun x x_1 =>
                                                                            throw
                                                                              (CheckError.internal
                                                                                "fuel exhausted: whnf"),
                                                                          infer := fun x x_1 =>
                                                                            throw
                                                                              (CheckError.internal
                                                                                "fuel exhausted: infer"),
                                                                          defeq := fun x x_1 x_2 =>
                                                                            throw
                                                                              (CheckError.internal
                                                                                "fuel exhausted: defeq"),
                                                                          annotate := fun x x_1 =>
                                                                            throw
                                                                              (CheckError.internal
                                                                                "fuel exhausted: annotate"),
                                                                          inferIO := fun x x_1 =>
                                                                            throw
                                                                              (CheckError.internal
                                                                                "fuel exhausted: infer") }
                                                                        (officialEnv N) d CheckMode.verified.betaGate
                                                                        (Expr.instantiateLevelParams cvj.levelParams usj
                                                                          cvj.type)
                                                                        v.getAppArgs with
                                                                    | Except.error err => Except.error err
                                                                    | Except.ok v_4 =>
                                                                      if v_4 = true then
                                                                        match
                                                                          iotaIndexOk
                                                                            {
                                                                              whnfCore := fun x x_1 =>
                                                                                throw
                                                                                  (CheckError.internal
                                                                                    "fuel exhausted: whnfCore"),
                                                                              whnf := fun x x_1 =>
                                                                                throw
                                                                                  (CheckError.internal
                                                                                    "fuel exhausted: whnf"),
                                                                              infer := fun x x_1 =>
                                                                                throw
                                                                                  (CheckError.internal
                                                                                    "fuel exhausted: infer"),
                                                                              defeq := fun x x_1 x_2 =>
                                                                                throw
                                                                                  (CheckError.internal
                                                                                    "fuel exhausted: defeq"),
                                                                              annotate := fun x x_1 =>
                                                                                throw
                                                                                  (CheckError.internal
                                                                                    "fuel exhausted: annotate"),
                                                                              inferIO := fun x x_1 =>
                                                                                throw
                                                                                  (CheckError.internal
                                                                                    "fuel exhausted: infer") }
                                                                            (officialEnv N) d mI rP rl.ctorParams
                                                                            (Expr.instantiateLevelParams cvj.levelParams
                                                                              usj cvj.type)
                                                                            v.getAppArgs
                                                                            (List.drop rP
                                                                              (List.take mI (f'.app a).getAppArgs)) with
                                                                        | Except.error err => Except.error err
                                                                        | Except.ok v_5 =>
                                                                          if v_5 = true then
                                                                            Except.ok
                                                                              (some
                                                                                ((Expr.instantiateLevelParams
                                                                                      cv.levelParams us rl.rhs).mkAppN
                                                                                  (List.take rP (f'.app a).getAppArgs ++
                                                                                    List.drop rl.ctorParams
                                                                                      v.getAppArgs)))
                                                                          else Except.ok none
                                                                      else Except.ok none
                                                                  else Except.ok none
                                                              else Except.ok none
                                                          else Except.ok none
                                                    else Except.ok none
                                                  | none => Except.ok none
                                                | x => Except.ok none
                                              | x => Except.ok none
                                          else Except.ok none
                                        | x => Except.ok none
                                      | x => Except.ok none with
                                    | Except.error err => Except.error err
                                    | Except.ok v =>
                                      match v with
                                      | some e'' => throw (CheckError.internal "fuel exhausted: whnfCore")
                                      | none => Except.ok (f'.app a)
                              | Expr.proj sn i pe =>
                                match throw (CheckError.internal "fuel exhausted: whnf") with
                                | Except.error err => Except.error err
                                | Except.ok v =>
                                  match
                                    projLitToCtor
                                      { whnfCore := fun x x_1 => throw (CheckError.internal "fuel exhausted: whnfCore"),
                                        whnf := fun x x_1 => throw (CheckError.internal "fuel exhausted: whnf"),
                                        infer := fun x x_1 => throw (CheckError.internal "fuel exhausted: infer"),
                                        defeq := fun x x_1 x_2 => throw (CheckError.internal "fuel exhausted: defeq"),
                                        annotate := fun x x_1 => throw (CheckError.internal "fuel exhausted: annotate"),
                                        inferIO := fun x x_1 => throw (CheckError.internal "fuel exhausted: infer") }
                                      (officialEnv N) d v with
                                  | Except.error err => Except.error err
                                  | Except.ok v =>
                                    match (officialEnv N).findProj? sn i with
                                    | some entry =>
                                      match v.getAppFn with
                                      | Expr.const c us =>
                                        if
                                            c = entry.ctor ∧
                                              i < entry.numFields ∧
                                                v.getAppArgs.length = entry.numParams + entry.numFields ∧
                                                  us.length = entry.levelParams.length ∧ entry.fireOk us = true then
                                          match
                                            projCertAt
                                              {
                                                whnfCore := fun x x_1 =>
                                                  throw (CheckError.internal "fuel exhausted: whnfCore"),
                                                whnf := fun x x_1 => throw (CheckError.internal "fuel exhausted: whnf"),
                                                infer := fun x x_1 =>
                                                  throw (CheckError.internal "fuel exhausted: infer"),
                                                defeq := fun x x_1 x_2 =>
                                                  throw (CheckError.internal "fuel exhausted: defeq"),
                                                annotate := fun x x_1 =>
                                                  throw (CheckError.internal "fuel exhausted: annotate"),
                                                inferIO := fun x x_1 =>
                                                  throw (CheckError.internal "fuel exhausted: infer") }
                                              (officialEnv N) d CheckMode.verified.verifiedChecks
                                              CheckMode.verified.betaGate c us v.getAppArgs with
                                          | Except.error err => Except.error err
                                          | Except.ok v =>
                                            if v = true then throw (CheckError.internal "fuel exhausted: whnfCore")
                                            else Except.ok (Expr.proj sn i pe)
                                        else Except.ok (Expr.proj sn i pe)
                                      | x => Except.ok (Expr.proj sn i pe)
                                    | none => Except.ok (Expr.proj sn i pe)
                              | type.letE value body =>
                                throw (CheckError.internal "whnfCore: `let` in an annotated expression")
                              | Expr.bvar i => throw (CheckError.notImplemented "whnf beyond the supported fragment"),
                            whnf := fun d e =>
                              whnfBody
                                { whnfCore := fun x x_1 => throw (CheckError.internal "fuel exhausted: whnfCore"),
                                  whnf := fun x x_1 => throw (CheckError.internal "fuel exhausted: whnf"),
                                  infer := fun x x_1 => throw (CheckError.internal "fuel exhausted: infer"),
                                  defeq := fun x x_1 x_2 => throw (CheckError.internal "fuel exhausted: defeq"),
                                  annotate := fun x x_1 => throw (CheckError.internal "fuel exhausted: annotate"),
                                  inferIO := fun x x_1 => throw (CheckError.internal "fuel exhausted: infer") }
                                (officialEnv N) d e,
                            infer := fun d e =>
                              inferBody CheckMode.verified
                                { whnfCore := fun x x_1 => throw (CheckError.internal "fuel exhausted: whnfCore"),
                                  whnf := fun x x_1 => throw (CheckError.internal "fuel exhausted: whnf"),
                                  infer := fun x x_1 => throw (CheckError.internal "fuel exhausted: infer"),
                                  defeq := fun x x_1 x_2 => throw (CheckError.internal "fuel exhausted: defeq"),
                                  annotate := fun x x_1 => throw (CheckError.internal "fuel exhausted: annotate"),
                                  inferIO := fun x x_1 => throw (CheckError.internal "fuel exhausted: infer") }
                                (officialEnv N) d e,
                            defeq := fun d a b =>
                              defeqBody CheckMode.verified
                                { whnfCore := fun x x_1 => throw (CheckError.internal "fuel exhausted: whnfCore"),
                                  whnf := fun x x_1 => throw (CheckError.internal "fuel exhausted: whnf"),
                                  infer := fun x x_1 => throw (CheckError.internal "fuel exhausted: infer"),
                                  defeq := fun x x_1 x_2 => throw (CheckError.internal "fuel exhausted: defeq"),
                                  annotate := fun x x_1 => throw (CheckError.internal "fuel exhausted: annotate"),
                                  inferIO := fun x x_1 => throw (CheckError.internal "fuel exhausted: infer") }
                                (officialEnv N) d a b,
                            annotate := fun d e =>
                              annotateBody
                                { whnfCore := fun x x_1 => throw (CheckError.internal "fuel exhausted: whnfCore"),
                                  whnf := fun x x_1 => throw (CheckError.internal "fuel exhausted: whnf"),
                                  infer := fun x x_1 => throw (CheckError.internal "fuel exhausted: infer"),
                                  defeq := fun x x_1 x_2 => throw (CheckError.internal "fuel exhausted: defeq"),
                                  annotate := fun x x_1 => throw (CheckError.internal "fuel exhausted: annotate"),
                                  inferIO := fun x x_1 => throw (CheckError.internal "fuel exhausted: infer") }
                                (officialEnv N) d e,
                            inferIO := fun d e =>
                              if CheckMode.verified.betaGate = true then
                                inferBodyIO CheckMode.verified
                                  { whnfCore := fun x x_1 => throw (CheckError.internal "fuel exhausted: whnfCore"),
                                      whnf := fun x x_1 => throw (CheckError.internal "fuel exhausted: whnf"),
                                      infer := fun x x_1 => throw (CheckError.internal "fuel exhausted: infer"),
                                      defeq := fun x x_1 x_2 => throw (CheckError.internal "fuel exhausted: defeq"),
                                      annotate := fun x x_1 => throw (CheckError.internal "fuel exhausted: annotate"),
                                      inferIO := fun x x_1 =>
                                        throw (CheckError.internal "fuel exhausted: infer") }.ioView
                                  (officialEnv N) d e
                              else
                                inferBody CheckMode.verified
                                  { whnfCore := fun x x_1 => throw (CheckError.internal "fuel exhausted: whnfCore"),
                                    whnf := fun x x_1 => throw (CheckError.internal "fuel exhausted: whnf"),
                                    infer := fun x x_1 => throw (CheckError.internal "fuel exhausted: infer"),
                                    defeq := fun x x_1 x_2 => throw (CheckError.internal "fuel exhausted: defeq"),
                                    annotate := fun x x_1 => throw (CheckError.internal "fuel exhausted: annotate"),
                                    inferIO := fun x x_1 => throw (CheckError.internal "fuel exhausted: infer") }
                                  (officialEnv N) d e }).whnfCore
                      d f with
                  | ⋯ => Except.error err
                  | ⋯ =>
                    match v with
                    | ⋯ =>
                      if betaGateFires CheckMode.verified mb.pw = true then
                        (id
                              {
                                whnfCore := fun d e =>
                                  match e with
                                  | Expr.sort u => Except.ok (Expr.sort u)
                                  | Expr.fvar idx ty => Except.ok (Expr.fvar idx ty)
                                  | ty.forallE body bi => Except.ok (ty.forallE body bi)
                                  | ty.lam body mb => Except.ok (ty.lam body mb)
                                  | Expr.const n us => Except.ok (Expr.const n us)
                                  | Expr.lit l => Except.ok (Expr.lit l)
                                  | f.app a =>
                                    match throw (CheckError.internal "fuel exhausted: whnfCore") with
                                    | Except.error err => Except.error err
                                    | Except.ok v =>
                                      match v with
                                      | ty.lam body mb =>
                                        if betaGateFires CheckMode.verified mb.pw = true then
                                          throw (CheckError.internal "fuel exhausted: whnfCore")
                                        else
                                          match throw (CheckError.internal "fuel exhausted: infer") with
                                          | Except.error err => Except.error err
                                          | Except.ok v =>
                                            match throw (CheckError.internal "fuel exhausted: defeq") with
                                            | Except.error err => Except.error err
                                            | Except.ok v =>
                                              if v = true then throw (CheckError.internal "fuel exhausted: whnfCore")
                                              else Except.ok ((ty.lam body mb).app a)
                                      | f' =>
                                        match
                                          match f'.getAppFn with
                                          | Expr.const c us =>
                                            match (officialEnv N).find? c with
                                            | some (ConstantInfo.recInfo cv mI rP rules) =>
                                              if
                                                  (f'.app a).getAppArgs.length = mI + 1 ∧
                                                    us.length = cv.levelParams.length then
                                                match
                                                  prepareMajor CheckMode.verified
                                                    {
                                                      whnfCore := fun x x_1 =>
                                                        throw (CheckError.internal "fuel exhausted: whnfCore"),
                                                      whnf := fun x x_1 =>
                                                        throw (CheckError.internal "fuel exhausted: whnf"),
                                                      infer := fun x x_1 =>
                                                        throw (CheckError.internal "fuel exhausted: infer"),
                                                      defeq := fun x x_1 x_2 =>
                                                        throw (CheckError.internal "fuel exhausted: defeq"),
                                                      annotate := fun x x_1 =>
                                                        throw (CheckError.internal "fuel exhausted: annotate"),
                                                      inferIO := fun x x_1 =>
                                                        throw (CheckError.internal "fuel exhausted: infer") }
                                                    (officialEnv N) d c rules
                                                    ((f'.app a).getAppArgs.getD mI (Expr.bvar 0)) with
                                                | Except.error err => Except.error err
                                                | Except.ok v =>
                                                  match v.getAppFn with
                                                  | Expr.const cj usj =>
                                                    match (officialEnv N).find? cj with
                                                    | some (ConstantInfo.ctorInfo cvj numParams numFields) =>
                                                      match List.find? (fun r' => r'.ctor == cj) rules with
                                                      | some rl =>
                                                        if v.getAppArgs.length = rl.ctorParams + rl.nfields then
                                                          if rl.fire = RecRuleFire.inert then
                                                            throw
                                                              (CheckError.notImplemented
                                                                "iota reduction over a nested auxiliary recursor rule")
                                                          else
                                                            match
                                                              liftFueled "level comparison"
                                                                (Level.isEquivList usj
                                                                  (recFireComparands rl cv.levelParams us
                                                                      cvj.levelParams (f'.app a).getAppArgs
                                                                      rP).fst) with
                                                            | Except.error err => Except.error err
                                                            | Except.ok v_1 =>
                                                              if v_1 = true then
                                                                match
                                                                  if rl.compareParams = true then
                                                                    defEqList
                                                                      {
                                                                        whnfCore := fun x x_1 =>
                                                                          throw
                                                                            (CheckError.internal
                                                                              "fuel exhausted: whnfCore"),
                                                                        whnf := fun x x_1 =>
                                                                          throw
                                                                            (CheckError.internal
                                                                              "fuel exhausted: whnf"),
                                                                        infer := fun x x_1 =>
                                                                          throw
                                                                            (CheckError.internal
                                                                              "fuel exhausted: infer"),
                                                                        defeq := fun x x_1 x_2 =>
                                                                          throw
                                                                            (CheckError.internal
                                                                              "fuel exhausted: defeq"),
                                                                        annotate := fun x x_1 =>
                                                                          throw
                                                                            (CheckError.internal
                                                                              "fuel exhausted: annotate"),
                                                                        inferIO := fun x x_1 =>
                                                                          throw
                                                                            (CheckError.internal
                                                                              "fuel exhausted: infer") }
                                                                      (officialEnv N) d
                                                                      (List.take rl.ctorParams v.getAppArgs)
                                                                      (recFireComparands rl cv.levelParams us
                                                                          cvj.levelParams (f'.app a).getAppArgs rP).snd
                                                                  else Except.ok true with
                                                                | Except.error err => Except.error err
                                                                | Except.ok v_2 =>
                                                                  if v_2 = true then
                                                                    match
                                                                      iotaCerts
                                                                        {
                                                                          whnfCore := fun x x_1 =>
                                                                            throw
                                                                              (CheckError.internal
                                                                                "fuel exhausted: whnfCore"),
                                                                          whnf := fun x x_1 =>
                                                                            throw
                                                                              (CheckError.internal
                                                                                "fuel exhausted: whnf"),
                                                                          infer := fun x x_1 =>
                                                                            throw
                                                                              (CheckError.internal
                                                                                "fuel exhausted: infer"),
                                                                          defeq := fun x x_1 x_2 =>
                                                                            throw
                                                                              (CheckError.internal
                                                                                "fuel exhausted: defeq"),
                                                                          annotate := fun x x_1 =>
                                                                            throw
                                                                              (CheckError.internal
                                                                                "fuel exhausted: annotate"),
                                                                          inferIO := fun x x_1 =>
                                                                            throw
                                                                              (CheckError.internal
                                                                                "fuel exhausted: infer") }
                                                                        (officialEnv N) d CheckMode.verified.betaGate
                                                                        (Expr.instantiateLevelParams cv.levelParams us
                                                                          cv.type)
                                                                        (List.take mI (f'.app a).getAppArgs ++ [v]) with
                                                                    | Except.error err => Except.error err
                                                                    | Except.ok v_3 =>
                                                                      if v_3 = true then
                                                                        match
                                                                          iotaCerts
                                                                            {
                                                                              whnfCore := fun x x_1 =>
                                                                                throw
                                                                                  (CheckError.internal
                                                                                    "fuel exhausted: whnfCore"),
                                                                              whnf := fun x x_1 =>
                                                                                throw
                                                                                  (CheckError.internal
                                                                                    "fuel exhausted: whnf"),
                                                                              infer := fun x x_1 =>
                                                                                throw
                                                                                  (CheckError.internal
                                                                                    "fuel exhausted: infer"),
                                                                              defeq := fun x x_1 x_2 =>
                                                                                throw
                                                                                  (CheckError.internal
                                                                                    "fuel exhausted: defeq"),
                                                                              annotate := fun x x_1 =>
                                                                                throw
                                                                                  (CheckError.internal
                                                                                    "fuel exhausted: annotate"),
                                                                              inferIO := fun x x_1 =>
                                                                                throw
                                                                                  (CheckError.internal
                                                                                    "fuel exhausted: infer") }
                                                                            (officialEnv N) d
                                                                            CheckMode.verified.betaGate
                                                                            (Expr.instantiateLevelParams cvj.levelParams
                                                                              usj cvj.type)
                                                                            v.getAppArgs with
                                                                        | Except.error err => Except.error err
                                                                        | Except.ok v_4 =>
                                                                          if v_4 = true then
                                                                            match
                                                                              iotaIndexOk
                                                                                {
                                                                                  whnfCore := fun x x_1 =>
                                                                                    throw
                                                                                      (CheckError.internal
                                                                                        "fuel exhausted: whnfCore"),
                                                                                  whnf := fun x x_1 =>
                                                                                    throw
                                                                                      (CheckError.internal
                                                                                        "fuel exhausted: whnf"),
                                                                                  infer := fun x x_1 =>
                                                                                    throw
                                                                                      (CheckError.internal
                                                                                        "fuel exhausted: infer"),
                                                                                  defeq := fun x x_1 x_2 =>
                                                                                    throw
                                                                                      (CheckError.internal
                                                                                        "fuel exhausted: defeq"),
                                                                                  annotate := fun x x_1 =>
                                                                                    throw
                                                                                      (CheckError.internal
                                                                                        "fuel exhausted: annotate"),
                                                                                  inferIO := fun x x_1 =>
                                                                                    throw
                                                                                      (CheckError.internal
                                                                                        "fuel exhausted: infer") }
                                                                                (officialEnv N) d mI rP rl.ctorParams
                                                                                (Expr.instantiateLevelParams
                                                                                  cvj.levelParams usj cvj.type)
                                                                                v.getAppArgs
                                                                                (List.drop rP
                                                                                  (List.take mI
                                                                                    (f'.app a).getAppArgs)) with
                                                                            | Except.error err => Except.error err
                                                                            | Except.ok v_5 =>
                                                                              if v_5 = true then
                                                                                Except.ok
                                                                                  (some
                                                                                    ((Expr.instantiateLevelParams
                                                                                          cv.levelParams us
                                                                                          rl.rhs).mkAppN
                                                                                      (List.take rP
                                                                                          (f'.app a).getAppArgs ++
                                                                                        List.drop rl.ctorParams
                                                                                          v.getAppArgs)))
                                                                              else Except.ok none
                                                                          else Except.ok none
                                                                      else Except.ok none
                                                                  else Except.ok none
                                                              else Except.ok none
                                                        else Except.ok none
                                                      | none => Except.ok none
                                                    | x => Except.ok none
                                                  | x => Except.ok none
                                              else Except.ok none
                                            | x => Except.ok none
                                          | x => Except.ok none with
                                        | Except.error err => Except.error err
                                        | Except.ok v =>
                                          match v with
                                          | some e'' => throw (CheckError.internal "fuel exhausted: whnfCore")
                                          | none => Except.ok (f'.app a)
                                  | Expr.proj sn i pe =>
                                    match throw (CheckError.internal "fuel exhausted: whnf") with
                                    | Except.error err => Except.error err
                                    | Except.ok v =>
                                      match
                                        projLitToCtor
                                          {
                                            whnfCore := fun x x_1 =>
                                              throw (CheckError.internal "fuel exhausted: whnfCore"),
                                            whnf := fun x x_1 => throw (CheckError.internal "fuel exhausted: whnf"),
                                            infer := fun x x_1 => throw (CheckError.internal "fuel exhausted: infer"),
                                            defeq := fun x x_1 x_2 =>
                                              throw (CheckError.internal "fuel exhausted: defeq"),
                                            annotate := fun x x_1 =>
                                              throw (CheckError.internal "fuel exhausted: annotate"),
                                            inferIO := fun x x_1 =>
                                              throw (CheckError.internal "fuel exhausted: infer") }
                                          (officialEnv N) d v with
                                      | Except.error err => Except.error err
                                      | Except.ok v =>
                                        match (officialEnv N).findProj? sn i with
                                        | some entry =>
                                          match v.getAppFn with
                                          | Expr.const c us =>
                                            if
                                                c = entry.ctor ∧
                                                  i < entry.numFields ∧
                                                    v.getAppArgs.length = entry.numParams + entry.numFields ∧
                                                      us.length = entry.levelParams.length ∧ entry.fireOk us = true then
                                              match
                                                projCertAt
                                                  {
                                                    whnfCore := fun x x_1 =>
                                                      throw (CheckError.internal "fuel exhausted: whnfCore"),
                                                    whnf := fun x x_1 =>
                                                      throw (CheckError.internal "fuel exhausted: whnf"),
                                                    infer := fun x x_1 =>
                                                      throw (CheckError.internal "fuel exhausted: infer"),
                                                    defeq := fun x x_1 x_2 =>
                                                      throw (CheckError.internal "fuel exhausted: defeq"),
                                                    annotate := fun x x_1 =>
                                                      throw (CheckError.internal "fuel exhausted: annotate"),
                                                    inferIO := fun x x_1 =>
                                                      throw (CheckError.internal "fuel exhausted: infer") }
                                                  (officialEnv N) d CheckMode.verified.verifiedChecks
                                                  CheckMode.verified.betaGate c us v.getAppArgs with
                                              | Except.error err => Except.error err
                                              | Except.ok v =>
                                                if v = true then throw (CheckError.internal "fuel exhausted: whnfCore")
                                                else Except.ok (Expr.proj sn i pe)
                                            else Except.ok (Expr.proj sn i pe)
                                          | x => Except.ok (Expr.proj sn i pe)
                                        | none => Except.ok (Expr.proj sn i pe)
                                  | type.letE value body =>
                                    throw (CheckError.internal "whnfCore: `let` in an annotated expression")
                                  | Expr.bvar i =>
                                    throw (CheckError.notImplemented "whnf beyond the supported fragment"),
                                whnf := fun d e =>
                                  whnfBody
                                    { whnfCore := fun x x_1 => throw (CheckError.internal "fuel exhausted: whnfCore"),
                                      whnf := fun x x_1 => throw (CheckError.internal "fuel exhausted: whnf"),
                                      infer := fun x x_1 => throw (CheckError.internal "fuel exhausted: infer"),
                                      defeq := fun x x_1 x_2 => throw (CheckError.internal "fuel exhausted: defeq"),
                                      annotate := fun x x_1 => throw (CheckError.internal "fuel exhausted: annotate"),
                                      inferIO := fun x x_1 => throw (CheckError.internal "fuel exhausted: infer") }
                                    (officialEnv N) d e,
                                infer := fun d e =>
                                  inferBody CheckMode.verified
                                    { whnfCore := fun x x_1 => throw (CheckError.internal "fuel exhausted: whnfCore"),
                                      whnf := fun x x_1 => throw (CheckError.internal "fuel exhausted: whnf"),
                                      infer := fun x x_1 => throw (CheckError.internal "fuel exhausted: infer"),
                                      defeq := fun x x_1 x_2 => throw (CheckError.internal "fuel exhausted: defeq"),
                                      annotate := fun x x_1 => throw (CheckError.internal "fuel exhausted: annotate"),
                                      inferIO := fun x x_1 => throw (CheckError.internal "fuel exhausted: infer") }
                                    (officialEnv N) d e,
                                defeq := fun d a b =>
                                  defeqBody CheckMode.verified
                                    { whnfCore := fun x x_1 => throw (CheckError.internal "fuel exhausted: whnfCore"),
                                      whnf := fun x x_1 => throw (CheckError.internal "fuel exhausted: whnf"),
                                      infer := fun x x_1 => throw (CheckError.internal "fuel exhausted: infer"),
                                      defeq := fun x x_1 x_2 => throw (CheckError.internal "fuel exhausted: defeq"),
                                      annotate := fun x x_1 => throw (CheckError.internal "fuel exhausted: annotate"),
                                      inferIO := fun x x_1 => throw (CheckError.internal "fuel exhausted: infer") }
                                    (officialEnv N) d a b,
                                annotate := fun d e =>
                                  annotateBody
                                    { whnfCore := fun x x_1 => throw (CheckError.internal "fuel exhausted: whnfCore"),
                                      whnf := fun x x_1 => throw (CheckError.internal "fuel exhausted: whnf"),
                                      infer := fun x x_1 => throw (CheckError.internal "fuel exhausted: infer"),
                                      defeq := fun x x_1 x_2 => throw (CheckError.internal "fuel exhausted: defeq"),
                                      annotate := fun x x_1 => throw (CheckError.internal "fuel exhausted: annotate"),
                                      inferIO := fun x x_1 => throw (CheckError.internal "fuel exhausted: infer") }
                                    (officialEnv N) d e,
                                inferIO := fun d e =>
                                  if CheckMode.verified.betaGate = true then
                                    inferBodyIO CheckMode.verified
                                      { whnfCore := fun x x_1 => throw (CheckError.internal "fuel exhausted: whnfCore"),
                                          whnf := fun x x_1 => throw (CheckError.internal "fuel exhausted: whnf"),
                                          infer := fun x x_1 => throw (CheckError.internal "fuel exhausted: infer"),
                                          defeq := fun x x_1 x_2 => throw (CheckError.internal "fuel exhausted: defeq"),
                                          annotate := fun x x_1 =>
                                            throw (CheckError.internal "fuel exhausted: annotate"),
                                          inferIO := fun x x_1 =>
                                            throw (CheckError.internal "fuel exhausted: infer") }.ioView
                                      (officialEnv N) d e
                                  else
                                    inferBody CheckMode.verified
                                      { whnfCore := fun x x_1 => throw (CheckError.internal "fuel exhausted: whnfCore"),
                                        whnf := fun x x_1 => throw (CheckError.internal "fuel exhausted: whnf"),
                                        infer := fun x x_1 => throw (CheckError.internal "fuel exhausted: infer"),
                                        defeq := fun x x_1 x_2 => throw (CheckError.internal "fuel exhausted: defeq"),
                                        annotate := fun x x_1 => throw (CheckError.internal "fuel exhausted: annotate"),
                                        inferIO := fun x x_1 => throw (CheckError.internal "fuel exhausted: infer") }
                                      (officialEnv N) d e }).whnfCore
                          d (body.instantiate1 a)
                      else
                        match
                          (id
                                {
                                  whnfCore := fun d e =>
                                    match e with
                                    | Expr.sort u => Except.ok (Expr.sort u)
                                    | Expr.fvar idx ty => Except.ok (Expr.fvar idx ty)
                                    | ty.forallE body bi => Except.ok (ty.forallE body bi)
                                    | ty.lam body mb => Except.ok (ty.lam body mb)
                                    | Expr.const n us => Except.ok (Expr.const n us)
                                    | Expr.lit l => Except.ok (Expr.lit l)
                                    | f.app a =>
                                      match throw (CheckError.internal "fuel exhausted: whnfCore") with
                                      | Except.error err => Except.error err
                                      | Except.ok v =>
                                        match v with
                                        | ty.lam body mb =>
                                          if betaGateFires CheckMode.verified mb.pw = true then
                                            throw (CheckError.internal "fuel exhausted: whnfCore")
                                          else
                                            match throw (CheckError.internal "fuel exhausted: infer") with
                                            | Except.error err => Except.error err
                                            | Except.ok v =>
                                              match throw (CheckError.internal "fuel exhausted: defeq") with
                                              | Except.error err => Except.error err
                                              | Except.ok v =>
                                                if v = true then throw (CheckError.internal "fuel exhausted: whnfCore")
                                                else Except.ok ((ty.lam body mb).app a)
                                        | f' =>
                                          match
                                            match f'.getAppFn with
                                            | Expr.const c us =>
                                              match (officialEnv N).find? c with
                                              | some (ConstantInfo.recInfo cv mI rP rules) =>
                                                if
                                                    (f'.app a).getAppArgs.length = mI + 1 ∧
                                                      us.length = cv.levelParams.length then
                                                  match
                                                    prepareMajor CheckMode.verified
                                                      {
                                                        whnfCore := fun x x_1 =>
                                                          throw (CheckError.internal "fuel exhausted: whnfCore"),
                                                        whnf := fun x x_1 =>
                                                          throw (CheckError.internal "fuel exhausted: whnf"),
                                                        infer := fun x x_1 =>
                                                          throw (CheckError.internal "fuel exhausted: infer"),
                                                        defeq := fun x x_1 x_2 =>
                                                          throw (CheckError.internal "fuel exhausted: defeq"),
                                                        annotate := fun x x_1 =>
                                                          throw (CheckError.internal "fuel exhausted: annotate"),
                                                        inferIO := fun x x_1 =>
                                                          throw (CheckError.internal "fuel exhausted: infer") }
                                                      (officialEnv N) d c rules
                                                      ((f'.app a).getAppArgs.getD mI (Expr.bvar 0)) with
                                                  | Except.error err => Except.error err
                                                  | Except.ok v =>
                                                    match v.getAppFn with
                                                    | Expr.const cj usj =>
                                                      match (officialEnv N).find? cj with
                                                      | some (ConstantInfo.ctorInfo cvj numParams numFields) =>
                                                        match List.find? (fun r' => r'.ctor == cj) rules with
                                                        | some rl =>
                                                          if v.getAppArgs.length = rl.ctorParams + rl.nfields then
                                                            if rl.fire = RecRuleFire.inert then
                                                              throw
                                                                (CheckError.notImplemented
                                                                  "iota reduction over a nested auxiliary recursor rule")
                                                            else
                                                              match
                                                                liftFueled "level comparison"
                                                                  (Level.isEquivList usj
                                                                    (recFireComparands rl cv.levelParams us
                                                                        cvj.levelParams (f'.app a).getAppArgs
                                                                        rP).fst) with
                                                              | Except.error err => Except.error err
                                                              | Except.ok v_1 =>
                                                                if v_1 = true then
                                                                  match
                                                                    if rl.compareParams = true then
                                                                      defEqList
                                                                        {
                                                                          whnfCore := fun x x_1 =>
                                                                            throw
                                                                              (CheckError.internal
                                                                                "fuel exhausted: whnfCore"),
                                                                          whnf := fun x x_1 =>
                                                                            throw
                                                                              (CheckError.internal
                                                                                "fuel exhausted: whnf"),
                                                                          infer := fun x x_1 =>
                                                                            throw
                                                                              (CheckError.internal
                                                                                "fuel exhausted: infer"),
                                                                          defeq := fun x x_1 x_2 =>
                                                                            throw
                                                                              (CheckError.internal
                                                                                "fuel exhausted: defeq"),
                                                                          annotate := fun x x_1 =>
                                                                            throw
                                                                              (CheckError.internal
                                                                                "fuel exhausted: annotate"),
                                                                          inferIO := fun x x_1 =>
                                                                            throw
                                                                              (CheckError.internal
                                                                                "fuel exhausted: infer") }
                                                                        (officialEnv N) d
                                                                        (List.take rl.ctorParams v.getAppArgs)
                                                                        (recFireComparands rl cv.levelParams us
                                                                            cvj.levelParams (f'.app a).getAppArgs
                                                                            rP).snd
                                                                    else Except.ok true with
                                                                  | Except.error err => Except.error err
                                                                  | Except.ok v_2 =>
                                                                    if v_2 = true then
                                                                      match
                                                                        iotaCerts
                                                                          {
                                                                            whnfCore := fun x x_1 =>
                                                                              throw
                                                                                (CheckError.internal
                                                                                  "fuel exhausted: whnfCore"),
                                                                            whnf := fun x x_1 =>
                                                                              throw
                                                                                (CheckError.internal
                                                                                  "fuel exhausted: whnf"),
                                                                            infer := fun x x_1 =>
                                                                              throw
                                                                                (CheckError.internal
                                                                                  "fuel exhausted: infer"),
                                                                            defeq := fun x x_1 x_2 =>
                                                                              throw
                                                                                (CheckError.internal
                                                                                  "fuel exhausted: defeq"),
                                                                            annotate := fun x x_1 =>
                                                                              throw
                                                                                (CheckError.internal
                                                                                  "fuel exhausted: annotate"),
                                                                            inferIO := fun x x_1 =>
                                                                              throw
                                                                                (CheckError.internal
                                                                                  "fuel exhausted: infer") }
                                                                          (officialEnv N) d CheckMode.verified.betaGate
                                                                          (Expr.instantiateLevelParams cv.levelParams us
                                                                            cv.type)
                                                                          (List.take mI (f'.app a).getAppArgs ++
                                                                            [v]) with
                                                                      | Except.error err => Except.error err
                                                                      | Except.ok v_3 =>
                                                                        if v_3 = true then
                                                                          match
                                                                            iotaCerts
                                                                              {
                                                                                whnfCore := fun x x_1 =>
                                                                                  throw
                                                                                    (CheckError.internal
                                                                                      "fuel exhausted: whnfCore"),
                                                                                whnf := fun x x_1 =>
                                                                                  throw
                                                                                    (CheckError.internal
                                                                                      "fuel exhausted: whnf"),
                                                                                infer := fun x x_1 =>
                                                                                  throw
                                                                                    (CheckError.internal
                                                                                      "fuel exhausted: infer"),
                                                                                defeq := fun x x_1 x_2 =>
                                                                                  throw
                                                                                    (CheckError.internal
                                                                                      "fuel exhausted: defeq"),
                                                                                annotate := fun x x_1 =>
                                                                                  throw
                                                                                    (CheckError.internal
                                                                                      "fuel exhausted: annotate"),
                                                                                inferIO := fun x x_1 =>
                                                                                  throw
                                                                                    (CheckError.internal
                                                                                      "fuel exhausted: infer") }
                                                                              (officialEnv N) d
                                                                              CheckMode.verified.betaGate
                                                                              (Expr.instantiateLevelParams
                                                                                cvj.levelParams usj cvj.type)
                                                                              v.getAppArgs with
                                                                          | Except.error err => Except.error err
                                                                          | Except.ok v_4 =>
                                                                            if v_4 = true then
                                                                              match
                                                                                iotaIndexOk
                                                                                  {
                                                                                    whnfCore := fun x x_1 =>
                                                                                      throw
                                                                                        (CheckError.internal
                                                                                          "fuel exhausted: whnfCore"),
                                                                                    whnf := fun x x_1 =>
                                                                                      throw
                                                                                        (CheckError.internal
                                                                                          "fuel exhausted: whnf"),
                                                                                    infer := fun x x_1 =>
                                                                                      throw
                                                                                        (CheckError.internal
                                                                                          "fuel exhausted: infer"),
                                                                                    defeq := fun x x_1 x_2 =>
                                                                                      throw
                                                                                        (CheckError.internal
                                                                                          "fuel exhausted: defeq"),
                                                                                    annotate := fun x x_1 =>
                                                                                      throw
                                                                                        (CheckError.internal
                                                                                          "fuel exhausted: annotate"),
                                                                                    inferIO := fun x x_1 =>
                                                                                      throw
                                                                                        (CheckError.internal
                                                                                          "fuel exhausted: infer") }
                                                                                  (officialEnv N) d mI rP rl.ctorParams
                                                                                  (Expr.instantiateLevelParams
                                                                                    cvj.levelParams usj cvj.type)
                                                                                  v.getAppArgs
                                                                                  (List.drop rP
                                                                                    (List.take mI
                                                                                      (f'.app a).getAppArgs)) with
                                                                              | Except.error err => Except.error err
                                                                              | Except.ok v_5 =>
                                                                                if v_5 = true then
                                                                                  Except.ok
                                                                                    (some
                                                                                      ((Expr.instantiateLevelParams
                                                                                            cv.levelParams us
                                                                                            rl.rhs).mkAppN
                                                                                        (List.take rP
                                                                                            (f'.app a).getAppArgs ++
                                                                                          List.drop rl.ctorParams
                                                                                            v.getAppArgs)))
                                                                                else Except.ok none
                                                                            else Except.ok none
                                                                        else Except.ok none
                                                                    else Except.ok none
                                                                else Except.ok none
                                                          else Except.ok none
                                                        | none => Except.ok none
                                                      | x => Except.ok none
                                                    | x => Except.ok none
                                                else Except.ok none
                                              | x => Except.ok none
                                            | x => Except.ok none with
                                          | Except.error err => Except.error err
                                          | Except.ok v =>
                                            match v with
                                            | some e'' => throw (CheckError.internal "fuel exhausted: whnfCore")
                                            | none => Except.ok (f'.app a)
                                    | Expr.proj sn i pe =>
                                      match throw (CheckError.internal "fuel exhausted: whnf") with
                                      | Except.error err => Except.error err
                                      | Except.ok v =>
                                        match
                                          projLitToCtor
                                            {
                                              whnfCore := fun x x_1 =>
                                                throw (CheckError.internal "fuel exhausted: whnfCore"),
                                              whnf := fun x x_1 => throw (CheckError.internal "fuel exhausted: whnf"),
                                              infer := fun x x_1 => throw (CheckError.internal "fuel exhausted: infer"),
                                              defeq := fun x x_1 x_2 =>
                                                throw (CheckError.internal "fuel exhausted: defeq"),
                                              annotate := fun x x_1 =>
                                                throw (CheckError.internal "fuel exhausted: annotate"),
                                              inferIO := fun x x_1 =>
                                                throw (CheckError.internal "fuel exhausted: infer") }
                                            (officialEnv N) d v with
                                        | Except.error err => Except.error err
                                        | Except.ok v =>
                                          match (officialEnv N).findProj? sn i with
                                          | some entry =>
                                            match v.getAppFn with
                                            | Expr.const c us =>
                                              if
                                                  c = entry.ctor ∧
                                                    i < entry.numFields ∧
                                                      v.getAppArgs.length = entry.numParams + entry.numFields ∧
                                                        us.length = entry.levelParams.length ∧
                                                          entry.fireOk us = true then
                                                match
                                                  projCertAt
                                                    {
                                                      whnfCore := fun x x_1 =>
                                                        throw (CheckError.internal "fuel exhausted: whnfCore"),
                                                      whnf := fun x x_1 =>
                                                        throw (CheckError.internal "fuel exhausted: whnf"),
                                                      infer := fun x x_1 =>
                                                        throw (CheckError.internal "fuel exhausted: infer"),
                                                      defeq := fun x x_1 x_2 =>
                                                        throw (CheckError.internal "fuel exhausted: defeq"),
                                                      annotate := fun x x_1 =>
                                                        throw (CheckError.internal "fuel exhausted: annotate"),
                                                      inferIO := fun x x_1 =>
                                                        throw (CheckError.internal "fuel exhausted: infer") }
                                                    (officialEnv N) d CheckMode.verified.verifiedChecks
                                                    CheckMode.verified.betaGate c us v.getAppArgs with
                                                | Except.error err => Except.error err
                                                | Except.ok v =>
                                                  if v = true then
                                                    throw (CheckError.internal "fuel exhausted: whnfCore")
                                                  else Except.ok (Expr.proj sn i pe)
                                              else Except.ok (Expr.proj sn i pe)
                                            | x => Except.ok (Expr.proj sn i pe)
                                          | none => Except.ok (Expr.proj sn i pe)
                                    | type.letE value body =>
                                      throw (CheckError.internal "whnfCore: `let` in an annotated expression")
                                    | Expr.bvar i =>
                                      throw (CheckError.notImplemented "whnf beyond the supported fragment"),
                                  whnf := fun d e =>
                                    whnfBody
                                      { whnfCore := fun x x_1 => throw (CheckError.internal "fuel exhausted: whnfCore"),
                                        whnf := fun x x_1 => throw (CheckError.internal "fuel exhausted: whnf"),
                                        infer := fun x x_1 => throw (CheckError.internal "fuel exhausted: infer"),
                                        defeq := fun x x_1 x_2 => throw (CheckError.internal "fuel exhausted: defeq"),
                                        annotate := fun x x_1 => throw (CheckError.internal "fuel exhausted: annotate"),
                                        inferIO := fun x x_1 => throw (CheckError.internal "fuel exhausted: infer") }
                                      (officialEnv N) d e,
                                  infer := fun d e =>
                                    inferBody CheckMode.verified
                                      { whnfCore := fun x x_1 => throw (CheckError.internal "fuel exhausted: whnfCore"),
                                        whnf := fun x x_1 => throw (CheckError.internal "fuel exhausted: whnf"),
                                        infer := fun x x_1 => throw (CheckError.internal "fuel exhausted: infer"),
                                        defeq := fun x x_1 x_2 => throw (CheckError.internal "fuel exhausted: defeq"),
                                        annotate := fun x x_1 => throw (CheckError.internal "fuel exhausted: annotate"),
                                        inferIO := fun x x_1 => throw (CheckError.internal "fuel exhausted: infer") }
                                      (officialEnv N) d e,
                                  defeq := fun d a b =>
                                    defeqBody CheckMode.verified
                                      { whnfCore := fun x x_1 => throw (CheckError.internal "fuel exhausted: whnfCore"),
                                        whnf := fun x x_1 => throw (CheckError.internal "fuel exhausted: whnf"),
                                        infer := fun x x_1 => throw (CheckError.internal "fuel exhausted: infer"),
                                        defeq := fun x x_1 x_2 => throw (CheckError.internal "fuel exhausted: defeq"),
                                        annotate := fun x x_1 => throw (CheckError.internal "fuel exhausted: annotate"),
                                        inferIO := fun x x_1 => throw (CheckError.internal "fuel exhausted: infer") }
                                      (officialEnv N) d a b,
                                  annotate := fun d e =>
                                    annotateBody
                                      { whnfCore := fun x x_1 => throw (CheckError.internal "fuel exhausted: whnfCore"),
                                        whnf := fun x x_1 => throw (CheckError.internal "fuel exhausted: whnf"),
                                        infer := fun x x_1 => throw (CheckError.internal "fuel exhausted: infer"),
                                        defeq := fun x x_1 x_2 => throw (CheckError.internal "fuel exhausted: defeq"),
                                        annotate := fun x x_1 => throw (CheckError.internal "fuel exhausted: annotate"),
                                        inferIO := fun x x_1 => throw (CheckError.internal "fuel exhausted: infer") }
                                      (officialEnv N) d e,
                                  inferIO := fun d e =>
                                    if CheckMode.verified.betaGate = true then
                                      inferBodyIO CheckMode.verified
                                        {
                                            whnfCore := fun x x_1 =>
                                              throw (CheckError.internal "fuel exhausted: whnfCore"),
                                            whnf := fun x x_1 => throw (CheckError.internal "fuel exhausted: whnf"),
                                            infer := fun x x_1 => throw (CheckError.internal "fuel exhausted: infer"),
                                            defeq := fun x x_1 x_2 =>
                                              throw (CheckError.internal "fuel exhausted: defeq"),
                                            annotate := fun x x_1 =>
                                              throw (CheckError.internal "fuel exhausted: annotate"),
                                            inferIO := fun x x_1 =>
                                              throw (CheckError.internal "fuel exhausted: infer") }.ioView
                                        (officialEnv N) d e
                                    else
                                      inferBody CheckMode.verified
                                        {
                                          whnfCore := fun x x_1 =>
                                            throw (CheckError.internal "fuel exhausted: whnfCore"),
                                          whnf := fun x x_1 => throw (CheckError.internal "fuel exhausted: whnf"),
                                          infer := fun x x_1 => throw (CheckError.internal "fuel exhausted: infer"),
                                          defeq := fun x x_1 x_2 => throw (CheckError.internal "fuel exhausted: defeq"),
                                          annotate := fun x x_1 =>
                                            throw (CheckError.internal "fuel exhausted: annotate"),
                                          inferIO := fun x x_1 => throw (CheckError.internal "fuel exhausted: infer") }
                                        (officialEnv N) d e }).inferIO
                            d a with
                        | ⋯ => Except.error err
                        | ⋯ =>
                          match
                            (id
                                  {
                                    whnfCore := fun d e =>
                                      match e with
                                      | Expr.sort u => Except.ok (Expr.sort u)
                                      | Expr.fvar idx ty => Except.ok (Expr.fvar idx ty)
                                      | ty.forallE body bi => Except.ok (ty.forallE body bi)
                                      | ty.lam body mb => Except.ok (ty.lam body mb)
                                      | Expr.const n us => Except.ok (Expr.const n us)
                                      | Expr.lit l => Except.ok (Expr.lit l)
                                      | f.app a =>
                                        match throw (CheckError.internal "fuel exhausted: whnfCore") with
                                        | Except.error err => Except.error err
                                        | Except.ok v =>
                                          match v with
                                          | ty.lam body mb =>
                                            if betaGateFires CheckMode.verified mb.pw = true then
                                              throw (CheckError.internal "fuel exhausted: whnfCore")
                                            else
                                              match throw (CheckError.internal "fuel exhausted: infer") with
                                              | Except.error err => Except.error err
                                              | Except.ok v =>
                                                match throw (CheckError.internal "fuel exhausted: defeq") with
                                                | Except.error err => Except.error err
                                                | Except.ok v =>
                                                  if v = true then
                                                    throw (CheckError.internal "fuel exhausted: whnfCore")
                                                  else Except.ok ((ty.lam body mb).app a)
                                          | f' =>
                                            match
                                              match f'.getAppFn with
                                              | Expr.const c us =>
                                                match (officialEnv N).find? c with
                                                | some (ConstantInfo.recInfo cv mI rP rules) =>
                                                  if
                                                      (f'.app a).getAppArgs.length = mI + 1 ∧
                                                        us.length = cv.levelParams.length then
                                                    match
                                                      prepareMajor CheckMode.verified
                                                        {
                                                          whnfCore := fun x x_1 =>
                                                            throw (CheckError.internal "fuel exhausted: whnfCore"),
                                                          whnf := fun x x_1 =>
                                                            throw (CheckError.internal "fuel exhausted: whnf"),
                                                          infer := fun x x_1 =>
                                                            throw (CheckError.internal "fuel exhausted: infer"),
                                                          defeq := fun x x_1 x_2 =>
                                                            throw (CheckError.internal "fuel exhausted: defeq"),
                                                          annotate := fun x x_1 =>
                                                            throw (CheckError.internal "fuel exhausted: annotate"),
                                                          inferIO := fun x x_1 =>
                                                            throw (CheckError.internal "fuel exhausted: infer") }
                                                        (officialEnv N) d c rules
                                                        ((f'.app a).getAppArgs.getD mI (Expr.bvar 0)) with
                                                    | Except.error err => Except.error err
                                                    | Except.ok v =>
                                                      match v.getAppFn with
                                                      | Expr.const cj usj =>
                                                        match (officialEnv N).find? cj with
                                                        | some (ConstantInfo.ctorInfo cvj numParams numFields) =>
                                                          match List.find? (fun r' => r'.ctor == cj) rules with
                                                          | some rl =>
                                                            if v.getAppArgs.length = rl.ctorParams + rl.nfields then
                                                              if rl.fire = RecRuleFire.inert then
                                                                throw
                                                                  (CheckError.notImplemented
                                                                    "iota reduction over a nested auxiliary recursor rule")
                                                              else
                                                                match
                                                                  liftFueled "level comparison"
                                                                    (Level.isEquivList usj
                                                                      (recFireComparands rl cv.levelParams us
                                                                          cvj.levelParams (f'.app a).getAppArgs
                                                                          rP).fst) with
                                                                | Except.error err => Except.error err
                                                                | Except.ok v_1 =>
                                                                  if v_1 = true then
                                                                    match
                                                                      if rl.compareParams = true then
                                                                        defEqList
                                                                          {
                                                                            whnfCore := fun x x_1 =>
                                                                              throw
                                                                                (CheckError.internal
                                                                                  "fuel exhausted: whnfCore"),
                                                                            whnf := fun x x_1 =>
                                                                              throw
                                                                                (CheckError.internal
                                                                                  "fuel exhausted: whnf"),
                                                                            infer := fun x x_1 =>
                                                                              throw
                                                                                (CheckError.internal
                                                                                  "fuel exhausted: infer"),
                                                                            defeq := fun x x_1 x_2 =>
                                                                              throw
                                                                                (CheckError.internal
                                                                                  "fuel exhausted: defeq"),
                                                                            annotate := fun x x_1 =>
                                                                              throw
                                                                                (CheckError.internal
                                                                                  "fuel exhausted: annotate"),
                                                                            inferIO := fun x x_1 =>
                                                                              throw
                                                                                (CheckError.internal
                                                                                  "fuel exhausted: infer") }
                                                                          (officialEnv N) d
                                                                          (List.take rl.ctorParams v.getAppArgs)
                                                                          (recFireComparands rl cv.levelParams us
                                                                              cvj.levelParams (f'.app a).getAppArgs
                                                                              rP).snd
                                                                      else Except.ok true with
                                                                    | Except.error err => Except.error err
                                                                    | Except.ok v_2 =>
                                                                      if v_2 = true then
                                                                        match
                                                                          iotaCerts
                                                                            {
                                                                              whnfCore := fun x x_1 =>
                                                                                throw
                                                                                  (CheckError.internal
                                                                                    "fuel exhausted: whnfCore"),
                                                                              whnf := fun x x_1 =>
                                                                                throw
                                                                                  (CheckError.internal
                                                                                    "fuel exhausted: whnf"),
                                                                              infer := fun x x_1 =>
                                                                                throw
                                                                                  (CheckError.internal
                                                                                    "fuel exhausted: infer"),
                                                                              defeq := fun x x_1 x_2 =>
                                                                                throw
                                                                                  (CheckError.internal
                                                                                    "fuel exhausted: defeq"),
                                                                              annotate := fun x x_1 =>
                                                                                throw
                                                                                  (CheckError.internal
                                                                                    "fuel exhausted: annotate"),
                                                                              inferIO := fun x x_1 =>
                                                                                throw
                                                                                  (CheckError.internal
                                                                                    "fuel exhausted: infer") }
                                                                            (officialEnv N) d
                                                                            CheckMode.verified.betaGate
                                                                            (Expr.instantiateLevelParams cv.levelParams
                                                                              us cv.type)
                                                                            (List.take mI (f'.app a).getAppArgs ++
                                                                              [v]) with
                                                                        | Except.error err => Except.error err
                                                                        | Except.ok v_3 =>
                                                                          if v_3 = true then
                                                                            match
                                                                              iotaCerts
                                                                                {
                                                                                  whnfCore := fun x x_1 =>
                                                                                    throw
                                                                                      (CheckError.internal
                                                                                        "fuel exhausted: whnfCore"),
                                                                                  whnf := fun x x_1 =>
                                                                                    throw
                                                                                      (CheckError.internal
                                                                                        "fuel exhausted: whnf"),
                                                                                  infer := fun x x_1 =>
                                                                                    throw
                                                                                      (CheckError.internal
                                                                                        "fuel exhausted: infer"),
                                                                                  defeq := fun x x_1 x_2 =>
                                                                                    throw
                                                                                      (CheckError.internal
                                                                                        "fuel exhausted: defeq"),
                                                                                  annotate := fun x x_1 =>
                                                                                    throw
                                                                                      (CheckError.internal
                                                                                        "fuel exhausted: annotate"),
                                                                                  inferIO := fun x x_1 =>
                                                                                    throw
                                                                                      (CheckError.internal
                                                                                        "fuel exhausted: infer") }
                                                                                (officialEnv N) d
                                                                                CheckMode.verified.betaGate
                                                                                (Expr.instantiateLevelParams
                                                                                  cvj.levelParams usj cvj.type)
                                                                                v.getAppArgs with
                                                                            | Except.error err => Except.error err
                                                                            | Except.ok v_4 =>
                                                                              if v_4 = true then
                                                                                match
                                                                                  iotaIndexOk
                                                                                    {
                                                                                      whnfCore := fun x x_1 =>
                                                                                        throw
                                                                                          (CheckError.internal
                                                                                            "fuel exhausted: whnfCore"),
                                                                                      whnf := fun x x_1 =>
                                                                                        throw
                                                                                          (CheckError.internal
                                                                                            "fuel exhausted: whnf"),
                                                                                      infer := fun x x_1 =>
                                                                                        throw
                                                                                          (CheckError.internal
                                                                                            "fuel exhausted: infer"),
                                                                                      defeq := fun x x_1 x_2 =>
                                                                                        throw
                                                                                          (CheckError.internal
                                                                                            "fuel exhausted: defeq"),
                                                                                      annotate := fun x x_1 =>
                                                                                        throw
                                                                                          (CheckError.internal
                                                                                            "fuel exhausted: annotate"),
                                                                                      inferIO := fun x x_1 =>
                                                                                        throw
                                                                                          (CheckError.internal
                                                                                            "fuel exhausted: infer") }
                                                                                    (officialEnv N) d mI rP
                                                                                    rl.ctorParams
                                                                                    (Expr.instantiateLevelParams
                                                                                      cvj.levelParams usj cvj.type)
                                                                                    v.getAppArgs
                                                                                    (List.drop rP
                                                                                      (List.take mI
                                                                                        (f'.app a).getAppArgs)) with
                                                                                | Except.error err => Except.error err
                                                                                | Except.ok v_5 =>
                                                                                  if v_5 = true then
                                                                                    Except.ok
                                                                                      (some
                                                                                        ((Expr.instantiateLevelParams
                                                                                              cv.levelParams us
                                                                                              rl.rhs).mkAppN
                                                                                          (List.take rP
                                                                                              (f'.app a).getAppArgs ++
                                                                                            List.drop rl.ctorParams
                                                                                              v.getAppArgs)))
                                                                                  else Except.ok none
                                                                              else Except.ok none
                                                                          else Except.ok none
                                                                      else Except.ok none
                                                                  else Except.ok none
                                                            else Except.ok none
                                                          | none => Except.ok none
                                                        | x => Except.ok none
                                                      | x => Except.ok none
                                                  else Except.ok none
                                                | x => Except.ok none
                                              | x => Except.ok none with
                                            | Except.error err => Except.error err
                                            | Except.ok v =>
                                              match v with
                                              | some e'' => throw (CheckError.internal "fuel exhausted: whnfCore")
                                              | none => Except.ok (f'.app a)
                                      | Expr.proj sn i pe =>
                                        match throw (CheckError.internal "fuel exhausted: whnf") with
                                        | Except.error err => Except.error err
                                        | Except.ok v =>
                                          match
                                            projLitToCtor
                                              {
                                                whnfCore := fun x x_1 =>
                                                  throw (CheckError.internal "fuel exhausted: whnfCore"),
                                                whnf := fun x x_1 => throw (CheckError.internal "fuel exhausted: whnf"),
                                                infer := fun x x_1 =>
                                                  throw (CheckError.internal "fuel exhausted: infer"),
                                                defeq := fun x x_1 x_2 =>
                                                  throw (CheckError.internal "fuel exhausted: defeq"),
                                                annotate := fun x x_1 =>
                                                  throw (CheckError.internal "fuel exhausted: annotate"),
                                                inferIO := fun x x_1 =>
                                                  throw (CheckError.internal "fuel exhausted: infer") }
                                              (officialEnv N) d v with
                                          | Except.error err => Except.error err
                                          | Except.ok v =>
                                            match (officialEnv N).findProj? sn i with
                                            | some entry =>
                                              match v.getAppFn with
                                              | Expr.const c us =>
                                                if
                                                    c = entry.ctor ∧
                                                      i < entry.numFields ∧
                                                        v.getAppArgs.length = entry.numParams + entry.numFields ∧
                                                          us.length = entry.levelParams.length ∧
                                                            entry.fireOk us = true then
                                                  match
                                                    projCertAt
                                                      {
                                                        whnfCore := fun x x_1 =>
                                                          throw (CheckError.internal "fuel exhausted: whnfCore"),
                                                        whnf := fun x x_1 =>
                                                          throw (CheckError.internal "fuel exhausted: whnf"),
                                                        infer := fun x x_1 =>
                                                          throw (CheckError.internal "fuel exhausted: infer"),
                                                        defeq := fun x x_1 x_2 =>
                                                          throw (CheckError.internal "fuel exhausted: defeq"),
                                                        annotate := fun x x_1 =>
                                                          throw (CheckError.internal "fuel exhausted: annotate"),
                                                        inferIO := fun x x_1 =>
                                                          throw (CheckError.internal "fuel exhausted: infer") }
                                                      (officialEnv N) d CheckMode.verified.verifiedChecks
                                                      CheckMode.verified.betaGate c us v.getAppArgs with
                                                  | Except.error err => Except.error err
                                                  | Except.ok v =>
                                                    if v = true then
                                                      throw (CheckError.internal "fuel exhausted: whnfCore")
                                                    else Except.ok (Expr.proj sn i pe)
                                                else Except.ok (Expr.proj sn i pe)
                                              | x => Except.ok (Expr.proj sn i pe)
                                            | none => Except.ok (Expr.proj sn i pe)
                                      | type.letE value body =>
                                        throw (CheckError.internal "whnfCore: `let` in an annotated expression")
                                      | Expr.bvar i =>
                                        throw (CheckError.notImplemented "whnf beyond the supported fragment"),
                                    whnf := fun d e =>
                                      whnfBody
                                        {
                                          whnfCore := fun x x_1 =>
                                            throw (CheckError.internal "fuel exhausted: whnfCore"),
                                          whnf := fun x x_1 => throw (CheckError.internal "fuel exhausted: whnf"),
                                          infer := fun x x_1 => throw (CheckError.internal "fuel exhausted: infer"),
                                          defeq := fun x x_1 x_2 => throw (CheckError.internal "fuel exhausted: defeq"),
                                          annotate := fun x x_1 =>
                                            throw (CheckError.internal "fuel exhausted: annotate"),
                                          inferIO := fun x x_1 => throw (CheckError.internal "fuel exhausted: infer") }
                                        (officialEnv N) d e,
                                    infer := fun d e =>
                                      inferBody CheckMode.verified
                                        {
                                          whnfCore := fun x x_1 =>
                                            throw (CheckError.internal "fuel exhausted: whnfCore"),
                                          whnf := fun x x_1 => throw (CheckError.internal "fuel exhausted: whnf"),
                                          infer := fun x x_1 => throw (CheckError.internal "fuel exhausted: infer"),
                                          defeq := fun x x_1 x_2 => throw (CheckError.internal "fuel exhausted: defeq"),
                                          annotate := fun x x_1 =>
                                            throw (CheckError.internal "fuel exhausted: annotate"),
                                          inferIO := fun x x_1 => throw (CheckError.internal "fuel exhausted: infer") }
                                        (officialEnv N) d e,
                                    defeq := fun d a b =>
                                      defeqBody CheckMode.verified
                                        {
                                          whnfCore := fun x x_1 =>
                                            throw (CheckError.internal "fuel exhausted: whnfCore"),
                                          whnf := fun x x_1 => throw (CheckError.internal "fuel exhausted: whnf"),
                                          infer := fun x x_1 => throw (CheckError.internal "fuel exhausted: infer"),
                                          defeq := fun x x_1 x_2 => throw (CheckError.internal "fuel exhausted: defeq"),
                                          annotate := fun x x_1 =>
                                            throw (CheckError.internal "fuel exhausted: annotate"),
                                          inferIO := fun x x_1 => throw (CheckError.internal "fuel exhausted: infer") }
                                        (officialEnv N) d a b,
                                    annotate := fun d e =>
                                      annotateBody
                                        {
                                          whnfCore := fun x x_1 =>
                                            throw (CheckError.internal "fuel exhausted: whnfCore"),
                                          whnf := fun x x_1 => throw (CheckError.internal "fuel exhausted: whnf"),
                                          infer := fun x x_1 => throw (CheckError.internal "fuel exhausted: infer"),
                                          defeq := fun x x_1 x_2 => throw (CheckError.internal "fuel exhausted: defeq"),
                                          annotate := fun x x_1 =>
                                            throw (CheckError.internal "fuel exhausted: annotate"),
                                          inferIO := fun x x_1 => throw (CheckError.internal "fuel exhausted: infer") }
                                        (officialEnv N) d e,
                                    inferIO := fun d e =>
                                      if CheckMode.verified.betaGate = true then
                                        inferBodyIO CheckMode.verified
                                          {
                                              whnfCore := fun x x_1 =>
                                                throw (CheckError.internal "fuel exhausted: whnfCore"),
                                              whnf := fun x x_1 => throw (CheckError.internal "fuel exhausted: whnf"),
                                              infer := fun x x_1 => throw (CheckError.internal "fuel exhausted: infer"),
                                              defeq := fun x x_1 x_2 =>
                                                throw (CheckError.internal "fuel exhausted: defeq"),
                                              annotate := fun x x_1 =>
                                                throw (CheckError.internal "fuel exhausted: annotate"),
                                              inferIO := fun x x_1 =>
                                                throw (CheckError.internal "fuel exhausted: infer") }.ioView
                                          (officialEnv N) d e
                                      else
                                        inferBody CheckMode.verified
                                          {
                                            whnfCore := fun x x_1 =>
                                              throw (CheckError.internal "fuel exhausted: whnfCore"),
                                            whnf := fun x x_1 => throw (CheckError.internal "fuel exhausted: whnf"),
                                            infer := fun x x_1 => throw (CheckError.internal "fuel exhausted: infer"),
                                            defeq := fun x x_1 x_2 =>
                                              throw (CheckError.internal "fuel exhausted: defeq"),
                                            annotate := fun x x_1 =>
                                              throw (CheckError.internal "fuel exhausted: annotate"),
                                            inferIO := fun x x_1 =>
                                              throw (CheckError.internal "fuel exhausted: infer") }
                                          (officialEnv N) d e }).defeq
                              d v ty with
                          | ⋯ => Except.error err
                          | ⋯ =>
                            if v = true then
                              (id
                                    {
                                      whnfCore := fun d e =>
                                        match e with
                                        | ⋯ => Except.ok (Expr.sort u)
                                        | ⋯ => Except.ok (Expr.fvar idx ty)
                                        | ⋯ => Except.ok (ty.forallE body bi)
                                        | ⋯ => Except.ok (ty.lam body mb)
                                        | ⋯ => Except.ok (Expr.const n us)
                                        | ⋯ => Except.ok (Expr.lit l)
                                        | ⋯ =>
                                          match throw (CheckError.internal "fuel exhausted: whnfCore") with
                                          | ⋯ => Except.error err
                                          | ⋯ =>
                                            match v with
                                            | ⋯ =>
                                              if betaGateFires CheckMode.verified mb.pw = true then
                                                throw (CheckError.internal "fuel exhausted: whnfCore")
                                              else
                                                match throw (CheckError.internal "fuel exhausted: infer") with
                                                | Except.error err => Except.error err
                                                | Except.ok v =>
                                                  match throw (CheckError.internal "fuel exhausted: defeq") with
                                                  | Except.error err => Except.error err
                                                  | Except.ok v =>
                                                    if v = true then
                                                      throw (CheckError.internal "fuel exhausted: whnfCore")
                                                    else Except.ok ((ty.lam body mb).app a)
                                            | ⋯ =>
                                              match
                                                match f'.getAppFn with
                                                | ⋯ =>
                                                  match (officialEnv N).find? c with
                                                  | ⋯ =>
                                                    if
                                                        (f'.app a).getAppArgs.length = mI + 1 ∧
                                                          us.length = cv.levelParams.length then
                                                      match
                                                        prepareMajor CheckMode.verified
                                                          {
                                                            whnfCore := fun x x_1 =>
                                                              throw (CheckError.internal "fuel exhausted: whnfCore"),
                                                            whnf := fun x x_1 =>
                                                              throw (CheckError.internal "fuel exhausted: whnf"),
                                                            infer := fun x x_1 =>
                                                              throw (CheckError.internal "fuel exhausted: infer"),
                                                            defeq := fun x x_1 x_2 =>
                                                              throw (CheckError.internal "fuel exhausted: defeq"),
                                                            annotate := fun x x_1 =>
                                                              throw (CheckError.internal "fuel exhausted: annotate"),
                                                            inferIO := fun x x_1 =>
                                                              throw (CheckError.internal "fuel exhausted: infer") }
                                                          (officialEnv N) d c rules
                                                          ((f'.app a).getAppArgs.getD mI (Expr.bvar 0)) with
                                                      | ⋯ => Except.error err
                                                      | ⋯ =>
                                                        match v.getAppFn with
                                                        | ⋯ =>
                                                          match (officialEnv N).find? cj with
                                                          | ⋯ =>
                                                            match List.find? (fun r' => r'.ctor == cj) rules with
                                                            | ⋯ =>
                                                              if v.getAppArgs.length = rl.ctorParams + rl.nfields then
                                                                if rl.fire = RecRuleFire.inert then
                                                                  throw
                                                                    (CheckError.notImplemented
                                                                      "iota reduction over a nested auxiliary recursor rule")
                                                                else
                                                                  match
                                                                    liftFueled "level comparison"
                                                                      (Level.isEquivList usj
                                                                        (recFireComparands rl cv.levelParams us
                                                                            cvj.levelParams (f'.app a).getAppArgs
                                                                            rP).fst) with
                                                                  | ⋯ => Except.error err
                                                                  | ⋯ =>
                                                                    if v_1 = true then
                                                                      match
                                                                        if rl.compareParams = true then
                                                                          defEqList
                                                                            {
                                                                              whnfCore := fun x x_1 =>
                                                                                throw
                                                                                  (CheckError.internal
                                                                                    "fuel exhausted: whnfCore"),
                                                                              whnf := fun x x_1 =>
                                                                                throw
                                                                                  (CheckError.internal
                                                                                    "fuel exhausted: whnf"),
                                                                              infer := fun x x_1 =>
                                                                                throw
                                                                                  (CheckError.internal
                                                                                    "fuel exhausted: infer"),
                                                                              defeq := fun x x_1 x_2 =>
                                                                                throw
                                                                                  (CheckError.internal
                                                                                    "fuel exhausted: defeq"),
                                                                              annotate := fun x x_1 =>
                                                                                throw
                                                                                  (CheckError.internal
                                                                                    "fuel exhausted: annotate"),
                                                                              inferIO := fun x x_1 =>
                                                                                throw
                                                                                  (CheckError.internal
                                                                                    "fuel exhausted: infer") }
                                                                            (officialEnv N) d
                                                                            (List.take rl.ctorParams v.getAppArgs)
                                                                            (recFireComparands rl cv.levelParams us
                                                                                cvj.levelParams (f'.app a).getAppArgs
                                                                                rP).snd
                                                                        else Except.ok true with
                                                                      | ⋯ => Except.error err
                                                                      | ⋯ =>
                                                                        if v_2 = true then
                                                                          match
                                                                            iotaCerts
                                                                              {
                                                                                whnfCore := fun x x_1 =>
                                                                                  throw
                                                                                    (CheckError.internal
                                                                                      "fuel exhausted: whnfCore"),
                                                                                whnf := fun x x_1 =>
                                                                                  throw
                                                                                    (CheckError.internal
                                                                                      "fuel exhausted: whnf"),
                                                                                infer := fun x x_1 =>
                                                                                  throw
                                                                                    (CheckError.internal
                                                                                      "fuel exhausted: infer"),
                                                                                defeq := fun x x_1 x_2 =>
                                                                                  throw
                                                                                    (CheckError.internal
                                                                                      "fuel exhausted: defeq"),
                                                                                annotate := fun x x_1 =>
                                                                                  throw
                                                                                    (CheckError.internal
                                                                                      "fuel exhausted: annotate"),
                                                                                inferIO := fun x x_1 =>
                                                                                  throw
                                                                                    (CheckError.internal
                                                                                      "fuel exhausted: infer") }
                                                                              (officialEnv N) d
                                                                              CheckMode.verified.betaGate
                                                                              (Expr.instantiateLevelParams
                                                                                cv.levelParams us cv.type)
                                                                              (List.take mI (f'.app a).getAppArgs ++
                                                                                [v]) with
                                                                          | ⋯ => Except.error err
                                                                          | ⋯ =>
                                                                            if v_3 = true then
                                                                              match
                                                                                iotaCerts
                                                                                  {
                                                                                    whnfCore := fun x x_1 =>
                                                                                      throw
                                                                                        (CheckError.internal
                                                                                          "fuel exhausted: whnfCore"),
                                                                                    whnf := fun x x_1 =>
                                                                                      throw
                                                                                        (CheckError.internal
                                                                                          "fuel exhausted: whnf"),
                                                                                    infer := fun x x_1 =>
                                                                                      throw
                                                                                        (CheckError.internal
                                                                                          "fuel exhausted: infer"),
                                                                                    defeq := fun x x_1 x_2 =>
                                                                                      throw
                                                                                        (CheckError.internal
                                                                                          "fuel exhausted: defeq"),
                                                                                    annotate := fun x x_1 =>
                                                                                      throw
                                                                                        (CheckError.internal
                                                                                          "fuel exhausted: annotate"),
                                                                                    inferIO := fun x x_1 =>
                                                                                      throw
                                                                                        (CheckError.internal
                                                                                          "fuel exhausted: infer") }
                                                                                  (officialEnv N) d
                                                                                  CheckMode.verified.betaGate
                                                                                  (Expr.instantiateLevelParams
                                                                                    cvj.levelParams usj cvj.type)
                                                                                  v.getAppArgs with
                                                                              | ⋯ => Except.error err
                                                                              | ⋯ =>
                                                                                if v_4 = true then
                                                                                  match
                                                                                    iotaIndexOk
                                                                                      {
                                                                                        whnfCore := fun x x_1 =>
                                                                                          throw
                                                                                            (CheckError.internal
                                                                                              "fuel exhausted: whnfCore"),
                                                                                        whnf := fun x x_1 =>
                                                                                          throw
                                                                                            (CheckError.internal
                                                                                              "fuel exhausted: whnf"),
                                                                                        infer := fun x x_1 =>
                                                                                          throw
                                                                                            (CheckError.internal
                                                                                              "fuel exhausted: infer"),
                                                                                        defeq := fun x x_1 x_2 =>
                                                                                          throw
                                                                                            (CheckError.internal
                                                                                              "fuel exhausted: defeq"),
                                                                                        annotate := fun x x_1 =>
                                                                                          throw
                                                                                            (CheckError.internal
                                                                                              "fuel exhausted: annotate"),
                                                                                        inferIO := fun x x_1 =>
                                                                                          throw
                                                                                            (CheckError.internal
                                                                                              "fuel exhausted: infer") }
                                                                                      (officialEnv N) d mI rP
                                                                                      rl.ctorParams
                                                                                      (Expr.instantiateLevelParams
                                                                                        cvj.levelParams usj ⋯.type)
                                                                                      ⋯ ⋯ with
                                                                                  | ⋯ => ⋯
                                                                                  | ⋯ => ⋯
                                                                                else ⋯
                                                                            else ⋯
                                                                        else ⋯
                                                                    else ⋯
                                                              else ⋯
                                                            | ⋯ => ⋯
                                                          | ⋯ => ⋯
                                                        | ⋯ => ⋯
                                                    else ⋯
                                                  | ⋯ => ⋯
                                                | ⋯ => ⋯ with
                                              | ⋯ => ⋯
                                              | ⋯ => ⋯
                                        | ⋯ => ⋯
                                        | ⋯ => ⋯
                                        | ⋯ => ⋯,
                                      whnf := ⋯, infer := ⋯, defeq := ⋯, annotate := ⋯, inferIO := ⋯ }).whnfCore
                                ⋯ ⋯
                            else ⋯
                    | ⋯ => ⋯
                | ⋯ => ⋯
                | ⋯ => ⋯
                | ⋯ => ⋯,
              whnf := ⋯, infer := ⋯, defeq := ⋯, annotate := ⋯, inferIO := ⋯ }).whnfCore
        ⋯ ⋯ with
    | ⋯ => ⋯
    | ⋯ => ⋯) =
    ⋯

N j d : Nat
hj : j ≤ N
⊢ (match
      (id
            {
              whnfCore := fun d e =>
                match e with
                | ⋯ => Except.ok (Expr.sort u)
                | ⋯ => Except.ok (Expr.fvar idx ty)
                | ⋯ => Except.ok (ty.forallE body bi)
                | ⋯ => Except.ok (ty.lam body mb)
                | ⋯ => Except.ok (Expr.const n us)
                | ⋯ => Except.ok (Expr.lit l)
                | ⋯ =>
                  match
                    (id
                          {
                            whnfCore := fun d e =>
                              match e with
                              | Expr.sort u => Except.ok (Expr.sort u)
                              | Expr.fvar idx ty => Except.ok (Expr.fvar idx ty)
                              | ty.forallE body bi => Except.ok (ty.forallE body bi)
                              | ty.lam body mb => Except.ok (ty.lam body mb)
                              | Expr.const n us => Except.ok (Expr.const n us)
                              | Expr.lit l => Except.ok (Expr.lit l)
                              | f.app a =>
                                match throw (CheckError.internal "fuel exhausted: whnfCore") with
                                | Except.error err => Except.error err
                                | Except.ok v =>
                                  match v with
                                  | ty.lam body mb =>
                                    if betaGateFires CheckMode.verified mb.pw = true then
                                      throw (CheckError.internal "fuel exhausted: whnfCore")
                                    else
                                      match throw (CheckError.internal "fuel exhausted: infer") with
                                      | Except.error err => Except.error err
                                      | Except.ok v =>
                                        match throw (CheckError.internal "fuel exhausted: defeq") with
                                        | Except.error err => Except.error err
                                        | Except.ok v =>
                                          if v = true then throw (CheckError.internal "fuel exhausted: whnfCore")
                                          else Except.ok ((ty.lam body mb).app a)
                                  | f' =>
                                    match
                                      match f'.getAppFn with
                                      | Expr.const c us =>
                                        match (officialEnv N).find? c with
                                        | some (ConstantInfo.recInfo cv mI rP rules) =>
                                          if
                                              (f'.app a).getAppArgs.length = mI + 1 ∧
                                                us.length = cv.levelParams.length then
                                            match
                                              prepareMajor CheckMode.verified
                                                {
                                                  whnfCore := fun x x_1 =>
                                                    throw (CheckError.internal "fuel exhausted: whnfCore"),
                                                  whnf := fun x x_1 =>
                                                    throw (CheckError.internal "fuel exhausted: whnf"),
                                                  infer := fun x x_1 =>
                                                    throw (CheckError.internal "fuel exhausted: infer"),
                                                  defeq := fun x x_1 x_2 =>
                                                    throw (CheckError.internal "fuel exhausted: defeq"),
                                                  annotate := fun x x_1 =>
                                                    throw (CheckError.internal "fuel exhausted: annotate"),
                                                  inferIO := fun x x_1 =>
                                                    throw (CheckError.internal "fuel exhausted: infer") }
                                                (officialEnv N) d c rules
                                                ((f'.app a).getAppArgs.getD mI (Expr.bvar 0)) with
                                            | Except.error err => Except.error err
                                            | Except.ok v =>
                                              match v.getAppFn with
                                              | Expr.const cj usj =>
                                                match (officialEnv N).find? cj with
                                                | some (ConstantInfo.ctorInfo cvj numParams numFields) =>
                                                  match List.find? (fun r' => r'.ctor == cj) rules with
                                                  | some rl =>
                                                    if v.getAppArgs.length = rl.ctorParams + rl.nfields then
                                                      if rl.fire = RecRuleFire.inert then
                                                        throw
                                                          (CheckError.notImplemented
                                                            "iota reduction over a nested auxiliary recursor rule")
                                                      else
                                                        match
                                                          liftFueled "level comparison"
                                                            (Level.isEquivList usj
                                                              (recFireComparands rl cv.levelParams us cvj.levelParams
                                                                  (f'.app a).getAppArgs rP).fst) with
                                                        | Except.error err => Except.error err
                                                        | Except.ok v_1 =>
                                                          if v_1 = true then
                                                            match
                                                              if rl.compareParams = true then
                                                                defEqList
                                                                  {
                                                                    whnfCore := fun x x_1 =>
                                                                      throw
                                                                        (CheckError.internal
                                                                          "fuel exhausted: whnfCore"),
                                                                    whnf := fun x x_1 =>
                                                                      throw
                                                                        (CheckError.internal "fuel exhausted: whnf"),
                                                                    infer := fun x x_1 =>
                                                                      throw
                                                                        (CheckError.internal "fuel exhausted: infer"),
                                                                    defeq := fun x x_1 x_2 =>
                                                                      throw
                                                                        (CheckError.internal "fuel exhausted: defeq"),
                                                                    annotate := fun x x_1 =>
                                                                      throw
                                                                        (CheckError.internal
                                                                          "fuel exhausted: annotate"),
                                                                    inferIO := fun x x_1 =>
                                                                      throw
                                                                        (CheckError.internal "fuel exhausted: infer") }
                                                                  (officialEnv N) d
                                                                  (List.take rl.ctorParams v.getAppArgs)
                                                                  (recFireComparands rl cv.levelParams us
                                                                      cvj.levelParams (f'.app a).getAppArgs rP).snd
                                                              else Except.ok true with
                                                            | Except.error err => Except.error err
                                                            | Except.ok v_2 =>
                                                              if v_2 = true then
                                                                match
                                                                  iotaCerts
                                                                    {
                                                                      whnfCore := fun x x_1 =>
                                                                        throw
                                                                          (CheckError.internal
                                                                            "fuel exhausted: whnfCore"),
                                                                      whnf := fun x x_1 =>
                                                                        throw
                                                                          (CheckError.internal "fuel exhausted: whnf"),
                                                                      infer := fun x x_1 =>
                                                                        throw
                                                                          (CheckError.internal "fuel exhausted: infer"),
                                                                      defeq := fun x x_1 x_2 =>
                                                                        throw
                                                                          (CheckError.internal "fuel exhausted: defeq"),
                                                                      annotate := fun x x_1 =>
                                                                        throw
                                                                          (CheckError.internal
                                                                            "fuel exhausted: annotate"),
                                                                      inferIO := fun x x_1 =>
                                                                        throw
                                                                          (CheckError.internal
                                                                            "fuel exhausted: infer") }
                                                                    (officialEnv N) d CheckMode.verified.betaGate
                                                                    (Expr.instantiateLevelParams cv.levelParams us
                                                                      cv.type)
                                                                    (List.take mI (f'.app a).getAppArgs ++ [v]) with
                                                                | Except.error err => Except.error err
                                                                | Except.ok v_3 =>
                                                                  if v_3 = true then
                                                                    match
                                                                      iotaCerts
                                                                        {
                                                                          whnfCore := fun x x_1 =>
                                                                            throw
                                                                              (CheckError.internal
                                                                                "fuel exhausted: whnfCore"),
                                                                          whnf := fun x x_1 =>
                                                                            throw
                                                                              (CheckError.internal
                                                                                "fuel exhausted: whnf"),
                                                                          infer := fun x x_1 =>
                                                                            throw
                                                                              (CheckError.internal
                                                                                "fuel exhausted: infer"),
                                                                          defeq := fun x x_1 x_2 =>
                                                                            throw
                                                                              (CheckError.internal
                                                                                "fuel exhausted: defeq"),
                                                                          annotate := fun x x_1 =>
                                                                            throw
                                                                              (CheckError.internal
                                                                                "fuel exhausted: annotate"),
                                                                          inferIO := fun x x_1 =>
                                                                            throw
                                                                              (CheckError.internal
                                                                                "fuel exhausted: infer") }
                                                                        (officialEnv N) d CheckMode.verified.betaGate
                                                                        (Expr.instantiateLevelParams cvj.levelParams usj
                                                                          cvj.type)
                                                                        v.getAppArgs with
                                                                    | Except.error err => Except.error err
                                                                    | Except.ok v_4 =>
                                                                      if v_4 = true then
                                                                        match
                                                                          iotaIndexOk
                                                                            {
                                                                              whnfCore := fun x x_1 =>
                                                                                throw
                                                                                  (CheckError.internal
                                                                                    "fuel exhausted: whnfCore"),
                                                                              whnf := fun x x_1 =>
                                                                                throw
                                                                                  (CheckError.internal
                                                                                    "fuel exhausted: whnf"),
                                                                              infer := fun x x_1 =>
                                                                                throw
                                                                                  (CheckError.internal
                                                                                    "fuel exhausted: infer"),
                                                                              defeq := fun x x_1 x_2 =>
                                                                                throw
                                                                                  (CheckError.internal
                                                                                    "fuel exhausted: defeq"),
                                                                              annotate := fun x x_1 =>
                                                                                throw
                                                                                  (CheckError.internal
                                                                                    "fuel exhausted: annotate"),
                                                                              inferIO := fun x x_1 =>
                                                                                throw
                                                                                  (CheckError.internal
                                                                                    "fuel exhausted: infer") }
                                                                            (officialEnv N) d mI rP rl.ctorParams
                                                                            (Expr.instantiateLevelParams cvj.levelParams
                                                                              usj cvj.type)
                                                                            v.getAppArgs
                                                                            (List.drop rP
                                                                              (List.take mI (f'.app a).getAppArgs)) with
                                                                        | Except.error err => Except.error err
                                                                        | Except.ok v_5 =>
                                                                          if v_5 = true then
                                                                            Except.ok
                                                                              (some
                                                                                ((Expr.instantiateLevelParams
                                                                                      cv.levelParams us rl.rhs).mkAppN
                                                                                  (List.take rP (f'.app a).getAppArgs ++
                                                                                    List.drop rl.ctorParams
                                                                                      v.getAppArgs)))
                                                                          else Except.ok none
                                                                      else Except.ok none
                                                                  else Except.ok none
                                                              else Except.ok none
                                                          else Except.ok none
                                                    else Except.ok none
                                                  | none => Except.ok none
                                                | x => Except.ok none
                                              | x => Except.ok none
                                          else Except.ok none
                                        | x => Except.ok none
                                      | x => Except.ok none with
                                    | Except.error err => Except.error err
                                    | Except.ok v =>
                                      match v with
                                      | some e'' => throw (CheckError.internal "fuel exhausted: whnfCore")
                                      | none => Except.ok (f'.app a)
                              | Expr.proj sn i pe =>
                                match throw (CheckError.internal "fuel exhausted: whnf") with
                                | Except.error err => Except.error err
                                | Except.ok v =>
                                  match
                                    projLitToCtor
                                      { whnfCore := fun x x_1 => throw (CheckError.internal "fuel exhausted: whnfCore"),
                                        whnf := fun x x_1 => throw (CheckError.internal "fuel exhausted: whnf"),
                                        infer := fun x x_1 => throw (CheckError.internal "fuel exhausted: infer"),
                                        defeq := fun x x_1 x_2 => throw (CheckError.internal "fuel exhausted: defeq"),
                                        annotate := fun x x_1 => throw (CheckError.internal "fuel exhausted: annotate"),
                                        inferIO := fun x x_1 => throw (CheckError.internal "fuel exhausted: infer") }
                                      (officialEnv N) d v with
                                  | Except.error err => Except.error err
                                  | Except.ok v =>
                                    match (officialEnv N).findProj? sn i with
                                    | some entry =>
                                      match v.getAppFn with
                                      | Expr.const c us =>
                                        if
                                            c = entry.ctor ∧
                                              i < entry.numFields ∧
                                                v.getAppArgs.length = entry.numParams + entry.numFields ∧
                                                  us.length = entry.levelParams.length ∧ entry.fireOk us = true then
                                          match
                                            projCertAt
                                              {
                                                whnfCore := fun x x_1 =>
                                                  throw (CheckError.internal "fuel exhausted: whnfCore"),
                                                whnf := fun x x_1 => throw (CheckError.internal "fuel exhausted: whnf"),
                                                infer := fun x x_1 =>
                                                  throw (CheckError.internal "fuel exhausted: infer"),
                                                defeq := fun x x_1 x_2 =>
                                                  throw (CheckError.internal "fuel exhausted: defeq"),
                                                annotate := fun x x_1 =>
                                                  throw (CheckError.internal "fuel exhausted: annotate"),
                                                inferIO := fun x x_1 =>
                                                  throw (CheckError.internal "fuel exhausted: infer") }
                                              (officialEnv N) d CheckMode.verified.verifiedChecks
                                              CheckMode.verified.betaGate c us v.getAppArgs with
                                          | Except.error err => Except.error err
                                          | Except.ok v =>
                                            if v = true then throw (CheckError.internal "fuel exhausted: whnfCore")
                                            else Except.ok (Expr.proj sn i pe)
                                        else Except.ok (Expr.proj sn i pe)
                                      | x => Except.ok (Expr.proj sn i pe)
                                    | none => Except.ok (Expr.proj sn i pe)
                              | type.letE value body =>
                                throw (CheckError.internal "whnfCore: `let` in an annotated expression")
                              | Expr.bvar i => throw (CheckError.notImplemented "whnf beyond the supported fragment"),
                            whnf := fun d e =>
                              whnfBody
                                { whnfCore := fun x x_1 => throw (CheckError.internal "fuel exhausted: whnfCore"),
                                  whnf := fun x x_1 => throw (CheckError.internal "fuel exhausted: whnf"),
                                  infer := fun x x_1 => throw (CheckError.internal "fuel exhausted: infer"),
                                  defeq := fun x x_1 x_2 => throw (CheckError.internal "fuel exhausted: defeq"),
                                  annotate := fun x x_1 => throw (CheckError.internal "fuel exhausted: annotate"),
                                  inferIO := fun x x_1 => throw (CheckError.internal "fuel exhausted: infer") }
                                (officialEnv N) d e,
                            infer := fun d e =>
                              inferBody CheckMode.verified
                                { whnfCore := fun x x_1 => throw (CheckError.internal "fuel exhausted: whnfCore"),
                                  whnf := fun x x_1 => throw (CheckError.internal "fuel exhausted: whnf"),
                                  infer := fun x x_1 => throw (CheckError.internal "fuel exhausted: infer"),
                                  defeq := fun x x_1 x_2 => throw (CheckError.internal "fuel exhausted: defeq"),
                                  annotate := fun x x_1 => throw (CheckError.internal "fuel exhausted: annotate"),
                                  inferIO := fun x x_1 => throw (CheckError.internal "fuel exhausted: infer") }
                                (officialEnv N) d e,
                            defeq := fun d a b =>
                              defeqBody CheckMode.verified
                                { whnfCore := fun x x_1 => throw (CheckError.internal "fuel exhausted: whnfCore"),
                                  whnf := fun x x_1 => throw (CheckError.internal "fuel exhausted: whnf"),
                                  infer := fun x x_1 => throw (CheckError.internal "fuel exhausted: infer"),
                                  defeq := fun x x_1 x_2 => throw (CheckError.internal "fuel exhausted: defeq"),
                                  annotate := fun x x_1 => throw (CheckError.internal "fuel exhausted: annotate"),
                                  inferIO := fun x x_1 => throw (CheckError.internal "fuel exhausted: infer") }
                                (officialEnv N) d a b,
                            annotate := fun d e =>
                              annotateBody
                                { whnfCore := fun x x_1 => throw (CheckError.internal "fuel exhausted: whnfCore"),
                                  whnf := fun x x_1 => throw (CheckError.internal "fuel exhausted: whnf"),
                                  infer := fun x x_1 => throw (CheckError.internal "fuel exhausted: infer"),
                                  defeq := fun x x_1 x_2 => throw (CheckError.internal "fuel exhausted: defeq"),
                                  annotate := fun x x_1 => throw (CheckError.internal "fuel exhausted: annotate"),
                                  inferIO := fun x x_1 => throw (CheckError.internal "fuel exhausted: infer") }
                                (officialEnv N) d e,
                            inferIO := fun d e =>
                              if CheckMode.verified.betaGate = true then
                                inferBodyIO CheckMode.verified
                                  { whnfCore := fun x x_1 => throw (CheckError.internal "fuel exhausted: whnfCore"),
                                      whnf := fun x x_1 => throw (CheckError.internal "fuel exhausted: whnf"),
                                      infer := fun x x_1 => throw (CheckError.internal "fuel exhausted: infer"),
                                      defeq := fun x x_1 x_2 => throw (CheckError.internal "fuel exhausted: defeq"),
                                      annotate := fun x x_1 => throw (CheckError.internal "fuel exhausted: annotate"),
                                      inferIO := fun x x_1 =>
                                        throw (CheckError.internal "fuel exhausted: infer") }.ioView
                                  (officialEnv N) d e
                              else
                                inferBody CheckMode.verified
                                  { whnfCore := fun x x_1 => throw (CheckError.internal "fuel exhausted: whnfCore"),
                                    whnf := fun x x_1 => throw (CheckError.internal "fuel exhausted: whnf"),
                                    infer := fun x x_1 => throw (CheckError.internal "fuel exhausted: infer"),
                                    defeq := fun x x_1 x_2 => throw (CheckError.internal "fuel exhausted: defeq"),
                                    annotate := fun x x_1 => throw (CheckError.internal "fuel exhausted: annotate"),
                                    inferIO := fun x x_1 => throw (CheckError.internal "fuel exhausted: infer") }
                                  (officialEnv N) d e }).whnfCore
                      d f with
                  | ⋯ => Except.error err
                  | ⋯ =>
                    match v with
                    | ⋯ =>
                      if betaGateFires CheckMode.verified mb.pw = true then
                        (id
                              {
                                whnfCore := fun d e =>
                                  match e with
                                  | Expr.sort u => Except.ok (Expr.sort u)
                                  | Expr.fvar idx ty => Except.ok (Expr.fvar idx ty)
                                  | ty.forallE body bi => Except.ok (ty.forallE body bi)
                                  | ty.lam body mb => Except.ok (ty.lam body mb)
                                  | Expr.const n us => Except.ok (Expr.const n us)
                                  | Expr.lit l => Except.ok (Expr.lit l)
                                  | f.app a =>
                                    match throw (CheckError.internal "fuel exhausted: whnfCore") with
                                    | Except.error err => Except.error err
                                    | Except.ok v =>
                                      match v with
                                      | ty.lam body mb =>
                                        if betaGateFires CheckMode.verified mb.pw = true then
                                          throw (CheckError.internal "fuel exhausted: whnfCore")
                                        else
                                          match throw (CheckError.internal "fuel exhausted: infer") with
                                          | Except.error err => Except.error err
                                          | Except.ok v =>
                                            match throw (CheckError.internal "fuel exhausted: defeq") with
                                            | Except.error err => Except.error err
                                            | Except.ok v =>
                                              if v = true then throw (CheckError.internal "fuel exhausted: whnfCore")
                                              else Except.ok ((ty.lam body mb).app a)
                                      | f' =>
                                        match
                                          match f'.getAppFn with
                                          | Expr.const c us =>
                                            match (officialEnv N).find? c with
                                            | some (ConstantInfo.recInfo cv mI rP rules) =>
                                              if
                                                  (f'.app a).getAppArgs.length = mI + 1 ∧
                                                    us.length = cv.levelParams.length then
                                                match
                                                  prepareMajor CheckMode.verified
                                                    {
                                                      whnfCore := fun x x_1 =>
                                                        throw (CheckError.internal "fuel exhausted: whnfCore"),
                                                      whnf := fun x x_1 =>
                                                        throw (CheckError.internal "fuel exhausted: whnf"),
                                                      infer := fun x x_1 =>
                                                        throw (CheckError.internal "fuel exhausted: infer"),
                                                      defeq := fun x x_1 x_2 =>
                                                        throw (CheckError.internal "fuel exhausted: defeq"),
                                                      annotate := fun x x_1 =>
                                                        throw (CheckError.internal "fuel exhausted: annotate"),
                                                      inferIO := fun x x_1 =>
                                                        throw (CheckError.internal "fuel exhausted: infer") }
                                                    (officialEnv N) d c rules
                                                    ((f'.app a).getAppArgs.getD mI (Expr.bvar 0)) with
                                                | Except.error err => Except.error err
                                                | Except.ok v =>
                                                  match v.getAppFn with
                                                  | Expr.const cj usj =>
                                                    match (officialEnv N).find? cj with
                                                    | some (ConstantInfo.ctorInfo cvj numParams numFields) =>
                                                      match List.find? (fun r' => r'.ctor == cj) rules with
                                                      | some rl =>
                                                        if v.getAppArgs.length = rl.ctorParams + rl.nfields then
                                                          if rl.fire = RecRuleFire.inert then
                                                            throw
                                                              (CheckError.notImplemented
                                                                "iota reduction over a nested auxiliary recursor rule")
                                                          else
                                                            match
                                                              liftFueled "level comparison"
                                                                (Level.isEquivList usj
                                                                  (recFireComparands rl cv.levelParams us
                                                                      cvj.levelParams (f'.app a).getAppArgs
                                                                      rP).fst) with
                                                            | Except.error err => Except.error err
                                                            | Except.ok v_1 =>
                                                              if v_1 = true then
                                                                match
                                                                  if rl.compareParams = true then
                                                                    defEqList
                                                                      {
                                                                        whnfCore := fun x x_1 =>
                                                                          throw
                                                                            (CheckError.internal
                                                                              "fuel exhausted: whnfCore"),
                                                                        whnf := fun x x_1 =>
                                                                          throw
                                                                            (CheckError.internal
                                                                              "fuel exhausted: whnf"),
                                                                        infer := fun x x_1 =>
                                                                          throw
                                                                            (CheckError.internal
                                                                              "fuel exhausted: infer"),
                                                                        defeq := fun x x_1 x_2 =>
                                                                          throw
                                                                            (CheckError.internal
                                                                              "fuel exhausted: defeq"),
                                                                        annotate := fun x x_1 =>
                                                                          throw
                                                                            (CheckError.internal
                                                                              "fuel exhausted: annotate"),
                                                                        inferIO := fun x x_1 =>
                                                                          throw
                                                                            (CheckError.internal
                                                                              "fuel exhausted: infer") }
                                                                      (officialEnv N) d
                                                                      (List.take rl.ctorParams v.getAppArgs)
                                                                      (recFireComparands rl cv.levelParams us
                                                                          cvj.levelParams (f'.app a).getAppArgs rP).snd
                                                                  else Except.ok true with
                                                                | Except.error err => Except.error err
                                                                | Except.ok v_2 =>
                                                                  if v_2 = true then
                                                                    match
                                                                      iotaCerts
                                                                        {
                                                                          whnfCore := fun x x_1 =>
                                                                            throw
                                                                              (CheckError.internal
                                                                                "fuel exhausted: whnfCore"),
                                                                          whnf := fun x x_1 =>
                                                                            throw
                                                                              (CheckError.internal
                                                                                "fuel exhausted: whnf"),
                                                                          infer := fun x x_1 =>
                                                                            throw
                                                                              (CheckError.internal
                                                                                "fuel exhausted: infer"),
                                                                          defeq := fun x x_1 x_2 =>
                                                                            throw
                                                                              (CheckError.internal
                                                                                "fuel exhausted: defeq"),
                                                                          annotate := fun x x_1 =>
                                                                            throw
                                                                              (CheckError.internal
                                                                                "fuel exhausted: annotate"),
                                                                          inferIO := fun x x_1 =>
                                                                            throw
                                                                              (CheckError.internal
                                                                                "fuel exhausted: infer") }
                                                                        (officialEnv N) d CheckMode.verified.betaGate
                                                                        (Expr.instantiateLevelParams cv.levelParams us
                                                                          cv.type)
                                                                        (List.take mI (f'.app a).getAppArgs ++ [v]) with
                                                                    | Except.error err => Except.error err
                                                                    | Except.ok v_3 =>
                                                                      if v_3 = true then
                                                                        match
                                                                          iotaCerts
                                                                            {
                                                                              whnfCore := fun x x_1 =>
                                                                                throw
                                                                                  (CheckError.internal
                                                                                    "fuel exhausted: whnfCore"),
                                                                              whnf := fun x x_1 =>
                                                                                throw
                                                                                  (CheckError.internal
                                                                                    "fuel exhausted: whnf"),
                                                                              infer := fun x x_1 =>
                                                                                throw
                                                                                  (CheckError.internal
                                                                                    "fuel exhausted: infer"),
                                                                              defeq := fun x x_1 x_2 =>
                                                                                throw
                                                                                  (CheckError.internal
                                                                                    "fuel exhausted: defeq"),
                                                                              annotate := fun x x_1 =>
                                                                                throw
                                                                                  (CheckError.internal
                                                                                    "fuel exhausted: annotate"),
                                                                              inferIO := fun x x_1 =>
                                                                                throw
                                                                                  (CheckError.internal
                                                                                    "fuel exhausted: infer") }
                                                                            (officialEnv N) d
                                                                            CheckMode.verified.betaGate
                                                                            (Expr.instantiateLevelParams cvj.levelParams
                                                                              usj cvj.type)
                                                                            v.getAppArgs with
                                                                        | Except.error err => Except.error err
                                                                        | Except.ok v_4 =>
                                                                          if v_4 = true then
                                                                            match
                                                                              iotaIndexOk
                                                                                {
                                                                                  whnfCore := fun x x_1 =>
                                                                                    throw
                                                                                      (CheckError.internal
                                                                                        "fuel exhausted: whnfCore"),
                                                                                  whnf := fun x x_1 =>
                                                                                    throw
                                                                                      (CheckError.internal
                                                                                        "fuel exhausted: whnf"),
                                                                                  infer := fun x x_1 =>
                                                                                    throw
                                                                                      (CheckError.internal
                                                                                        "fuel exhausted: infer"),
                                                                                  defeq := fun x x_1 x_2 =>
                                                                                    throw
                                                                                      (CheckError.internal
                                                                                        "fuel exhausted: defeq"),
                                                                                  annotate := fun x x_1 =>
                                                                                    throw
                                                                                      (CheckError.internal
                                                                                        "fuel exhausted: annotate"),
                                                                                  inferIO := fun x x_1 =>
                                                                                    throw
                                                                                      (CheckError.internal
                                                                                        "fuel exhausted: infer") }
                                                                                (officialEnv N) d mI rP rl.ctorParams
                                                                                (Expr.instantiateLevelParams
                                                                                  cvj.levelParams usj cvj.type)
                                                                                v.getAppArgs
                                                                                (List.drop rP
                                                                                  (List.take mI
                                                                                    (f'.app a).getAppArgs)) with
                                                                            | Except.error err => Except.error err
                                                                            | Except.ok v_5 =>
                                                                              if v_5 = true then
                                                                                Except.ok
                                                                                  (some
                                                                                    ((Expr.instantiateLevelParams
                                                                                          cv.levelParams us
                                                                                          rl.rhs).mkAppN
                                                                                      (List.take rP
                                                                                          (f'.app a).getAppArgs ++
                                                                                        List.drop rl.ctorParams
                                                                                          v.getAppArgs)))
                                                                              else Except.ok none
                                                                          else Except.ok none
                                                                      else Except.ok none
                                                                  else Except.ok none
                                                              else Except.ok none
                                                        else Except.ok none
                                                      | none => Except.ok none
                                                    | x => Except.ok none
                                                  | x => Except.ok none
                                              else Except.ok none
                                            | x => Except.ok none
                                          | x => Except.ok none with
                                        | Except.error err => Except.error err
                                        | Except.ok v =>
                                          match v with
                                          | some e'' => throw (CheckError.internal "fuel exhausted: whnfCore")
                                          | none => Except.ok (f'.app a)
                                  | Expr.proj sn i pe =>
                                    match throw (CheckError.internal "fuel exhausted: whnf") with
                                    | Except.error err => Except.error err
                                    | Except.ok v =>
                                      match
                                        projLitToCtor
                                          {
                                            whnfCore := fun x x_1 =>
                                              throw (CheckError.internal "fuel exhausted: whnfCore"),
                                            whnf := fun x x_1 => throw (CheckError.internal "fuel exhausted: whnf"),
                                            infer := fun x x_1 => throw (CheckError.internal "fuel exhausted: infer"),
                                            defeq := fun x x_1 x_2 =>
                                              throw (CheckError.internal "fuel exhausted: defeq"),
                                            annotate := fun x x_1 =>
                                              throw (CheckError.internal "fuel exhausted: annotate"),
                                            inferIO := fun x x_1 =>
                                              throw (CheckError.internal "fuel exhausted: infer") }
                                          (officialEnv N) d v with
                                      | Except.error err => Except.error err
                                      | Except.ok v =>
                                        match (officialEnv N).findProj? sn i with
                                        | some entry =>
                                          match v.getAppFn with
                                          | Expr.const c us =>
                                            if
                                                c = entry.ctor ∧
                                                  i < entry.numFields ∧
                                                    v.getAppArgs.length = entry.numParams + entry.numFields ∧
                                                      us.length = entry.levelParams.length ∧ entry.fireOk us = true then
                                              match
                                                projCertAt
                                                  {
                                                    whnfCore := fun x x_1 =>
                                                      throw (CheckError.internal "fuel exhausted: whnfCore"),
                                                    whnf := fun x x_1 =>
                                                      throw (CheckError.internal "fuel exhausted: whnf"),
                                                    infer := fun x x_1 =>
                                                      throw (CheckError.internal "fuel exhausted: infer"),
                                                    defeq := fun x x_1 x_2 =>
                                                      throw (CheckError.internal "fuel exhausted: defeq"),
                                                    annotate := fun x x_1 =>
                                                      throw (CheckError.internal "fuel exhausted: annotate"),
                                                    inferIO := fun x x_1 =>
                                                      throw (CheckError.internal "fuel exhausted: infer") }
                                                  (officialEnv N) d CheckMode.verified.verifiedChecks
                                                  CheckMode.verified.betaGate c us v.getAppArgs with
                                              | Except.error err => Except.error err
                                              | Except.ok v =>
                                                if v = true then throw (CheckError.internal "fuel exhausted: whnfCore")
                                                else Except.ok (Expr.proj sn i pe)
                                            else Except.ok (Expr.proj sn i pe)
                                          | x => Except.ok (Expr.proj sn i pe)
                                        | none => Except.ok (Expr.proj sn i pe)
                                  | type.letE value body =>
                                    throw (CheckError.internal "whnfCore: `let` in an annotated expression")
                                  | Expr.bvar i =>
                                    throw (CheckError.notImplemented "whnf beyond the supported fragment"),
                                whnf := fun d e =>
                                  whnfBody
                                    { whnfCore := fun x x_1 => throw (CheckError.internal "fuel exhausted: whnfCore"),
                                      whnf := fun x x_1 => throw (CheckError.internal "fuel exhausted: whnf"),
                                      infer := fun x x_1 => throw (CheckError.internal "fuel exhausted: infer"),
                                      defeq := fun x x_1 x_2 => throw (CheckError.internal "fuel exhausted: defeq"),
                                      annotate := fun x x_1 => throw (CheckError.internal "fuel exhausted: annotate"),
                                      inferIO := fun x x_1 => throw (CheckError.internal "fuel exhausted: infer") }
                                    (officialEnv N) d e,
                                infer := fun d e =>
                                  inferBody CheckMode.verified
                                    { whnfCore := fun x x_1 => throw (CheckError.internal "fuel exhausted: whnfCore"),
                                      whnf := fun x x_1 => throw (CheckError.internal "fuel exhausted: whnf"),
                                      infer := fun x x_1 => throw (CheckError.internal "fuel exhausted: infer"),
                                      defeq := fun x x_1 x_2 => throw (CheckError.internal "fuel exhausted: defeq"),
                                      annotate := fun x x_1 => throw (CheckError.internal "fuel exhausted: annotate"),
                                      inferIO := fun x x_1 => throw (CheckError.internal "fuel exhausted: infer") }
                                    (officialEnv N) d e,
                                defeq := fun d a b =>
                                  defeqBody CheckMode.verified
                                    { whnfCore := fun x x_1 => throw (CheckError.internal "fuel exhausted: whnfCore"),
                                      whnf := fun x x_1 => throw (CheckError.internal "fuel exhausted: whnf"),
                                      infer := fun x x_1 => throw (CheckError.internal "fuel exhausted: infer"),
                                      defeq := fun x x_1 x_2 => throw (CheckError.internal "fuel exhausted: defeq"),
                                      annotate := fun x x_1 => throw (CheckError.internal "fuel exhausted: annotate"),
                                      inferIO := fun x x_1 => throw (CheckError.internal "fuel exhausted: infer") }
                                    (officialEnv N) d a b,
                                annotate := fun d e =>
                                  annotateBody
                                    { whnfCore := fun x x_1 => throw (CheckError.internal "fuel exhausted: whnfCore"),
                                      whnf := fun x x_1 => throw (CheckError.internal "fuel exhausted: whnf"),
                                      infer := fun x x_1 => throw (CheckError.internal "fuel exhausted: infer"),
                                      defeq := fun x x_1 x_2 => throw (CheckError.internal "fuel exhausted: defeq"),
                                      annotate := fun x x_1 => throw (CheckError.internal "fuel exhausted: annotate"),
                                      inferIO := fun x x_1 => throw (CheckError.internal "fuel exhausted: infer") }
                                    (officialEnv N) d e,
                                inferIO := fun d e =>
                                  if CheckMode.verified.betaGate = true then
                                    inferBodyIO CheckMode.verified
                                      { whnfCore := fun x x_1 => throw (CheckError.internal "fuel exhausted: whnfCore"),
                                          whnf := fun x x_1 => throw (CheckError.internal "fuel exhausted: whnf"),
                                          infer := fun x x_1 => throw (CheckError.internal "fuel exhausted: infer"),
                                          defeq := fun x x_1 x_2 => throw (CheckError.internal "fuel exhausted: defeq"),
                                          annotate := fun x x_1 =>
                                            throw (CheckError.internal "fuel exhausted: annotate"),
                                          inferIO := fun x x_1 =>
                                            throw (CheckError.internal "fuel exhausted: infer") }.ioView
                                      (officialEnv N) d e
                                  else
                                    inferBody CheckMode.verified
                                      { whnfCore := fun x x_1 => throw (CheckError.internal "fuel exhausted: whnfCore"),
                                        whnf := fun x x_1 => throw (CheckError.internal "fuel exhausted: whnf"),
                                        infer := fun x x_1 => throw (CheckError.internal "fuel exhausted: infer"),
                                        defeq := fun x x_1 x_2 => throw (CheckError.internal "fuel exhausted: defeq"),
                                        annotate := fun x x_1 => throw (CheckError.internal "fuel exhausted: annotate"),
                                        inferIO := fun x x_1 => throw (CheckError.internal "fuel exhausted: infer") }
                                      (officialEnv N) d e }).whnfCore
                          d (body.instantiate1 a)
                      else
                        match
                          (id
                                {
                                  whnfCore := fun d e =>
                                    match e with
                                    | Expr.sort u => Except.ok (Expr.sort u)
                                    | Expr.fvar idx ty => Except.ok (Expr.fvar idx ty)
                                    | ty.forallE body bi => Except.ok (ty.forallE body bi)
                                    | ty.lam body mb => Except.ok (ty.lam body mb)
                                    | Expr.const n us => Except.ok (Expr.const n us)
                                    | Expr.lit l => Except.ok (Expr.lit l)
                                    | f.app a =>
                                      match throw (CheckError.internal "fuel exhausted: whnfCore") with
                                      | Except.error err => Except.error err
                                      | Except.ok v =>
                                        match v with
                                        | ty.lam body mb =>
                                          if betaGateFires CheckMode.verified mb.pw = true then
                                            throw (CheckError.internal "fuel exhausted: whnfCore")
                                          else
                                            match throw (CheckError.internal "fuel exhausted: infer") with
                                            | Except.error err => Except.error err
                                            | Except.ok v =>
                                              match throw (CheckError.internal "fuel exhausted: defeq") with
                                              | Except.error err => Except.error err
                                              | Except.ok v =>
                                                if v = true then throw (CheckError.internal "fuel exhausted: whnfCore")
                                                else Except.ok ((ty.lam body mb).app a)
                                        | f' =>
                                          match
                                            match f'.getAppFn with
                                            | Expr.const c us =>
                                              match (officialEnv N).find? c with
                                              | some (ConstantInfo.recInfo cv mI rP rules) =>
                                                if
                                                    (f'.app a).getAppArgs.length = mI + 1 ∧
                                                      us.length = cv.levelParams.length then
                                                  match
                                                    prepareMajor CheckMode.verified
                                                      {
                                                        whnfCore := fun x x_1 =>
                                                          throw (CheckError.internal "fuel exhausted: whnfCore"),
                                                        whnf := fun x x_1 =>
                                                          throw (CheckError.internal "fuel exhausted: whnf"),
                                                        infer := fun x x_1 =>
                                                          throw (CheckError.internal "fuel exhausted: infer"),
                                                        defeq := fun x x_1 x_2 =>
                                                          throw (CheckError.internal "fuel exhausted: defeq"),
                                                        annotate := fun x x_1 =>
                                                          throw (CheckError.internal "fuel exhausted: annotate"),
                                                        inferIO := fun x x_1 =>
                                                          throw (CheckError.internal "fuel exhausted: infer") }
                                                      (officialEnv N) d c rules
                                                      ((f'.app a).getAppArgs.getD mI (Expr.bvar 0)) with
                                                  | Except.error err => Except.error err
                                                  | Except.ok v =>
                                                    match v.getAppFn with
                                                    | Expr.const cj usj =>
                                                      match (officialEnv N).find? cj with
                                                      | some (ConstantInfo.ctorInfo cvj numParams numFields) =>
                                                        match List.find? (fun r' => r'.ctor == cj) rules with
                                                        | some rl =>
                                                          if v.getAppArgs.length = rl.ctorParams + rl.nfields then
                                                            if rl.fire = RecRuleFire.inert then
                                                              throw
                                                                (CheckError.notImplemented
                                                                  "iota reduction over a nested auxiliary recursor rule")
                                                            else
                                                              match
                                                                liftFueled "level comparison"
                                                                  (Level.isEquivList usj
                                                                    (recFireComparands rl cv.levelParams us
                                                                        cvj.levelParams (f'.app a).getAppArgs
                                                                        rP).fst) with
                                                              | Except.error err => Except.error err
                                                              | Except.ok v_1 =>
                                                                if v_1 = true then
                                                                  match
                                                                    if rl.compareParams = true then
                                                                      defEqList
                                                                        {
                                                                          whnfCore := fun x x_1 =>
                                                                            throw
                                                                              (CheckError.internal
                                                                                "fuel exhausted: whnfCore"),
                                                                          whnf := fun x x_1 =>
                                                                            throw
                                                                              (CheckError.internal
                                                                                "fuel exhausted: whnf"),
                                                                          infer := fun x x_1 =>
                                                                            throw
                                                                              (CheckError.internal
                                                                                "fuel exhausted: infer"),
                                                                          defeq := fun x x_1 x_2 =>
                                                                            throw
                                                                              (CheckError.internal
                                                                                "fuel exhausted: defeq"),
                                                                          annotate := fun x x_1 =>
                                                                            throw
                                                                              (CheckError.internal
                                                                                "fuel exhausted: annotate"),
                                                                          inferIO := fun x x_1 =>
                                                                            throw
                                                                              (CheckError.internal
                                                                                "fuel exhausted: infer") }
                                                                        (officialEnv N) d
                                                                        (List.take rl.ctorParams v.getAppArgs)
                                                                        (recFireComparands rl cv.levelParams us
                                                                            cvj.levelParams (f'.app a).getAppArgs
                                                                            rP).snd
                                                                    else Except.ok true with
                                                                  | Except.error err => Except.error err
                                                                  | Except.ok v_2 =>
                                                                    if v_2 = true then
                                                                      match
                                                                        iotaCerts
                                                                          {
                                                                            whnfCore := fun x x_1 =>
                                                                              throw
                                                                                (CheckError.internal
                                                                                  "fuel exhausted: whnfCore"),
                                                                            whnf := fun x x_1 =>
                                                                              throw
                                                                                (CheckError.internal
                                                                                  "fuel exhausted: whnf"),
                                                                            infer := fun x x_1 =>
                                                                              throw
                                                                                (CheckError.internal
                                                                                  "fuel exhausted: infer"),
                                                                            defeq := fun x x_1 x_2 =>
                                                                              throw
                                                                                (CheckError.internal
                                                                                  "fuel exhausted: defeq"),
                                                                            annotate := fun x x_1 =>
                                                                              throw
                                                                                (CheckError.internal
                                                                                  "fuel exhausted: annotate"),
                                                                            inferIO := fun x x_1 =>
                                                                              throw
                                                                                (CheckError.internal
                                                                                  "fuel exhausted: infer") }
                                                                          (officialEnv N) d CheckMode.verified.betaGate
                                                                          (Expr.instantiateLevelParams cv.levelParams us
                                                                            cv.type)
                                                                          (List.take mI (f'.app a).getAppArgs ++
                                                                            [v]) with
                                                                      | Except.error err => Except.error err
                                                                      | Except.ok v_3 =>
                                                                        if v_3 = true then
                                                                          match
                                                                            iotaCerts
                                                                              {
                                                                                whnfCore := fun x x_1 =>
                                                                                  throw
                                                                                    (CheckError.internal
                                                                                      "fuel exhausted: whnfCore"),
                                                                                whnf := fun x x_1 =>
                                                                                  throw
                                                                                    (CheckError.internal
                                                                                      "fuel exhausted: whnf"),
                                                                                infer := fun x x_1 =>
                                                                                  throw
                                                                                    (CheckError.internal
                                                                                      "fuel exhausted: infer"),
                                                                                defeq := fun x x_1 x_2 =>
                                                                                  throw
                                                                                    (CheckError.internal
                                                                                      "fuel exhausted: defeq"),
                                                                                annotate := fun x x_1 =>
                                                                                  throw
                                                                                    (CheckError.internal
                                                                                      "fuel exhausted: annotate"),
                                                                                inferIO := fun x x_1 =>
                                                                                  throw
                                                                                    (CheckError.internal
                                                                                      "fuel exhausted: infer") }
                                                                              (officialEnv N) d
                                                                              CheckMode.verified.betaGate
                                                                              (Expr.instantiateLevelParams
                                                                                cvj.levelParams usj cvj.type)
                                                                              v.getAppArgs with
                                                                          | Except.error err => Except.error err
                                                                          | Except.ok v_4 =>
                                                                            if v_4 = true then
                                                                              match
                                                                                iotaIndexOk
                                                                                  {
                                                                                    whnfCore := fun x x_1 =>
                                                                                      throw
                                                                                        (CheckError.internal
                                                                                          "fuel exhausted: whnfCore"),
                                                                                    whnf := fun x x_1 =>
                                                                                      throw
                                                                                        (CheckError.internal
                                                                                          "fuel exhausted: whnf"),
                                                                                    infer := fun x x_1 =>
                                                                                      throw
                                                                                        (CheckError.internal
                                                                                          "fuel exhausted: infer"),
                                                                                    defeq := fun x x_1 x_2 =>
                                                                                      throw
                                                                                        (CheckError.internal
                                                                                          "fuel exhausted: defeq"),
                                                                                    annotate := fun x x_1 =>
                                                                                      throw
                                                                                        (CheckError.internal
                                                                                          "fuel exhausted: annotate"),
                                                                                    inferIO := fun x x_1 =>
                                                                                      throw
                                                                                        (CheckError.internal
                                                                                          "fuel exhausted: infer") }
                                                                                  (officialEnv N) d mI rP rl.ctorParams
                                                                                  (Expr.instantiateLevelParams
                                                                                    cvj.levelParams usj cvj.type)
                                                                                  v.getAppArgs
                                                                                  (List.drop rP
                                                                                    (List.take mI
                                                                                      (f'.app a).getAppArgs)) with
                                                                              | Except.error err => Except.error err
                                                                              | Except.ok v_5 =>
                                                                                if v_5 = true then
                                                                                  Except.ok
                                                                                    (some
                                                                                      ((Expr.instantiateLevelParams
                                                                                            cv.levelParams us
                                                                                            rl.rhs).mkAppN
                                                                                        (List.take rP
                                                                                            (f'.app a).getAppArgs ++
                                                                                          List.drop rl.ctorParams
                                                                                            v.getAppArgs)))
                                                                                else Except.ok none
                                                                            else Except.ok none
                                                                        else Except.ok none
                                                                    else Except.ok none
                                                                else Except.ok none
                                                          else Except.ok none
                                                        | none => Except.ok none
                                                      | x => Except.ok none
                                                    | x => Except.ok none
                                                else Except.ok none
                                              | x => Except.ok none
                                            | x => Except.ok none with
                                          | Except.error err => Except.error err
                                          | Except.ok v =>
                                            match v with
                                            | some e'' => throw (CheckError.internal "fuel exhausted: whnfCore")
                                            | none => Except.ok (f'.app a)
                                    | Expr.proj sn i pe =>
                                      match throw (CheckError.internal "fuel exhausted: whnf") with
                                      | Except.error err => Except.error err
                                      | Except.ok v =>
                                        match
                                          projLitToCtor
                                            {
                                              whnfCore := fun x x_1 =>
                                                throw (CheckError.internal "fuel exhausted: whnfCore"),
                                              whnf := fun x x_1 => throw (CheckError.internal "fuel exhausted: whnf"),
                                              infer := fun x x_1 => throw (CheckError.internal "fuel exhausted: infer"),
                                              defeq := fun x x_1 x_2 =>
                                                throw (CheckError.internal "fuel exhausted: defeq"),
                                              annotate := fun x x_1 =>
                                                throw (CheckError.internal "fuel exhausted: annotate"),
                                              inferIO := fun x x_1 =>
                                                throw (CheckError.internal "fuel exhausted: infer") }
                                            (officialEnv N) d v with
                                        | Except.error err => Except.error err
                                        | Except.ok v =>
                                          match (officialEnv N).findProj? sn i with
                                          | some entry =>
                                            match v.getAppFn with
                                            | Expr.const c us =>
                                              if
                                                  c = entry.ctor ∧
                                                    i < entry.numFields ∧
                                                      v.getAppArgs.length = entry.numParams + entry.numFields ∧
                                                        us.length = entry.levelParams.length ∧
                                                          entry.fireOk us = true then
                                                match
                                                  projCertAt
                                                    {
                                                      whnfCore := fun x x_1 =>
                                                        throw (CheckError.internal "fuel exhausted: whnfCore"),
                                                      whnf := fun x x_1 =>
                                                        throw (CheckError.internal "fuel exhausted: whnf"),
                                                      infer := fun x x_1 =>
                                                        throw (CheckError.internal "fuel exhausted: infer"),
                                                      defeq := fun x x_1 x_2 =>
                                                        throw (CheckError.internal "fuel exhausted: defeq"),
                                                      annotate := fun x x_1 =>
                                                        throw (CheckError.internal "fuel exhausted: annotate"),
                                                      inferIO := fun x x_1 =>
                                                        throw (CheckError.internal "fuel exhausted: infer") }
                                                    (officialEnv N) d CheckMode.verified.verifiedChecks
                                                    CheckMode.verified.betaGate c us v.getAppArgs with
                                                | Except.error err => Except.error err
                                                | Except.ok v =>
                                                  if v = true then
                                                    throw (CheckError.internal "fuel exhausted: whnfCore")
                                                  else Except.ok (Expr.proj sn i pe)
                                              else Except.ok (Expr.proj sn i pe)
                                            | x => Except.ok (Expr.proj sn i pe)
                                          | none => Except.ok (Expr.proj sn i pe)
                                    | type.letE value body =>
                                      throw (CheckError.internal "whnfCore: `let` in an annotated expression")
                                    | Expr.bvar i =>
                                      throw (CheckError.notImplemented "whnf beyond the supported fragment"),
                                  whnf := fun d e =>
                                    whnfBody
                                      { whnfCore := fun x x_1 => throw (CheckError.internal "fuel exhausted: whnfCore"),
                                        whnf := fun x x_1 => throw (CheckError.internal "fuel exhausted: whnf"),
                                        infer := fun x x_1 => throw (CheckError.internal "fuel exhausted: infer"),
                                        defeq := fun x x_1 x_2 => throw (CheckError.internal "fuel exhausted: defeq"),
                                        annotate := fun x x_1 => throw (CheckError.internal "fuel exhausted: annotate"),
                                        inferIO := fun x x_1 => throw (CheckError.internal "fuel exhausted: infer") }
                                      (officialEnv N) d e,
                                  infer := fun d e =>
                                    inferBody CheckMode.verified
                                      { whnfCore := fun x x_1 => throw (CheckError.internal "fuel exhausted: whnfCore"),
                                        whnf := fun x x_1 => throw (CheckError.internal "fuel exhausted: whnf"),
                                        infer := fun x x_1 => throw (CheckError.internal "fuel exhausted: infer"),
                                        defeq := fun x x_1 x_2 => throw (CheckError.internal "fuel exhausted: defeq"),
                                        annotate := fun x x_1 => throw (CheckError.internal "fuel exhausted: annotate"),
                                        inferIO := fun x x_1 => throw (CheckError.internal "fuel exhausted: infer") }
                                      (officialEnv N) d e,
                                  defeq := fun d a b =>
                                    defeqBody CheckMode.verified
                                      { whnfCore := fun x x_1 => throw (CheckError.internal "fuel exhausted: whnfCore"),
                                        whnf := fun x x_1 => throw (CheckError.internal "fuel exhausted: whnf"),
                                        infer := fun x x_1 => throw (CheckError.internal "fuel exhausted: infer"),
                                        defeq := fun x x_1 x_2 => throw (CheckError.internal "fuel exhausted: defeq"),
                                        annotate := fun x x_1 => throw (CheckError.internal "fuel exhausted: annotate"),
                                        inferIO := fun x x_1 => throw (CheckError.internal "fuel exhausted: infer") }
                                      (officialEnv N) d a b,
                                  annotate := fun d e =>
                                    annotateBody
                                      { whnfCore := fun x x_1 => throw (CheckError.internal "fuel exhausted: whnfCore"),
                                        whnf := fun x x_1 => throw (CheckError.internal "fuel exhausted: whnf"),
                                        infer := fun x x_1 => throw (CheckError.internal "fuel exhausted: infer"),
                                        defeq := fun x x_1 x_2 => throw (CheckError.internal "fuel exhausted: defeq"),
                                        annotate := fun x x_1 => throw (CheckError.internal "fuel exhausted: annotate"),
                                        inferIO := fun x x_1 => throw (CheckError.internal "fuel exhausted: infer") }
                                      (officialEnv N) d e,
                                  inferIO := fun d e =>
                                    if CheckMode.verified.betaGate = true then
                                      inferBodyIO CheckMode.verified
                                        {
                                            whnfCore := fun x x_1 =>
                                              throw (CheckError.internal "fuel exhausted: whnfCore"),
                                            whnf := fun x x_1 => throw (CheckError.internal "fuel exhausted: whnf"),
                                            infer := fun x x_1 => throw (CheckError.internal "fuel exhausted: infer"),
                                            defeq := fun x x_1 x_2 =>
                                              throw (CheckError.internal "fuel exhausted: defeq"),
                                            annotate := fun x x_1 =>
                                              throw (CheckError.internal "fuel exhausted: annotate"),
                                            inferIO := fun x x_1 =>
                                              throw (CheckError.internal "fuel exhausted: infer") }.ioView
                                        (officialEnv N) d e
                                    else
                                      inferBody CheckMode.verified
                                        {
                                          whnfCore := fun x x_1 =>
                                            throw (CheckError.internal "fuel exhausted: whnfCore"),
                                          whnf := fun x x_1 => throw (CheckError.internal "fuel exhausted: whnf"),
                                          infer := fun x x_1 => throw (CheckError.internal "fuel exhausted: infer"),
                                          defeq := fun x x_1 x_2 => throw (CheckError.internal "fuel exhausted: defeq"),
                                          annotate := fun x x_1 =>
                                            throw (CheckError.internal "fuel exhausted: annotate"),
                                          inferIO := fun x x_1 => throw (CheckError.internal "fuel exhausted: infer") }
                                        (officialEnv N) d e }).inferIO
                            d a with
                        | ⋯ => Except.error err
                        | ⋯ =>
                          match
                            (id
                                  {
                                    whnfCore := fun d e =>
                                      match e with
                                      | Expr.sort u => Except.ok (Expr.sort u)
                                      | Expr.fvar idx ty => Except.ok (Expr.fvar idx ty)
                                      | ty.forallE body bi => Except.ok (ty.forallE body bi)
                                      | ty.lam body mb => Except.ok (ty.lam body mb)
                                      | Expr.const n us => Except.ok (Expr.const n us)
                                      | Expr.lit l => Except.ok (Expr.lit l)
                                      | f.app a =>
                                        match throw (CheckError.internal "fuel exhausted: whnfCore") with
                                        | Except.error err => Except.error err
                                        | Except.ok v =>
                                          match v with
                                          | ty.lam body mb =>
                                            if betaGateFires CheckMode.verified mb.pw = true then
                                              throw (CheckError.internal "fuel exhausted: whnfCore")
                                            else
                                              match throw (CheckError.internal "fuel exhausted: infer") with
                                              | Except.error err => Except.error err
                                              | Except.ok v =>
                                                match throw (CheckError.internal "fuel exhausted: defeq") with
                                                | Except.error err => Except.error err
                                                | Except.ok v =>
                                                  if v = true then
                                                    throw (CheckError.internal "fuel exhausted: whnfCore")
                                                  else Except.ok ((ty.lam body mb).app a)
                                          | f' =>
                                            match
                                              match f'.getAppFn with
                                              | Expr.const c us =>
                                                match (officialEnv N).find? c with
                                                | some (ConstantInfo.recInfo cv mI rP rules) =>
                                                  if
                                                      (f'.app a).getAppArgs.length = mI + 1 ∧
                                                        us.length = cv.levelParams.length then
                                                    match
                                                      prepareMajor CheckMode.verified
                                                        {
                                                          whnfCore := fun x x_1 =>
                                                            throw (CheckError.internal "fuel exhausted: whnfCore"),
                                                          whnf := fun x x_1 =>
                                                            throw (CheckError.internal "fuel exhausted: whnf"),
                                                          infer := fun x x_1 =>
                                                            throw (CheckError.internal "fuel exhausted: infer"),
                                                          defeq := fun x x_1 x_2 =>
                                                            throw (CheckError.internal "fuel exhausted: defeq"),
                                                          annotate := fun x x_1 =>
                                                            throw (CheckError.internal "fuel exhausted: annotate"),
                                                          inferIO := fun x x_1 =>
                                                            throw (CheckError.internal "fuel exhausted: infer") }
                                                        (officialEnv N) d c rules
                                                        ((f'.app a).getAppArgs.getD mI (Expr.bvar 0)) with
                                                    | Except.error err => Except.error err
                                                    | Except.ok v =>
                                                      match v.getAppFn with
                                                      | Expr.const cj usj =>
                                                        match (officialEnv N).find? cj with
                                                        | some (ConstantInfo.ctorInfo cvj numParams numFields) =>
                                                          match List.find? (fun r' => r'.ctor == cj) rules with
                                                          | some rl =>
                                                            if v.getAppArgs.length = rl.ctorParams + rl.nfields then
                                                              if rl.fire = RecRuleFire.inert then
                                                                throw
                                                                  (CheckError.notImplemented
                                                                    "iota reduction over a nested auxiliary recursor rule")
                                                              else
                                                                match
                                                                  liftFueled "level comparison"
                                                                    (Level.isEquivList usj
                                                                      (recFireComparands rl cv.levelParams us
                                                                          cvj.levelParams (f'.app a).getAppArgs
                                                                          rP).fst) with
                                                                | Except.error err => Except.error err
                                                                | Except.ok v_1 =>
                                                                  if v_1 = true then
                                                                    match
                                                                      if rl.compareParams = true then
                                                                        defEqList
                                                                          {
                                                                            whnfCore := fun x x_1 =>
                                                                              throw
                                                                                (CheckError.internal
                                                                                  "fuel exhausted: whnfCore"),
                                                                            whnf := fun x x_1 =>
                                                                              throw
                                                                                (CheckError.internal
                                                                                  "fuel exhausted: whnf"),
                                                                            infer := fun x x_1 =>
                                                                              throw
                                                                                (CheckError.internal
                                                                                  "fuel exhausted: infer"),
                                                                            defeq := fun x x_1 x_2 =>
                                                                              throw
                                                                                (CheckError.internal
                                                                                  "fuel exhausted: defeq"),
                                                                            annotate := fun x x_1 =>
                                                                              throw
                                                                                (CheckError.internal
                                                                                  "fuel exhausted: annotate"),
                                                                            inferIO := fun x x_1 =>
                                                                              throw
                                                                                (CheckError.internal
                                                                                  "fuel exhausted: infer") }
                                                                          (officialEnv N) d
                                                                          (List.take rl.ctorParams v.getAppArgs)
                                                                          (recFireComparands rl cv.levelParams us
                                                                              cvj.levelParams (f'.app a).getAppArgs
                                                                              rP).snd
                                                                      else Except.ok true with
                                                                    | Except.error err => Except.error err
                                                                    | Except.ok v_2 =>
                                                                      if v_2 = true then
                                                                        match
                                                                          iotaCerts
                                                                            {
                                                                              whnfCore := fun x x_1 =>
                                                                                throw
                                                                                  (CheckError.internal
                                                                                    "fuel exhausted: whnfCore"),
                                                                              whnf := fun x x_1 =>
                                                                                throw
                                                                                  (CheckError.internal
                                                                                    "fuel exhausted: whnf"),
                                                                              infer := fun x x_1 =>
                                                                                throw
                                                                                  (CheckError.internal
                                                                                    "fuel exhausted: infer"),
                                                                              defeq := fun x x_1 x_2 =>
                                                                                throw
                                                                                  (CheckError.internal
                                                                                    "fuel exhausted: defeq"),
                                                                              annotate := fun x x_1 =>
                                                                                throw
                                                                                  (CheckError.internal
                                                                                    "fuel exhausted: annotate"),
                                                                              inferIO := fun x x_1 =>
                                                                                throw
                                                                                  (CheckError.internal
                                                                                    "fuel exhausted: infer") }
                                                                            (officialEnv N) d
                                                                            CheckMode.verified.betaGate
                                                                            (Expr.instantiateLevelParams cv.levelParams
                                                                              us cv.type)
                                                                            (List.take mI (f'.app a).getAppArgs ++
                                                                              [v]) with
                                                                        | Except.error err => Except.error err
                                                                        | Except.ok v_3 =>
                                                                          if v_3 = true then
                                                                            match
                                                                              iotaCerts
                                                                                {
                                                                                  whnfCore := fun x x_1 =>
                                                                                    throw
                                                                                      (CheckError.internal
                                                                                        "fuel exhausted: whnfCore"),
                                                                                  whnf := fun x x_1 =>
                                                                                    throw
                                                                                      (CheckError.internal
                                                                                        "fuel exhausted: whnf"),
                                                                                  infer := fun x x_1 =>
                                                                                    throw
                                                                                      (CheckError.internal
                                                                                        "fuel exhausted: infer"),
                                                                                  defeq := fun x x_1 x_2 =>
                                                                                    throw
                                                                                      (CheckError.internal
                                                                                        "fuel exhausted: defeq"),
                                                                                  annotate := fun x x_1 =>
                                                                                    throw
                                                                                      (CheckError.internal
                                                                                        "fuel exhausted: annotate"),
                                                                                  inferIO := fun x x_1 =>
                                                                                    throw
                                                                                      (CheckError.internal
                                                                                        "fuel exhausted: infer") }
                                                                                (officialEnv N) d
                                                                                CheckMode.verified.betaGate
                                                                                (Expr.instantiateLevelParams
                                                                                  cvj.levelParams usj cvj.type)
                                                                                v.getAppArgs with
                                                                            | Except.error err => Except.error err
                                                                            | Except.ok v_4 =>
                                                                              if v_4 = true then
                                                                                match
                                                                                  iotaIndexOk
                                                                                    {
                                                                                      whnfCore := fun x x_1 =>
                                                                                        throw
                                                                                          (CheckError.internal
                                                                                            "fuel exhausted: whnfCore"),
                                                                                      whnf := fun x x_1 =>
                                                                                        throw
                                                                                          (CheckError.internal
                                                                                            "fuel exhausted: whnf"),
                                                                                      infer := fun x x_1 =>
                                                                                        throw
                                                                                          (CheckError.internal
                                                                                            "fuel exhausted: infer"),
                                                                                      defeq := fun x x_1 x_2 =>
                                                                                        throw
                                                                                          (CheckError.internal
                                                                                            "fuel exhausted: defeq"),
                                                                                      annotate := fun x x_1 =>
                                                                                        throw
                                                                                          (CheckError.internal
                                                                                            "fuel exhausted: annotate"),
                                                                                      inferIO := fun x x_1 =>
                                                                                        throw
                                                                                          (CheckError.internal
                                                                                            "fuel exhausted: infer") }
                                                                                    (officialEnv N) d mI rP
                                                                                    rl.ctorParams
                                                                                    (Expr.instantiateLevelParams
                                                                                      cvj.levelParams usj cvj.type)
                                                                                    v.getAppArgs
                                                                                    (List.drop rP
                                                                                      (List.take mI
                                                                                        (f'.app a).getAppArgs)) with
                                                                                | Except.error err => Except.error err
                                                                                | Except.ok v_5 =>
                                                                                  if v_5 = true then
                                                                                    Except.ok
                                                                                      (some
                                                                                        ((Expr.instantiateLevelParams
                                                                                              cv.levelParams us
                                                                                              rl.rhs).mkAppN
                                                                                          (List.take rP
                                                                                              (f'.app a).getAppArgs ++
                                                                                            List.drop rl.ctorParams
                                                                                              v.getAppArgs)))
                                                                                  else Except.ok none
                                                                              else Except.ok none
                                                                          else Except.ok none
                                                                      else Except.ok none
                                                                  else Except.ok none
                                                            else Except.ok none
                                                          | none => Except.ok none
                                                        | x => Except.ok none
                                                      | x => Except.ok none
                                                  else Except.ok none
                                                | x => Except.ok none
                                              | x => Except.ok none with
                                            | Except.error err => Except.error err
                                            | Except.ok v =>
                                              match v with
                                              | some e'' => throw (CheckError.internal "fuel exhausted: whnfCore")
                                              | none => Except.ok (f'.app a)
                                      | Expr.proj sn i pe =>
                                        match throw (CheckError.internal "fuel exhausted: whnf") with
                                        | Except.error err => Except.error err
                                        | Except.ok v =>
                                          match
                                            projLitToCtor
                                              {
                                                whnfCore := fun x x_1 =>
                                                  throw (CheckError.internal "fuel exhausted: whnfCore"),
                                                whnf := fun x x_1 => throw (CheckError.internal "fuel exhausted: whnf"),
                                                infer := fun x x_1 =>
                                                  throw (CheckError.internal "fuel exhausted: infer"),
                                                defeq := fun x x_1 x_2 =>
                                                  throw (CheckError.internal "fuel exhausted: defeq"),
                                                annotate := fun x x_1 =>
                                                  throw (CheckError.internal "fuel exhausted: annotate"),
                                                inferIO := fun x x_1 =>
                                                  throw (CheckError.internal "fuel exhausted: infer") }
                                              (officialEnv N) d v with
                                          | Except.error err => Except.error err
                                          | Except.ok v =>
                                            match (officialEnv N).findProj? sn i with
                                            | some entry =>
                                              match v.getAppFn with
                                              | Expr.const c us =>
                                                if
                                                    c = entry.ctor ∧
                                                      i < entry.numFields ∧
                                                        v.getAppArgs.length = entry.numParams + entry.numFields ∧
                                                          us.length = entry.levelParams.length ∧
                                                            entry.fireOk us = true then
                                                  match
                                                    projCertAt
                                                      {
                                                        whnfCore := fun x x_1 =>
                                                          throw (CheckError.internal "fuel exhausted: whnfCore"),
                                                        whnf := fun x x_1 =>
                                                          throw (CheckError.internal "fuel exhausted: whnf"),
                                                        infer := fun x x_1 =>
                                                          throw (CheckError.internal "fuel exhausted: infer"),
                                                        defeq := fun x x_1 x_2 =>
                                                          throw (CheckError.internal "fuel exhausted: defeq"),
                                                        annotate := fun x x_1 =>
                                                          throw (CheckError.internal "fuel exhausted: annotate"),
                                                        inferIO := fun x x_1 =>
                                                          throw (CheckError.internal "fuel exhausted: infer") }
                                                      (officialEnv N) d CheckMode.verified.verifiedChecks
                                                      CheckMode.verified.betaGate c us v.getAppArgs with
                                                  | Except.error err => Except.error err
                                                  | Except.ok v =>
                                                    if v = true then
                                                      throw (CheckError.internal "fuel exhausted: whnfCore")
                                                    else Except.ok (Expr.proj sn i pe)
                                                else Except.ok (Expr.proj sn i pe)
                                              | x => Except.ok (Expr.proj sn i pe)
                                            | none => Except.ok (Expr.proj sn i pe)
                                      | type.letE value body =>
                                        throw (CheckError.internal "whnfCore: `let` in an annotated expression")
                                      | Expr.bvar i =>
                                        throw (CheckError.notImplemented "whnf beyond the supported fragment"),
                                    whnf := fun d e =>
                                      whnfBody
                                        {
                                          whnfCore := fun x x_1 =>
                                            throw (CheckError.internal "fuel exhausted: whnfCore"),
                                          whnf := fun x x_1 => throw (CheckError.internal "fuel exhausted: whnf"),
                                          infer := fun x x_1 => throw (CheckError.internal "fuel exhausted: infer"),
                                          defeq := fun x x_1 x_2 => throw (CheckError.internal "fuel exhausted: defeq"),
                                          annotate := fun x x_1 =>
                                            throw (CheckError.internal "fuel exhausted: annotate"),
                                          inferIO := fun x x_1 => throw (CheckError.internal "fuel exhausted: infer") }
                                        (officialEnv N) d e,
                                    infer := fun d e =>
                                      inferBody CheckMode.verified
                                        {
                                          whnfCore := fun x x_1 =>
                                            throw (CheckError.internal "fuel exhausted: whnfCore"),
                                          whnf := fun x x_1 => throw (CheckError.internal "fuel exhausted: whnf"),
                                          infer := fun x x_1 => throw (CheckError.internal "fuel exhausted: infer"),
                                          defeq := fun x x_1 x_2 => throw (CheckError.internal "fuel exhausted: defeq"),
                                          annotate := fun x x_1 =>
                                            throw (CheckError.internal "fuel exhausted: annotate"),
                                          inferIO := fun x x_1 => throw (CheckError.internal "fuel exhausted: infer") }
                                        (officialEnv N) d e,
                                    defeq := fun d a b =>
                                      defeqBody CheckMode.verified
                                        {
                                          whnfCore := fun x x_1 =>
                                            throw (CheckError.internal "fuel exhausted: whnfCore"),
                                          whnf := fun x x_1 => throw (CheckError.internal "fuel exhausted: whnf"),
                                          infer := fun x x_1 => throw (CheckError.internal "fuel exhausted: infer"),
                                          defeq := fun x x_1 x_2 => throw (CheckError.internal "fuel exhausted: defeq"),
                                          annotate := fun x x_1 =>
                                            throw (CheckError.internal "fuel exhausted: annotate"),
                                          inferIO := fun x x_1 => throw (CheckError.internal "fuel exhausted: infer") }
                                        (officialEnv N) d a b,
                                    annotate := fun d e =>
                                      annotateBody
                                        {
                                          whnfCore := fun x x_1 =>
                                            throw (CheckError.internal "fuel exhausted: whnfCore"),
                                          whnf := fun x x_1 => throw (CheckError.internal "fuel exhausted: whnf"),
                                          infer := fun x x_1 => throw (CheckError.internal "fuel exhausted: infer"),
                                          defeq := fun x x_1 x_2 => throw (CheckError.internal "fuel exhausted: defeq"),
                                          annotate := fun x x_1 =>
                                            throw (CheckError.internal "fuel exhausted: annotate"),
                                          inferIO := fun x x_1 => throw (CheckError.internal "fuel exhausted: infer") }
                                        (officialEnv N) d e,
                                    inferIO := fun d e =>
                                      if CheckMode.verified.betaGate = true then
                                        inferBodyIO CheckMode.verified
                                          {
                                              whnfCore := fun x x_1 =>
                                                throw (CheckError.internal "fuel exhausted: whnfCore"),
                                              whnf := fun x x_1 => throw (CheckError.internal "fuel exhausted: whnf"),
                                              infer := fun x x_1 => throw (CheckError.internal "fuel exhausted: infer"),
                                              defeq := fun x x_1 x_2 =>
                                                throw (CheckError.internal "fuel exhausted: defeq"),
                                              annotate := fun x x_1 =>
                                                throw (CheckError.internal "fuel exhausted: annotate"),
                                              inferIO := fun x x_1 =>
                                                throw (CheckError.internal "fuel exhausted: infer") }.ioView
                                          (officialEnv N) d e
                                      else
                                        inferBody CheckMode.verified
                                          {
                                            whnfCore := fun x x_1 =>
                                              throw (CheckError.internal "fuel exhausted: whnfCore"),
                                            whnf := fun x x_1 => throw (CheckError.internal "fuel exhausted: whnf"),
                                            infer := fun x x_1 => throw (CheckError.internal "fuel exhausted: infer"),
                                            defeq := fun x x_1 x_2 =>
                                              throw (CheckError.internal "fuel exhausted: defeq"),
                                            annotate := fun x x_1 =>
                                              throw (CheckError.internal "fuel exhausted: annotate"),
                                            inferIO := fun x x_1 =>
                                              throw (CheckError.internal "fuel exhausted: infer") }
                                          (officialEnv N) d e }).defeq
                              d v ty with
                          | ⋯ => Except.error err
                          | ⋯ =>
                            if v = true then
                              (id
                                    {
                                      whnfCore := fun d e =>
                                        match e with
                                        | ⋯ => Except.ok (Expr.sort u)
                                        | ⋯ => Except.ok (Expr.fvar idx ty)
                                        | ⋯ => Except.ok (ty.forallE body bi)
                                        | ⋯ => Except.ok (ty.lam body mb)
                                        | ⋯ => Except.ok (Expr.const n us)
                                        | ⋯ => Except.ok (Expr.lit l)
                                        | ⋯ =>
                                          match throw (CheckError.internal "fuel exhausted: whnfCore") with
                                          | ⋯ => Except.error err
                                          | ⋯ =>
                                            match v with
                                            | ⋯ =>
                                              if betaGateFires CheckMode.verified mb.pw = true then
                                                throw (CheckError.internal "fuel exhausted: whnfCore")
                                              else
                                                match throw (CheckError.internal "fuel exhausted: infer") with
                                                | Except.error err => Except.error err
                                                | Except.ok v =>
                                                  match throw (CheckError.internal "fuel exhausted: defeq") with
                                                  | Except.error err => Except.error err
                                                  | Except.ok v =>
                                                    if v = true then
                                                      throw (CheckError.internal "fuel exhausted: whnfCore")
                                                    else Except.ok ((ty.lam body mb).app a)
                                            | ⋯ =>
                                              match
                                                match f'.getAppFn with
                                                | ⋯ =>
                                                  match (officialEnv N).find? c with
                                                  | ⋯ =>
                                                    if
                                                        (f'.app a).getAppArgs.length = mI + 1 ∧
                                                          us.length = cv.levelParams.length then
                                                      match
                                                        prepareMajor CheckMode.verified
                                                          {
                                                            whnfCore := fun x x_1 =>
                                                              throw (CheckError.internal "fuel exhausted: whnfCore"),
                                                            whnf := fun x x_1 =>
                                                              throw (CheckError.internal "fuel exhausted: whnf"),
                                                            infer := fun x x_1 =>
                                                              throw (CheckError.internal "fuel exhausted: infer"),
                                                            defeq := fun x x_1 x_2 =>
                                                              throw (CheckError.internal "fuel exhausted: defeq"),
                                                            annotate := fun x x_1 =>
                                                              throw (CheckError.internal "fuel exhausted: annotate"),
                                                            inferIO := fun x x_1 =>
                                                              throw (CheckError.internal "fuel exhausted: infer") }
                                                          (officialEnv N) d c rules
                                                          ((f'.app a).getAppArgs.getD mI (Expr.bvar 0)) with
                                                      | ⋯ => Except.error err
                                                      | ⋯ =>
                                                        match v.getAppFn with
                                                        | ⋯ =>
                                                          match (officialEnv N).find? cj with
                                                          | ⋯ =>
                                                            match List.find? (fun r' => r'.ctor == cj) rules with
                                                            | ⋯ =>
                                                              if v.getAppArgs.length = rl.ctorParams + rl.nfields then
                                                                if rl.fire = RecRuleFire.inert then
                                                                  throw
                                                                    (CheckError.notImplemented
                                                                      "iota reduction over a nested auxiliary recursor rule")
                                                                else
                                                                  match
                                                                    liftFueled "level comparison"
                                                                      (Level.isEquivList usj
                                                                        (recFireComparands rl cv.levelParams us
                                                                            cvj.levelParams (f'.app a).getAppArgs
                                                                            rP).fst) with
                                                                  | ⋯ => Except.error err
                                                                  | ⋯ =>
                                                                    if v_1 = true then
                                                                      match
                                                                        if rl.compareParams = true then
                                                                          defEqList
                                                                            {
                                                                              whnfCore := fun x x_1 =>
                                                                                throw
                                                                                  (CheckError.internal
                                                                                    "fuel exhausted: whnfCore"),
                                                                              whnf := fun x x_1 =>
                                                                                throw
                                                                                  (CheckError.internal
                                                                                    "fuel exhausted: whnf"),
                                                                              infer := fun x x_1 =>
                                                                                throw
                                                                                  (CheckError.internal
                                                                                    "fuel exhausted: infer"),
                                                                              defeq := fun x x_1 x_2 =>
                                                                                throw
                                                                                  (CheckError.internal
                                                                                    "fuel exhausted: defeq"),
                                                                              annotate := fun x x_1 =>
                                                                                throw
                                                                                  (CheckError.internal
                                                                                    "fuel exhausted: annotate"),
                                                                              inferIO := fun x x_1 =>
                                                                                throw
                                                                                  (CheckError.internal
                                                                                    "fuel exhausted: infer") }
                                                                            (officialEnv N) d
                                                                            (List.take rl.ctorParams v.getAppArgs)
                                                                            (recFireComparands rl cv.levelParams us
                                                                                cvj.levelParams (f'.app a).getAppArgs
                                                                                rP).snd
                                                                        else Except.ok true with
                                                                      | ⋯ => Except.error err
                                                                      | ⋯ =>
                                                                        if v_2 = true then
                                                                          match
                                                                            iotaCerts
                                                                              {
                                                                                whnfCore := fun x x_1 =>
                                                                                  throw
                                                                                    (CheckError.internal
                                                                                      "fuel exhausted: whnfCore"),
                                                                                whnf := fun x x_1 =>
                                                                                  throw
                                                                                    (CheckError.internal
                                                                                      "fuel exhausted: whnf"),
                                                                                infer := fun x x_1 =>
                                                                                  throw
                                                                                    (CheckError.internal
                                                                                      "fuel exhausted: infer"),
                                                                                defeq := fun x x_1 x_2 =>
                                                                                  throw
                                                                                    (CheckError.internal
                                                                                      "fuel exhausted: defeq"),
                                                                                annotate := fun x x_1 =>
                                                                                  throw
                                                                                    (CheckError.internal
                                                                                      "fuel exhausted: annotate"),
                                                                                inferIO := fun x x_1 =>
                                                                                  throw
                                                                                    (CheckError.internal
                                                                                      "fuel exhausted: infer") }
                                                                              (officialEnv N) d
                                                                              CheckMode.verified.betaGate
                                                                              (Expr.instantiateLevelParams
                                                                                cv.levelParams us cv.type)
                                                                              (List.take mI (f'.app a).getAppArgs ++
                                                                                [v]) with
                                                                          | ⋯ => Except.error err
                                                                          | ⋯ =>
                                                                            if v_3 = true then
                                                                              match
                                                                                iotaCerts
                                                                                  {
                                                                                    whnfCore := fun x x_1 =>
                                                                                      throw
                                                                                        (CheckError.internal
                                                                                          "fuel exhausted: whnfCore"),
                                                                                    whnf := fun x x_1 =>
                                                                                      throw
                                                                                        (CheckError.internal
                                                                                          "fuel exhausted: whnf"),
                                                                                    infer := fun x x_1 =>
                                                                                      throw
                                                                                        (CheckError.internal
                                                                                          "fuel exhausted: infer"),
                                                                                    defeq := fun x x_1 x_2 =>
                                                                                      throw
                                                                                        (CheckError.internal
                                                                                          "fuel exhausted: defeq"),
                                                                                    annotate := fun x x_1 =>
                                                                                      throw
                                                                                        (CheckError.internal
                                                                                          "fuel exhausted: annotate"),
                                                                                    inferIO := fun x x_1 =>
                                                                                      throw
                                                                                        (CheckError.internal
                                                                                          "fuel exhausted: infer") }
                                                                                  (officialEnv N) d
                                                                                  CheckMode.verified.betaGate
                                                                                  (Expr.instantiateLevelParams
                                                                                    cvj.levelParams usj cvj.type)
                                                                                  v.getAppArgs with
                                                                              | ⋯ => Except.error err
                                                                              | ⋯ =>
                                                                                if v_4 = true then
                                                                                  match
                                                                                    iotaIndexOk
                                                                                      {
                                                                                        whnfCore := fun x x_1 =>
                                                                                          throw
                                                                                            (CheckError.internal
                                                                                              "fuel exhausted: whnfCore"),
                                                                                        whnf := fun x x_1 =>
                                                                                          throw
                                                                                            (CheckError.internal
                                                                                              "fuel exhausted: whnf"),
                                                                                        infer := fun x x_1 =>
                                                                                          throw
                                                                                            (CheckError.internal
                                                                                              "fuel exhausted: infer"),
                                                                                        defeq := fun x x_1 x_2 =>
                                                                                          throw
                                                                                            (CheckError.internal
                                                                                              "fuel exhausted: defeq"),
                                                                                        annotate := fun x x_1 =>
                                                                                          throw
                                                                                            (CheckError.internal
                                                                                              "fuel exhausted: annotate"),
                                                                                        inferIO := fun x x_1 =>
                                                                                          throw
                                                                                            (CheckError.internal
                                                                                              "fuel exhausted: infer") }
                                                                                      (officialEnv N) d mI rP
                                                                                      rl.ctorParams
                                                                                      (Expr.instantiateLevelParams
                                                                                        cvj.levelParams usj ⋯.type)
                                                                                      ⋯ ⋯ with
                                                                                  | ⋯ => ⋯
                                                                                  | ⋯ => ⋯
                                                                                else ⋯
                                                                            else ⋯
                                                                        else ⋯
                                                                    else ⋯
                                                              else ⋯
                                                            | ⋯ => ⋯
                                                          | ⋯ => ⋯
                                                        | ⋯ => ⋯
                                                    else ⋯
                                                  | ⋯ => ⋯
                                                | ⋯ => ⋯ with
                                              | ⋯ => ⋯
                                              | ⋯ => ⋯
                                        | ⋯ => ⋯
                                        | ⋯ => ⋯
                                        | ⋯ => ⋯,
                                      whnf := ⋯, infer := ⋯, defeq := ⋯, annotate := ⋯, inferIO := ⋯ }).whnfCore
                                ⋯ ⋯
                            else ⋯
                    | ⋯ => ⋯
                | ⋯ => ⋯
                | ⋯ => ⋯
                | ⋯ => ⋯,
              whnf := ⋯, infer := ⋯, defeq := ⋯, annotate := ⋯, inferIO := ⋯ }).whnfCore
        ⋯ ⋯ with
    | ⋯ => ⋯
    | ⋯ => ⋯) =
    ⋯
/Users/danphifer/Documents/Codex/2026-09-30/task-4/tree2-computation/Tree2ArrowTowerOfficial.lean:686:5: error: Tactic `rewrite` failed: Did not find an occurrence of the pattern
  Array.find? ?m.9 ?m.10
in the target expression
  (match List.find? (fun x => x.name == n) (Tree2ArrowTowerSchema.target false N).types.toList with
    | some t => t.type.piBinders.fst.length
    | none => 0) =
    0

N : Nat
n : Name
⊢ (match List.find? (fun x => x.name == n) (Tree2ArrowTowerSchema.target false N).types.toList with
    | some t => t.type.piBinders.fst.length
    | none => 0) =
    0
/Users/danphifer/Documents/Codex/2026-09-30/task-4/tree2-computation/Tree2ArrowTowerOfficial.lean:699:12: warning: This simp argument is unused:
  Function.comp_apply

Hint: Omit it from the simp argument list.
  [apply] simp only [he]

Note: This linter can be disabled with `set_option linter.unusedSimpArgs false`
/Users/danphifer/Documents/Codex/2026-09-30/task-4/tree2-computation/Tree2ArrowTowerOfficial.lean:701:77: error: unsolved goals
N j : Nat
hj : j ≤ N
⊢ decide True = true
/Users/danphifer/Documents/Codex/2026-09-30/task-4/tree2-computation/Tree2ArrowTowerOfficial.lean:716:15: error: Tactic `rewrite` failed: motive is not type correct:
  fun _a =>
    (if (!(positiveOracle N).occ ((Expr.const Tn []).app A)) = true then pure ()
      else
        if _a = true then pure ()
        else throw (CheckError.invalid "official: non valid occurrence of the datatypes being declared")) =
      Except.ok ()
Error: Application type mismatch: The argument
  instDecidableEqBool ((positiveOracle N).valid (Tree2TowerOfficial.R N 0)) true
has type
  Decidable ((positiveOracle N).valid (Tree2TowerOfficial.R N 0) = true)
but is expected to have type
  Decidable (_a = true)
in the application
  @ite (Except CheckError Unit) (_a = true)
    (instDecidableEqBool ((positiveOracle N).valid (Tree2TowerOfficial.R N 0)) true)

Explanation: The rewrite tactic rewrites an expression 'e' using an equality 'a = b' by the following process. First, it looks for all 'a' in 'e'. Second, it tries to abstract these occurrences of 'a' to create a function 'm := fun _a => ...', called the *motive*, with the property that 'm a' is definitionally equal to 'e'. Third, we observe that 'congrArg' implies that 'm a = m b', which can be used with lemmas such as 'Eq.mpr' to change the goal. However, if 'e' depends on specific properties of 'a', then the motive 'm' might not typecheck.

Possible solutions: use rewrite's 'occs' configuration option to limit which occurrences are rewritten, or use 'simp' or 'conv' mode, which have strategies for certain kinds of dependencies (these tactics can handle proofs and 'Decidable' instances whose types depend on the rewritten term, and 'simp' can apply user-defined '@[congr]' theorems as well).

case zero
N f d : Nat
hj : 0 ≤ N
hv : (positiveOracle N).valid ((Expr.const Tn []).app A) = true
⊢ (if (!(positiveOracle N).occ ((Expr.const Tn []).app A)) = true then pure ()
    else
      if (positiveOracle N).valid ((Expr.const Tn []).app A) = true then pure ()
      else throw (CheckError.invalid "official: non valid occurrence of the datatypes being declared")) =
    Except.ok ()

Note: The target expression is not type-correct under the `implicit` transparency level, which may have triggered the failure. This is usually caused by unfolding of semireducible definitions in prior tactic steps. Use `set_option linter.tacticCheckInstances true` to investigate the source of the issue.
Full error:
  Application type mismatch: The argument
    instDecidableEqBool (!(positiveOracle N).occ (Tree2TowerOfficial.R N 0)) true
  has type
    Decidable ((!(positiveOracle N).occ (Tree2TowerOfficial.R N 0)) = true)
  but is expected to have type
    Decidable ((!(positiveOracle N).occ ((Expr.const Tn []).app A)) = true)
  in the application
    @ite (Except CheckError Unit) ((!(positiveOracle N).occ ((Expr.const Tn []).app A)) = true)
      (instDecidableEqBool (!(positiveOracle N).occ (Tree2TowerOfficial.R N 0)) true)
/Users/danphifer/Documents/Codex/2026-09-30/task-4/tree2-computation/Tree2ArrowTowerOfficial.lean:716:15: error: Tactic `rewrite` failed: motive is not type correct:
  fun _a =>
    (if (!(positiveOracle N).occ ((Expr.const (Tree2TowerOfficial.freshName (N - n✝)) []).app A)) = true then pure ()
      else
        if _a = true then pure ()
        else throw (CheckError.invalid "official: non valid occurrence of the datatypes being declared")) =
      Except.ok ()
Error: Application type mismatch: The argument
  instDecidableEqBool ((positiveOracle N).valid (Tree2TowerOfficial.R N (n✝ + 1))) true
has type
  Decidable ((positiveOracle N).valid (Tree2TowerOfficial.R N (n✝ + 1)) = true)
but is expected to have type
  Decidable (_a = true)
in the application
  @ite (Except CheckError Unit) (_a = true)
    (instDecidableEqBool ((positiveOracle N).valid (Tree2TowerOfficial.R N (n✝ + 1))) true)

Explanation: The rewrite tactic rewrites an expression 'e' using an equality 'a = b' by the following process. First, it looks for all 'a' in 'e'. Second, it tries to abstract these occurrences of 'a' to create a function 'm := fun _a => ...', called the *motive*, with the property that 'm a' is definitionally equal to 'e'. Third, we observe that 'congrArg' implies that 'm a = m b', which can be used with lemmas such as 'Eq.mpr' to change the goal. However, if 'e' depends on specific properties of 'a', then the motive 'm' might not typecheck.

Possible solutions: use rewrite's 'occs' configuration option to limit which occurrences are rewritten, or use 'simp' or 'conv' mode, which have strategies for certain kinds of dependencies (these tactics can handle proofs and 'Decidable' instances whose types depend on the rewritten term, and 'simp' can apply user-defined '@[congr]' theorems as well).

case succ
N f d n✝ : Nat
hj : n✝ + 1 ≤ N
hv : (positiveOracle N).valid ((Expr.const (Tree2TowerOfficial.freshName (N - n✝)) []).app A) = true
⊢ (if (!(positiveOracle N).occ ((Expr.const (Tree2TowerOfficial.freshName (N - n✝)) []).app A)) = true then pure ()
    else
      if (positiveOracle N).valid ((Expr.const (Tree2TowerOfficial.freshName (N - n✝)) []).app A) = true then pure ()
      else throw (CheckError.invalid "official: non valid occurrence of the datatypes being declared")) =
    Except.ok ()

Note: The target expression is not type-correct under the `implicit` transparency level, which may have triggered the failure. This is usually caused by unfolding of semireducible definitions in prior tactic steps. Use `set_option linter.tacticCheckInstances true` to investigate the source of the issue.
Full error:
  Application type mismatch: The argument
    instDecidableEqBool (!(positiveOracle N).occ (Tree2TowerOfficial.R N (n✝ + 1))) true
  has type
    Decidable ((!(positiveOracle N).occ (Tree2TowerOfficial.R N (n✝ + 1))) = true)
  but is expected to have type
    Decidable ((!(positiveOracle N).occ ((Expr.const (Tree2TowerOfficial.freshName (N - n✝)) []).app A)) = true)
  in the application
    @ite (Except CheckError Unit)
      ((!(positiveOracle N).occ ((Expr.const (Tree2TowerOfficial.freshName (N - n✝)) []).app A)) = true)
      (instDecidableEqBool (!(positiveOracle N).occ (Tree2TowerOfficial.R N (n✝ + 1))) true)
'Tree2ArrowTowerOfficial.lowering' depends on axioms: [propext, Classical.choice, Quot.sound]
'Tree2ArrowTowerOfficial.negative_field' depends on axioms: [propext, Classical.choice, Quot.sound]
'Tree2ArrowTowerOfficial.negative_ctor' depends on axioms: [propext, Classical.choice, Quot.sound]
'Tree2ArrowTowerOfficial.acceptance_domain' depends on axioms: [propext, Classical.choice, Quot.sound]
